###############################################################
#  Generated by:      Cadence Innovus 21.35-s114_1
#  OS:                Linux x86_64(Host ID cn95.it.auth.gr)
#  Generated on:      Mon Dec 22 16:28:53 2025
#  Design:            picorv32_wb
#  Command:           report_timing -path_group I2R -check_type setup -max_paths 50 > reports/postCTS/setup_I2R.rpt
###############################################################
Path 1: MET Setup Check with Pin picorv32_core_reg_op2_reg[28]/CK 
Endpoint:   picorv32_core_reg_op2_reg[28]/D (v) checked with  leading edge of 
'clk'
Beginpoint: wb_rst_i                        (^) triggered by  leading edge of 
'clk'
Path Groups: {I2R}
Analysis View: analysis1
Other End Arrival Time         -0.001
- Setup                         0.010
+ Phase Shift                   4.000
- Uncertainty                   0.020
= Required Time                 3.969
- Arrival Time                  1.439
= Slack Time                    2.530
     Clock Rise Edge                      0.000
     + Input Delay                        0.500
     + Drive Adjustment                   0.071
     = Beginpoint Arrival Time            0.571
     +--------------------------------------------------------------------------------------+ 
     |           Instance            |     Arc     |   Cell    | Delay | Arrival | Required | 
     |                               |             |           |       |  Time   |   Time   | 
     |-------------------------------+-------------+-----------+-------+---------+----------| 
     |                               | wb_rst_i ^  |           |       |   0.571 |    3.101 | 
     | FE_OFC3_wb_rst_i              | A ^ -> Y ^  | BUFX2     | 0.118 |   0.688 |    3.219 | 
     | g490                          | A ^ -> Y v  | INVX2     | 0.119 |   0.807 |    3.338 | 
     | picorv32_core_g195312         | B v -> Y ^  | NAND2X1   | 0.051 |   0.858 |    3.388 | 
     | picorv32_core_g194880         | B0 ^ -> Y v | OAI2BB1X1 | 0.097 |   0.955 |    3.485 | 
     | picorv32_core_g194525         | A v -> Y v  | AND2X1    | 0.042 |   0.996 |    3.527 | 
     | picorv32_core_g194004         | B v -> Y v  | AND2X1    | 0.105 |   1.101 |    3.631 | 
     | picorv32_core_g193326         | B1 v -> Y ^ | AOI22X1   | 0.058 |   1.159 |    3.689 | 
     | picorv32_core_g192234         | A ^ -> Y v  | NAND4XL   | 0.086 |   1.245 |    3.775 | 
     | picorv32_core_g191452__6131   | B0 v -> Y ^ | AOI211XL  | 0.066 |   1.311 |    3.842 | 
     | picorv32_core_g190741__1666   | D ^ -> Y v  | NAND4XL   | 0.054 |   1.365 |    3.895 | 
     | picorv32_core_g190699__1705   | B0 v -> Y ^ | AOI21X1   | 0.028 |   1.393 |    3.923 | 
     | picorv32_core_g190585__7482   | D ^ -> Y v  | NAND4XL   | 0.046 |   1.438 |    3.969 | 
     | picorv32_core_reg_op2_reg[28] | D v         | DFFHQX1   | 0.000 |   1.439 |    3.969 | 
     +--------------------------------------------------------------------------------------+ 
Path 2: MET Setup Check with Pin picorv32_core_reg_op2_reg[11]/CK 
Endpoint:   picorv32_core_reg_op2_reg[11]/D (v) checked with  leading edge of 
'clk'
Beginpoint: wb_rst_i                        (^) triggered by  leading edge of 
'clk'
Path Groups: {I2R}
Analysis View: analysis1
Other End Arrival Time          0.003
- Setup                         0.018
+ Phase Shift                   4.000
- Uncertainty                   0.020
= Required Time                 3.965
- Arrival Time                  1.425
= Slack Time                    2.541
     Clock Rise Edge                      0.000
     + Input Delay                        0.500
     + Drive Adjustment                   0.071
     = Beginpoint Arrival Time            0.571
     +--------------------------------------------------------------------------------------+ 
     |           Instance            |     Arc     |   Cell    | Delay | Arrival | Required | 
     |                               |             |           |       |  Time   |   Time   | 
     |-------------------------------+-------------+-----------+-------+---------+----------| 
     |                               | wb_rst_i ^  |           |       |   0.571 |    3.111 | 
     | FE_OFC3_wb_rst_i              | A ^ -> Y ^  | BUFX2     | 0.118 |   0.689 |    3.229 | 
     | g490                          | A ^ -> Y v  | INVX2     | 0.119 |   0.807 |    3.348 | 
     | picorv32_core_g195312         | B v -> Y ^  | NAND2X1   | 0.051 |   0.858 |    3.399 | 
     | picorv32_core_g194880         | B0 ^ -> Y v | OAI2BB1X1 | 0.097 |   0.955 |    3.495 | 
     | picorv32_core_g194523         | AN v -> Y v | NOR2BX1   | 0.044 |   0.998 |    3.539 | 
     | picorv32_core_g194013         | B v -> Y v  | AND2X1    | 0.099 |   1.097 |    3.638 | 
     | picorv32_core_g193149         | B1 v -> Y ^ | AOI22X1   | 0.053 |   1.150 |    3.691 | 
     | picorv32_core_g192203         | C ^ -> Y v  | NAND4XL   | 0.063 |   1.213 |    3.754 | 
     | picorv32_core_g191435__7410   | B0 v -> Y ^ | AOI211XL  | 0.045 |   1.258 |    3.798 | 
     | picorv32_core_g190724__3680   | D ^ -> Y v  | NAND4XL   | 0.051 |   1.309 |    3.849 | 
     | picorv32_core_g190682__9945   | B0 v -> Y ^ | AOI21X1   | 0.027 |   1.335 |    3.876 | 
     | picorv32_core_g190568__2398   | D ^ -> Y v  | NAND4XL   | 0.089 |   1.424 |    3.965 | 
     | picorv32_core_reg_op2_reg[11] | D v         | DFFHQX1   | 0.000 |   1.425 |    3.965 | 
     +--------------------------------------------------------------------------------------+ 
Path 3: MET Setup Check with Pin picorv32_core_reg_op2_reg[31]/CK 
Endpoint:   picorv32_core_reg_op2_reg[31]/D (v) checked with  leading edge of 
'clk'
Beginpoint: wb_rst_i                        (^) triggered by  leading edge of 
'clk'
Path Groups: {I2R}
Analysis View: analysis1
Other End Arrival Time         -0.002
- Setup                         0.018
+ Phase Shift                   4.000
- Uncertainty                   0.020
= Required Time                 3.960
- Arrival Time                  1.420
= Slack Time                    2.541
     Clock Rise Edge                      0.000
     + Input Delay                        0.500
     + Drive Adjustment                   0.071
     = Beginpoint Arrival Time            0.571
     +--------------------------------------------------------------------------------------+ 
     |           Instance            |     Arc     |   Cell    | Delay | Arrival | Required | 
     |                               |             |           |       |  Time   |   Time   | 
     |-------------------------------+-------------+-----------+-------+---------+----------| 
     |                               | wb_rst_i ^  |           |       |   0.571 |    3.111 | 
     | FE_OFC3_wb_rst_i              | A ^ -> Y ^  | BUFX2     | 0.118 |   0.688 |    3.229 | 
     | g490                          | A ^ -> Y v  | INVX2     | 0.119 |   0.807 |    3.348 | 
     | picorv32_core_g195312         | B v -> Y ^  | NAND2X1   | 0.051 |   0.858 |    3.399 | 
     | picorv32_core_g194880         | B0 ^ -> Y v | OAI2BB1X1 | 0.097 |   0.955 |    3.495 | 
     | picorv32_core_g194523         | AN v -> Y v | NOR2BX1   | 0.044 |   0.998 |    3.539 | 
     | picorv32_core_g193998         | B v -> Y v  | AND2X1    | 0.099 |   1.097 |    3.638 | 
     | picorv32_core_g193355         | B1 v -> Y ^ | AOI22X1   | 0.053 |   1.150 |    3.691 | 
     | picorv32_core_g192241         | C ^ -> Y v  | NAND4XL   | 0.050 |   1.201 |    3.741 | 
     | picorv32_core_g191455__7482   | B0 v -> Y ^ | AOI211XL  | 0.043 |   1.244 |    3.784 | 
     | picorv32_core_g190744__5477   | D ^ -> Y v  | NAND4XL   | 0.055 |   1.299 |    3.840 | 
     | picorv32_core_g190702__7098   | B0 v -> Y ^ | AOI21X1   | 0.029 |   1.328 |    3.869 | 
     | picorv32_core_g190547__3680   | D ^ -> Y v  | NAND4XL   | 0.091 |   1.419 |    3.960 | 
     | picorv32_core_reg_op2_reg[31] | D v         | DFFHQX1   | 0.000 |   1.420 |    3.960 | 
     +--------------------------------------------------------------------------------------+ 
Path 4: MET Setup Check with Pin picorv32_core_reg_op2_reg[26]/CK 
Endpoint:   picorv32_core_reg_op2_reg[26]/D (v) checked with  leading edge of 
'clk'
Beginpoint: wb_rst_i                        (^) triggered by  leading edge of 
'clk'
Path Groups: {I2R}
Analysis View: analysis1
Other End Arrival Time         -0.001
- Setup                         0.013
+ Phase Shift                   4.000
- Uncertainty                   0.020
= Required Time                 3.966
- Arrival Time                  1.424
= Slack Time                    2.542
     Clock Rise Edge                      0.000
     + Input Delay                        0.500
     + Drive Adjustment                   0.071
     = Beginpoint Arrival Time            0.571
     +--------------------------------------------------------------------------------------+ 
     |           Instance            |     Arc     |   Cell    | Delay | Arrival | Required | 
     |                               |             |           |       |  Time   |   Time   | 
     |-------------------------------+-------------+-----------+-------+---------+----------| 
     |                               | wb_rst_i ^  |           |       |   0.571 |    3.113 | 
     | FE_OFC3_wb_rst_i              | A ^ -> Y ^  | BUFX2     | 0.118 |   0.689 |    3.231 | 
     | g490                          | A ^ -> Y v  | INVX2     | 0.119 |   0.807 |    3.349 | 
     | picorv32_core_g195312         | B v -> Y ^  | NAND2X1   | 0.051 |   0.858 |    3.400 | 
     | picorv32_core_g194880         | B0 ^ -> Y v | OAI2BB1X1 | 0.097 |   0.955 |    3.497 | 
     | picorv32_core_g194523         | AN v -> Y v | NOR2BX1   | 0.044 |   0.998 |    3.540 | 
     | picorv32_core_g193992         | B v -> Y v  | AND2X1    | 0.101 |   1.100 |    3.642 | 
     | picorv32_core_g192916         | A1 v -> Y ^ | AOI22X1   | 0.060 |   1.160 |    3.702 | 
     | picorv32_core_g192231         | C ^ -> Y v  | NAND4XL   | 0.069 |   1.229 |    3.771 | 
     | picorv32_core_g191450__8246   | C0 v -> Y ^ | AOI211XL  | 0.060 |   1.290 |    3.832 | 
     | picorv32_core_g190739__2883   | D ^ -> Y v  | NAND4XL   | 0.051 |   1.340 |    3.882 | 
     | picorv32_core_g190697__1617   | B0 v -> Y ^ | AOI21X1   | 0.024 |   1.365 |    3.907 | 
     | picorv32_core_g190583__1881   | D ^ -> Y v  | NAND4XL   | 0.059 |   1.424 |    3.966 | 
     | picorv32_core_reg_op2_reg[26] | D v         | DFFHQX1   | 0.000 |   1.424 |    3.966 | 
     +--------------------------------------------------------------------------------------+ 
Path 5: MET Setup Check with Pin picorv32_core_reg_op2_reg[29]/CK 
Endpoint:   picorv32_core_reg_op2_reg[29]/D (v) checked with  leading edge of 
'clk'
Beginpoint: wb_rst_i                        (^) triggered by  leading edge of 
'clk'
Path Groups: {I2R}
Analysis View: analysis1
Other End Arrival Time          0.002
- Setup                         0.015
+ Phase Shift                   4.000
- Uncertainty                   0.020
= Required Time                 3.967
- Arrival Time                  1.424
= Slack Time                    2.543
     Clock Rise Edge                      0.000
     + Input Delay                        0.500
     + Drive Adjustment                   0.071
     = Beginpoint Arrival Time            0.571
     +--------------------------------------------------------------------------------------+ 
     |           Instance            |     Arc     |   Cell    | Delay | Arrival | Required | 
     |                               |             |           |       |  Time   |   Time   | 
     |-------------------------------+-------------+-----------+-------+---------+----------| 
     |                               | wb_rst_i ^  |           |       |   0.571 |    3.114 | 
     | FE_OFC3_wb_rst_i              | A ^ -> Y ^  | BUFX2     | 0.118 |   0.689 |    3.232 | 
     | g490                          | A ^ -> Y v  | INVX2     | 0.119 |   0.807 |    3.351 | 
     | picorv32_core_g195312         | B v -> Y ^  | NAND2X1   | 0.051 |   0.858 |    3.401 | 
     | picorv32_core_g194880         | B0 ^ -> Y v | OAI2BB1X1 | 0.097 |   0.955 |    3.498 | 
     | picorv32_core_g194523         | AN v -> Y v | NOR2BX1   | 0.044 |   0.998 |    3.542 | 
     | picorv32_core_g194013         | B v -> Y v  | AND2X1    | 0.099 |   1.097 |    3.640 | 
     | picorv32_core_g193334         | B1 v -> Y ^ | AOI22X1   | 0.056 |   1.153 |    3.696 | 
     | picorv32_core_g192236         | B ^ -> Y v  | NAND4XL   | 0.058 |   1.212 |    3.755 | 
     | picorv32_core_g191453__1881   | C0 v -> Y ^ | AOI211XL  | 0.061 |   1.273 |    3.816 | 
     | picorv32_core_g190742__7410   | D ^ -> Y v  | NAND4XL   | 0.052 |   1.325 |    3.868 | 
     | picorv32_core_g190700__5122   | B0 v -> Y ^ | AOI21X1   | 0.025 |   1.349 |    3.892 | 
     | picorv32_core_g190586__4733   | D ^ -> Y v  | NAND4XL   | 0.074 |   1.424 |    3.967 | 
     | picorv32_core_reg_op2_reg[29] | D v         | DFFHQX1   | 0.000 |   1.424 |    3.967 | 
     +--------------------------------------------------------------------------------------+ 
Path 6: MET Setup Check with Pin picorv32_core_reg_op2_reg[7]/CK 
Endpoint:   picorv32_core_reg_op2_reg[7]/D (v) checked with  leading edge of 
'clk'
Beginpoint: wb_rst_i                       (^) triggered by  leading edge of 
'clk'
Path Groups: {I2R}
Analysis View: analysis1
Other End Arrival Time          0.004
- Setup                         0.012
+ Phase Shift                   4.000
- Uncertainty                   0.020
= Required Time                 3.972
- Arrival Time                  1.428
= Slack Time                    2.544
     Clock Rise Edge                      0.000
     + Input Delay                        0.500
     + Drive Adjustment                   0.071
     = Beginpoint Arrival Time            0.571
     +-------------------------------------------------------------------------------------+ 
     |           Instance           |     Arc     |   Cell    | Delay | Arrival | Required | 
     |                              |             |           |       |  Time   |   Time   | 
     |------------------------------+-------------+-----------+-------+---------+----------| 
     |                              | wb_rst_i ^  |           |       |   0.571 |    3.115 | 
     | FE_OFC3_wb_rst_i             | A ^ -> Y ^  | BUFX2     | 0.118 |   0.688 |    3.233 | 
     | g490                         | A ^ -> Y v  | INVX2     | 0.119 |   0.807 |    3.351 | 
     | picorv32_core_g195312        | B v -> Y ^  | NAND2X1   | 0.051 |   0.858 |    3.402 | 
     | picorv32_core_g194880        | B0 ^ -> Y v | OAI2BB1X1 | 0.097 |   0.955 |    3.499 | 
     | picorv32_core_g194525        | A v -> Y v  | AND2X1    | 0.042 |   0.996 |    3.540 | 
     | picorv32_core_g194004        | B v -> Y v  | AND2X1    | 0.105 |   1.101 |    3.645 | 
     | picorv32_core_g193105        | B1 v -> Y ^ | AOI22X1   | 0.061 |   1.162 |    3.706 | 
     | picorv32_core_g192195        | A ^ -> Y v  | NAND4XL   | 0.048 |   1.210 |    3.754 | 
     | picorv32_core_g191431__9945  | B0 v -> Y ^ | AOI211XL  | 0.071 |   1.280 |    3.824 | 
     | picorv32_core_g190720__4319  | D ^ -> Y v  | NAND4XL   | 0.066 |   1.346 |    3.890 | 
     | picorv32_core_g190678__7482  | B0 v -> Y ^ | AOI21X1   | 0.028 |   1.375 |    3.919 | 
     | picorv32_core_g190564__1666  | D ^ -> Y v  | NAND4XL   | 0.053 |   1.428 |    3.972 | 
     | picorv32_core_reg_op2_reg[7] | D v         | DFFHQX1   | 0.000 |   1.428 |    3.972 | 
     +-------------------------------------------------------------------------------------+ 
Path 7: MET Setup Check with Pin picorv32_core_reg_op2_reg[22]/CK 
Endpoint:   picorv32_core_reg_op2_reg[22]/D (v) checked with  leading edge of 
'clk'
Beginpoint: wb_rst_i                        (^) triggered by  leading edge of 
'clk'
Path Groups: {I2R}
Analysis View: analysis1
Other End Arrival Time         -0.001
- Setup                         0.015
+ Phase Shift                   4.000
- Uncertainty                   0.020
= Required Time                 3.964
- Arrival Time                  1.418
= Slack Time                    2.546
     Clock Rise Edge                      0.000
     + Input Delay                        0.500
     + Drive Adjustment                   0.071
     = Beginpoint Arrival Time            0.571
     +--------------------------------------------------------------------------------------+ 
     |           Instance            |     Arc     |   Cell    | Delay | Arrival | Required | 
     |                               |             |           |       |  Time   |   Time   | 
     |-------------------------------+-------------+-----------+-------+---------+----------| 
     |                               | wb_rst_i ^  |           |       |   0.571 |    3.117 | 
     | FE_OFC3_wb_rst_i              | A ^ -> Y ^  | BUFX2     | 0.118 |   0.689 |    3.234 | 
     | g490                          | A ^ -> Y v  | INVX2     | 0.119 |   0.807 |    3.353 | 
     | picorv32_core_g195312         | B v -> Y ^  | NAND2X1   | 0.051 |   0.858 |    3.404 | 
     | picorv32_core_g194880         | B0 ^ -> Y v | OAI2BB1X1 | 0.097 |   0.955 |    3.501 | 
     | picorv32_core_g194523         | AN v -> Y v | NOR2BX1   | 0.044 |   0.998 |    3.544 | 
     | picorv32_core_g194013         | B v -> Y v  | AND2X1    | 0.099 |   1.097 |    3.643 | 
     | picorv32_core_g193266         | B1 v -> Y ^ | AOI22X1   | 0.059 |   1.156 |    3.702 | 
     | picorv32_core_g192222         | B ^ -> Y v  | NAND4XL   | 0.058 |   1.214 |    3.760 | 
     | picorv32_core_g191446__1617   | C0 v -> Y ^ | AOI211XL  | 0.046 |   1.260 |    3.806 | 
     | picorv32_core_g190735__4733   | D ^ -> Y v  | NAND4XL   | 0.050 |   1.310 |    3.856 | 
     | picorv32_core_g190693__8428   | B0 v -> Y ^ | AOI21X1   | 0.030 |   1.339 |    3.885 | 
     | picorv32_core_g190579__5122   | D ^ -> Y v  | NAND4XL   | 0.078 |   1.417 |    3.963 | 
     | picorv32_core_reg_op2_reg[22] | D v         | DFFHQX1   | 0.000 |   1.418 |    3.964 | 
     +--------------------------------------------------------------------------------------+ 
Path 8: MET Setup Check with Pin picorv32_core_reg_op2_reg[30]/CK 
Endpoint:   picorv32_core_reg_op2_reg[30]/D (v) checked with  leading edge of 
'clk'
Beginpoint: wb_rst_i                        (^) triggered by  leading edge of 
'clk'
Path Groups: {I2R}
Analysis View: analysis1
Other End Arrival Time         -0.001
- Setup                         0.010
+ Phase Shift                   4.000
- Uncertainty                   0.020
= Required Time                 3.969
- Arrival Time                  1.419
= Slack Time                    2.549
     Clock Rise Edge                      0.000
     + Input Delay                        0.500
     + Drive Adjustment                   0.071
     = Beginpoint Arrival Time            0.571
     +--------------------------------------------------------------------------------------+ 
     |           Instance            |     Arc     |   Cell    | Delay | Arrival | Required | 
     |                               |             |           |       |  Time   |   Time   | 
     |-------------------------------+-------------+-----------+-------+---------+----------| 
     |                               | wb_rst_i ^  |           |       |   0.571 |    3.120 | 
     | FE_OFC3_wb_rst_i              | A ^ -> Y ^  | BUFX2     | 0.118 |   0.689 |    3.238 | 
     | g490                          | A ^ -> Y v  | INVX2     | 0.119 |   0.807 |    3.357 | 
     | picorv32_core_g195312         | B v -> Y ^  | NAND2X1   | 0.051 |   0.858 |    3.407 | 
     | picorv32_core_g194880         | B0 ^ -> Y v | OAI2BB1X1 | 0.097 |   0.955 |    3.504 | 
     | picorv32_core_g194525         | A v -> Y v  | AND2X1    | 0.042 |   0.996 |    3.546 | 
     | picorv32_core_g194004         | B v -> Y v  | AND2X1    | 0.105 |   1.101 |    3.650 | 
     | picorv32_core_g193344         | B1 v -> Y ^ | AOI22X1   | 0.062 |   1.163 |    3.712 | 
     | picorv32_core_g192238         | B ^ -> Y v  | NAND4XL   | 0.058 |   1.221 |    3.770 | 
     | picorv32_core_g191454__5115   | B0 v -> Y ^ | AOI211XL  | 0.065 |   1.286 |    3.835 | 
     | picorv32_core_g190743__6417   | D ^ -> Y v  | NAND4XL   | 0.062 |   1.348 |    3.897 | 
     | picorv32_core_g190701__8246   | B0 v -> Y ^ | AOI21X1   | 0.028 |   1.376 |    3.925 | 
     | picorv32_core_g190587__6161   | D ^ -> Y v  | NAND4XL   | 0.044 |   1.419 |    3.969 | 
     | picorv32_core_reg_op2_reg[30] | D v         | DFFHQX1   | 0.000 |   1.419 |    3.969 | 
     +--------------------------------------------------------------------------------------+ 
Path 9: MET Setup Check with Pin picorv32_core_reg_op2_reg[15]/CK 
Endpoint:   picorv32_core_reg_op2_reg[15]/D (v) checked with  leading edge of 
'clk'
Beginpoint: wb_rst_i                        (^) triggered by  leading edge of 
'clk'
Path Groups: {I2R}
Analysis View: analysis1
Other End Arrival Time          0.000
- Setup                         0.017
+ Phase Shift                   4.000
- Uncertainty                   0.020
= Required Time                 3.963
- Arrival Time                  1.413
= Slack Time                    2.550
     Clock Rise Edge                      0.000
     + Input Delay                        0.500
     + Drive Adjustment                   0.071
     = Beginpoint Arrival Time            0.571
     +--------------------------------------------------------------------------------------+ 
     |           Instance            |     Arc     |   Cell    | Delay | Arrival | Required | 
     |                               |             |           |       |  Time   |   Time   | 
     |-------------------------------+-------------+-----------+-------+---------+----------| 
     |                               | wb_rst_i ^  |           |       |   0.571 |    3.120 | 
     | FE_OFC3_wb_rst_i              | A ^ -> Y ^  | BUFX2     | 0.118 |   0.689 |    3.238 | 
     | g490                          | A ^ -> Y v  | INVX2     | 0.119 |   0.807 |    3.357 | 
     | picorv32_core_g195312         | B v -> Y ^  | NAND2X1   | 0.051 |   0.858 |    3.408 | 
     | picorv32_core_g194880         | B0 ^ -> Y v | OAI2BB1X1 | 0.097 |   0.955 |    3.504 | 
     | picorv32_core_g194523         | AN v -> Y v | NOR2BX1   | 0.044 |   0.998 |    3.548 | 
     | picorv32_core_g194013         | B v -> Y v  | AND2X1    | 0.099 |   1.097 |    3.647 | 
     | picorv32_core_g193193         | B1 v -> Y ^ | AOI22X1   | 0.053 |   1.150 |    3.699 | 
     | picorv32_core_g192227         | C ^ -> Y v  | NAND4XL   | 0.062 |   1.211 |    3.761 | 
     | picorv32_core_g191439__5107   | B0 v -> Y ^ | AOI211XL  | 0.044 |   1.256 |    3.805 | 
     | picorv32_core_g190728__5122   | D ^ -> Y v  | NAND4XL   | 0.045 |   1.301 |    3.850 | 
     | picorv32_core_g190686__7410   | B0 v -> Y ^ | AOI21X1   | 0.025 |   1.325 |    3.875 | 
     | picorv32_core_g190572__8428   | D ^ -> Y v  | NAND4XL   | 0.087 |   1.412 |    3.962 | 
     | picorv32_core_reg_op2_reg[15] | D v         | DFFHQX1   | 0.000 |   1.413 |    3.963 | 
     +--------------------------------------------------------------------------------------+ 
Path 10: MET Setup Check with Pin picorv32_core_reg_op2_reg[18]/CK 
Endpoint:   picorv32_core_reg_op2_reg[18]/D (v) checked with  leading edge of 
'clk'
Beginpoint: wb_rst_i                        (^) triggered by  leading edge of 
'clk'
Path Groups: {I2R}
Analysis View: analysis1
Other End Arrival Time          0.000
- Setup                         0.017
+ Phase Shift                   4.000
- Uncertainty                   0.020
= Required Time                 3.963
- Arrival Time                  1.413
= Slack Time                    2.551
     Clock Rise Edge                      0.000
     + Input Delay                        0.500
     + Drive Adjustment                   0.071
     = Beginpoint Arrival Time            0.571
     +--------------------------------------------------------------------------------------+ 
     |           Instance            |     Arc     |   Cell    | Delay | Arrival | Required | 
     |                               |             |           |       |  Time   |   Time   | 
     |-------------------------------+-------------+-----------+-------+---------+----------| 
     |                               | wb_rst_i ^  |           |       |   0.571 |    3.121 | 
     | FE_OFC3_wb_rst_i              | A ^ -> Y ^  | BUFX2     | 0.118 |   0.689 |    3.239 | 
     | g490                          | A ^ -> Y v  | INVX2     | 0.119 |   0.807 |    3.358 | 
     | picorv32_core_g195312         | B v -> Y ^  | NAND2X1   | 0.051 |   0.858 |    3.409 | 
     | picorv32_core_g194880         | B0 ^ -> Y v | OAI2BB1X1 | 0.097 |   0.955 |    3.505 | 
     | picorv32_core_g194523         | AN v -> Y v | NOR2BX1   | 0.044 |   0.998 |    3.549 | 
     | picorv32_core_g194013         | B v -> Y v  | AND2X1    | 0.099 |   1.097 |    3.648 | 
     | picorv32_core_g193227         | B1 v -> Y ^ | AOI22X1   | 0.054 |   1.151 |    3.702 | 
     | picorv32_core_g192216         | D ^ -> Y v  | NAND4XL   | 0.059 |   1.210 |    3.761 | 
     | picorv32_core_g191442__8428   | B0 v -> Y ^ | AOI211XL  | 0.053 |   1.263 |    3.813 | 
     | picorv32_core_g190731__6131   | D ^ -> Y v  | NAND4XL   | 0.041 |   1.304 |    3.855 | 
     | picorv32_core_g190689__2398   | B0 v -> Y ^ | AOI21X1   | 0.022 |   1.326 |    3.876 | 
     | picorv32_core_g190575__3680   | D ^ -> Y v  | NAND4XL   | 0.086 |   1.412 |    3.963 | 
     | picorv32_core_reg_op2_reg[18] | D v         | DFFHQX1   | 0.000 |   1.413 |    3.963 | 
     +--------------------------------------------------------------------------------------+ 
Path 11: MET Setup Check with Pin picorv32_core_reg_op2_reg[20]/CK 
Endpoint:   picorv32_core_reg_op2_reg[20]/D (v) checked with  leading edge of 
'clk'
Beginpoint: wb_rst_i                        (^) triggered by  leading edge of 
'clk'
Path Groups: {I2R}
Analysis View: analysis1
Other End Arrival Time          0.002
- Setup                         0.015
+ Phase Shift                   4.000
- Uncertainty                   0.020
= Required Time                 3.967
- Arrival Time                  1.413
= Slack Time                    2.554
     Clock Rise Edge                      0.000
     + Input Delay                        0.500
     + Drive Adjustment                   0.071
     = Beginpoint Arrival Time            0.571
     +--------------------------------------------------------------------------------------+ 
     |           Instance            |     Arc     |   Cell    | Delay | Arrival | Required | 
     |                               |             |           |       |  Time   |   Time   | 
     |-------------------------------+-------------+-----------+-------+---------+----------| 
     |                               | wb_rst_i ^  |           |       |   0.571 |    3.125 | 
     | FE_OFC3_wb_rst_i              | A ^ -> Y ^  | BUFX2     | 0.118 |   0.688 |    3.243 | 
     | g490                          | A ^ -> Y v  | INVX2     | 0.119 |   0.807 |    3.361 | 
     | picorv32_core_g195312         | B v -> Y ^  | NAND2X1   | 0.051 |   0.858 |    3.412 | 
     | picorv32_core_g194880         | B0 ^ -> Y v | OAI2BB1X1 | 0.097 |   0.955 |    3.509 | 
     | picorv32_core_g194523         | AN v -> Y v | NOR2BX1   | 0.044 |   0.998 |    3.552 | 
     | picorv32_core_g193998         | B v -> Y v  | AND2X1    | 0.099 |   1.097 |    3.651 | 
     | picorv32_core_g193244         | B1 v -> Y ^ | AOI22X1   | 0.054 |   1.151 |    3.705 | 
     | picorv32_core_g192190         | C ^ -> Y v  | NAND4XL   | 0.051 |   1.202 |    3.756 | 
     | picorv32_core_g191444__6783   | C0 v -> Y ^ | AOI211XL  | 0.060 |   1.262 |    3.816 | 
     | picorv32_core_g190733__5115   | D ^ -> Y v  | NAND4XL   | 0.049 |   1.310 |    3.864 | 
     | picorv32_core_g190691__6260   | B0 v -> Y ^ | AOI21X1   | 0.026 |   1.336 |    3.890 | 
     | picorv32_core_g190577__2802   | D ^ -> Y v  | NAND4XL   | 0.077 |   1.412 |    3.967 | 
     | picorv32_core_reg_op2_reg[20] | D v         | DFFHQX1   | 0.000 |   1.413 |    3.967 | 
     +--------------------------------------------------------------------------------------+ 
Path 12: MET Setup Check with Pin picorv32_core_reg_op2_reg[10]/CK 
Endpoint:   picorv32_core_reg_op2_reg[10]/D (v) checked with  leading edge of 
'clk'
Beginpoint: wb_rst_i                        (^) triggered by  leading edge of 
'clk'
Path Groups: {I2R}
Analysis View: analysis1
Other End Arrival Time          0.003
- Setup                         0.015
+ Phase Shift                   4.000
- Uncertainty                   0.020
= Required Time                 3.968
- Arrival Time                  1.411
= Slack Time                    2.557
     Clock Rise Edge                      0.000
     + Input Delay                        0.500
     + Drive Adjustment                   0.071
     = Beginpoint Arrival Time            0.571
     +--------------------------------------------------------------------------------------+ 
     |           Instance            |     Arc     |   Cell    | Delay | Arrival | Required | 
     |                               |             |           |       |  Time   |   Time   | 
     |-------------------------------+-------------+-----------+-------+---------+----------| 
     |                               | wb_rst_i ^  |           |       |   0.571 |    3.128 | 
     | FE_OFC3_wb_rst_i              | A ^ -> Y ^  | BUFX2     | 0.118 |   0.689 |    3.246 | 
     | g490                          | A ^ -> Y v  | INVX2     | 0.119 |   0.807 |    3.365 | 
     | picorv32_core_g195312         | B v -> Y ^  | NAND2X1   | 0.051 |   0.858 |    3.415 | 
     | picorv32_core_g194880         | B0 ^ -> Y v | OAI2BB1X1 | 0.097 |   0.955 |    3.512 | 
     | picorv32_core_g194523         | AN v -> Y v | NOR2BX1   | 0.044 |   0.998 |    3.556 | 
     | picorv32_core_g194013         | B v -> Y v  | AND2X1    | 0.099 |   1.097 |    3.654 | 
     | picorv32_core_g193138         | B1 v -> Y ^ | AOI22X1   | 0.054 |   1.151 |    3.708 | 
     | picorv32_core_g192201         | B ^ -> Y v  | NAND4XL   | 0.062 |   1.212 |    3.770 | 
     | picorv32_core_g191434__1666   | C0 v -> Y ^ | AOI211XL  | 0.057 |   1.270 |    3.827 | 
     | picorv32_core_g190723__6783   | D ^ -> Y v  | NAND4XL   | 0.045 |   1.315 |    3.872 | 
     | picorv32_core_g190681__9315   | B0 v -> Y ^ | AOI21X1   | 0.022 |   1.337 |    3.894 | 
     | picorv32_core_g190567__5477   | D ^ -> Y v  | NAND4XL   | 0.073 |   1.410 |    3.967 | 
     | picorv32_core_reg_op2_reg[10] | D v         | DFFHQX1   | 0.000 |   1.411 |    3.968 | 
     +--------------------------------------------------------------------------------------+ 
Path 13: MET Setup Check with Pin picorv32_core_reg_op2_reg[9]/CK 
Endpoint:   picorv32_core_reg_op2_reg[9]/D (v) checked with  leading edge of 
'clk'
Beginpoint: wb_rst_i                       (^) triggered by  leading edge of 
'clk'
Path Groups: {I2R}
Analysis View: analysis1
Other End Arrival Time         -0.001
- Setup                         0.015
+ Phase Shift                   4.000
- Uncertainty                   0.020
= Required Time                 3.964
- Arrival Time                  1.406
= Slack Time                    2.558
     Clock Rise Edge                      0.000
     + Input Delay                        0.500
     + Drive Adjustment                   0.071
     = Beginpoint Arrival Time            0.571
     +-------------------------------------------------------------------------------------+ 
     |           Instance           |     Arc     |   Cell    | Delay | Arrival | Required | 
     |                              |             |           |       |  Time   |   Time   | 
     |------------------------------+-------------+-----------+-------+---------+----------| 
     |                              | wb_rst_i ^  |           |       |   0.571 |    3.129 | 
     | FE_OFC3_wb_rst_i             | A ^ -> Y ^  | BUFX2     | 0.118 |   0.688 |    3.246 | 
     | g490                         | A ^ -> Y v  | INVX2     | 0.119 |   0.807 |    3.365 | 
     | picorv32_core_g195312        | B v -> Y ^  | NAND2X1   | 0.051 |   0.858 |    3.416 | 
     | picorv32_core_g194880        | B0 ^ -> Y v | OAI2BB1X1 | 0.097 |   0.955 |    3.513 | 
     | picorv32_core_g194523        | AN v -> Y v | NOR2BX1   | 0.044 |   0.998 |    3.556 | 
     | picorv32_core_g193998        | B v -> Y v  | AND2X1    | 0.099 |   1.097 |    3.655 | 
     | picorv32_core_g193127        | B1 v -> Y ^ | AOI22X1   | 0.054 |   1.151 |    3.709 | 
     | picorv32_core_g192199        | B ^ -> Y v  | NAND4XL   | 0.058 |   1.208 |    3.766 | 
     | picorv32_core_g191433__2346  | C0 v -> Y ^ | AOI211XL  | 0.056 |   1.264 |    3.822 | 
     | picorv32_core_g190722__5526  | D ^ -> Y v  | NAND4XL   | 0.044 |   1.308 |    3.866 | 
     | picorv32_core_g190680__6161  | B0 v -> Y ^ | AOI21X1   | 0.023 |   1.331 |    3.889 | 
     | picorv32_core_g190565__7410  | D ^ -> Y v  | NAND4XL   | 0.074 |   1.405 |    3.963 | 
     | picorv32_core_reg_op2_reg[9] | D v         | DFFHQX1   | 0.000 |   1.406 |    3.964 | 
     +-------------------------------------------------------------------------------------+ 
Path 14: MET Setup Check with Pin picorv32_core_reg_op2_reg[14]/CK 
Endpoint:   picorv32_core_reg_op2_reg[14]/D (v) checked with  leading edge of 
'clk'
Beginpoint: wb_rst_i                        (^) triggered by  leading edge of 
'clk'
Path Groups: {I2R}
Analysis View: analysis1
Other End Arrival Time          0.000
- Setup                         0.015
+ Phase Shift                   4.000
- Uncertainty                   0.020
= Required Time                 3.965
- Arrival Time                  1.401
= Slack Time                    2.565
     Clock Rise Edge                      0.000
     + Input Delay                        0.500
     + Drive Adjustment                   0.071
     = Beginpoint Arrival Time            0.571
     +--------------------------------------------------------------------------------------+ 
     |           Instance            |     Arc     |   Cell    | Delay | Arrival | Required | 
     |                               |             |           |       |  Time   |   Time   | 
     |-------------------------------+-------------+-----------+-------+---------+----------| 
     |                               | wb_rst_i ^  |           |       |   0.571 |    3.135 | 
     | FE_OFC3_wb_rst_i              | A ^ -> Y ^  | BUFX2     | 0.118 |   0.689 |    3.253 | 
     | g490                          | A ^ -> Y v  | INVX2     | 0.119 |   0.807 |    3.372 | 
     | picorv32_core_g195312         | B v -> Y ^  | NAND2X1   | 0.051 |   0.858 |    3.423 | 
     | picorv32_core_g194880         | B0 ^ -> Y v | OAI2BB1X1 | 0.097 |   0.955 |    3.519 | 
     | picorv32_core_g194523         | AN v -> Y v | NOR2BX1   | 0.044 |   0.998 |    3.563 | 
     | picorv32_core_g194013         | B v -> Y v  | AND2X1    | 0.099 |   1.097 |    3.662 | 
     | picorv32_core_g193182         | B1 v -> Y ^ | AOI22X1   | 0.053 |   1.150 |    3.715 | 
     | picorv32_core_g192209         | C ^ -> Y v  | NAND4XL   | 0.059 |   1.209 |    3.773 | 
     | picorv32_core_g191438__2398   | C0 v -> Y ^ | AOI211XL  | 0.057 |   1.266 |    3.831 | 
     | picorv32_core_g190727__1705   | D ^ -> Y v  | NAND4XL   | 0.041 |   1.307 |    3.872 | 
     | picorv32_core_g190685__1666   | B0 v -> Y ^ | AOI21X1   | 0.020 |   1.328 |    3.892 | 
     | picorv32_core_g190571__4319   | D ^ -> Y v  | NAND4XL   | 0.073 |   1.400 |    3.965 | 
     | picorv32_core_reg_op2_reg[14] | D v         | DFFHQX1   | 0.000 |   1.401 |    3.965 | 
     +--------------------------------------------------------------------------------------+ 
Path 15: MET Setup Check with Pin picorv32_core_reg_op2_reg[8]/CK 
Endpoint:   picorv32_core_reg_op2_reg[8]/D (v) checked with  leading edge of 
'clk'
Beginpoint: wb_rst_i                       (^) triggered by  leading edge of 
'clk'
Path Groups: {I2R}
Analysis View: analysis1
Other End Arrival Time          0.003
- Setup                         0.012
+ Phase Shift                   4.000
- Uncertainty                   0.020
= Required Time                 3.971
- Arrival Time                  1.406
= Slack Time                    2.565
     Clock Rise Edge                      0.000
     + Input Delay                        0.500
     + Drive Adjustment                   0.071
     = Beginpoint Arrival Time            0.571
     +-------------------------------------------------------------------------------------+ 
     |           Instance           |     Arc     |   Cell    | Delay | Arrival | Required | 
     |                              |             |           |       |  Time   |   Time   | 
     |------------------------------+-------------+-----------+-------+---------+----------| 
     |                              | wb_rst_i ^  |           |       |   0.571 |    3.136 | 
     | FE_OFC3_wb_rst_i             | A ^ -> Y ^  | BUFX2     | 0.118 |   0.688 |    3.254 | 
     | g490                         | A ^ -> Y v  | INVX2     | 0.119 |   0.807 |    3.372 | 
     | picorv32_core_g195312        | B v -> Y ^  | NAND2X1   | 0.051 |   0.858 |    3.423 | 
     | picorv32_core_g194880        | B0 ^ -> Y v | OAI2BB1X1 | 0.097 |   0.955 |    3.520 | 
     | picorv32_core_g194525        | A v -> Y v  | AND2X1    | 0.042 |   0.996 |    3.561 | 
     | picorv32_core_g194004        | B v -> Y v  | AND2X1    | 0.105 |   1.101 |    3.666 | 
     | picorv32_core_g193112        | B1 v -> Y ^ | AOI22X1   | 0.060 |   1.161 |    3.726 | 
     | picorv32_core_g192197        | D ^ -> Y v  | NAND4XL   | 0.047 |   1.208 |    3.773 | 
     | picorv32_core_g191432__2883  | B0 v -> Y ^ | AOI211XL  | 0.062 |   1.270 |    3.835 | 
     | picorv32_core_g190721__8428  | D ^ -> Y v  | NAND4XL   | 0.057 |   1.327 |    3.892 | 
     | picorv32_core_g190679__4733  | B0 v -> Y ^ | AOI21X1   | 0.026 |   1.353 |    3.918 | 
     | picorv32_core_g190566__6417  | D ^ -> Y v  | NAND4XL   | 0.053 |   1.406 |    3.971 | 
     | picorv32_core_reg_op2_reg[8] | D v         | DFFHQX1   | 0.000 |   1.406 |    3.971 | 
     +-------------------------------------------------------------------------------------+ 
Path 16: MET Setup Check with Pin picorv32_core_reg_op2_reg[17]/CK 
Endpoint:   picorv32_core_reg_op2_reg[17]/D (v) checked with  leading edge of 
'clk'
Beginpoint: wb_rst_i                        (^) triggered by  leading edge of 
'clk'
Path Groups: {I2R}
Analysis View: analysis1
Other End Arrival Time          0.000
- Setup                         0.014
+ Phase Shift                   4.000
- Uncertainty                   0.020
= Required Time                 3.966
- Arrival Time                  1.396
= Slack Time                    2.570
     Clock Rise Edge                      0.000
     + Input Delay                        0.500
     + Drive Adjustment                   0.071
     = Beginpoint Arrival Time            0.571
     +--------------------------------------------------------------------------------------+ 
     |           Instance            |     Arc     |   Cell    | Delay | Arrival | Required | 
     |                               |             |           |       |  Time   |   Time   | 
     |-------------------------------+-------------+-----------+-------+---------+----------| 
     |                               | wb_rst_i ^  |           |       |   0.571 |    3.140 | 
     | FE_OFC3_wb_rst_i              | A ^ -> Y ^  | BUFX2     | 0.118 |   0.689 |    3.258 | 
     | g490                          | A ^ -> Y v  | INVX2     | 0.119 |   0.807 |    3.377 | 
     | picorv32_core_g195312         | B v -> Y ^  | NAND2X1   | 0.051 |   0.858 |    3.428 | 
     | picorv32_core_g194880         | B0 ^ -> Y v | OAI2BB1X1 | 0.097 |   0.955 |    3.525 | 
     | picorv32_core_g194523         | AN v -> Y v | NOR2BX1   | 0.044 |   0.998 |    3.568 | 
     | picorv32_core_g193998         | B v -> Y v  | AND2X1    | 0.099 |   1.097 |    3.667 | 
     | picorv32_core_g193218         | B1 v -> Y ^ | AOI22X1   | 0.053 |   1.151 |    3.720 | 
     | picorv32_core_g192214         | C ^ -> Y v  | NAND4XL   | 0.057 |   1.207 |    3.777 | 
     | picorv32_core_g191441__4319   | C0 v -> Y ^ | AOI211XL  | 0.054 |   1.261 |    3.831 | 
     | picorv32_core_g190730__7098   | D ^ -> Y v  | NAND4XL   | 0.045 |   1.306 |    3.876 | 
     | picorv32_core_g190688__5477   | B0 v -> Y ^ | AOI21X1   | 0.023 |   1.329 |    3.899 | 
     | picorv32_core_g190574__6783   | D ^ -> Y v  | NAND4XL   | 0.067 |   1.396 |    3.966 | 
     | picorv32_core_reg_op2_reg[17] | D v         | DFFHQX1   | 0.000 |   1.396 |    3.966 | 
     +--------------------------------------------------------------------------------------+ 
Path 17: MET Setup Check with Pin picorv32_core_reg_op2_reg[24]/CK 
Endpoint:   picorv32_core_reg_op2_reg[24]/D (v) checked with  leading edge of 
'clk'
Beginpoint: wb_rst_i                        (^) triggered by  leading edge of 
'clk'
Path Groups: {I2R}
Analysis View: analysis1
Other End Arrival Time         -0.001
- Setup                         0.014
+ Phase Shift                   4.000
- Uncertainty                   0.020
= Required Time                 3.965
- Arrival Time                  1.392
= Slack Time                    2.572
     Clock Rise Edge                      0.000
     + Input Delay                        0.500
     + Drive Adjustment                   0.071
     = Beginpoint Arrival Time            0.571
     +--------------------------------------------------------------------------------------+ 
     |           Instance            |     Arc     |   Cell    | Delay | Arrival | Required | 
     |                               |             |           |       |  Time   |   Time   | 
     |-------------------------------+-------------+-----------+-------+---------+----------| 
     |                               | wb_rst_i ^  |           |       |   0.571 |    3.143 | 
     | FE_OFC3_wb_rst_i              | A ^ -> Y ^  | BUFX2     | 0.118 |   0.688 |    3.261 | 
     | g490                          | A ^ -> Y v  | INVX2     | 0.119 |   0.807 |    3.380 | 
     | picorv32_core_g195312         | B v -> Y ^  | NAND2X1   | 0.051 |   0.858 |    3.430 | 
     | picorv32_core_g194880         | B0 ^ -> Y v | OAI2BB1X1 | 0.097 |   0.955 |    3.527 | 
     | picorv32_core_g194523         | AN v -> Y v | NOR2BX1   | 0.044 |   0.998 |    3.571 | 
     | picorv32_core_g194013         | B v -> Y v  | AND2X1    | 0.099 |   1.097 |    3.669 | 
     | picorv32_core_g193287         | B1 v -> Y ^ | AOI22X1   | 0.056 |   1.153 |    3.725 | 
     | picorv32_core_g192225         | C ^ -> Y v  | NAND4XL   | 0.060 |   1.213 |    3.786 | 
     | picorv32_core_g191448__1705   | B0 v -> Y ^ | AOI211XL  | 0.053 |   1.267 |    3.839 | 
     | picorv32_core_g190737__9315   | D ^ -> Y v  | NAND4XL   | 0.036 |   1.302 |    3.875 | 
     | picorv32_core_g190695__6783   | B0 v -> Y ^ | AOI21X1   | 0.020 |   1.322 |    3.895 | 
     | picorv32_core_g190580__8246   | D ^ -> Y v  | NAND4XL   | 0.069 |   1.392 |    3.964 | 
     | picorv32_core_reg_op2_reg[24] | D v         | DFFHQX1   | 0.000 |   1.392 |    3.965 | 
     +--------------------------------------------------------------------------------------+ 
Path 18: MET Setup Check with Pin picorv32_core_reg_op2_reg[23]/CK 
Endpoint:   picorv32_core_reg_op2_reg[23]/D (v) checked with  leading edge of 
'clk'
Beginpoint: wb_rst_i                        (^) triggered by  leading edge of 
'clk'
Path Groups: {I2R}
Analysis View: analysis1
Other End Arrival Time         -0.001
- Setup                         0.008
+ Phase Shift                   4.000
- Uncertainty                   0.020
= Required Time                 3.971
- Arrival Time                  1.394
= Slack Time                    2.577
     Clock Rise Edge                      0.000
     + Input Delay                        0.500
     + Drive Adjustment                   0.071
     = Beginpoint Arrival Time            0.571
     +--------------------------------------------------------------------------------------+ 
     |           Instance            |     Arc     |   Cell    | Delay | Arrival | Required | 
     |                               |             |           |       |  Time   |   Time   | 
     |-------------------------------+-------------+-----------+-------+---------+----------| 
     |                               | wb_rst_i ^  |           |       |   0.571 |    3.148 | 
     | FE_OFC3_wb_rst_i              | A ^ -> Y ^  | BUFX2     | 0.118 |   0.688 |    3.266 | 
     | g490                          | A ^ -> Y v  | INVX2     | 0.119 |   0.807 |    3.385 | 
     | picorv32_core_g195312         | B v -> Y ^  | NAND2X1   | 0.051 |   0.858 |    3.435 | 
     | picorv32_core_g194880         | B0 ^ -> Y v | OAI2BB1X1 | 0.097 |   0.955 |    3.532 | 
     | picorv32_core_g194525         | A v -> Y v  | AND2X1    | 0.042 |   0.996 |    3.573 | 
     | picorv32_core_g194004         | B v -> Y v  | AND2X1    | 0.105 |   1.101 |    3.678 | 
     | picorv32_core_g193279         | B1 v -> Y ^ | AOI22X1   | 0.063 |   1.163 |    3.741 | 
     | picorv32_core_g192224         | A ^ -> Y v  | NAND4XL   | 0.051 |   1.214 |    3.791 | 
     | picorv32_core_g191447__2802   | B0 v -> Y ^ | AOI211XL  | 0.060 |   1.274 |    3.851 | 
     | picorv32_core_g190736__6161   | D ^ -> Y v  | NAND4XL   | 0.057 |   1.331 |    3.908 | 
     | picorv32_core_g190694__5526   | B0 v -> Y ^ | AOI21X1   | 0.031 |   1.361 |    3.938 | 
     | picorv32_core_g190582__6131   | D ^ -> Y v  | NAND4XL   | 0.032 |   1.394 |    3.971 | 
     | picorv32_core_reg_op2_reg[23] | D v         | DFFHQX1   | 0.000 |   1.394 |    3.971 | 
     +--------------------------------------------------------------------------------------+ 
Path 19: MET Setup Check with Pin picorv32_core_reg_op2_reg[25]/CK 
Endpoint:   picorv32_core_reg_op2_reg[25]/D (v) checked with  leading edge of 
'clk'
Beginpoint: wb_rst_i                        (^) triggered by  leading edge of 
'clk'
Path Groups: {I2R}
Analysis View: analysis1
Other End Arrival Time         -0.001
- Setup                         0.008
+ Phase Shift                   4.000
- Uncertainty                   0.020
= Required Time                 3.971
- Arrival Time                  1.381
= Slack Time                    2.590
     Clock Rise Edge                      0.000
     + Input Delay                        0.500
     + Drive Adjustment                   0.071
     = Beginpoint Arrival Time            0.571
     +--------------------------------------------------------------------------------------+ 
     |           Instance            |     Arc     |   Cell    | Delay | Arrival | Required | 
     |                               |             |           |       |  Time   |   Time   | 
     |-------------------------------+-------------+-----------+-------+---------+----------| 
     |                               | wb_rst_i ^  |           |       |   0.571 |    3.161 | 
     | FE_OFC3_wb_rst_i              | A ^ -> Y ^  | BUFX2     | 0.118 |   0.688 |    3.279 | 
     | g490                          | A ^ -> Y v  | INVX2     | 0.119 |   0.807 |    3.397 | 
     | picorv32_core_g195312         | B v -> Y ^  | NAND2X1   | 0.051 |   0.858 |    3.448 | 
     | picorv32_core_g194880         | B0 ^ -> Y v | OAI2BB1X1 | 0.097 |   0.955 |    3.545 | 
     | picorv32_core_g194525         | A v -> Y v  | AND2X1    | 0.042 |   0.996 |    3.586 | 
     | picorv32_core_g194004         | B v -> Y v  | AND2X1    | 0.105 |   1.101 |    3.691 | 
     | picorv32_core_g193294         | B1 v -> Y ^ | AOI22X1   | 0.060 |   1.161 |    3.751 | 
     | picorv32_core_g192228         | D ^ -> Y v  | NAND4XL   | 0.054 |   1.215 |    3.805 | 
     | picorv32_core_g191449__5122   | B0 v -> Y ^ | AOI211XL  | 0.057 |   1.272 |    3.862 | 
     | picorv32_core_g190738__9945   | D ^ -> Y v  | NAND4XL   | 0.046 |   1.318 |    3.908 | 
     | picorv32_core_g190696__3680   | B0 v -> Y ^ | AOI21X1   | 0.027 |   1.345 |    3.935 | 
     | picorv32_core_g190581__7098   | D ^ -> Y v  | NAND4XL   | 0.035 |   1.380 |    3.971 | 
     | picorv32_core_reg_op2_reg[25] | D v         | DFFHQX1   | 0.000 |   1.381 |    3.971 | 
     +--------------------------------------------------------------------------------------+ 
Path 20: MET Setup Check with Pin picorv32_core_reg_op2_reg[27]/CK 
Endpoint:   picorv32_core_reg_op2_reg[27]/D (v) checked with  leading edge of 
'clk'
Beginpoint: wb_rst_i                        (^) triggered by  leading edge of 
'clk'
Path Groups: {I2R}
Analysis View: analysis1
Other End Arrival Time          0.004
- Setup                         0.008
+ Phase Shift                   4.000
- Uncertainty                   0.020
= Required Time                 3.975
- Arrival Time                  1.384
= Slack Time                    2.592
     Clock Rise Edge                      0.000
     + Input Delay                        0.500
     + Drive Adjustment                   0.071
     = Beginpoint Arrival Time            0.571
     +--------------------------------------------------------------------------------------+ 
     |           Instance            |     Arc     |   Cell    | Delay | Arrival | Required | 
     |                               |             |           |       |  Time   |   Time   | 
     |-------------------------------+-------------+-----------+-------+---------+----------| 
     |                               | wb_rst_i ^  |           |       |   0.571 |    3.162 | 
     | FE_OFC3_wb_rst_i              | A ^ -> Y ^  | BUFX2     | 0.118 |   0.688 |    3.280 | 
     | g490                          | A ^ -> Y v  | INVX2     | 0.119 |   0.807 |    3.399 | 
     | picorv32_core_g195312         | B v -> Y ^  | NAND2X1   | 0.051 |   0.858 |    3.450 | 
     | picorv32_core_g194880         | B0 ^ -> Y v | OAI2BB1X1 | 0.097 |   0.955 |    3.547 | 
     | picorv32_core_g194525         | A v -> Y v  | AND2X1    | 0.042 |   0.996 |    3.588 | 
     | picorv32_core_g194004         | B v -> Y v  | AND2X1    | 0.105 |   1.101 |    3.693 | 
     | picorv32_core_g193309         | B1 v -> Y ^ | AOI22X1   | 0.064 |   1.165 |    3.757 | 
     | picorv32_core_g192232         | A ^ -> Y v  | NAND4XL   | 0.044 |   1.209 |    3.801 | 
     | picorv32_core_g191451__7098   | B0 v -> Y ^ | AOI211XL  | 0.054 |   1.263 |    3.855 | 
     | picorv32_core_g190740__2346   | D ^ -> Y v  | NAND4XL   | 0.052 |   1.316 |    3.908 | 
     | picorv32_core_g190698__2802   | B0 v -> Y ^ | AOI21X1   | 0.033 |   1.348 |    3.940 | 
     | picorv32_core_g190584__5115   | D ^ -> Y v  | NAND4XL   | 0.035 |   1.384 |    3.975 | 
     | picorv32_core_reg_op2_reg[27] | D v         | DFFHQX1   | 0.000 |   1.384 |    3.975 | 
     +--------------------------------------------------------------------------------------+ 
Path 21: MET Setup Check with Pin picorv32_core_reg_op2_reg[13]/CK 
Endpoint:   picorv32_core_reg_op2_reg[13]/D (v) checked with  leading edge of 
'clk'
Beginpoint: wb_rst_i                        (^) triggered by  leading edge of 
'clk'
Path Groups: {I2R}
Analysis View: analysis1
Other End Arrival Time          0.003
- Setup                         0.008
+ Phase Shift                   4.000
- Uncertainty                   0.020
= Required Time                 3.975
- Arrival Time                  1.382
= Slack Time                    2.593
     Clock Rise Edge                      0.000
     + Input Delay                        0.500
     + Drive Adjustment                   0.071
     = Beginpoint Arrival Time            0.571
     +--------------------------------------------------------------------------------------+ 
     |           Instance            |     Arc     |   Cell    | Delay | Arrival | Required | 
     |                               |             |           |       |  Time   |   Time   | 
     |-------------------------------+-------------+-----------+-------+---------+----------| 
     |                               | wb_rst_i ^  |           |       |   0.571 |    3.164 | 
     | FE_OFC3_wb_rst_i              | A ^ -> Y ^  | BUFX2     | 0.118 |   0.688 |    3.281 | 
     | g490                          | A ^ -> Y v  | INVX2     | 0.119 |   0.807 |    3.400 | 
     | picorv32_core_g195312         | B v -> Y ^  | NAND2X1   | 0.051 |   0.858 |    3.451 | 
     | picorv32_core_g194880         | B0 ^ -> Y v | OAI2BB1X1 | 0.097 |   0.955 |    3.548 | 
     | picorv32_core_g194525         | A v -> Y v  | AND2X1    | 0.042 |   0.996 |    3.589 | 
     | picorv32_core_g194004         | B v -> Y v  | AND2X1    | 0.105 |   1.101 |    3.694 | 
     | picorv32_core_g193170         | B1 v -> Y ^ | AOI22X1   | 0.059 |   1.160 |    3.753 | 
     | picorv32_core_g192207         | A ^ -> Y v  | NAND4XL   | 0.045 |   1.205 |    3.798 | 
     | picorv32_core_g191437__5477   | B0 v -> Y ^ | AOI211XL  | 0.043 |   1.248 |    3.841 | 
     | picorv32_core_g190726__2802   | D ^ -> Y v  | NAND4XL   | 0.069 |   1.316 |    3.909 | 
     | picorv32_core_g190684__2346   | B0 v -> Y ^ | AOI21X1   | 0.034 |   1.350 |    3.943 | 
     | picorv32_core_g190570__6260   | D ^ -> Y v  | NAND4XL   | 0.031 |   1.382 |    3.975 | 
     | picorv32_core_reg_op2_reg[13] | D v         | DFFHQX1   | 0.000 |   1.382 |    3.975 | 
     +--------------------------------------------------------------------------------------+ 
Path 22: MET Setup Check with Pin picorv32_core_reg_op2_reg[21]/CK 
Endpoint:   picorv32_core_reg_op2_reg[21]/D (v) checked with  leading edge of 
'clk'
Beginpoint: wb_rst_i                        (^) triggered by  leading edge of 
'clk'
Path Groups: {I2R}
Analysis View: analysis1
Other End Arrival Time         -0.001
- Setup                         0.008
+ Phase Shift                   4.000
- Uncertainty                   0.020
= Required Time                 3.971
- Arrival Time                  1.376
= Slack Time                    2.595
     Clock Rise Edge                      0.000
     + Input Delay                        0.500
     + Drive Adjustment                   0.071
     = Beginpoint Arrival Time            0.571
     +--------------------------------------------------------------------------------------+ 
     |           Instance            |     Arc     |   Cell    | Delay | Arrival | Required | 
     |                               |             |           |       |  Time   |   Time   | 
     |-------------------------------+-------------+-----------+-------+---------+----------| 
     |                               | wb_rst_i ^  |           |       |   0.571 |    3.166 | 
     | FE_OFC3_wb_rst_i              | A ^ -> Y ^  | BUFX2     | 0.118 |   0.688 |    3.284 | 
     | g490                          | A ^ -> Y v  | INVX2     | 0.119 |   0.807 |    3.402 | 
     | picorv32_core_g195312         | B v -> Y ^  | NAND2X1   | 0.051 |   0.858 |    3.453 | 
     | picorv32_core_g194880         | B0 ^ -> Y v | OAI2BB1X1 | 0.097 |   0.955 |    3.550 | 
     | picorv32_core_g194525         | A v -> Y v  | AND2X1    | 0.042 |   0.996 |    3.591 | 
     | picorv32_core_g194004         | B v -> Y v  | AND2X1    | 0.105 |   1.101 |    3.696 | 
     | picorv32_core_g193252         | B1 v -> Y ^ | AOI22X1   | 0.066 |   1.167 |    3.762 | 
     | picorv32_core_g192189         | D ^ -> Y v  | NAND4XL   | 0.047 |   1.214 |    3.809 | 
     | picorv32_core_g191445__3680   | B0 v -> Y ^ | AOI211XL  | 0.053 |   1.267 |    3.862 | 
     | picorv32_core_g190734__7482   | D ^ -> Y v  | NAND4XL   | 0.051 |   1.318 |    3.913 | 
     | picorv32_core_g190692__4319   | B0 v -> Y ^ | AOI21X1   | 0.027 |   1.345 |    3.940 | 
     | picorv32_core_g190578__1705   | D ^ -> Y v  | NAND4XL   | 0.031 |   1.376 |    3.971 | 
     | picorv32_core_reg_op2_reg[21] | D v         | DFFHQX1   | 0.000 |   1.376 |    3.971 | 
     +--------------------------------------------------------------------------------------+ 
Path 23: MET Setup Check with Pin picorv32_core_reg_op2_reg[6]/CK 
Endpoint:   picorv32_core_reg_op2_reg[6]/D (v) checked with  leading edge of 
'clk'
Beginpoint: wb_rst_i                       (^) triggered by  leading edge of 
'clk'
Path Groups: {I2R}
Analysis View: analysis1
Other End Arrival Time          0.003
- Setup                         0.008
+ Phase Shift                   4.000
- Uncertainty                   0.020
= Required Time                 3.975
- Arrival Time                  1.377
= Slack Time                    2.598
     Clock Rise Edge                      0.000
     + Input Delay                        0.500
     + Drive Adjustment                   0.071
     = Beginpoint Arrival Time            0.571
     +-------------------------------------------------------------------------------------+ 
     |           Instance           |     Arc     |   Cell    | Delay | Arrival | Required | 
     |                              |             |           |       |  Time   |   Time   | 
     |------------------------------+-------------+-----------+-------+---------+----------| 
     |                              | wb_rst_i ^  |           |       |   0.571 |    3.169 | 
     | FE_OFC3_wb_rst_i             | A ^ -> Y ^  | BUFX2     | 0.118 |   0.688 |    3.287 | 
     | g490                         | A ^ -> Y v  | INVX2     | 0.119 |   0.807 |    3.406 | 
     | picorv32_core_g195312        | B v -> Y ^  | NAND2X1   | 0.051 |   0.858 |    3.456 | 
     | picorv32_core_g194880        | B0 ^ -> Y v | OAI2BB1X1 | 0.097 |   0.955 |    3.553 | 
     | picorv32_core_g194525        | A v -> Y v  | AND2X1    | 0.042 |   0.996 |    3.595 | 
     | picorv32_core_g194004        | B v -> Y v  | AND2X1    | 0.105 |   1.101 |    3.699 | 
     | picorv32_core_g193094        | B1 v -> Y ^ | AOI22X1   | 0.058 |   1.158 |    3.757 | 
     | picorv32_core_g192193        | B ^ -> Y v  | NAND4XL   | 0.056 |   1.214 |    3.812 | 
     | picorv32_core_g191430__9315  | B0 v -> Y ^ | AOI211XL  | 0.050 |   1.264 |    3.862 | 
     | picorv32_core_g190719__6260  | D ^ -> Y v  | NAND4XL   | 0.053 |   1.317 |    3.915 | 
     | picorv32_core_g190677__5115  | B0 v -> Y ^ | AOI21X1   | 0.029 |   1.346 |    3.944 | 
     | picorv32_core_g190563__2346  | D ^ -> Y v  | NAND4XL   | 0.031 |   1.377 |    3.975 | 
     | picorv32_core_reg_op2_reg[6] | D v         | DFFHQX1   | 0.000 |   1.377 |    3.975 | 
     +-------------------------------------------------------------------------------------+ 
Path 24: MET Setup Check with Pin picorv32_core_reg_op2_reg[12]/CK 
Endpoint:   picorv32_core_reg_op2_reg[12]/D (v) checked with  leading edge of 
'clk'
Beginpoint: wb_rst_i                        (^) triggered by  leading edge of 
'clk'
Path Groups: {I2R}
Analysis View: analysis1
Other End Arrival Time          0.003
- Setup                         0.008
+ Phase Shift                   4.000
- Uncertainty                   0.020
= Required Time                 3.975
- Arrival Time                  1.373
= Slack Time                    2.602
     Clock Rise Edge                      0.000
     + Input Delay                        0.500
     + Drive Adjustment                   0.071
     = Beginpoint Arrival Time            0.571
     +--------------------------------------------------------------------------------------+ 
     |           Instance            |     Arc     |   Cell    | Delay | Arrival | Required | 
     |                               |             |           |       |  Time   |   Time   | 
     |-------------------------------+-------------+-----------+-------+---------+----------| 
     |                               | wb_rst_i ^  |           |       |   0.571 |    3.173 | 
     | FE_OFC3_wb_rst_i              | A ^ -> Y ^  | BUFX2     | 0.118 |   0.688 |    3.291 | 
     | g490                          | A ^ -> Y v  | INVX2     | 0.119 |   0.807 |    3.409 | 
     | picorv32_core_g195312         | B v -> Y ^  | NAND2X1   | 0.051 |   0.858 |    3.460 | 
     | picorv32_core_g194880         | B0 ^ -> Y v | OAI2BB1X1 | 0.097 |   0.955 |    3.557 | 
     | picorv32_core_g194525         | A v -> Y v  | AND2X1    | 0.042 |   0.996 |    3.598 | 
     | picorv32_core_g194004         | B v -> Y v  | AND2X1    | 0.105 |   1.101 |    3.703 | 
     | picorv32_core_g192923         | B1 v -> Y ^ | AOI22X1   | 0.060 |   1.161 |    3.763 | 
     | picorv32_core_g192205         | B ^ -> Y v  | NAND4XL   | 0.046 |   1.207 |    3.809 | 
     | picorv32_core_g191436__6417   | B0 v -> Y ^ | AOI211XL  | 0.051 |   1.257 |    3.859 | 
     | picorv32_core_g190725__1617   | D ^ -> Y v  | NAND4XL   | 0.057 |   1.315 |    3.917 | 
     | picorv32_core_g190683__2883   | B0 v -> Y ^ | AOI21X1   | 0.029 |   1.343 |    3.945 | 
     | picorv32_core_g190569__5107   | D ^ -> Y v  | NAND4XL   | 0.030 |   1.373 |    3.975 | 
     | picorv32_core_reg_op2_reg[12] | D v         | DFFHQX1   | 0.000 |   1.373 |    3.975 | 
     +--------------------------------------------------------------------------------------+ 
Path 25: MET Setup Check with Pin picorv32_core_reg_op2_reg[19]/CK 
Endpoint:   picorv32_core_reg_op2_reg[19]/D (v) checked with  leading edge of 
'clk'
Beginpoint: wb_rst_i                        (^) triggered by  leading edge of 
'clk'
Path Groups: {I2R}
Analysis View: analysis1
Other End Arrival Time          0.000
- Setup                         0.008
+ Phase Shift                   4.000
- Uncertainty                   0.020
= Required Time                 3.972
- Arrival Time                  1.369
= Slack Time                    2.603
     Clock Rise Edge                      0.000
     + Input Delay                        0.500
     + Drive Adjustment                   0.071
     = Beginpoint Arrival Time            0.571
     +--------------------------------------------------------------------------------------+ 
     |           Instance            |     Arc     |   Cell    | Delay | Arrival | Required | 
     |                               |             |           |       |  Time   |   Time   | 
     |-------------------------------+-------------+-----------+-------+---------+----------| 
     |                               | wb_rst_i ^  |           |       |   0.571 |    3.174 | 
     | FE_OFC3_wb_rst_i              | A ^ -> Y ^  | BUFX2     | 0.118 |   0.688 |    3.291 | 
     | g490                          | A ^ -> Y v  | INVX2     | 0.119 |   0.807 |    3.410 | 
     | picorv32_core_g195312         | B v -> Y ^  | NAND2X1   | 0.051 |   0.858 |    3.461 | 
     | picorv32_core_g194880         | B0 ^ -> Y v | OAI2BB1X1 | 0.097 |   0.955 |    3.558 | 
     | picorv32_core_g194525         | A v -> Y v  | AND2X1    | 0.042 |   0.996 |    3.599 | 
     | picorv32_core_g194004         | B v -> Y v  | AND2X1    | 0.105 |   1.101 |    3.704 | 
     | picorv32_core_g193238         | B1 v -> Y ^ | AOI22X1   | 0.062 |   1.162 |    3.765 | 
     | picorv32_core_g192218         | C ^ -> Y v  | NAND4XL   | 0.056 |   1.218 |    3.821 | 
     | picorv32_core_g191443__5526   | B0 v -> Y ^ | AOI211XL  | 0.044 |   1.262 |    3.865 | 
     | picorv32_core_g190732__1881   | D ^ -> Y v  | NAND4XL   | 0.049 |   1.312 |    3.915 | 
     | picorv32_core_g190690__5107   | B0 v -> Y ^ | AOI21X1   | 0.027 |   1.339 |    3.942 | 
     | picorv32_core_g190576__1617   | D ^ -> Y v  | NAND4XL   | 0.030 |   1.369 |    3.972 | 
     | picorv32_core_reg_op2_reg[19] | D v         | DFFHQX1   | 0.000 |   1.369 |    3.972 | 
     +--------------------------------------------------------------------------------------+ 
Path 26: MET Setup Check with Pin picorv32_core_reg_op2_reg[16]/CK 
Endpoint:   picorv32_core_reg_op2_reg[16]/D (v) checked with  leading edge of 
'clk'
Beginpoint: wb_rst_i                        (^) triggered by  leading edge of 
'clk'
Path Groups: {I2R}
Analysis View: analysis1
Other End Arrival Time          0.000
- Setup                         0.008
+ Phase Shift                   4.000
- Uncertainty                   0.020
= Required Time                 3.972
- Arrival Time                  1.367
= Slack Time                    2.605
     Clock Rise Edge                      0.000
     + Input Delay                        0.500
     + Drive Adjustment                   0.071
     = Beginpoint Arrival Time            0.571
     +--------------------------------------------------------------------------------------+ 
     |           Instance            |     Arc     |   Cell    | Delay | Arrival | Required | 
     |                               |             |           |       |  Time   |   Time   | 
     |-------------------------------+-------------+-----------+-------+---------+----------| 
     |                               | wb_rst_i ^  |           |       |   0.571 |    3.175 | 
     | FE_OFC3_wb_rst_i              | A ^ -> Y ^  | BUFX2     | 0.118 |   0.688 |    3.293 | 
     | g490                          | A ^ -> Y v  | INVX2     | 0.119 |   0.807 |    3.412 | 
     | picorv32_core_g195312         | B v -> Y ^  | NAND2X1   | 0.051 |   0.858 |    3.463 | 
     | picorv32_core_g194880         | B0 ^ -> Y v | OAI2BB1X1 | 0.097 |   0.955 |    3.559 | 
     | picorv32_core_g194525         | A v -> Y v  | AND2X1    | 0.042 |   0.996 |    3.601 | 
     | picorv32_core_g194004         | B v -> Y v  | AND2X1    | 0.105 |   1.101 |    3.705 | 
     | picorv32_core_g193204         | B1 v -> Y ^ | AOI22X1   | 0.059 |   1.160 |    3.764 | 
     | picorv32_core_g192212         | A ^ -> Y v  | NAND4XL   | 0.049 |   1.208 |    3.813 | 
     | picorv32_core_g191440__6260   | B0 v -> Y ^ | AOI211XL  | 0.043 |   1.252 |    3.856 | 
     | picorv32_core_g190729__8246   | D ^ -> Y v  | NAND4XL   | 0.054 |   1.306 |    3.911 | 
     | picorv32_core_g190687__6417   | B0 v -> Y ^ | AOI21X1   | 0.031 |   1.337 |    3.941 | 
     | picorv32_core_g190573__5526   | D ^ -> Y v  | NAND4XL   | 0.031 |   1.367 |    3.972 | 
     | picorv32_core_reg_op2_reg[16] | D v         | DFFHQX1   | 0.000 |   1.367 |    3.972 | 
     +--------------------------------------------------------------------------------------+ 
Path 27: MET Setup Check with Pin picorv32_core_reg_op2_reg[5]/CK 
Endpoint:   picorv32_core_reg_op2_reg[5]/D (v) checked with  leading edge of 
'clk'
Beginpoint: wb_rst_i                       (^) triggered by  leading edge of 
'clk'
Path Groups: {I2R}
Analysis View: analysis1
Other End Arrival Time          0.003
- Setup                         0.009
+ Phase Shift                   4.000
- Uncertainty                   0.020
= Required Time                 3.975
- Arrival Time                  1.367
= Slack Time                    2.607
     Clock Rise Edge                      0.000
     + Input Delay                        0.500
     + Drive Adjustment                   0.071
     = Beginpoint Arrival Time            0.571
     +-------------------------------------------------------------------------------------+ 
     |           Instance           |     Arc     |   Cell    | Delay | Arrival | Required | 
     |                              |             |           |       |  Time   |   Time   | 
     |------------------------------+-------------+-----------+-------+---------+----------| 
     |                              | wb_rst_i ^  |           |       |   0.571 |    3.178 | 
     | FE_OFC3_wb_rst_i             | A ^ -> Y ^  | BUFX2     | 0.118 |   0.688 |    3.296 | 
     | g490                         | A ^ -> Y v  | INVX2     | 0.119 |   0.807 |    3.415 | 
     | picorv32_core_g195312        | B v -> Y ^  | NAND2X1   | 0.051 |   0.858 |    3.465 | 
     | picorv32_core_g194880        | B0 ^ -> Y v | OAI2BB1X1 | 0.097 |   0.955 |    3.562 | 
     | picorv32_core_g194525        | A v -> Y v  | AND2X1    | 0.042 |   0.996 |    3.604 | 
     | picorv32_core_g194004        | B v -> Y v  | AND2X1    | 0.105 |   1.101 |    3.708 | 
     | picorv32_core_g193083        | B1 v -> Y ^ | AOI22X1   | 0.058 |   1.158 |    3.766 | 
     | picorv32_core_g192191        | D ^ -> Y v  | NAND4XL   | 0.043 |   1.201 |    3.809 | 
     | picorv32_core_g191429__6161  | B0 v -> Y ^ | AOI211XL  | 0.051 |   1.253 |    3.860 | 
     | picorv32_core_g190718__5107  | D ^ -> Y v  | NAND4XL   | 0.054 |   1.307 |    3.914 | 
     | picorv32_core_g190676__1881  | B0 v -> Y ^ | AOI21X1   | 0.027 |   1.333 |    3.941 | 
     | picorv32_core_g190562__2883  | D ^ -> Y v  | NAND4XL   | 0.034 |   1.367 |    3.974 | 
     | picorv32_core_reg_op2_reg[5] | D v         | DFFHQX1   | 0.000 |   1.367 |    3.975 | 
     +-------------------------------------------------------------------------------------+ 
Path 28: MET Setup Check with Pin picorv32_core_reg_op1_reg[1]/CK 
Endpoint:   picorv32_core_reg_op1_reg[1]/D (^) checked with  leading edge of 
'clk'
Beginpoint: wb_rst_i                       (v) triggered by  leading edge of 
'clk'
Path Groups: {I2R}
Analysis View: analysis1
Other End Arrival Time          0.003
- Setup                         0.018
+ Phase Shift                   4.000
- Uncertainty                   0.020
= Required Time                 3.965
- Arrival Time                  1.336
= Slack Time                    2.629
     Clock Rise Edge                      0.000
     + Input Delay                        0.500
     + Drive Adjustment                   0.067
     = Beginpoint Arrival Time            0.567
     +------------------------------------------------------------------------------------+ 
     |           Instance           |     Arc     |   Cell   | Delay | Arrival | Required | 
     |                              |             |          |       |  Time   |   Time   | 
     |------------------------------+-------------+----------+-------+---------+----------| 
     |                              | wb_rst_i v  |          |       |   0.567 |    3.196 | 
     | FE_OFC3_wb_rst_i             | A v -> Y v  | BUFX2    | 0.111 |   0.678 |    3.307 | 
     | g490                         | A v -> Y ^  | INVX2    | 0.115 |   0.793 |    3.422 | 
     | picorv32_core_g88380__4319   | C ^ -> Y v  | NAND3BXL | 0.097 |   0.891 |    3.520 | 
     | picorv32_core_g195436        | B v -> Y ^  | NAND2X1  | 0.027 |   0.918 |    3.547 | 
     | picorv32_core_g195174        | B ^ -> Y v  | NAND2BX1 | 0.018 |   0.936 |    3.565 | 
     | picorv32_core_g194815        | B v -> Y v  | OR2X1    | 0.025 |   0.961 |    3.590 | 
     | picorv32_core_g193791        | C v -> Y ^  | NAND3X1  | 0.009 |   0.970 |    3.599 | 
     | picorv32_core_g193647        | B ^ -> Y ^  | AND2X1   | 0.114 |   1.085 |    3.714 | 
     | picorv32_core_g193508        | A ^ -> Y v  | INVX1    | 0.067 |   1.151 |    3.780 | 
     | picorv32_core_g193045        | B v -> Y ^  | NOR2X2   | 0.104 |   1.255 |    3.884 | 
     | picorv32_core_g192389        | A1 ^ -> Y v | AOI22X1  | 0.063 |   1.318 |    3.947 | 
     | picorv32_core_g190670__2802  | C0 v -> Y ^ | OAI221X1 | 0.018 |   1.336 |    3.965 | 
     | picorv32_core_reg_op1_reg[1] | D ^         | DFFX1    | 0.000 |   1.336 |    3.965 | 
     +------------------------------------------------------------------------------------+ 
Path 29: MET Setup Check with Pin picorv32_core_reg_op1_reg[13]/CK 
Endpoint:   picorv32_core_reg_op1_reg[13]/D (^) checked with  leading edge of 
'clk'
Beginpoint: wb_rst_i                        (v) triggered by  leading edge of 
'clk'
Path Groups: {I2R}
Analysis View: analysis1
Other End Arrival Time          0.003
- Setup                         0.018
+ Phase Shift                   4.000
- Uncertainty                   0.020
= Required Time                 3.966
- Arrival Time                  1.335
= Slack Time                    2.630
     Clock Rise Edge                      0.000
     + Input Delay                        0.500
     + Drive Adjustment                   0.067
     = Beginpoint Arrival Time            0.567
     +-------------------------------------------------------------------------------------+ 
     |           Instance            |     Arc     |   Cell   | Delay | Arrival | Required | 
     |                               |             |          |       |  Time   |   Time   | 
     |-------------------------------+-------------+----------+-------+---------+----------| 
     |                               | wb_rst_i v  |          |       |   0.567 |    3.197 | 
     | FE_OFC3_wb_rst_i              | A v -> Y v  | BUFX2    | 0.111 |   0.678 |    3.308 | 
     | g490                          | A v -> Y ^  | INVX2    | 0.115 |   0.793 |    3.423 | 
     | picorv32_core_g88380__4319    | C ^ -> Y v  | NAND3BXL | 0.097 |   0.891 |    3.521 | 
     | picorv32_core_g195436         | B v -> Y ^  | NAND2X1  | 0.027 |   0.918 |    3.548 | 
     | picorv32_core_g195174         | B ^ -> Y v  | NAND2BX1 | 0.018 |   0.936 |    3.566 | 
     | picorv32_core_g194815         | B v -> Y v  | OR2X1    | 0.025 |   0.961 |    3.591 | 
     | picorv32_core_g193791         | C v -> Y ^  | NAND3X1  | 0.009 |   0.970 |    3.600 | 
     | picorv32_core_g193647         | B ^ -> Y ^  | AND2X1   | 0.114 |   1.085 |    3.715 | 
     | picorv32_core_g193508         | A ^ -> Y v  | INVX1    | 0.067 |   1.151 |    3.781 | 
     | picorv32_core_g193045         | B v -> Y ^  | NOR2X2   | 0.104 |   1.255 |    3.885 | 
     | picorv32_core_g192401         | A1 ^ -> Y v | AOI22X1  | 0.062 |   1.318 |    3.948 | 
     | picorv32_core_g190596__9945   | C0 v -> Y ^ | OAI221X1 | 0.018 |   1.335 |    3.965 | 
     | picorv32_core_reg_op1_reg[13] | D ^         | DFFX1    | 0.000 |   1.335 |    3.966 | 
     +-------------------------------------------------------------------------------------+ 
Path 30: MET Setup Check with Pin picorv32_core_reg_op1_reg[2]/CK 
Endpoint:   picorv32_core_reg_op1_reg[2]/D (^) checked with  leading edge of 
'clk'
Beginpoint: wb_rst_i                       (v) triggered by  leading edge of 
'clk'
Path Groups: {I2R}
Analysis View: analysis1
Other End Arrival Time          0.003
- Setup                         0.018
+ Phase Shift                   4.000
- Uncertainty                   0.020
= Required Time                 3.965
- Arrival Time                  1.335
= Slack Time                    2.630
     Clock Rise Edge                      0.000
     + Input Delay                        0.500
     + Drive Adjustment                   0.067
     = Beginpoint Arrival Time            0.567
     +------------------------------------------------------------------------------------+ 
     |           Instance           |     Arc     |   Cell   | Delay | Arrival | Required | 
     |                              |             |          |       |  Time   |   Time   | 
     |------------------------------+-------------+----------+-------+---------+----------| 
     |                              | wb_rst_i v  |          |       |   0.567 |    3.197 | 
     | FE_OFC3_wb_rst_i             | A v -> Y v  | BUFX2    | 0.111 |   0.678 |    3.308 | 
     | g490                         | A v -> Y ^  | INVX2    | 0.115 |   0.793 |    3.424 | 
     | picorv32_core_g88380__4319   | C ^ -> Y v  | NAND3BXL | 0.097 |   0.891 |    3.521 | 
     | picorv32_core_g195436        | B v -> Y ^  | NAND2X1  | 0.027 |   0.918 |    3.548 | 
     | picorv32_core_g195174        | B ^ -> Y v  | NAND2BX1 | 0.018 |   0.936 |    3.566 | 
     | picorv32_core_g194815        | B v -> Y v  | OR2X1    | 0.025 |   0.961 |    3.592 | 
     | picorv32_core_g193791        | C v -> Y ^  | NAND3X1  | 0.009 |   0.970 |    3.600 | 
     | picorv32_core_g193647        | B ^ -> Y ^  | AND2X1   | 0.114 |   1.085 |    3.715 | 
     | picorv32_core_g193508        | A ^ -> Y v  | INVX1    | 0.067 |   1.151 |    3.782 | 
     | picorv32_core_g193045        | B v -> Y ^  | NOR2X2   | 0.104 |   1.255 |    3.885 | 
     | picorv32_core_g192390        | A1 ^ -> Y v | AOI22X1  | 0.061 |   1.317 |    3.947 | 
     | picorv32_core_g190642__5122  | C0 v -> Y ^ | OAI221X1 | 0.018 |   1.335 |    3.965 | 
     | picorv32_core_reg_op1_reg[2] | D ^         | DFFX1    | 0.000 |   1.335 |    3.965 | 
     +------------------------------------------------------------------------------------+ 
Path 31: MET Setup Check with Pin picorv32_core_reg_op1_reg[24]/CK 
Endpoint:   picorv32_core_reg_op1_reg[24]/D (^) checked with  leading edge of 
'clk'
Beginpoint: wb_rst_i                        (v) triggered by  leading edge of 
'clk'
Path Groups: {I2R}
Analysis View: analysis1
Other End Arrival Time          0.002
- Setup                         0.019
+ Phase Shift                   4.000
- Uncertainty                   0.020
= Required Time                 3.964
- Arrival Time                  1.333
= Slack Time                    2.631
     Clock Rise Edge                      0.000
     + Input Delay                        0.500
     + Drive Adjustment                   0.067
     = Beginpoint Arrival Time            0.567
     +-------------------------------------------------------------------------------------+ 
     |           Instance            |     Arc     |   Cell   | Delay | Arrival | Required | 
     |                               |             |          |       |  Time   |   Time   | 
     |-------------------------------+-------------+----------+-------+---------+----------| 
     |                               | wb_rst_i v  |          |       |   0.567 |    3.198 | 
     | FE_OFC3_wb_rst_i              | A v -> Y v  | BUFX2    | 0.111 |   0.678 |    3.309 | 
     | g490                          | A v -> Y ^  | INVX2    | 0.115 |   0.793 |    3.424 | 
     | picorv32_core_g88380__4319    | C ^ -> Y v  | NAND3BXL | 0.097 |   0.891 |    3.521 | 
     | picorv32_core_g195436         | B v -> Y ^  | NAND2X1  | 0.027 |   0.918 |    3.548 | 
     | picorv32_core_g195174         | B ^ -> Y v  | NAND2BX1 | 0.018 |   0.936 |    3.567 | 
     | picorv32_core_g194815         | B v -> Y v  | OR2X1    | 0.025 |   0.961 |    3.592 | 
     | picorv32_core_g193791         | C v -> Y ^  | NAND3X1  | 0.009 |   0.970 |    3.601 | 
     | picorv32_core_g193647         | B ^ -> Y ^  | AND2X1   | 0.114 |   1.085 |    3.715 | 
     | picorv32_core_g193508         | A ^ -> Y v  | INVX1    | 0.067 |   1.151 |    3.782 | 
     | picorv32_core_g193045         | B v -> Y ^  | NOR2X2   | 0.104 |   1.255 |    3.886 | 
     | picorv32_core_g192412         | A0 ^ -> Y v | AOI22X1  | 0.059 |   1.315 |    3.945 | 
     | picorv32_core_g190663__6260   | C0 v -> Y ^ | OAI221X1 | 0.018 |   1.333 |    3.964 | 
     | picorv32_core_reg_op1_reg[24] | D ^         | DFFHQX1  | 0.000 |   1.333 |    3.964 | 
     +-------------------------------------------------------------------------------------+ 
Path 32: MET Setup Check with Pin picorv32_core_reg_op1_reg[9]/CK 
Endpoint:   picorv32_core_reg_op1_reg[9]/D (^) checked with  leading edge of 
'clk'
Beginpoint: wb_rst_i                       (v) triggered by  leading edge of 
'clk'
Path Groups: {I2R}
Analysis View: analysis1
Other End Arrival Time          0.003
- Setup                         0.018
+ Phase Shift                   4.000
- Uncertainty                   0.020
= Required Time                 3.966
- Arrival Time                  1.335
= Slack Time                    2.631
     Clock Rise Edge                      0.000
     + Input Delay                        0.500
     + Drive Adjustment                   0.067
     = Beginpoint Arrival Time            0.567
     +------------------------------------------------------------------------------------+ 
     |           Instance           |     Arc     |   Cell   | Delay | Arrival | Required | 
     |                              |             |          |       |  Time   |   Time   | 
     |------------------------------+-------------+----------+-------+---------+----------| 
     |                              | wb_rst_i v  |          |       |   0.567 |    3.198 | 
     | FE_OFC3_wb_rst_i             | A v -> Y v  | BUFX2    | 0.111 |   0.678 |    3.309 | 
     | g490                         | A v -> Y ^  | INVX2    | 0.115 |   0.793 |    3.424 | 
     | picorv32_core_g88380__4319   | C ^ -> Y v  | NAND3BXL | 0.097 |   0.891 |    3.522 | 
     | picorv32_core_g195436        | B v -> Y ^  | NAND2X1  | 0.027 |   0.918 |    3.549 | 
     | picorv32_core_g195174        | B ^ -> Y v  | NAND2BX1 | 0.018 |   0.936 |    3.567 | 
     | picorv32_core_g194815        | B v -> Y v  | OR2X1    | 0.025 |   0.961 |    3.592 | 
     | picorv32_core_g193791        | C v -> Y ^  | NAND3X1  | 0.009 |   0.970 |    3.601 | 
     | picorv32_core_g193647        | B ^ -> Y ^  | AND2X1   | 0.114 |   1.085 |    3.716 | 
     | picorv32_core_g193508        | A ^ -> Y v  | INVX1    | 0.067 |   1.151 |    3.782 | 
     | picorv32_core_g193045        | B v -> Y ^  | NOR2X2   | 0.104 |   1.255 |    3.886 | 
     | picorv32_core_g192397        | A1 ^ -> Y v | AOI22X1  | 0.062 |   1.318 |    3.949 | 
     | picorv32_core_g190648__7482  | C0 v -> Y ^ | OAI221X1 | 0.017 |   1.335 |    3.966 | 
     | picorv32_core_reg_op1_reg[9] | D ^         | DFFX1    | 0.000 |   1.335 |    3.966 | 
     +------------------------------------------------------------------------------------+ 
Path 33: MET Setup Check with Pin picorv32_core_reg_op1_reg[4]/CK 
Endpoint:   picorv32_core_reg_op1_reg[4]/D (^) checked with  leading edge of 
'clk'
Beginpoint: wb_rst_i                       (v) triggered by  leading edge of 
'clk'
Path Groups: {I2R}
Analysis View: analysis1
Other End Arrival Time          0.003
- Setup                         0.017
+ Phase Shift                   4.000
- Uncertainty                   0.020
= Required Time                 3.965
- Arrival Time                  1.333
= Slack Time                    2.632
     Clock Rise Edge                      0.000
     + Input Delay                        0.500
     + Drive Adjustment                   0.067
     = Beginpoint Arrival Time            0.567
     +------------------------------------------------------------------------------------+ 
     |           Instance           |     Arc     |   Cell   | Delay | Arrival | Required | 
     |                              |             |          |       |  Time   |   Time   | 
     |------------------------------+-------------+----------+-------+---------+----------| 
     |                              | wb_rst_i v  |          |       |   0.567 |    3.199 | 
     | FE_OFC3_wb_rst_i             | A v -> Y v  | BUFX2    | 0.111 |   0.678 |    3.310 | 
     | g490                         | A v -> Y ^  | INVX2    | 0.115 |   0.793 |    3.426 | 
     | picorv32_core_g88380__4319   | C ^ -> Y v  | NAND3BXL | 0.097 |   0.891 |    3.523 | 
     | picorv32_core_g195436        | B v -> Y ^  | NAND2X1  | 0.027 |   0.918 |    3.550 | 
     | picorv32_core_g195174        | B ^ -> Y v  | NAND2BX1 | 0.018 |   0.936 |    3.568 | 
     | picorv32_core_g194815        | B v -> Y v  | OR2X1    | 0.025 |   0.961 |    3.594 | 
     | picorv32_core_g193791        | C v -> Y ^  | NAND3X1  | 0.009 |   0.970 |    3.602 | 
     | picorv32_core_g193647        | B ^ -> Y ^  | AND2X1   | 0.114 |   1.085 |    3.717 | 
     | picorv32_core_g193508        | A ^ -> Y v  | INVX1    | 0.067 |   1.151 |    3.784 | 
     | picorv32_core_g193045        | B v -> Y ^  | NOR2X2   | 0.104 |   1.255 |    3.887 | 
     | picorv32_core_g192392        | A1 ^ -> Y v | AOI22X1  | 0.061 |   1.316 |    3.948 | 
     | picorv32_core_g190644__7098  | C0 v -> Y ^ | OAI221X1 | 0.017 |   1.333 |    3.965 | 
     | picorv32_core_reg_op1_reg[4] | D ^         | DFFX1    | 0.000 |   1.333 |    3.965 | 
     +------------------------------------------------------------------------------------+ 
Path 34: MET Setup Check with Pin picorv32_core_reg_op1_reg[5]/CK 
Endpoint:   picorv32_core_reg_op1_reg[5]/D (^) checked with  leading edge of 
'clk'
Beginpoint: wb_rst_i                       (v) triggered by  leading edge of 
'clk'
Path Groups: {I2R}
Analysis View: analysis1
Other End Arrival Time          0.003
- Setup                         0.017
+ Phase Shift                   4.000
- Uncertainty                   0.020
= Required Time                 3.965
- Arrival Time                  1.333
= Slack Time                    2.633
     Clock Rise Edge                      0.000
     + Input Delay                        0.500
     + Drive Adjustment                   0.067
     = Beginpoint Arrival Time            0.567
     +------------------------------------------------------------------------------------+ 
     |           Instance           |     Arc     |   Cell   | Delay | Arrival | Required | 
     |                              |             |          |       |  Time   |   Time   | 
     |------------------------------+-------------+----------+-------+---------+----------| 
     |                              | wb_rst_i v  |          |       |   0.567 |    3.200 | 
     | FE_OFC3_wb_rst_i             | A v -> Y v  | BUFX2    | 0.111 |   0.678 |    3.311 | 
     | g490                         | A v -> Y ^  | INVX2    | 0.115 |   0.793 |    3.426 | 
     | picorv32_core_g88380__4319   | C ^ -> Y v  | NAND3BXL | 0.097 |   0.891 |    3.523 | 
     | picorv32_core_g195436        | B v -> Y ^  | NAND2X1  | 0.027 |   0.918 |    3.550 | 
     | picorv32_core_g195174        | B ^ -> Y v  | NAND2BX1 | 0.018 |   0.936 |    3.569 | 
     | picorv32_core_g194815        | B v -> Y v  | OR2X1    | 0.025 |   0.961 |    3.594 | 
     | picorv32_core_g193791        | C v -> Y ^  | NAND3X1  | 0.009 |   0.970 |    3.603 | 
     | picorv32_core_g193647        | B ^ -> Y ^  | AND2X1   | 0.114 |   1.085 |    3.717 | 
     | picorv32_core_g193508        | A ^ -> Y v  | INVX1    | 0.067 |   1.151 |    3.784 | 
     | picorv32_core_g193045        | B v -> Y ^  | NOR2X2   | 0.104 |   1.255 |    3.888 | 
     | picorv32_core_g192393        | A1 ^ -> Y v | AOI22X1  | 0.061 |   1.316 |    3.949 | 
     | picorv32_core_g190645__6131  | C0 v -> Y ^ | OAI221X1 | 0.017 |   1.333 |    3.965 | 
     | picorv32_core_reg_op1_reg[5] | D ^         | DFFX1    | 0.000 |   1.333 |    3.965 | 
     +------------------------------------------------------------------------------------+ 
Path 35: MET Setup Check with Pin picorv32_core_reg_op1_reg[10]/CK 
Endpoint:   picorv32_core_reg_op1_reg[10]/D (^) checked with  leading edge of 
'clk'
Beginpoint: wb_rst_i                        (v) triggered by  leading edge of 
'clk'
Path Groups: {I2R}
Analysis View: analysis1
Other End Arrival Time          0.004
- Setup                         0.018
+ Phase Shift                   4.000
- Uncertainty                   0.020
= Required Time                 3.967
- Arrival Time                  1.334
= Slack Time                    2.633
     Clock Rise Edge                      0.000
     + Input Delay                        0.500
     + Drive Adjustment                   0.067
     = Beginpoint Arrival Time            0.567
     +-------------------------------------------------------------------------------------+ 
     |           Instance            |     Arc     |   Cell   | Delay | Arrival | Required | 
     |                               |             |          |       |  Time   |   Time   | 
     |-------------------------------+-------------+----------+-------+---------+----------| 
     |                               | wb_rst_i v  |          |       |   0.567 |    3.200 | 
     | FE_OFC3_wb_rst_i              | A v -> Y v  | BUFX2    | 0.111 |   0.678 |    3.311 | 
     | g490                          | A v -> Y ^  | INVX2    | 0.115 |   0.793 |    3.426 | 
     | picorv32_core_g88380__4319    | C ^ -> Y v  | NAND3BXL | 0.097 |   0.891 |    3.523 | 
     | picorv32_core_g195436         | B v -> Y ^  | NAND2X1  | 0.027 |   0.918 |    3.550 | 
     | picorv32_core_g195174         | B ^ -> Y v  | NAND2BX1 | 0.018 |   0.936 |    3.569 | 
     | picorv32_core_g194815         | B v -> Y v  | OR2X1    | 0.025 |   0.961 |    3.594 | 
     | picorv32_core_g193791         | C v -> Y ^  | NAND3X1  | 0.009 |   0.970 |    3.603 | 
     | picorv32_core_g193647         | B ^ -> Y ^  | AND2X1   | 0.114 |   1.085 |    3.717 | 
     | picorv32_core_g193508         | A ^ -> Y v  | INVX1    | 0.067 |   1.151 |    3.784 | 
     | picorv32_core_g193045         | B v -> Y ^  | NOR2X2   | 0.104 |   1.255 |    3.888 | 
     | picorv32_core_g192398         | A1 ^ -> Y v | AOI22X1  | 0.061 |   1.317 |    3.949 | 
     | picorv32_core_g190650__6161   | C0 v -> Y ^ | OAI221X1 | 0.017 |   1.334 |    3.967 | 
     | picorv32_core_reg_op1_reg[10] | D ^         | DFFX1    | 0.000 |   1.334 |    3.967 | 
     +-------------------------------------------------------------------------------------+ 
Path 36: MET Setup Check with Pin picorv32_core_reg_op1_reg[8]/CK 
Endpoint:   picorv32_core_reg_op1_reg[8]/D (^) checked with  leading edge of 
'clk'
Beginpoint: wb_rst_i                       (v) triggered by  leading edge of 
'clk'
Path Groups: {I2R}
Analysis View: analysis1
Other End Arrival Time          0.004
- Setup                         0.018
+ Phase Shift                   4.000
- Uncertainty                   0.020
= Required Time                 3.967
- Arrival Time                  1.334
= Slack Time                    2.633
     Clock Rise Edge                      0.000
     + Input Delay                        0.500
     + Drive Adjustment                   0.067
     = Beginpoint Arrival Time            0.567
     +------------------------------------------------------------------------------------+ 
     |           Instance           |     Arc     |   Cell   | Delay | Arrival | Required | 
     |                              |             |          |       |  Time   |   Time   | 
     |------------------------------+-------------+----------+-------+---------+----------| 
     |                              | wb_rst_i v  |          |       |   0.567 |    3.200 | 
     | FE_OFC3_wb_rst_i             | A v -> Y v  | BUFX2    | 0.111 |   0.678 |    3.311 | 
     | g490                         | A v -> Y ^  | INVX2    | 0.115 |   0.793 |    3.426 | 
     | picorv32_core_g88380__4319   | C ^ -> Y v  | NAND3BXL | 0.097 |   0.891 |    3.524 | 
     | picorv32_core_g195436        | B v -> Y ^  | NAND2X1  | 0.027 |   0.918 |    3.551 | 
     | picorv32_core_g195174        | B ^ -> Y v  | NAND2BX1 | 0.018 |   0.936 |    3.569 | 
     | picorv32_core_g194815        | B v -> Y v  | OR2X1    | 0.025 |   0.961 |    3.594 | 
     | picorv32_core_g193791        | C v -> Y ^  | NAND3X1  | 0.009 |   0.970 |    3.603 | 
     | picorv32_core_g193647        | B ^ -> Y ^  | AND2X1   | 0.114 |   1.085 |    3.718 | 
     | picorv32_core_g193508        | A ^ -> Y v  | INVX1    | 0.067 |   1.151 |    3.784 | 
     | picorv32_core_g193045        | B v -> Y ^  | NOR2X2   | 0.104 |   1.255 |    3.888 | 
     | picorv32_core_g192396        | A1 ^ -> Y v | AOI22X1  | 0.061 |   1.316 |    3.949 | 
     | picorv32_core_g190649__4733  | C0 v -> Y ^ | OAI221X1 | 0.018 |   1.334 |    3.966 | 
     | picorv32_core_reg_op1_reg[8] | D ^         | DFFX1    | 0.000 |   1.334 |    3.967 | 
     +------------------------------------------------------------------------------------+ 
Path 37: MET Setup Check with Pin picorv32_core_reg_op1_reg[29]/CK 
Endpoint:   picorv32_core_reg_op1_reg[29]/D (^) checked with  leading edge of 
'clk'
Beginpoint: wb_rst_i                        (v) triggered by  leading edge of 
'clk'
Path Groups: {I2R}
Analysis View: analysis1
Other End Arrival Time          0.003
- Setup                         0.019
+ Phase Shift                   4.000
- Uncertainty                   0.020
= Required Time                 3.965
- Arrival Time                  1.332
= Slack Time                    2.633
     Clock Rise Edge                      0.000
     + Input Delay                        0.500
     + Drive Adjustment                   0.067
     = Beginpoint Arrival Time            0.567
     +-------------------------------------------------------------------------------------+ 
     |           Instance            |     Arc     |   Cell   | Delay | Arrival | Required | 
     |                               |             |          |       |  Time   |   Time   | 
     |-------------------------------+-------------+----------+-------+---------+----------| 
     |                               | wb_rst_i v  |          |       |   0.567 |    3.200 | 
     | FE_OFC3_wb_rst_i              | A v -> Y v  | BUFX2    | 0.111 |   0.678 |    3.311 | 
     | g490                          | A v -> Y ^  | INVX2    | 0.115 |   0.793 |    3.427 | 
     | picorv32_core_g88380__4319    | C ^ -> Y v  | NAND3BXL | 0.097 |   0.891 |    3.524 | 
     | picorv32_core_g195436         | B v -> Y ^  | NAND2X1  | 0.027 |   0.918 |    3.551 | 
     | picorv32_core_g195174         | B ^ -> Y v  | NAND2BX1 | 0.018 |   0.936 |    3.569 | 
     | picorv32_core_g194815         | B v -> Y v  | OR2X1    | 0.025 |   0.961 |    3.595 | 
     | picorv32_core_g193791         | C v -> Y ^  | NAND3X1  | 0.009 |   0.970 |    3.603 | 
     | picorv32_core_g193647         | B ^ -> Y ^  | AND2X1   | 0.114 |   1.085 |    3.718 | 
     | picorv32_core_g193508         | A ^ -> Y v  | INVX1    | 0.067 |   1.151 |    3.785 | 
     | picorv32_core_g193045         | B v -> Y ^  | NOR2X2   | 0.104 |   1.255 |    3.888 | 
     | picorv32_core_g192417         | A0 ^ -> Y v | AOI22X1  | 0.058 |   1.313 |    3.946 | 
     | picorv32_core_g190669__1617   | C0 v -> Y ^ | OAI221X1 | 0.018 |   1.331 |    3.965 | 
     | picorv32_core_reg_op1_reg[29] | D ^         | DFFHQX1  | 0.000 |   1.332 |    3.965 | 
     +-------------------------------------------------------------------------------------+ 
Path 38: MET Setup Check with Pin picorv32_core_reg_op1_reg[12]/CK 
Endpoint:   picorv32_core_reg_op1_reg[12]/D (^) checked with  leading edge of 
'clk'
Beginpoint: wb_rst_i                        (v) triggered by  leading edge of 
'clk'
Path Groups: {I2R}
Analysis View: analysis1
Other End Arrival Time          0.004
- Setup                         0.018
+ Phase Shift                   4.000
- Uncertainty                   0.020
= Required Time                 3.967
- Arrival Time                  1.333
= Slack Time                    2.633
     Clock Rise Edge                      0.000
     + Input Delay                        0.500
     + Drive Adjustment                   0.067
     = Beginpoint Arrival Time            0.567
     +-------------------------------------------------------------------------------------+ 
     |           Instance            |     Arc     |   Cell   | Delay | Arrival | Required | 
     |                               |             |          |       |  Time   |   Time   | 
     |-------------------------------+-------------+----------+-------+---------+----------| 
     |                               | wb_rst_i v  |          |       |   0.567 |    3.201 | 
     | FE_OFC3_wb_rst_i              | A v -> Y v  | BUFX2    | 0.111 |   0.678 |    3.312 | 
     | g490                          | A v -> Y ^  | INVX2    | 0.115 |   0.793 |    3.427 | 
     | picorv32_core_g88380__4319    | C ^ -> Y v  | NAND3BXL | 0.097 |   0.891 |    3.524 | 
     | picorv32_core_g195436         | B v -> Y ^  | NAND2X1  | 0.027 |   0.918 |    3.551 | 
     | picorv32_core_g195174         | B ^ -> Y v  | NAND2BX1 | 0.018 |   0.936 |    3.569 | 
     | picorv32_core_g194815         | B v -> Y v  | OR2X1    | 0.025 |   0.961 |    3.595 | 
     | picorv32_core_g193791         | C v -> Y ^  | NAND3X1  | 0.009 |   0.970 |    3.604 | 
     | picorv32_core_g193647         | B ^ -> Y ^  | AND2X1   | 0.114 |   1.085 |    3.718 | 
     | picorv32_core_g193508         | A ^ -> Y v  | INVX1    | 0.067 |   1.151 |    3.785 | 
     | picorv32_core_g193045         | B v -> Y ^  | NOR2X2   | 0.104 |   1.255 |    3.889 | 
     | picorv32_core_g192400         | A1 ^ -> Y v | AOI22X1  | 0.061 |   1.316 |    3.950 | 
     | picorv32_core_g190597__2883   | C0 v -> Y ^ | OAI221X1 | 0.017 |   1.333 |    3.967 | 
     | picorv32_core_reg_op1_reg[12] | D ^         | DFFX1    | 0.000 |   1.333 |    3.967 | 
     +-------------------------------------------------------------------------------------+ 
Path 39: MET Setup Check with Pin picorv32_core_reg_op1_reg[6]/CK 
Endpoint:   picorv32_core_reg_op1_reg[6]/D (^) checked with  leading edge of 
'clk'
Beginpoint: wb_rst_i                       (v) triggered by  leading edge of 
'clk'
Path Groups: {I2R}
Analysis View: analysis1
Other End Arrival Time          0.004
- Setup                         0.018
+ Phase Shift                   4.000
- Uncertainty                   0.020
= Required Time                 3.966
- Arrival Time                  1.332
= Slack Time                    2.633
     Clock Rise Edge                      0.000
     + Input Delay                        0.500
     + Drive Adjustment                   0.067
     = Beginpoint Arrival Time            0.567
     +------------------------------------------------------------------------------------+ 
     |           Instance           |     Arc     |   Cell   | Delay | Arrival | Required | 
     |                              |             |          |       |  Time   |   Time   | 
     |------------------------------+-------------+----------+-------+---------+----------| 
     |                              | wb_rst_i v  |          |       |   0.567 |    3.201 | 
     | FE_OFC3_wb_rst_i             | A v -> Y v  | BUFX2    | 0.111 |   0.678 |    3.312 | 
     | g490                         | A v -> Y ^  | INVX2    | 0.115 |   0.793 |    3.427 | 
     | picorv32_core_g88380__4319   | C ^ -> Y v  | NAND3BXL | 0.097 |   0.891 |    3.524 | 
     | picorv32_core_g195436        | B v -> Y ^  | NAND2X1  | 0.027 |   0.918 |    3.551 | 
     | picorv32_core_g195174        | B ^ -> Y v  | NAND2BX1 | 0.018 |   0.936 |    3.569 | 
     | picorv32_core_g194815        | B v -> Y v  | OR2X1    | 0.025 |   0.961 |    3.595 | 
     | picorv32_core_g193791        | C v -> Y ^  | NAND3X1  | 0.009 |   0.970 |    3.604 | 
     | picorv32_core_g193647        | B ^ -> Y ^  | AND2X1   | 0.114 |   1.085 |    3.718 | 
     | picorv32_core_g193508        | A ^ -> Y v  | INVX1    | 0.067 |   1.151 |    3.785 | 
     | picorv32_core_g193045        | B v -> Y ^  | NOR2X2   | 0.104 |   1.255 |    3.889 | 
     | picorv32_core_g192394        | A1 ^ -> Y v | AOI22X1  | 0.060 |   1.315 |    3.949 | 
     | picorv32_core_g190646__1881  | C0 v -> Y ^ | OAI221X1 | 0.017 |   1.332 |    3.966 | 
     | picorv32_core_reg_op1_reg[6] | D ^         | DFFX1    | 0.000 |   1.332 |    3.966 | 
     +------------------------------------------------------------------------------------+ 
Path 40: MET Setup Check with Pin picorv32_core_reg_op1_reg[3]/CK 
Endpoint:   picorv32_core_reg_op1_reg[3]/D (^) checked with  leading edge of 
'clk'
Beginpoint: wb_rst_i                       (v) triggered by  leading edge of 
'clk'
Path Groups: {I2R}
Analysis View: analysis1
Other End Arrival Time          0.003
- Setup                         0.017
+ Phase Shift                   4.000
- Uncertainty                   0.020
= Required Time                 3.965
- Arrival Time                  1.332
= Slack Time                    2.634
     Clock Rise Edge                      0.000
     + Input Delay                        0.500
     + Drive Adjustment                   0.067
     = Beginpoint Arrival Time            0.567
     +------------------------------------------------------------------------------------+ 
     |           Instance           |     Arc     |   Cell   | Delay | Arrival | Required | 
     |                              |             |          |       |  Time   |   Time   | 
     |------------------------------+-------------+----------+-------+---------+----------| 
     |                              | wb_rst_i v  |          |       |   0.567 |    3.201 | 
     | FE_OFC3_wb_rst_i             | A v -> Y v  | BUFX2    | 0.111 |   0.678 |    3.312 | 
     | g490                         | A v -> Y ^  | INVX2    | 0.115 |   0.793 |    3.427 | 
     | picorv32_core_g88380__4319   | C ^ -> Y v  | NAND3BXL | 0.097 |   0.891 |    3.524 | 
     | picorv32_core_g195436        | B v -> Y ^  | NAND2X1  | 0.027 |   0.918 |    3.551 | 
     | picorv32_core_g195174        | B ^ -> Y v  | NAND2BX1 | 0.018 |   0.936 |    3.569 | 
     | picorv32_core_g194815        | B v -> Y v  | OR2X1    | 0.025 |   0.961 |    3.595 | 
     | picorv32_core_g193791        | C v -> Y ^  | NAND3X1  | 0.009 |   0.970 |    3.604 | 
     | picorv32_core_g193647        | B ^ -> Y ^  | AND2X1   | 0.114 |   1.085 |    3.718 | 
     | picorv32_core_g193508        | A ^ -> Y v  | INVX1    | 0.067 |   1.151 |    3.785 | 
     | picorv32_core_g193045        | B v -> Y ^  | NOR2X2   | 0.104 |   1.255 |    3.889 | 
     | picorv32_core_g192391        | A1 ^ -> Y v | AOI22X1  | 0.060 |   1.315 |    3.949 | 
     | picorv32_core_g190643__8246  | C0 v -> Y ^ | OAI221X1 | 0.016 |   1.332 |    3.965 | 
     | picorv32_core_reg_op1_reg[3] | D ^         | DFFX1    | 0.000 |   1.332 |    3.965 | 
     +------------------------------------------------------------------------------------+ 
Path 41: MET Setup Check with Pin picorv32_core_reg_op1_reg[7]/CK 
Endpoint:   picorv32_core_reg_op1_reg[7]/D (^) checked with  leading edge of 
'clk'
Beginpoint: wb_rst_i                       (v) triggered by  leading edge of 
'clk'
Path Groups: {I2R}
Analysis View: analysis1
Other End Arrival Time          0.004
- Setup                         0.018
+ Phase Shift                   4.000
- Uncertainty                   0.020
= Required Time                 3.967
- Arrival Time                  1.332
= Slack Time                    2.634
     Clock Rise Edge                      0.000
     + Input Delay                        0.500
     + Drive Adjustment                   0.067
     = Beginpoint Arrival Time            0.567
     +------------------------------------------------------------------------------------+ 
     |           Instance           |     Arc     |   Cell   | Delay | Arrival | Required | 
     |                              |             |          |       |  Time   |   Time   | 
     |------------------------------+-------------+----------+-------+---------+----------| 
     |                              | wb_rst_i v  |          |       |   0.567 |    3.201 | 
     | FE_OFC3_wb_rst_i             | A v -> Y v  | BUFX2    | 0.111 |   0.678 |    3.312 | 
     | g490                         | A v -> Y ^  | INVX2    | 0.115 |   0.793 |    3.427 | 
     | picorv32_core_g88380__4319   | C ^ -> Y v  | NAND3BXL | 0.097 |   0.891 |    3.525 | 
     | picorv32_core_g195436        | B v -> Y ^  | NAND2X1  | 0.027 |   0.918 |    3.552 | 
     | picorv32_core_g195174        | B ^ -> Y v  | NAND2BX1 | 0.018 |   0.936 |    3.570 | 
     | picorv32_core_g194815        | B v -> Y v  | OR2X1    | 0.025 |   0.961 |    3.595 | 
     | picorv32_core_g193791        | C v -> Y ^  | NAND3X1  | 0.009 |   0.970 |    3.604 | 
     | picorv32_core_g193647        | B ^ -> Y ^  | AND2X1   | 0.114 |   1.085 |    3.719 | 
     | picorv32_core_g193508        | A ^ -> Y v  | INVX1    | 0.067 |   1.151 |    3.785 | 
     | picorv32_core_g193045        | B v -> Y ^  | NOR2X2   | 0.104 |   1.255 |    3.889 | 
     | picorv32_core_g192395        | A1 ^ -> Y v | AOI22X1  | 0.060 |   1.316 |    3.950 | 
     | picorv32_core_g190647__5115  | C0 v -> Y ^ | OAI221X1 | 0.017 |   1.332 |    3.967 | 
     | picorv32_core_reg_op1_reg[7] | D ^         | DFFX1    | 0.000 |   1.332 |    3.967 | 
     +------------------------------------------------------------------------------------+ 
Path 42: MET Setup Check with Pin picorv32_core_reg_op1_reg[11]/CK 
Endpoint:   picorv32_core_reg_op1_reg[11]/D (^) checked with  leading edge of 
'clk'
Beginpoint: wb_rst_i                        (v) triggered by  leading edge of 
'clk'
Path Groups: {I2R}
Analysis View: analysis1
Other End Arrival Time          0.004
- Setup                         0.018
+ Phase Shift                   4.000
- Uncertainty                   0.020
= Required Time                 3.967
- Arrival Time                  1.333
= Slack Time                    2.634
     Clock Rise Edge                      0.000
     + Input Delay                        0.500
     + Drive Adjustment                   0.067
     = Beginpoint Arrival Time            0.567
     +-------------------------------------------------------------------------------------+ 
     |           Instance            |     Arc     |   Cell   | Delay | Arrival | Required | 
     |                               |             |          |       |  Time   |   Time   | 
     |-------------------------------+-------------+----------+-------+---------+----------| 
     |                               | wb_rst_i v  |          |       |   0.567 |    3.201 | 
     | FE_OFC3_wb_rst_i              | A v -> Y v  | BUFX2    | 0.111 |   0.678 |    3.312 | 
     | g490                          | A v -> Y ^  | INVX2    | 0.115 |   0.793 |    3.428 | 
     | picorv32_core_g88380__4319    | C ^ -> Y v  | NAND3BXL | 0.097 |   0.891 |    3.525 | 
     | picorv32_core_g195436         | B v -> Y ^  | NAND2X1  | 0.027 |   0.918 |    3.552 | 
     | picorv32_core_g195174         | B ^ -> Y v  | NAND2BX1 | 0.018 |   0.936 |    3.570 | 
     | picorv32_core_g194815         | B v -> Y v  | OR2X1    | 0.025 |   0.961 |    3.596 | 
     | picorv32_core_g193791         | C v -> Y ^  | NAND3X1  | 0.009 |   0.970 |    3.605 | 
     | picorv32_core_g193647         | B ^ -> Y ^  | AND2X1   | 0.114 |   1.085 |    3.719 | 
     | picorv32_core_g193508         | A ^ -> Y v  | INVX1    | 0.067 |   1.151 |    3.786 | 
     | picorv32_core_g193045         | B v -> Y ^  | NOR2X2   | 0.104 |   1.255 |    3.890 | 
     | picorv32_core_g192399         | A1 ^ -> Y v | AOI22X1  | 0.060 |   1.316 |    3.950 | 
     | picorv32_core_g190598__2346   | C0 v -> Y ^ | OAI221X1 | 0.017 |   1.333 |    3.967 | 
     | picorv32_core_reg_op1_reg[11] | D ^         | DFFX1    | 0.000 |   1.333 |    3.967 | 
     +-------------------------------------------------------------------------------------+ 
Path 43: MET Setup Check with Pin picorv32_core_reg_op1_reg[27]/CK 
Endpoint:   picorv32_core_reg_op1_reg[27]/D (^) checked with  leading edge of 
'clk'
Beginpoint: wb_rst_i                        (v) triggered by  leading edge of 
'clk'
Path Groups: {I2R}
Analysis View: analysis1
Other End Arrival Time          0.002
- Setup                         0.018
+ Phase Shift                   4.000
- Uncertainty                   0.020
= Required Time                 3.964
- Arrival Time                  1.329
= Slack Time                    2.635
     Clock Rise Edge                      0.000
     + Input Delay                        0.500
     + Drive Adjustment                   0.067
     = Beginpoint Arrival Time            0.567
     +-------------------------------------------------------------------------------------+ 
     |           Instance            |     Arc     |   Cell   | Delay | Arrival | Required | 
     |                               |             |          |       |  Time   |   Time   | 
     |-------------------------------+-------------+----------+-------+---------+----------| 
     |                               | wb_rst_i v  |          |       |   0.567 |    3.202 | 
     | FE_OFC3_wb_rst_i              | A v -> Y v  | BUFX2    | 0.111 |   0.678 |    3.313 | 
     | g490                          | A v -> Y ^  | INVX2    | 0.115 |   0.793 |    3.428 | 
     | picorv32_core_g88380__4319    | C ^ -> Y v  | NAND3BXL | 0.097 |   0.891 |    3.525 | 
     | picorv32_core_g195436         | B v -> Y ^  | NAND2X1  | 0.027 |   0.918 |    3.552 | 
     | picorv32_core_g195174         | B ^ -> Y v  | NAND2BX1 | 0.018 |   0.936 |    3.571 | 
     | picorv32_core_g194815         | B v -> Y v  | OR2X1    | 0.025 |   0.961 |    3.596 | 
     | picorv32_core_g193791         | C v -> Y ^  | NAND3X1  | 0.009 |   0.970 |    3.605 | 
     | picorv32_core_g193647         | B ^ -> Y ^  | AND2X1   | 0.114 |   1.085 |    3.719 | 
     | picorv32_core_g193508         | A ^ -> Y v  | INVX1    | 0.067 |   1.151 |    3.786 | 
     | picorv32_core_g193045         | B v -> Y ^  | NOR2X2   | 0.104 |   1.255 |    3.890 | 
     | picorv32_core_g192415         | A0 ^ -> Y v | AOI22X1  | 0.057 |   1.312 |    3.947 | 
     | picorv32_core_g190667__6783   | C0 v -> Y ^ | OAI221X1 | 0.017 |   1.329 |    3.964 | 
     | picorv32_core_reg_op1_reg[27] | D ^         | DFFHQX1  | 0.000 |   1.329 |    3.964 | 
     +-------------------------------------------------------------------------------------+ 
Path 44: MET Setup Check with Pin picorv32_core_reg_op1_reg[31]/CK 
Endpoint:   picorv32_core_reg_op1_reg[31]/D (^) checked with  leading edge of 
'clk'
Beginpoint: wb_rst_i                        (v) triggered by  leading edge of 
'clk'
Path Groups: {I2R}
Analysis View: analysis1
Other End Arrival Time          0.004
- Setup                         0.019
+ Phase Shift                   4.000
- Uncertainty                   0.020
= Required Time                 3.965
- Arrival Time                  1.330
= Slack Time                    2.635
     Clock Rise Edge                      0.000
     + Input Delay                        0.500
     + Drive Adjustment                   0.067
     = Beginpoint Arrival Time            0.567
     +-------------------------------------------------------------------------------------+ 
     |           Instance            |     Arc     |   Cell   | Delay | Arrival | Required | 
     |                               |             |          |       |  Time   |   Time   | 
     |-------------------------------+-------------+----------+-------+---------+----------| 
     |                               | wb_rst_i v  |          |       |   0.567 |    3.202 | 
     | FE_OFC3_wb_rst_i              | A v -> Y v  | BUFX2    | 0.111 |   0.678 |    3.313 | 
     | g490                          | A v -> Y ^  | INVX2    | 0.115 |   0.793 |    3.428 | 
     | picorv32_core_g88380__4319    | C ^ -> Y v  | NAND3BXL | 0.097 |   0.891 |    3.526 | 
     | picorv32_core_g195436         | B v -> Y ^  | NAND2X1  | 0.027 |   0.918 |    3.553 | 
     | picorv32_core_g195174         | B ^ -> Y v  | NAND2BX1 | 0.018 |   0.936 |    3.571 | 
     | picorv32_core_g194815         | B v -> Y v  | OR2X1    | 0.025 |   0.961 |    3.596 | 
     | picorv32_core_g193791         | C v -> Y ^  | NAND3X1  | 0.009 |   0.970 |    3.605 | 
     | picorv32_core_g193647         | B ^ -> Y ^  | AND2X1   | 0.114 |   1.085 |    3.720 | 
     | picorv32_core_g193508         | A ^ -> Y v  | INVX1    | 0.067 |   1.151 |    3.786 | 
     | picorv32_core_g193045         | B v -> Y ^  | NOR2X2   | 0.104 |   1.255 |    3.890 | 
     | picorv32_core_g192419         | A0 ^ -> Y v | AOI22X1  | 0.058 |   1.313 |    3.948 | 
     | picorv32_core_g190640__2802   | C0 v -> Y ^ | OAI221X1 | 0.017 |   1.330 |    3.965 | 
     | picorv32_core_reg_op1_reg[31] | D ^         | DFFHQX1  | 0.000 |   1.330 |    3.965 | 
     +-------------------------------------------------------------------------------------+ 
Path 45: MET Setup Check with Pin picorv32_core_reg_op1_reg[26]/CK 
Endpoint:   picorv32_core_reg_op1_reg[26]/D (^) checked with  leading edge of 
'clk'
Beginpoint: wb_rst_i                        (v) triggered by  leading edge of 
'clk'
Path Groups: {I2R}
Analysis View: analysis1
Other End Arrival Time          0.002
- Setup                         0.018
+ Phase Shift                   4.000
- Uncertainty                   0.020
= Required Time                 3.964
- Arrival Time                  1.329
= Slack Time                    2.635
     Clock Rise Edge                      0.000
     + Input Delay                        0.500
     + Drive Adjustment                   0.067
     = Beginpoint Arrival Time            0.567
     +-------------------------------------------------------------------------------------+ 
     |           Instance            |     Arc     |   Cell   | Delay | Arrival | Required | 
     |                               |             |          |       |  Time   |   Time   | 
     |-------------------------------+-------------+----------+-------+---------+----------| 
     |                               | wb_rst_i v  |          |       |   0.567 |    3.203 | 
     | FE_OFC3_wb_rst_i              | A v -> Y v  | BUFX2    | 0.111 |   0.678 |    3.314 | 
     | g490                          | A v -> Y ^  | INVX2    | 0.115 |   0.793 |    3.429 | 
     | picorv32_core_g88380__4319    | C ^ -> Y v  | NAND3BXL | 0.097 |   0.891 |    3.526 | 
     | picorv32_core_g195436         | B v -> Y ^  | NAND2X1  | 0.027 |   0.918 |    3.553 | 
     | picorv32_core_g195174         | B ^ -> Y v  | NAND2BX1 | 0.018 |   0.936 |    3.571 | 
     | picorv32_core_g194815         | B v -> Y v  | OR2X1    | 0.025 |   0.961 |    3.597 | 
     | picorv32_core_g193791         | C v -> Y ^  | NAND3X1  | 0.009 |   0.970 |    3.606 | 
     | picorv32_core_g193647         | B ^ -> Y ^  | AND2X1   | 0.114 |   1.085 |    3.720 | 
     | picorv32_core_g193508         | A ^ -> Y v  | INVX1    | 0.067 |   1.151 |    3.787 | 
     | picorv32_core_g193045         | B v -> Y ^  | NOR2X2   | 0.104 |   1.255 |    3.891 | 
     | picorv32_core_g192414         | A0 ^ -> Y v | AOI22X1  | 0.057 |   1.312 |    3.947 | 
     | picorv32_core_g190666__5526   | C0 v -> Y ^ | OAI221X1 | 0.017 |   1.329 |    3.964 | 
     | picorv32_core_reg_op1_reg[26] | D ^         | DFFHQX1  | 0.000 |   1.329 |    3.964 | 
     +-------------------------------------------------------------------------------------+ 
Path 46: MET Setup Check with Pin picorv32_core_reg_op1_reg[20]/CK 
Endpoint:   picorv32_core_reg_op1_reg[20]/D (^) checked with  leading edge of 
'clk'
Beginpoint: wb_rst_i                        (v) triggered by  leading edge of 
'clk'
Path Groups: {I2R}
Analysis View: analysis1
Other End Arrival Time          0.004
- Setup                         0.018
+ Phase Shift                   4.000
- Uncertainty                   0.020
= Required Time                 3.966
- Arrival Time                  1.330
= Slack Time                    2.636
     Clock Rise Edge                      0.000
     + Input Delay                        0.500
     + Drive Adjustment                   0.067
     = Beginpoint Arrival Time            0.567
     +-------------------------------------------------------------------------------------+ 
     |           Instance            |     Arc     |   Cell   | Delay | Arrival | Required | 
     |                               |             |          |       |  Time   |   Time   | 
     |-------------------------------+-------------+----------+-------+---------+----------| 
     |                               | wb_rst_i v  |          |       |   0.567 |    3.203 | 
     | FE_OFC3_wb_rst_i              | A v -> Y v  | BUFX2    | 0.111 |   0.678 |    3.314 | 
     | g490                          | A v -> Y ^  | INVX2    | 0.115 |   0.793 |    3.429 | 
     | picorv32_core_g88380__4319    | C ^ -> Y v  | NAND3BXL | 0.097 |   0.891 |    3.526 | 
     | picorv32_core_g195436         | B v -> Y ^  | NAND2X1  | 0.027 |   0.918 |    3.553 | 
     | picorv32_core_g195174         | B ^ -> Y v  | NAND2BX1 | 0.018 |   0.936 |    3.572 | 
     | picorv32_core_g194815         | B v -> Y v  | OR2X1    | 0.025 |   0.961 |    3.597 | 
     | picorv32_core_g193791         | C v -> Y ^  | NAND3X1  | 0.009 |   0.970 |    3.606 | 
     | picorv32_core_g193647         | B ^ -> Y ^  | AND2X1   | 0.114 |   1.085 |    3.720 | 
     | picorv32_core_g193508         | A ^ -> Y v  | INVX1    | 0.067 |   1.151 |    3.787 | 
     | picorv32_core_g193045         | B v -> Y ^  | NOR2X2   | 0.104 |   1.255 |    3.891 | 
     | picorv32_core_g192408         | A0 ^ -> Y v | AOI22X1  | 0.058 |   1.313 |    3.949 | 
     | picorv32_core_g190660__5477   | C0 v -> Y ^ | OAI221X1 | 0.017 |   1.330 |    3.966 | 
     | picorv32_core_reg_op1_reg[20] | D ^         | DFFX1    | 0.000 |   1.330 |    3.966 | 
     +-------------------------------------------------------------------------------------+ 
Path 47: MET Setup Check with Pin picorv32_core_reg_op1_reg[22]/CK 
Endpoint:   picorv32_core_reg_op1_reg[22]/D (^) checked with  leading edge of 
'clk'
Beginpoint: wb_rst_i                        (v) triggered by  leading edge of 
'clk'
Path Groups: {I2R}
Analysis View: analysis1
Other End Arrival Time          0.003
- Setup                         0.018
+ Phase Shift                   4.000
- Uncertainty                   0.020
= Required Time                 3.965
- Arrival Time                  1.329
= Slack Time                    2.636
     Clock Rise Edge                      0.000
     + Input Delay                        0.500
     + Drive Adjustment                   0.067
     = Beginpoint Arrival Time            0.567
     +-------------------------------------------------------------------------------------+ 
     |           Instance            |     Arc     |   Cell   | Delay | Arrival | Required | 
     |                               |             |          |       |  Time   |   Time   | 
     |-------------------------------+-------------+----------+-------+---------+----------| 
     |                               | wb_rst_i v  |          |       |   0.567 |    3.203 | 
     | FE_OFC3_wb_rst_i              | A v -> Y v  | BUFX2    | 0.111 |   0.678 |    3.314 | 
     | g490                          | A v -> Y ^  | INVX2    | 0.115 |   0.793 |    3.429 | 
     | picorv32_core_g88380__4319    | C ^ -> Y v  | NAND3BXL | 0.097 |   0.891 |    3.527 | 
     | picorv32_core_g195436         | B v -> Y ^  | NAND2X1  | 0.027 |   0.918 |    3.554 | 
     | picorv32_core_g195174         | B ^ -> Y v  | NAND2BX1 | 0.018 |   0.936 |    3.572 | 
     | picorv32_core_g194815         | B v -> Y v  | OR2X1    | 0.025 |   0.961 |    3.597 | 
     | picorv32_core_g193791         | C v -> Y ^  | NAND3X1  | 0.009 |   0.970 |    3.606 | 
     | picorv32_core_g193647         | B ^ -> Y ^  | AND2X1   | 0.114 |   1.085 |    3.721 | 
     | picorv32_core_g193508         | A ^ -> Y v  | INVX1    | 0.067 |   1.151 |    3.787 | 
     | picorv32_core_g193045         | B v -> Y ^  | NOR2X2   | 0.104 |   1.255 |    3.891 | 
     | picorv32_core_g192410         | A0 ^ -> Y v | AOI22X1  | 0.057 |   1.312 |    3.948 | 
     | picorv32_core_g190662__5107   | C0 v -> Y ^ | OAI221X1 | 0.017 |   1.329 |    3.965 | 
     | picorv32_core_reg_op1_reg[22] | D ^         | DFFHQX1  | 0.000 |   1.329 |    3.965 | 
     +-------------------------------------------------------------------------------------+ 
Path 48: MET Setup Check with Pin picorv32_core_reg_op1_reg[17]/CK 
Endpoint:   picorv32_core_reg_op1_reg[17]/D (^) checked with  leading edge of 
'clk'
Beginpoint: wb_rst_i                        (v) triggered by  leading edge of 
'clk'
Path Groups: {I2R}
Analysis View: analysis1
Other End Arrival Time          0.003
- Setup                         0.018
+ Phase Shift                   4.000
- Uncertainty                   0.020
= Required Time                 3.966
- Arrival Time                  1.330
= Slack Time                    2.636
     Clock Rise Edge                      0.000
     + Input Delay                        0.500
     + Drive Adjustment                   0.067
     = Beginpoint Arrival Time            0.567
     +-------------------------------------------------------------------------------------+ 
     |           Instance            |     Arc     |   Cell   | Delay | Arrival | Required | 
     |                               |             |          |       |  Time   |   Time   | 
     |-------------------------------+-------------+----------+-------+---------+----------| 
     |                               | wb_rst_i v  |          |       |   0.567 |    3.203 | 
     | FE_OFC3_wb_rst_i              | A v -> Y v  | BUFX2    | 0.111 |   0.678 |    3.314 | 
     | g490                          | A v -> Y ^  | INVX2    | 0.115 |   0.793 |    3.430 | 
     | picorv32_core_g88380__4319    | C ^ -> Y v  | NAND3BXL | 0.097 |   0.891 |    3.527 | 
     | picorv32_core_g195436         | B v -> Y ^  | NAND2X1  | 0.027 |   0.918 |    3.554 | 
     | picorv32_core_g195174         | B ^ -> Y v  | NAND2BX1 | 0.018 |   0.936 |    3.572 | 
     | picorv32_core_g194815         | B v -> Y v  | OR2X1    | 0.025 |   0.961 |    3.598 | 
     | picorv32_core_g193791         | C v -> Y ^  | NAND3X1  | 0.009 |   0.970 |    3.606 | 
     | picorv32_core_g193647         | B ^ -> Y ^  | AND2X1   | 0.114 |   1.085 |    3.721 | 
     | picorv32_core_g193508         | A ^ -> Y v  | INVX1    | 0.067 |   1.151 |    3.788 | 
     | picorv32_core_g193045         | B v -> Y ^  | NOR2X2   | 0.104 |   1.255 |    3.891 | 
     | picorv32_core_g192405         | A0 ^ -> Y v | AOI22X1  | 0.057 |   1.313 |    3.949 | 
     | picorv32_core_g190657__1666   | C0 v -> Y ^ | OAI221X1 | 0.017 |   1.330 |    3.966 | 
     | picorv32_core_reg_op1_reg[17] | D ^         | DFFX1    | 0.000 |   1.330 |    3.966 | 
     +-------------------------------------------------------------------------------------+ 
Path 49: MET Setup Check with Pin picorv32_core_reg_op1_reg[28]/CK 
Endpoint:   picorv32_core_reg_op1_reg[28]/D (^) checked with  leading edge of 
'clk'
Beginpoint: wb_rst_i                        (v) triggered by  leading edge of 
'clk'
Path Groups: {I2R}
Analysis View: analysis1
Other End Arrival Time          0.002
- Setup                         0.018
+ Phase Shift                   4.000
- Uncertainty                   0.020
= Required Time                 3.964
- Arrival Time                  1.328
= Slack Time                    2.636
     Clock Rise Edge                      0.000
     + Input Delay                        0.500
     + Drive Adjustment                   0.067
     = Beginpoint Arrival Time            0.567
     +-------------------------------------------------------------------------------------+ 
     |           Instance            |     Arc     |   Cell   | Delay | Arrival | Required | 
     |                               |             |          |       |  Time   |   Time   | 
     |-------------------------------+-------------+----------+-------+---------+----------| 
     |                               | wb_rst_i v  |          |       |   0.567 |    3.203 | 
     | FE_OFC3_wb_rst_i              | A v -> Y v  | BUFX2    | 0.111 |   0.678 |    3.314 | 
     | g490                          | A v -> Y ^  | INVX2    | 0.115 |   0.793 |    3.430 | 
     | picorv32_core_g88380__4319    | C ^ -> Y v  | NAND3BXL | 0.097 |   0.891 |    3.527 | 
     | picorv32_core_g195436         | B v -> Y ^  | NAND2X1  | 0.027 |   0.918 |    3.554 | 
     | picorv32_core_g195174         | B ^ -> Y v  | NAND2BX1 | 0.018 |   0.936 |    3.572 | 
     | picorv32_core_g194815         | B v -> Y v  | OR2X1    | 0.025 |   0.961 |    3.598 | 
     | picorv32_core_g193791         | C v -> Y ^  | NAND3X1  | 0.009 |   0.970 |    3.607 | 
     | picorv32_core_g193647         | B ^ -> Y ^  | AND2X1   | 0.114 |   1.085 |    3.721 | 
     | picorv32_core_g193508         | A ^ -> Y v  | INVX1    | 0.067 |   1.151 |    3.788 | 
     | picorv32_core_g193045         | B v -> Y ^  | NOR2X2   | 0.104 |   1.255 |    3.892 | 
     | picorv32_core_g192416         | A0 ^ -> Y v | AOI22X1  | 0.056 |   1.312 |    3.948 | 
     | picorv32_core_g190668__3680   | C0 v -> Y ^ | OAI221X1 | 0.016 |   1.328 |    3.964 | 
     | picorv32_core_reg_op1_reg[28] | D ^         | DFFHQX1  | 0.000 |   1.328 |    3.964 | 
     +-------------------------------------------------------------------------------------+ 
Path 50: MET Setup Check with Pin picorv32_core_reg_op1_reg[23]/CK 
Endpoint:   picorv32_core_reg_op1_reg[23]/D (^) checked with  leading edge of 
'clk'
Beginpoint: wb_rst_i                        (v) triggered by  leading edge of 
'clk'
Path Groups: {I2R}
Analysis View: analysis1
Other End Arrival Time          0.004
- Setup                         0.018
+ Phase Shift                   4.000
- Uncertainty                   0.020
= Required Time                 3.965
- Arrival Time                  1.329
= Slack Time                    2.636
     Clock Rise Edge                      0.000
     + Input Delay                        0.500
     + Drive Adjustment                   0.067
     = Beginpoint Arrival Time            0.567
     +-------------------------------------------------------------------------------------+ 
     |           Instance            |     Arc     |   Cell   | Delay | Arrival | Required | 
     |                               |             |          |       |  Time   |   Time   | 
     |-------------------------------+-------------+----------+-------+---------+----------| 
     |                               | wb_rst_i v  |          |       |   0.567 |    3.204 | 
     | FE_OFC3_wb_rst_i              | A v -> Y v  | BUFX2    | 0.111 |   0.678 |    3.315 | 
     | g490                          | A v -> Y ^  | INVX2    | 0.115 |   0.793 |    3.430 | 
     | picorv32_core_g88380__4319    | C ^ -> Y v  | NAND3BXL | 0.097 |   0.891 |    3.527 | 
     | picorv32_core_g195436         | B v -> Y ^  | NAND2X1  | 0.027 |   0.918 |    3.554 | 
     | picorv32_core_g195174         | B ^ -> Y v  | NAND2BX1 | 0.018 |   0.936 |    3.572 | 
     | picorv32_core_g194815         | B v -> Y v  | OR2X1    | 0.025 |   0.961 |    3.598 | 
     | picorv32_core_g193791         | C v -> Y ^  | NAND3X1  | 0.009 |   0.970 |    3.607 | 
     | picorv32_core_g193647         | B ^ -> Y ^  | AND2X1   | 0.114 |   1.085 |    3.721 | 
     | picorv32_core_g193508         | A ^ -> Y v  | INVX1    | 0.067 |   1.151 |    3.788 | 
     | picorv32_core_g193045         | B v -> Y ^  | NOR2X2   | 0.104 |   1.255 |    3.892 | 
     | picorv32_core_g192411         | A0 ^ -> Y v | AOI22X1  | 0.057 |   1.312 |    3.949 | 
     | picorv32_core_g190665__8428   | C0 v -> Y ^ | OAI221X1 | 0.017 |   1.329 |    3.965 | 
     | picorv32_core_reg_op1_reg[23] | D ^         | DFFHQX1  | 0.000 |   1.329 |    3.965 | 
     +-------------------------------------------------------------------------------------+ 

