Cadence Genus(TM) Synthesis Solution.
Copyright 2022 Cadence Design Systems, Inc. All rights reserved worldwide.
Cadence and the Cadence logo are registered trademarks and Genus is a trademark
of Cadence Design Systems, Inc. in the United States and other countries.

[17:49:27.187889] Configured Lic search path (21.01-s002): 5280@cadence.it.auth.gr

Version: 21.15-s080_1, built Fri Sep 23 02:57:55 PDT 2022
Options: 
Date:    Sun Nov 30 17:49:27 2025
Host:    cn88.it.auth.gr (x86_64 w/Linux 5.14.0-570.52.1.el9_6.x86_64) (12cores*12cpus*1physical cpu*Intel(R) Xeon(R) Gold 6230 CPU @ 2.10GHz 28160KB) (49034376KB)
PID:     785695
OS:      Rocky Linux release 9.6 (Blue Onyx)


[17:49:27.320499] Periodic Lic check successful
[17:49:27.320512] Feature usage summary:
[17:49:27.320513] Genus_Synthesis
Checking out license: Genus_Synthesis


***********************************************************************************************************
***********************************************************************************************************



Loading tool scripts...
Finished loading tool scripts (26 seconds elapsed).

WARNING: This version of the tool is 1164 days old.
@genus:root: 1> set_db library /mnt/apps/prebuilt/eda/designkits/GPDK/gsclib045/lan/flow/t1u1/reference_libs/GPDK045/gsclib045_svt_v4.4/gsclib045/timing/fast_vdd1v2_basicCells.lib

Threads Configured:3

  Message Summary for Library fast_vdd1v2_basicCells.lib:
  *******************************************************
  Missing a function attribute in the output pin definition. [LBR-518]: 1
  *******************************************************
 
Info    : Created nominal operating condition. [LBR-412]
        : Operating condition '_nominal_' was created for the PVT values (1.000000, 1.320000, 0.000000) in library 'fast_vdd1v2_basicCells.lib'.
        : The nominal operating condition is represented, either by the nominal PVT values specified in the library source (via nom_process,nom_voltage and nom_temperature respectively), or by the default PVT values (1.0,1.0,1.0).
Warning : Library cell has no output pins defined. [LBR-9]
        : Library cell 'ANTENNA' must have an output pin.
        : Add the missing output pin(s), then reload the library. Else the library cell will be marked as timing model i.e. unusable. Timing_model means that the cell does not have any defined function. If there is no output pin, Genus will mark library cell as unusable i.e. the attribute 'usable' will be marked to 'false' on the libcell. Therefore, the cell is not used for mapping and it will not be picked up from the library for synthesis. If you query the attribute 'unusable_reason' on the libcell; result will be: 'Library cell has no output pins.'Note: The message LBR-9 is only for the logical pins and not for the power_ground pins. Genus will depend upon the output function defined in the pin group (output pin) of the cell, to use it for mapping. The pg_pin will not have any function defined.
Warning : Library cell has no output pins defined. [LBR-9]
        : Library cell 'ANTENNA' must have an output pin.
Warning : Library cell has no output pins defined. [LBR-9]
        : Library cell 'DECAP10' must have an output pin.
Warning : Library cell has no output pins defined. [LBR-9]
        : Library cell 'DECAP10' must have an output pin.
Warning : Library cell has no output pins defined. [LBR-9]
        : Library cell 'DECAP2' must have an output pin.
Warning : Library cell has no output pins defined. [LBR-9]
        : Library cell 'DECAP2' must have an output pin.
Warning : Library cell has no output pins defined. [LBR-9]
        : Library cell 'DECAP3' must have an output pin.
Warning : Library cell has no output pins defined. [LBR-9]
        : Library cell 'DECAP3' must have an output pin.
Warning : Library cell has no output pins defined. [LBR-9]
        : Library cell 'DECAP4' must have an output pin.
Warning : Library cell has no output pins defined. [LBR-9]
        : Library cell 'DECAP4' must have an output pin.
Warning : Library cell has no output pins defined. [LBR-9]
        : Library cell 'DECAP5' must have an output pin.
Warning : Library cell has no output pins defined. [LBR-9]
        : Library cell 'DECAP5' must have an output pin.
Warning : Library cell has no output pins defined. [LBR-9]
        : Library cell 'DECAP6' must have an output pin.
Warning : Library cell has no output pins defined. [LBR-9]
        : Library cell 'DECAP6' must have an output pin.
Warning : Library cell has no output pins defined. [LBR-9]
        : Library cell 'DECAP7' must have an output pin.
Warning : Library cell has no output pins defined. [LBR-9]
        : Library cell 'DECAP7' must have an output pin.
Warning : Library cell has no output pins defined. [LBR-9]
        : Library cell 'DECAP8' must have an output pin.
Warning : Library cell has no output pins defined. [LBR-9]
        : Library cell 'DECAP8' must have an output pin.
Warning : Library cell has no output pins defined. [LBR-9]
        : Library cell 'DECAP9' must have an output pin.
Warning : Library cell has no output pins defined. [LBR-9]
        : Library cell 'DECAP9' must have an output pin.
  Setting attribute of root '/': 'library' = /mnt/apps/prebuilt/eda/designkits/GPDK/gsclib045/lan/flow/t1u1/reference_libs/GPDK045/gsclib045_svt_v4.4/gsclib045/timing/fast_vdd1v2_basicCells.lib
1 /mnt/apps/prebuilt/eda/designkits/GPDK/gsclib045/lan/flow/t1u1/reference_libs/GPDK045/gsclib045_svt_v4.4/gsclib045/timing/fast_vdd1v2_basicCells.lib
@genus:root: 2> 
@genus:root: 2> set_db lef_library {/mnt/apps/prebuilt/eda/designkits/GPDK/gsclib045/lan/flow/t1u1/reference_libs/GPDK045/gsclib045_svt_v4.4/gsclib045/lef/gsclib045_tech.lef /mnt/apps/prebuilt/eda/designkits/GPDK/gsclib045/lan/flow/t1u1/reference_libs/GPDK045/gsclib045_svt_v4.4/gsclib045/lef/gsclib045_macro.lef }
Info    : Via with no resistance will have a value of '0.0' assigned for resistance value. [PHYS-129]
        : Via 'M2_M1_HV' has no resistance value.
        : If this is the expected behavior, this message can be ignored.
Info    : Via with no resistance will have a value of '0.0' assigned for resistance value. [PHYS-129]
        : Via 'M2_M1_VV' has no resistance value.
Info    : Via with no resistance will have a value of '0.0' assigned for resistance value. [PHYS-129]
        : Via 'M2_M1_VH' has no resistance value.
Info    : Via with no resistance will have a value of '0.0' assigned for resistance value. [PHYS-129]
        : Via 'M2_M1_HH' has no resistance value.
Info    : Via with no resistance will have a value of '0.0' assigned for resistance value. [PHYS-129]
        : Via 'M2_M1_2x1_HV_E' has no resistance value.
Info    : Via with no resistance will have a value of '0.0' assigned for resistance value. [PHYS-129]
        : Via 'M2_M1_2x1_HV_W' has no resistance value.
Info    : Via with no resistance will have a value of '0.0' assigned for resistance value. [PHYS-129]
        : Via 'M2_M1_1x2_HV_N' has no resistance value.
Info    : Via with no resistance will have a value of '0.0' assigned for resistance value. [PHYS-129]
        : Via 'M2_M1_1x2_HV_S' has no resistance value.
Info    : Via with no resistance will have a value of '0.0' assigned for resistance value. [PHYS-129]
        : Via 'M3_M2_VH' has no resistance value.
Info    : Via with no resistance will have a value of '0.0' assigned for resistance value. [PHYS-129]
        : Via 'M3_M2_HH' has no resistance value.
Info    : Via with no resistance will have a value of '0.0' assigned for resistance value. [PHYS-129]
        : Via 'M3_M2_HV' has no resistance value.
Info    : Via with no resistance will have a value of '0.0' assigned for resistance value. [PHYS-129]
        : Via 'M3_M2_VV' has no resistance value.
Info    : Via with no resistance will have a value of '0.0' assigned for resistance value. [PHYS-129]
        : Via 'M3_M2_M_NH' has no resistance value.
Info    : Via with no resistance will have a value of '0.0' assigned for resistance value. [PHYS-129]
        : Via 'M3_M2_M_SH' has no resistance value.
Info    : Via with no resistance will have a value of '0.0' assigned for resistance value. [PHYS-129]
        : Via 'M3_M2_2x1_VH_E' has no resistance value.
Info    : Via with no resistance will have a value of '0.0' assigned for resistance value. [PHYS-129]
        : Via 'M3_M2_2x1_VH_W' has no resistance value.
Info    : Via with no resistance will have a value of '0.0' assigned for resistance value. [PHYS-129]
        : Via 'M3_M2_1x2_VH_N' has no resistance value.
Info    : Via with no resistance will have a value of '0.0' assigned for resistance value. [PHYS-129]
        : Via 'M3_M2_1x2_VH_S' has no resistance value.
Info    : Via with no resistance will have a value of '0.0' assigned for resistance value. [PHYS-129]
        : Via 'M4_M3_HV' has no resistance value.
Info    : Via with no resistance will have a value of '0.0' assigned for resistance value. [PHYS-129]
        : Via 'M4_M3_VV' has no resistance value.
Warning : Maximum message print count reached. [MESG-11]
        : Maximum print count of '20' reached for message 'PHYS-129'.

  According to lef_library, there are total 11 routing layers [ V(5) / H(6) ]

  Library has 324 usable logic and 128 usable sequential lib-cells.
Warning : Physical cell not defined in library. [PHYS-279]
        : The physical (LEF) cell DFF2RX1 cannot be found in library.
        : Ensure that the proper library files are available and have been imported.
Warning : Physical cell not defined in library. [PHYS-279]
        : The physical (LEF) cell DFF2RX2 cannot be found in library.
Warning : Physical cell not defined in library. [PHYS-279]
        : The physical (LEF) cell DFF2X1 cannot be found in library.
Warning : Physical cell not defined in library. [PHYS-279]
        : The physical (LEF) cell DFF2X2 cannot be found in library.
Warning : Physical cell not defined in library. [PHYS-279]
        : The physical (LEF) cell DFF4RX1 cannot be found in library.
Warning : Physical cell not defined in library. [PHYS-279]
        : The physical (LEF) cell DFF4RX2 cannot be found in library.
Warning : Physical cell not defined in library. [PHYS-279]
        : The physical (LEF) cell DFF4X1 cannot be found in library.
Warning : Physical cell not defined in library. [PHYS-279]
        : The physical (LEF) cell DFF4X2 cannot be found in library.
Warning : Physical cell not defined in library. [PHYS-279]
        : The physical (LEF) cell FILL1 cannot be found in library.
Warning : Physical cell not defined in library. [PHYS-279]
        : The physical (LEF) cell FILL16 cannot be found in library.
Warning : Physical cell not defined in library. [PHYS-279]
        : The physical (LEF) cell FILL2 cannot be found in library.
Warning : Physical cell not defined in library. [PHYS-279]
        : The physical (LEF) cell FILL32 cannot be found in library.
Warning : Physical cell not defined in library. [PHYS-279]
        : The physical (LEF) cell FILL4 cannot be found in library.
Warning : Physical cell not defined in library. [PHYS-279]
        : The physical (LEF) cell FILL64 cannot be found in library.
Warning : Physical cell not defined in library. [PHYS-279]
        : The physical (LEF) cell FILL8 cannot be found in library.
Warning : Physical cell not defined in library. [PHYS-279]
        : The physical (LEF) cell FSWNX1 cannot be found in library.
Warning : Physical cell not defined in library. [PHYS-279]
        : The physical (LEF) cell FSWX1 cannot be found in library.
Warning : Physical cell not defined in library. [PHYS-279]
        : The physical (LEF) cell HSWDNX1 cannot be found in library.
Warning : Physical cell not defined in library. [PHYS-279]
        : The physical (LEF) cell HSWDX1 cannot be found in library.
Warning : Physical cell not defined in library. [PHYS-279]
        : The physical (LEF) cell HSWNX1 cannot be found in library.
Warning : Maximum message print count reached. [MESG-11]
        : Maximum print count of '20' reached for message 'PHYS-279'.
  Setting attribute of root '/': 'lef_library' = /mnt/apps/prebuilt/eda/designkits/GPDK/gsclib045/lan/flow/t1u1/reference_libs/GPDK045/gsclib045_svt_v4.4/gsclib045/lef/gsclib045_tech.lef /mnt/apps/prebuilt/eda/designkits/GPDK/gsclib045/lan/flow/t1u1/reference_libs/GPDK045/gsclib045_svt_v4.4/gsclib045/lef/gsclib045_macro.lef
1 {/mnt/apps/prebuilt/eda/designkits/GPDK/gsclib045/lan/flow/t1u1/reference_libs/GPDK045/gsclib045_svt_v4.4/gsclib045/lef/gsclib045_tech.lef /mnt/apps/prebuilt/eda/designkits/GPDK/gsclib045/lan/flow/t1u1/reference_libs/GPDK045/gsclib045_svt_v4.4/gsclib045/lef/gsclib045_macro.lef}
@genus:root: 3> 
@genus:root: 3> read_qrc /mnt/apps/prebuilt/eda/designkits/GPDK/gsclib045/lan/flow/t1u1/reference_libs/GPDK045/gsclib045_svt_v4.4/gsclib045/qrc/qx/gpdk045.tch

  According to qrc_tech_file, there are total 11 routing layers [ V(5) / H(6) ]

Done reading qrc_tech_file
@genus:root: 4> 
@genus:root: 4> ################################################################################
@genus:root: 5> ## 2. ENABLE CLOCK GATING & READ DESIGN
@genus:root: 6> ################################################################################
@genus:root: 7> 
@genus:root: 7> # =======================================================
@genus:root: 8> #  TASK 5 CHANGE: ENABLE CLOCK GATING
@genus:root: 9> # =======================================================
@genus:root: 10> # This must be set BEFORE elaboration according to the Lab Manual.
@genus:root: 11> set_db lp_insert_clock_gating true
  Setting attribute of root '/': 'lp_insert_clock_gating' = true
1 true
@genus:root: 12> 
@genus:root: 12> # Read RTL
@genus:root: 13> read_hdl /home/p/ppapadoe/Desktop/vlsi-asic/picorv32.v
	initial begin
	      |
Warning : Ignoring unsynthesizable construct. [VLOGPT-37]
        : Initial in file '/home/p/ppapadoe/Desktop/vlsi-asic/picorv32.v' on line 206, column 8.
        : For example, the following constructs will be ignored:
    - initial block
    - final block
    - program block
    - property block
    - sequence block
    - covergroup
    - checker block
    - gate drive strength
    - system task enable
    - reg declaration with initial value
    - specify block.
@genus:root: 14> 
@genus:root: 14> # Elaborate
@genus:root: 15> elaborate picorv32_wb
Info    : Elaborating Design. [ELAB-1]
        : Elaborating top-level block 'picorv32_wb' from file '/home/p/ppapadoe/Desktop/vlsi-asic/picorv32.v'.
Warning : Using default parameter value for module elaboration. [CDFG-818]
        : Elaborating block 'picorv32_wb' with default parameters value.
Warning : Removing unused register. [CDFG-508]
        : Removing unused flip-flop register 'rs1_q' in module 'picorv32_pcpi_fast_mul' in file '/home/p/ppapadoe/Desktop/vlsi-asic/picorv32.v' on line 2342.
        : Genus removes the flip-flop or latch inferred for an unused signal or variable. To preserve the flip-flop or latch, set the hdl_preserve_unused_registers attribute to true or use a pragma in the RTL.
Warning : Removing unused register. [CDFG-508]
        : Removing unused flip-flop register 'rs2_q' in module 'picorv32_pcpi_fast_mul' in file '/home/p/ppapadoe/Desktop/vlsi-asic/picorv32.v' on line 2342.
Warning : Removing unused register. [CDFG-508]
        : Removing unused flip-flop register 'rd_q' in module 'picorv32_pcpi_fast_mul' in file '/home/p/ppapadoe/Desktop/vlsi-asic/picorv32.v' on line 2343.
Warning : Removing unused register. [CDFG-508]
        : Removing unused flip-flop register 'pcpi_insn_valid_q' in module 'picorv32_pcpi_fast_mul' in file '/home/p/ppapadoe/Desktop/vlsi-asic/picorv32.v' on line 2346.
Warning : Removing unused register. [CDFG-508]
        : Removing unused flip-flop register 'mem_la_firstword_reg' in module 'picorv32_ENABLE_COUNTERS1_ENABLE_COUNTERS641_ENABLE_REGS_16_311_ENABLE_REGS_DUALPORT1_TWO_STAGE_SHIFT1_BARREL_SHIFTER1_TWO_CYCLE_COMPARE0_TWO_CYCLE_ALU1_COMPRESSED_ISA0_CATCH_MISALIGN1_CATCH_ILLINSN1_ENABLE_PCPI1_ENABLE_MUL1_ENABLE_FAST_MUL1_ENABLE_DIV1_ENABLE_IRQ1_ENABLE_IRQ_QREGS1_ENABLE_IRQ_TIMER1_ENABLE_TRACE0_REGS_INIT_ZERO0_MASKED_IRQ0_LATCHED_IRQn1_PROGADDR_RESET0_PROGADDR_IRQ16_STACKADDRn1' in file '/home/p/ppapadoe/Desktop/vlsi-asic/picorv32.v' on line 361.
Warning : Removing unused register. [CDFG-508]
        : Removing unused flip-flop register 'last_mem_valid' in module 'picorv32_ENABLE_COUNTERS1_ENABLE_COUNTERS641_ENABLE_REGS_16_311_ENABLE_REGS_DUALPORT1_TWO_STAGE_SHIFT1_BARREL_SHIFTER1_TWO_CYCLE_COMPARE0_TWO_CYCLE_ALU1_COMPRESSED_ISA0_CATCH_MISALIGN1_CATCH_ILLINSN1_ENABLE_PCPI1_ENABLE_MUL1_ENABLE_FAST_MUL1_ENABLE_DIV1_ENABLE_IRQ1_ENABLE_IRQ_QREGS1_ENABLE_IRQ_TIMER1_ENABLE_TRACE0_REGS_INIT_ZERO0_MASKED_IRQ0_LATCHED_IRQn1_PROGADDR_RESET0_PROGADDR_IRQ16_STACKADDRn1' in file '/home/p/ppapadoe/Desktop/vlsi-asic/picorv32.v' on line 395.
Warning : Removing unused register. [CDFG-508]
        : Removing unused flip-flop register 'next_insn_opcode' in module 'picorv32_ENABLE_COUNTERS1_ENABLE_COUNTERS641_ENABLE_REGS_16_311_ENABLE_REGS_DUALPORT1_TWO_STAGE_SHIFT1_BARREL_SHIFTER1_TWO_CYCLE_COMPARE0_TWO_CYCLE_ALU1_COMPRESSED_ISA0_CATCH_MISALIGN1_CATCH_ILLINSN1_ENABLE_PCPI1_ENABLE_MUL1_ENABLE_FAST_MUL1_ENABLE_DIV1_ENABLE_IRQ1_ENABLE_IRQ_QREGS1_ENABLE_IRQ_TIMER1_ENABLE_TRACE0_REGS_INIT_ZERO0_MASKED_IRQ0_LATCHED_IRQn1_PROGADDR_RESET0_PROGADDR_IRQ16_STACKADDRn1' in file '/home/p/ppapadoe/Desktop/vlsi-asic/picorv32.v' on line 179.
Warning : Removing unused register. [CDFG-508]
        : Removing unused flip-flop register 'mem_la_secondword' in module 'picorv32_ENABLE_COUNTERS1_ENABLE_COUNTERS641_ENABLE_REGS_16_311_ENABLE_REGS_DUALPORT1_TWO_STAGE_SHIFT1_BARREL_SHIFTER1_TWO_CYCLE_COMPARE0_TWO_CYCLE_ALU1_COMPRESSED_ISA0_CATCH_MISALIGN1_CATCH_ILLINSN1_ENABLE_PCPI1_ENABLE_MUL1_ENABLE_FAST_MUL1_ENABLE_DIV1_ENABLE_IRQ1_ENABLE_IRQ_QREGS1_ENABLE_IRQ_TIMER1_ENABLE_TRACE0_REGS_INIT_ZERO0_MASKED_IRQ0_LATCHED_IRQn1_PROGADDR_RESET0_PROGADDR_IRQ16_STACKADDRn1' in file '/home/p/ppapadoe/Desktop/vlsi-asic/picorv32.v' on line 361.
Warning : Removing unused register. [CDFG-508]
        : Removing unused flip-flop register 'prefetched_high_word' in module 'picorv32_ENABLE_COUNTERS1_ENABLE_COUNTERS641_ENABLE_REGS_16_311_ENABLE_REGS_DUALPORT1_TWO_STAGE_SHIFT1_BARREL_SHIFTER1_TWO_CYCLE_COMPARE0_TWO_CYCLE_ALU1_COMPRESSED_ISA0_CATCH_MISALIGN1_CATCH_ILLINSN1_ENABLE_PCPI1_ENABLE_MUL1_ENABLE_FAST_MUL1_ENABLE_DIV1_ENABLE_IRQ1_ENABLE_IRQ_QREGS1_ENABLE_IRQ_TIMER1_ENABLE_TRACE0_REGS_INIT_ZERO0_MASKED_IRQ0_LATCHED_IRQn1_PROGADDR_RESET0_PROGADDR_IRQ16_STACKADDRn1' in file '/home/p/ppapadoe/Desktop/vlsi-asic/picorv32.v' on line 365.
Warning : Removing unused register. [CDFG-508]
        : Removing unused latch register 'new_ascii_instr' in module 'picorv32_ENABLE_COUNTERS1_ENABLE_COUNTERS641_ENABLE_REGS_16_311_ENABLE_REGS_DUALPORT1_TWO_STAGE_SHIFT1_BARREL_SHIFTER1_TWO_CYCLE_COMPARE0_TWO_CYCLE_ALU1_COMPRESSED_ISA0_CATCH_MISALIGN1_CATCH_ILLINSN1_ENABLE_PCPI1_ENABLE_MUL1_ENABLE_FAST_MUL1_ENABLE_DIV1_ENABLE_IRQ1_ENABLE_IRQ_QREGS1_ENABLE_IRQ_TIMER1_ENABLE_TRACE0_REGS_INIT_ZERO0_MASKED_IRQ0_LATCHED_IRQn1_PROGADDR_RESET0_PROGADDR_IRQ16_STACKADDRn1' in file '/home/p/ppapadoe/Desktop/vlsi-asic/picorv32.v' on line 690.
Warning : Removing unused register. [CDFG-508]
        : Removing unused flip-flop register 'dbg_insn_addr' in module 'picorv32_ENABLE_COUNTERS1_ENABLE_COUNTERS641_ENABLE_REGS_16_311_ENABLE_REGS_DUALPORT1_TWO_STAGE_SHIFT1_BARREL_SHIFTER1_TWO_CYCLE_COMPARE0_TWO_CYCLE_ALU1_COMPRESSED_ISA0_CATCH_MISALIGN1_CATCH_ILLINSN1_ENABLE_PCPI1_ENABLE_MUL1_ENABLE_FAST_MUL1_ENABLE_DIV1_ENABLE_IRQ1_ENABLE_IRQ_QREGS1_ENABLE_IRQ_TIMER1_ENABLE_TRACE0_REGS_INIT_ZERO0_MASKED_IRQ0_LATCHED_IRQn1_PROGADDR_RESET0_PROGADDR_IRQ16_STACKADDRn1' in file '/home/p/ppapadoe/Desktop/vlsi-asic/picorv32.v' on line 181.
Warning : Removing unused register. [CDFG-508]
        : Removing unused flip-flop register 'q_ascii_instr' in module 'picorv32_ENABLE_COUNTERS1_ENABLE_COUNTERS641_ENABLE_REGS_16_311_ENABLE_REGS_DUALPORT1_TWO_STAGE_SHIFT1_BARREL_SHIFTER1_TWO_CYCLE_COMPARE0_TWO_CYCLE_ALU1_COMPRESSED_ISA0_CATCH_MISALIGN1_CATCH_ILLINSN1_ENABLE_PCPI1_ENABLE_MUL1_ENABLE_FAST_MUL1_ENABLE_DIV1_ENABLE_IRQ1_ENABLE_IRQ_QREGS1_ENABLE_IRQ_TIMER1_ENABLE_TRACE0_REGS_INIT_ZERO0_MASKED_IRQ0_LATCHED_IRQn1_PROGADDR_RESET0_PROGADDR_IRQ16_STACKADDRn1' in file '/home/p/ppapadoe/Desktop/vlsi-asic/picorv32.v' on line 760.
Warning : Removing unused register. [CDFG-508]
        : Removing unused flip-flop register 'q_insn_imm' in module 'picorv32_ENABLE_COUNTERS1_ENABLE_COUNTERS641_ENABLE_REGS_16_311_ENABLE_REGS_DUALPORT1_TWO_STAGE_SHIFT1_BARREL_SHIFTER1_TWO_CYCLE_COMPARE0_TWO_CYCLE_ALU1_COMPRESSED_ISA0_CATCH_MISALIGN1_CATCH_ILLINSN1_ENABLE_PCPI1_ENABLE_MUL1_ENABLE_FAST_MUL1_ENABLE_DIV1_ENABLE_IRQ1_ENABLE_IRQ_QREGS1_ENABLE_IRQ_TIMER1_ENABLE_TRACE0_REGS_INIT_ZERO0_MASKED_IRQ0_LATCHED_IRQn1_PROGADDR_RESET0_PROGADDR_IRQ16_STACKADDRn1' in file '/home/p/ppapadoe/Desktop/vlsi-asic/picorv32.v' on line 761.
Warning : Removing unused register. [CDFG-508]
        : Removing unused flip-flop register 'q_insn_opcode' in module 'picorv32_ENABLE_COUNTERS1_ENABLE_COUNTERS641_ENABLE_REGS_16_311_ENABLE_REGS_DUALPORT1_TWO_STAGE_SHIFT1_BARREL_SHIFTER1_TWO_CYCLE_COMPARE0_TWO_CYCLE_ALU1_COMPRESSED_ISA0_CATCH_MISALIGN1_CATCH_ILLINSN1_ENABLE_PCPI1_ENABLE_MUL1_ENABLE_FAST_MUL1_ENABLE_DIV1_ENABLE_IRQ1_ENABLE_IRQ_QREGS1_ENABLE_IRQ_TIMER1_ENABLE_TRACE0_REGS_INIT_ZERO0_MASKED_IRQ0_LATCHED_IRQn1_PROGADDR_RESET0_PROGADDR_IRQ16_STACKADDRn1' in file '/home/p/ppapadoe/Desktop/vlsi-asic/picorv32.v' on line 762.
Warning : Removing unused register. [CDFG-508]
        : Removing unused flip-flop register 'q_insn_rs1' in module 'picorv32_ENABLE_COUNTERS1_ENABLE_COUNTERS641_ENABLE_REGS_16_311_ENABLE_REGS_DUALPORT1_TWO_STAGE_SHIFT1_BARREL_SHIFTER1_TWO_CYCLE_COMPARE0_TWO_CYCLE_ALU1_COMPRESSED_ISA0_CATCH_MISALIGN1_CATCH_ILLINSN1_ENABLE_PCPI1_ENABLE_MUL1_ENABLE_FAST_MUL1_ENABLE_DIV1_ENABLE_IRQ1_ENABLE_IRQ_QREGS1_ENABLE_IRQ_TIMER1_ENABLE_TRACE0_REGS_INIT_ZERO0_MASKED_IRQ0_LATCHED_IRQn1_PROGADDR_RESET0_PROGADDR_IRQ16_STACKADDRn1' in file '/home/p/ppapadoe/Desktop/vlsi-asic/picorv32.v' on line 763.
Warning : Removing unused register. [CDFG-508]
        : Removing unused flip-flop register 'q_insn_rs2' in module 'picorv32_ENABLE_COUNTERS1_ENABLE_COUNTERS641_ENABLE_REGS_16_311_ENABLE_REGS_DUALPORT1_TWO_STAGE_SHIFT1_BARREL_SHIFTER1_TWO_CYCLE_COMPARE0_TWO_CYCLE_ALU1_COMPRESSED_ISA0_CATCH_MISALIGN1_CATCH_ILLINSN1_ENABLE_PCPI1_ENABLE_MUL1_ENABLE_FAST_MUL1_ENABLE_DIV1_ENABLE_IRQ1_ENABLE_IRQ_QREGS1_ENABLE_IRQ_TIMER1_ENABLE_TRACE0_REGS_INIT_ZERO0_MASKED_IRQ0_LATCHED_IRQn1_PROGADDR_RESET0_PROGADDR_IRQ16_STACKADDRn1' in file '/home/p/ppapadoe/Desktop/vlsi-asic/picorv32.v' on line 764.
Warning : Removing unused register. [CDFG-508]
        : Removing unused flip-flop register 'q_insn_rd' in module 'picorv32_ENABLE_COUNTERS1_ENABLE_COUNTERS641_ENABLE_REGS_16_311_ENABLE_REGS_DUALPORT1_TWO_STAGE_SHIFT1_BARREL_SHIFTER1_TWO_CYCLE_COMPARE0_TWO_CYCLE_ALU1_COMPRESSED_ISA0_CATCH_MISALIGN1_CATCH_ILLINSN1_ENABLE_PCPI1_ENABLE_MUL1_ENABLE_FAST_MUL1_ENABLE_DIV1_ENABLE_IRQ1_ENABLE_IRQ_QREGS1_ENABLE_IRQ_TIMER1_ENABLE_TRACE0_REGS_INIT_ZERO0_MASKED_IRQ0_LATCHED_IRQn1_PROGADDR_RESET0_PROGADDR_IRQ16_STACKADDRn1' in file '/home/p/ppapadoe/Desktop/vlsi-asic/picorv32.v' on line 765.
Warning : Removing unused register. [CDFG-508]
        : Removing unused flip-flop register 'dbg_next' in module 'picorv32_ENABLE_COUNTERS1_ENABLE_COUNTERS641_ENABLE_REGS_16_311_ENABLE_REGS_DUALPORT1_TWO_STAGE_SHIFT1_BARREL_SHIFTER1_TWO_CYCLE_COMPARE0_TWO_CYCLE_ALU1_COMPRESSED_ISA0_CATCH_MISALIGN1_CATCH_ILLINSN1_ENABLE_PCPI1_ENABLE_MUL1_ENABLE_FAST_MUL1_ENABLE_DIV1_ENABLE_IRQ1_ENABLE_IRQ_QREGS1_ENABLE_IRQ_TIMER1_ENABLE_TRACE0_REGS_INIT_ZERO0_MASKED_IRQ0_LATCHED_IRQn1_PROGADDR_RESET0_PROGADDR_IRQ16_STACKADDRn1' in file '/home/p/ppapadoe/Desktop/vlsi-asic/picorv32.v' on line 766.
Warning : Removing unused register. [CDFG-508]
        : Removing unused flip-flop register 'dbg_valid_insn' in module 'picorv32_ENABLE_COUNTERS1_ENABLE_COUNTERS641_ENABLE_REGS_16_311_ENABLE_REGS_DUALPORT1_TWO_STAGE_SHIFT1_BARREL_SHIFTER1_TWO_CYCLE_COMPARE0_TWO_CYCLE_ALU1_COMPRESSED_ISA0_CATCH_MISALIGN1_CATCH_ILLINSN1_ENABLE_PCPI1_ENABLE_MUL1_ENABLE_FAST_MUL1_ENABLE_DIV1_ENABLE_IRQ1_ENABLE_IRQ_QREGS1_ENABLE_IRQ_TIMER1_ENABLE_TRACE0_REGS_INIT_ZERO0_MASKED_IRQ0_LATCHED_IRQn1_PROGADDR_RESET0_PROGADDR_IRQ16_STACKADDRn1' in file '/home/p/ppapadoe/Desktop/vlsi-asic/picorv32.v' on line 769.
Warning : Removing unused register. [CDFG-508]
        : Removing unused flip-flop register 'cached_ascii_instr' in module 'picorv32_ENABLE_COUNTERS1_ENABLE_COUNTERS641_ENABLE_REGS_16_311_ENABLE_REGS_DUALPORT1_TWO_STAGE_SHIFT1_BARREL_SHIFTER1_TWO_CYCLE_COMPARE0_TWO_CYCLE_ALU1_COMPRESSED_ISA0_CATCH_MISALIGN1_CATCH_ILLINSN1_ENABLE_PCPI1_ENABLE_MUL1_ENABLE_FAST_MUL1_ENABLE_DIV1_ENABLE_IRQ1_ENABLE_IRQ_QREGS1_ENABLE_IRQ_TIMER1_ENABLE_TRACE0_REGS_INIT_ZERO0_MASKED_IRQ0_LATCHED_IRQn1_PROGADDR_RESET0_PROGADDR_IRQ16_STACKADDRn1' in file '/home/p/ppapadoe/Desktop/vlsi-asic/picorv32.v' on line 771.
Warning : Maximum message print count reached. [MESG-11]
        : Maximum print count of '20' reached for message 'CDFG-508'.
Info    : Done Elaborating Design. [ELAB-3]
        : Done elaborating 'picorv32_wb'.
Checking for analog nets...
Check completed for analog nets.
Checking for source RTL...
Check completed for source RTL.
Running Unified Mux Engine Tricks...
Completed Unified Mux Engine Tricks

Stage: post_elab
--------------------------------------------------------
| Trick             | Accepts | Rejects | Runtime (ms) | 
--------------------------------------------------------
| ume_constant_bmux |       0 |       0 |         1.00 | 
--------------------------------------------------------
Starting clip mux common data inputs [v1.0] (stage: post_elab, startdef: picorv32_wb, recur: true)
Completed clip mux common data inputs (accepts: 0, rejects: 0, runtime: 0.002s)
Starting clip the non-user hierarchies [v2.0] (stage: post_elab, startdef: picorv32_wb, recur: true)
Completed clip the non-user hierarchies (accepts: 1, rejects: 0, runtime: 0.018s)

Stage: post_elab
---------------------------------------------------------
| Transform          | Accepts | Rejects | Runtime (ms) | 
---------------------------------------------------------
| hlo_clip_mux_input |       0 |       0 |         2.00 | 
| hlo_clip           |       1 |       0 |        18.00 | 
---------------------------------------------------------
UM:   flow.cputime  flow.realtime  timing.setup.tns  timing.setup.wns  snapshot
UM:*                                                                   elaborate
design:picorv32_wb
@genus:root: 16> current_design picorv32_wb
design:picorv32_wb
@genus:design:picorv32_wb 17> 
@genus:design:picorv32_wb 17> read_sdc constraints.sdc
Statistics for commands executed by read_sdc:
 "all_inputs"               - successful      1 , failed      0 (runtime  0.00)
 "all_outputs"              - successful      1 , failed      0 (runtime  0.00)
 "create_clock"             - successful      1 , failed      0 (runtime  0.01)
 "get_clocks"               - successful      7 , failed      0 (runtime  0.00)
 "get_ports"                - successful      1 , failed      0 (runtime  0.00)
 "remove_from_collection"   - successful      1 , failed      0 (runtime  0.00)
 "set_clock_latency"        - successful      1 , failed      0 (runtime  0.01)
 "set_clock_transition"     - successful      1 , failed      0 (runtime  0.00)
 "set_clock_uncertainty"    - successful      1 , failed      0 (runtime  0.01)
 "set_driving_cell"         - successful      2 , failed      0 (runtime  0.01)
 "set_input_delay"          - successful      2 , failed      0 (runtime  0.01)
 "set_load"                 - successful      2 , failed      0 (runtime  0.00)
 "set_output_delay"         - successful      2 , failed      0 (runtime  0.00)
read_sdc completed in 00:00:00 (hh:mm:ss)
@genus:design:picorv32_wb 18> define_cost_group -name I2R -design picorv32_wb
cost_group:picorv32_wb/I2R
@genus:design:picorv32_wb 19> define_cost_group -name R2R -design picorv32_wb
cost_group:picorv32_wb/R2R
@genus:design:picorv32_wb 20> define_cost_group -name R2O -design picorv32_wb
cost_group:picorv32_wb/R2O
@genus:design:picorv32_wb 21> define_cost_group -name I2O -design picorv32_wb
cost_group:picorv32_wb/I2O
@genus:design:picorv32_wb 22> 
@genus:design:picorv32_wb 22> # Prevent Genus from swapping normal DFFs with SDFFs (since no scan chain is defined yet)
@genus:design:picorv32_wb 23> set_db / .use_scan_seqs_for_non_dft false
  Setting attribute of root '/': 'use_scan_seqs_for_non_dft' = false
1 false
@genus:design:picorv32_wb 24> 
@genus:design:picorv32_wb 24> ################################################################################
@genus:design:picorv32_wb 25> ## 4. SYNTHESIZE THE DESIGN
@genus:design:picorv32_wb 26> ################################################################################
@genus:design:picorv32_wb 27> 
@genus:design:picorv32_wb 27> puts ">> Starting Synthesis (with Clock Gating enabled)..."
>> Starting Synthesis (with Clock Gating enabled)...
@genus:design:picorv32_wb 28> syn_generic

Stage: pre_early_cg
------------------------------------------------
| Transform | Accepts | Rejects | Runtime (ms) | 
------------------------------------------------
------------------------------------------------
##Generic Timing Info for library domain: _default_ typical gate delay: 25.8 ps std_slew: 4.7 ps std_load: 1.2 fF
Starting mux data reorder optimization [v1.0] (stage: pre_to_gen_setup, startdef: picorv32_wb, recur: true)
Completed mux data reorder optimization (accepts: 0, rejects: 0, runtime: 0.009s)

Stage: pre_to_gen_setup
------------------------------------------------------
| Transform       | Accepts | Rejects | Runtime (ms) | 
------------------------------------------------------
| hlo_mux_reorder |       0 |       0 |         9.00 | 
------------------------------------------------------
Info    : Deleting instances not driving any primary outputs. [GLO-34]
        : Deleting 1 sequential instance.
        : Optimizations such as constant propagation or redundancy removal could change the connections so a hierarchical instance does not drive any primary outputs anymore. To see the list of deleted hierarchical instances, set the 'information_level' attribute to 2 or above. If the message is truncated set the message attribute 'truncate' to false to see the complete list. To prevent this optimization, set the 'delete_unloaded_insts' root/subdesign attribute to 'false' or 'preserve' instance attribute to 'true'.
Info    : Replacing a flip-flop with a logic constant 0. [GLO-12]
        : The instance is 'picorv32_core/mem_addr_reg[0]'.
        : To prevent this optimization, set the 'optimize_constant_0_flops' root attribute to 'false' or 'optimize_constant_0_seq' instance attribute to 'false'. You can also see the complete list of deleted sequential with command "report sequential -deleted" (on Reason "constant0").
Info    : Replacing a flip-flop with a logic constant 0. [GLO-12]
        : The instance is 'picorv32_core/mem_addr_reg[1]'.
Info    : Replacing a flip-flop with a logic constant 0. [GLO-12]
        : The instance is 'picorv32_core/decoded_rd_reg[5]'.
Info    : Replacing a flip-flop with a logic constant 0. [GLO-12]
        : The instance is 'picorv32_core/decoded_imm_j_reg[0]'.
Info    : Replacing a flip-flop with a logic constant 0. [GLO-12]
        : The instance is 'picorv32_core/compressed_instr_reg'.
Info    : Replacing a flip-flop with a logic constant 0. [GLO-12]
        : The instance is 'picorv32_core/trace_valid_reg'.
Info    : Replacing a dont care flip-flop with a logic constant 0. [GLO-24]
        : The instance is 'picorv32_core/trace_data_reg[0]'.
        : The value used to replace the flop can be set by the root attribute 'optimize_seq_x_to'.
Info    : Replacing a dont care flip-flop with a logic constant 0. [GLO-24]
        : The instance is 'picorv32_core/trace_data_reg[1]'.
Info    : Replacing a dont care flip-flop with a logic constant 0. [GLO-24]
        : The instance is 'picorv32_core/trace_data_reg[2]'.
Info    : Replacing a dont care flip-flop with a logic constant 0. [GLO-24]
        : The instance is 'picorv32_core/trace_data_reg[3]'.
Info    : Replacing a dont care flip-flop with a logic constant 0. [GLO-24]
        : The instance is 'picorv32_core/trace_data_reg[4]'.
Info    : Replacing a dont care flip-flop with a logic constant 0. [GLO-24]
        : The instance is 'picorv32_core/trace_data_reg[5]'.
Info    : Replacing a dont care flip-flop with a logic constant 0. [GLO-24]
        : The instance is 'picorv32_core/trace_data_reg[6]'.
Info    : Replacing a dont care flip-flop with a logic constant 0. [GLO-24]
        : The instance is 'picorv32_core/trace_data_reg[7]'.
Info    : Replacing a dont care flip-flop with a logic constant 0. [GLO-24]
        : The instance is 'picorv32_core/trace_data_reg[8]'.
Info    : Replacing a dont care flip-flop with a logic constant 0. [GLO-24]
        : The instance is 'picorv32_core/trace_data_reg[9]'.
Info    : Replacing a dont care flip-flop with a logic constant 0. [GLO-24]
        : The instance is 'picorv32_core/trace_data_reg[10]'.
Info    : Replacing a dont care flip-flop with a logic constant 0. [GLO-24]
        : The instance is 'picorv32_core/trace_data_reg[11]'.
Info    : Replacing a dont care flip-flop with a logic constant 0. [GLO-24]
        : The instance is 'picorv32_core/trace_data_reg[12]'.
Info    : Replacing a dont care flip-flop with a logic constant 0. [GLO-24]
        : The instance is 'picorv32_core/trace_data_reg[13]'.
Info    : Replacing a dont care flip-flop with a logic constant 0. [GLO-24]
        : The instance is 'picorv32_core/trace_data_reg[14]'.
Info    : Replacing a dont care flip-flop with a logic constant 0. [GLO-24]
        : The instance is 'picorv32_core/trace_data_reg[15]'.
Info    : Replacing a dont care flip-flop with a logic constant 0. [GLO-24]
        : The instance is 'picorv32_core/trace_data_reg[16]'.
Info    : Replacing a dont care flip-flop with a logic constant 0. [GLO-24]
        : The instance is 'picorv32_core/trace_data_reg[17]'.
Info    : Replacing a dont care flip-flop with a logic constant 0. [GLO-24]
        : The instance is 'picorv32_core/trace_data_reg[18]'.
Info    : Replacing a dont care flip-flop with a logic constant 0. [GLO-24]
        : The instance is 'picorv32_core/trace_data_reg[19]'.
Warning : Maximum message print count reached. [MESG-11]
        : Maximum print count of '20' reached for message 'GLO-24'.
Info    : Replacing a flip-flop with a logic constant 0. [GLO-12]
        : The instance is 'picorv32_core/cpu_state_reg[4]'.
Info    : Replacing a flip-flop with a logic constant 0. [GLO-12]
        : The instance is 'picorv32_core/alu_wait_2_reg'.
Info    : Replacing a flip-flop with a logic constant 0. [GLO-12]
        : The instance is 'wbm_adr_o_reg[0]'.
Info    : Replacing a flip-flop with a logic constant 0. [GLO-12]
        : The instance is 'wbm_adr_o_reg[1]'.
Info    : Deleting instances not driving any primary outputs. [GLO-34]
        : Deleting 46 sequential instances.
Info    : Deleting instances not driving any primary outputs. [GLO-34]
        : Deleting 9 hierarchical instances.
Current PLE settings:

Aspect ratio        : 1.000
Shrink factor       : 1.000
Scale of res/length : 1.000
Scale of cap/length : 1.000
Net derating factor : 1.000
Thermal factor      : 1.000
Via Resistance      : 6.600 ohm (from qrc_tech_file)
Site size           : 1.910 um (from lef [tech+cell])

                                   Capacitance  
  Layer                             / Length         Data source:
Name        Direction Utilization  (pF/micron)       qrc_tech_file
------------------------------------------------
METAL_1         H         0.00        0.000210  
METAL_2         V         1.00        0.000174  
METAL_3         H         1.00        0.000174  
METAL_4         V         1.00        0.000174  
METAL_5         H         1.00        0.000174  
METAL_6         V         1.00        0.000174  
METAL_7         H         1.00        0.000175  
METAL_8         V         1.00        0.000176  
METAL_9         H         1.00        0.001240  
METAL_10        V         1.00        0.000529  
METAL_11        H         1.00        0.000686  

                                    Resistance   
  Layer                              / Length         Data source:
Name        Direction Utilization  (ohm/micron)       qrc_tech_file
-------------------------------------------------
METAL_1         H         0.00         1.226667  
METAL_2         V         1.00         0.755000  
METAL_3         H         1.00         0.755000  
METAL_4         V         1.00         0.755000  
METAL_5         H         1.00         0.755000  
METAL_6         V         1.00         0.755000  
METAL_7         H         1.00         0.755000  
METAL_8         V         1.00         0.267500  
METAL_9         H         1.00         0.267500  
METAL_10        V         1.00         0.097273  
METAL_11        H         1.00         0.095455  

                                        Area     
  Layer                               / Length        Data source:
Name        Direction Utilization     (micron)        lef_library
-------------------------------------------------
Metal1          H         0.00         0.060000  
Metal2          V         1.00         0.080000  
Metal3          H         1.00         0.080000  
Metal4          V         1.00         0.080000  
Metal5          H         1.00         0.080000  
Metal6          V         1.00         0.080000  
Metal7          H         1.00         0.080000  
Metal8          V         1.00         0.080000  
Metal9          H         1.00         0.080000  
Metal10         V         1.00         0.220000  
Metal11         H         1.00         0.220000  

Info    : Synthesizing. [SYNTH-1]
        : Synthesizing 'picorv32_wb' to generic gates using 'medium' effort.
PBS_Generic-Start - Elapsed_Time 0, CPU_Time 0.0
stamp 'PBS_Generic-Start' being created for table 'pbs_debug'

  Total Time (Wall) |  Stage Time (Wall)  |   % (Wall)   |    Date - Time     |  Memory   | Stage
--------------------+---------------------+--------------+--------------------+-----------+----------------------
 00:00:20(00:01:14) |  00:00:00(00:00:00) |   0.0(  0.0) |   17:50:56 (Nov30) |  506.0 MB | PBS_Generic-Start
--------------------+---------------------+--------------+--------------------+-----------+----------------------
Number of threads: 8 * 1   (id: pbs_debug, time_info v1.57)
Info: (*N*) indicates data that was populated from previously saved time_info database
Info: CPU time includes time of parent + longest thread
TNS Restructuring config: no_value at stage: generic applied.
Info    : Partition Based Synthesis execution skipped. [PHYS-752]
        : Design size is less than the partition size '100000' for distributed generic optimization to kick in.
Starting mux data reorder optimization [v1.0] (stage: pre_to_gen_setup, startdef: picorv32_wb, recur: true)
Completed mux data reorder optimization (accepts: 0, rejects: 0, runtime: 0.021s)

Stage: pre_to_gen_setup
------------------------------------------------------
| Transform       | Accepts | Rejects | Runtime (ms) | 
------------------------------------------------------
| hlo_mux_reorder |       0 |       0 |        21.00 | 
------------------------------------------------------
Info    : Deleting instances not driving any primary outputs. [GLO-34]
        : Deleting 5 hierarchical instances.
Starting mux data reorder optimization [v1.0] (stage: post_to_gen_setup, startdef: picorv32_wb, recur: true)
Completed mux data reorder optimization (accepts: 0, rejects: 0, runtime: 0.007s)

Stage: post_to_gen_setup
------------------------------------------------------
| Transform       | Accepts | Rejects | Runtime (ms) | 
------------------------------------------------------
| hlo_mux_reorder |       0 |       0 |         7.00 | 
------------------------------------------------------
Current PLE settings:

Aspect ratio        : 1.000
Shrink factor       : 1.000
Scale of res/length : 1.000
Scale of cap/length : 1.000
Net derating factor : 1.000
Thermal factor      : 1.000
Via Resistance      : 6.600 ohm (from qrc_tech_file)
Site size           : 1.910 um (from lef [tech+cell])

                                   Capacitance  
  Layer                             / Length         Data source:
Name        Direction Utilization  (pF/micron)       qrc_tech_file
------------------------------------------------
METAL_1         H         0.00        0.000210  
METAL_2         V         1.00        0.000174  
METAL_3         H         1.00        0.000174  
METAL_4         V         1.00        0.000174  
METAL_5         H         1.00        0.000174  
METAL_6         V         1.00        0.000174  
METAL_7         H         1.00        0.000175  
METAL_8         V         1.00        0.000176  
METAL_9         H         1.00        0.001240  
METAL_10        V         1.00        0.000529  
METAL_11        H         1.00        0.000686  

                                    Resistance   
  Layer                              / Length         Data source:
Name        Direction Utilization  (ohm/micron)       qrc_tech_file
-------------------------------------------------
METAL_1         H         0.00         1.226667  
METAL_2         V         1.00         0.755000  
METAL_3         H         1.00         0.755000  
METAL_4         V         1.00         0.755000  
METAL_5         H         1.00         0.755000  
METAL_6         V         1.00         0.755000  
METAL_7         H         1.00         0.755000  
METAL_8         V         1.00         0.267500  
METAL_9         H         1.00         0.267500  
METAL_10        V         1.00         0.097273  
METAL_11        H         1.00         0.095455  

                                        Area     
  Layer                               / Length        Data source:
Name        Direction Utilization     (micron)        lef_library
-------------------------------------------------
Metal1          H         0.00         0.060000  
Metal2          V         1.00         0.080000  
Metal3          H         1.00         0.080000  
Metal4          V         1.00         0.080000  
Metal5          H         1.00         0.080000  
Metal6          V         1.00         0.080000  
Metal7          H         1.00         0.080000  
Metal8          V         1.00         0.080000  
Metal9          H         1.00         0.080000  
Metal10         V         1.00         0.220000  
Metal11         H         1.00         0.220000  

Running Unified Mux Engine Tricks...
Completed Unified Mux Engine Tricks

Stage: pre_hlo_rtlopt
--------------------------------------------
| Trick | Accepts | Rejects | Runtime (ms) | 
--------------------------------------------
--------------------------------------------
Starting infer macro optimization [v1.0] (stage: pre_rtlopt, startdef: picorv32_wb, recur: true)
Info    : Deleting instances not driving any primary outputs. [GLO-34]
        : Deleting 18 sequential instances.
Completed infer macro optimization (accepts: 0, rejects: 57, runtime: 0.036s)
Starting decode mux sandwich optimization [v2.0] (stage: pre_rtlopt, startdef: picorv32_wb, recur: true)
Completed decode mux sandwich optimization (accepts: 0, rejects: 0, runtime: 0.001s)
Starting decode mux optimization [v1.0] (stage: pre_rtlopt, startdef: picorv32_wb, recur: true)
Completed decode mux optimization (accepts: 0, rejects: 0, runtime: 0.000s)
Starting chop wide muxes [v1.0] (stage: pre_rtlopt, startdef: picorv32_wb, recur: true)
Completed chop wide muxes (accepts: 0, rejects: 0, runtime: 0.001s)
Starting common data mux cascade opt [v1.0] (stage: pre_rtlopt, startdef: picorv32_wb, recur: true)
Completed common data mux cascade opt (accepts: 0, rejects: 0, runtime: 0.002s)
Starting mux input consolidation [v1.0] (stage: pre_rtlopt, startdef: picorv32_wb, recur: true)
Completed mux input consolidation (accepts: 0, rejects: 0, runtime: 0.005s)
Starting constant-data mux optimization [v1.0] (stage: pre_rtlopt, startdef: picorv32_wb, recur: true)
Completed constant-data mux optimization (accepts: 0, rejects: 0, runtime: 0.002s)
Starting chain-to-tree inequality transform [v2.0] (stage: pre_rtlopt, startdef: picorv32_wb, recur: true)
Completed chain-to-tree inequality transform (accepts: 0, rejects: 0, runtime: 0.044s)
Starting reconvergence optimization [v1.0] (stage: pre_rtlopt, startdef: picorv32_wb, recur: true)
Completed reconvergence optimization (accepts: 0, rejects: 0, runtime: 0.002s)
Starting logic restructure optimization [v1.0] (stage: pre_rtlopt, startdef: picorv32_wb, recur: true)
Completed logic restructure optimization (accepts: 0, rejects: 0, runtime: 0.005s)
Starting common select mux optimization [v1.0] (stage: pre_rtlopt, startdef: picorv32_wb, recur: true)
Completed common select mux optimization (accepts: 0, rejects: 1, runtime: 0.006s)
Starting identity transform [v3.0] (stage: pre_rtlopt, startdef: picorv32_wb, recur: true)
Completed identity transform (accepts: 0, rejects: 1, runtime: 0.006s)
Starting reduce operator chain [v1.0] (stage: pre_rtlopt, startdef: picorv32_wb, recur: true)
Completed reduce operator chain (accepts: 0, rejects: 0, runtime: 0.001s)
Starting common data mux cascade opt [v1.0] (stage: pre_rtlopt, startdef: picorv32_wb, recur: true)
Completed common data mux cascade opt (accepts: 0, rejects: 0, runtime: 0.001s)
Starting mux input consolidation [v1.0] (stage: pre_rtlopt, startdef: picorv32_wb, recur: true)
Completed mux input consolidation (accepts: 0, rejects: 0, runtime: 0.005s)
Starting optimize datapath elements [v1.0] (stage: pre_rtlopt, startdef: picorv32_wb, recur: true)
Completed optimize datapath elements (accepts: 6, rejects: 0, runtime: 0.005s)
Starting datapath recasting [v1.0] (stage: pre_rtlopt, startdef: picorv32_wb, recur: true)
Completed datapath recasting (accepts: 0, rejects: 0, runtime: 0.001s)
Starting clip mux common data inputs [v1.0] (stage: pre_rtlopt, startdef: picorv32_wb, recur: true)
Completed clip mux common data inputs (accepts: 1, rejects: 0, runtime: 0.002s)
Starting clip the non-user hierarchies [v2.0] (stage: pre_rtlopt, startdef: picorv32_wb, recur: true)
Completed clip the non-user hierarchies (accepts: 0, rejects: 0, runtime: 0.000s)

Stage: pre_rtlopt
----------------------------------------------------------------
| Transform                 | Accepts | Rejects | Runtime (ms) | 
----------------------------------------------------------------
| hlo_infer_macro           |       0 |      57 |        36.00 | 
| hlo_decode_mux_sandwich   |       0 |       0 |         1.00 | 
| hlo_mux_decode            |       0 |       0 |         0.00 | 
| hlo_chop_mux              |       0 |       0 |         1.00 | 
| hlo_mux_cascade_opt       |       0 |       0 |         2.00 | 
| hlo_mux_consolidation     |       0 |       0 |         5.00 | 
| hlo_constant_mux_opt      |       0 |       0 |         2.00 | 
| hlo_inequality_transform  |       0 |       0 |        44.00 | 
| hlo_reconv_opt            |       0 |       0 |         2.00 | 
| hlo_restructure           |       0 |       0 |         5.00 | 
| hlo_common_select_muxopto |       0 |       1 |         6.00 | 
| hlo_identity_transform    |       0 |       1 |         6.00 | 
| hlo_reduce_operator_chain |       0 |       0 |         1.00 | 
| hlo_mux_cascade_opt       |       0 |       0 |         1.00 | 
| hlo_mux_consolidation     |       0 |       0 |         5.00 | 
| hlo_optimize_datapath     |       6 |       0 |         5.00 | 
| hlo_datapath_recast       |       0 |       0 |         1.00 | 
| hlo_clip_mux_input        |       1 |       0 |         2.00 | 
| hlo_clip                  |       0 |       0 |         0.00 | 
----------------------------------------------------------------
Running Unified Mux Engine Tricks...
Completed Unified Mux Engine Tricks

Stage: post_hlo_rtlopt
--------------------------------------------------
| Trick       | Accepts | Rejects | Runtime (ms) | 
--------------------------------------------------
| ume_runtime |       0 |       0 |         1.00 | 
--------------------------------------------------
Number of big hc bmuxes before = 2
Number of non-ctl's : 106
g3468 g3477 g3478 g4894 g4909 g4918 g4921 g4922 g4923 g4936 g4937 g5032 g5049 g5072 g5074 g5077 g5078 g5079 g5090 g5091 g5092 g5093 g5094 g5095 g5096 g5182 g5191 g5192 g5198 g5199 g5216 g5217 g5225 g5256 g5258 g5260 g5265 g5269 g5274 g5278 g5282 g5284 g5288 g5302 g5308 g5314 g5316 g5318 g5322 g5328 g5332 g5334 g5382 g5384 g5387 g5389 g5395 g5398 g5399 g5412 g5414 g5418 mux_alu_wait_1486_9 mux_cmbsop_trap_1486_9 mux_cpu_state_1486_9 mux_decoder_pseudo_trigger_1486_9 mux_decoder_trigger_1486_9 mux_do_waitirq_1486_9 mux_irq_active_1486_9 mux_latched_branch_1486_9 mux_latched_is_lb_1486_9 mux_latched_is_lh_1486_9 mux_latched_is_lu_1486_9 mux_latched_rd_1486_9 mux_latched_stalu_1486_9 mux_latched_store_1486_9 mux_mem_do_rinst_1486_9 mux_mem_wordsize_1486_9 mux_next_irq_pending_1486_9 mux_pcpi_valid_1486_9 mux_reg_op2_1486_9 mux_reg_sh_1486_9 mux_set_mem_do_rdata_1486_9 mux_set_mem_do_rinst_1486_9 mux_set_mem_do_wdata_1486_9 mux_set_mem_do_rdata_1486_472 mux_set_mem_do_wdata_1486_483 mux_decoder_pseudo_trigger_1486_487 mux_set_mem_do_rinst_1486_489 mux_cpu_state_1598_5438 mux_pcpi_valid_1598_5448 mux_cpu_state_1608_5440 mux_decoder_pseudo_trigger_1857_5442 mux_set_mem_do_rdata_1882_5454 mux_set_mem_do_wdata_1857_5468 mux_decoder_pseudo_trigger_1872_5444 mux_next_irq_pending_1457_5446 mux_set_mem_do_rdata_1457_5452 mux_set_mem_do_rinst_1457_5458 mux_set_mem_do_wdata_1457_5466 mux_pcpi_valid_1605_5450 mux_set_mem_do_rdata_1883_5456 mux_set_mem_do_rinst_1807_5460 mux_set_mem_do_rinst_1811_5462 mux_set_mem_do_rinst_1817_5464 mux_set_mem_do_wdata_1858_5470 
SOP DEBUG : Module= picorv32_ENABLE_COUNTERS1_ENABLE_COUNTERS641_ENABLE_REGS_16_311_ENABLE_REGS_DUALPORT1_TWO_STAGE_SHIFT1_BARREL_SHIFTER1_TWO_CYCLE_COMPARE0_TWO_CYCLE_ALU1_COMPRESSED_ISA0_CATCH_MISALIGN1_CATCH_ILLINSN1_ENABLE_PCPI1_ENABLE_MUL1_ENABLE_FAST_MUL1_ENABLE_DIV1_ENABLE_IRQ1_ENABLE_IRQ_QREGS1_ENABLE_IRQ_TIMER1_ENABLE_TRACE0_REGS_INIT_ZERO0_MASKED_IRQ0_LATCHED_IRQn1_PROGADDR_RESET0_PROGADDR_IRQ16_STACKADDRn1, Cluster= ctl_1486_9, ctl= 23, Non-ctl= 106
Selected impl_type 1 (pla_form1 (optimized)) for sop cluster ctl_1486_9.
Number of non-ctl's : 7
mux_do_waitirq_1486_481 mux_do_waitirq_1538_5472 mux_latched_store_1538_5478 mux_do_waitirq_1548_5474 mux_latched_store_1548_5480 mux_do_waitirq_1549_5476 mux_latched_store_1549_5482 
SOP DEBUG : Module= picorv32_ENABLE_COUNTERS1_ENABLE_COUNTERS641_ENABLE_REGS_16_311_ENABLE_REGS_DUALPORT1_TWO_STAGE_SHIFT1_BARREL_SHIFTER1_TWO_CYCLE_COMPARE0_TWO_CYCLE_ALU1_COMPRESSED_ISA0_CATCH_MISALIGN1_CATCH_ILLINSN1_ENABLE_PCPI1_ENABLE_MUL1_ENABLE_FAST_MUL1_ENABLE_DIV1_ENABLE_IRQ1_ENABLE_IRQ_QREGS1_ENABLE_IRQ_TIMER1_ENABLE_TRACE0_REGS_INIT_ZERO0_MASKED_IRQ0_LATCHED_IRQn1_PROGADDR_RESET0_PROGADDR_IRQ16_STACKADDRn1, Cluster= ctl_1486_480, ctl= 7, Non-ctl= 7
Selected impl_type 0 (ctl + 1-hot mux form) for sop cluster ctl_1486_480.
Number of non-ctl's : 5
mux_cmbsop_instr_div_2445_10 mux_instr_div_2444_431 mux_instr_divu_2444_433 mux_instr_rem_2444_435 mux_instr_remu_2444_437 
SOP DEBUG : Module= picorv32_pcpi_div, Cluster= ctl_2445_10, ctl= 5, Non-ctl= 5
Selected impl_type 0 (ctl + 1-hot mux form) for sop cluster ctl_2445_10.
Number of non-ctl's : 5
mux_cmbsop_instr_mul_2355_10 mux_instr_mul_2354_123 mux_instr_mulh_2354_125 mux_instr_mulhsu_2354_127 mux_instr_mulhu_2354_129 
SOP DEBUG : Module= picorv32_pcpi_fast_mul, Cluster= ctl_2355_10, ctl= 5, Non-ctl= 5
Selected impl_type 0 (ctl + 1-hot mux form) for sop cluster ctl_2355_10.
Number of non-ctl's : 15
g247 g250 g251 g252 g253 g255 g258 g259 g260 g262 mux_mem_ready_3008_10 mux_state_3008_10 mux_wbm_cyc_o_3008_10 mux_wbm_we_o_3008_10 mux_wbm_cyc_o_3010_266 
SOP DEBUG : Module= picorv32_wb, Cluster= ctl_state_3008_10, ctl= 2, Non-ctl= 15
Selected impl_type 0 (ctl + 1-hot mux form) for sop cluster ctl_state_3008_10.
Info    : Pre-processed datapath logic. [DPOPT-6]
        : Pre-processing optimizations applied to datapath logic in 'picorv32_wb':
          live_trim(3) sop(5) 
Info    : Optimizing datapath logic. [DPOPT-1]
        : Optimizing datapath logic in 'picorv32_wb'.
Info    : Implementing datapath configurations. [DPOPT-3]
        : Implementing datapath configurations for 'CDN_DP_region_0_0'
CSAGen Prep Share:0 Re-Write:2 Speculation: 0
Warning : Use of 'parallel_case' pragma may hinder datapath resource sharing. [RTLOPT-54]
        : Multiplexor mux_alu_out_0_1252_3 in module CDN_DP_region_0_0_c1.
Warning : Use of 'parallel_case' pragma may hinder datapath resource sharing. [RTLOPT-54]
        : Multiplexor mux_alu_out_1269_3 in module CDN_DP_region_0_0_c1.
Warning : Use of 'parallel_case' pragma may hinder datapath resource sharing. [RTLOPT-54]
        : Multiplexor mux_alu_wait_1736_8 in module CDN_DP_region_0_0_c1.
Warning : Use of 'parallel_case' pragma may hinder datapath resource sharing. [RTLOPT-54]
        : Multiplexor mux_cpu_state_1736_8 in module CDN_DP_region_0_0_c1.
Warning : Use of 'parallel_case' pragma may hinder datapath resource sharing. [RTLOPT-54]
        : Multiplexor mux_next_irq_pending_1498_5 in module CDN_DP_region_0_0_c1.
Warning : Use of 'parallel_case' pragma may hinder datapath resource sharing. [RTLOPT-54]
        : Multiplexor mux_pcpi_int_wr_332_3 in module CDN_DP_region_0_0_c1.
Warning : Use of 'parallel_case' pragma may hinder datapath resource sharing. [RTLOPT-54]
        : Multiplexor mux_reg_out_1628_7 in module CDN_DP_region_0_0_c1.
Warning : Use of 'parallel_case' pragma may hinder datapath resource sharing. [RTLOPT-54]
        : Multiplexor mux_reg_out_1902_7 in module CDN_DP_region_0_0_c1.
Info    : Accepted resource sharing opportunity. [RTLOPT-30]
        : Merged the following sets of instances in 'CDN_DP_region_0_0_c1 in picorv32_ENABLE_COUNTERS1_ENABLE_COUNTERS641_ENABLE_REGS_16_311_ENABLE_REGS_DUALPORT1_TWO_STAGE_SHIFT1_BARREL_SHIFTER1_TWO_CYCLE_COMPARE0_TWO_CYCLE_ALU1_COMPRESSED_ISA0_CATCH_MISALIGN1_CATCH_ILLINSN1_ENABLE_PCPI1_ENABLE_MUL1_ENABLE_FAST_MUL1_ENABLE_DIV1_ENABLE_IRQ1_ENABLE_IRQ_QREGS1_ENABLE_IRQ_TIMER1_ENABLE_TRACE0_REGS_INIT_ZERO0_MASKED_IRQ0_LATCHED_IRQn1_PROGADDR_RESET0_PROGADDR_IRQ16_STACKADDRn1':
	  (add_1569_33, add_1552_33)

Warning : Use of 'parallel_case' pragma may hinder datapath resource sharing. [RTLOPT-54]
        : Multiplexor mux_alu_out_0_1252_3 in module CDN_DP_region_0_0_c1.
Warning : Use of 'parallel_case' pragma may hinder datapath resource sharing. [RTLOPT-54]
        : Multiplexor mux_alu_out_1269_3 in module CDN_DP_region_0_0_c1.
Warning : Maximum message print count reached. [MESG-11]
        : Maximum print count of '10' reached for message 'RTLOPT-54'.
Number of non-ctl's : 13
F_F_mux_reg_out_1486_9 g6485 g6486 g6526 g6528 g6529 g6530 g6531 g6532 g6533 g6535 mux_eoi_1486_9 mux_reg_op1_1486_9 
SOP DEBUG : Module= CDN_DP_region_0_0_c1, Cluster= ctl_cpu_state_1486_9_create, ctl= 1, Non-ctl= 13
Selected impl_type 4 (factored_form (optimized)) for sop cluster ctl_cpu_state_1486_9_create.
Info    : Accepted resource sharing opportunity. [RTLOPT-30]
        : Merged the following sets of instances in 'CDN_DP_region_0_0_c2 in picorv32_ENABLE_COUNTERS1_ENABLE_COUNTERS641_ENABLE_REGS_16_311_ENABLE_REGS_DUALPORT1_TWO_STAGE_SHIFT1_BARREL_SHIFTER1_TWO_CYCLE_COMPARE0_TWO_CYCLE_ALU1_COMPRESSED_ISA0_CATCH_MISALIGN1_CATCH_ILLINSN1_ENABLE_PCPI1_ENABLE_MUL1_ENABLE_FAST_MUL1_ENABLE_DIV1_ENABLE_IRQ1_ENABLE_IRQ_QREGS1_ENABLE_IRQ_TIMER1_ENABLE_TRACE0_REGS_INIT_ZERO0_MASKED_IRQ0_LATCHED_IRQn1_PROGADDR_RESET0_PROGADDR_IRQ16_STACKADDRn1':
	  (add_1569_33, add_1552_33)

Number of non-ctl's : 13
F_F_mux_reg_out_1486_9 g6485 g6486 g6526 g6528 g6529 g6530 g6531 g6532 g6533 g6535 mux_eoi_1486_9 mux_reg_op1_1486_9 
SOP DEBUG : Module= CDN_DP_region_0_0_c2, Cluster= ctl_cpu_state_1486_9_create, ctl= 1, Non-ctl= 13
Selected impl_type 4 (factored_form (optimized)) for sop cluster ctl_cpu_state_1486_9_create.
Info    : Accepted resource sharing opportunity. [RTLOPT-30]
        : Merged the following sets of instances in 'CDN_DP_region_0_0_c3 in picorv32_ENABLE_COUNTERS1_ENABLE_COUNTERS641_ENABLE_REGS_16_311_ENABLE_REGS_DUALPORT1_TWO_STAGE_SHIFT1_BARREL_SHIFTER1_TWO_CYCLE_COMPARE0_TWO_CYCLE_ALU1_COMPRESSED_ISA0_CATCH_MISALIGN1_CATCH_ILLINSN1_ENABLE_PCPI1_ENABLE_MUL1_ENABLE_FAST_MUL1_ENABLE_DIV1_ENABLE_IRQ1_ENABLE_IRQ_QREGS1_ENABLE_IRQ_TIMER1_ENABLE_TRACE0_REGS_INIT_ZERO0_MASKED_IRQ0_LATCHED_IRQn1_PROGADDR_RESET0_PROGADDR_IRQ16_STACKADDRn1':
	  (add_1569_33, add_1552_33)

Number of non-ctl's : 13
F_F_mux_reg_out_1486_9 g6485 g6486 g6526 g6528 g6529 g6530 g6531 g6532 g6533 g6535 mux_eoi_1486_9 mux_reg_op1_1486_9 
SOP DEBUG : Module= CDN_DP_region_0_0_c3, Cluster= ctl_cpu_state_1486_9_create, ctl= 1, Non-ctl= 13
Selected impl_type 4 (factored_form (optimized)) for sop cluster ctl_cpu_state_1486_9_create.
Info    : Accepted resource sharing opportunity. [RTLOPT-30]
        : Merged the following sets of instances in 'CDN_DP_region_0_0_c4 in picorv32_ENABLE_COUNTERS1_ENABLE_COUNTERS641_ENABLE_REGS_16_311_ENABLE_REGS_DUALPORT1_TWO_STAGE_SHIFT1_BARREL_SHIFTER1_TWO_CYCLE_COMPARE0_TWO_CYCLE_ALU1_COMPRESSED_ISA0_CATCH_MISALIGN1_CATCH_ILLINSN1_ENABLE_PCPI1_ENABLE_MUL1_ENABLE_FAST_MUL1_ENABLE_DIV1_ENABLE_IRQ1_ENABLE_IRQ_QREGS1_ENABLE_IRQ_TIMER1_ENABLE_TRACE0_REGS_INIT_ZERO0_MASKED_IRQ0_LATCHED_IRQn1_PROGADDR_RESET0_PROGADDR_IRQ16_STACKADDRn1':
	  (add_1569_33, add_1552_33)

Number of non-ctl's : 13
F_F_mux_reg_out_1486_9 g6485 g6486 g6526 g6528 g6529 g6530 g6531 g6532 g6533 g6535 mux_eoi_1486_9 mux_reg_op1_1486_9 
SOP DEBUG : Module= CDN_DP_region_0_0_c4, Cluster= ctl_cpu_state_1486_9_create, ctl= 1, Non-ctl= 13
Selected impl_type 4 (factored_form (optimized)) for sop cluster ctl_cpu_state_1486_9_create.
Info    : Accepted resource sharing opportunity. [RTLOPT-30]
        : Merged the following sets of instances in 'CDN_DP_region_0_0_c5 in picorv32_ENABLE_COUNTERS1_ENABLE_COUNTERS641_ENABLE_REGS_16_311_ENABLE_REGS_DUALPORT1_TWO_STAGE_SHIFT1_BARREL_SHIFTER1_TWO_CYCLE_COMPARE0_TWO_CYCLE_ALU1_COMPRESSED_ISA0_CATCH_MISALIGN1_CATCH_ILLINSN1_ENABLE_PCPI1_ENABLE_MUL1_ENABLE_FAST_MUL1_ENABLE_DIV1_ENABLE_IRQ1_ENABLE_IRQ_QREGS1_ENABLE_IRQ_TIMER1_ENABLE_TRACE0_REGS_INIT_ZERO0_MASKED_IRQ0_LATCHED_IRQn1_PROGADDR_RESET0_PROGADDR_IRQ16_STACKADDRn1':
	  (add_1569_33, add_1552_33)

Number of non-ctl's : 13
F_F_mux_reg_out_1486_9 g6485 g6486 g6526 g6528 g6529 g6530 g6531 g6532 g6533 g6535 mux_eoi_1486_9 mux_reg_op1_1486_9 
SOP DEBUG : Module= CDN_DP_region_0_0_c5, Cluster= ctl_cpu_state_1486_9_create, ctl= 1, Non-ctl= 13
Selected impl_type 4 (factored_form (optimized)) for sop cluster ctl_cpu_state_1486_9_create.
Info    : Accepted resource sharing opportunity. [RTLOPT-30]
        : Merged the following sets of instances in 'CDN_DP_region_0_0_c6 in picorv32_ENABLE_COUNTERS1_ENABLE_COUNTERS641_ENABLE_REGS_16_311_ENABLE_REGS_DUALPORT1_TWO_STAGE_SHIFT1_BARREL_SHIFTER1_TWO_CYCLE_COMPARE0_TWO_CYCLE_ALU1_COMPRESSED_ISA0_CATCH_MISALIGN1_CATCH_ILLINSN1_ENABLE_PCPI1_ENABLE_MUL1_ENABLE_FAST_MUL1_ENABLE_DIV1_ENABLE_IRQ1_ENABLE_IRQ_QREGS1_ENABLE_IRQ_TIMER1_ENABLE_TRACE0_REGS_INIT_ZERO0_MASKED_IRQ0_LATCHED_IRQn1_PROGADDR_RESET0_PROGADDR_IRQ16_STACKADDRn1':
	  (add_1569_33, add_1552_33)

Number of non-ctl's : 13
F_F_mux_reg_out_1486_9 g6485 g6486 g6526 g6528 g6529 g6530 g6531 g6532 g6533 g6535 mux_eoi_1486_9 mux_reg_op1_1486_9 
SOP DEBUG : Module= CDN_DP_region_0_0_c6, Cluster= ctl_cpu_state_1486_9_create, ctl= 1, Non-ctl= 13
Selected impl_type 4 (factored_form (optimized)) for sop cluster ctl_cpu_state_1486_9_create.
CDN_DP_region_0_0 level = 0 loads = 1 drivers = 0
CDN_DP_region_0_0_c0 in picorv32_ENABLE_COUNTERS1_ENABLE_COUNTERS641_ENABLE_REGS_16_311_ENABLE_REGS_DUALPORT1_TWO_STAGE_SHIFT1_BARREL_SHIFTER1_TWO_CYCLE_COMPARE0_TWO_CYCLE_ALU1_COMPRESSED_ISA0_CATCH_MISALIGN1_CATCH_ILLINSN1_ENABLE_PCPI1_ENABLE_MUL1_ENABLE_FAST_MUL1_ENABLE_DIV1_ENABLE_IRQ1_ENABLE_IRQ_QREGS1_ENABLE_IRQ_TIMER1_ENABLE_TRACE0_REGS_INIT_ZERO0_MASKED_IRQ0_LATCHED_IRQn1_PROGADDR_RESET0_PROGADDR_IRQ16_STACKADDRn1: area: 112731407775 ,dp = 51 mux = 99 sg = slow         worst_clk_period: -1.0000 
    wns: 0  norm_wns:  -1.0000 
    fail_endp: -1 
    tns:  0  tns_per_endp:  -1.0000   norm_tns_per_endp:  -1.0000 
    tns_sense_max:  -1.0000  tns_sense_avg:  -1.0000   tns_sense_num: -1
 skipped
CDN_DP_region_0_0_c1 in picorv32_ENABLE_COUNTERS1_ENABLE_COUNTERS641_ENABLE_REGS_16_311_ENABLE_REGS_DUALPORT1_TWO_STAGE_SHIFT1_BARREL_SHIFTER1_TWO_CYCLE_COMPARE0_TWO_CYCLE_ALU1_COMPRESSED_ISA0_CATCH_MISALIGN1_CATCH_ILLINSN1_ENABLE_PCPI1_ENABLE_MUL1_ENABLE_FAST_MUL1_ENABLE_DIV1_ENABLE_IRQ1_ENABLE_IRQ_QREGS1_ENABLE_IRQ_TIMER1_ENABLE_TRACE0_REGS_INIT_ZERO0_MASKED_IRQ0_LATCHED_IRQn1_PROGADDR_RESET0_PROGADDR_IRQ16_STACKADDRn1: area: 105087785670 ,dp = 23 mux = 100 sg = fast         worst_clk_period: -1.0000 
    wns: 0  norm_wns:  -1.0000 
    fail_endp: -1 
    tns:  0  tns_per_endp:  -1.0000   norm_tns_per_endp:  -1.0000 
    tns_sense_max:  -1.0000  tns_sense_avg:  -1.0000   tns_sense_num: -1
 is current best
CDN_DP_region_0_0_c2 in picorv32_ENABLE_COUNTERS1_ENABLE_COUNTERS641_ENABLE_REGS_16_311_ENABLE_REGS_DUALPORT1_TWO_STAGE_SHIFT1_BARREL_SHIFTER1_TWO_CYCLE_COMPARE0_TWO_CYCLE_ALU1_COMPRESSED_ISA0_CATCH_MISALIGN1_CATCH_ILLINSN1_ENABLE_PCPI1_ENABLE_MUL1_ENABLE_FAST_MUL1_ENABLE_DIV1_ENABLE_IRQ1_ENABLE_IRQ_QREGS1_ENABLE_IRQ_TIMER1_ENABLE_TRACE0_REGS_INIT_ZERO0_MASKED_IRQ0_LATCHED_IRQn1_PROGADDR_RESET0_PROGADDR_IRQ16_STACKADDRn1: area: 103565470995 ,dp = 22 mux = 99 sg = very_slow    worst_clk_period: -1.0000 
    wns: 0  norm_wns:  -1.0000 
    fail_endp: -1 
    tns:  0  tns_per_endp:  -1.0000   norm_tns_per_endp:  -1.0000 
    tns_sense_max:  -1.0000  tns_sense_avg:  -1.0000   tns_sense_num: -1
 is current best
CDN_DP_region_0_0_c3 in picorv32_ENABLE_COUNTERS1_ENABLE_COUNTERS641_ENABLE_REGS_16_311_ENABLE_REGS_DUALPORT1_TWO_STAGE_SHIFT1_BARREL_SHIFTER1_TWO_CYCLE_COMPARE0_TWO_CYCLE_ALU1_COMPRESSED_ISA0_CATCH_MISALIGN1_CATCH_ILLINSN1_ENABLE_PCPI1_ENABLE_MUL1_ENABLE_FAST_MUL1_ENABLE_DIV1_ENABLE_IRQ1_ENABLE_IRQ_QREGS1_ENABLE_IRQ_TIMER1_ENABLE_TRACE0_REGS_INIT_ZERO0_MASKED_IRQ0_LATCHED_IRQn1_PROGADDR_RESET0_PROGADDR_IRQ16_STACKADDRn1: area: 104104957950 ,dp = 23 mux = 99 sg = very_fast    worst_clk_period: -1.0000 
    wns: 0  norm_wns:  -1.0000 
    fail_endp: -1 
    tns:  0  tns_per_endp:  -1.0000   norm_tns_per_endp:  -1.0000 
    tns_sense_max:  -1.0000  tns_sense_avg:  -1.0000   tns_sense_num: -1

CDN_DP_region_0_0_c4 in picorv32_ENABLE_COUNTERS1_ENABLE_COUNTERS641_ENABLE_REGS_16_311_ENABLE_REGS_DUALPORT1_TWO_STAGE_SHIFT1_BARREL_SHIFTER1_TWO_CYCLE_COMPARE0_TWO_CYCLE_ALU1_COMPRESSED_ISA0_CATCH_MISALIGN1_CATCH_ILLINSN1_ENABLE_PCPI1_ENABLE_MUL1_ENABLE_FAST_MUL1_ENABLE_DIV1_ENABLE_IRQ1_ENABLE_IRQ_QREGS1_ENABLE_IRQ_TIMER1_ENABLE_TRACE0_REGS_INIT_ZERO0_MASKED_IRQ0_LATCHED_IRQn1_PROGADDR_RESET0_PROGADDR_IRQ16_STACKADDRn1: area: 103565470995 ,dp = 22 mux = 99 sg = very_fast    worst_clk_period: -1.0000 
    wns: 0  norm_wns:  -1.0000 
    fail_endp: -1 
    tns:  0  tns_per_endp:  -1.0000   norm_tns_per_endp:  -1.0000 
    tns_sense_max:  -1.0000  tns_sense_avg:  -1.0000   tns_sense_num: -1
 is current best
CDN_DP_region_0_0_c5 in picorv32_ENABLE_COUNTERS1_ENABLE_COUNTERS641_ENABLE_REGS_16_311_ENABLE_REGS_DUALPORT1_TWO_STAGE_SHIFT1_BARREL_SHIFTER1_TWO_CYCLE_COMPARE0_TWO_CYCLE_ALU1_COMPRESSED_ISA0_CATCH_MISALIGN1_CATCH_ILLINSN1_ENABLE_PCPI1_ENABLE_MUL1_ENABLE_FAST_MUL1_ENABLE_DIV1_ENABLE_IRQ1_ENABLE_IRQ_QREGS1_ENABLE_IRQ_TIMER1_ENABLE_TRACE0_REGS_INIT_ZERO0_MASKED_IRQ0_LATCHED_IRQn1_PROGADDR_RESET0_PROGADDR_IRQ16_STACKADDRn1: area: 103565470995 ,dp = 22 mux = 99 sg = very_fast    worst_clk_period: -1.0000 
    wns: 0  norm_wns:  -1.0000 
    fail_endp: -1 
    tns:  0  tns_per_endp:  -1.0000   norm_tns_per_endp:  -1.0000 
    tns_sense_max:  -1.0000  tns_sense_avg:  -1.0000   tns_sense_num: -1
 is current best
CDN_DP_region_0_0_c6 in picorv32_ENABLE_COUNTERS1_ENABLE_COUNTERS641_ENABLE_REGS_16_311_ENABLE_REGS_DUALPORT1_TWO_STAGE_SHIFT1_BARREL_SHIFTER1_TWO_CYCLE_COMPARE0_TWO_CYCLE_ALU1_COMPRESSED_ISA0_CATCH_MISALIGN1_CATCH_ILLINSN1_ENABLE_PCPI1_ENABLE_MUL1_ENABLE_FAST_MUL1_ENABLE_DIV1_ENABLE_IRQ1_ENABLE_IRQ_QREGS1_ENABLE_IRQ_TIMER1_ENABLE_TRACE0_REGS_INIT_ZERO0_MASKED_IRQ0_LATCHED_IRQn1_PROGADDR_RESET0_PROGADDR_IRQ16_STACKADDRn1: area: 105087785670 ,dp = 23 mux = 100 sg = very_fast    worst_clk_period: -1.0000 
    wns: 0  norm_wns:  -1.0000 
    fail_endp: -1 
    tns:  0  tns_per_endp:  -1.0000   norm_tns_per_endp:  -1.0000 
    tns_sense_max:  -1.0000  tns_sense_avg:  -1.0000   tns_sense_num: -1

Not considering config 7 due to bailout. 
Best config: CDN_DP_region_0_0_c5 in picorv32_ENABLE_COUNTERS1_ENABLE_COUNTERS641_ENABLE_REGS_16_311_ENABLE_REGS_DUALPORT1_TWO_STAGE_SHIFT1_BARREL_SHIFTER1_TWO_CYCLE_COMPARE0_TWO_CYCLE_ALU1_COMPRESSED_ISA0_CATCH_MISALIGN1_CATCH_ILLINSN1_ENABLE_PCPI1_ENABLE_MUL1_ENABLE_FAST_MUL1_ENABLE_DIV1_ENABLE_IRQ1_ENABLE_IRQ_QREGS1_ENABLE_IRQ_TIMER1_ENABLE_TRACE0_REGS_INIT_ZERO0_MASKED_IRQ0_LATCHED_IRQn1_PROGADDR_RESET0_PROGADDR_IRQ16_STACKADDRn1: area: 103565470995 ,dp = 22 mux = 99 sg = very_fast    worst_clk_period: -1.0000 
    wns: 0  norm_wns:  -1.0000 
    fail_endp: -1 
    tns:  0  tns_per_endp:  -1.0000   norm_tns_per_endp:  -1.0000 
    tns_sense_max:  -1.0000  tns_sense_avg:  -1.0000   tns_sense_num: -1
  Smallest config area : 103565470995.  Fastest config wns;  0
##>+----------------------------------------------------------------------------------------------------------------------------------------------------------------+
##>Summary table of configs (Best config is CDN_DP_region_0_0_c5)
##>+----------------------------------------------------------------------------------------------------------------------------------------------------------------+
##>                     0                  1                  2                  3                  4                  5                  6            
##>+----------------------------------------------------------------------------------------------------------------------------------------------------------------+
##>           Area     112731407775       105087785670       103565470995       104104957950       103565470995       103565470995       105087785670  
##>            WNS         +2900.60           +2900.60           +2900.60           +2900.60           +2900.60           +2900.60           +2900.60  
##>            TNS                0                  0                  0                  0                  0                  0                  0  
##>    Num Rewrite                0                  4                  4                  4                  4                  4                  3  
##>     Num Factor                0                  0                  0                  0                  0                  0                  0  
##>      Num Share                0                  1                  1                  1                  1                  1                  1  
##>   Num CmultCse                0                  0                  0                  0                  0                  0                  0  
##>   Num Downsize                0                  0                  0                  0                  0                  0                  0  
##>  Num Speculate                0                  0                  0                  0                  0                  0                  0  
##>     Runtime(s)                0                  3                  3                  3                  3                  3                  3  
+----------------------------------------------------------------------------------------------------------------------------------------------------------------+
##>
##>
##>+------------------------------------------------------------------------------------------------------------------------------------------------------------+
##>Optimization Step DEBUG Table for config CDN_DP_region_0_0_c5
##>
##>                          Step                        Area   ( % Chg)        WNS (Change)        TNS (Change)          Runtime (s)        Comment                   
##>+------------------------------------------------------------------------------------------------------------------------------------------------------------+
##>createMaxCarrySave              START           112731407775 (      )     2900.60 (        )             0 (        )              
##> datapath_rewrite_one_def       START           112731407775 ( +0.00)     2900.60 (   +0.00)             0 (       0)              
##>  fast_cse_elim                 START           112731407775 ( +0.00)     2900.60 (   +0.00)             0 (       0)              
##>                                  END           112507066665 ( -0.20)     2900.60 (   +0.00)             0 (       0)           0  
##>  fast_cse_elim                 START           112507066665 ( +0.00)     2900.60 (   +0.00)             0 (       0)              
##>                                  END           112507066665 ( +0.00)     2900.60 (   +0.00)             0 (       0)           0  
##>  rewrite                       START           112507066665 ( +0.00)     2900.60 (   +0.00)             0 (       0)              (a,csaa) add_sub_with_select --> add_sub_with_mux_v2
##>                                  END           108554389965 ( -3.51)     2900.60 (   +0.00)             0 (       0)           0  
##>  rewrite                       START           108554389965 ( +0.00)     2900.60 (   +0.00)             0 (       0)              (na,csaa) and_en_v2 --> en_mux
##>                                  END           108602463060 ( +0.04)     2900.60 (   +0.00)             0 (       0)           0  
##>  fast_cse_elim                 START           108554389965 ( -0.04)     2900.60 (   +0.00)             0 (       0)              
##>                                  END           108554389965 ( +0.00)     2900.60 (   +0.00)             0 (       0)           0  
##>  fast_cse_elim                 START           108554389965 ( +0.00)     2900.60 (   +0.00)             0 (       0)              
##>                                  END           108554389965 ( +0.00)     2900.60 (   +0.00)             0 (       0)           0  
##>  rewrite                       START           108554389965 ( +0.00)     2900.60 (   +0.00)             0 (       0)              (a,ar) add_ci --> add_and_inc 
##>                                  END           110092729005 ( +1.42)     2900.60 (   +0.00)             0 (       0)           0  
##>                                  END           110092729005 ( -2.34)     2900.60 (   +0.00)             0 (       0)           0  
##> speculate_in_gdef              START           110092729005 ( +0.00)     2900.60 (   +0.00)             0 (       0)              
##>  pre_speculate_mux_merge       START           110092729005 ( +0.00)     2900.60 (   +0.00)             0 (       0)              
##>                                  END           110092729005 ( +0.00)     2900.60 (   +0.00)             0 (       0)           0  
##>                                  END           110092729005 ( +0.00)     2900.60 (   +0.00)             0 (       0)           0  
##> csa_opto                       START           110092729005 ( +0.00)     2900.60 (   +0.00)             0 (       0)              
##>                                  END           108271292850 ( -1.65)     2900.60 (   +0.00)             0 (       0)           0  
##>                                  END           108271292850 ( -3.96)     2900.60 (   +0.00)             0 (       0)           0  
##>canonicalize_by_names           START           108271292850 ( +0.00)     2900.60 (   +0.00)             0 (       0)              
##>                                  END           108271292850 ( +0.00)     2900.60 (   +0.00)             0 (       0)           0  
##>datapath_rewrite_post_csa_one_  START           108271292850 ( +0.00)     2900.60 (   +0.00)             0 (       0)              
##>                                  END           108271292850 ( +0.00)     2900.60 (   +0.00)             0 (       0)           0  
##>datapath_csa_factoring_one_gde  START           108271292850 ( +0.00)     2900.60 (   +0.00)             0 (       0)              
##>                                  END           108271292850 ( +0.00)     2900.60 (   +0.00)             0 (       0)           0  
##>dpopt_share_one_def             START           108271292850 ( +0.00)     2900.60 (   +0.00)             0 (       0)              
##>                                  END           107203001850 ( -0.99)     2900.60 (   +0.00)             0 (       0)           0  
##>datapath_rewrite_post_share     START           107203001850 ( +0.00)     2900.60 (   +0.00)             0 (       0)              
##>                                  END           107203001850 ( +0.00)     2900.60 (   +0.00)             0 (       0)           0  
##>dp_combine_const_mult_with_com  START           107203001850 ( +0.00)     2900.60 (   +0.00)             0 (       0)              
##>                                  END           107203001850 ( +0.00)     2900.60 (   +0.00)             0 (       0)           0  
##>speculate_in_gdef               START           107203001850 ( +0.00)     2900.60 (   +0.00)             0 (       0)              
##> pre_speculate_mux_merge        START           107203001850 ( +0.00)     2900.60 (   +0.00)             0 (       0)              
##>                                  END           107203001850 ( +0.00)     2900.60 (   +0.00)             0 (       0)           0  
##>                                  END           107203001850 ( +0.00)     2900.60 (   +0.00)             0 (       0)           0  
##>dp_operator_level_decompositio  START           107203001850 ( +0.00)     2900.60 (   +0.00)             0 (       0)              
##>                                  END           107203001850 ( +0.00)     2900.60 (   +0.00)             0 (       0)           0  
##>selective_flatten_dp_config     START           107203001850 ( +0.00)     2900.60 (   +0.00)             0 (       0)              
##>                                  END           107106855660 ( -0.09)     2900.60 (   +0.00)             0 (       0)           0  
##>createMaxCarrySave              START           107106855660 ( +0.00)     2900.60 (   +0.00)             0 (       0)              
##> datapath_rewrite_one_def       START           107106855660 ( +0.00)     2900.60 (   +0.00)             0 (       0)              
##>  fast_cse_elim                 START           107106855660 ( +0.00)     2900.60 (   +0.00)             0 (       0)              
##>                                  END           107106855660 ( +0.00)     2900.60 (   +0.00)             0 (       0)           0  
##>  fast_cse_elim                 START           107106855660 ( +0.00)     2900.60 (   +0.00)             0 (       0)              
##>                                  END           107106855660 ( +0.00)     2900.60 (   +0.00)             0 (       0)           0  
##>  rewrite                       START           107106855660 ( +0.00)     2900.60 (   +0.00)             0 (       0)              (a,ar) add_ci --> add_and_inc 
##>                                  END           108645194700 ( +1.44)     2900.60 (   +0.00)             0 (       0)           0  
##>                                  END           108645194700 ( +1.44)     2900.60 (   +0.00)             0 (       0)           0  
##> speculate_in_gdef              START           108645194700 ( +0.00)     2900.60 (   +0.00)             0 (       0)              
##>  pre_speculate_mux_merge       START           108645194700 ( +0.00)     2900.60 (   +0.00)             0 (       0)              
##>                                  END           108645194700 ( +0.00)     2900.60 (   +0.00)             0 (       0)           0  
##>                                  END           108645194700 ( +0.00)     2900.60 (   +0.00)             0 (       0)           0  
##> csa_opto                       START           108645194700 ( +0.00)     2900.60 (   +0.00)             0 (       0)              
##>                                  END           107106855660 ( -1.42)     2900.60 (   +0.00)             0 (       0)           0  
##>                                  END           107106855660 ( +0.00)     2900.60 (   +0.00)             0 (       0)           0  
##>datapath_rewrite_post_csa_one_  START           107106855660 ( +0.00)     2900.60 (   +0.00)             0 (       0)              
##>                                  END           107106855660 ( +0.00)     2900.60 (   +0.00)             0 (       0)           0  
##>datapath_csa_factoring_one_gde  START           107106855660 ( +0.00)     2900.60 (   +0.00)             0 (       0)              
##>                                  END           107106855660 ( +0.00)     2900.60 (   +0.00)             0 (       0)           0  
##>dpopt_share_one_def             START           107106855660 ( +0.00)     2900.60 (   +0.00)             0 (       0)              
##>                                  END           107106855660 ( +0.00)     2900.60 (   +0.00)             0 (       0)           0  
##>datapath_rewrite_post_share     START           107106855660 ( +0.00)     2900.60 (   +0.00)             0 (       0)              
##>                                  END           107106855660 ( +0.00)     2900.60 (   +0.00)             0 (       0)           0  
##>dp_combine_const_mult_with_com  START           107106855660 ( +0.00)     2900.60 (   +0.00)             0 (       0)              
##>                                  END           107106855660 ( +0.00)     2900.60 (   +0.00)             0 (       0)           0  
##>speculate_in_gdef               START           107106855660 ( +0.00)     2900.60 (   +0.00)             0 (       0)              
##> pre_speculate_mux_merge        START           107106855660 ( +0.00)     2900.60 (   +0.00)             0 (       0)              
##>                                  END           107106855660 ( +0.00)     2900.60 (   +0.00)             0 (       0)           0  
##>                                  END           107106855660 ( +0.00)     2900.60 (   +0.00)             0 (       0)           0  
##>dp_operator_level_decompositio  START           107106855660 ( +0.00)     2900.60 (   +0.00)             0 (       0)              
##>                                  END           107106855660 ( +0.00)     2900.60 (   +0.00)             0 (       0)           0  
##>selective_flatten_dp_config     START           107106855660 ( +0.00)     2900.60 (   +0.00)             0 (       0)              
##>                                  END           107106855660 ( +0.00)     2900.60 (   +0.00)             0 (       0)           0  
##>createMaxCarrySave              START           107106855660 ( +0.00)     2900.60 (   +0.00)             0 (       0)              
##> datapath_rewrite_one_def       START           107106855660 ( +0.00)     2900.60 (   +0.00)             0 (       0)              
##>  fast_cse_elim                 START           107106855660 ( +0.00)     2900.60 (   +0.00)             0 (       0)              
##>                                  END           107106855660 ( +0.00)     2900.60 (   +0.00)             0 (       0)           0  
##>  fast_cse_elim                 START           107106855660 ( +0.00)     2900.60 (   +0.00)             0 (       0)              
##>                                  END           107106855660 ( +0.00)     2900.60 (   +0.00)             0 (       0)           0  
##>  rewrite                       START           107106855660 ( +0.00)     2900.60 (   +0.00)             0 (       0)              (a,ar) add_ci --> add_and_inc 
##>                                  END           108645194700 ( +1.44)     2900.60 (   +0.00)             0 (       0)           0  
##>                                  END           108645194700 ( +1.44)     2900.60 (   +0.00)             0 (       0)           0  
##> speculate_in_gdef              START           108645194700 ( +0.00)     2900.60 (   +0.00)             0 (       0)              
##>  pre_speculate_mux_merge       START           108645194700 ( +0.00)     2900.60 (   +0.00)             0 (       0)              
##>                                  END           108645194700 ( +0.00)     2900.60 (   +0.00)             0 (       0)           0  
##>                                  END           108645194700 ( +0.00)     2900.60 (   +0.00)             0 (       0)           0  
##> csa_opto                       START           108645194700 ( +0.00)     2900.60 (   +0.00)             0 (       0)              
##>                                  END           107106855660 ( -1.42)     2900.60 (   +0.00)             0 (       0)           0  
##>                                  END           107106855660 ( +0.00)     2900.60 (   +0.00)             0 (       0)           0  
##>context_based_simplify          START           106925246190 ( -0.17)     2900.60 (   +0.00)             0 (       0)              
##>                                  END           104548298715 ( -2.22)     2900.60 (   +0.00)             0 (       0)           0  
##>group_csa_final_adder_dp        START           104548298715 ( +0.00)     2900.60 (   +0.00)             0 (       0)              
##>                                  END           104548298715 ( +0.00)     2900.60 (   +0.00)             0 (       0)           0  
##>dpopt_flatten_critical_muxes_i  START           104548298715 ( +0.00)     2900.60 (   +0.00)             0 (       0)              
##>                                  END           103565470995 ( -0.94)     2900.60 (   +0.00)             0 (       0)           0  
##>speculate_in_gdef               START           103565470995 ( +0.00)     2900.60 (   +0.00)             0 (       0)              
##> pre_speculate_mux_merge        START           103565470995 ( +0.00)     2900.60 (   +0.00)             0 (       0)              
##>                                  END           103565470995 ( +0.00)     2900.60 (   +0.00)             0 (       0)           0  
##>                                  END           103565470995 ( +0.00)     2900.60 (   +0.00)             0 (       0)           0  
##>create_score                    START           103565470995 ( +0.00)     2900.60 (   +0.00)             0 (       0)              
##>                                  END           103565470995 ( +0.00)     2900.60 (   +0.00)             0 (       0)           0  
##>+------------------------------------------------------------------------------------------------------------------------------------------------------------+
Committed config: CDN_DP_region_0_0_c5
Info    : Done implementing datapath configurations. [DPOPT-4]
        : Selected 'very_fast' configuration 5 for module 'CDN_DP_region_0_0_c5'.
          Optimizations applied to 'very_fast' configuration:
            rewriting(4), factoring(0), sharing(1), cmultcse(0), downsizing(0), speculation(0)
Info    : Implementing datapath configurations. [DPOPT-3]
        : Implementing datapath configurations for 'CDN_DP_region_1_0'
CSAGen Prep Share:0 Re-Write:0 Speculation: 0
MaxCSA: Successfully built Maximal CSA Expression Expr0
MaxCSA: Successfully built Maximal CSA Expression Expr1
MaxCSA: Successfully built Maximal CSA Expression Expr2
MaxCSA: Successfully built Maximal CSA Expression Expr3
Info    : Accepted resource sharing opportunity. [RTLOPT-30]
        : Merged the following sets of instances in 'CDN_DP_region_1_0_c1 in picorv32_pcpi_div':
	  (minus_2495_26, minus_2493_26)
	  (sub_2499_26, minus_2474_59)

Info    : Accepted resource sharing opportunity. [RTLOPT-30]
        : Merged the following sets of instances in 'CDN_DP_region_1_0_c2 in picorv32_pcpi_div':
	  (minus_2495_26, minus_2493_26)
	  (sub_2499_26, minus_2474_59)

Info    : Accepted resource sharing opportunity. [RTLOPT-30]
        : Merged the following sets of instances in 'CDN_DP_region_1_0_c3 in picorv32_pcpi_div':
	  (minus_2495_26, minus_2493_26)
	  (sub_2499_26, minus_2474_59)

Info    : Accepted resource sharing opportunity. [RTLOPT-30]
        : Merged the following sets of instances in 'CDN_DP_region_1_0_c4 in picorv32_pcpi_div':
	  (minus_2495_26, minus_2493_26)
	  (sub_2499_26, minus_2474_59)

Info    : Accepted resource sharing opportunity. [RTLOPT-30]
        : Merged the following sets of instances in 'CDN_DP_region_1_0_c5 in picorv32_pcpi_div':
	  (minus_2495_26, minus_2493_26)
	  (sub_2499_26, minus_2474_59)

Info    : Accepted resource sharing opportunity. [RTLOPT-30]
        : Merged the following sets of instances in 'CDN_DP_region_1_0_c6 in picorv32_pcpi_div':
	  (minus_2495_26, minus_2493_26)
	  (sub_2499_26, minus_2474_59)

CDN_DP_region_1_0 level = 0 loads = 0 drivers = 0
CDN_DP_region_1_0_c0 in picorv32_pcpi_div: area: 19693944585 ,dp = 8 mux = 8 sg = slow         worst_clk_period: -1.0000 
    wns: 0  norm_wns:  -1.0000 
    fail_endp: -1 
    tns:  0  tns_per_endp:  -1.0000   norm_tns_per_endp:  -1.0000 
    tns_sense_max:  -1.0000  tns_sense_avg:  -1.0000   tns_sense_num: -1
 skipped
CDN_DP_region_1_0_c1 in picorv32_pcpi_div: area: 18112873905 ,dp = 4 mux = 11 sg = fast         worst_clk_period: -1.0000 
    wns: 0  norm_wns:  -1.0000 
    fail_endp: -1 
    tns:  0  tns_per_endp:  -1.0000   norm_tns_per_endp:  -1.0000 
    tns_sense_max:  -1.0000  tns_sense_avg:  -1.0000   tns_sense_num: -1
 is current best
CDN_DP_region_1_0_c2 in picorv32_pcpi_div: area: 17461216395 ,dp = 4 mux = 10 sg = very_slow    worst_clk_period: -1.0000 
    wns: 0  norm_wns:  -1.0000 
    fail_endp: -1 
    tns:  0  tns_per_endp:  -1.0000   norm_tns_per_endp:  -1.0000 
    tns_sense_max:  -1.0000  tns_sense_avg:  -1.0000   tns_sense_num: -1
 is current best
CDN_DP_region_1_0_c3 in picorv32_pcpi_div: area: 17461216395 ,dp = 4 mux = 10 sg = very_fast    worst_clk_period: -1.0000 
    wns: 0  norm_wns:  -1.0000 
    fail_endp: -1 
    tns:  0  tns_per_endp:  -1.0000   norm_tns_per_endp:  -1.0000 
    tns_sense_max:  -1.0000  tns_sense_avg:  -1.0000   tns_sense_num: -1
 is current best
CDN_DP_region_1_0_c4 in picorv32_pcpi_div: area: 17461216395 ,dp = 4 mux = 10 sg = very_fast    worst_clk_period: -1.0000 
    wns: 0  norm_wns:  -1.0000 
    fail_endp: -1 
    tns:  0  tns_per_endp:  -1.0000   norm_tns_per_endp:  -1.0000 
    tns_sense_max:  -1.0000  tns_sense_avg:  -1.0000   tns_sense_num: -1
 is current best
CDN_DP_region_1_0_c5 in picorv32_pcpi_div: area: 17461216395 ,dp = 4 mux = 10 sg = very_fast    worst_clk_period: -1.0000 
    wns: 0  norm_wns:  -1.0000 
    fail_endp: -1 
    tns:  0  tns_per_endp:  -1.0000   norm_tns_per_endp:  -1.0000 
    tns_sense_max:  -1.0000  tns_sense_avg:  -1.0000   tns_sense_num: -1
 is current best
CDN_DP_region_1_0_c6 in picorv32_pcpi_div: area: 18112873905 ,dp = 4 mux = 11 sg = very_fast    worst_clk_period: -1.0000 
    wns: 0  norm_wns:  -1.0000 
    fail_endp: -1 
    tns:  0  tns_per_endp:  -1.0000   norm_tns_per_endp:  -1.0000 
    tns_sense_max:  -1.0000  tns_sense_avg:  -1.0000   tns_sense_num: -1

CDN_DP_region_1_0_c7 in picorv32_pcpi_div: area: 23534450730 ,dp = 6 mux = 8 sg = very_fast    worst_clk_period: -1.0000 
    wns: 0  norm_wns:  -1.0000 
    fail_endp: -1 
    tns:  0  tns_per_endp:  -1.0000   norm_tns_per_endp:  -1.0000 
    tns_sense_max:  -1.0000  tns_sense_avg:  -1.0000   tns_sense_num: -1

Best config: CDN_DP_region_1_0_c5 in picorv32_pcpi_div: area: 17461216395 ,dp = 4 mux = 10 sg = very_fast    worst_clk_period: -1.0000 
    wns: 0  norm_wns:  -1.0000 
    fail_endp: -1 
    tns:  0  tns_per_endp:  -1.0000   norm_tns_per_endp:  -1.0000 
    tns_sense_max:  -1.0000  tns_sense_avg:  -1.0000   tns_sense_num: -1
  Smallest config area : 17461216395.  Fastest config wns;  0
##>+----------------------------------------------------------------------------------------------------------------------------------------------------------------+
##>Summary table of configs (Best config is CDN_DP_region_1_0_c5)
##>+----------------------------------------------------------------------------------------------------------------------------------------------------------------+
##>                     0                  1                  2                  3                  4                  5                  6                  7            
##>+----------------------------------------------------------------------------------------------------------------------------------------------------------------+
##>           Area      19693944585        18112873905        17461216395        17461216395        17461216395        17461216395        18112873905        23534450730  
##>            WNS         +2897.10           +2897.10           +2897.10           +2897.10           +2897.10           +2897.10           +2897.10           +2897.10  
##>            TNS                0                  0                  0                  0                  0                  0                  0                  0  
##>    Num Rewrite                0                  0                  0                  0                  0                  0                  0                  0  
##>     Num Factor                0                  0                  0                  0                  0                  0                  0                  0  
##>      Num Share                0                  2                  2                  2                  2                  2                  2                  0  
##>   Num CmultCse                0                  0                  0                  0                  0                  0                  0                  0  
##>   Num Downsize                0                  0                  0                  0                  0                  0                  0                  0  
##>  Num Speculate                0                  0                  0                  0                  0                  0                  0                  0  
##>     Runtime(s)                0                  1                  1                  1                  1                  1                  1                  2  
+----------------------------------------------------------------------------------------------------------------------------------------------------------------+
##>
##>
##>+------------------------------------------------------------------------------------------------------------------------------------------------------------+
##>Optimization Step DEBUG Table for config CDN_DP_region_1_0_c5
##>
##>                          Step                        Area   ( % Chg)        WNS (Change)        TNS (Change)          Runtime (s)        Comment                   
##>+------------------------------------------------------------------------------------------------------------------------------------------------------------+
##>createMaxCarrySave              START            19693944585 (      )     2897.10 (        )             0 (        )              
##> datapath_rewrite_one_def       START            19693944585 ( +0.00)     2897.10 (   +0.00)             0 (       0)              
##>  fast_cse_elim                 START            19693944585 ( +0.00)     2897.10 (   +0.00)             0 (       0)              
##>                                  END            19693944585 ( +0.00)     2897.10 (   +0.00)             0 (       0)           0  
##>  fast_cse_elim                 START            19693944585 ( +0.00)     2897.10 (   +0.00)             0 (       0)              
##>                                  END            19693944585 ( +0.00)     2897.10 (   +0.00)             0 (       0)           0  
##>                                  END            19693944585 ( +0.00)     2897.10 (   +0.00)             0 (       0)           0  
##> csa_opto                       START            19693944585 ( +0.00)     2897.10 (   +0.00)             0 (       0)              
##>                                  END            19693944585 ( +0.00)     2897.10 (   +0.00)             0 (       0)           0  
##>                                  END            19693944585 ( +0.00)     2897.10 (   +0.00)             0 (       0)           0  
##>canonicalize_by_names           START            19693944585 ( +0.00)     2897.10 (   +0.00)             0 (       0)              
##>                                  END            19693944585 ( +0.00)     2897.10 (   +0.00)             0 (       0)           0  
##>datapath_rewrite_post_csa_one_  START            19693944585 ( +0.00)     2897.10 (   +0.00)             0 (       0)              
##>                                  END            19693944585 ( +0.00)     2897.10 (   +0.00)             0 (       0)           0  
##>datapath_csa_factoring_one_gde  START            19693944585 ( +0.00)     2897.10 (   +0.00)             0 (       0)              
##>                                  END            19693944585 ( +0.00)     2897.10 (   +0.00)             0 (       0)           0  
##>dpopt_share_one_def             START            19693944585 ( +0.00)     2897.10 (   +0.00)             0 (       0)              
##>                                  END            18486775755 ( -6.13)     2897.10 (   +0.00)             0 (       0)           0  
##>datapath_rewrite_post_share     START            18486775755 ( +0.00)     2897.10 (   +0.00)             0 (       0)              
##>                                  END            18486775755 ( +0.00)     2897.10 (   +0.00)             0 (       0)           0  
##>dp_combine_const_mult_with_com  START            18486775755 ( +0.00)     2897.10 (   +0.00)             0 (       0)              
##>                                  END            18486775755 ( +0.00)     2897.10 (   +0.00)             0 (       0)           0  
##>speculate_in_gdef               START            18486775755 ( +0.00)     2897.10 (   +0.00)             0 (       0)              
##> pre_speculate_mux_merge        START            18486775755 ( +0.00)     2897.10 (   +0.00)             0 (       0)              
##>                                  END            18486775755 ( +0.00)     2897.10 (   +0.00)             0 (       0)           0  
##>                                  END            18486775755 ( +0.00)     2897.10 (   +0.00)             0 (       0)           0  
##>dp_operator_level_decompositio  START            18486775755 ( +0.00)     2897.10 (   +0.00)             0 (       0)              
##>                                  END            18486775755 ( +0.00)     2897.10 (   +0.00)             0 (       0)           0  
##>selective_flatten_dp_config     START            18486775755 ( +0.00)     2897.10 (   +0.00)             0 (       0)              
##>                                  END            18486775755 ( +0.00)     2897.10 (   +0.00)             0 (       0)           0  
##>createMaxCarrySave              START            18486775755 ( +0.00)     2897.10 (   +0.00)             0 (       0)              
##> datapath_rewrite_one_def       START            18486775755 ( +0.00)     2897.10 (   +0.00)             0 (       0)              
##>  fast_cse_elim                 START            18486775755 ( +0.00)     2897.10 (   +0.00)             0 (       0)              
##>                                  END            18486775755 ( +0.00)     2897.10 (   +0.00)             0 (       0)           0  
##>  fast_cse_elim                 START            18486775755 ( +0.00)     2897.10 (   +0.00)             0 (       0)              
##>                                  END            18486775755 ( +0.00)     2897.10 (   +0.00)             0 (       0)           0  
##>                                  END            18486775755 ( +0.00)     2897.10 (   +0.00)             0 (       0)           0  
##> speculate_in_gdef              START            18486775755 ( +0.00)     2897.10 (   +0.00)             0 (       0)              
##>  pre_speculate_mux_merge       START            18486775755 ( +0.00)     2897.10 (   +0.00)             0 (       0)              
##>                                  END            18486775755 ( +0.00)     2897.10 (   +0.00)             0 (       0)           0  
##>                                  END            18486775755 ( +0.00)     2897.10 (   +0.00)             0 (       0)           0  
##> csa_opto                       START            18486775755 ( +0.00)     2897.10 (   +0.00)             0 (       0)              
##>                                  END            18486775755 ( +0.00)     2897.10 (   +0.00)             0 (       0)           0  
##>                                  END            18486775755 ( +0.00)     2897.10 (   +0.00)             0 (       0)           0  
##>datapath_rewrite_post_csa_one_  START            18486775755 ( +0.00)     2897.10 (   +0.00)             0 (       0)              
##>                                  END            18486775755 ( +0.00)     2897.10 (   +0.00)             0 (       0)           0  
##>datapath_csa_factoring_one_gde  START            18486775755 ( +0.00)     2897.10 (   +0.00)             0 (       0)              
##>                                  END            18486775755 ( +0.00)     2897.10 (   +0.00)             0 (       0)           0  
##>dpopt_share_one_def             START            18486775755 ( +0.00)     2897.10 (   +0.00)             0 (       0)              
##>                                  END            18486775755 ( +0.00)     2897.10 (   +0.00)             0 (       0)           0  
##>datapath_rewrite_post_share     START            18486775755 ( +0.00)     2897.10 (   +0.00)             0 (       0)              
##>                                  END            18486775755 ( +0.00)     2897.10 (   +0.00)             0 (       0)           0  
##>dp_combine_const_mult_with_com  START            18486775755 ( +0.00)     2897.10 (   +0.00)             0 (       0)              
##>                                  END            18486775755 ( +0.00)     2897.10 (   +0.00)             0 (       0)           0  
##>speculate_in_gdef               START            18486775755 ( +0.00)     2897.10 (   +0.00)             0 (       0)              
##> pre_speculate_mux_merge        START            18486775755 ( +0.00)     2897.10 (   +0.00)             0 (       0)              
##>                                  END            18486775755 ( +0.00)     2897.10 (   +0.00)             0 (       0)           0  
##>                                  END            18486775755 ( +0.00)     2897.10 (   +0.00)             0 (       0)           0  
##>dp_operator_level_decompositio  START            18486775755 ( +0.00)     2897.10 (   +0.00)             0 (       0)              
##>                                  END            18486775755 ( +0.00)     2897.10 (   +0.00)             0 (       0)           0  
##>selective_flatten_dp_config     START            18486775755 ( +0.00)     2897.10 (   +0.00)             0 (       0)              
##>                                  END            18486775755 ( +0.00)     2897.10 (   +0.00)             0 (       0)           0  
##>createMaxCarrySave              START            18486775755 ( +0.00)     2897.10 (   +0.00)             0 (       0)              
##> datapath_rewrite_one_def       START            18486775755 ( +0.00)     2897.10 (   +0.00)             0 (       0)              
##>  fast_cse_elim                 START            18486775755 ( +0.00)     2897.10 (   +0.00)             0 (       0)              
##>                                  END            18486775755 ( +0.00)     2897.10 (   +0.00)             0 (       0)           0  
##>  fast_cse_elim                 START            18486775755 ( +0.00)     2897.10 (   +0.00)             0 (       0)              
##>                                  END            18486775755 ( +0.00)     2897.10 (   +0.00)             0 (       0)           0  
##>                                  END            18486775755 ( +0.00)     2897.10 (   +0.00)             0 (       0)           0  
##> speculate_in_gdef              START            18486775755 ( +0.00)     2897.10 (   +0.00)             0 (       0)              
##>  pre_speculate_mux_merge       START            18486775755 ( +0.00)     2897.10 (   +0.00)             0 (       0)              
##>                                  END            18486775755 ( +0.00)     2897.10 (   +0.00)             0 (       0)           0  
##>                                  END            18486775755 ( +0.00)     2897.10 (   +0.00)             0 (       0)           0  
##> csa_opto                       START            18486775755 ( +0.00)     2897.10 (   +0.00)             0 (       0)              
##>                                  END            18486775755 ( +0.00)     2897.10 (   +0.00)             0 (       0)           0  
##>                                  END            18486775755 ( +0.00)     2897.10 (   +0.00)             0 (       0)           0  
##>context_based_simplify          START            18486775755 ( +0.00)     2897.10 (   +0.00)             0 (       0)              
##>                                  END            18112873905 ( -2.02)     2897.10 (   +0.00)             0 (       0)           0  
##>group_csa_final_adder_dp        START            18112873905 ( +0.00)     2897.10 (   +0.00)             0 (       0)              
##>                                  END            18112873905 ( +0.00)     2897.10 (   +0.00)             0 (       0)           0  
##>dpopt_flatten_critical_muxes_i  START            18112873905 ( +0.00)     2897.10 (   +0.00)             0 (       0)              
##>                                  END            17461216395 ( -3.60)     2897.10 (   +0.00)             0 (       0)           0  
##>speculate_in_gdef               START            17461216395 ( +0.00)     2897.10 (   +0.00)             0 (       0)              
##> pre_speculate_mux_merge        START            17461216395 ( +0.00)     2897.10 (   +0.00)             0 (       0)              
##>                                  END            17461216395 ( +0.00)     2897.10 (   +0.00)             0 (       0)           0  
##>                                  END            17461216395 ( +0.00)     2897.10 (   +0.00)             0 (       0)           0  
##>create_score                    START            17461216395 ( +0.00)     2897.10 (   +0.00)             0 (       0)              
##>                                  END            17461216395 ( +0.00)     2897.10 (   +0.00)             0 (       0)           0  
##>+------------------------------------------------------------------------------------------------------------------------------------------------------------+
Committed config: CDN_DP_region_1_0_c5
Info    : Done implementing datapath configurations. [DPOPT-4]
        : Selected 'very_fast' configuration 5 for module 'CDN_DP_region_1_0_c5'.
          Optimizations applied to 'very_fast' configuration:
            rewriting(0), factoring(0), sharing(2), cmultcse(0), downsizing(0), speculation(0)
Info    : Implementing datapath configurations. [DPOPT-3]
        : Implementing datapath configurations for 'CDN_DP_region_0_2'
CSAGen Prep Share:0 Re-Write:0 Speculation: 0
MaxCSA: Successfully built Maximal CSA Expression Expr4
CDN_DP_region_0_2 level = 0 loads = 0 drivers = 0
CDN_DP_region_0_2_c0 in picorv32_ENABLE_COUNTERS1_ENABLE_COUNTERS641_ENABLE_REGS_16_311_ENABLE_REGS_DUALPORT1_TWO_STAGE_SHIFT1_BARREL_SHIFTER1_TWO_CYCLE_COMPARE0_TWO_CYCLE_ALU1_COMPRESSED_ISA0_CATCH_MISALIGN1_CATCH_ILLINSN1_ENABLE_PCPI1_ENABLE_MUL1_ENABLE_FAST_MUL1_ENABLE_DIV1_ENABLE_IRQ1_ENABLE_IRQ_QREGS1_ENABLE_IRQ_TIMER1_ENABLE_TRACE0_REGS_INIT_ZERO0_MASKED_IRQ0_LATCHED_IRQn1_PROGADDR_RESET0_PROGADDR_IRQ16_STACKADDRn1: area: 68044795245 ,dp = 1 mux = 0 sg = slow         worst_clk_period: -1.0000 
    wns: 0  norm_wns:  -1.0000 
    fail_endp: -1 
    tns:  0  tns_per_endp:  -1.0000   norm_tns_per_endp:  -1.0000 
    tns_sense_max:  -1.0000  tns_sense_avg:  -1.0000   tns_sense_num: -1
 skipped
CDN_DP_region_0_2_c1 in picorv32_ENABLE_COUNTERS1_ENABLE_COUNTERS641_ENABLE_REGS_16_311_ENABLE_REGS_DUALPORT1_TWO_STAGE_SHIFT1_BARREL_SHIFTER1_TWO_CYCLE_COMPARE0_TWO_CYCLE_ALU1_COMPRESSED_ISA0_CATCH_MISALIGN1_CATCH_ILLINSN1_ENABLE_PCPI1_ENABLE_MUL1_ENABLE_FAST_MUL1_ENABLE_DIV1_ENABLE_IRQ1_ENABLE_IRQ_QREGS1_ENABLE_IRQ_TIMER1_ENABLE_TRACE0_REGS_INIT_ZERO0_MASKED_IRQ0_LATCHED_IRQn1_PROGADDR_RESET0_PROGADDR_IRQ16_STACKADDRn1: area: 68044795245 ,dp = 1 mux = 0 sg = fast         worst_clk_period: -1.0000 
    wns: 0  norm_wns:  -1.0000 
    fail_endp: -1 
    tns:  0  tns_per_endp:  -1.0000   norm_tns_per_endp:  -1.0000 
    tns_sense_max:  -1.0000  tns_sense_avg:  -1.0000   tns_sense_num: -1
 is current best
CDN_DP_region_0_2_c2 in picorv32_ENABLE_COUNTERS1_ENABLE_COUNTERS641_ENABLE_REGS_16_311_ENABLE_REGS_DUALPORT1_TWO_STAGE_SHIFT1_BARREL_SHIFTER1_TWO_CYCLE_COMPARE0_TWO_CYCLE_ALU1_COMPRESSED_ISA0_CATCH_MISALIGN1_CATCH_ILLINSN1_ENABLE_PCPI1_ENABLE_MUL1_ENABLE_FAST_MUL1_ENABLE_DIV1_ENABLE_IRQ1_ENABLE_IRQ_QREGS1_ENABLE_IRQ_TIMER1_ENABLE_TRACE0_REGS_INIT_ZERO0_MASKED_IRQ0_LATCHED_IRQn1_PROGADDR_RESET0_PROGADDR_IRQ16_STACKADDRn1: area: 68044795245 ,dp = 1 mux = 0 sg = very_slow    worst_clk_period: -1.0000 
    wns: 0  norm_wns:  -1.0000 
    fail_endp: -1 
    tns:  0  tns_per_endp:  -1.0000   norm_tns_per_endp:  -1.0000 
    tns_sense_max:  -1.0000  tns_sense_avg:  -1.0000   tns_sense_num: -1
 is current best
CDN_DP_region_0_2_c3 in picorv32_ENABLE_COUNTERS1_ENABLE_COUNTERS641_ENABLE_REGS_16_311_ENABLE_REGS_DUALPORT1_TWO_STAGE_SHIFT1_BARREL_SHIFTER1_TWO_CYCLE_COMPARE0_TWO_CYCLE_ALU1_COMPRESSED_ISA0_CATCH_MISALIGN1_CATCH_ILLINSN1_ENABLE_PCPI1_ENABLE_MUL1_ENABLE_FAST_MUL1_ENABLE_DIV1_ENABLE_IRQ1_ENABLE_IRQ_QREGS1_ENABLE_IRQ_TIMER1_ENABLE_TRACE0_REGS_INIT_ZERO0_MASKED_IRQ0_LATCHED_IRQn1_PROGADDR_RESET0_PROGADDR_IRQ16_STACKADDRn1: area: 68044795245 ,dp = 1 mux = 0 sg = very_fast    worst_clk_period: -1.0000 
    wns: 0  norm_wns:  -1.0000 
    fail_endp: -1 
    tns:  0  tns_per_endp:  -1.0000   norm_tns_per_endp:  -1.0000 
    tns_sense_max:  -1.0000  tns_sense_avg:  -1.0000   tns_sense_num: -1
 is current best
CDN_DP_region_0_2_c4 in picorv32_ENABLE_COUNTERS1_ENABLE_COUNTERS641_ENABLE_REGS_16_311_ENABLE_REGS_DUALPORT1_TWO_STAGE_SHIFT1_BARREL_SHIFTER1_TWO_CYCLE_COMPARE0_TWO_CYCLE_ALU1_COMPRESSED_ISA0_CATCH_MISALIGN1_CATCH_ILLINSN1_ENABLE_PCPI1_ENABLE_MUL1_ENABLE_FAST_MUL1_ENABLE_DIV1_ENABLE_IRQ1_ENABLE_IRQ_QREGS1_ENABLE_IRQ_TIMER1_ENABLE_TRACE0_REGS_INIT_ZERO0_MASKED_IRQ0_LATCHED_IRQn1_PROGADDR_RESET0_PROGADDR_IRQ16_STACKADDRn1: area: 68044795245 ,dp = 1 mux = 0 sg = very_fast    worst_clk_period: -1.0000 
    wns: 0  norm_wns:  -1.0000 
    fail_endp: -1 
    tns:  0  tns_per_endp:  -1.0000   norm_tns_per_endp:  -1.0000 
    tns_sense_max:  -1.0000  tns_sense_avg:  -1.0000   tns_sense_num: -1
 is current best
CDN_DP_region_0_2_c5 in picorv32_ENABLE_COUNTERS1_ENABLE_COUNTERS641_ENABLE_REGS_16_311_ENABLE_REGS_DUALPORT1_TWO_STAGE_SHIFT1_BARREL_SHIFTER1_TWO_CYCLE_COMPARE0_TWO_CYCLE_ALU1_COMPRESSED_ISA0_CATCH_MISALIGN1_CATCH_ILLINSN1_ENABLE_PCPI1_ENABLE_MUL1_ENABLE_FAST_MUL1_ENABLE_DIV1_ENABLE_IRQ1_ENABLE_IRQ_QREGS1_ENABLE_IRQ_TIMER1_ENABLE_TRACE0_REGS_INIT_ZERO0_MASKED_IRQ0_LATCHED_IRQn1_PROGADDR_RESET0_PROGADDR_IRQ16_STACKADDRn1: area: 68044795245 ,dp = 1 mux = 0 sg = very_fast    worst_clk_period: -1.0000 
    wns: 0  norm_wns:  -1.0000 
    fail_endp: -1 
    tns:  0  tns_per_endp:  -1.0000   norm_tns_per_endp:  -1.0000 
    tns_sense_max:  -1.0000  tns_sense_avg:  -1.0000   tns_sense_num: -1
 is current best
CDN_DP_region_0_2_c6 in picorv32_ENABLE_COUNTERS1_ENABLE_COUNTERS641_ENABLE_REGS_16_311_ENABLE_REGS_DUALPORT1_TWO_STAGE_SHIFT1_BARREL_SHIFTER1_TWO_CYCLE_COMPARE0_TWO_CYCLE_ALU1_COMPRESSED_ISA0_CATCH_MISALIGN1_CATCH_ILLINSN1_ENABLE_PCPI1_ENABLE_MUL1_ENABLE_FAST_MUL1_ENABLE_DIV1_ENABLE_IRQ1_ENABLE_IRQ_QREGS1_ENABLE_IRQ_TIMER1_ENABLE_TRACE0_REGS_INIT_ZERO0_MASKED_IRQ0_LATCHED_IRQn1_PROGADDR_RESET0_PROGADDR_IRQ16_STACKADDRn1: area: 68044795245 ,dp = 1 mux = 0 sg = very_fast    worst_clk_period: -1.0000 
    wns: 0  norm_wns:  -1.0000 
    fail_endp: -1 
    tns:  0  tns_per_endp:  -1.0000   norm_tns_per_endp:  -1.0000 
    tns_sense_max:  -1.0000  tns_sense_avg:  -1.0000   tns_sense_num: -1
 is current best
CDN_DP_region_0_2_c7 in picorv32_ENABLE_COUNTERS1_ENABLE_COUNTERS641_ENABLE_REGS_16_311_ENABLE_REGS_DUALPORT1_TWO_STAGE_SHIFT1_BARREL_SHIFTER1_TWO_CYCLE_COMPARE0_TWO_CYCLE_ALU1_COMPRESSED_ISA0_CATCH_MISALIGN1_CATCH_ILLINSN1_ENABLE_PCPI1_ENABLE_MUL1_ENABLE_FAST_MUL1_ENABLE_DIV1_ENABLE_IRQ1_ENABLE_IRQ_QREGS1_ENABLE_IRQ_TIMER1_ENABLE_TRACE0_REGS_INIT_ZERO0_MASKED_IRQ0_LATCHED_IRQn1_PROGADDR_RESET0_PROGADDR_IRQ16_STACKADDRn1: area: 68044795245 ,dp = 1 mux = 0 sg = very_fast    worst_clk_period: -1.0000 
    wns: 0  norm_wns:  -1.0000 
    fail_endp: -1 
    tns:  0  tns_per_endp:  -1.0000   norm_tns_per_endp:  -1.0000 
    tns_sense_max:  -1.0000  tns_sense_avg:  -1.0000   tns_sense_num: -1
 is current best
Best config: CDN_DP_region_0_2_c7 in picorv32_ENABLE_COUNTERS1_ENABLE_COUNTERS641_ENABLE_REGS_16_311_ENABLE_REGS_DUALPORT1_TWO_STAGE_SHIFT1_BARREL_SHIFTER1_TWO_CYCLE_COMPARE0_TWO_CYCLE_ALU1_COMPRESSED_ISA0_CATCH_MISALIGN1_CATCH_ILLINSN1_ENABLE_PCPI1_ENABLE_MUL1_ENABLE_FAST_MUL1_ENABLE_DIV1_ENABLE_IRQ1_ENABLE_IRQ_QREGS1_ENABLE_IRQ_TIMER1_ENABLE_TRACE0_REGS_INIT_ZERO0_MASKED_IRQ0_LATCHED_IRQn1_PROGADDR_RESET0_PROGADDR_IRQ16_STACKADDRn1: area: 68044795245 ,dp = 1 mux = 0 sg = very_fast    worst_clk_period: -1.0000 
    wns: 0  norm_wns:  -1.0000 
    fail_endp: -1 
    tns:  0  tns_per_endp:  -1.0000   norm_tns_per_endp:  -1.0000 
    tns_sense_max:  -1.0000  tns_sense_avg:  -1.0000   tns_sense_num: -1
  Smallest config area : 68044795245.  Fastest config wns;  0
##>+----------------------------------------------------------------------------------------------------------------------------------------------------------------+
##>Summary table of configs (Best config is CDN_DP_region_0_2_c7)
##>+----------------------------------------------------------------------------------------------------------------------------------------------------------------+
##>                     0                  1                  2                  3                  4                  5                  6                  7            
##>+----------------------------------------------------------------------------------------------------------------------------------------------------------------+
##>           Area      68044795245        68044795245        68044795245        68044795245        68044795245        68044795245        68044795245        68044795245  
##>            WNS         +3225.50           +3225.50           +3225.50           +3225.50           +3225.50           +3225.50           +3225.50           +3225.50  
##>            TNS                0                  0                  0                  0                  0                  0                  0                  0  
##>    Num Rewrite                0                  0                  0                  0                  0                  0                  0                  0  
##>     Num Factor                0                  0                  0                  0                  0                  0                  0                  0  
##>      Num Share                0                  0                  0                  0                  0                  0                  0                  0  
##>   Num CmultCse                0                  0                  0                  0                  0                  0                  0                  0  
##>   Num Downsize                0                  0                  0                  0                  0                  0                  0                  0  
##>  Num Speculate                0                  0                  0                  0                  0                  0                  0                  0  
##>     Runtime(s)                0                  0                  0                  0                  0                  0                  0                  4  
+----------------------------------------------------------------------------------------------------------------------------------------------------------------+
##>
##>
##>+------------------------------------------------------------------------------------------------------------------------------------------------------------+
##>Optimization Step DEBUG Table for config CDN_DP_region_0_2_c7
##>
##>                          Step                        Area   ( % Chg)        WNS (Change)        TNS (Change)          Runtime (s)        Comment                   
##>+------------------------------------------------------------------------------------------------------------------------------------------------------------+
##>EquationExtraction              START            68044795245 (      )     3225.50 (        )             0 (        )              
##> rewrite                        START           299976112800 (+340.85)     3193.50 (  -32.00)             0 (       0)              (a,ar) Expr4_from --> Expr4_to
##>                                  END           188825775705 (-37.05)     3199.00 (   +5.50)             0 (       0)           2  
##>                                  END            68044795245 ( +0.00)     3225.50 (   +0.00)             0 (       0)           4  
##>createMaxCarrySave              START            68044795245 ( +0.00)     3225.50 (   +0.00)             0 (       0)              
##> datapath_rewrite_one_def       START            68044795245 ( +0.00)     3225.50 (   +0.00)             0 (       0)              
##>                                  END            68044795245 ( +0.00)     3225.50 (   +0.00)             0 (       0)           0  
##> csa_opto                       START            68044795245 ( +0.00)     3225.50 (   +0.00)             0 (       0)              
##>                                  END            68044795245 ( +0.00)     3225.50 (   +0.00)             0 (       0)           0  
##>                                  END            68044795245 ( +0.00)     3225.50 (   +0.00)             0 (       0)           0  
##>canonicalize_by_names           START            68044795245 ( +0.00)     3225.50 (   +0.00)             0 (       0)              
##>                                  END            68044795245 ( +0.00)     3225.50 (   +0.00)             0 (       0)           0  
##>datapath_rewrite_post_csa_one_  START            68044795245 ( +0.00)     3225.50 (   +0.00)             0 (       0)              
##>                                  END            68044795245 ( +0.00)     3225.50 (   +0.00)             0 (       0)           0  
##>datapath_csa_factoring_one_gde  START            68044795245 ( +0.00)     3225.50 (   +0.00)             0 (       0)              
##>                                  END            68044795245 ( +0.00)     3225.50 (   +0.00)             0 (       0)           0  
##>dpopt_share_one_def             START            68044795245 ( +0.00)     3225.50 (   +0.00)             0 (       0)              
##>                                  END            68044795245 ( +0.00)     3225.50 (   +0.00)             0 (       0)           0  
##>datapath_rewrite_post_share     START            68044795245 ( +0.00)     3225.50 (   +0.00)             0 (       0)              
##>                                  END            68044795245 ( +0.00)     3225.50 (   +0.00)             0 (       0)           0  
##>dp_combine_const_mult_with_com  START            68044795245 ( +0.00)     3225.50 (   +0.00)             0 (       0)              
##>                                  END            68044795245 ( +0.00)     3225.50 (   +0.00)             0 (       0)           0  
##>dp_operator_level_decompositio  START            68044795245 ( +0.00)     3225.50 (   +0.00)             0 (       0)              
##>                                  END            68044795245 ( +0.00)     3225.50 (   +0.00)             0 (       0)           0  
##>selective_flatten_dp_config     START            68044795245 ( +0.00)     3225.50 (   +0.00)             0 (       0)              
##>                                  END            68044795245 ( +0.00)     3225.50 (   +0.00)             0 (       0)           0  
##>createMaxCarrySave              START            68044795245 ( +0.00)     3225.50 (   +0.00)             0 (       0)              
##> datapath_rewrite_one_def       START            68044795245 ( +0.00)     3225.50 (   +0.00)             0 (       0)              
##>  fast_cse_elim                 START            68044795245 ( +0.00)     3225.50 (   +0.00)             0 (       0)              
##>                                  END            68044795245 ( +0.00)     3225.50 (   +0.00)             0 (       0)           0  
##>  fast_cse_elim                 START            68044795245 ( +0.00)     3225.50 (   +0.00)             0 (       0)              
##>                                  END            68044795245 ( +0.00)     3225.50 (   +0.00)             0 (       0)           0  
##>                                  END            68044795245 ( +0.00)     3225.50 (   +0.00)             0 (       0)           0  
##> csa_opto                       START            68044795245 ( +0.00)     3225.50 (   +0.00)             0 (       0)              
##>                                  END            68044795245 ( +0.00)     3225.50 (   +0.00)             0 (       0)           0  
##>                                  END            68044795245 ( +0.00)     3225.50 (   +0.00)             0 (       0)           0  
##>context_based_simplify          START            68044795245 ( +0.00)     3225.50 (   +0.00)             0 (       0)              
##>                                  END            68044795245 ( +0.00)     3225.50 (   +0.00)             0 (       0)           0  
##>group_csa_final_adder_dp        START            68044795245 ( +0.00)     3225.50 (   +0.00)             0 (       0)              
##>                                  END            68044795245 ( +0.00)     3225.50 (   +0.00)             0 (       0)           0  
##>dpopt_flatten_critical_muxes_i  START            68044795245 ( +0.00)     3225.50 (   +0.00)             0 (       0)              
##>                                  END            68044795245 ( +0.00)     3225.50 (   +0.00)             0 (       0)           0  
##>create_score                    START            68044795245 ( +0.00)     3225.50 (   +0.00)             0 (       0)              
##>                                  END            68044795245 ( +0.00)     3225.50 (   +0.00)             0 (       0)           0  
##>+------------------------------------------------------------------------------------------------------------------------------------------------------------+
Committed config: CDN_DP_region_0_2_c7
Info    : Done implementing datapath configurations. [DPOPT-4]
        : Selected 'very_fast' configuration 7 for module 'CDN_DP_region_0_2_c7'.
          Optimizations applied to 'very_fast' configuration:
            rewriting(0), factoring(0), sharing(0), cmultcse(0), downsizing(0), speculation(0)
Info    : Implementing datapath configurations. [DPOPT-3]
        : Implementing datapath configurations for 'CDN_DP_region_0_1'
CSAGen Prep Share:0 Re-Write:0 Speculation: 0
MaxCSA: Successfully built Maximal CSA Expression Expr5
CDN_DP_region_0_1 level = 1 loads = 0 drivers = 1 is driven by : CDN_DP_region_0_0 
CDN_DP_region_0_1_c0 in picorv32_ENABLE_COUNTERS1_ENABLE_COUNTERS641_ENABLE_REGS_16_311_ENABLE_REGS_DUALPORT1_TWO_STAGE_SHIFT1_BARREL_SHIFTER1_TWO_CYCLE_COMPARE0_TWO_CYCLE_ALU1_COMPRESSED_ISA0_CATCH_MISALIGN1_CATCH_ILLINSN1_ENABLE_PCPI1_ENABLE_MUL1_ENABLE_FAST_MUL1_ENABLE_DIV1_ENABLE_IRQ1_ENABLE_IRQ_QREGS1_ENABLE_IRQ_TIMER1_ENABLE_TRACE0_REGS_INIT_ZERO0_MASKED_IRQ0_LATCHED_IRQn1_PROGADDR_RESET0_PROGADDR_IRQ16_STACKADDRn1: area: 181609470 ,dp = 1 mux = 1 sg = slow         worst_clk_period: -1.0000 
    wns: 0  norm_wns:  -1.0000 
    fail_endp: -1 
    tns:  0  tns_per_endp:  -1.0000   norm_tns_per_endp:  -1.0000 
    tns_sense_max:  -1.0000  tns_sense_avg:  -1.0000   tns_sense_num: -1
 skipped
CDN_DP_region_0_1_c1 in picorv32_ENABLE_COUNTERS1_ENABLE_COUNTERS641_ENABLE_REGS_16_311_ENABLE_REGS_DUALPORT1_TWO_STAGE_SHIFT1_BARREL_SHIFTER1_TWO_CYCLE_COMPARE0_TWO_CYCLE_ALU1_COMPRESSED_ISA0_CATCH_MISALIGN1_CATCH_ILLINSN1_ENABLE_PCPI1_ENABLE_MUL1_ENABLE_FAST_MUL1_ENABLE_DIV1_ENABLE_IRQ1_ENABLE_IRQ_QREGS1_ENABLE_IRQ_TIMER1_ENABLE_TRACE0_REGS_INIT_ZERO0_MASKED_IRQ0_LATCHED_IRQn1_PROGADDR_RESET0_PROGADDR_IRQ16_STACKADDRn1: area: 165585105 ,dp = 1 mux = 1 sg = fast         worst_clk_period: -1.0000 
    wns: 0  norm_wns:  -1.0000 
    fail_endp: -1 
    tns:  0  tns_per_endp:  -1.0000   norm_tns_per_endp:  -1.0000 
    tns_sense_max:  -1.0000  tns_sense_avg:  -1.0000   tns_sense_num: -1
 is current best
CDN_DP_region_0_1_c2 in picorv32_ENABLE_COUNTERS1_ENABLE_COUNTERS641_ENABLE_REGS_16_311_ENABLE_REGS_DUALPORT1_TWO_STAGE_SHIFT1_BARREL_SHIFTER1_TWO_CYCLE_COMPARE0_TWO_CYCLE_ALU1_COMPRESSED_ISA0_CATCH_MISALIGN1_CATCH_ILLINSN1_ENABLE_PCPI1_ENABLE_MUL1_ENABLE_FAST_MUL1_ENABLE_DIV1_ENABLE_IRQ1_ENABLE_IRQ_QREGS1_ENABLE_IRQ_TIMER1_ENABLE_TRACE0_REGS_INIT_ZERO0_MASKED_IRQ0_LATCHED_IRQn1_PROGADDR_RESET0_PROGADDR_IRQ16_STACKADDRn1: area: 165585105 ,dp = 1 mux = 1 sg = very_slow    worst_clk_period: -1.0000 
    wns: 0  norm_wns:  -1.0000 
    fail_endp: -1 
    tns:  0  tns_per_endp:  -1.0000   norm_tns_per_endp:  -1.0000 
    tns_sense_max:  -1.0000  tns_sense_avg:  -1.0000   tns_sense_num: -1
 is current best
CDN_DP_region_0_1_c3 in picorv32_ENABLE_COUNTERS1_ENABLE_COUNTERS641_ENABLE_REGS_16_311_ENABLE_REGS_DUALPORT1_TWO_STAGE_SHIFT1_BARREL_SHIFTER1_TWO_CYCLE_COMPARE0_TWO_CYCLE_ALU1_COMPRESSED_ISA0_CATCH_MISALIGN1_CATCH_ILLINSN1_ENABLE_PCPI1_ENABLE_MUL1_ENABLE_FAST_MUL1_ENABLE_DIV1_ENABLE_IRQ1_ENABLE_IRQ_QREGS1_ENABLE_IRQ_TIMER1_ENABLE_TRACE0_REGS_INIT_ZERO0_MASKED_IRQ0_LATCHED_IRQn1_PROGADDR_RESET0_PROGADDR_IRQ16_STACKADDRn1: area: 165585105 ,dp = 1 mux = 1 sg = very_fast    worst_clk_period: -1.0000 
    wns: 0  norm_wns:  -1.0000 
    fail_endp: -1 
    tns:  0  tns_per_endp:  -1.0000   norm_tns_per_endp:  -1.0000 
    tns_sense_max:  -1.0000  tns_sense_avg:  -1.0000   tns_sense_num: -1
 is current best
CDN_DP_region_0_1_c4 in picorv32_ENABLE_COUNTERS1_ENABLE_COUNTERS641_ENABLE_REGS_16_311_ENABLE_REGS_DUALPORT1_TWO_STAGE_SHIFT1_BARREL_SHIFTER1_TWO_CYCLE_COMPARE0_TWO_CYCLE_ALU1_COMPRESSED_ISA0_CATCH_MISALIGN1_CATCH_ILLINSN1_ENABLE_PCPI1_ENABLE_MUL1_ENABLE_FAST_MUL1_ENABLE_DIV1_ENABLE_IRQ1_ENABLE_IRQ_QREGS1_ENABLE_IRQ_TIMER1_ENABLE_TRACE0_REGS_INIT_ZERO0_MASKED_IRQ0_LATCHED_IRQn1_PROGADDR_RESET0_PROGADDR_IRQ16_STACKADDRn1: area: 165585105 ,dp = 1 mux = 1 sg = very_fast    worst_clk_period: -1.0000 
    wns: 0  norm_wns:  -1.0000 
    fail_endp: -1 
    tns:  0  tns_per_endp:  -1.0000   norm_tns_per_endp:  -1.0000 
    tns_sense_max:  -1.0000  tns_sense_avg:  -1.0000   tns_sense_num: -1
 is current best
CDN_DP_region_0_1_c5 in picorv32_ENABLE_COUNTERS1_ENABLE_COUNTERS641_ENABLE_REGS_16_311_ENABLE_REGS_DUALPORT1_TWO_STAGE_SHIFT1_BARREL_SHIFTER1_TWO_CYCLE_COMPARE0_TWO_CYCLE_ALU1_COMPRESSED_ISA0_CATCH_MISALIGN1_CATCH_ILLINSN1_ENABLE_PCPI1_ENABLE_MUL1_ENABLE_FAST_MUL1_ENABLE_DIV1_ENABLE_IRQ1_ENABLE_IRQ_QREGS1_ENABLE_IRQ_TIMER1_ENABLE_TRACE0_REGS_INIT_ZERO0_MASKED_IRQ0_LATCHED_IRQn1_PROGADDR_RESET0_PROGADDR_IRQ16_STACKADDRn1: area: 165585105 ,dp = 1 mux = 1 sg = very_fast    worst_clk_period: -1.0000 
    wns: 0  norm_wns:  -1.0000 
    fail_endp: -1 
    tns:  0  tns_per_endp:  -1.0000   norm_tns_per_endp:  -1.0000 
    tns_sense_max:  -1.0000  tns_sense_avg:  -1.0000   tns_sense_num: -1
 is current best
CDN_DP_region_0_1_c6 in picorv32_ENABLE_COUNTERS1_ENABLE_COUNTERS641_ENABLE_REGS_16_311_ENABLE_REGS_DUALPORT1_TWO_STAGE_SHIFT1_BARREL_SHIFTER1_TWO_CYCLE_COMPARE0_TWO_CYCLE_ALU1_COMPRESSED_ISA0_CATCH_MISALIGN1_CATCH_ILLINSN1_ENABLE_PCPI1_ENABLE_MUL1_ENABLE_FAST_MUL1_ENABLE_DIV1_ENABLE_IRQ1_ENABLE_IRQ_QREGS1_ENABLE_IRQ_TIMER1_ENABLE_TRACE0_REGS_INIT_ZERO0_MASKED_IRQ0_LATCHED_IRQn1_PROGADDR_RESET0_PROGADDR_IRQ16_STACKADDRn1: area: 165585105 ,dp = 1 mux = 1 sg = very_fast    worst_clk_period: -1.0000 
    wns: 0  norm_wns:  -1.0000 
    fail_endp: -1 
    tns:  0  tns_per_endp:  -1.0000   norm_tns_per_endp:  -1.0000 
    tns_sense_max:  -1.0000  tns_sense_avg:  -1.0000   tns_sense_num: -1
 is current best
CDN_DP_region_0_1_c7 in picorv32_ENABLE_COUNTERS1_ENABLE_COUNTERS641_ENABLE_REGS_16_311_ENABLE_REGS_DUALPORT1_TWO_STAGE_SHIFT1_BARREL_SHIFTER1_TWO_CYCLE_COMPARE0_TWO_CYCLE_ALU1_COMPRESSED_ISA0_CATCH_MISALIGN1_CATCH_ILLINSN1_ENABLE_PCPI1_ENABLE_MUL1_ENABLE_FAST_MUL1_ENABLE_DIV1_ENABLE_IRQ1_ENABLE_IRQ_QREGS1_ENABLE_IRQ_TIMER1_ENABLE_TRACE0_REGS_INIT_ZERO0_MASKED_IRQ0_LATCHED_IRQn1_PROGADDR_RESET0_PROGADDR_IRQ16_STACKADDRn1: area: 165585105 ,dp = 1 mux = 1 sg = very_fast    worst_clk_period: -1.0000 
    wns: 0  norm_wns:  -1.0000 
    fail_endp: -1 
    tns:  0  tns_per_endp:  -1.0000   norm_tns_per_endp:  -1.0000 
    tns_sense_max:  -1.0000  tns_sense_avg:  -1.0000   tns_sense_num: -1
 is current best
Best config: CDN_DP_region_0_1_c7 in picorv32_ENABLE_COUNTERS1_ENABLE_COUNTERS641_ENABLE_REGS_16_311_ENABLE_REGS_DUALPORT1_TWO_STAGE_SHIFT1_BARREL_SHIFTER1_TWO_CYCLE_COMPARE0_TWO_CYCLE_ALU1_COMPRESSED_ISA0_CATCH_MISALIGN1_CATCH_ILLINSN1_ENABLE_PCPI1_ENABLE_MUL1_ENABLE_FAST_MUL1_ENABLE_DIV1_ENABLE_IRQ1_ENABLE_IRQ_QREGS1_ENABLE_IRQ_TIMER1_ENABLE_TRACE0_REGS_INIT_ZERO0_MASKED_IRQ0_LATCHED_IRQn1_PROGADDR_RESET0_PROGADDR_IRQ16_STACKADDRn1: area: 165585105 ,dp = 1 mux = 1 sg = very_fast    worst_clk_period: -1.0000 
    wns: 0  norm_wns:  -1.0000 
    fail_endp: -1 
    tns:  0  tns_per_endp:  -1.0000   norm_tns_per_endp:  -1.0000 
    tns_sense_max:  -1.0000  tns_sense_avg:  -1.0000   tns_sense_num: -1
  Smallest config area : 165585105.  Fastest config wns;  0
##>+----------------------------------------------------------------------------------------------------------------------------------------------------------------+
##>Summary table of configs (Best config is CDN_DP_region_0_1_c7)
##>+----------------------------------------------------------------------------------------------------------------------------------------------------------------+
##>                     0                  1                  2                  3                  4                  5                  6                  7            
##>+----------------------------------------------------------------------------------------------------------------------------------------------------------------+
##>           Area        181609470          165585105          165585105          165585105          165585105          165585105          165585105          165585105  
##>            WNS         +2900.60           +2900.60           +2900.60           +2900.60           +2900.60           +2900.60           +2900.60           +2900.60  
##>            TNS                0                  0                  0                  0                  0                  0                  0                  0  
##>    Num Rewrite                0                  0                  0                  0                  0                  0                  0                  0  
##>     Num Factor                0                  0                  0                  0                  0                  0                  0                  0  
##>      Num Share                0                  0                  0                  0                  0                  0                  0                  0  
##>   Num CmultCse                0                  0                  0                  0                  0                  0                  0                  0  
##>   Num Downsize                0                  0                  0                  0                  0                  0                  0                  0  
##>  Num Speculate                0                  0                  0                  0                  0                  0                  0                  0  
##>     Runtime(s)                0                  0                  0                  0                  0                  0                  0                  0  
+----------------------------------------------------------------------------------------------------------------------------------------------------------------+
##>
##>
##>+------------------------------------------------------------------------------------------------------------------------------------------------------------+
##>Optimization Step DEBUG Table for config CDN_DP_region_0_1_c7
##>
##>                          Step                        Area   ( % Chg)        WNS (Change)        TNS (Change)          Runtime (s)        Comment                   
##>+------------------------------------------------------------------------------------------------------------------------------------------------------------+
##>EquationExtraction              START              181609470 (      )     2900.60 (        )             0 (        )              
##> rewrite                        START              288438570 (+58.82)     2900.60 (   +0.00)             0 (       0)              (a,ar) Expr5_from --> Expr5_to
##>                                  END              421974945 (+46.30)     2900.60 (   +0.00)             0 (       0)           0  
##>                                  END              181609470 ( +0.00)     2900.60 (   +0.00)             0 (       0)           0  
##>createMaxCarrySave              START              181609470 ( +0.00)     2900.60 (   +0.00)             0 (       0)              
##> datapath_rewrite_one_def       START              181609470 ( +0.00)     2900.60 (   +0.00)             0 (       0)              
##>                                  END              181609470 ( +0.00)     2900.60 (   +0.00)             0 (       0)           0  
##> csa_opto                       START              181609470 ( +0.00)     2900.60 (   +0.00)             0 (       0)              
##>                                  END              202975290 (+11.76)     2900.60 (   +0.00)             0 (       0)           0  
##>                                  END              202975290 (+11.76)     2900.60 (   +0.00)             0 (       0)           0  
##>canonicalize_by_names           START              202975290 ( +0.00)     2900.60 (   +0.00)             0 (       0)              
##>                                  END              202975290 ( +0.00)     2900.60 (   +0.00)             0 (       0)           0  
##>datapath_rewrite_post_csa_one_  START              202975290 ( +0.00)     2900.60 (   +0.00)             0 (       0)              
##>                                  END              202975290 ( +0.00)     2900.60 (   +0.00)             0 (       0)           0  
##>datapath_csa_factoring_one_gde  START              202975290 ( +0.00)     2900.60 (   +0.00)             0 (       0)              
##>                                  END              202975290 ( +0.00)     2900.60 (   +0.00)             0 (       0)           0  
##>dpopt_share_one_def             START              202975290 ( +0.00)     2900.60 (   +0.00)             0 (       0)              
##>                                  END              202975290 ( +0.00)     2900.60 (   +0.00)             0 (       0)           0  
##>datapath_rewrite_post_share     START              202975290 ( +0.00)     2900.60 (   +0.00)             0 (       0)              
##>                                  END              202975290 ( +0.00)     2900.60 (   +0.00)             0 (       0)           0  
##>dp_combine_const_mult_with_com  START              202975290 ( +0.00)     2900.60 (   +0.00)             0 (       0)              
##>                                  END              202975290 ( +0.00)     2900.60 (   +0.00)             0 (       0)           0  
##>dp_operator_level_decompositio  START              202975290 ( +0.00)     2900.60 (   +0.00)             0 (       0)              
##>                                  END              202975290 ( +0.00)     2900.60 (   +0.00)             0 (       0)           0  
##>selective_flatten_dp_config     START              202975290 ( +0.00)     2900.60 (   +0.00)             0 (       0)              
##>                                  END              202975290 ( +0.00)     2900.60 (   +0.00)             0 (       0)           0  
##>createMaxCarrySave              START              202975290 ( +0.00)     2900.60 (   +0.00)             0 (       0)              
##> datapath_rewrite_one_def       START              202975290 ( +0.00)     2900.60 (   +0.00)             0 (       0)              
##>  fast_cse_elim                 START              202975290 ( +0.00)     2900.60 (   +0.00)             0 (       0)              
##>                                  END              202975290 ( +0.00)     2900.60 (   +0.00)             0 (       0)           0  
##>  fast_cse_elim                 START              202975290 ( +0.00)     2900.60 (   +0.00)             0 (       0)              
##>                                  END              202975290 ( +0.00)     2900.60 (   +0.00)             0 (       0)           0  
##>                                  END              202975290 ( +0.00)     2900.60 (   +0.00)             0 (       0)           0  
##> csa_opto                       START              202975290 ( +0.00)     2900.60 (   +0.00)             0 (       0)              
##>                                  END              202975290 ( +0.00)     2900.60 (   +0.00)             0 (       0)           0  
##>                                  END              202975290 ( +0.00)     2900.60 (   +0.00)             0 (       0)           0  
##>context_based_simplify          START              176268015 (-13.16)     2900.60 (   +0.00)             0 (       0)              
##>                                  END              165585105 ( -6.06)     2900.60 (   +0.00)             0 (       0)           0  
##>group_csa_final_adder_dp        START              165585105 ( +0.00)     2900.60 (   +0.00)             0 (       0)              
##>                                  END              165585105 ( +0.00)     2900.60 (   +0.00)             0 (       0)           0  
##>dpopt_flatten_critical_muxes_i  START              165585105 ( +0.00)     2900.60 (   +0.00)             0 (       0)              
##>                                  END              165585105 ( +0.00)     2900.60 (   +0.00)             0 (       0)           0  
##>create_score                    START              165585105 ( +0.00)     2900.60 (   +0.00)             0 (       0)              
##>                                  END              165585105 ( +0.00)     2900.60 (   +0.00)             0 (       0)           0  
##>+------------------------------------------------------------------------------------------------------------------------------------------------------------+
Committed config: CDN_DP_region_0_1_c7
Info    : Done implementing datapath configurations. [DPOPT-4]
        : Selected 'very_fast' configuration 7 for module 'CDN_DP_region_0_1_c7'.
          Optimizations applied to 'very_fast' configuration:
            rewriting(0), factoring(0), sharing(0), cmultcse(0), downsizing(0), speculation(0)
Info:  Ungrouped 0 dp-cluster instances.  0 cluster instances were left intact, to aid verification.
Info    : Done optimizing datapath logic. [DPOPT-2]
        : Done optimizing datapath logic in 'picorv32_wb'.
Number of big hc bmuxes after = 2
Starting logic reduction [v1.0] (stage: post_rtlopt, startdef: picorv32_wb, recur: true)
Completed logic reduction (accepts: 0, rejects: 0, runtime: 0.001s)
Starting mux data reorder optimization [v1.0] (stage: post_rtlopt, startdef: picorv32_wb, recur: true)
Completed mux data reorder optimization (accepts: 0, rejects: 0, runtime: 0.007s)

Stage: post_rtlopt
----------------------------------------------------------
| Transform           | Accepts | Rejects | Runtime (ms) | 
----------------------------------------------------------
| hlo_logic_reduction |       0 |       0 |         1.00 | 
| hlo_mux_reorder     |       0 |       0 |         7.00 | 
----------------------------------------------------------
Info    : Deleting instances not driving any primary outputs. [GLO-34]
        : Deleting 32 sequential instances.
Starting mux speculation [v1.0] (stage: post_muxopt, startdef: picorv32_wb, recur: true)
Starting speculation optimization
Completed speculation optimization (accepts:0)
Completed mux speculation (accepts: 0, rejects: 0, runtime: 0.519s)

Stage: post_muxopt
------------------------------------------------------
| Transform       | Accepts | Rejects | Runtime (ms) | 
------------------------------------------------------
| hlo_speculation |       0 |       0 |       519.00 | 
------------------------------------------------------
==================================
Stage : to_generic 
==================================
  =================
   Message Summary
  =================
-----------------------------------------------------
| 0 ... |  Sev   |Count |         Message Text           |
-----------------------------------------------------
| CDFG-250 |Info    |    1 |Processing multi-dimensional    |
|  |        |      | arrays.                        |
| CDFG-372 |Info    |  291 |Bitwidth mismatch in            |
|  |        |      | assignment.                    |
|  |        |      |Review and make sure the        |
|  |        |      | mismatch is unintentional.     |
|  |        |      | Genus can possibly issue       |
|  |        |      | bitwidth mismatch warning for  |
|  |        |      | explicit assignments present   |
|  |        |      | in RTL as-well-as for implicit |
|  |        |      | assignments inferred by the    |
|  |        |      | tool. For example, in case of  |
|  |        |      | enum declaration without       |
|  |        |      | value, the tool will           |
|  |        |      | implicitly assign value to the |
|  |        |      | enum variables. It also issues |
|  |        |      | the warning for any bitwidth   |
|  |        |      | mismatch that appears in this  |
|  |        |      | implicit assignment.           |
| CDFG-373 |Info    |   14 |Sign mismatch in assignment.    |
| CDFG-508 |Warning |   44 |Removing unused register.       |
|  |        |      |Genus removes the flip-flop or  |
|  |        |      | latch inferred for an unused   |
|  |        |      | signal or variable. To         |
|  |        |      | preserve the flip-flop or      |
|  |        |      | latch, set the                 |
|  |        |      | hdl_preserve_unused_registers  |
|  |        |      | attribute to true or use a     |
|  |        |      | pragma in the RTL.             |
| CDFG-738 |Info    |   71 |Common subexpression            |
|  |        |      | eliminated.                    |
| CDFG-739 |Info    |   71 |Common subexpression kept.      |
| CDFG-769 |Info    |    4 |Identified sum-of-products      |
|  |        |      | logic to be optimized during   |
|  |        |      | syn_generic.                   |
| CDFG-771 |Info    |    4 |Replaced logic with a constant  |
|  |        |      | value.                         |
| CDFG-773 |Info    |    1 |Skip related conditional write  |
|  |        |      | and read sequence.             |
| CDFG-818 |Warning |    1 |Using default parameter value   |
|  |        |      | for module elaboration.        |
| CWD-19 |Info    |  307 |An implementation was inferred. |
| DPOPT-1 |Info    |    1 |Optimizing datapath logic.      |
| DPOPT-2 |Info    |    1 |Done optimizing datapath logic. |
| DPOPT-3 |Info    |    4 |Implementing datapath           |
|  |        |      | configurations.                |
| DPOPT-4 |Info    |    4 |Done implementing datapath      |
|  |        |      | configurations.                |
| DPOPT-6 |Info    |    1 |Pre-processed datapath logic.   |
| DPOPT-10 |Info    |   16 |Optimized a mux chain.          |
| ELAB-1 |Info    |    1 |Elaborating Design.             |
| ELAB-2 |Info    |    3 |Elaborating Subdesign.          |
| ELAB-3 |Info    |    1 |Done Elaborating Design.        |
| ELABUTL-132 |Info    |    5 |Unused instance port.           |
|  |        |      |Please check the reported       |
|  |        |      | scenario of unconnected        |
|  |        |      | instance port to ensure that   |
|  |        |      | it matches the design intent.  |
| GB-6 |Info    |    2 |A datapath component has been   |
|  |        |      | ungrouped.                     |
| GLO-12 |Info    |   10 |Replacing a flip-flop with a    |
|  |        |      | logic constant 0.              |
|  |        |      |To prevent this optimization,   |
|  |        |      | set the                        |
|  |        |      | 'optimize_constant_0_flops'    |
|  |        |      | root attribute to 'false' or   |
|  |        |      | 'optimize_constant_0_seq'      |
|  |        |      | instance attribute to 'false'. |
|  |        |      | You can also see the complete  |
|  |        |      | list of deleted sequential     |
|  |        |      | with command 'report           |
|  |        |      | sequential -deleted'           |
|  |        |      | (on Reason 'constant0').       |
| GLO-24 |Info    |   36 |Replacing a dont care flip-flop |
|  |        |      | with a logic constant 0.       |
|  |        |      |The value used to replace the   |
|  |        |      | flop can be set by the root    |
|  |        |      | attribute 'optimize_seq_x_to'. |
| GLO-34 |Info    |    6 |Deleting instances not driving  |
|  |        |      | any primary outputs.           |
|  |        |      |Optimizations such as constant  |
|  |        |      | propagation or redundancy      |
|  |        |      | removal could change the       |
|  |        |      | connections so a hierarchical  |
|  |        |      | instance does not drive any    |
|  |        |      | primary outputs anymore. To    |
|  |        |      | see the list of deleted        |
|  |        |      | hierarchical instances, set    |
|  |        |      | the 'information_level'        |
|  |        |      | attribute to 2 or above. If    |
|  |        |      | the message is truncated set   |
|  |        |      | the message attribute          |
|  |        |      | 'truncate' to false to see the |
|  |        |      | complete list. To prevent this |
|  |        |      | optimization, set the          |
|  |        |      | 'delete_unloaded_insts'        |
|  |        |      | root/subdesign attribute to    |
|  |        |      | 'false' or 'preserve' instance |
|  |        |      | attribute to 'true'.           |
| GLO-40 |Info    |    4 |Combinational hierarchical      |
|  |        |      | blocks with identical inputs   |
|  |        |      | have been merged.              |
|  |        |      |This optimization usually       |
|  |        |      | reduces design area. To        |
|  |        |      | prevent merging of             |
|  |        |      | combinational hierarchical     |
|  |        |      | blocks, set the                |
|  |        |      | 'merge_combinational_hier_inst |
|  |        |      | ances' root attribute to       |
|  |        |      | 'false' or the                 |
|  |        |      | 'merge_combinational_hier_inst |
|  |        |      | ance' instance attribute to    |
|  |        |      | 'false'.                       |
| GLO-42 |Info    |   18 |Equivalent sequential instances |
|  |        |      | have been merged.              |
|  |        |      |To prevent merging of           |
|  |        |      | sequential instances, set the  |
|  |        |      | 'optimize_merge_flops' and     |
|  |        |      | 'optimize_merge_latches' root  |
|  |        |      | attributes to 'false' or the   |
|  |        |      | 'optimize_merge_seq' instance  |
|  |        |      | attribute to 'false'.          |
| GLO-51 |Info    |    2 |Hierarchical instance           |
|  |        |      | automatically ungrouped.       |
|  |        |      |Hierarchical instances can be   |
|  |        |      | automatically ungrouped to     |
|  |        |      | allow for better area or       |
|  |        |      | timing optimization. To        |
|  |        |      | prevent this ungroup, set the  |
|  |        |      | root-level attribute           |
|  |        |      | 'auto_ungroup' to 'none'. You  |
|  |        |      | can also prevent individual    |
|  |        |      | ungroup with setting the       |
|  |        |      | attribute 'ungroup_ok' of      |
|  |        |      | instances or modules to        |
|  |        |      | 'false'.                       |
| LBR-9 |Warning |   20 |Library cell has no output pins |
|  |        |      | defined.                       |
|  |        |      |Add the missing output pin(s)   |
|  |        |      | , then reload the library.     |
|  |        |      | Else the library cell will be  |
|  |        |      | marked as timing model i.e.    |
|  |        |      | unusable. Timing_model means   |
|  |        |      | that the cell does not have    |
|  |        |      | any defined function. If there |
|  |        |      | is no output pin, Genus will   |
|  |        |      | mark library cell as unusable  |
|  |        |      | i.e. the attribute 'usable'    |
|  |        |      | will be marked to 'false' on   |
|  |        |      | the libcell. Therefore, the    |
|  |        |      | cell is not used for mapping   |
|  |        |      | and it will not be picked up   |
|  |        |      | from the library for           |
|  |        |      | synthesis. If you query the    |
|  |        |      | attribute 'unusable_reason' on |
|  |        |      | the libcell; result will be:   |
|  |        |      | 'Library cell has no output    |
|  |        |      | pins.'Note: The message LBR-9  |
|  |        |      | is only for the logical pins   |
|  |        |      | and not for the power_ground   |
|  |        |      | pins. Genus will depend upon   |
|  |        |      | the output function defined in |
|  |        |      | the pin group (output pin)     |
|  |        |      | of the cell, to use it for     |
|  |        |      | mapping. The pg_pin will not   |
|  |        |      | have any function defined.     |
| LBR-41 |Info    |    1 |An output library pin lacks a   |
|  |        |      | function attribute.            |
|  |        |      |If the remainder of this        |
|  |        |      | library cell's semantic checks |
|  |        |      | are successful, it will be     |
|  |        |      | considered as a timing-model   |
|  |        |      | (because one of its outputs do |
|  |        |      | es not have a valid function.  |
| LBR-155 |Info    | 1056 |Mismatch in unateness between   |
|  |        |      | 'timing_sense' attribute and   |
|  |        |      | the function.                  |
|  |        |      |The 'timing_sense' attribute    |
|  |        |      | will be respected.             |
| LBR-161 |Info    |    1 |Setting the maximum print count |
|  |        |      | of this message to 10 if       |
|  |        |      | information_level is less than |
|  |        |      | 9.                             |
| LBR-162 |Info    |  124 |Both 'pos_unate' and            |
|  |        |      | 'neg_unate' timing_sense arcs  |
|  |        |      | have been processed.           |
|  |        |      |Setting the 'timing_sense' to   |
|  |        |      | non_unate.                     |
| LBR-412 |Info    |    1 |Created nominal operating       |
|  |        |      | condition.                     |
|  |        |      |The nominal operating condition |
|  |        |      | is represented, either by the  |
|  |        |      | nominal PVT values specified   |
|  |        |      | in the library source          |
|  |        |      | (via nom_process,nom_voltage a |
|  |        |      | nd nom_temperature             |
|  |        |      | respectively)                  |
|  |        |      | , or by the default PVT values |
|  |        |      | (1.0,1.0,1.0).                 |
| LBR-518 |Info    |    1 |Missing a function attribute in |
|  |        |      | the output pin definition.     |
| PHYS-129 |Info    |  119 |Via with no resistance will     |
|  |        |      | have a value of '0.0' assigned |
|  |        |      | for resistance value.          |
|  |        |      |If this is the expected         |
|  |        |      | behavior, this message can be  |
|  |        |      | ignored.                       |
| PHYS-279 |Warning |   94 |Physical cell not defined in    |
|  |        |      | library.                       |
|  |        |      |Ensure that the proper library  |
|  |        |      | files are available and have   |
|  |        |      | been imported.                 |
| PHYS-752 |Info    |    1 |Partition Based Synthesis       |
|  |        |      | execution skipped.             |
| RTLOPT-30 |Info    |   12 |Accepted resource sharing       |
|  |        |      | opportunity.                   |
| RTLOPT-40 |Info    |   17 |Transformed datapath macro.     |
| RTLOPT-54 |Warning |  104 |Use of 'parallel_case' pragma   |
|  |        |      | may hinder datapath resource   |
|  |        |      | sharing.                       |
| SYNTH-1 |Info    |    1 |Synthesizing.                   |
| TIM-1000 |Info    |    1 |Multimode clock gating check is |
|  |        |      | disabled.                      |
| VLOGPT-37 |Warning |    1 |Ignoring unsynthesizable        |
|  |        |      | construct.                     |
|  |        |      |For example, the following      |
|  |        |      | constructs will be ignored:
   |
|  |        |      | - initial block
    - final    |
|  |        |      | block
    - program block
     |
|  |        |      | - property block
    -         |
|  |        |      | sequence block
    -           |
|  |        |      | covergroup
    - checker       |
|  |        |      | block
    - gate drive         |
|  |        |      | strength
    - system task     |
|  |        |      | enable
    - reg declaration   |
|  |        |      | with initial value
    -       |
|  |        |      | specify block.                 |
-----------------------------------------------------
Current PLE settings:

Aspect ratio        : 1.000
Shrink factor       : 1.000
Scale of res/length : 1.000
Scale of cap/length : 1.000
Net derating factor : 1.000
Thermal factor      : 1.000
Via Resistance      : 6.600 ohm (from qrc_tech_file)
Site size           : 1.910 um (from lef [tech+cell])

                                   Capacitance  
  Layer                             / Length         Data source:
Name        Direction Utilization  (pF/micron)       qrc_tech_file
------------------------------------------------
METAL_1         H         0.00        0.000210  
METAL_2         V         1.00        0.000174  
METAL_3         H         1.00        0.000174  
METAL_4         V         1.00        0.000174  
METAL_5         H         1.00        0.000174  
METAL_6         V         1.00        0.000174  
METAL_7         H         1.00        0.000175  
METAL_8         V         1.00        0.000176  
METAL_9         H         1.00        0.001240  
METAL_10        V         1.00        0.000529  
METAL_11        H         1.00        0.000686  

                                    Resistance   
  Layer                              / Length         Data source:
Name        Direction Utilization  (ohm/micron)       qrc_tech_file
-------------------------------------------------
METAL_1         H         0.00         1.226667  
METAL_2         V         1.00         0.755000  
METAL_3         H         1.00         0.755000  
METAL_4         V         1.00         0.755000  
METAL_5         H         1.00         0.755000  
METAL_6         V         1.00         0.755000  
METAL_7         H         1.00         0.755000  
METAL_8         V         1.00         0.267500  
METAL_9         H         1.00         0.267500  
METAL_10        V         1.00         0.097273  
METAL_11        H         1.00         0.095455  

                                        Area     
  Layer                               / Length        Data source:
Name        Direction Utilization     (micron)        lef_library
-------------------------------------------------
Metal1          H         0.00         0.060000  
Metal2          V         1.00         0.080000  
Metal3          H         1.00         0.080000  
Metal4          V         1.00         0.080000  
Metal5          H         1.00         0.080000  
Metal6          V         1.00         0.080000  
Metal7          H         1.00         0.080000  
Metal8          V         1.00         0.080000  
Metal9          H         1.00         0.080000  
Metal10         V         1.00         0.220000  
Metal11         H         1.00         0.220000  

Mapper: Libraries have:
	domain _default_: 324 combo usable cells and 128 sequential usable cells
Multi-threaded constant propagation [1|0] ...
Info    : Replacing the synchronous part of an always feeding back flip-flop with a logic constant. [GLO-45]
        : The instance is 'picorv32_core/cpu_state_reg[2]'. The constant is '0'.
        : To prevent this optimization, set 'optimize_constant_feedback_seqs' root attribute to 'false'. The instance attribute 'optimize_constant_feedback_seq' controls this optimization. 
Info    : Replacing the synchronous part of an always feeding back flip-flop with a logic constant. [GLO-45]
        : The instance is 'picorv32_core/latched_compr_reg'. The constant is '0'.
Info    : Replacing a flip-flop with a logic constant 0. [GLO-12]
        : The instance is 'picorv32_core/cpu_state_reg[2]'.
Info    : Replacing a flip-flop with a logic constant 0. [GLO-12]
        : The instance is 'picorv32_core/latched_compr_reg'.
Info    : Replacing the synchronous part of an always feeding back flip-flop with a logic constant. [GLO-45]
        : The instance is 'picorv32_core/reg_next_pc_reg[0]'. The constant is '0'.
Info    : Replacing a flip-flop with a logic constant 0. [GLO-12]
        : The instance is 'picorv32_core/reg_next_pc_reg[0]'.
Info    : Replacing the synchronous part of an always feeding back flip-flop with a logic constant. [GLO-45]
        : The instance is 'picorv32_core/reg_pc_reg[0]'. The constant is '0'.
Info    : Replacing a flip-flop with a logic constant 0. [GLO-12]
        : The instance is 'picorv32_core/reg_pc_reg[0]'.
Info    : Deleting instances not driving any primary outputs. [GLO-34]
        : Deleting 9 sequential instances.
Inserting clock-gating logic .....
Clock Gating Status
===================
Category                                Number    Percentage
------------------------------------------------------------------
Gated flip-flops                        2013		 84%
Ungated flip-flops
  Cannot map to requested logic         0		  0%
  Enable signal is constant             0		  0%
  Excluded from clock-gating            0		  0%
  User preserved                        0		  0%
  Libcell unusable                      0		  0%
  Enable not found                      337		 14%
  Timing exception in enable logic      0		  0%
  Register bank width too small         49		  2%
Total flip-flops                        2399		100%
Total CG Modules                        60
Info    : Deleting sequential instances not driving any primary outputs. [GLO-32]
        : Deleting 1 sequential instance.
        : Optimizations such as constant propagation or redundancy removal could change the connections so an instance does not drive any primary outputs anymore. To see the list of deleted sequential, set the 'information_level' attribute to 2 or above. If the message is truncated set the message attribute 'truncate' to false to see the complete list.
Multi-threaded Virtual Mapping    (4 threads per ST process, 4 of 4 CPUs usable)
==================================
Stage : first_condense 
==================================
  =================
   Message Summary
  =================
------------------------------------------------------
|   Id    |Sev  |Count |        Message Text         |
------------------------------------------------------
| GB-6    |Info |    4 |A datapath component has     |
|         |     |      | been ungrouped.             |
| GLO-12  |Info |    4 |Replacing a flip-flop with a |
|         |     |      | logic constant 0.           |
|         |     |      |To prevent this              |
|         |     |      | optimization, set the       |
|         |     |      | 'optimize_constant_0_flops' |
|         |     |      | root attribute to 'false'   |
|         |     |      | or                          |
|         |     |      | 'optimize_constant_0_seq'   |
|         |     |      | instance attribute to       |
|         |     |      | 'false'. You can also see   |
|         |     |      | the complete list of        |
|         |     |      | deleted sequential with     |
|         |     |      | command 'report sequential  |
|         |     |      | -deleted'                   |
|         |     |      | (on Reason 'constant0').    |
| GLO-32  |Info |    1 |Deleting sequential          |
|         |     |      | instances not driving any   |
|         |     |      | primary outputs.            |
|         |     |      |Optimizations such as        |
|         |     |      | constant propagation or     |
|         |     |      | redundancy removal could    |
|         |     |      | change the connections so   |
|         |     |      | an instance does not drive  |
|         |     |      | any primary outputs         |
|         |     |      | anymore. To see the list of |
|         |     |      | deleted sequential, set the |
|         |     |      | 'information_level'         |
|         |     |      | attribute to 2 or above. If |
|         |     |      | the message is truncated    |
|         |     |      | set the message attribute   |
|         |     |      | 'truncate' to false to see  |
|         |     |      | the complete list.          |
| GLO-34  |Info |    1 |Deleting instances not       |
|         |     |      | driving any primary         |
|         |     |      | outputs.                    |
|         |     |      |Optimizations such as        |
|         |     |      | constant propagation or     |
|         |     |      | redundancy removal could    |
|         |     |      | change the connections so a |
|         |     |      | hierarchical instance does  |
|         |     |      | not drive any primary       |
|         |     |      | outputs anymore. To see the |
|         |     |      | list of deleted             |
|         |     |      | hierarchical instances, set |
|         |     |      | the 'information_level'     |
|         |     |      | attribute to 2 or above. If |
|         |     |      | the message is truncated    |
|         |     |      | set the message attribute   |
|         |     |      | 'truncate' to false to see  |
|         |     |      | the complete list. To       |
|         |     |      | prevent this optimization,  |
|         |     |      | set the                     |
|         |     |      | 'delete_unloaded_insts'     |
|         |     |      | root/subdesign attribute to |
|         |     |      | 'false' or 'preserve'       |
|         |     |      | instance attribute to       |
|         |     |      | 'true'.                     |
| GLO-45  |Info |    4 |Replacing the synchronous    |
|         |     |      | part of an always feeding   |
|         |     |      | back flip-flop with a logic |
|         |     |      | constant.                   |
|         |     |      |To prevent this              |
|         |     |      | optimization, set           |
|         |     |      | 'optimize_constant_feedback |
|         |     |      | _seqs' root attribute to    |
|         |     |      | 'false'. The instance       |
|         |     |      | attribute                   |
|         |     |      | 'optimize_constant_feedback |
|         |     |      | _seq' controls this         |
|         |     |      | optimization.               |
| POPT-12 |Info |    1 |Could not find any user      |
|         |     |      | created clock-gating        |
|         |     |      | module.                     |
|         |     |      |Looking for Integrated       |
|         |     |      | clock-gating cell in        |
|         |     |      | library.                    |
| POPT-96 |Info |    1 |One or more cost groups were |
|         |     |      | automatically created for   |
|         |     |      | clock gate enable paths.    |
|         |     |      |This feature can be disabled |
|         |     |      | by setting the attribute    |
|         |     |      | lp_clock_gating_auto_cost_g |
|         |     |      | rouping false.              |
------------------------------------------------------
 
Global mapping target info
==========================
Cost Group 'clk' target slack:   119 ps
Target path end-point (Pin: picorv32_core/genblk1.pcpi_mul_rd_reg[63]/d)

Cost Group 'cg_enable_group_clk' target slack:   104 ps
Target path end-point (Pin: picorv32_core/RC_CG_HIER_INST52/RC_CGIC_INST/E (TLATNTSCAX2/E))


Test connection status for design: picorv32_wb
==============================================
Connected 0 out of 0 clock-gating instances.

State Retention Synthesis Status
================================

Category                        Flops   Percentage
--------------------------------------------------
Total instances                  2398        100.0
Excluded from State Retention    2398        100.0
    - Will not convert           2398        100.0
      - Preserved                   0          0.0
      - Power intent excluded    2398        100.0
    - Could not convert             0          0.0
      - Scan type                   0          0.0
      - No suitable cell            0          0.0
State Retention instances           0          0.0
--------------------------------------------------

PBS_Generic_Opt-Post - Elapsed_Time 166, CPU_Time 166.91631999999998
stamp 'PBS_Generic_Opt-Post' being created for table 'pbs_debug'

  Total Time (Wall) |  Stage Time (Wall)  |   % (Wall)   |    Date - Time     |  Memory   | Stage
--------------------+---------------------+--------------+--------------------+-----------+----------------------
 00:00:20(00:01:14) |  00:00:00(00:00:00) |   0.0(  0.0) |   17:50:56 (Nov30) |  506.0 MB | PBS_Generic-Start
--------------------+---------------------+--------------+--------------------+-----------+----------------------
 00:03:06(00:04:00) |  00:02:46(00:02:46) | 100.0(100.0) |   17:53:42 (Nov30) |   1.00 GB | PBS_Generic_Opt-Post
--------------------+---------------------+--------------+--------------------+-----------+----------------------
Number of threads: 8 * 1   (id: pbs_debug, time_info v1.57)
Info: (*N*) indicates data that was populated from previously saved time_info database
Info: CPU time includes time of parent + longest thread
PBS_Generic-Postgen HBO Optimizations - Elapsed_Time 0, CPU_Time 0.0
stamp 'PBS_Generic-Postgen HBO Optimizations' being created for table 'pbs_debug'

  Total Time (Wall) |  Stage Time (Wall)  |   % (Wall)   |    Date - Time     |  Memory   | Stage
--------------------+---------------------+--------------+--------------------+-----------+----------------------
 00:00:20(00:01:14) |  00:00:00(00:00:00) |   0.0(  0.0) |   17:50:56 (Nov30) |  506.0 MB | PBS_Generic-Start
--------------------+---------------------+--------------+--------------------+-----------+----------------------
 00:03:06(00:04:00) |  00:02:46(00:02:46) | 100.0(100.0) |   17:53:42 (Nov30) |   1.00 GB | PBS_Generic_Opt-Post
--------------------+---------------------+--------------+--------------------+-----------+----------------------
 00:03:06(00:04:00) |  00:00:00(00:00:00) |   0.0(  0.0) |   17:53:42 (Nov30) |   1.00 GB | PBS_Generic-Postgen HBO Optimizations
--------------------+---------------------+--------------+--------------------+-----------+----------------------
Number of threads: 8 * 1   (id: pbs_debug, time_info v1.57)
Info: (*N*) indicates data that was populated from previously saved time_info database
Info: CPU time includes time of parent + longest thread
##>=================== Cadence Confidential (Generic-Logical) ===================
##>=================== Cadence Confidential (Generic-Logical) ===================
##>Main Thread Summary:
##>----------------------------------------------------------------------------------------
##>STEP                           Elapsed       WNS       TNS     Insts      Area    Memory
##>----------------------------------------------------------------------------------------
##>G:Initial                            1         -         -     19413     81779       506
##>G:Setup                              0         -         -         -         -         -
##>G:Launch ST                          0         -         -         -         -         -
##>G:Design Partition                   0         -         -         -         -         -
##>G:Create Partition Netlists          0         -         -         -         -         -
##>G:Init Power                         0         -         -         -         -         -
##>G:Budgeting                          0         -         -         -         -         -
##>G:Derenv-DB                          0         -         -         -         -         -
##>G:Debug Outputs                      0         -         -         -         -         -
##>G:ST loading                         0         -         -         -         -         -
##>G:Distributed                        0         -         -         -         -         -
##>G:Timer                              0         -         -         -         -         -
##>G:Assembly                           0         -         -         -         -         -
##>G:DFT                                0         -         -         -         -         -
##>G:Const Prop                         0         -         -     24075     80498      1003
##>G:Misc                             166
##>----------------------------------------------------------------------------------------
##>Total Elapsed                      167
##>========================================================================================
Info    : Done synthesizing. [SYNTH-2]
        : Done synthesizing 'picorv32_wb' to generic gates.
      flow.cputime  flow.realtime  timing.setup.tns  timing.setup.wns  snapshot
UM:*                                                                   syn_gen
@genus:design:picorv32_wb 29> syn_map
##Generic Timing Info for library domain: _default_ typical gate delay: 25.8 ps std_slew: 4.7 ps std_load: 1.2 fF
Current PLE settings:

Aspect ratio        : 1.000
Shrink factor       : 1.000
Scale of res/length : 1.000
Scale of cap/length : 1.000
Net derating factor : 1.000
Thermal factor      : 1.000
Via Resistance      : 6.600 ohm (from qrc_tech_file)
Site size           : 1.910 um (from lef [tech+cell])

                                   Capacitance  
  Layer                             / Length         Data source:
Name        Direction Utilization  (pF/micron)       qrc_tech_file
------------------------------------------------
METAL_1         H         0.00        0.000210  
METAL_2         V         1.00        0.000174  
METAL_3         H         1.00        0.000174  
METAL_4         V         1.00        0.000174  
METAL_5         H         1.00        0.000174  
METAL_6         V         1.00        0.000174  
METAL_7         H         1.00        0.000175  
METAL_8         V         1.00        0.000176  
METAL_9         H         1.00        0.001240  
METAL_10        V         1.00        0.000529  
METAL_11        H         1.00        0.000686  

                                    Resistance   
  Layer                              / Length         Data source:
Name        Direction Utilization  (ohm/micron)       qrc_tech_file
-------------------------------------------------
METAL_1         H         0.00         1.226667  
METAL_2         V         1.00         0.755000  
METAL_3         H         1.00         0.755000  
METAL_4         V         1.00         0.755000  
METAL_5         H         1.00         0.755000  
METAL_6         V         1.00         0.755000  
METAL_7         H         1.00         0.755000  
METAL_8         V         1.00         0.267500  
METAL_9         H         1.00         0.267500  
METAL_10        V         1.00         0.097273  
METAL_11        H         1.00         0.095455  

                                        Area     
  Layer                               / Length        Data source:
Name        Direction Utilization     (micron)        lef_library
-------------------------------------------------
Metal1          H         0.00         0.060000  
Metal2          V         1.00         0.080000  
Metal3          H         1.00         0.080000  
Metal4          V         1.00         0.080000  
Metal5          H         1.00         0.080000  
Metal6          V         1.00         0.080000  
Metal7          H         1.00         0.080000  
Metal8          V         1.00         0.080000  
Metal9          H         1.00         0.080000  
Metal10         V         1.00         0.220000  
Metal11         H         1.00         0.220000  

Info    : Mapping. [SYNTH-4]
        : Mapping 'picorv32_wb' using 'high' effort.
Mapper: Libraries have:
	domain _default_: 324 combo usable cells and 128 sequential usable cells
Configuring mapper costing (none)
TNS Restructuring config: no_value at stage: map applied.
PBS_TechMap-Start - Elapsed_Time 0, CPU_Time 0.0
stamp 'PBS_TechMap-Start' being created for table 'pbs_debug'

  Total Time (Wall) |  Stage Time (Wall)  |   % (Wall)   |    Date - Time     |  Memory   | Stage
--------------------+---------------------+--------------+--------------------+-----------+----------------------
 00:00:20(00:01:14) |  00:00:00(00:00:00) |   0.0(  0.0) |   17:50:56 (Nov30) |  506.0 MB | PBS_Generic-Start
--------------------+---------------------+--------------+--------------------+-----------+----------------------
 00:03:06(00:04:00) |  00:02:46(00:02:46) |  98.8( 98.8) |   17:53:42 (Nov30) |   1.00 GB | PBS_Generic_Opt-Post
--------------------+---------------------+--------------+--------------------+-----------+----------------------
 00:03:06(00:04:00) |  00:00:00(00:00:00) |   0.0(  0.0) |   17:53:42 (Nov30) |   1.00 GB | PBS_Generic-Postgen HBO Optimizations
--------------------+---------------------+--------------+--------------------+-----------+----------------------
 00:03:08(00:04:02) |  00:00:02(00:00:02) |   1.2(  1.2) |   17:53:44 (Nov30) |  989.7 MB | PBS_TechMap-Start
--------------------+---------------------+--------------+--------------------+-----------+----------------------
Number of threads: 8 * 1   (id: pbs_debug, time_info v1.57)
Info: (*N*) indicates data that was populated from previously saved time_info database
Info: CPU time includes time of parent + longest thread
PBS_TechMap-Premap HBO Optimizations - Elapsed_Time 1, CPU_Time 0.0
stamp 'PBS_TechMap-Premap HBO Optimizations' being created for table 'pbs_debug'

  Total Time (Wall) |  Stage Time (Wall)  |   % (Wall)   |    Date - Time     |  Memory   | Stage
--------------------+---------------------+--------------+--------------------+-----------+----------------------
 00:00:20(00:01:14) |  00:00:00(00:00:00) |   0.0(  0.0) |   17:50:56 (Nov30) |  506.0 MB | PBS_Generic-Start
--------------------+---------------------+--------------+--------------------+-----------+----------------------
 00:03:06(00:04:00) |  00:02:46(00:02:46) |  98.8( 98.2) |   17:53:42 (Nov30) |   1.00 GB | PBS_Generic_Opt-Post
--------------------+---------------------+--------------+--------------------+-----------+----------------------
 00:03:06(00:04:00) |  00:00:00(00:00:00) |   0.0(  0.0) |   17:53:42 (Nov30) |   1.00 GB | PBS_Generic-Postgen HBO Optimizations
--------------------+---------------------+--------------+--------------------+-----------+----------------------
 00:03:08(00:04:02) |  00:00:02(00:00:02) |   1.2(  1.2) |   17:53:44 (Nov30) |  989.7 MB | PBS_TechMap-Start
--------------------+---------------------+--------------+--------------------+-----------+----------------------
 00:03:08(00:04:03) |  00:00:00(00:00:01) |   0.0(  0.6) |   17:53:45 (Nov30) |  989.7 MB | PBS_TechMap-Premap HBO Optimizations
--------------------+---------------------+--------------+--------------------+-----------+----------------------
Number of threads: 8 * 1   (id: pbs_debug, time_info v1.57)
Info: (*N*) indicates data that was populated from previously saved time_info database
Info: CPU time includes time of parent + longest thread
Info    : Partition Based Synthesis execution skipped. [PHYS-752]
        : Design size is less than the partition size '100000' for distributed mapping optimization to kick in.
Current PLE settings:

Aspect ratio        : 1.000
Shrink factor       : 1.000
Scale of res/length : 1.000
Scale of cap/length : 1.000
Net derating factor : 1.000
Thermal factor      : 1.000
Via Resistance      : 6.600 ohm (from qrc_tech_file)
Site size           : 1.910 um (from lef [tech+cell])

                                   Capacitance  
  Layer                             / Length         Data source:
Name        Direction Utilization  (pF/micron)       qrc_tech_file
------------------------------------------------
METAL_1         H         0.00        0.000210  
METAL_2         V         1.00        0.000174  
METAL_3         H         1.00        0.000174  
METAL_4         V         1.00        0.000174  
METAL_5         H         1.00        0.000174  
METAL_6         V         1.00        0.000174  
METAL_7         H         1.00        0.000175  
METAL_8         V         1.00        0.000176  
METAL_9         H         1.00        0.001240  
METAL_10        V         1.00        0.000529  
METAL_11        H         1.00        0.000686  

                                    Resistance   
  Layer                              / Length         Data source:
Name        Direction Utilization  (ohm/micron)       qrc_tech_file
-------------------------------------------------
METAL_1         H         0.00         1.226667  
METAL_2         V         1.00         0.755000  
METAL_3         H         1.00         0.755000  
METAL_4         V         1.00         0.755000  
METAL_5         H         1.00         0.755000  
METAL_6         V         1.00         0.755000  
METAL_7         H         1.00         0.755000  
METAL_8         V         1.00         0.267500  
METAL_9         H         1.00         0.267500  
METAL_10        V         1.00         0.097273  
METAL_11        H         1.00         0.095455  

                                        Area     
  Layer                               / Length        Data source:
Name        Direction Utilization     (micron)        lef_library
-------------------------------------------------
Metal1          H         0.00         0.060000  
Metal2          V         1.00         0.080000  
Metal3          H         1.00         0.080000  
Metal4          V         1.00         0.080000  
Metal5          H         1.00         0.080000  
Metal6          V         1.00         0.080000  
Metal7          H         1.00         0.080000  
Metal8          V         1.00         0.080000  
Metal9          H         1.00         0.080000  
Metal10         V         1.00         0.220000  
Metal11         H         1.00         0.220000  

Mapper: Libraries have:
	domain _default_: 324 combo usable cells and 128 sequential usable cells
Multi-threaded Virtual Mapping    (4 threads per ST process, 4 of 4 CPUs usable)
 
Global mapping target info
==========================
Cost Group 'clk' target slack:   119 ps
Target path end-point (Pin: picorv32_core/genblk1.pcpi_mul_rd_reg[63]/d)

Cost Group 'cg_enable_group_clk' target slack:   104 ps
Target path end-point (Pin: picorv32_core/RC_CG_HIER_INST52/RC_CGIC_INST/E (TLATNTSCAX2/E))

Multi-threaded Technology Mapping (4 threads per ST process, 4 of 4 CPUs usable)
 
Global mapping status
=====================
                                   Group   
                                  Tot Wrst 
                           Total  Weighted 
Operation                   Area   Slacks  
 global_map                43960        0 

             Cost Group            Target    Slack    Diff.  Constr.
--------------------------------------------------------------------
    cg_enable_group_clk               104     2474              4000 
                    clk               119     1195              4000 

 
Global incremental target info
==============================
Cost Group 'clk' target slack:    79 ps
Target path end-point (Pin: picorv32_core/genblk1.pcpi_mul_rd_reg[63]/D (DFFHQX1/D))

Cost Group 'cg_enable_group_clk' target slack:    69 ps
Target path end-point (Pin: picorv32_core/genblk2.pcpi_div_RC_CG_HIER_INST58/RC_CGIC_INST/E (TLATNTSCAX2/E))

==================================
Stage : global_incr_map 
==================================
  =================
   Message Summary
  =================
------------------------------------------------------
|    Id    |Sev  |Count |       Message Text         |
------------------------------------------------------
| GLO-51   |Info |    1 |Hierarchical instance       |
|          |     |      | automatically ungrouped.   |
|          |     |      |Hierarchical instances can  |
|          |     |      | be automatically ungrouped |
|          |     |      | to allow for better area   |
|          |     |      | or timing optimization. To |
|          |     |      | prevent this ungroup, set  |
|          |     |      | the root-level attribute   |
|          |     |      | 'auto_ungroup' to 'none'.  |
|          |     |      | You can also prevent       |
|          |     |      | individual ungroup with    |
|          |     |      | setting the attribute      |
|          |     |      | 'ungroup_ok' of instances  |
|          |     |      | or modules to 'false'.     |
| LBR-155  |Info |  264 |Mismatch in unateness       |
|          |     |      | between 'timing_sense'     |
|          |     |      | attribute and the          |
|          |     |      | function.                  |
|          |     |      |The 'timing_sense'          |
|          |     |      | attribute will be          |
|          |     |      | respected.                 |
| PA-7     |Info |   48 |Resetting power analysis    |
|          |     |      | results.                   |
|          |     |      |All computed switching      |
|          |     |      | activities are removed.    |
| PHYS-752 |Info |    1 |Partition Based Synthesis   |
|          |     |      | execution skipped.         |
| SYNTH-2  |Info |    1 |Done synthesizing.          |
| SYNTH-4  |Info |    1 |Mapping.                    |
------------------------------------------------------
 
Global incremental optimization status
======================================
                                   Group   
                                  Tot Wrst 
                           Total  Weighted 
Operation                   Area   Slacks  
 global_incr               42719        0 

             Cost Group            Target    Slack    Diff.  Constr.
--------------------------------------------------------------------
    cg_enable_group_clk                69     2474              4000 
                    clk                79     1091              4000 


Test connection status for design: picorv32_wb
==============================================
Connected 0 out of 0 clock-gating instances.

State Retention Synthesis Status
================================

Category                        Flops   Percentage
--------------------------------------------------
Total instances                  2398        100.0
Excluded from State Retention    2398        100.0
    - Will not convert           2398        100.0
      - Preserved                   0          0.0
      - Power intent excluded    2398        100.0
    - Could not convert             0          0.0
      - Scan type                   0          0.0
      - No suitable cell            0          0.0
State Retention instances           0          0.0
--------------------------------------------------

INFO: skipping constant propagation
PBS_Techmap-Global Mapping - Elapsed_Time 117, CPU_Time 119.19849000000005
stamp 'PBS_Techmap-Global Mapping' being created for table 'pbs_debug'

  Total Time (Wall) |  Stage Time (Wall)  |   % (Wall)   |    Date - Time     |  Memory   | Stage
--------------------+---------------------+--------------+--------------------+-----------+----------------------
 00:00:20(00:01:14) |  00:00:00(00:00:00) |   0.0(  0.0) |   17:50:56 (Nov30) |  506.0 MB | PBS_Generic-Start
--------------------+---------------------+--------------+--------------------+-----------+----------------------
 00:03:06(00:04:00) |  00:02:46(00:02:46) |  57.9( 58.0) |   17:53:42 (Nov30) |   1.00 GB | PBS_Generic_Opt-Post
--------------------+---------------------+--------------+--------------------+-----------+----------------------
 00:03:06(00:04:00) |  00:00:00(00:00:00) |   0.0(  0.0) |   17:53:42 (Nov30) |   1.00 GB | PBS_Generic-Postgen HBO Optimizations
--------------------+---------------------+--------------+--------------------+-----------+----------------------
 00:03:08(00:04:02) |  00:00:02(00:00:02) |   0.7(  0.7) |   17:53:44 (Nov30) |  989.7 MB | PBS_TechMap-Start
--------------------+---------------------+--------------+--------------------+-----------+----------------------
 00:03:08(00:04:03) |  00:00:00(00:00:01) |   0.0(  0.3) |   17:53:45 (Nov30) |  989.7 MB | PBS_TechMap-Premap HBO Optimizations
--------------------+---------------------+--------------+--------------------+-----------+----------------------
 00:05:08(00:06:00) |  00:01:59(00:01:57) |  41.4( 40.9) |   17:55:42 (Nov30) |  990.2 MB | PBS_Techmap-Global Mapping
--------------------+---------------------+--------------+--------------------+-----------+----------------------
Number of threads: 8 * 1   (id: pbs_debug, time_info v1.57)
Info: (*N*) indicates data that was populated from previously saved time_info database
Info: CPU time includes time of parent + longest thread
Warning : Command 'commit_power_intent' cannot proceed as there is no power intent loaded. [CPI-506]
        : Command 'commit_power_intent' requires a valid power_intent to be loaded.
Info    : Wrote formal verification information. [CFM-5]
        : Wrote 'fv/picorv32_wb/fv_map.fv.json' for netlist 'fv/picorv32_wb/fv_map.v.gz'.
Info    : Wrote dofile. [CFM-1]
        : Dofile is 'fv/picorv32_wb/rtl_to_fv_map.do'.
        : Alias mapping flow is enabled.
PBS_TechMap-Datapath Postmap Operations - Elapsed_Time 4, CPU_Time 3.9326390000000515
stamp 'PBS_TechMap-Datapath Postmap Operations' being created for table 'pbs_debug'

  Total Time (Wall) |  Stage Time (Wall)  |   % (Wall)   |    Date - Time     |  Memory   | Stage
--------------------+---------------------+--------------+--------------------+-----------+----------------------
 00:00:20(00:01:14) |  00:00:00(00:00:00) |   0.0(  0.0) |   17:50:56 (Nov30) |  506.0 MB | PBS_Generic-Start
--------------------+---------------------+--------------+--------------------+-----------+----------------------
 00:03:06(00:04:00) |  00:02:46(00:02:46) |  57.2( 57.2) |   17:53:42 (Nov30) |   1.00 GB | PBS_Generic_Opt-Post
--------------------+---------------------+--------------+--------------------+-----------+----------------------
 00:03:06(00:04:00) |  00:00:00(00:00:00) |   0.0(  0.0) |   17:53:42 (Nov30) |   1.00 GB | PBS_Generic-Postgen HBO Optimizations
--------------------+---------------------+--------------+--------------------+-----------+----------------------
 00:03:08(00:04:02) |  00:00:02(00:00:02) |   0.7(  0.7) |   17:53:44 (Nov30) |  989.7 MB | PBS_TechMap-Start
--------------------+---------------------+--------------+--------------------+-----------+----------------------
 00:03:08(00:04:03) |  00:00:00(00:00:01) |   0.0(  0.3) |   17:53:45 (Nov30) |  989.7 MB | PBS_TechMap-Premap HBO Optimizations
--------------------+---------------------+--------------+--------------------+-----------+----------------------
 00:05:08(00:06:00) |  00:01:59(00:01:57) |  40.8( 40.3) |   17:55:42 (Nov30) |  990.2 MB | PBS_Techmap-Global Mapping
--------------------+---------------------+--------------+--------------------+-----------+----------------------
 00:05:12(00:06:04) |  00:00:03(00:00:04) |   1.3(  1.4) |   17:55:46 (Nov30) |  990.8 MB | PBS_TechMap-Datapath Postmap Operations
--------------------+---------------------+--------------+--------------------+-----------+----------------------
Number of threads: 8 * 1   (id: pbs_debug, time_info v1.57)
Info: (*N*) indicates data that was populated from previously saved time_info database
Info: CPU time includes time of parent + longest thread
PBS_TechMap-Postmap HBO Optimizations - Elapsed_Time 0, CPU_Time -0.0709030000000439
stamp 'PBS_TechMap-Postmap HBO Optimizations' being created for table 'pbs_debug'

  Total Time (Wall) |  Stage Time (Wall)  |   % (Wall)   |    Date - Time     |  Memory   | Stage
--------------------+---------------------+--------------+--------------------+-----------+----------------------
 00:00:20(00:01:14) |  00:00:00(00:00:00) |   0.0(  0.0) |   17:50:56 (Nov30) |  506.0 MB | PBS_Generic-Start
--------------------+---------------------+--------------+--------------------+-----------+----------------------
 00:03:06(00:04:00) |  00:02:46(00:02:46) |  57.2( 57.2) |   17:53:42 (Nov30) |   1.00 GB | PBS_Generic_Opt-Post
--------------------+---------------------+--------------+--------------------+-----------+----------------------
 00:03:06(00:04:00) |  00:00:00(00:00:00) |   0.0(  0.0) |   17:53:42 (Nov30) |   1.00 GB | PBS_Generic-Postgen HBO Optimizations
--------------------+---------------------+--------------+--------------------+-----------+----------------------
 00:03:08(00:04:02) |  00:00:02(00:00:02) |   0.7(  0.7) |   17:53:44 (Nov30) |  989.7 MB | PBS_TechMap-Start
--------------------+---------------------+--------------+--------------------+-----------+----------------------
 00:03:08(00:04:03) |  00:00:00(00:00:01) |   0.0(  0.3) |   17:53:45 (Nov30) |  989.7 MB | PBS_TechMap-Premap HBO Optimizations
--------------------+---------------------+--------------+--------------------+-----------+----------------------
 00:05:08(00:06:00) |  00:01:59(00:01:57) |  40.8( 40.3) |   17:55:42 (Nov30) |  990.2 MB | PBS_Techmap-Global Mapping
--------------------+---------------------+--------------+--------------------+-----------+----------------------
 00:05:12(00:06:04) |  00:00:03(00:00:04) |   1.3(  1.4) |   17:55:46 (Nov30) |  990.8 MB | PBS_TechMap-Datapath Postmap Operations
--------------------+---------------------+--------------+--------------------+-----------+----------------------
 00:05:11(00:06:04) |  00:00:00(00:00:00) |  -0.0(  0.0) |   17:55:46 (Nov30) |  990.8 MB | PBS_TechMap-Postmap HBO Optimizations
--------------------+---------------------+--------------+--------------------+-----------+----------------------
Number of threads: 8 * 1   (id: pbs_debug, time_info v1.57)
Info: (*N*) indicates data that was populated from previously saved time_info database
Info: CPU time includes time of parent + longest thread
 Doing ConstProp on design:picorv32_wb ... 


Test connection status for design: picorv32_wb
==============================================
Connected 0 out of 0 clock-gating instances.
  Decloning clock-gating logic from design:picorv32_wb
Clock-gating declone status
===========================
Total number of clock-gating instances before: 60
Total number of clock-gating instances after : 60
Time taken by ConstProp Step: 00:00:01
PBS_TechMap-Postmap Clock Gating - Elapsed_Time 1, CPU_Time 1.0
stamp 'PBS_TechMap-Postmap Clock Gating' being created for table 'pbs_debug'

  Total Time (Wall) |  Stage Time (Wall)  |   % (Wall)   |    Date - Time     |  Memory   | Stage
--------------------+---------------------+--------------+--------------------+-----------+----------------------
 00:00:20(00:01:14) |  00:00:00(00:00:00) |   0.0(  0.0) |   17:50:56 (Nov30) |  506.0 MB | PBS_Generic-Start
--------------------+---------------------+--------------+--------------------+-----------+----------------------
 00:03:06(00:04:00) |  00:02:46(00:02:46) |  57.0( 57.0) |   17:53:42 (Nov30) |   1.00 GB | PBS_Generic_Opt-Post
--------------------+---------------------+--------------+--------------------+-----------+----------------------
 00:03:06(00:04:00) |  00:00:00(00:00:00) |   0.0(  0.0) |   17:53:42 (Nov30) |   1.00 GB | PBS_Generic-Postgen HBO Optimizations
--------------------+---------------------+--------------+--------------------+-----------+----------------------
 00:03:08(00:04:02) |  00:00:02(00:00:02) |   0.7(  0.7) |   17:53:44 (Nov30) |  989.7 MB | PBS_TechMap-Start
--------------------+---------------------+--------------+--------------------+-----------+----------------------
 00:03:08(00:04:03) |  00:00:00(00:00:01) |   0.0(  0.3) |   17:53:45 (Nov30) |  989.7 MB | PBS_TechMap-Premap HBO Optimizations
--------------------+---------------------+--------------+--------------------+-----------+----------------------
 00:05:08(00:06:00) |  00:01:59(00:01:57) |  40.7( 40.2) |   17:55:42 (Nov30) |  990.2 MB | PBS_Techmap-Global Mapping
--------------------+---------------------+--------------+--------------------+-----------+----------------------
 00:05:12(00:06:04) |  00:00:03(00:00:04) |   1.3(  1.4) |   17:55:46 (Nov30) |  990.8 MB | PBS_TechMap-Datapath Postmap Operations
--------------------+---------------------+--------------+--------------------+-----------+----------------------
 00:05:11(00:06:04) |  00:00:00(00:00:00) |  -0.0(  0.0) |   17:55:46 (Nov30) |  990.8 MB | PBS_TechMap-Postmap HBO Optimizations
--------------------+---------------------+--------------+--------------------+-----------+----------------------
 00:05:12(00:06:05) |  00:00:01(00:00:01) |   0.3(  0.3) |   17:55:47 (Nov30) |  990.8 MB | PBS_TechMap-Postmap Clock Gating
--------------------+---------------------+--------------+--------------------+-----------+----------------------
Number of threads: 8 * 1   (id: pbs_debug, time_info v1.57)
Info: (*N*) indicates data that was populated from previously saved time_info database
Info: CPU time includes time of parent + longest thread
-------------------------------------------------------------------------------
 hi_fo_buf                 42803        0         0         0       23

           Trick     Calls     Accepts   Attempts    Time(secs) 
-----------------------------------------------------------
       hi_fo_buf         1  (        1 /        1 )  0.10

 
Incremental optimization status
===============================
                                   Group   
                                  Tot Wrst     Total - - DRC Totals - -
                           Total  Weighted      Neg      Max       Max 
Operation                   Area   Slacks      Slack    Trans      Cap 
 init_delay                42803        0         0         0       23

           Trick     Calls     Accepts   Attempts    Time(secs) 
-----------------------------------------------------------
       crit_upsz         0  (        0 /        0 )  0.00
    plc_bal_star         0  (        0 /        0 )  0.00
     drc_buftimb         0  (        0 /        0 )  0.00
          plc_st         0  (        0 /        0 )  0.00
    plc_st_fence         0  (        0 /        0 )  0.00
        plc_star         0  (        0 /        0 )  0.00
      plc_laf_st         0  (        0 /        0 )  0.00
 plc_laf_st_fence         0  (        0 /        0 )  0.00
     drc_buftims         0  (        0 /        0 )  0.00
            fopt         0  (        0 /        0 )  0.00
   plc_laf_lo_st         0  (        0 /        0 )  0.00
       plc_lo_st         0  (        0 /        0 )  0.00
        mb_split         0  (        0 /        0 )  0.00

 
Local TNS optimization status
=============================
                                   Group   
                                  Tot Wrst     Total - - DRC Totals - -
                           Total  Weighted      Neg      Max       Max 
Operation                   Area   Slacks      Slack    Trans      Cap 
 init_tns                  42803        0         0         0       23

           Trick     Calls     Accepts   Attempts    Time(secs) 
-----------------------------------------------------------
    plc_bal_star         0  (        0 /        0 )  0.00
     drc_buftimb         0  (        0 /        0 )  0.00
     drc_buftims         0  (        0 /        0 )  0.00
       crit_upsz         0  (        0 /        0 )  0.00
   plc_laf_lo_st         0  (        0 /        0 )  0.00
       plc_lo_st         0  (        0 /        0 )  0.00
            fopt         0  (        0 /        0 )  0.00
       crit_dnsz         0  (        0 /        0 )  0.00
             dup         0  (        0 /        0 )  0.00
        setup_dn         0  (        0 /        0 )  0.00
        mb_split         0  (        0 /        0 )  0.00

PBS_TechMap-Postmap Cleanup - Elapsed_Time 1, CPU_Time 0.927076999999997
stamp 'PBS_TechMap-Postmap Cleanup' being created for table 'pbs_debug'

  Total Time (Wall) |  Stage Time (Wall)  |   % (Wall)   |    Date - Time     |  Memory   | Stage
--------------------+---------------------+--------------+--------------------+-----------+----------------------
 00:00:20(00:01:14) |  00:00:00(00:00:00) |   0.0(  0.0) |   17:50:56 (Nov30) |  506.0 MB | PBS_Generic-Start
--------------------+---------------------+--------------+--------------------+-----------+----------------------
 00:03:06(00:04:00) |  00:02:46(00:02:46) |  56.8( 56.8) |   17:53:42 (Nov30) |   1.00 GB | PBS_Generic_Opt-Post
--------------------+---------------------+--------------+--------------------+-----------+----------------------
 00:03:06(00:04:00) |  00:00:00(00:00:00) |   0.0(  0.0) |   17:53:42 (Nov30) |   1.00 GB | PBS_Generic-Postgen HBO Optimizations
--------------------+---------------------+--------------+--------------------+-----------+----------------------
 00:03:08(00:04:02) |  00:00:02(00:00:02) |   0.7(  0.7) |   17:53:44 (Nov30) |  989.7 MB | PBS_TechMap-Start
--------------------+---------------------+--------------+--------------------+-----------+----------------------
 00:03:08(00:04:03) |  00:00:00(00:00:01) |   0.0(  0.3) |   17:53:45 (Nov30) |  989.7 MB | PBS_TechMap-Premap HBO Optimizations
--------------------+---------------------+--------------+--------------------+-----------+----------------------
 00:05:08(00:06:00) |  00:01:59(00:01:57) |  40.6( 40.1) |   17:55:42 (Nov30) |  990.2 MB | PBS_Techmap-Global Mapping
--------------------+---------------------+--------------+--------------------+-----------+----------------------
 00:05:12(00:06:04) |  00:00:03(00:00:04) |   1.3(  1.4) |   17:55:46 (Nov30) |  990.8 MB | PBS_TechMap-Datapath Postmap Operations
--------------------+---------------------+--------------+--------------------+-----------+----------------------
 00:05:11(00:06:04) |  00:00:00(00:00:00) |  -0.0(  0.0) |   17:55:46 (Nov30) |  990.8 MB | PBS_TechMap-Postmap HBO Optimizations
--------------------+---------------------+--------------+--------------------+-----------+----------------------
 00:05:12(00:06:05) |  00:00:01(00:00:01) |   0.3(  0.3) |   17:55:47 (Nov30) |  990.8 MB | PBS_TechMap-Postmap Clock Gating
--------------------+---------------------+--------------+--------------------+-----------+----------------------
 00:05:13(00:06:06) |  00:00:00(00:00:01) |   0.3(  0.3) |   17:55:48 (Nov30) |  990.8 MB | PBS_TechMap-Postmap Cleanup
--------------------+---------------------+--------------+--------------------+-----------+----------------------
Number of threads: 8 * 1   (id: pbs_debug, time_info v1.57)
Info: (*N*) indicates data that was populated from previously saved time_info database
Info: CPU time includes time of parent + longest thread
PBS_Techmap-Post_MBCI - Elapsed_Time 0, CPU_Time 0.0
stamp 'PBS_Techmap-Post_MBCI' being created for table 'pbs_debug'

  Total Time (Wall) |  Stage Time (Wall)  |   % (Wall)   |    Date - Time     |  Memory   | Stage
--------------------+---------------------+--------------+--------------------+-----------+----------------------
 00:00:20(00:01:14) |  00:00:00(00:00:00) |   0.0(  0.0) |   17:50:56 (Nov30) |  506.0 MB | PBS_Generic-Start
--------------------+---------------------+--------------+--------------------+-----------+----------------------
 00:03:06(00:04:00) |  00:02:46(00:02:46) |  56.8( 56.8) |   17:53:42 (Nov30) |   1.00 GB | PBS_Generic_Opt-Post
--------------------+---------------------+--------------+--------------------+-----------+----------------------
 00:03:06(00:04:00) |  00:00:00(00:00:00) |   0.0(  0.0) |   17:53:42 (Nov30) |   1.00 GB | PBS_Generic-Postgen HBO Optimizations
--------------------+---------------------+--------------+--------------------+-----------+----------------------
 00:03:08(00:04:02) |  00:00:02(00:00:02) |   0.7(  0.7) |   17:53:44 (Nov30) |  989.7 MB | PBS_TechMap-Start
--------------------+---------------------+--------------+--------------------+-----------+----------------------
 00:03:08(00:04:03) |  00:00:00(00:00:01) |   0.0(  0.3) |   17:53:45 (Nov30) |  989.7 MB | PBS_TechMap-Premap HBO Optimizations
--------------------+---------------------+--------------+--------------------+-----------+----------------------
 00:05:08(00:06:00) |  00:01:59(00:01:57) |  40.6( 40.1) |   17:55:42 (Nov30) |  990.2 MB | PBS_Techmap-Global Mapping
--------------------+---------------------+--------------+--------------------+-----------+----------------------
 00:05:12(00:06:04) |  00:00:03(00:00:04) |   1.3(  1.4) |   17:55:46 (Nov30) |  990.8 MB | PBS_TechMap-Datapath Postmap Operations
--------------------+---------------------+--------------+--------------------+-----------+----------------------
 00:05:11(00:06:04) |  00:00:00(00:00:00) |  -0.0(  0.0) |   17:55:46 (Nov30) |  990.8 MB | PBS_TechMap-Postmap HBO Optimizations
--------------------+---------------------+--------------+--------------------+-----------+----------------------
 00:05:12(00:06:05) |  00:00:01(00:00:01) |   0.3(  0.3) |   17:55:47 (Nov30) |  990.8 MB | PBS_TechMap-Postmap Clock Gating
--------------------+---------------------+--------------+--------------------+-----------+----------------------
 00:05:13(00:06:06) |  00:00:00(00:00:01) |   0.3(  0.3) |   17:55:48 (Nov30) |  990.8 MB | PBS_TechMap-Postmap Cleanup
--------------------+---------------------+--------------+--------------------+-----------+----------------------
 00:05:13(00:06:06) |  00:00:00(00:00:00) |   0.0(  0.0) |   17:55:48 (Nov30) |  990.8 MB | PBS_Techmap-Post_MBCI
--------------------+---------------------+--------------+--------------------+-----------+----------------------
Number of threads: 8 * 1   (id: pbs_debug, time_info v1.57)
Info: (*N*) indicates data that was populated from previously saved time_info database
Info: CPU time includes time of parent + longest thread
##>=================== Cadence Confidential (Mapping-Logical) ===================
##>Main Thread Summary:
##>----------------------------------------------------------------------------------------
##>STEP                           Elapsed       WNS       TNS     Insts      Area    Memory
##>----------------------------------------------------------------------------------------
##>M:Initial                            0         -         -     24075     80498       989
##>M:Pre Cleanup                        0         -         -     24075     80498       989
##>M:Setup                              0         -         -         -         -         -
##>M:Launch ST                          0         -         -         -         -         -
##>M:Design Partition                   0         -         -         -         -         -
##>M:Create Partition Netlists          0         -         -         -         -         -
##>M:Init Power                         0         -         -         -         -         -
##>M:Budgeting                          0         -         -         -         -         -
##>M:Derenv-DB                          0         -         -         -         -         -
##>M:Debug Outputs                      0         -         -         -         -         -
##>M:ST loading                         0         -         -         -         -         -
##>M:Distributed                        0         -         -         -         -         -
##>M:Timer                              0         -         -         -         -         -
##>M:Assembly                           0         -         -         -         -         -
##>M:DFT                                0         -         -         -         -         -
##>M:DP Operations                      4         -         -      9494     29927       990
##>M:Const Prop                         0      1091         0      9494     29927       990
##>M:Cleanup                            1      1091         0      9519     29995       990
##>M:MBCI                               0         -         -      9519     29995       990
##>M:Const Gate Removal                 0         -         -         -         -         -
##>M:Misc                             119
##>----------------------------------------------------------------------------------------
##>Total Elapsed                      124
##>========================================================================================
Info    : Done mapping. [SYNTH-5]
        : Done mapping 'picorv32_wb'.
      flow.cputime  flow.realtime  timing.setup.tns  timing.setup.wns  snapshot
UM:*                                                                   syn_map
@genus:design:picorv32_wb 30> syn_opt
Current PLE settings:

Aspect ratio        : 1.000
Shrink factor       : 1.000
Scale of res/length : 1.000
Scale of cap/length : 1.000
Net derating factor : 1.000
Thermal factor      : 1.000
Via Resistance      : 6.600 ohm (from qrc_tech_file)
Site size           : 1.910 um (from lef [tech+cell])

                                   Capacitance  
  Layer                             / Length         Data source:
Name        Direction Utilization  (pF/micron)       qrc_tech_file
------------------------------------------------
METAL_1         H         0.00        0.000210  
METAL_2         V         1.00        0.000174  
METAL_3         H         1.00        0.000174  
METAL_4         V         1.00        0.000174  
METAL_5         H         1.00        0.000174  
METAL_6         V         1.00        0.000174  
METAL_7         H         1.00        0.000175  
METAL_8         V         1.00        0.000176  
METAL_9         H         1.00        0.001240  
METAL_10        V         1.00        0.000529  
METAL_11        H         1.00        0.000686  

                                    Resistance   
  Layer                              / Length         Data source:
Name        Direction Utilization  (ohm/micron)       qrc_tech_file
-------------------------------------------------
METAL_1         H         0.00         1.226667  
METAL_2         V         1.00         0.755000  
METAL_3         H         1.00         0.755000  
METAL_4         V         1.00         0.755000  
METAL_5         H         1.00         0.755000  
METAL_6         V         1.00         0.755000  
METAL_7         H         1.00         0.755000  
METAL_8         V         1.00         0.267500  
METAL_9         H         1.00         0.267500  
METAL_10        V         1.00         0.097273  
METAL_11        H         1.00         0.095455  

                                        Area     
  Layer                               / Length        Data source:
Name        Direction Utilization     (micron)        lef_library
-------------------------------------------------
Metal1          H         0.00         0.060000  
Metal2          V         1.00         0.080000  
Metal3          H         1.00         0.080000  
Metal4          V         1.00         0.080000  
Metal5          H         1.00         0.080000  
Metal6          V         1.00         0.080000  
Metal7          H         1.00         0.080000  
Metal8          V         1.00         0.080000  
Metal9          H         1.00         0.080000  
Metal10         V         1.00         0.220000  
Metal11         H         1.00         0.220000  

Info    : Incrementally optimizing. [SYNTH-7]
        : Incrementally optimizing 'picorv32_wb' using 'high' effort.

Test connection status for design: picorv32_wb
==============================================
Connected 0 out of 0 clock-gating instances.
  Decloning clock-gating logic from design:picorv32_wb
Forcing hierarchical CG on for clock_gating declone -hier
Clock-gating declone status
===========================
Total number of clock-gating instances before: 60
Total number of clock-gating instances after : 60
 
Incremental optimization status
===============================
                                   Group   
                                  Tot Wrst     Total - - DRC Totals - -
                           Total  Weighted      Neg      Max       Max 
Operation                   Area   Slacks      Slack    Trans      Cap 
 init_iopt                 42803        0         0         0       23
-------------------------------------------------------------------------------
 const_prop                42803        0         0         0       23
 simp_cc_inputs            42793        0         0         0       23
-------------------------------------------------------------------------------
 hi_fo_buf                 42793        0         0         0       23

           Trick     Calls     Accepts   Attempts    Time(secs) 
-----------------------------------------------------------
       hi_fo_buf         0  (        0 /        0 )  0.00

 
Incremental optimization status
===============================
                                   Group   
                                  Tot Wrst     Total - - DRC Totals - -
                           Total  Weighted      Neg      Max       Max 
Operation                   Area   Slacks      Slack    Trans      Cap 
 init_delay                42793        0         0         0       23

           Trick     Calls     Accepts   Attempts    Time(secs) 
-----------------------------------------------------------
        crit_msz         0  (        0 /        0 )  0.00
       crit_upsz         0  (        0 /        0 )  0.00
       crit_slew         0  (        0 /        0 )  0.00
        setup_dn         0  (        0 /        0 )  0.00
    plc_bal_star         0  (        0 /        0 )  0.00
     drc_buftimb         0  (        0 /        0 )  0.00
          plc_st         0  (        0 /        0 )  0.00
    plc_st_fence         0  (        0 /        0 )  0.00
        plc_star         0  (        0 /        0 )  0.00
      plc_laf_st         0  (        0 /        0 )  0.00
 plc_laf_st_fence         0  (        0 /        0 )  0.00
     drc_buftims         0  (        0 /        0 )  0.00
   plc_laf_lo_st         0  (        0 /        0 )  0.00
       plc_lo_st         0  (        0 /        0 )  0.00
            fopt         0  (        0 /        0 )  0.00
       crit_swap         0  (        0 /        0 )  0.00
       mux2_swap         0  (        0 /        0 )  0.00
       crit_dnsz         0  (        0 /        0 )  0.00
       load_swap         0  (        0 /        0 )  0.00
            fopt         0  (        0 /        0 )  0.00
        setup_dn         0  (        0 /        0 )  0.00
       load_isol         0  (        0 /        0 )  0.00
       load_isol         0  (        0 /        0 )  0.00
        move_for         0  (        0 /        0 )  0.00
        move_for         0  (        0 /        0 )  0.00
          rem_bi         0  (        0 /        0 )  0.00
         offload         0  (        0 /        0 )  0.00
          rem_bi         0  (        0 /        0 )  0.00
         offload         0  (        0 /        0 )  0.00
           phase         0  (        0 /        0 )  0.00
        in_phase         0  (        0 /        0 )  0.00
       merge_bit         0  (        0 /        0 )  0.00
     merge_idrvr         0  (        0 /        0 )  0.00
     merge_iload         0  (        0 /        0 )  0.00
    merge_idload         0  (        0 /        0 )  0.00
      merge_drvr         0  (        0 /        0 )  0.00
      merge_load         0  (        0 /        0 )  0.00
          decomp         0  (        0 /        0 )  0.00
        p_decomp         0  (        0 /        0 )  0.00
        levelize         0  (        0 /        0 )  0.00
        mb_split         0  (        0 /        0 )  0.00
             dup         0  (        0 /        0 )  0.00
      mux_retime         0  (        0 /        0 )  0.00
         buf2inv         0  (        0 /        0 )  0.00
             exp         0  (        0 /        0 )  0.00
       gate_deco         0  (        0 /        0 )  0.00
       gcomp_tim         0  (        0 /        0 )  0.00
  inv_pair_2_buf         0  (        0 /        0 )  0.00


           Trick     Calls     Accepts   Attempts    Time(secs) 
-----------------------------------------------------------
         crr_220         0  (        0 /        0 )  0.00
        crr_glob         0  (        0 /        0 )  0.00
         crr_200         0  (        0 /        0 )  0.00
        crr_glob         0  (        0 /        0 )  0.00
         crr_300         0  (        0 /        0 )  0.00
        crr_glob         0  (        0 /        0 )  0.00
         crr_400         0  (        0 /        0 )  0.00
        crr_glob         0  (        0 /        0 )  0.00
         crr_111         0  (        0 /        0 )  0.00
        crr_glob         0  (        0 /        0 )  0.00
         crr_210         0  (        0 /        0 )  0.00
        crr_glob         0  (        0 /        0 )  0.00
         crr_110         0  (        0 /        0 )  0.00
        crr_glob         0  (        0 /        0 )  0.00
         crr_101         0  (        0 /        0 )  0.00
        crr_glob         0  (        0 /        0 )  0.00
         crr_201         0  (        0 /        0 )  0.00
        crr_glob         0  (        0 /        0 )  0.00
         crr_211         0  (        0 /        0 )  0.00
        crr_glob         0  (        0 /        0 )  0.00
        crit_msz         0  (        0 /        0 )  0.00
       crit_upsz         0  (        0 /        0 )  0.00
       crit_slew         0  (        0 /        0 )  0.00
        setup_dn         0  (        0 /        0 )  0.00
    plc_bal_star         0  (        0 /        0 )  0.00
     drc_buftimb         0  (        0 /        0 )  0.00
          plc_st         0  (        0 /        0 )  0.00
    plc_st_fence         0  (        0 /        0 )  0.00
        plc_star         0  (        0 /        0 )  0.00
      plc_laf_st         0  (        0 /        0 )  0.00
 plc_laf_st_fence         0  (        0 /        0 )  0.00
     drc_buftims         0  (        0 /        0 )  0.00
       plc_lo_st         0  (        0 /        0 )  0.00
            fopt         0  (        0 /        0 )  0.00
       crit_swap         0  (        0 /        0 )  0.00
       mux2_swap         0  (        0 /        0 )  0.00
       crit_dnsz         0  (        0 /        0 )  0.00
       load_swap         0  (        0 /        0 )  0.00
            fopt         0  (        0 /        0 )  0.00
        setup_dn         0  (        0 /        0 )  0.00
       load_isol         0  (        0 /        0 )  0.00
       load_isol         0  (        0 /        0 )  0.00
        move_for         0  (        0 /        0 )  0.00
        move_for         0  (        0 /        0 )  0.00
          rem_bi         0  (        0 /        0 )  0.00
         offload         0  (        0 /        0 )  0.00
          rem_bi         0  (        0 /        0 )  0.00
         offload         0  (        0 /        0 )  0.00
       merge_bit         0  (        0 /        0 )  0.00
     merge_idrvr         0  (        0 /        0 )  0.00
     merge_iload         0  (        0 /        0 )  0.00
    merge_idload         0  (        0 /        0 )  0.00
      merge_drvr         0  (        0 /        0 )  0.00
      merge_load         0  (        0 /        0 )  0.00
           phase         0  (        0 /        0 )  0.00
          decomp         0  (        0 /        0 )  0.00
        p_decomp         0  (        0 /        0 )  0.00
        levelize         0  (        0 /        0 )  0.00
        mb_split         0  (        0 /        0 )  0.00
        in_phase         0  (        0 /        0 )  0.00
             dup         0  (        0 /        0 )  0.00
      mux_retime         0  (        0 /        0 )  0.00
         buf2inv         0  (        0 /        0 )  0.00
             exp         0  (        0 /        0 )  0.00
       gate_deco         0  (        0 /        0 )  0.00
       gcomp_tim         0  (        0 /        0 )  0.00
  inv_pair_2_buf         0  (        0 /        0 )  0.00
 init_drc                  42793        0         0         0       23

           Trick     Calls     Accepts   Attempts    Time(secs) 
-----------------------------------------------------------
          plc_st         0  (        0 /        0 )  0.00
        plc_star         0  (        0 /        0 )  0.00
        drc_bufs         0  (        0 /        0 )  0.00
        drc_fopt         0  (        0 /        0 )  0.00
        drc_bufb         0  (        0 /        0 )  0.00
      simple_buf         0  (        0 /        0 )  0.00
             dup         0  (        0 /        0 )  0.00
       crit_dnsz         0  (        0 /        0 )  0.00
       crit_upsz         0  (        0 /        0 )  0.00
       crit_slew         0  (        0 /        0 )  0.00

 incr_max_cap              42802        0         0         0        0

           Trick     Calls     Accepts   Attempts    Time(secs) 
-----------------------------------------------------------
          plc_st         2  (        0 /        0 )  0.00
        plc_star         2  (        0 /        0 )  0.00
      drc_buf_sp         4  (        2 /        2 )  0.02
        drc_bufs         0  (        0 /        0 )  0.00
        drc_fopt         0  (        0 /        0 )  0.00
        drc_bufb         0  (        0 /        0 )  0.00
      simple_buf         0  (        0 /        0 )  0.00
             dup         0  (        0 /        0 )  0.00
       crit_dnsz         0  (        0 /        0 )  0.00
       crit_upsz         0  (        0 /        0 )  0.00


           Trick     Calls     Accepts   Attempts    Time(secs) 
-----------------------------------------------------------
          plc_st         0  (        0 /        0 )  0.00
        plc_star         0  (        0 /        0 )  0.00
      drc_buf_sp         0  (        0 /        0 )  0.00
        drc_bufs         0  (        0 /        0 )  0.00
        drc_fopt         0  (        0 /        0 )  0.00
        drc_bufb         0  (        0 /        0 )  0.00
             dup         0  (        0 /        0 )  0.00
       crit_dnsz         0  (        0 /        0 )  0.00
       crit_upsz         0  (        0 /        0 )  0.00

 init_tns                  42802        0         0         0        0

           Trick     Calls     Accepts   Attempts    Time(secs) 
-----------------------------------------------------------
            fopt         0  (        0 /        0 )  0.00
    plc_bal_star         0  (        0 /        0 )  0.00
     drc_buftimb         0  (        0 /        0 )  0.00
     drc_buftims         0  (        0 /        0 )  0.00
        crit_msz         0  (        0 /        0 )  0.00
       crit_upsz         0  (        0 /        0 )  0.00
   plc_laf_lo_st         0  (        0 /        0 )  0.00
       plc_lo_st         0  (        0 /        0 )  0.00
       crit_swap         0  (        0 /        0 )  0.00
       mux2_swap         0  (        0 /        0 )  0.00
       crit_dnsz         0  (        0 /        0 )  0.00
       load_swap         0  (        0 /        0 )  0.00
            fopt         0  (        0 /        0 )  0.00
        setup_dn         0  (        0 /        0 )  0.00
       load_isol         0  (        0 /        0 )  0.00
       load_isol         0  (        0 /        0 )  0.00
        move_for         0  (        0 /        0 )  0.00
        move_for         0  (        0 /        0 )  0.00
          rem_bi         0  (        0 /        0 )  0.00
         offload         0  (        0 /        0 )  0.00
          rem_bi         0  (        0 /        0 )  0.00
         offload         0  (        0 /        0 )  0.00
       merge_bit         0  (        0 /        0 )  0.00
     merge_idrvr         0  (        0 /        0 )  0.00
     merge_iload         0  (        0 /        0 )  0.00
    merge_idload         0  (        0 /        0 )  0.00
      merge_drvr         0  (        0 /        0 )  0.00
      merge_load         0  (        0 /        0 )  0.00
           phase         0  (        0 /        0 )  0.00
          decomp         0  (        0 /        0 )  0.00
        p_decomp         0  (        0 /        0 )  0.00
        levelize         0  (        0 /        0 )  0.00
        mb_split         0  (        0 /        0 )  0.00
             dup         0  (        0 /        0 )  0.00
      mux_retime         0  (        0 /        0 )  0.00
       crr_local         0  (        0 /        0 )  0.00
         buf2inv         0  (        0 /        0 )  0.00

 init_area                 42802        0         0         0        0
 undup                     42724        0         0         0        0
 rem_buf                   42532        0         0         0        0
 rem_inv                   42450        0         0         0        0
 merge_bi                  42347        0         0         0        0
 rem_inv_qb                42325        0         0         0        0
 seq_res_area              42324        0         0         0        0
 seq_res_area              42313        0         0         0        0
 io_phase                  42269        0         0         0        0
 glob_area                 42265        0         0         0        0
 area_down                 42247        0         0         0        0
 gate_deco_area            42234        0         0         0        0
 rem_buf                   42183        0         0         0        0

           Trick     Calls     Accepts   Attempts    Time(secs) 
-----------------------------------------------------------
           undup        31  (       31 /       31 )  0.15
         rem_buf        65  (       57 /       57 )  0.35
         rem_inv        32  (       27 /       27 )  0.23
        merge_bi        71  (       71 /       71 )  0.31
      rem_inv_qb       137  (        2 /        2 )  0.29
    seq_res_area        37  (        2 /        2 )  16.00
        io_phase        93  (       31 /       31 )  0.34
       gate_comp        12  (        0 /        0 )  0.76
       gcomp_mog         0  (        0 /        0 )  0.19
       glob_area        62  (        8 /       62 )  0.22
       area_down        81  (       11 /       11 )  0.76
      size_n_buf        13  (        0 /        0 )  0.30
  gate_deco_area         9  (        9 /        9 )  0.08
         rem_buf        26  (       19 /       19 )  0.08
         rem_inv         3  (        0 /        0 )  0.01
        merge_bi         0  (        0 /        0 )  0.03
      rem_inv_qb        99  (        0 /        0 )  0.15

 
Incremental optimization status
===============================
                                   Group   
                                  Tot Wrst     Total - - DRC Totals - -
                           Total  Weighted      Neg      Max       Max 
Operation                   Area   Slacks      Slack    Trans      Cap 
 init_delay                42183        0         0         0        0

           Trick     Calls     Accepts   Attempts    Time(secs) 
-----------------------------------------------------------
         crr_220         0  (        0 /        0 )  0.00
        crr_glob         0  (        0 /        0 )  0.00
         crr_200         0  (        0 /        0 )  0.00
        crr_glob         0  (        0 /        0 )  0.00
         crr_300         0  (        0 /        0 )  0.00
        crr_glob         0  (        0 /        0 )  0.00
         crr_400         0  (        0 /        0 )  0.00
        crr_glob         0  (        0 /        0 )  0.00
         crr_111         0  (        0 /        0 )  0.00
        crr_glob         0  (        0 /        0 )  0.00
         crr_210         0  (        0 /        0 )  0.00
        crr_glob         0  (        0 /        0 )  0.00
         crr_110         0  (        0 /        0 )  0.00
        crr_glob         0  (        0 /        0 )  0.00
         crr_101         0  (        0 /        0 )  0.00
        crr_glob         0  (        0 /        0 )  0.00
         crr_201         0  (        0 /        0 )  0.00
        crr_glob         0  (        0 /        0 )  0.00
         crr_211         0  (        0 /        0 )  0.00
        crr_glob         0  (        0 /        0 )  0.00
        crit_msz         0  (        0 /        0 )  0.00
       crit_upsz         0  (        0 /        0 )  0.00
       crit_slew         0  (        0 /        0 )  0.00
        setup_dn         0  (        0 /        0 )  0.00
    plc_bal_star         0  (        0 /        0 )  0.00
     drc_buftimb         0  (        0 /        0 )  0.00
          plc_st         0  (        0 /        0 )  0.00
    plc_st_fence         0  (        0 /        0 )  0.00
        plc_star         0  (        0 /        0 )  0.00
      plc_laf_st         0  (        0 /        0 )  0.00
 plc_laf_st_fence         0  (        0 /        0 )  0.00
     drc_buftims         0  (        0 /        0 )  0.00
       plc_lo_st         0  (        0 /        0 )  0.00
            fopt         0  (        0 /        0 )  0.00
       crit_swap         0  (        0 /        0 )  0.00
       mux2_swap         0  (        0 /        0 )  0.00
       crit_dnsz         0  (        0 /        0 )  0.00
       load_swap         0  (        0 /        0 )  0.00
            fopt         0  (        0 /        0 )  0.00
        setup_dn         0  (        0 /        0 )  0.00
       load_isol         0  (        0 /        0 )  0.00
       load_isol         0  (        0 /        0 )  0.00
        move_for         0  (        0 /        0 )  0.00
        move_for         0  (        0 /        0 )  0.00
          rem_bi         0  (        0 /        0 )  0.00
         offload         0  (        0 /        0 )  0.00
          rem_bi         0  (        0 /        0 )  0.00
         offload         0  (        0 /        0 )  0.00
       merge_bit         0  (        0 /        0 )  0.00
     merge_idrvr         0  (        0 /        0 )  0.00
     merge_iload         0  (        0 /        0 )  0.00
    merge_idload         0  (        0 /        0 )  0.00
      merge_drvr         0  (        0 /        0 )  0.00
      merge_load         0  (        0 /        0 )  0.00
           phase         0  (        0 /        0 )  0.00
          decomp         0  (        0 /        0 )  0.00
        p_decomp         0  (        0 /        0 )  0.00
        levelize         0  (        0 /        0 )  0.00
        mb_split         0  (        0 /        0 )  0.00
        in_phase         0  (        0 /        0 )  0.00
             dup         0  (        0 /        0 )  0.00
      mux_retime         0  (        0 /        0 )  0.00
         buf2inv         0  (        0 /        0 )  0.00
             exp         0  (        0 /        0 )  0.00
       gate_deco         0  (        0 /        0 )  0.00
       gcomp_tim         0  (        0 /        0 )  0.00
  inv_pair_2_buf         0  (        0 /        0 )  0.00
 init_drc                  42183        0         0         0        0

           Trick     Calls     Accepts   Attempts    Time(secs) 
-----------------------------------------------------------
          plc_st         0  (        0 /        0 )  0.00
        plc_star         0  (        0 /        0 )  0.00
        drc_bufs         0  (        0 /        0 )  0.00
        drc_fopt         0  (        0 /        0 )  0.00
        drc_bufb         0  (        0 /        0 )  0.00
      simple_buf         0  (        0 /        0 )  0.00
             dup         0  (        0 /        0 )  0.00
       crit_dnsz         0  (        0 /        0 )  0.00
       crit_upsz         0  (        0 /        0 )  0.00
       crit_slew         0  (        0 /        0 )  0.00


           Trick     Calls     Accepts   Attempts    Time(secs) 
-----------------------------------------------------------
          plc_st         0  (        0 /        0 )  0.00
        plc_star         0  (        0 /        0 )  0.00
        drc_bufs         0  (        0 /        0 )  0.00
        drc_fopt         0  (        0 /        0 )  0.00
        drc_bufb         0  (        0 /        0 )  0.00
      simple_buf         0  (        0 /        0 )  0.00
             dup         0  (        0 /        0 )  0.00
       crit_dnsz         0  (        0 /        0 )  0.00
       crit_upsz         0  (        0 /        0 )  0.00


           Trick     Calls     Accepts   Attempts    Time(secs) 
-----------------------------------------------------------
          plc_st         0  (        0 /        0 )  0.00
        plc_star         0  (        0 /        0 )  0.00
        drc_bufs         0  (        0 /        0 )  0.00
        drc_fopt         0  (        0 /        0 )  0.00
        drc_bufb         0  (        0 /        0 )  0.00
             dup         0  (        0 /        0 )  0.00
       crit_dnsz         0  (        0 /        0 )  0.00
       crit_upsz         0  (        0 /        0 )  0.00

 init_tns                  42183        0         0         0        0

           Trick     Calls     Accepts   Attempts    Time(secs) 
-----------------------------------------------------------
            fopt         0  (        0 /        0 )  0.00
    plc_bal_star         0  (        0 /        0 )  0.00
     drc_buftimb         0  (        0 /        0 )  0.00
     drc_buftims         0  (        0 /        0 )  0.00
        crit_msz         0  (        0 /        0 )  0.00
       crit_upsz         0  (        0 /        0 )  0.00
   plc_laf_lo_st         0  (        0 /        0 )  0.00
       plc_lo_st         0  (        0 /        0 )  0.00
       crit_swap         0  (        0 /        0 )  0.00
       mux2_swap         0  (        0 /        0 )  0.00
       crit_dnsz         0  (        0 /        0 )  0.00
       load_swap         0  (        0 /        0 )  0.00
            fopt         0  (        0 /        0 )  0.00
        setup_dn         0  (        0 /        0 )  0.00
       load_isol         0  (        0 /        0 )  0.00
       load_isol         0  (        0 /        0 )  0.00
        move_for         0  (        0 /        0 )  0.00
        move_for         0  (        0 /        0 )  0.00
          rem_bi         0  (        0 /        0 )  0.00
         offload         0  (        0 /        0 )  0.00
          rem_bi         0  (        0 /        0 )  0.00
         offload         0  (        0 /        0 )  0.00
       merge_bit         0  (        0 /        0 )  0.00
     merge_idrvr         0  (        0 /        0 )  0.00
     merge_iload         0  (        0 /        0 )  0.00
    merge_idload         0  (        0 /        0 )  0.00
      merge_drvr         0  (        0 /        0 )  0.00
      merge_load         0  (        0 /        0 )  0.00
           phase         0  (        0 /        0 )  0.00
          decomp         0  (        0 /        0 )  0.00
        p_decomp         0  (        0 /        0 )  0.00
        levelize         0  (        0 /        0 )  0.00
        mb_split         0  (        0 /        0 )  0.00
             dup         0  (        0 /        0 )  0.00
      mux_retime         0  (        0 /        0 )  0.00
       crr_local         0  (        0 /        0 )  0.00
         buf2inv         0  (        0 /        0 )  0.00

 init_area                 42183        0         0         0        0
 undup                     42056        0         0         0        0
 area_down                 42055        0         0         0        0

           Trick     Calls     Accepts   Attempts    Time(secs) 
-----------------------------------------------------------
           undup        31  (       31 /       31 )  0.14
         rem_buf         7  (        0 /        0 )  0.01
         rem_inv         3  (        0 /        0 )  0.01
        merge_bi         0  (        0 /        0 )  0.02
      rem_inv_qb        99  (        0 /        0 )  0.16
        io_phase        62  (        0 /        0 )  0.14
       gate_comp        12  (        0 /        0 )  0.74
       gcomp_mog         0  (        0 /        0 )  0.18
       glob_area        50  (        0 /       50 )  0.18
       area_down        77  (        3 /        3 )  0.62
      size_n_buf         1  (        0 /        0 )  0.07
  gate_deco_area         0  (        0 /        0 )  0.00

 
Incremental optimization status
===============================
                                   Group   
                                  Tot Wrst     Total - - DRC Totals - -
                           Total  Weighted      Neg      Max       Max 
Operation                   Area   Slacks      Slack    Trans      Cap 
 init_delay                42055        0         0         0        0

           Trick     Calls     Accepts   Attempts    Time(secs) 
-----------------------------------------------------------
        crit_msz         0  (        0 /        0 )  0.00
       crit_upsz         0  (        0 /        0 )  0.00
       crit_slew         0  (        0 /        0 )  0.00
        setup_dn         0  (        0 /        0 )  0.00
    plc_bal_star         0  (        0 /        0 )  0.00
     drc_buftimb         0  (        0 /        0 )  0.00
          plc_st         0  (        0 /        0 )  0.00
    plc_st_fence         0  (        0 /        0 )  0.00
        plc_star         0  (        0 /        0 )  0.00
      plc_laf_st         0  (        0 /        0 )  0.00
 plc_laf_st_fence         0  (        0 /        0 )  0.00
     drc_buftims         0  (        0 /        0 )  0.00
   plc_laf_lo_st         0  (        0 /        0 )  0.00
       plc_lo_st         0  (        0 /        0 )  0.00
            fopt         0  (        0 /        0 )  0.00
       crit_swap         0  (        0 /        0 )  0.00
       mux2_swap         0  (        0 /        0 )  0.00
       crit_dnsz         0  (        0 /        0 )  0.00
       load_swap         0  (        0 /        0 )  0.00
            fopt         0  (        0 /        0 )  0.00
        setup_dn         0  (        0 /        0 )  0.00
       load_isol         0  (        0 /        0 )  0.00
       load_isol         0  (        0 /        0 )  0.00
        move_for         0  (        0 /        0 )  0.00
        move_for         0  (        0 /        0 )  0.00
          rem_bi         0  (        0 /        0 )  0.00
         offload         0  (        0 /        0 )  0.00
          rem_bi         0  (        0 /        0 )  0.00
         offload         0  (        0 /        0 )  0.00
           phase         0  (        0 /        0 )  0.00
        in_phase         0  (        0 /        0 )  0.00
       merge_bit         0  (        0 /        0 )  0.00
     merge_idrvr         0  (        0 /        0 )  0.00
     merge_iload         0  (        0 /        0 )  0.00
    merge_idload         0  (        0 /        0 )  0.00
      merge_drvr         0  (        0 /        0 )  0.00
      merge_load         0  (        0 /        0 )  0.00
          decomp         0  (        0 /        0 )  0.00
        p_decomp         0  (        0 /        0 )  0.00
        levelize         0  (        0 /        0 )  0.00
        mb_split         0  (        0 /        0 )  0.00
             dup         0  (        0 /        0 )  0.00
      mux_retime         0  (        0 /        0 )  0.00
         buf2inv         0  (        0 /        0 )  0.00
             exp         0  (        0 /        0 )  0.00
       gate_deco         0  (        0 /        0 )  0.00
       gcomp_tim         0  (        0 /        0 )  0.00
  inv_pair_2_buf         0  (        0 /        0 )  0.00

 init_drc                  42055        0         0         0        0

           Trick     Calls     Accepts   Attempts    Time(secs) 
-----------------------------------------------------------
          plc_st         0  (        0 /        0 )  0.00
        plc_star         0  (        0 /        0 )  0.00
        drc_bufs         0  (        0 /        0 )  0.00
        drc_fopt         0  (        0 /        0 )  0.00
        drc_bufb         0  (        0 /        0 )  0.00
      simple_buf         0  (        0 /        0 )  0.00
             dup         0  (        0 /        0 )  0.00
       crit_dnsz         0  (        0 /        0 )  0.00
       crit_upsz         0  (        0 /        0 )  0.00
       crit_slew         0  (        0 /        0 )  0.00


           Trick     Calls     Accepts   Attempts    Time(secs) 
-----------------------------------------------------------
          plc_st         0  (        0 /        0 )  0.00
        plc_star         0  (        0 /        0 )  0.00
        drc_bufs         0  (        0 /        0 )  0.00
        drc_fopt         0  (        0 /        0 )  0.00
        drc_bufb         0  (        0 /        0 )  0.00
      simple_buf         0  (        0 /        0 )  0.00
             dup         0  (        0 /        0 )  0.00
       crit_dnsz         0  (        0 /        0 )  0.00
       crit_upsz         0  (        0 /        0 )  0.00


           Trick     Calls     Accepts   Attempts    Time(secs) 
-----------------------------------------------------------
          plc_st         0  (        0 /        0 )  0.00
        plc_star         0  (        0 /        0 )  0.00
        drc_bufs         0  (        0 /        0 )  0.00
        drc_fopt         0  (        0 /        0 )  0.00
        drc_bufb         0  (        0 /        0 )  0.00
             dup         0  (        0 /        0 )  0.00
       crit_dnsz         0  (        0 /        0 )  0.00
       crit_upsz         0  (        0 /        0 )  0.00

==================================
Stage : incr_opt 
==================================
  =================
   Message Summary
  =================
------------------------------------------------------
|   Id    |  Sev   |Count |      Message Text        |
------------------------------------------------------
| CFM-1   |Info    |    1 |Wrote dofile.             |
| CFM-5   |Info    |    1 |Wrote formal verification |
|         |        |      | information.             |
| CPI-506 |Warning |    1 |Command                   |
|         |        |      | 'commit_power_intent'    |
|         |        |      | cannot proceed as there  |
|         |        |      | is no power intent       |
|         |        |      | loaded.                  |
| GLO-51  |Info    |   12 |Hierarchical instance     |
|         |        |      | automatically ungrouped. |
|         |        |      |Hierarchical instances    |
|         |        |      | can be automatically     |
|         |        |      | ungrouped to allow for   |
|         |        |      | better area or timing    |
|         |        |      | optimization. To prevent |
|         |        |      | this ungroup, set the    |
|         |        |      | root-level attribute     |
|         |        |      | 'auto_ungroup' to        |
|         |        |      | 'none'. You can also     |
|         |        |      | prevent individual       |
|         |        |      | ungroup with setting the |
|         |        |      | attribute 'ungroup_ok'   |
|         |        |      | of instances or modules  |
|         |        |      | to 'false'.              |
| LBR-155 |Info    |  264 |Mismatch in unateness     |
|         |        |      | between 'timing_sense'   |
|         |        |      | attribute and the        |
|         |        |      | function.                |
|         |        |      |The 'timing_sense'        |
|         |        |      | attribute will be        |
|         |        |      | respected.               |
| PA-7    |Info    |    4 |Resetting power analysis  |
|         |        |      | results.                 |
|         |        |      |All computed switching    |
|         |        |      | activities are removed.  |
| POPT-96 |Info    |    2 |One or more cost groups   |
|         |        |      | were automatically       |
|         |        |      | created for clock gate   |
|         |        |      | enable paths.            |
|         |        |      |This feature can be       |
|         |        |      | disabled by setting the  |
|         |        |      | attribute                |
|         |        |      | lp_clock_gating_auto_cos |
|         |        |      | t_grouping false.        |
| SYNTH-5 |Info    |    1 |Done mapping.             |
| SYNTH-7 |Info    |    1 |Incrementally optimizing. |
------------------------------------------------------
Info    : Done incrementally optimizing. [SYNTH-8]
        : Done incrementally optimizing 'picorv32_wb'.
      flow.cputime  flow.realtime  timing.setup.tns  timing.setup.wns  snapshot
UM:*                                                                   syn_opt
@genus:design:picorv32_wb 31> puts ">> Synthesis Complete."
>> Synthesis Complete.
@genus:design:picorv32_wb 32> # Define Reporting Path Groups
@genus:design:picorv32_wb 33> path_group -name I2Rgroup -from [all_inputs] -to [all_registers] -group I2R
exception:picorv32_wb/I2Rgroup
@genus:design:picorv32_wb 34> path_group -name R2Rgroup -from [all_registers] -to [all_registers] -group R2R
exception:picorv32_wb/R2Rgroup
@genus:design:picorv32_wb 35> path_group -name R2Ogroup -from [all_registers] -to [all_outputs] -group R2O
exception:picorv32_wb/R2Ogroup
@genus:design:picorv32_wb 36> path_group -name I2Ogroup -from [all_inputs] -to [all_outputs] -group I2O
exception:picorv32_wb/I2Ogroup
@genus:design:picorv32_wb 37> 
@genus:design:picorv32_wb 37> puts ">> Generating Reports..."
>> Generating Reports...
@genus:design:picorv32_wb 38> 
@genus:design:picorv32_wb 38> # Standard Reports
@genus:design:picorv32_wb 39> report_timing > reports_/timing_summary.rpt
@genus:design:picorv32_wb 40> report_area -summary > reports/area.rpt
@genus:design:picorv32_wb 41> report_power > reports/power.rpt
Info    : Joules engine is used. [RPT-16]
        : Joules engine is being used for the command report_power.
Info   : ACTP-0001 [ACTPInfo] Activity propagation started for stim#0 netlist
       : picorv32_wb
Info   : ACTP-0009 [ACTPInfo] Activity Propagation Progress Report :   0%   1%   2%   3%   4%   5%   6%   7%   8%   9%  10%  11%  12%  13%  14%  15%  16%  17%  18%  19%  20%  21%  22%  23%  24%  25%  26%  27%  28%  29%  30%  31%  32%  33%  34%  35%  36%  37%  38%  39%  40%  41%  42%  43%  44%  45%  46%  47%  48%  49%  50%  51%  52%  53%  54%  55%  56%  57%  58%  59%  60%  61%  62%  63%  64%  65%  66%  67%  68%  69%  70%  71%  72%  73%  74%  75%  76%  77%  78%  79%  80%  81%  82%  83%  84%  85%  86%  87%  88%  89%  90%  91%  92%  93%  94%  95%  96%  97%  98%  99% 100%
Info   : ACTP-0001 Activity propagation ended for stim#0
Info   : PWRA-0001 [PwrInfo] compute_power effective options 
       : -mode : vectorless
       : -skip_propagation : 1
       : -frequency_scaling_factor : 1.0
       : -use_clock_freq : stim
       : -stim :/stim#0
       : -fromGenus : 1
Info   : ACTP-0001 Timing initialization started
Info   : ACTP-0001 Timing initialization ended
Info   : PWRA-0002 [PwrInfo] Skipping activity propagation due to -skip_ap
       : option....
Warning: PWRA-0302 [PwrWarn] Frequency scaling is not applicable for vectorless
       : flow. Ignoring frequency scaling.
Warning: PWRA-0304 [PwrWarn] -stim option is not applicable with vectorless mode
       : of power analysis, ignored this option.
Info   : PWRA-0002 Started 'vectorless' power computation.
Info   : PWRA-0009 [PwrInfo] Power Computation Progress Report :  10%  21%  32%  43%  54%  65%  75%  86% 100%
Info   : PWRA-0002 Finished power computation.
Info   : PWRA-0007 [PwrInfo] Completed successfully.
       : Info=6, Warn=2, Error=0, Fatal=0
Output file: reports/power.rpt
@genus:design:picorv32_wb 42> report_gates > reports/gates.rpt
@genus:design:picorv32_wb 43> report_qor > reports/qor.rpt
@genus:design:picorv32_wb 44> 
@genus:design:picorv32_wb 44> # Specific Path Reports
@genus:design:picorv32_wb 45> report_timing -from [all_registers] -to [all_registers] > reports/r2r.rpt
@genus:design:picorv32_wb 46> report_timing -from [all_inputs]    -to [all_registers] > reports/i2r.rpt
@genus:design:picorv32_wb 47> report_timing -from [all_registers] -to [all_outputs]   > reports/r2o.rpt
@genus:design:picorv32_wb 48> report_timing -from [all_inputs]    -to [all_outputs]   > reports/i20.rpt
@genus:design:picorv32_wb 49> 
@genus:design:picorv32_wb 49> # =======================================================
@genus:design:picorv32_wb 50> #  TASK 5 CHANGE: CLOCK GATING REPORT
@genus:design:picorv32_wb 51> # =======================================================
@genus:design:picorv32_wb 52> # Required to extract statistics for the assignment
@genus:design:picorv32_wb 53> report_clock_gating > reports/clock_gating.rpt


60
@genus:design:picorv32_wb 54> 
@genus:design:picorv32_wb 54> write_design -innovus picorv32_wb
Warning : This command will be obsolete in a next major release. [TUI-37]
        : Option '-innovus' is being obsoleted. Use 'write_db -common' for saving design databases to operate with other Cadence tools. Use 'write_design' in future releases for saving files for operations with non-Cadence tools.

(write_design): Writing Innovus content. Constraint interface is: 'mmmc2'
(write_design): Writing Genus content. Constraint interface is 'smsc'
Warning : Attribute design_process_node is not set for this design. [PHYS-1011]
        : Missing data.
        : When attribute design_process_node is not set to an appropriate integer value >=5 and <=250, then Innovus will assume its own default value for the design process node. See the Innovus setDesignMode -process <> command for more information about what this setting does.
Exporting design data for 'picorv32_wb' to genus_invs_des/genus...
%# Begin write_design (11/30 17:58:50, mem=1521.59M)
      flow.cputime  flow.realtime  timing.setup.tns  timing.setup.wns  snapshot
UM:*                                                                   write_design
No loop breaker instances found (cdn_loop_breaker).
File genus_invs_des/genus.mmmc.tcl has been written.
Finished SDC export (command execution time mm:ss (real) = 00:01).
Info: file genus_invs_des/genus.default_emulate_constraint_mode.sdc has been written
Info: file genus_invs_des/genus.default_emulate_constraint_mode.sdc has been written

Number of user defined NDR nets found: 0

Number of NDR nets found: 0
Number of nets with minimum layer assignments: 0

** To load the database source genus_invs_des/genus.invs_setup.tcl in an Innovus session.
** To load the database source genus_invs_des/genus.genus_setup.tcl in an Genus(TM) Synthesis Solution session.
Finished exporting design data for 'picorv32_wb' (command execution time mm:ss cpu = 00:03, real = 00:06).
.
%# End write_design (11/30 17:58:56, total cpu=10:00:03, real=10:00:06, peak res=1116.70M, current mem=1521.59M)
@genus:design:picorv32_wb 55> 
@genus:design:picorv32_wb 55> exit

Lic Summary:
[18:02:55.010456] Cdslmd servers: tracker05
[18:02:55.010472] Feature usage summary:
[18:02:55.010473] Genus_Synthesis

Normal exit.