###############################################################
#  Generated by:      Cadence Innovus 21.35-s114_1
#  OS:                Linux x86_64(Host ID cn88.it.auth.gr)
#  Generated on:      Sun Nov 30 19:29:57 2025
#  Design:            picorv32_wb
#  Command:           report_timing -path_group reg2reg -check_type setup -max_paths 50 > reports/postRouting/setup_reg2reg.rpt
###############################################################
Path 1: MET Setup Check with Pin picorv32_core_genblk1.pcpi_mul_rd_reg[63]/CK 
Endpoint:   picorv32_core_genblk1.pcpi_mul_rd_reg[63]/D (^) checked with  
leading edge of 'clk'
Beginpoint: picorv32_core_genblk1.pcpi_mul_rs2_reg[5]/Q (^) triggered by  
leading edge of 'clk'
Path Groups: {reg2reg}
Analysis View: analysis1
Other End Arrival Time          0.002
- Setup                         0.027
+ Phase Shift                   4.000
- Uncertainty                   0.020
= Required Time                 3.955
- Arrival Time                  2.561
= Slack Time                    1.395
     Clock Rise Edge                 0.000
     + Clock Network Latency (Prop)  0.004
     = Beginpoint Arrival Time       0.004
     +----------------------------------------------------------------------------------------------------------+ 
     |                      Instance                      |     Arc      |  Cell   | Delay | Arrival | Required | 
     |                                                    |              |         |       |  Time   |   Time   | 
     |----------------------------------------------------+--------------+---------+-------+---------+----------| 
     | picorv32_core_genblk1.pcpi_mul_rs2_reg[5]          | CK ^         |         |       |   0.004 |    1.399 | 
     | picorv32_core_genblk1.pcpi_mul_rs2_reg[5]          | CK ^ -> Q ^  | SDFFQX1 | 0.126 |   0.131 |    1.525 | 
     | picorv32_core_genblk1.pcpi_mul_mul_2371_47_g14113  | A ^ -> Y v   | INVX1   | 0.049 |   0.179 |    1.574 | 
     | picorv32_core_genblk1.pcpi_mul_mul_2371_47_g13989  | B v -> Y ^   | XNOR2X1 | 0.031 |   0.210 |    1.605 | 
     | picorv32_core_genblk1.pcpi_mul_mul_2371_47_g13897  | A ^ -> Y ^   | OR2X1   | 0.091 |   0.301 |    1.696 | 
     | picorv32_core_genblk1.pcpi_mul_mul_2371_47_g13890  | A ^ -> Y v   | INVX1   | 0.056 |   0.356 |    1.751 | 
     | picorv32_core_genblk1.pcpi_mul_mul_2371_47_g13740  | A1 v -> Y ^  | OAI21X1 | 0.029 |   0.386 |    1.780 | 
     | picorv32_core_genblk1.pcpi_mul_mul_2371_47_g13495  | B ^ -> Y ^   | XNOR2X1 | 0.025 |   0.410 |    1.805 | 
     | picorv32_core_genblk1.pcpi_mul_mul_2371_47_g13440  | B ^ -> S v   | ADDHX1  | 0.031 |   0.441 |    1.836 | 
     | picorv32_core_genblk1.pcpi_mul_mul_2371_47_cdnfadd | A v -> CO v  | ADDFX1  | 0.035 |   0.476 |    1.871 | 
     | 3                                                  |              |         |       |         |          | 
     | picorv32_core_genblk1.pcpi_mul_mul_2371_47_cdnfadd | CI v -> CO v | ADDFX1  | 0.033 |   0.510 |    1.904 | 
     | 4                                                  |              |         |       |         |          | 
     | picorv32_core_genblk1.pcpi_mul_mul_2371_47_cdnfadd | CI v -> CO v | ADDFX1  | 0.034 |   0.543 |    1.938 | 
     | 5                                                  |              |         |       |         |          | 
     | picorv32_core_genblk1.pcpi_mul_mul_2371_47_cdnfadd | CI v -> CO v | ADDFX1  | 0.034 |   0.578 |    1.972 | 
     | 6                                                  |              |         |       |         |          | 
     | picorv32_core_genblk1.pcpi_mul_mul_2371_47_cdnfadd | CI v -> CO v | ADDFX1  | 0.034 |   0.612 |    2.006 | 
     | 7                                                  |              |         |       |         |          | 
     | picorv32_core_genblk1.pcpi_mul_mul_2371_47_cdnfadd | CI v -> CO v | ADDFX1  | 0.034 |   0.645 |    2.040 | 
     | 8                                                  |              |         |       |         |          | 
     | picorv32_core_genblk1.pcpi_mul_mul_2371_47_cdnfadd | CI v -> CO v | ADDFX1  | 0.034 |   0.680 |    2.074 | 
     | 9                                                  |              |         |       |         |          | 
     | picorv32_core_genblk1.pcpi_mul_mul_2371_47_cdnfadd | CI v -> CO v | ADDFX1  | 0.035 |   0.715 |    2.110 | 
     | 10                                                 |              |         |       |         |          | 
     | picorv32_core_genblk1.pcpi_mul_mul_2371_47_cdnfadd | CI v -> CO v | ADDFX1  | 0.034 |   0.749 |    2.143 | 
     | 11                                                 |              |         |       |         |          | 
     | picorv32_core_genblk1.pcpi_mul_mul_2371_47_cdnfadd | CI v -> CO v | ADDFX1  | 0.035 |   0.784 |    2.178 | 
     | 12                                                 |              |         |       |         |          | 
     | picorv32_core_genblk1.pcpi_mul_mul_2371_47_cdnfadd | CI v -> CO v | ADDFX1  | 0.035 |   0.819 |    2.213 | 
     | 13                                                 |              |         |       |         |          | 
     | picorv32_core_genblk1.pcpi_mul_mul_2371_47_cdnfadd | CI v -> CO v | ADDFX1  | 0.033 |   0.852 |    2.247 | 
     | 14                                                 |              |         |       |         |          | 
     | picorv32_core_genblk1.pcpi_mul_mul_2371_47_cdnfadd | CI v -> CO v | ADDFX1  | 0.034 |   0.886 |    2.281 | 
     | 15                                                 |              |         |       |         |          | 
     | picorv32_core_genblk1.pcpi_mul_mul_2371_47_cdnfadd | CI v -> CO v | ADDFX1  | 0.034 |   0.920 |    2.314 | 
     | 16                                                 |              |         |       |         |          | 
     | picorv32_core_genblk1.pcpi_mul_mul_2371_47_cdnfadd | CI v -> CO v | ADDFX1  | 0.034 |   0.954 |    2.348 | 
     | 17                                                 |              |         |       |         |          | 
     | picorv32_core_genblk1.pcpi_mul_mul_2371_47_cdnfadd | CI v -> CO v | ADDFX1  | 0.034 |   0.988 |    2.382 | 
     | 18                                                 |              |         |       |         |          | 
     | picorv32_core_genblk1.pcpi_mul_mul_2371_47_cdnfadd | CI v -> CO v | ADDFX1  | 0.034 |   1.022 |    2.416 | 
     | 19                                                 |              |         |       |         |          | 
     | picorv32_core_genblk1.pcpi_mul_mul_2371_47_cdnfadd | CI v -> CO v | ADDFX1  | 0.034 |   1.056 |    2.450 | 
     | 20                                                 |              |         |       |         |          | 
     | picorv32_core_genblk1.pcpi_mul_mul_2371_47_cdnfadd | CI v -> CO v | ADDFX1  | 0.034 |   1.090 |    2.485 | 
     | 21                                                 |              |         |       |         |          | 
     | picorv32_core_genblk1.pcpi_mul_mul_2371_47_cdnfadd | CI v -> CO v | ADDFX1  | 0.035 |   1.125 |    2.519 | 
     | 22                                                 |              |         |       |         |          | 
     | picorv32_core_genblk1.pcpi_mul_mul_2371_47_cdnfadd | CI v -> CO v | ADDFX1  | 0.039 |   1.163 |    2.558 | 
     | 23                                                 |              |         |       |         |          | 
     | picorv32_core_genblk1.pcpi_mul_mul_2371_47_cdnfadd | CI v -> CO v | ADDFX1  | 0.035 |   1.199 |    2.593 | 
     | 24                                                 |              |         |       |         |          | 
     | picorv32_core_genblk1.pcpi_mul_mul_2371_47_cdnfadd | CI v -> CO v | ADDFX1  | 0.033 |   1.232 |    2.627 | 
     | 25                                                 |              |         |       |         |          | 
     | picorv32_core_genblk1.pcpi_mul_mul_2371_47_cdnfadd | CI v -> CO v | ADDFX1  | 0.033 |   1.265 |    2.660 | 
     | 26                                                 |              |         |       |         |          | 
     | picorv32_core_genblk1.pcpi_mul_mul_2371_47_cdnfadd | CI v -> CO v | ADDFX1  | 0.033 |   1.299 |    2.693 | 
     | 27                                                 |              |         |       |         |          | 
     | picorv32_core_genblk1.pcpi_mul_mul_2371_47_cdnfadd | CI v -> CO v | ADDFX1  | 0.033 |   1.332 |    2.727 | 
     | 28                                                 |              |         |       |         |          | 
     | picorv32_core_genblk1.pcpi_mul_mul_2371_47_cdnfadd | CI v -> CO v | ADDFX1  | 0.033 |   1.365 |    2.760 | 
     | 29                                                 |              |         |       |         |          | 
     | picorv32_core_genblk1.pcpi_mul_mul_2371_47_cdnfadd | CI v -> CO v | ADDFX1  | 0.033 |   1.398 |    2.793 | 
     | 30                                                 |              |         |       |         |          | 
     | picorv32_core_genblk1.pcpi_mul_mul_2371_47_cdnfadd | CI v -> CO v | ADDFX1  | 0.036 |   1.434 |    2.828 | 
     | 31                                                 |              |         |       |         |          | 
     | picorv32_core_genblk1.pcpi_mul_mul_2371_47_cdnfadd | CI v -> CO v | ADDFX1  | 0.036 |   1.470 |    2.864 | 
     | 32                                                 |              |         |       |         |          | 
     | picorv32_core_genblk1.pcpi_mul_mul_2371_47_cdnfadd | CI v -> CO v | ADDFX1  | 0.034 |   1.504 |    2.898 | 
     | 33                                                 |              |         |       |         |          | 
     | picorv32_core_genblk1.pcpi_mul_mul_2371_47_cdnfadd | CI v -> CO v | ADDFX1  | 0.033 |   1.537 |    2.931 | 
     | 34                                                 |              |         |       |         |          | 
     | picorv32_core_genblk1.pcpi_mul_mul_2371_47_cdnfadd | CI v -> CO v | ADDFX1  | 0.034 |   1.570 |    2.965 | 
     | 35                                                 |              |         |       |         |          | 
     | picorv32_core_genblk1.pcpi_mul_mul_2371_47_cdnfadd | CI v -> CO v | ADDFX1  | 0.034 |   1.604 |    2.999 | 
     | 36                                                 |              |         |       |         |          | 
     | picorv32_core_genblk1.pcpi_mul_mul_2371_47_cdnfadd | CI v -> CO v | ADDFX1  | 0.033 |   1.638 |    3.032 | 
     | 37                                                 |              |         |       |         |          | 
     | picorv32_core_genblk1.pcpi_mul_mul_2371_47_cdnfadd | CI v -> CO v | ADDFX1  | 0.033 |   1.671 |    3.066 | 
     | 38                                                 |              |         |       |         |          | 
     | picorv32_core_genblk1.pcpi_mul_mul_2371_47_cdnfadd | CI v -> CO v | ADDFX1  | 0.033 |   1.704 |    3.099 | 
     | 39                                                 |              |         |       |         |          | 
     | picorv32_core_genblk1.pcpi_mul_mul_2371_47_cdnfadd | CI v -> CO v | ADDFX1  | 0.034 |   1.738 |    3.133 | 
     | 40                                                 |              |         |       |         |          | 
     | picorv32_core_genblk1.pcpi_mul_mul_2371_47_cdnfadd | CI v -> CO v | ADDFX1  | 0.034 |   1.772 |    3.167 | 
     | 41                                                 |              |         |       |         |          | 
     | picorv32_core_genblk1.pcpi_mul_mul_2371_47_cdnfadd | CI v -> CO v | ADDFX1  | 0.033 |   1.806 |    3.200 | 
     | 42                                                 |              |         |       |         |          | 
     | picorv32_core_genblk1.pcpi_mul_mul_2371_47_cdnfadd | CI v -> CO v | ADDFX1  | 0.035 |   1.841 |    3.235 | 
     | 43                                                 |              |         |       |         |          | 
     | picorv32_core_genblk1.pcpi_mul_mul_2371_47_cdnfadd | CI v -> CO v | ADDFX1  | 0.039 |   1.879 |    3.274 | 
     | 44                                                 |              |         |       |         |          | 
     | picorv32_core_genblk1.pcpi_mul_mul_2371_47_cdnfadd | CI v -> CO v | ADDFX1  | 0.036 |   1.916 |    3.310 | 
     | 45                                                 |              |         |       |         |          | 
     | picorv32_core_genblk1.pcpi_mul_mul_2371_47_cdnfadd | CI v -> CO v | ADDFX1  | 0.036 |   1.951 |    3.346 | 
     | 46                                                 |              |         |       |         |          | 
     | picorv32_core_genblk1.pcpi_mul_mul_2371_47_cdnfadd | CI v -> CO v | ADDFX1  | 0.038 |   1.990 |    3.384 | 
     | 47                                                 |              |         |       |         |          | 
     | picorv32_core_genblk1.pcpi_mul_mul_2371_47_cdnfadd | CI v -> CO v | ADDFX1  | 0.038 |   2.028 |    3.423 | 
     | 48                                                 |              |         |       |         |          | 
     | picorv32_core_genblk1.pcpi_mul_mul_2371_47_cdnfadd | CI v -> CO v | ADDFX1  | 0.035 |   2.063 |    3.458 | 
     | 49                                                 |              |         |       |         |          | 
     | picorv32_core_genblk1.pcpi_mul_mul_2371_47_cdnfadd | CI v -> CO v | ADDFX1  | 0.034 |   2.097 |    3.492 | 
     | 50                                                 |              |         |       |         |          | 
     | picorv32_core_genblk1.pcpi_mul_mul_2371_47_cdnfadd | CI v -> CO v | ADDFX1  | 0.034 |   2.131 |    3.526 | 
     | 51                                                 |              |         |       |         |          | 
     | picorv32_core_genblk1.pcpi_mul_mul_2371_47_cdnfadd | CI v -> CO v | ADDFX1  | 0.034 |   2.165 |    3.560 | 
     | 52                                                 |              |         |       |         |          | 
     | picorv32_core_genblk1.pcpi_mul_mul_2371_47_cdnfadd | CI v -> CO v | ADDFX1  | 0.033 |   2.199 |    3.594 | 
     | 53                                                 |              |         |       |         |          | 
     | picorv32_core_genblk1.pcpi_mul_mul_2371_47_cdnfadd | CI v -> CO v | ADDFX1  | 0.035 |   2.234 |    3.628 | 
     | 54                                                 |              |         |       |         |          | 
     | picorv32_core_genblk1.pcpi_mul_mul_2371_47_cdnfadd | CI v -> CO v | ADDFX1  | 0.034 |   2.268 |    3.662 | 
     | 55                                                 |              |         |       |         |          | 
     | picorv32_core_genblk1.pcpi_mul_mul_2371_47_cdnfadd | CI v -> CO v | ADDFX1  | 0.035 |   2.303 |    3.697 | 
     | 56                                                 |              |         |       |         |          | 
     | picorv32_core_genblk1.pcpi_mul_mul_2371_47_cdnfadd | CI v -> CO v | ADDFX1  | 0.034 |   2.336 |    3.731 | 
     | 57                                                 |              |         |       |         |          | 
     | picorv32_core_genblk1.pcpi_mul_mul_2371_47_cdnfadd | CI v -> CO v | ADDFX1  | 0.033 |   2.370 |    3.764 | 
     | 58                                                 |              |         |       |         |          | 
     | picorv32_core_genblk1.pcpi_mul_mul_2371_47_cdnfadd | CI v -> CO v | ADDFX1  | 0.034 |   2.404 |    3.799 | 
     | 59                                                 |              |         |       |         |          | 
     | picorv32_core_genblk1.pcpi_mul_mul_2371_47_cdnfadd | CI v -> CO v | ADDFX1  | 0.034 |   2.438 |    3.833 | 
     | 60                                                 |              |         |       |         |          | 
     | picorv32_core_genblk1.pcpi_mul_mul_2371_47_cdnfadd | CI v -> CO v | ADDFX1  | 0.034 |   2.472 |    3.866 | 
     | 61                                                 |              |         |       |         |          | 
     | picorv32_core_genblk1.pcpi_mul_mul_2371_47_cdnfadd | CI v -> CO v | ADDFX1  | 0.033 |   2.505 |    3.900 | 
     | 62                                                 |              |         |       |         |          | 
     | picorv32_core_genblk1.pcpi_mul_mul_2371_47_g14138  | CI v -> S ^  | ADDFX1  | 0.055 |   2.560 |    3.955 | 
     | picorv32_core_genblk1.pcpi_mul_rd_reg[63]          | D ^          | SDFFQX1 | 0.000 |   2.561 |    3.955 | 
     +----------------------------------------------------------------------------------------------------------+ 
Path 2: MET Setup Check with Pin picorv32_core_genblk1.pcpi_mul_rd_reg[62]/CK 
Endpoint:   picorv32_core_genblk1.pcpi_mul_rd_reg[62]/D (^) checked with  
leading edge of 'clk'
Beginpoint: picorv32_core_genblk1.pcpi_mul_rs2_reg[5]/Q (^) triggered by  
leading edge of 'clk'
Path Groups: {reg2reg}
Analysis View: analysis1
Other End Arrival Time          0.002
- Setup                         0.025
+ Phase Shift                   4.000
- Uncertainty                   0.020
= Required Time                 3.957
- Arrival Time                  2.519
= Slack Time                    1.438
     Clock Rise Edge                 0.000
     + Clock Network Latency (Prop)  0.004
     = Beginpoint Arrival Time       0.004
     +----------------------------------------------------------------------------------------------------------+ 
     |                      Instance                      |     Arc      |  Cell   | Delay | Arrival | Required | 
     |                                                    |              |         |       |  Time   |   Time   | 
     |----------------------------------------------------+--------------+---------+-------+---------+----------| 
     | picorv32_core_genblk1.pcpi_mul_rs2_reg[5]          | CK ^         |         |       |   0.004 |    1.442 | 
     | picorv32_core_genblk1.pcpi_mul_rs2_reg[5]          | CK ^ -> Q ^  | SDFFQX1 | 0.126 |   0.131 |    1.569 | 
     | picorv32_core_genblk1.pcpi_mul_mul_2371_47_g14113  | A ^ -> Y v   | INVX1   | 0.049 |   0.179 |    1.617 | 
     | picorv32_core_genblk1.pcpi_mul_mul_2371_47_g13989  | B v -> Y ^   | XNOR2X1 | 0.031 |   0.210 |    1.648 | 
     | picorv32_core_genblk1.pcpi_mul_mul_2371_47_g13897  | A ^ -> Y ^   | OR2X1   | 0.091 |   0.301 |    1.739 | 
     | picorv32_core_genblk1.pcpi_mul_mul_2371_47_g13890  | A ^ -> Y v   | INVX1   | 0.056 |   0.356 |    1.794 | 
     | picorv32_core_genblk1.pcpi_mul_mul_2371_47_g13740  | A1 v -> Y ^  | OAI21X1 | 0.029 |   0.386 |    1.824 | 
     | picorv32_core_genblk1.pcpi_mul_mul_2371_47_g13495  | B ^ -> Y ^   | XNOR2X1 | 0.025 |   0.410 |    1.848 | 
     | picorv32_core_genblk1.pcpi_mul_mul_2371_47_g13440  | B ^ -> S v   | ADDHX1  | 0.031 |   0.441 |    1.879 | 
     | picorv32_core_genblk1.pcpi_mul_mul_2371_47_cdnfadd | A v -> CO v  | ADDFX1  | 0.035 |   0.476 |    1.914 | 
     | 3                                                  |              |         |       |         |          | 
     | picorv32_core_genblk1.pcpi_mul_mul_2371_47_cdnfadd | CI v -> CO v | ADDFX1  | 0.033 |   0.510 |    1.948 | 
     | 4                                                  |              |         |       |         |          | 
     | picorv32_core_genblk1.pcpi_mul_mul_2371_47_cdnfadd | CI v -> CO v | ADDFX1  | 0.034 |   0.543 |    1.981 | 
     | 5                                                  |              |         |       |         |          | 
     | picorv32_core_genblk1.pcpi_mul_mul_2371_47_cdnfadd | CI v -> CO v | ADDFX1  | 0.034 |   0.578 |    2.016 | 
     | 6                                                  |              |         |       |         |          | 
     | picorv32_core_genblk1.pcpi_mul_mul_2371_47_cdnfadd | CI v -> CO v | ADDFX1  | 0.034 |   0.612 |    2.050 | 
     | 7                                                  |              |         |       |         |          | 
     | picorv32_core_genblk1.pcpi_mul_mul_2371_47_cdnfadd | CI v -> CO v | ADDFX1  | 0.034 |   0.645 |    2.083 | 
     | 8                                                  |              |         |       |         |          | 
     | picorv32_core_genblk1.pcpi_mul_mul_2371_47_cdnfadd | CI v -> CO v | ADDFX1  | 0.034 |   0.680 |    2.118 | 
     | 9                                                  |              |         |       |         |          | 
     | picorv32_core_genblk1.pcpi_mul_mul_2371_47_cdnfadd | CI v -> CO v | ADDFX1  | 0.035 |   0.715 |    2.153 | 
     | 10                                                 |              |         |       |         |          | 
     | picorv32_core_genblk1.pcpi_mul_mul_2371_47_cdnfadd | CI v -> CO v | ADDFX1  | 0.034 |   0.749 |    2.187 | 
     | 11                                                 |              |         |       |         |          | 
     | picorv32_core_genblk1.pcpi_mul_mul_2371_47_cdnfadd | CI v -> CO v | ADDFX1  | 0.035 |   0.784 |    2.222 | 
     | 12                                                 |              |         |       |         |          | 
     | picorv32_core_genblk1.pcpi_mul_mul_2371_47_cdnfadd | CI v -> CO v | ADDFX1  | 0.035 |   0.819 |    2.257 | 
     | 13                                                 |              |         |       |         |          | 
     | picorv32_core_genblk1.pcpi_mul_mul_2371_47_cdnfadd | CI v -> CO v | ADDFX1  | 0.033 |   0.852 |    2.290 | 
     | 14                                                 |              |         |       |         |          | 
     | picorv32_core_genblk1.pcpi_mul_mul_2371_47_cdnfadd | CI v -> CO v | ADDFX1  | 0.034 |   0.886 |    2.324 | 
     | 15                                                 |              |         |       |         |          | 
     | picorv32_core_genblk1.pcpi_mul_mul_2371_47_cdnfadd | CI v -> CO v | ADDFX1  | 0.034 |   0.920 |    2.358 | 
     | 16                                                 |              |         |       |         |          | 
     | picorv32_core_genblk1.pcpi_mul_mul_2371_47_cdnfadd | CI v -> CO v | ADDFX1  | 0.034 |   0.954 |    2.392 | 
     | 17                                                 |              |         |       |         |          | 
     | picorv32_core_genblk1.pcpi_mul_mul_2371_47_cdnfadd | CI v -> CO v | ADDFX1  | 0.034 |   0.988 |    2.426 | 
     | 18                                                 |              |         |       |         |          | 
     | picorv32_core_genblk1.pcpi_mul_mul_2371_47_cdnfadd | CI v -> CO v | ADDFX1  | 0.034 |   1.022 |    2.460 | 
     | 19                                                 |              |         |       |         |          | 
     | picorv32_core_genblk1.pcpi_mul_mul_2371_47_cdnfadd | CI v -> CO v | ADDFX1  | 0.034 |   1.056 |    2.494 | 
     | 20                                                 |              |         |       |         |          | 
     | picorv32_core_genblk1.pcpi_mul_mul_2371_47_cdnfadd | CI v -> CO v | ADDFX1  | 0.034 |   1.090 |    2.528 | 
     | 21                                                 |              |         |       |         |          | 
     | picorv32_core_genblk1.pcpi_mul_mul_2371_47_cdnfadd | CI v -> CO v | ADDFX1  | 0.035 |   1.125 |    2.563 | 
     | 22                                                 |              |         |       |         |          | 
     | picorv32_core_genblk1.pcpi_mul_mul_2371_47_cdnfadd | CI v -> CO v | ADDFX1  | 0.039 |   1.163 |    2.601 | 
     | 23                                                 |              |         |       |         |          | 
     | picorv32_core_genblk1.pcpi_mul_mul_2371_47_cdnfadd | CI v -> CO v | ADDFX1  | 0.035 |   1.199 |    2.637 | 
     | 24                                                 |              |         |       |         |          | 
     | picorv32_core_genblk1.pcpi_mul_mul_2371_47_cdnfadd | CI v -> CO v | ADDFX1  | 0.033 |   1.232 |    2.670 | 
     | 25                                                 |              |         |       |         |          | 
     | picorv32_core_genblk1.pcpi_mul_mul_2371_47_cdnfadd | CI v -> CO v | ADDFX1  | 0.033 |   1.265 |    2.703 | 
     | 26                                                 |              |         |       |         |          | 
     | picorv32_core_genblk1.pcpi_mul_mul_2371_47_cdnfadd | CI v -> CO v | ADDFX1  | 0.033 |   1.299 |    2.737 | 
     | 27                                                 |              |         |       |         |          | 
     | picorv32_core_genblk1.pcpi_mul_mul_2371_47_cdnfadd | CI v -> CO v | ADDFX1  | 0.033 |   1.332 |    2.770 | 
     | 28                                                 |              |         |       |         |          | 
     | picorv32_core_genblk1.pcpi_mul_mul_2371_47_cdnfadd | CI v -> CO v | ADDFX1  | 0.033 |   1.365 |    2.803 | 
     | 29                                                 |              |         |       |         |          | 
     | picorv32_core_genblk1.pcpi_mul_mul_2371_47_cdnfadd | CI v -> CO v | ADDFX1  | 0.033 |   1.398 |    2.836 | 
     | 30                                                 |              |         |       |         |          | 
     | picorv32_core_genblk1.pcpi_mul_mul_2371_47_cdnfadd | CI v -> CO v | ADDFX1  | 0.036 |   1.434 |    2.872 | 
     | 31                                                 |              |         |       |         |          | 
     | picorv32_core_genblk1.pcpi_mul_mul_2371_47_cdnfadd | CI v -> CO v | ADDFX1  | 0.036 |   1.470 |    2.908 | 
     | 32                                                 |              |         |       |         |          | 
     | picorv32_core_genblk1.pcpi_mul_mul_2371_47_cdnfadd | CI v -> CO v | ADDFX1  | 0.034 |   1.504 |    2.942 | 
     | 33                                                 |              |         |       |         |          | 
     | picorv32_core_genblk1.pcpi_mul_mul_2371_47_cdnfadd | CI v -> CO v | ADDFX1  | 0.033 |   1.537 |    2.975 | 
     | 34                                                 |              |         |       |         |          | 
     | picorv32_core_genblk1.pcpi_mul_mul_2371_47_cdnfadd | CI v -> CO v | ADDFX1  | 0.034 |   1.570 |    3.008 | 
     | 35                                                 |              |         |       |         |          | 
     | picorv32_core_genblk1.pcpi_mul_mul_2371_47_cdnfadd | CI v -> CO v | ADDFX1  | 0.034 |   1.604 |    3.042 | 
     | 36                                                 |              |         |       |         |          | 
     | picorv32_core_genblk1.pcpi_mul_mul_2371_47_cdnfadd | CI v -> CO v | ADDFX1  | 0.033 |   1.638 |    3.076 | 
     | 37                                                 |              |         |       |         |          | 
     | picorv32_core_genblk1.pcpi_mul_mul_2371_47_cdnfadd | CI v -> CO v | ADDFX1  | 0.033 |   1.671 |    3.109 | 
     | 38                                                 |              |         |       |         |          | 
     | picorv32_core_genblk1.pcpi_mul_mul_2371_47_cdnfadd | CI v -> CO v | ADDFX1  | 0.033 |   1.704 |    3.142 | 
     | 39                                                 |              |         |       |         |          | 
     | picorv32_core_genblk1.pcpi_mul_mul_2371_47_cdnfadd | CI v -> CO v | ADDFX1  | 0.034 |   1.738 |    3.176 | 
     | 40                                                 |              |         |       |         |          | 
     | picorv32_core_genblk1.pcpi_mul_mul_2371_47_cdnfadd | CI v -> CO v | ADDFX1  | 0.034 |   1.772 |    3.210 | 
     | 41                                                 |              |         |       |         |          | 
     | picorv32_core_genblk1.pcpi_mul_mul_2371_47_cdnfadd | CI v -> CO v | ADDFX1  | 0.033 |   1.806 |    3.244 | 
     | 42                                                 |              |         |       |         |          | 
     | picorv32_core_genblk1.pcpi_mul_mul_2371_47_cdnfadd | CI v -> CO v | ADDFX1  | 0.035 |   1.841 |    3.279 | 
     | 43                                                 |              |         |       |         |          | 
     | picorv32_core_genblk1.pcpi_mul_mul_2371_47_cdnfadd | CI v -> CO v | ADDFX1  | 0.039 |   1.879 |    3.317 | 
     | 44                                                 |              |         |       |         |          | 
     | picorv32_core_genblk1.pcpi_mul_mul_2371_47_cdnfadd | CI v -> CO v | ADDFX1  | 0.036 |   1.916 |    3.354 | 
     | 45                                                 |              |         |       |         |          | 
     | picorv32_core_genblk1.pcpi_mul_mul_2371_47_cdnfadd | CI v -> CO v | ADDFX1  | 0.036 |   1.951 |    3.389 | 
     | 46                                                 |              |         |       |         |          | 
     | picorv32_core_genblk1.pcpi_mul_mul_2371_47_cdnfadd | CI v -> CO v | ADDFX1  | 0.038 |   1.990 |    3.428 | 
     | 47                                                 |              |         |       |         |          | 
     | picorv32_core_genblk1.pcpi_mul_mul_2371_47_cdnfadd | CI v -> CO v | ADDFX1  | 0.038 |   2.028 |    3.466 | 
     | 48                                                 |              |         |       |         |          | 
     | picorv32_core_genblk1.pcpi_mul_mul_2371_47_cdnfadd | CI v -> CO v | ADDFX1  | 0.035 |   2.063 |    3.501 | 
     | 49                                                 |              |         |       |         |          | 
     | picorv32_core_genblk1.pcpi_mul_mul_2371_47_cdnfadd | CI v -> CO v | ADDFX1  | 0.034 |   2.097 |    3.535 | 
     | 50                                                 |              |         |       |         |          | 
     | picorv32_core_genblk1.pcpi_mul_mul_2371_47_cdnfadd | CI v -> CO v | ADDFX1  | 0.034 |   2.131 |    3.569 | 
     | 51                                                 |              |         |       |         |          | 
     | picorv32_core_genblk1.pcpi_mul_mul_2371_47_cdnfadd | CI v -> CO v | ADDFX1  | 0.034 |   2.165 |    3.603 | 
     | 52                                                 |              |         |       |         |          | 
     | picorv32_core_genblk1.pcpi_mul_mul_2371_47_cdnfadd | CI v -> CO v | ADDFX1  | 0.033 |   2.199 |    3.637 | 
     | 53                                                 |              |         |       |         |          | 
     | picorv32_core_genblk1.pcpi_mul_mul_2371_47_cdnfadd | CI v -> CO v | ADDFX1  | 0.035 |   2.234 |    3.672 | 
     | 54                                                 |              |         |       |         |          | 
     | picorv32_core_genblk1.pcpi_mul_mul_2371_47_cdnfadd | CI v -> CO v | ADDFX1  | 0.034 |   2.268 |    3.706 | 
     | 55                                                 |              |         |       |         |          | 
     | picorv32_core_genblk1.pcpi_mul_mul_2371_47_cdnfadd | CI v -> CO v | ADDFX1  | 0.035 |   2.303 |    3.741 | 
     | 56                                                 |              |         |       |         |          | 
     | picorv32_core_genblk1.pcpi_mul_mul_2371_47_cdnfadd | CI v -> CO v | ADDFX1  | 0.034 |   2.336 |    3.774 | 
     | 57                                                 |              |         |       |         |          | 
     | picorv32_core_genblk1.pcpi_mul_mul_2371_47_cdnfadd | CI v -> CO v | ADDFX1  | 0.033 |   2.370 |    3.808 | 
     | 58                                                 |              |         |       |         |          | 
     | picorv32_core_genblk1.pcpi_mul_mul_2371_47_cdnfadd | CI v -> CO v | ADDFX1  | 0.034 |   2.404 |    3.842 | 
     | 59                                                 |              |         |       |         |          | 
     | picorv32_core_genblk1.pcpi_mul_mul_2371_47_cdnfadd | CI v -> CO v | ADDFX1  | 0.034 |   2.438 |    3.876 | 
     | 60                                                 |              |         |       |         |          | 
     | picorv32_core_genblk1.pcpi_mul_mul_2371_47_cdnfadd | CI v -> CO v | ADDFX1  | 0.034 |   2.472 |    3.910 | 
     | 61                                                 |              |         |       |         |          | 
     | picorv32_core_genblk1.pcpi_mul_mul_2371_47_cdnfadd | CI v -> S ^  | ADDFX1  | 0.048 |   2.519 |    3.957 | 
     | 62                                                 |              |         |       |         |          | 
     | picorv32_core_genblk1.pcpi_mul_rd_reg[62]          | D ^          | SDFFQX1 | 0.000 |   2.519 |    3.957 | 
     +----------------------------------------------------------------------------------------------------------+ 
Path 3: MET Setup Check with Pin picorv32_core_genblk1.pcpi_mul_rd_reg[61]/CK 
Endpoint:   picorv32_core_genblk1.pcpi_mul_rd_reg[61]/D (^) checked with  
leading edge of 'clk'
Beginpoint: picorv32_core_genblk1.pcpi_mul_rs2_reg[5]/Q (^) triggered by  
leading edge of 'clk'
Path Groups: {reg2reg}
Analysis View: analysis1
Other End Arrival Time          0.003
- Setup                         0.026
+ Phase Shift                   4.000
- Uncertainty                   0.020
= Required Time                 3.957
- Arrival Time                  2.488
= Slack Time                    1.469
     Clock Rise Edge                 0.000
     + Clock Network Latency (Prop)  0.004
     = Beginpoint Arrival Time       0.004
     +----------------------------------------------------------------------------------------------------------+ 
     |                      Instance                      |     Arc      |  Cell   | Delay | Arrival | Required | 
     |                                                    |              |         |       |  Time   |   Time   | 
     |----------------------------------------------------+--------------+---------+-------+---------+----------| 
     | picorv32_core_genblk1.pcpi_mul_rs2_reg[5]          | CK ^         |         |       |   0.004 |    1.473 | 
     | picorv32_core_genblk1.pcpi_mul_rs2_reg[5]          | CK ^ -> Q ^  | SDFFQX1 | 0.126 |   0.131 |    1.600 | 
     | picorv32_core_genblk1.pcpi_mul_mul_2371_47_g14113  | A ^ -> Y v   | INVX1   | 0.049 |   0.179 |    1.648 | 
     | picorv32_core_genblk1.pcpi_mul_mul_2371_47_g13989  | B v -> Y ^   | XNOR2X1 | 0.031 |   0.210 |    1.679 | 
     | picorv32_core_genblk1.pcpi_mul_mul_2371_47_g13897  | A ^ -> Y ^   | OR2X1   | 0.091 |   0.301 |    1.770 | 
     | picorv32_core_genblk1.pcpi_mul_mul_2371_47_g13890  | A ^ -> Y v   | INVX1   | 0.056 |   0.356 |    1.825 | 
     | picorv32_core_genblk1.pcpi_mul_mul_2371_47_g13740  | A1 v -> Y ^  | OAI21X1 | 0.029 |   0.386 |    1.855 | 
     | picorv32_core_genblk1.pcpi_mul_mul_2371_47_g13495  | B ^ -> Y ^   | XNOR2X1 | 0.025 |   0.410 |    1.879 | 
     | picorv32_core_genblk1.pcpi_mul_mul_2371_47_g13440  | B ^ -> S v   | ADDHX1  | 0.031 |   0.441 |    1.910 | 
     | picorv32_core_genblk1.pcpi_mul_mul_2371_47_cdnfadd | A v -> CO v  | ADDFX1  | 0.035 |   0.476 |    1.945 | 
     | 3                                                  |              |         |       |         |          | 
     | picorv32_core_genblk1.pcpi_mul_mul_2371_47_cdnfadd | CI v -> CO v | ADDFX1  | 0.033 |   0.510 |    1.979 | 
     | 4                                                  |              |         |       |         |          | 
     | picorv32_core_genblk1.pcpi_mul_mul_2371_47_cdnfadd | CI v -> CO v | ADDFX1  | 0.034 |   0.543 |    2.012 | 
     | 5                                                  |              |         |       |         |          | 
     | picorv32_core_genblk1.pcpi_mul_mul_2371_47_cdnfadd | CI v -> CO v | ADDFX1  | 0.034 |   0.578 |    2.047 | 
     | 6                                                  |              |         |       |         |          | 
     | picorv32_core_genblk1.pcpi_mul_mul_2371_47_cdnfadd | CI v -> CO v | ADDFX1  | 0.034 |   0.612 |    2.081 | 
     | 7                                                  |              |         |       |         |          | 
     | picorv32_core_genblk1.pcpi_mul_mul_2371_47_cdnfadd | CI v -> CO v | ADDFX1  | 0.034 |   0.645 |    2.114 | 
     | 8                                                  |              |         |       |         |          | 
     | picorv32_core_genblk1.pcpi_mul_mul_2371_47_cdnfadd | CI v -> CO v | ADDFX1  | 0.034 |   0.680 |    2.149 | 
     | 9                                                  |              |         |       |         |          | 
     | picorv32_core_genblk1.pcpi_mul_mul_2371_47_cdnfadd | CI v -> CO v | ADDFX1  | 0.035 |   0.715 |    2.184 | 
     | 10                                                 |              |         |       |         |          | 
     | picorv32_core_genblk1.pcpi_mul_mul_2371_47_cdnfadd | CI v -> CO v | ADDFX1  | 0.034 |   0.749 |    2.218 | 
     | 11                                                 |              |         |       |         |          | 
     | picorv32_core_genblk1.pcpi_mul_mul_2371_47_cdnfadd | CI v -> CO v | ADDFX1  | 0.035 |   0.784 |    2.253 | 
     | 12                                                 |              |         |       |         |          | 
     | picorv32_core_genblk1.pcpi_mul_mul_2371_47_cdnfadd | CI v -> CO v | ADDFX1  | 0.035 |   0.819 |    2.288 | 
     | 13                                                 |              |         |       |         |          | 
     | picorv32_core_genblk1.pcpi_mul_mul_2371_47_cdnfadd | CI v -> CO v | ADDFX1  | 0.033 |   0.852 |    2.321 | 
     | 14                                                 |              |         |       |         |          | 
     | picorv32_core_genblk1.pcpi_mul_mul_2371_47_cdnfadd | CI v -> CO v | ADDFX1  | 0.034 |   0.886 |    2.355 | 
     | 15                                                 |              |         |       |         |          | 
     | picorv32_core_genblk1.pcpi_mul_mul_2371_47_cdnfadd | CI v -> CO v | ADDFX1  | 0.034 |   0.920 |    2.389 | 
     | 16                                                 |              |         |       |         |          | 
     | picorv32_core_genblk1.pcpi_mul_mul_2371_47_cdnfadd | CI v -> CO v | ADDFX1  | 0.034 |   0.954 |    2.423 | 
     | 17                                                 |              |         |       |         |          | 
     | picorv32_core_genblk1.pcpi_mul_mul_2371_47_cdnfadd | CI v -> CO v | ADDFX1  | 0.034 |   0.988 |    2.457 | 
     | 18                                                 |              |         |       |         |          | 
     | picorv32_core_genblk1.pcpi_mul_mul_2371_47_cdnfadd | CI v -> CO v | ADDFX1  | 0.034 |   1.022 |    2.491 | 
     | 19                                                 |              |         |       |         |          | 
     | picorv32_core_genblk1.pcpi_mul_mul_2371_47_cdnfadd | CI v -> CO v | ADDFX1  | 0.034 |   1.056 |    2.525 | 
     | 20                                                 |              |         |       |         |          | 
     | picorv32_core_genblk1.pcpi_mul_mul_2371_47_cdnfadd | CI v -> CO v | ADDFX1  | 0.034 |   1.090 |    2.559 | 
     | 21                                                 |              |         |       |         |          | 
     | picorv32_core_genblk1.pcpi_mul_mul_2371_47_cdnfadd | CI v -> CO v | ADDFX1  | 0.035 |   1.125 |    2.594 | 
     | 22                                                 |              |         |       |         |          | 
     | picorv32_core_genblk1.pcpi_mul_mul_2371_47_cdnfadd | CI v -> CO v | ADDFX1  | 0.039 |   1.163 |    2.632 | 
     | 23                                                 |              |         |       |         |          | 
     | picorv32_core_genblk1.pcpi_mul_mul_2371_47_cdnfadd | CI v -> CO v | ADDFX1  | 0.035 |   1.199 |    2.668 | 
     | 24                                                 |              |         |       |         |          | 
     | picorv32_core_genblk1.pcpi_mul_mul_2371_47_cdnfadd | CI v -> CO v | ADDFX1  | 0.033 |   1.232 |    2.701 | 
     | 25                                                 |              |         |       |         |          | 
     | picorv32_core_genblk1.pcpi_mul_mul_2371_47_cdnfadd | CI v -> CO v | ADDFX1  | 0.033 |   1.265 |    2.734 | 
     | 26                                                 |              |         |       |         |          | 
     | picorv32_core_genblk1.pcpi_mul_mul_2371_47_cdnfadd | CI v -> CO v | ADDFX1  | 0.033 |   1.299 |    2.768 | 
     | 27                                                 |              |         |       |         |          | 
     | picorv32_core_genblk1.pcpi_mul_mul_2371_47_cdnfadd | CI v -> CO v | ADDFX1  | 0.033 |   1.332 |    2.801 | 
     | 28                                                 |              |         |       |         |          | 
     | picorv32_core_genblk1.pcpi_mul_mul_2371_47_cdnfadd | CI v -> CO v | ADDFX1  | 0.033 |   1.365 |    2.834 | 
     | 29                                                 |              |         |       |         |          | 
     | picorv32_core_genblk1.pcpi_mul_mul_2371_47_cdnfadd | CI v -> CO v | ADDFX1  | 0.033 |   1.398 |    2.867 | 
     | 30                                                 |              |         |       |         |          | 
     | picorv32_core_genblk1.pcpi_mul_mul_2371_47_cdnfadd | CI v -> CO v | ADDFX1  | 0.036 |   1.434 |    2.903 | 
     | 31                                                 |              |         |       |         |          | 
     | picorv32_core_genblk1.pcpi_mul_mul_2371_47_cdnfadd | CI v -> CO v | ADDFX1  | 0.036 |   1.470 |    2.939 | 
     | 32                                                 |              |         |       |         |          | 
     | picorv32_core_genblk1.pcpi_mul_mul_2371_47_cdnfadd | CI v -> CO v | ADDFX1  | 0.034 |   1.504 |    2.973 | 
     | 33                                                 |              |         |       |         |          | 
     | picorv32_core_genblk1.pcpi_mul_mul_2371_47_cdnfadd | CI v -> CO v | ADDFX1  | 0.033 |   1.537 |    3.006 | 
     | 34                                                 |              |         |       |         |          | 
     | picorv32_core_genblk1.pcpi_mul_mul_2371_47_cdnfadd | CI v -> CO v | ADDFX1  | 0.034 |   1.570 |    3.039 | 
     | 35                                                 |              |         |       |         |          | 
     | picorv32_core_genblk1.pcpi_mul_mul_2371_47_cdnfadd | CI v -> CO v | ADDFX1  | 0.034 |   1.604 |    3.073 | 
     | 36                                                 |              |         |       |         |          | 
     | picorv32_core_genblk1.pcpi_mul_mul_2371_47_cdnfadd | CI v -> CO v | ADDFX1  | 0.033 |   1.638 |    3.107 | 
     | 37                                                 |              |         |       |         |          | 
     | picorv32_core_genblk1.pcpi_mul_mul_2371_47_cdnfadd | CI v -> CO v | ADDFX1  | 0.033 |   1.671 |    3.140 | 
     | 38                                                 |              |         |       |         |          | 
     | picorv32_core_genblk1.pcpi_mul_mul_2371_47_cdnfadd | CI v -> CO v | ADDFX1  | 0.033 |   1.704 |    3.173 | 
     | 39                                                 |              |         |       |         |          | 
     | picorv32_core_genblk1.pcpi_mul_mul_2371_47_cdnfadd | CI v -> CO v | ADDFX1  | 0.034 |   1.738 |    3.207 | 
     | 40                                                 |              |         |       |         |          | 
     | picorv32_core_genblk1.pcpi_mul_mul_2371_47_cdnfadd | CI v -> CO v | ADDFX1  | 0.034 |   1.772 |    3.241 | 
     | 41                                                 |              |         |       |         |          | 
     | picorv32_core_genblk1.pcpi_mul_mul_2371_47_cdnfadd | CI v -> CO v | ADDFX1  | 0.033 |   1.806 |    3.275 | 
     | 42                                                 |              |         |       |         |          | 
     | picorv32_core_genblk1.pcpi_mul_mul_2371_47_cdnfadd | CI v -> CO v | ADDFX1  | 0.035 |   1.841 |    3.310 | 
     | 43                                                 |              |         |       |         |          | 
     | picorv32_core_genblk1.pcpi_mul_mul_2371_47_cdnfadd | CI v -> CO v | ADDFX1  | 0.039 |   1.879 |    3.348 | 
     | 44                                                 |              |         |       |         |          | 
     | picorv32_core_genblk1.pcpi_mul_mul_2371_47_cdnfadd | CI v -> CO v | ADDFX1  | 0.036 |   1.916 |    3.385 | 
     | 45                                                 |              |         |       |         |          | 
     | picorv32_core_genblk1.pcpi_mul_mul_2371_47_cdnfadd | CI v -> CO v | ADDFX1  | 0.036 |   1.951 |    3.420 | 
     | 46                                                 |              |         |       |         |          | 
     | picorv32_core_genblk1.pcpi_mul_mul_2371_47_cdnfadd | CI v -> CO v | ADDFX1  | 0.038 |   1.990 |    3.459 | 
     | 47                                                 |              |         |       |         |          | 
     | picorv32_core_genblk1.pcpi_mul_mul_2371_47_cdnfadd | CI v -> CO v | ADDFX1  | 0.038 |   2.028 |    3.497 | 
     | 48                                                 |              |         |       |         |          | 
     | picorv32_core_genblk1.pcpi_mul_mul_2371_47_cdnfadd | CI v -> CO v | ADDFX1  | 0.035 |   2.063 |    3.532 | 
     | 49                                                 |              |         |       |         |          | 
     | picorv32_core_genblk1.pcpi_mul_mul_2371_47_cdnfadd | CI v -> CO v | ADDFX1  | 0.034 |   2.097 |    3.566 | 
     | 50                                                 |              |         |       |         |          | 
     | picorv32_core_genblk1.pcpi_mul_mul_2371_47_cdnfadd | CI v -> CO v | ADDFX1  | 0.034 |   2.131 |    3.600 | 
     | 51                                                 |              |         |       |         |          | 
     | picorv32_core_genblk1.pcpi_mul_mul_2371_47_cdnfadd | CI v -> CO v | ADDFX1  | 0.034 |   2.165 |    3.634 | 
     | 52                                                 |              |         |       |         |          | 
     | picorv32_core_genblk1.pcpi_mul_mul_2371_47_cdnfadd | CI v -> CO v | ADDFX1  | 0.033 |   2.199 |    3.668 | 
     | 53                                                 |              |         |       |         |          | 
     | picorv32_core_genblk1.pcpi_mul_mul_2371_47_cdnfadd | CI v -> CO v | ADDFX1  | 0.035 |   2.234 |    3.703 | 
     | 54                                                 |              |         |       |         |          | 
     | picorv32_core_genblk1.pcpi_mul_mul_2371_47_cdnfadd | CI v -> CO v | ADDFX1  | 0.034 |   2.268 |    3.737 | 
     | 55                                                 |              |         |       |         |          | 
     | picorv32_core_genblk1.pcpi_mul_mul_2371_47_cdnfadd | CI v -> CO v | ADDFX1  | 0.035 |   2.303 |    3.772 | 
     | 56                                                 |              |         |       |         |          | 
     | picorv32_core_genblk1.pcpi_mul_mul_2371_47_cdnfadd | CI v -> CO v | ADDFX1  | 0.034 |   2.336 |    3.805 | 
     | 57                                                 |              |         |       |         |          | 
     | picorv32_core_genblk1.pcpi_mul_mul_2371_47_cdnfadd | CI v -> CO v | ADDFX1  | 0.033 |   2.370 |    3.839 | 
     | 58                                                 |              |         |       |         |          | 
     | picorv32_core_genblk1.pcpi_mul_mul_2371_47_cdnfadd | CI v -> CO v | ADDFX1  | 0.034 |   2.404 |    3.873 | 
     | 59                                                 |              |         |       |         |          | 
     | picorv32_core_genblk1.pcpi_mul_mul_2371_47_cdnfadd | CI v -> CO v | ADDFX1  | 0.034 |   2.438 |    3.907 | 
     | 60                                                 |              |         |       |         |          | 
     | picorv32_core_genblk1.pcpi_mul_mul_2371_47_cdnfadd | CI v -> S ^  | ADDFX1  | 0.050 |   2.488 |    3.957 | 
     | 61                                                 |              |         |       |         |          | 
     | picorv32_core_genblk1.pcpi_mul_rd_reg[61]          | D ^          | SDFFQX1 | 0.000 |   2.488 |    3.957 | 
     +----------------------------------------------------------------------------------------------------------+ 
Path 4: MET Setup Check with Pin picorv32_core_genblk1.pcpi_mul_rd_reg[60]/CK 
Endpoint:   picorv32_core_genblk1.pcpi_mul_rd_reg[60]/D (^) checked with  
leading edge of 'clk'
Beginpoint: picorv32_core_genblk1.pcpi_mul_rs2_reg[5]/Q (^) triggered by  
leading edge of 'clk'
Path Groups: {reg2reg}
Analysis View: analysis1
Other End Arrival Time          0.002
- Setup                         0.025
+ Phase Shift                   4.000
- Uncertainty                   0.020
= Required Time                 3.957
- Arrival Time                  2.453
= Slack Time                    1.504
     Clock Rise Edge                 0.000
     + Clock Network Latency (Prop)  0.004
     = Beginpoint Arrival Time       0.004
     +----------------------------------------------------------------------------------------------------------+ 
     |                      Instance                      |     Arc      |  Cell   | Delay | Arrival | Required | 
     |                                                    |              |         |       |  Time   |   Time   | 
     |----------------------------------------------------+--------------+---------+-------+---------+----------| 
     | picorv32_core_genblk1.pcpi_mul_rs2_reg[5]          | CK ^         |         |       |   0.004 |    1.508 | 
     | picorv32_core_genblk1.pcpi_mul_rs2_reg[5]          | CK ^ -> Q ^  | SDFFQX1 | 0.126 |   0.131 |    1.635 | 
     | picorv32_core_genblk1.pcpi_mul_mul_2371_47_g14113  | A ^ -> Y v   | INVX1   | 0.049 |   0.179 |    1.683 | 
     | picorv32_core_genblk1.pcpi_mul_mul_2371_47_g13989  | B v -> Y ^   | XNOR2X1 | 0.031 |   0.210 |    1.714 | 
     | picorv32_core_genblk1.pcpi_mul_mul_2371_47_g13897  | A ^ -> Y ^   | OR2X1   | 0.091 |   0.301 |    1.805 | 
     | picorv32_core_genblk1.pcpi_mul_mul_2371_47_g13890  | A ^ -> Y v   | INVX1   | 0.056 |   0.356 |    1.860 | 
     | picorv32_core_genblk1.pcpi_mul_mul_2371_47_g13740  | A1 v -> Y ^  | OAI21X1 | 0.029 |   0.386 |    1.890 | 
     | picorv32_core_genblk1.pcpi_mul_mul_2371_47_g13495  | B ^ -> Y ^   | XNOR2X1 | 0.025 |   0.410 |    1.914 | 
     | picorv32_core_genblk1.pcpi_mul_mul_2371_47_g13440  | B ^ -> S v   | ADDHX1  | 0.031 |   0.441 |    1.945 | 
     | picorv32_core_genblk1.pcpi_mul_mul_2371_47_cdnfadd | A v -> CO v  | ADDFX1  | 0.035 |   0.476 |    1.980 | 
     | 3                                                  |              |         |       |         |          | 
     | picorv32_core_genblk1.pcpi_mul_mul_2371_47_cdnfadd | CI v -> CO v | ADDFX1  | 0.033 |   0.510 |    2.014 | 
     | 4                                                  |              |         |       |         |          | 
     | picorv32_core_genblk1.pcpi_mul_mul_2371_47_cdnfadd | CI v -> CO v | ADDFX1  | 0.034 |   0.543 |    2.047 | 
     | 5                                                  |              |         |       |         |          | 
     | picorv32_core_genblk1.pcpi_mul_mul_2371_47_cdnfadd | CI v -> CO v | ADDFX1  | 0.034 |   0.578 |    2.082 | 
     | 6                                                  |              |         |       |         |          | 
     | picorv32_core_genblk1.pcpi_mul_mul_2371_47_cdnfadd | CI v -> CO v | ADDFX1  | 0.034 |   0.612 |    2.116 | 
     | 7                                                  |              |         |       |         |          | 
     | picorv32_core_genblk1.pcpi_mul_mul_2371_47_cdnfadd | CI v -> CO v | ADDFX1  | 0.034 |   0.645 |    2.149 | 
     | 8                                                  |              |         |       |         |          | 
     | picorv32_core_genblk1.pcpi_mul_mul_2371_47_cdnfadd | CI v -> CO v | ADDFX1  | 0.034 |   0.680 |    2.183 | 
     | 9                                                  |              |         |       |         |          | 
     | picorv32_core_genblk1.pcpi_mul_mul_2371_47_cdnfadd | CI v -> CO v | ADDFX1  | 0.035 |   0.715 |    2.219 | 
     | 10                                                 |              |         |       |         |          | 
     | picorv32_core_genblk1.pcpi_mul_mul_2371_47_cdnfadd | CI v -> CO v | ADDFX1  | 0.034 |   0.749 |    2.253 | 
     | 11                                                 |              |         |       |         |          | 
     | picorv32_core_genblk1.pcpi_mul_mul_2371_47_cdnfadd | CI v -> CO v | ADDFX1  | 0.035 |   0.784 |    2.288 | 
     | 12                                                 |              |         |       |         |          | 
     | picorv32_core_genblk1.pcpi_mul_mul_2371_47_cdnfadd | CI v -> CO v | ADDFX1  | 0.035 |   0.819 |    2.322 | 
     | 13                                                 |              |         |       |         |          | 
     | picorv32_core_genblk1.pcpi_mul_mul_2371_47_cdnfadd | CI v -> CO v | ADDFX1  | 0.033 |   0.852 |    2.356 | 
     | 14                                                 |              |         |       |         |          | 
     | picorv32_core_genblk1.pcpi_mul_mul_2371_47_cdnfadd | CI v -> CO v | ADDFX1  | 0.034 |   0.886 |    2.390 | 
     | 15                                                 |              |         |       |         |          | 
     | picorv32_core_genblk1.pcpi_mul_mul_2371_47_cdnfadd | CI v -> CO v | ADDFX1  | 0.034 |   0.920 |    2.424 | 
     | 16                                                 |              |         |       |         |          | 
     | picorv32_core_genblk1.pcpi_mul_mul_2371_47_cdnfadd | CI v -> CO v | ADDFX1  | 0.034 |   0.954 |    2.457 | 
     | 17                                                 |              |         |       |         |          | 
     | picorv32_core_genblk1.pcpi_mul_mul_2371_47_cdnfadd | CI v -> CO v | ADDFX1  | 0.034 |   0.988 |    2.492 | 
     | 18                                                 |              |         |       |         |          | 
     | picorv32_core_genblk1.pcpi_mul_mul_2371_47_cdnfadd | CI v -> CO v | ADDFX1  | 0.034 |   1.022 |    2.526 | 
     | 19                                                 |              |         |       |         |          | 
     | picorv32_core_genblk1.pcpi_mul_mul_2371_47_cdnfadd | CI v -> CO v | ADDFX1  | 0.034 |   1.056 |    2.559 | 
     | 20                                                 |              |         |       |         |          | 
     | picorv32_core_genblk1.pcpi_mul_mul_2371_47_cdnfadd | CI v -> CO v | ADDFX1  | 0.034 |   1.090 |    2.594 | 
     | 21                                                 |              |         |       |         |          | 
     | picorv32_core_genblk1.pcpi_mul_mul_2371_47_cdnfadd | CI v -> CO v | ADDFX1  | 0.035 |   1.125 |    2.629 | 
     | 22                                                 |              |         |       |         |          | 
     | picorv32_core_genblk1.pcpi_mul_mul_2371_47_cdnfadd | CI v -> CO v | ADDFX1  | 0.039 |   1.163 |    2.667 | 
     | 23                                                 |              |         |       |         |          | 
     | picorv32_core_genblk1.pcpi_mul_mul_2371_47_cdnfadd | CI v -> CO v | ADDFX1  | 0.035 |   1.199 |    2.703 | 
     | 24                                                 |              |         |       |         |          | 
     | picorv32_core_genblk1.pcpi_mul_mul_2371_47_cdnfadd | CI v -> CO v | ADDFX1  | 0.033 |   1.232 |    2.736 | 
     | 25                                                 |              |         |       |         |          | 
     | picorv32_core_genblk1.pcpi_mul_mul_2371_47_cdnfadd | CI v -> CO v | ADDFX1  | 0.033 |   1.265 |    2.769 | 
     | 26                                                 |              |         |       |         |          | 
     | picorv32_core_genblk1.pcpi_mul_mul_2371_47_cdnfadd | CI v -> CO v | ADDFX1  | 0.033 |   1.299 |    2.803 | 
     | 27                                                 |              |         |       |         |          | 
     | picorv32_core_genblk1.pcpi_mul_mul_2371_47_cdnfadd | CI v -> CO v | ADDFX1  | 0.033 |   1.332 |    2.836 | 
     | 28                                                 |              |         |       |         |          | 
     | picorv32_core_genblk1.pcpi_mul_mul_2371_47_cdnfadd | CI v -> CO v | ADDFX1  | 0.033 |   1.365 |    2.869 | 
     | 29                                                 |              |         |       |         |          | 
     | picorv32_core_genblk1.pcpi_mul_mul_2371_47_cdnfadd | CI v -> CO v | ADDFX1  | 0.033 |   1.398 |    2.902 | 
     | 30                                                 |              |         |       |         |          | 
     | picorv32_core_genblk1.pcpi_mul_mul_2371_47_cdnfadd | CI v -> CO v | ADDFX1  | 0.036 |   1.434 |    2.938 | 
     | 31                                                 |              |         |       |         |          | 
     | picorv32_core_genblk1.pcpi_mul_mul_2371_47_cdnfadd | CI v -> CO v | ADDFX1  | 0.036 |   1.470 |    2.974 | 
     | 32                                                 |              |         |       |         |          | 
     | picorv32_core_genblk1.pcpi_mul_mul_2371_47_cdnfadd | CI v -> CO v | ADDFX1  | 0.034 |   1.504 |    3.007 | 
     | 33                                                 |              |         |       |         |          | 
     | picorv32_core_genblk1.pcpi_mul_mul_2371_47_cdnfadd | CI v -> CO v | ADDFX1  | 0.033 |   1.537 |    3.041 | 
     | 34                                                 |              |         |       |         |          | 
     | picorv32_core_genblk1.pcpi_mul_mul_2371_47_cdnfadd | CI v -> CO v | ADDFX1  | 0.034 |   1.570 |    3.074 | 
     | 35                                                 |              |         |       |         |          | 
     | picorv32_core_genblk1.pcpi_mul_mul_2371_47_cdnfadd | CI v -> CO v | ADDFX1  | 0.034 |   1.604 |    3.108 | 
     | 36                                                 |              |         |       |         |          | 
     | picorv32_core_genblk1.pcpi_mul_mul_2371_47_cdnfadd | CI v -> CO v | ADDFX1  | 0.033 |   1.638 |    3.142 | 
     | 37                                                 |              |         |       |         |          | 
     | picorv32_core_genblk1.pcpi_mul_mul_2371_47_cdnfadd | CI v -> CO v | ADDFX1  | 0.033 |   1.671 |    3.175 | 
     | 38                                                 |              |         |       |         |          | 
     | picorv32_core_genblk1.pcpi_mul_mul_2371_47_cdnfadd | CI v -> CO v | ADDFX1  | 0.033 |   1.704 |    3.208 | 
     | 39                                                 |              |         |       |         |          | 
     | picorv32_core_genblk1.pcpi_mul_mul_2371_47_cdnfadd | CI v -> CO v | ADDFX1  | 0.034 |   1.738 |    3.242 | 
     | 40                                                 |              |         |       |         |          | 
     | picorv32_core_genblk1.pcpi_mul_mul_2371_47_cdnfadd | CI v -> CO v | ADDFX1  | 0.034 |   1.772 |    3.276 | 
     | 41                                                 |              |         |       |         |          | 
     | picorv32_core_genblk1.pcpi_mul_mul_2371_47_cdnfadd | CI v -> CO v | ADDFX1  | 0.033 |   1.806 |    3.310 | 
     | 42                                                 |              |         |       |         |          | 
     | picorv32_core_genblk1.pcpi_mul_mul_2371_47_cdnfadd | CI v -> CO v | ADDFX1  | 0.035 |   1.841 |    3.345 | 
     | 43                                                 |              |         |       |         |          | 
     | picorv32_core_genblk1.pcpi_mul_mul_2371_47_cdnfadd | CI v -> CO v | ADDFX1  | 0.039 |   1.879 |    3.383 | 
     | 44                                                 |              |         |       |         |          | 
     | picorv32_core_genblk1.pcpi_mul_mul_2371_47_cdnfadd | CI v -> CO v | ADDFX1  | 0.036 |   1.916 |    3.420 | 
     | 45                                                 |              |         |       |         |          | 
     | picorv32_core_genblk1.pcpi_mul_mul_2371_47_cdnfadd | CI v -> CO v | ADDFX1  | 0.036 |   1.951 |    3.455 | 
     | 46                                                 |              |         |       |         |          | 
     | picorv32_core_genblk1.pcpi_mul_mul_2371_47_cdnfadd | CI v -> CO v | ADDFX1  | 0.038 |   1.990 |    3.494 | 
     | 47                                                 |              |         |       |         |          | 
     | picorv32_core_genblk1.pcpi_mul_mul_2371_47_cdnfadd | CI v -> CO v | ADDFX1  | 0.038 |   2.028 |    3.532 | 
     | 48                                                 |              |         |       |         |          | 
     | picorv32_core_genblk1.pcpi_mul_mul_2371_47_cdnfadd | CI v -> CO v | ADDFX1  | 0.035 |   2.063 |    3.567 | 
     | 49                                                 |              |         |       |         |          | 
     | picorv32_core_genblk1.pcpi_mul_mul_2371_47_cdnfadd | CI v -> CO v | ADDFX1  | 0.034 |   2.097 |    3.601 | 
     | 50                                                 |              |         |       |         |          | 
     | picorv32_core_genblk1.pcpi_mul_mul_2371_47_cdnfadd | CI v -> CO v | ADDFX1  | 0.034 |   2.131 |    3.635 | 
     | 51                                                 |              |         |       |         |          | 
     | picorv32_core_genblk1.pcpi_mul_mul_2371_47_cdnfadd | CI v -> CO v | ADDFX1  | 0.034 |   2.165 |    3.669 | 
     | 52                                                 |              |         |       |         |          | 
     | picorv32_core_genblk1.pcpi_mul_mul_2371_47_cdnfadd | CI v -> CO v | ADDFX1  | 0.033 |   2.199 |    3.703 | 
     | 53                                                 |              |         |       |         |          | 
     | picorv32_core_genblk1.pcpi_mul_mul_2371_47_cdnfadd | CI v -> CO v | ADDFX1  | 0.035 |   2.234 |    3.738 | 
     | 54                                                 |              |         |       |         |          | 
     | picorv32_core_genblk1.pcpi_mul_mul_2371_47_cdnfadd | CI v -> CO v | ADDFX1  | 0.034 |   2.268 |    3.771 | 
     | 55                                                 |              |         |       |         |          | 
     | picorv32_core_genblk1.pcpi_mul_mul_2371_47_cdnfadd | CI v -> CO v | ADDFX1  | 0.035 |   2.303 |    3.807 | 
     | 56                                                 |              |         |       |         |          | 
     | picorv32_core_genblk1.pcpi_mul_mul_2371_47_cdnfadd | CI v -> CO v | ADDFX1  | 0.034 |   2.336 |    3.840 | 
     | 57                                                 |              |         |       |         |          | 
     | picorv32_core_genblk1.pcpi_mul_mul_2371_47_cdnfadd | CI v -> CO v | ADDFX1  | 0.033 |   2.370 |    3.874 | 
     | 58                                                 |              |         |       |         |          | 
     | picorv32_core_genblk1.pcpi_mul_mul_2371_47_cdnfadd | CI v -> CO v | ADDFX1  | 0.034 |   2.404 |    3.908 | 
     | 59                                                 |              |         |       |         |          | 
     | picorv32_core_genblk1.pcpi_mul_mul_2371_47_cdnfadd | CI v -> S ^  | ADDFX1  | 0.049 |   2.453 |    3.957 | 
     | 60                                                 |              |         |       |         |          | 
     | picorv32_core_genblk1.pcpi_mul_rd_reg[60]          | D ^          | SDFFQX1 | 0.000 |   2.453 |    3.957 | 
     +----------------------------------------------------------------------------------------------------------+ 
Path 5: MET Setup Check with Pin picorv32_core_genblk1.pcpi_mul_rd_reg[59]/CK 
Endpoint:   picorv32_core_genblk1.pcpi_mul_rd_reg[59]/D (^) checked with  
leading edge of 'clk'
Beginpoint: picorv32_core_genblk1.pcpi_mul_rs2_reg[5]/Q (^) triggered by  
leading edge of 'clk'
Path Groups: {reg2reg}
Analysis View: analysis1
Other End Arrival Time          0.002
- Setup                         0.026
+ Phase Shift                   4.000
- Uncertainty                   0.020
= Required Time                 3.957
- Arrival Time                  2.421
= Slack Time                    1.536
     Clock Rise Edge                 0.000
     + Clock Network Latency (Prop)  0.004
     = Beginpoint Arrival Time       0.004
     +----------------------------------------------------------------------------------------------------------+ 
     |                      Instance                      |     Arc      |  Cell   | Delay | Arrival | Required | 
     |                                                    |              |         |       |  Time   |   Time   | 
     |----------------------------------------------------+--------------+---------+-------+---------+----------| 
     | picorv32_core_genblk1.pcpi_mul_rs2_reg[5]          | CK ^         |         |       |   0.004 |    1.540 | 
     | picorv32_core_genblk1.pcpi_mul_rs2_reg[5]          | CK ^ -> Q ^  | SDFFQX1 | 0.126 |   0.131 |    1.667 | 
     | picorv32_core_genblk1.pcpi_mul_mul_2371_47_g14113  | A ^ -> Y v   | INVX1   | 0.049 |   0.179 |    1.715 | 
     | picorv32_core_genblk1.pcpi_mul_mul_2371_47_g13989  | B v -> Y ^   | XNOR2X1 | 0.031 |   0.210 |    1.746 | 
     | picorv32_core_genblk1.pcpi_mul_mul_2371_47_g13897  | A ^ -> Y ^   | OR2X1   | 0.091 |   0.301 |    1.837 | 
     | picorv32_core_genblk1.pcpi_mul_mul_2371_47_g13890  | A ^ -> Y v   | INVX1   | 0.056 |   0.356 |    1.892 | 
     | picorv32_core_genblk1.pcpi_mul_mul_2371_47_g13740  | A1 v -> Y ^  | OAI21X1 | 0.029 |   0.386 |    1.921 | 
     | picorv32_core_genblk1.pcpi_mul_mul_2371_47_g13495  | B ^ -> Y ^   | XNOR2X1 | 0.025 |   0.410 |    1.946 | 
     | picorv32_core_genblk1.pcpi_mul_mul_2371_47_g13440  | B ^ -> S v   | ADDHX1  | 0.031 |   0.441 |    1.977 | 
     | picorv32_core_genblk1.pcpi_mul_mul_2371_47_cdnfadd | A v -> CO v  | ADDFX1  | 0.035 |   0.476 |    2.012 | 
     | 3                                                  |              |         |       |         |          | 
     | picorv32_core_genblk1.pcpi_mul_mul_2371_47_cdnfadd | CI v -> CO v | ADDFX1  | 0.033 |   0.510 |    2.046 | 
     | 4                                                  |              |         |       |         |          | 
     | picorv32_core_genblk1.pcpi_mul_mul_2371_47_cdnfadd | CI v -> CO v | ADDFX1  | 0.034 |   0.543 |    2.079 | 
     | 5                                                  |              |         |       |         |          | 
     | picorv32_core_genblk1.pcpi_mul_mul_2371_47_cdnfadd | CI v -> CO v | ADDFX1  | 0.034 |   0.578 |    2.114 | 
     | 6                                                  |              |         |       |         |          | 
     | picorv32_core_genblk1.pcpi_mul_mul_2371_47_cdnfadd | CI v -> CO v | ADDFX1  | 0.034 |   0.612 |    2.148 | 
     | 7                                                  |              |         |       |         |          | 
     | picorv32_core_genblk1.pcpi_mul_mul_2371_47_cdnfadd | CI v -> CO v | ADDFX1  | 0.034 |   0.645 |    2.181 | 
     | 8                                                  |              |         |       |         |          | 
     | picorv32_core_genblk1.pcpi_mul_mul_2371_47_cdnfadd | CI v -> CO v | ADDFX1  | 0.034 |   0.680 |    2.215 | 
     | 9                                                  |              |         |       |         |          | 
     | picorv32_core_genblk1.pcpi_mul_mul_2371_47_cdnfadd | CI v -> CO v | ADDFX1  | 0.035 |   0.715 |    2.251 | 
     | 10                                                 |              |         |       |         |          | 
     | picorv32_core_genblk1.pcpi_mul_mul_2371_47_cdnfadd | CI v -> CO v | ADDFX1  | 0.034 |   0.749 |    2.284 | 
     | 11                                                 |              |         |       |         |          | 
     | picorv32_core_genblk1.pcpi_mul_mul_2371_47_cdnfadd | CI v -> CO v | ADDFX1  | 0.035 |   0.784 |    2.320 | 
     | 12                                                 |              |         |       |         |          | 
     | picorv32_core_genblk1.pcpi_mul_mul_2371_47_cdnfadd | CI v -> CO v | ADDFX1  | 0.035 |   0.819 |    2.354 | 
     | 13                                                 |              |         |       |         |          | 
     | picorv32_core_genblk1.pcpi_mul_mul_2371_47_cdnfadd | CI v -> CO v | ADDFX1  | 0.033 |   0.852 |    2.388 | 
     | 14                                                 |              |         |       |         |          | 
     | picorv32_core_genblk1.pcpi_mul_mul_2371_47_cdnfadd | CI v -> CO v | ADDFX1  | 0.034 |   0.886 |    2.422 | 
     | 15                                                 |              |         |       |         |          | 
     | picorv32_core_genblk1.pcpi_mul_mul_2371_47_cdnfadd | CI v -> CO v | ADDFX1  | 0.034 |   0.920 |    2.455 | 
     | 16                                                 |              |         |       |         |          | 
     | picorv32_core_genblk1.pcpi_mul_mul_2371_47_cdnfadd | CI v -> CO v | ADDFX1  | 0.034 |   0.954 |    2.489 | 
     | 17                                                 |              |         |       |         |          | 
     | picorv32_core_genblk1.pcpi_mul_mul_2371_47_cdnfadd | CI v -> CO v | ADDFX1  | 0.034 |   0.988 |    2.523 | 
     | 18                                                 |              |         |       |         |          | 
     | picorv32_core_genblk1.pcpi_mul_mul_2371_47_cdnfadd | CI v -> CO v | ADDFX1  | 0.034 |   1.022 |    2.557 | 
     | 19                                                 |              |         |       |         |          | 
     | picorv32_core_genblk1.pcpi_mul_mul_2371_47_cdnfadd | CI v -> CO v | ADDFX1  | 0.034 |   1.056 |    2.591 | 
     | 20                                                 |              |         |       |         |          | 
     | picorv32_core_genblk1.pcpi_mul_mul_2371_47_cdnfadd | CI v -> CO v | ADDFX1  | 0.034 |   1.090 |    2.626 | 
     | 21                                                 |              |         |       |         |          | 
     | picorv32_core_genblk1.pcpi_mul_mul_2371_47_cdnfadd | CI v -> CO v | ADDFX1  | 0.035 |   1.125 |    2.661 | 
     | 22                                                 |              |         |       |         |          | 
     | picorv32_core_genblk1.pcpi_mul_mul_2371_47_cdnfadd | CI v -> CO v | ADDFX1  | 0.039 |   1.163 |    2.699 | 
     | 23                                                 |              |         |       |         |          | 
     | picorv32_core_genblk1.pcpi_mul_mul_2371_47_cdnfadd | CI v -> CO v | ADDFX1  | 0.035 |   1.199 |    2.734 | 
     | 24                                                 |              |         |       |         |          | 
     | picorv32_core_genblk1.pcpi_mul_mul_2371_47_cdnfadd | CI v -> CO v | ADDFX1  | 0.033 |   1.232 |    2.768 | 
     | 25                                                 |              |         |       |         |          | 
     | picorv32_core_genblk1.pcpi_mul_mul_2371_47_cdnfadd | CI v -> CO v | ADDFX1  | 0.033 |   1.265 |    2.801 | 
     | 26                                                 |              |         |       |         |          | 
     | picorv32_core_genblk1.pcpi_mul_mul_2371_47_cdnfadd | CI v -> CO v | ADDFX1  | 0.033 |   1.299 |    2.835 | 
     | 27                                                 |              |         |       |         |          | 
     | picorv32_core_genblk1.pcpi_mul_mul_2371_47_cdnfadd | CI v -> CO v | ADDFX1  | 0.033 |   1.332 |    2.868 | 
     | 28                                                 |              |         |       |         |          | 
     | picorv32_core_genblk1.pcpi_mul_mul_2371_47_cdnfadd | CI v -> CO v | ADDFX1  | 0.033 |   1.365 |    2.901 | 
     | 29                                                 |              |         |       |         |          | 
     | picorv32_core_genblk1.pcpi_mul_mul_2371_47_cdnfadd | CI v -> CO v | ADDFX1  | 0.033 |   1.398 |    2.934 | 
     | 30                                                 |              |         |       |         |          | 
     | picorv32_core_genblk1.pcpi_mul_mul_2371_47_cdnfadd | CI v -> CO v | ADDFX1  | 0.036 |   1.434 |    2.970 | 
     | 31                                                 |              |         |       |         |          | 
     | picorv32_core_genblk1.pcpi_mul_mul_2371_47_cdnfadd | CI v -> CO v | ADDFX1  | 0.036 |   1.470 |    3.006 | 
     | 32                                                 |              |         |       |         |          | 
     | picorv32_core_genblk1.pcpi_mul_mul_2371_47_cdnfadd | CI v -> CO v | ADDFX1  | 0.034 |   1.504 |    3.039 | 
     | 33                                                 |              |         |       |         |          | 
     | picorv32_core_genblk1.pcpi_mul_mul_2371_47_cdnfadd | CI v -> CO v | ADDFX1  | 0.033 |   1.537 |    3.073 | 
     | 34                                                 |              |         |       |         |          | 
     | picorv32_core_genblk1.pcpi_mul_mul_2371_47_cdnfadd | CI v -> CO v | ADDFX1  | 0.034 |   1.570 |    3.106 | 
     | 35                                                 |              |         |       |         |          | 
     | picorv32_core_genblk1.pcpi_mul_mul_2371_47_cdnfadd | CI v -> CO v | ADDFX1  | 0.034 |   1.604 |    3.140 | 
     | 36                                                 |              |         |       |         |          | 
     | picorv32_core_genblk1.pcpi_mul_mul_2371_47_cdnfadd | CI v -> CO v | ADDFX1  | 0.033 |   1.638 |    3.173 | 
     | 37                                                 |              |         |       |         |          | 
     | picorv32_core_genblk1.pcpi_mul_mul_2371_47_cdnfadd | CI v -> CO v | ADDFX1  | 0.033 |   1.671 |    3.207 | 
     | 38                                                 |              |         |       |         |          | 
     | picorv32_core_genblk1.pcpi_mul_mul_2371_47_cdnfadd | CI v -> CO v | ADDFX1  | 0.033 |   1.704 |    3.240 | 
     | 39                                                 |              |         |       |         |          | 
     | picorv32_core_genblk1.pcpi_mul_mul_2371_47_cdnfadd | CI v -> CO v | ADDFX1  | 0.034 |   1.738 |    3.274 | 
     | 40                                                 |              |         |       |         |          | 
     | picorv32_core_genblk1.pcpi_mul_mul_2371_47_cdnfadd | CI v -> CO v | ADDFX1  | 0.034 |   1.772 |    3.308 | 
     | 41                                                 |              |         |       |         |          | 
     | picorv32_core_genblk1.pcpi_mul_mul_2371_47_cdnfadd | CI v -> CO v | ADDFX1  | 0.033 |   1.806 |    3.341 | 
     | 42                                                 |              |         |       |         |          | 
     | picorv32_core_genblk1.pcpi_mul_mul_2371_47_cdnfadd | CI v -> CO v | ADDFX1  | 0.035 |   1.841 |    3.376 | 
     | 43                                                 |              |         |       |         |          | 
     | picorv32_core_genblk1.pcpi_mul_mul_2371_47_cdnfadd | CI v -> CO v | ADDFX1  | 0.039 |   1.879 |    3.415 | 
     | 44                                                 |              |         |       |         |          | 
     | picorv32_core_genblk1.pcpi_mul_mul_2371_47_cdnfadd | CI v -> CO v | ADDFX1  | 0.036 |   1.916 |    3.451 | 
     | 45                                                 |              |         |       |         |          | 
     | picorv32_core_genblk1.pcpi_mul_mul_2371_47_cdnfadd | CI v -> CO v | ADDFX1  | 0.036 |   1.951 |    3.487 | 
     | 46                                                 |              |         |       |         |          | 
     | picorv32_core_genblk1.pcpi_mul_mul_2371_47_cdnfadd | CI v -> CO v | ADDFX1  | 0.038 |   1.990 |    3.526 | 
     | 47                                                 |              |         |       |         |          | 
     | picorv32_core_genblk1.pcpi_mul_mul_2371_47_cdnfadd | CI v -> CO v | ADDFX1  | 0.038 |   2.028 |    3.564 | 
     | 48                                                 |              |         |       |         |          | 
     | picorv32_core_genblk1.pcpi_mul_mul_2371_47_cdnfadd | CI v -> CO v | ADDFX1  | 0.035 |   2.063 |    3.599 | 
     | 49                                                 |              |         |       |         |          | 
     | picorv32_core_genblk1.pcpi_mul_mul_2371_47_cdnfadd | CI v -> CO v | ADDFX1  | 0.034 |   2.097 |    3.633 | 
     | 50                                                 |              |         |       |         |          | 
     | picorv32_core_genblk1.pcpi_mul_mul_2371_47_cdnfadd | CI v -> CO v | ADDFX1  | 0.034 |   2.131 |    3.667 | 
     | 51                                                 |              |         |       |         |          | 
     | picorv32_core_genblk1.pcpi_mul_mul_2371_47_cdnfadd | CI v -> CO v | ADDFX1  | 0.034 |   2.165 |    3.701 | 
     | 52                                                 |              |         |       |         |          | 
     | picorv32_core_genblk1.pcpi_mul_mul_2371_47_cdnfadd | CI v -> CO v | ADDFX1  | 0.033 |   2.199 |    3.735 | 
     | 53                                                 |              |         |       |         |          | 
     | picorv32_core_genblk1.pcpi_mul_mul_2371_47_cdnfadd | CI v -> CO v | ADDFX1  | 0.035 |   2.234 |    3.770 | 
     | 54                                                 |              |         |       |         |          | 
     | picorv32_core_genblk1.pcpi_mul_mul_2371_47_cdnfadd | CI v -> CO v | ADDFX1  | 0.034 |   2.268 |    3.803 | 
     | 55                                                 |              |         |       |         |          | 
     | picorv32_core_genblk1.pcpi_mul_mul_2371_47_cdnfadd | CI v -> CO v | ADDFX1  | 0.035 |   2.303 |    3.839 | 
     | 56                                                 |              |         |       |         |          | 
     | picorv32_core_genblk1.pcpi_mul_mul_2371_47_cdnfadd | CI v -> CO v | ADDFX1  | 0.034 |   2.336 |    3.872 | 
     | 57                                                 |              |         |       |         |          | 
     | picorv32_core_genblk1.pcpi_mul_mul_2371_47_cdnfadd | CI v -> CO v | ADDFX1  | 0.033 |   2.370 |    3.905 | 
     | 58                                                 |              |         |       |         |          | 
     | picorv32_core_genblk1.pcpi_mul_mul_2371_47_cdnfadd | CI v -> S ^  | ADDFX1  | 0.051 |   2.421 |    3.956 | 
     | 59                                                 |              |         |       |         |          | 
     | picorv32_core_genblk1.pcpi_mul_rd_reg[59]          | D ^          | SDFFQX1 | 0.000 |   2.421 |    3.957 | 
     +----------------------------------------------------------------------------------------------------------+ 
Path 6: MET Setup Check with Pin picorv32_core_genblk1.pcpi_mul_rd_reg[58]/CK 
Endpoint:   picorv32_core_genblk1.pcpi_mul_rd_reg[58]/D (^) checked with  
leading edge of 'clk'
Beginpoint: picorv32_core_genblk1.pcpi_mul_rs2_reg[5]/Q (^) triggered by  
leading edge of 'clk'
Path Groups: {reg2reg}
Analysis View: analysis1
Other End Arrival Time          0.002
- Setup                         0.026
+ Phase Shift                   4.000
- Uncertainty                   0.020
= Required Time                 3.957
- Arrival Time                  2.387
= Slack Time                    1.569
     Clock Rise Edge                 0.000
     + Clock Network Latency (Prop)  0.004
     = Beginpoint Arrival Time       0.004
     +----------------------------------------------------------------------------------------------------------+ 
     |                      Instance                      |     Arc      |  Cell   | Delay | Arrival | Required | 
     |                                                    |              |         |       |  Time   |   Time   | 
     |----------------------------------------------------+--------------+---------+-------+---------+----------| 
     | picorv32_core_genblk1.pcpi_mul_rs2_reg[5]          | CK ^         |         |       |   0.004 |    1.573 | 
     | picorv32_core_genblk1.pcpi_mul_rs2_reg[5]          | CK ^ -> Q ^  | SDFFQX1 | 0.126 |   0.131 |    1.700 | 
     | picorv32_core_genblk1.pcpi_mul_mul_2371_47_g14113  | A ^ -> Y v   | INVX1   | 0.049 |   0.179 |    1.749 | 
     | picorv32_core_genblk1.pcpi_mul_mul_2371_47_g13989  | B v -> Y ^   | XNOR2X1 | 0.031 |   0.210 |    1.779 | 
     | picorv32_core_genblk1.pcpi_mul_mul_2371_47_g13897  | A ^ -> Y ^   | OR2X1   | 0.091 |   0.301 |    1.870 | 
     | picorv32_core_genblk1.pcpi_mul_mul_2371_47_g13890  | A ^ -> Y v   | INVX1   | 0.056 |   0.356 |    1.926 | 
     | picorv32_core_genblk1.pcpi_mul_mul_2371_47_g13740  | A1 v -> Y ^  | OAI21X1 | 0.029 |   0.386 |    1.955 | 
     | picorv32_core_genblk1.pcpi_mul_mul_2371_47_g13495  | B ^ -> Y ^   | XNOR2X1 | 0.025 |   0.410 |    1.979 | 
     | picorv32_core_genblk1.pcpi_mul_mul_2371_47_g13440  | B ^ -> S v   | ADDHX1  | 0.031 |   0.441 |    2.010 | 
     | picorv32_core_genblk1.pcpi_mul_mul_2371_47_cdnfadd | A v -> CO v  | ADDFX1  | 0.035 |   0.476 |    2.046 | 
     | 3                                                  |              |         |       |         |          | 
     | picorv32_core_genblk1.pcpi_mul_mul_2371_47_cdnfadd | CI v -> CO v | ADDFX1  | 0.033 |   0.510 |    2.079 | 
     | 4                                                  |              |         |       |         |          | 
     | picorv32_core_genblk1.pcpi_mul_mul_2371_47_cdnfadd | CI v -> CO v | ADDFX1  | 0.034 |   0.543 |    2.113 | 
     | 5                                                  |              |         |       |         |          | 
     | picorv32_core_genblk1.pcpi_mul_mul_2371_47_cdnfadd | CI v -> CO v | ADDFX1  | 0.034 |   0.578 |    2.147 | 
     | 6                                                  |              |         |       |         |          | 
     | picorv32_core_genblk1.pcpi_mul_mul_2371_47_cdnfadd | CI v -> CO v | ADDFX1  | 0.034 |   0.612 |    2.181 | 
     | 7                                                  |              |         |       |         |          | 
     | picorv32_core_genblk1.pcpi_mul_mul_2371_47_cdnfadd | CI v -> CO v | ADDFX1  | 0.034 |   0.645 |    2.214 | 
     | 8                                                  |              |         |       |         |          | 
     | picorv32_core_genblk1.pcpi_mul_mul_2371_47_cdnfadd | CI v -> CO v | ADDFX1  | 0.034 |   0.680 |    2.249 | 
     | 9                                                  |              |         |       |         |          | 
     | picorv32_core_genblk1.pcpi_mul_mul_2371_47_cdnfadd | CI v -> CO v | ADDFX1  | 0.035 |   0.715 |    2.284 | 
     | 10                                                 |              |         |       |         |          | 
     | picorv32_core_genblk1.pcpi_mul_mul_2371_47_cdnfadd | CI v -> CO v | ADDFX1  | 0.034 |   0.749 |    2.318 | 
     | 11                                                 |              |         |       |         |          | 
     | picorv32_core_genblk1.pcpi_mul_mul_2371_47_cdnfadd | CI v -> CO v | ADDFX1  | 0.035 |   0.784 |    2.353 | 
     | 12                                                 |              |         |       |         |          | 
     | picorv32_core_genblk1.pcpi_mul_mul_2371_47_cdnfadd | CI v -> CO v | ADDFX1  | 0.035 |   0.819 |    2.388 | 
     | 13                                                 |              |         |       |         |          | 
     | picorv32_core_genblk1.pcpi_mul_mul_2371_47_cdnfadd | CI v -> CO v | ADDFX1  | 0.033 |   0.852 |    2.421 | 
     | 14                                                 |              |         |       |         |          | 
     | picorv32_core_genblk1.pcpi_mul_mul_2371_47_cdnfadd | CI v -> CO v | ADDFX1  | 0.034 |   0.886 |    2.455 | 
     | 15                                                 |              |         |       |         |          | 
     | picorv32_core_genblk1.pcpi_mul_mul_2371_47_cdnfadd | CI v -> CO v | ADDFX1  | 0.034 |   0.920 |    2.489 | 
     | 16                                                 |              |         |       |         |          | 
     | picorv32_core_genblk1.pcpi_mul_mul_2371_47_cdnfadd | CI v -> CO v | ADDFX1  | 0.034 |   0.954 |    2.523 | 
     | 17                                                 |              |         |       |         |          | 
     | picorv32_core_genblk1.pcpi_mul_mul_2371_47_cdnfadd | CI v -> CO v | ADDFX1  | 0.034 |   0.988 |    2.557 | 
     | 18                                                 |              |         |       |         |          | 
     | picorv32_core_genblk1.pcpi_mul_mul_2371_47_cdnfadd | CI v -> CO v | ADDFX1  | 0.034 |   1.022 |    2.591 | 
     | 19                                                 |              |         |       |         |          | 
     | picorv32_core_genblk1.pcpi_mul_mul_2371_47_cdnfadd | CI v -> CO v | ADDFX1  | 0.034 |   1.056 |    2.625 | 
     | 20                                                 |              |         |       |         |          | 
     | picorv32_core_genblk1.pcpi_mul_mul_2371_47_cdnfadd | CI v -> CO v | ADDFX1  | 0.034 |   1.090 |    2.659 | 
     | 21                                                 |              |         |       |         |          | 
     | picorv32_core_genblk1.pcpi_mul_mul_2371_47_cdnfadd | CI v -> CO v | ADDFX1  | 0.035 |   1.125 |    2.694 | 
     | 22                                                 |              |         |       |         |          | 
     | picorv32_core_genblk1.pcpi_mul_mul_2371_47_cdnfadd | CI v -> CO v | ADDFX1  | 0.039 |   1.163 |    2.733 | 
     | 23                                                 |              |         |       |         |          | 
     | picorv32_core_genblk1.pcpi_mul_mul_2371_47_cdnfadd | CI v -> CO v | ADDFX1  | 0.035 |   1.199 |    2.768 | 
     | 24                                                 |              |         |       |         |          | 
     | picorv32_core_genblk1.pcpi_mul_mul_2371_47_cdnfadd | CI v -> CO v | ADDFX1  | 0.033 |   1.232 |    2.801 | 
     | 25                                                 |              |         |       |         |          | 
     | picorv32_core_genblk1.pcpi_mul_mul_2371_47_cdnfadd | CI v -> CO v | ADDFX1  | 0.033 |   1.265 |    2.834 | 
     | 26                                                 |              |         |       |         |          | 
     | picorv32_core_genblk1.pcpi_mul_mul_2371_47_cdnfadd | CI v -> CO v | ADDFX1  | 0.033 |   1.299 |    2.868 | 
     | 27                                                 |              |         |       |         |          | 
     | picorv32_core_genblk1.pcpi_mul_mul_2371_47_cdnfadd | CI v -> CO v | ADDFX1  | 0.033 |   1.332 |    2.901 | 
     | 28                                                 |              |         |       |         |          | 
     | picorv32_core_genblk1.pcpi_mul_mul_2371_47_cdnfadd | CI v -> CO v | ADDFX1  | 0.033 |   1.365 |    2.934 | 
     | 29                                                 |              |         |       |         |          | 
     | picorv32_core_genblk1.pcpi_mul_mul_2371_47_cdnfadd | CI v -> CO v | ADDFX1  | 0.033 |   1.398 |    2.967 | 
     | 30                                                 |              |         |       |         |          | 
     | picorv32_core_genblk1.pcpi_mul_mul_2371_47_cdnfadd | CI v -> CO v | ADDFX1  | 0.036 |   1.434 |    3.003 | 
     | 31                                                 |              |         |       |         |          | 
     | picorv32_core_genblk1.pcpi_mul_mul_2371_47_cdnfadd | CI v -> CO v | ADDFX1  | 0.036 |   1.470 |    3.039 | 
     | 32                                                 |              |         |       |         |          | 
     | picorv32_core_genblk1.pcpi_mul_mul_2371_47_cdnfadd | CI v -> CO v | ADDFX1  | 0.034 |   1.504 |    3.073 | 
     | 33                                                 |              |         |       |         |          | 
     | picorv32_core_genblk1.pcpi_mul_mul_2371_47_cdnfadd | CI v -> CO v | ADDFX1  | 0.033 |   1.537 |    3.106 | 
     | 34                                                 |              |         |       |         |          | 
     | picorv32_core_genblk1.pcpi_mul_mul_2371_47_cdnfadd | CI v -> CO v | ADDFX1  | 0.034 |   1.570 |    3.140 | 
     | 35                                                 |              |         |       |         |          | 
     | picorv32_core_genblk1.pcpi_mul_mul_2371_47_cdnfadd | CI v -> CO v | ADDFX1  | 0.034 |   1.604 |    3.173 | 
     | 36                                                 |              |         |       |         |          | 
     | picorv32_core_genblk1.pcpi_mul_mul_2371_47_cdnfadd | CI v -> CO v | ADDFX1  | 0.033 |   1.638 |    3.207 | 
     | 37                                                 |              |         |       |         |          | 
     | picorv32_core_genblk1.pcpi_mul_mul_2371_47_cdnfadd | CI v -> CO v | ADDFX1  | 0.033 |   1.671 |    3.240 | 
     | 38                                                 |              |         |       |         |          | 
     | picorv32_core_genblk1.pcpi_mul_mul_2371_47_cdnfadd | CI v -> CO v | ADDFX1  | 0.033 |   1.704 |    3.274 | 
     | 39                                                 |              |         |       |         |          | 
     | picorv32_core_genblk1.pcpi_mul_mul_2371_47_cdnfadd | CI v -> CO v | ADDFX1  | 0.034 |   1.738 |    3.307 | 
     | 40                                                 |              |         |       |         |          | 
     | picorv32_core_genblk1.pcpi_mul_mul_2371_47_cdnfadd | CI v -> CO v | ADDFX1  | 0.034 |   1.772 |    3.342 | 
     | 41                                                 |              |         |       |         |          | 
     | picorv32_core_genblk1.pcpi_mul_mul_2371_47_cdnfadd | CI v -> CO v | ADDFX1  | 0.033 |   1.806 |    3.375 | 
     | 42                                                 |              |         |       |         |          | 
     | picorv32_core_genblk1.pcpi_mul_mul_2371_47_cdnfadd | CI v -> CO v | ADDFX1  | 0.035 |   1.841 |    3.410 | 
     | 43                                                 |              |         |       |         |          | 
     | picorv32_core_genblk1.pcpi_mul_mul_2371_47_cdnfadd | CI v -> CO v | ADDFX1  | 0.039 |   1.879 |    3.448 | 
     | 44                                                 |              |         |       |         |          | 
     | picorv32_core_genblk1.pcpi_mul_mul_2371_47_cdnfadd | CI v -> CO v | ADDFX1  | 0.036 |   1.916 |    3.485 | 
     | 45                                                 |              |         |       |         |          | 
     | picorv32_core_genblk1.pcpi_mul_mul_2371_47_cdnfadd | CI v -> CO v | ADDFX1  | 0.036 |   1.951 |    3.521 | 
     | 46                                                 |              |         |       |         |          | 
     | picorv32_core_genblk1.pcpi_mul_mul_2371_47_cdnfadd | CI v -> CO v | ADDFX1  | 0.038 |   1.990 |    3.559 | 
     | 47                                                 |              |         |       |         |          | 
     | picorv32_core_genblk1.pcpi_mul_mul_2371_47_cdnfadd | CI v -> CO v | ADDFX1  | 0.038 |   2.028 |    3.597 | 
     | 48                                                 |              |         |       |         |          | 
     | picorv32_core_genblk1.pcpi_mul_mul_2371_47_cdnfadd | CI v -> CO v | ADDFX1  | 0.035 |   2.063 |    3.633 | 
     | 49                                                 |              |         |       |         |          | 
     | picorv32_core_genblk1.pcpi_mul_mul_2371_47_cdnfadd | CI v -> CO v | ADDFX1  | 0.034 |   2.097 |    3.666 | 
     | 50                                                 |              |         |       |         |          | 
     | picorv32_core_genblk1.pcpi_mul_mul_2371_47_cdnfadd | CI v -> CO v | ADDFX1  | 0.034 |   2.131 |    3.701 | 
     | 51                                                 |              |         |       |         |          | 
     | picorv32_core_genblk1.pcpi_mul_mul_2371_47_cdnfadd | CI v -> CO v | ADDFX1  | 0.034 |   2.165 |    3.735 | 
     | 52                                                 |              |         |       |         |          | 
     | picorv32_core_genblk1.pcpi_mul_mul_2371_47_cdnfadd | CI v -> CO v | ADDFX1  | 0.033 |   2.199 |    3.768 | 
     | 53                                                 |              |         |       |         |          | 
     | picorv32_core_genblk1.pcpi_mul_mul_2371_47_cdnfadd | CI v -> CO v | ADDFX1  | 0.035 |   2.234 |    3.803 | 
     | 54                                                 |              |         |       |         |          | 
     | picorv32_core_genblk1.pcpi_mul_mul_2371_47_cdnfadd | CI v -> CO v | ADDFX1  | 0.034 |   2.268 |    3.837 | 
     | 55                                                 |              |         |       |         |          | 
     | picorv32_core_genblk1.pcpi_mul_mul_2371_47_cdnfadd | CI v -> CO v | ADDFX1  | 0.035 |   2.303 |    3.872 | 
     | 56                                                 |              |         |       |         |          | 
     | picorv32_core_genblk1.pcpi_mul_mul_2371_47_cdnfadd | CI v -> CO v | ADDFX1  | 0.034 |   2.336 |    3.906 | 
     | 57                                                 |              |         |       |         |          | 
     | picorv32_core_genblk1.pcpi_mul_mul_2371_47_cdnfadd | CI v -> S ^  | ADDFX1  | 0.051 |   2.387 |    3.956 | 
     | 58                                                 |              |         |       |         |          | 
     | picorv32_core_genblk1.pcpi_mul_rd_reg[58]          | D ^          | SDFFQX1 | 0.000 |   2.387 |    3.957 | 
     +----------------------------------------------------------------------------------------------------------+ 
Path 7: MET Setup Check with Pin picorv32_core_genblk1.pcpi_mul_rd_reg[57]/CK 
Endpoint:   picorv32_core_genblk1.pcpi_mul_rd_reg[57]/D (^) checked with  
leading edge of 'clk'
Beginpoint: picorv32_core_genblk1.pcpi_mul_rs2_reg[5]/Q (^) triggered by  
leading edge of 'clk'
Path Groups: {reg2reg}
Analysis View: analysis1
Other End Arrival Time          0.003
- Setup                         0.026
+ Phase Shift                   4.000
- Uncertainty                   0.020
= Required Time                 3.957
- Arrival Time                  2.353
= Slack Time                    1.604
     Clock Rise Edge                 0.000
     + Clock Network Latency (Prop)  0.004
     = Beginpoint Arrival Time       0.004
     +----------------------------------------------------------------------------------------------------------+ 
     |                      Instance                      |     Arc      |  Cell   | Delay | Arrival | Required | 
     |                                                    |              |         |       |  Time   |   Time   | 
     |----------------------------------------------------+--------------+---------+-------+---------+----------| 
     | picorv32_core_genblk1.pcpi_mul_rs2_reg[5]          | CK ^         |         |       |   0.004 |    1.608 | 
     | picorv32_core_genblk1.pcpi_mul_rs2_reg[5]          | CK ^ -> Q ^  | SDFFQX1 | 0.126 |   0.131 |    1.735 | 
     | picorv32_core_genblk1.pcpi_mul_mul_2371_47_g14113  | A ^ -> Y v   | INVX1   | 0.049 |   0.179 |    1.783 | 
     | picorv32_core_genblk1.pcpi_mul_mul_2371_47_g13989  | B v -> Y ^   | XNOR2X1 | 0.031 |   0.210 |    1.814 | 
     | picorv32_core_genblk1.pcpi_mul_mul_2371_47_g13897  | A ^ -> Y ^   | OR2X1   | 0.091 |   0.301 |    1.905 | 
     | picorv32_core_genblk1.pcpi_mul_mul_2371_47_g13890  | A ^ -> Y v   | INVX1   | 0.056 |   0.356 |    1.960 | 
     | picorv32_core_genblk1.pcpi_mul_mul_2371_47_g13740  | A1 v -> Y ^  | OAI21X1 | 0.029 |   0.386 |    1.989 | 
     | picorv32_core_genblk1.pcpi_mul_mul_2371_47_g13495  | B ^ -> Y ^   | XNOR2X1 | 0.025 |   0.410 |    2.014 | 
     | picorv32_core_genblk1.pcpi_mul_mul_2371_47_g13440  | B ^ -> S v   | ADDHX1  | 0.031 |   0.441 |    2.045 | 
     | picorv32_core_genblk1.pcpi_mul_mul_2371_47_cdnfadd | A v -> CO v  | ADDFX1  | 0.035 |   0.476 |    2.080 | 
     | 3                                                  |              |         |       |         |          | 
     | picorv32_core_genblk1.pcpi_mul_mul_2371_47_cdnfadd | CI v -> CO v | ADDFX1  | 0.033 |   0.510 |    2.114 | 
     | 4                                                  |              |         |       |         |          | 
     | picorv32_core_genblk1.pcpi_mul_mul_2371_47_cdnfadd | CI v -> CO v | ADDFX1  | 0.034 |   0.543 |    2.147 | 
     | 5                                                  |              |         |       |         |          | 
     | picorv32_core_genblk1.pcpi_mul_mul_2371_47_cdnfadd | CI v -> CO v | ADDFX1  | 0.034 |   0.578 |    2.182 | 
     | 6                                                  |              |         |       |         |          | 
     | picorv32_core_genblk1.pcpi_mul_mul_2371_47_cdnfadd | CI v -> CO v | ADDFX1  | 0.034 |   0.612 |    2.216 | 
     | 7                                                  |              |         |       |         |          | 
     | picorv32_core_genblk1.pcpi_mul_mul_2371_47_cdnfadd | CI v -> CO v | ADDFX1  | 0.034 |   0.645 |    2.249 | 
     | 8                                                  |              |         |       |         |          | 
     | picorv32_core_genblk1.pcpi_mul_mul_2371_47_cdnfadd | CI v -> CO v | ADDFX1  | 0.034 |   0.680 |    2.283 | 
     | 9                                                  |              |         |       |         |          | 
     | picorv32_core_genblk1.pcpi_mul_mul_2371_47_cdnfadd | CI v -> CO v | ADDFX1  | 0.035 |   0.715 |    2.319 | 
     | 10                                                 |              |         |       |         |          | 
     | picorv32_core_genblk1.pcpi_mul_mul_2371_47_cdnfadd | CI v -> CO v | ADDFX1  | 0.034 |   0.749 |    2.352 | 
     | 11                                                 |              |         |       |         |          | 
     | picorv32_core_genblk1.pcpi_mul_mul_2371_47_cdnfadd | CI v -> CO v | ADDFX1  | 0.035 |   0.784 |    2.388 | 
     | 12                                                 |              |         |       |         |          | 
     | picorv32_core_genblk1.pcpi_mul_mul_2371_47_cdnfadd | CI v -> CO v | ADDFX1  | 0.035 |   0.819 |    2.422 | 
     | 13                                                 |              |         |       |         |          | 
     | picorv32_core_genblk1.pcpi_mul_mul_2371_47_cdnfadd | CI v -> CO v | ADDFX1  | 0.033 |   0.852 |    2.456 | 
     | 14                                                 |              |         |       |         |          | 
     | picorv32_core_genblk1.pcpi_mul_mul_2371_47_cdnfadd | CI v -> CO v | ADDFX1  | 0.034 |   0.886 |    2.490 | 
     | 15                                                 |              |         |       |         |          | 
     | picorv32_core_genblk1.pcpi_mul_mul_2371_47_cdnfadd | CI v -> CO v | ADDFX1  | 0.034 |   0.920 |    2.523 | 
     | 16                                                 |              |         |       |         |          | 
     | picorv32_core_genblk1.pcpi_mul_mul_2371_47_cdnfadd | CI v -> CO v | ADDFX1  | 0.034 |   0.954 |    2.557 | 
     | 17                                                 |              |         |       |         |          | 
     | picorv32_core_genblk1.pcpi_mul_mul_2371_47_cdnfadd | CI v -> CO v | ADDFX1  | 0.034 |   0.988 |    2.591 | 
     | 18                                                 |              |         |       |         |          | 
     | picorv32_core_genblk1.pcpi_mul_mul_2371_47_cdnfadd | CI v -> CO v | ADDFX1  | 0.034 |   1.022 |    2.625 | 
     | 19                                                 |              |         |       |         |          | 
     | picorv32_core_genblk1.pcpi_mul_mul_2371_47_cdnfadd | CI v -> CO v | ADDFX1  | 0.034 |   1.056 |    2.659 | 
     | 20                                                 |              |         |       |         |          | 
     | picorv32_core_genblk1.pcpi_mul_mul_2371_47_cdnfadd | CI v -> CO v | ADDFX1  | 0.034 |   1.090 |    2.694 | 
     | 21                                                 |              |         |       |         |          | 
     | picorv32_core_genblk1.pcpi_mul_mul_2371_47_cdnfadd | CI v -> CO v | ADDFX1  | 0.035 |   1.125 |    2.729 | 
     | 22                                                 |              |         |       |         |          | 
     | picorv32_core_genblk1.pcpi_mul_mul_2371_47_cdnfadd | CI v -> CO v | ADDFX1  | 0.039 |   1.163 |    2.767 | 
     | 23                                                 |              |         |       |         |          | 
     | picorv32_core_genblk1.pcpi_mul_mul_2371_47_cdnfadd | CI v -> CO v | ADDFX1  | 0.035 |   1.199 |    2.802 | 
     | 24                                                 |              |         |       |         |          | 
     | picorv32_core_genblk1.pcpi_mul_mul_2371_47_cdnfadd | CI v -> CO v | ADDFX1  | 0.033 |   1.232 |    2.836 | 
     | 25                                                 |              |         |       |         |          | 
     | picorv32_core_genblk1.pcpi_mul_mul_2371_47_cdnfadd | CI v -> CO v | ADDFX1  | 0.033 |   1.265 |    2.869 | 
     | 26                                                 |              |         |       |         |          | 
     | picorv32_core_genblk1.pcpi_mul_mul_2371_47_cdnfadd | CI v -> CO v | ADDFX1  | 0.033 |   1.299 |    2.903 | 
     | 27                                                 |              |         |       |         |          | 
     | picorv32_core_genblk1.pcpi_mul_mul_2371_47_cdnfadd | CI v -> CO v | ADDFX1  | 0.033 |   1.332 |    2.936 | 
     | 28                                                 |              |         |       |         |          | 
     | picorv32_core_genblk1.pcpi_mul_mul_2371_47_cdnfadd | CI v -> CO v | ADDFX1  | 0.033 |   1.365 |    2.969 | 
     | 29                                                 |              |         |       |         |          | 
     | picorv32_core_genblk1.pcpi_mul_mul_2371_47_cdnfadd | CI v -> CO v | ADDFX1  | 0.033 |   1.398 |    3.002 | 
     | 30                                                 |              |         |       |         |          | 
     | picorv32_core_genblk1.pcpi_mul_mul_2371_47_cdnfadd | CI v -> CO v | ADDFX1  | 0.036 |   1.434 |    3.038 | 
     | 31                                                 |              |         |       |         |          | 
     | picorv32_core_genblk1.pcpi_mul_mul_2371_47_cdnfadd | CI v -> CO v | ADDFX1  | 0.036 |   1.470 |    3.074 | 
     | 32                                                 |              |         |       |         |          | 
     | picorv32_core_genblk1.pcpi_mul_mul_2371_47_cdnfadd | CI v -> CO v | ADDFX1  | 0.034 |   1.504 |    3.107 | 
     | 33                                                 |              |         |       |         |          | 
     | picorv32_core_genblk1.pcpi_mul_mul_2371_47_cdnfadd | CI v -> CO v | ADDFX1  | 0.033 |   1.537 |    3.141 | 
     | 34                                                 |              |         |       |         |          | 
     | picorv32_core_genblk1.pcpi_mul_mul_2371_47_cdnfadd | CI v -> CO v | ADDFX1  | 0.034 |   1.570 |    3.174 | 
     | 35                                                 |              |         |       |         |          | 
     | picorv32_core_genblk1.pcpi_mul_mul_2371_47_cdnfadd | CI v -> CO v | ADDFX1  | 0.034 |   1.604 |    3.208 | 
     | 36                                                 |              |         |       |         |          | 
     | picorv32_core_genblk1.pcpi_mul_mul_2371_47_cdnfadd | CI v -> CO v | ADDFX1  | 0.033 |   1.638 |    3.241 | 
     | 37                                                 |              |         |       |         |          | 
     | picorv32_core_genblk1.pcpi_mul_mul_2371_47_cdnfadd | CI v -> CO v | ADDFX1  | 0.033 |   1.671 |    3.275 | 
     | 38                                                 |              |         |       |         |          | 
     | picorv32_core_genblk1.pcpi_mul_mul_2371_47_cdnfadd | CI v -> CO v | ADDFX1  | 0.033 |   1.704 |    3.308 | 
     | 39                                                 |              |         |       |         |          | 
     | picorv32_core_genblk1.pcpi_mul_mul_2371_47_cdnfadd | CI v -> CO v | ADDFX1  | 0.034 |   1.738 |    3.342 | 
     | 40                                                 |              |         |       |         |          | 
     | picorv32_core_genblk1.pcpi_mul_mul_2371_47_cdnfadd | CI v -> CO v | ADDFX1  | 0.034 |   1.772 |    3.376 | 
     | 41                                                 |              |         |       |         |          | 
     | picorv32_core_genblk1.pcpi_mul_mul_2371_47_cdnfadd | CI v -> CO v | ADDFX1  | 0.033 |   1.806 |    3.409 | 
     | 42                                                 |              |         |       |         |          | 
     | picorv32_core_genblk1.pcpi_mul_mul_2371_47_cdnfadd | CI v -> CO v | ADDFX1  | 0.035 |   1.841 |    3.444 | 
     | 43                                                 |              |         |       |         |          | 
     | picorv32_core_genblk1.pcpi_mul_mul_2371_47_cdnfadd | CI v -> CO v | ADDFX1  | 0.039 |   1.879 |    3.483 | 
     | 44                                                 |              |         |       |         |          | 
     | picorv32_core_genblk1.pcpi_mul_mul_2371_47_cdnfadd | CI v -> CO v | ADDFX1  | 0.036 |   1.916 |    3.519 | 
     | 45                                                 |              |         |       |         |          | 
     | picorv32_core_genblk1.pcpi_mul_mul_2371_47_cdnfadd | CI v -> CO v | ADDFX1  | 0.036 |   1.951 |    3.555 | 
     | 46                                                 |              |         |       |         |          | 
     | picorv32_core_genblk1.pcpi_mul_mul_2371_47_cdnfadd | CI v -> CO v | ADDFX1  | 0.038 |   1.990 |    3.594 | 
     | 47                                                 |              |         |       |         |          | 
     | picorv32_core_genblk1.pcpi_mul_mul_2371_47_cdnfadd | CI v -> CO v | ADDFX1  | 0.038 |   2.028 |    3.632 | 
     | 48                                                 |              |         |       |         |          | 
     | picorv32_core_genblk1.pcpi_mul_mul_2371_47_cdnfadd | CI v -> CO v | ADDFX1  | 0.035 |   2.063 |    3.667 | 
     | 49                                                 |              |         |       |         |          | 
     | picorv32_core_genblk1.pcpi_mul_mul_2371_47_cdnfadd | CI v -> CO v | ADDFX1  | 0.034 |   2.097 |    3.701 | 
     | 50                                                 |              |         |       |         |          | 
     | picorv32_core_genblk1.pcpi_mul_mul_2371_47_cdnfadd | CI v -> CO v | ADDFX1  | 0.034 |   2.131 |    3.735 | 
     | 51                                                 |              |         |       |         |          | 
     | picorv32_core_genblk1.pcpi_mul_mul_2371_47_cdnfadd | CI v -> CO v | ADDFX1  | 0.034 |   2.165 |    3.769 | 
     | 52                                                 |              |         |       |         |          | 
     | picorv32_core_genblk1.pcpi_mul_mul_2371_47_cdnfadd | CI v -> CO v | ADDFX1  | 0.033 |   2.199 |    3.803 | 
     | 53                                                 |              |         |       |         |          | 
     | picorv32_core_genblk1.pcpi_mul_mul_2371_47_cdnfadd | CI v -> CO v | ADDFX1  | 0.035 |   2.234 |    3.838 | 
     | 54                                                 |              |         |       |         |          | 
     | picorv32_core_genblk1.pcpi_mul_mul_2371_47_cdnfadd | CI v -> CO v | ADDFX1  | 0.034 |   2.268 |    3.871 | 
     | 55                                                 |              |         |       |         |          | 
     | picorv32_core_genblk1.pcpi_mul_mul_2371_47_cdnfadd | CI v -> CO v | ADDFX1  | 0.035 |   2.303 |    3.907 | 
     | 56                                                 |              |         |       |         |          | 
     | picorv32_core_genblk1.pcpi_mul_mul_2371_47_cdnfadd | CI v -> S ^  | ADDFX1  | 0.050 |   2.353 |    3.957 | 
     | 57                                                 |              |         |       |         |          | 
     | picorv32_core_genblk1.pcpi_mul_rd_reg[57]          | D ^          | SDFFQX1 | 0.000 |   2.353 |    3.957 | 
     +----------------------------------------------------------------------------------------------------------+ 
Path 8: MET Setup Check with Pin picorv32_core_genblk1.pcpi_mul_rd_reg[56]/CK 
Endpoint:   picorv32_core_genblk1.pcpi_mul_rd_reg[56]/D (^) checked with  
leading edge of 'clk'
Beginpoint: picorv32_core_genblk1.pcpi_mul_rs2_reg[5]/Q (^) triggered by  
leading edge of 'clk'
Path Groups: {reg2reg}
Analysis View: analysis1
Other End Arrival Time          0.003
- Setup                         0.025
+ Phase Shift                   4.000
- Uncertainty                   0.020
= Required Time                 3.958
- Arrival Time                  2.315
= Slack Time                    1.643
     Clock Rise Edge                 0.000
     + Clock Network Latency (Prop)  0.004
     = Beginpoint Arrival Time       0.004
     +----------------------------------------------------------------------------------------------------------+ 
     |                      Instance                      |     Arc      |  Cell   | Delay | Arrival | Required | 
     |                                                    |              |         |       |  Time   |   Time   | 
     |----------------------------------------------------+--------------+---------+-------+---------+----------| 
     | picorv32_core_genblk1.pcpi_mul_rs2_reg[5]          | CK ^         |         |       |   0.004 |    1.647 | 
     | picorv32_core_genblk1.pcpi_mul_rs2_reg[5]          | CK ^ -> Q ^  | SDFFQX1 | 0.126 |   0.131 |    1.774 | 
     | picorv32_core_genblk1.pcpi_mul_mul_2371_47_g14113  | A ^ -> Y v   | INVX1   | 0.049 |   0.179 |    1.823 | 
     | picorv32_core_genblk1.pcpi_mul_mul_2371_47_g13989  | B v -> Y ^   | XNOR2X1 | 0.031 |   0.210 |    1.853 | 
     | picorv32_core_genblk1.pcpi_mul_mul_2371_47_g13897  | A ^ -> Y ^   | OR2X1   | 0.091 |   0.301 |    1.944 | 
     | picorv32_core_genblk1.pcpi_mul_mul_2371_47_g13890  | A ^ -> Y v   | INVX1   | 0.056 |   0.356 |    2.000 | 
     | picorv32_core_genblk1.pcpi_mul_mul_2371_47_g13740  | A1 v -> Y ^  | OAI21X1 | 0.029 |   0.386 |    2.029 | 
     | picorv32_core_genblk1.pcpi_mul_mul_2371_47_g13495  | B ^ -> Y ^   | XNOR2X1 | 0.025 |   0.410 |    2.053 | 
     | picorv32_core_genblk1.pcpi_mul_mul_2371_47_g13440  | B ^ -> S v   | ADDHX1  | 0.031 |   0.441 |    2.084 | 
     | picorv32_core_genblk1.pcpi_mul_mul_2371_47_cdnfadd | A v -> CO v  | ADDFX1  | 0.035 |   0.476 |    2.119 | 
     | 3                                                  |              |         |       |         |          | 
     | picorv32_core_genblk1.pcpi_mul_mul_2371_47_cdnfadd | CI v -> CO v | ADDFX1  | 0.033 |   0.510 |    2.153 | 
     | 4                                                  |              |         |       |         |          | 
     | picorv32_core_genblk1.pcpi_mul_mul_2371_47_cdnfadd | CI v -> CO v | ADDFX1  | 0.034 |   0.543 |    2.187 | 
     | 5                                                  |              |         |       |         |          | 
     | picorv32_core_genblk1.pcpi_mul_mul_2371_47_cdnfadd | CI v -> CO v | ADDFX1  | 0.034 |   0.578 |    2.221 | 
     | 6                                                  |              |         |       |         |          | 
     | picorv32_core_genblk1.pcpi_mul_mul_2371_47_cdnfadd | CI v -> CO v | ADDFX1  | 0.034 |   0.612 |    2.255 | 
     | 7                                                  |              |         |       |         |          | 
     | picorv32_core_genblk1.pcpi_mul_mul_2371_47_cdnfadd | CI v -> CO v | ADDFX1  | 0.034 |   0.645 |    2.288 | 
     | 8                                                  |              |         |       |         |          | 
     | picorv32_core_genblk1.pcpi_mul_mul_2371_47_cdnfadd | CI v -> CO v | ADDFX1  | 0.034 |   0.680 |    2.323 | 
     | 9                                                  |              |         |       |         |          | 
     | picorv32_core_genblk1.pcpi_mul_mul_2371_47_cdnfadd | CI v -> CO v | ADDFX1  | 0.035 |   0.715 |    2.358 | 
     | 10                                                 |              |         |       |         |          | 
     | picorv32_core_genblk1.pcpi_mul_mul_2371_47_cdnfadd | CI v -> CO v | ADDFX1  | 0.034 |   0.749 |    2.392 | 
     | 11                                                 |              |         |       |         |          | 
     | picorv32_core_genblk1.pcpi_mul_mul_2371_47_cdnfadd | CI v -> CO v | ADDFX1  | 0.035 |   0.784 |    2.427 | 
     | 12                                                 |              |         |       |         |          | 
     | picorv32_core_genblk1.pcpi_mul_mul_2371_47_cdnfadd | CI v -> CO v | ADDFX1  | 0.035 |   0.819 |    2.462 | 
     | 13                                                 |              |         |       |         |          | 
     | picorv32_core_genblk1.pcpi_mul_mul_2371_47_cdnfadd | CI v -> CO v | ADDFX1  | 0.033 |   0.852 |    2.495 | 
     | 14                                                 |              |         |       |         |          | 
     | picorv32_core_genblk1.pcpi_mul_mul_2371_47_cdnfadd | CI v -> CO v | ADDFX1  | 0.034 |   0.886 |    2.529 | 
     | 15                                                 |              |         |       |         |          | 
     | picorv32_core_genblk1.pcpi_mul_mul_2371_47_cdnfadd | CI v -> CO v | ADDFX1  | 0.034 |   0.920 |    2.563 | 
     | 16                                                 |              |         |       |         |          | 
     | picorv32_core_genblk1.pcpi_mul_mul_2371_47_cdnfadd | CI v -> CO v | ADDFX1  | 0.034 |   0.954 |    2.597 | 
     | 17                                                 |              |         |       |         |          | 
     | picorv32_core_genblk1.pcpi_mul_mul_2371_47_cdnfadd | CI v -> CO v | ADDFX1  | 0.034 |   0.988 |    2.631 | 
     | 18                                                 |              |         |       |         |          | 
     | picorv32_core_genblk1.pcpi_mul_mul_2371_47_cdnfadd | CI v -> CO v | ADDFX1  | 0.034 |   1.022 |    2.665 | 
     | 19                                                 |              |         |       |         |          | 
     | picorv32_core_genblk1.pcpi_mul_mul_2371_47_cdnfadd | CI v -> CO v | ADDFX1  | 0.034 |   1.056 |    2.699 | 
     | 20                                                 |              |         |       |         |          | 
     | picorv32_core_genblk1.pcpi_mul_mul_2371_47_cdnfadd | CI v -> CO v | ADDFX1  | 0.034 |   1.090 |    2.733 | 
     | 21                                                 |              |         |       |         |          | 
     | picorv32_core_genblk1.pcpi_mul_mul_2371_47_cdnfadd | CI v -> CO v | ADDFX1  | 0.035 |   1.125 |    2.768 | 
     | 22                                                 |              |         |       |         |          | 
     | picorv32_core_genblk1.pcpi_mul_mul_2371_47_cdnfadd | CI v -> CO v | ADDFX1  | 0.039 |   1.163 |    2.807 | 
     | 23                                                 |              |         |       |         |          | 
     | picorv32_core_genblk1.pcpi_mul_mul_2371_47_cdnfadd | CI v -> CO v | ADDFX1  | 0.035 |   1.199 |    2.842 | 
     | 24                                                 |              |         |       |         |          | 
     | picorv32_core_genblk1.pcpi_mul_mul_2371_47_cdnfadd | CI v -> CO v | ADDFX1  | 0.033 |   1.232 |    2.875 | 
     | 25                                                 |              |         |       |         |          | 
     | picorv32_core_genblk1.pcpi_mul_mul_2371_47_cdnfadd | CI v -> CO v | ADDFX1  | 0.033 |   1.265 |    2.908 | 
     | 26                                                 |              |         |       |         |          | 
     | picorv32_core_genblk1.pcpi_mul_mul_2371_47_cdnfadd | CI v -> CO v | ADDFX1  | 0.033 |   1.299 |    2.942 | 
     | 27                                                 |              |         |       |         |          | 
     | picorv32_core_genblk1.pcpi_mul_mul_2371_47_cdnfadd | CI v -> CO v | ADDFX1  | 0.033 |   1.332 |    2.975 | 
     | 28                                                 |              |         |       |         |          | 
     | picorv32_core_genblk1.pcpi_mul_mul_2371_47_cdnfadd | CI v -> CO v | ADDFX1  | 0.033 |   1.365 |    3.008 | 
     | 29                                                 |              |         |       |         |          | 
     | picorv32_core_genblk1.pcpi_mul_mul_2371_47_cdnfadd | CI v -> CO v | ADDFX1  | 0.033 |   1.398 |    3.041 | 
     | 30                                                 |              |         |       |         |          | 
     | picorv32_core_genblk1.pcpi_mul_mul_2371_47_cdnfadd | CI v -> CO v | ADDFX1  | 0.036 |   1.434 |    3.077 | 
     | 31                                                 |              |         |       |         |          | 
     | picorv32_core_genblk1.pcpi_mul_mul_2371_47_cdnfadd | CI v -> CO v | ADDFX1  | 0.036 |   1.470 |    3.113 | 
     | 32                                                 |              |         |       |         |          | 
     | picorv32_core_genblk1.pcpi_mul_mul_2371_47_cdnfadd | CI v -> CO v | ADDFX1  | 0.034 |   1.504 |    3.147 | 
     | 33                                                 |              |         |       |         |          | 
     | picorv32_core_genblk1.pcpi_mul_mul_2371_47_cdnfadd | CI v -> CO v | ADDFX1  | 0.033 |   1.537 |    3.180 | 
     | 34                                                 |              |         |       |         |          | 
     | picorv32_core_genblk1.pcpi_mul_mul_2371_47_cdnfadd | CI v -> CO v | ADDFX1  | 0.034 |   1.570 |    3.214 | 
     | 35                                                 |              |         |       |         |          | 
     | picorv32_core_genblk1.pcpi_mul_mul_2371_47_cdnfadd | CI v -> CO v | ADDFX1  | 0.034 |   1.604 |    3.247 | 
     | 36                                                 |              |         |       |         |          | 
     | picorv32_core_genblk1.pcpi_mul_mul_2371_47_cdnfadd | CI v -> CO v | ADDFX1  | 0.033 |   1.638 |    3.281 | 
     | 37                                                 |              |         |       |         |          | 
     | picorv32_core_genblk1.pcpi_mul_mul_2371_47_cdnfadd | CI v -> CO v | ADDFX1  | 0.033 |   1.671 |    3.314 | 
     | 38                                                 |              |         |       |         |          | 
     | picorv32_core_genblk1.pcpi_mul_mul_2371_47_cdnfadd | CI v -> CO v | ADDFX1  | 0.033 |   1.704 |    3.348 | 
     | 39                                                 |              |         |       |         |          | 
     | picorv32_core_genblk1.pcpi_mul_mul_2371_47_cdnfadd | CI v -> CO v | ADDFX1  | 0.034 |   1.738 |    3.381 | 
     | 40                                                 |              |         |       |         |          | 
     | picorv32_core_genblk1.pcpi_mul_mul_2371_47_cdnfadd | CI v -> CO v | ADDFX1  | 0.034 |   1.772 |    3.415 | 
     | 41                                                 |              |         |       |         |          | 
     | picorv32_core_genblk1.pcpi_mul_mul_2371_47_cdnfadd | CI v -> CO v | ADDFX1  | 0.033 |   1.806 |    3.449 | 
     | 42                                                 |              |         |       |         |          | 
     | picorv32_core_genblk1.pcpi_mul_mul_2371_47_cdnfadd | CI v -> CO v | ADDFX1  | 0.035 |   1.841 |    3.484 | 
     | 43                                                 |              |         |       |         |          | 
     | picorv32_core_genblk1.pcpi_mul_mul_2371_47_cdnfadd | CI v -> CO v | ADDFX1  | 0.039 |   1.879 |    3.522 | 
     | 44                                                 |              |         |       |         |          | 
     | picorv32_core_genblk1.pcpi_mul_mul_2371_47_cdnfadd | CI v -> CO v | ADDFX1  | 0.036 |   1.916 |    3.559 | 
     | 45                                                 |              |         |       |         |          | 
     | picorv32_core_genblk1.pcpi_mul_mul_2371_47_cdnfadd | CI v -> CO v | ADDFX1  | 0.036 |   1.951 |    3.595 | 
     | 46                                                 |              |         |       |         |          | 
     | picorv32_core_genblk1.pcpi_mul_mul_2371_47_cdnfadd | CI v -> CO v | ADDFX1  | 0.038 |   1.990 |    3.633 | 
     | 47                                                 |              |         |       |         |          | 
     | picorv32_core_genblk1.pcpi_mul_mul_2371_47_cdnfadd | CI v -> CO v | ADDFX1  | 0.038 |   2.028 |    3.671 | 
     | 48                                                 |              |         |       |         |          | 
     | picorv32_core_genblk1.pcpi_mul_mul_2371_47_cdnfadd | CI v -> CO v | ADDFX1  | 0.035 |   2.063 |    3.706 | 
     | 49                                                 |              |         |       |         |          | 
     | picorv32_core_genblk1.pcpi_mul_mul_2371_47_cdnfadd | CI v -> CO v | ADDFX1  | 0.034 |   2.097 |    3.740 | 
     | 50                                                 |              |         |       |         |          | 
     | picorv32_core_genblk1.pcpi_mul_mul_2371_47_cdnfadd | CI v -> CO v | ADDFX1  | 0.034 |   2.131 |    3.774 | 
     | 51                                                 |              |         |       |         |          | 
     | picorv32_core_genblk1.pcpi_mul_mul_2371_47_cdnfadd | CI v -> CO v | ADDFX1  | 0.034 |   2.165 |    3.808 | 
     | 52                                                 |              |         |       |         |          | 
     | picorv32_core_genblk1.pcpi_mul_mul_2371_47_cdnfadd | CI v -> CO v | ADDFX1  | 0.033 |   2.199 |    3.842 | 
     | 53                                                 |              |         |       |         |          | 
     | picorv32_core_genblk1.pcpi_mul_mul_2371_47_cdnfadd | CI v -> CO v | ADDFX1  | 0.035 |   2.234 |    3.877 | 
     | 54                                                 |              |         |       |         |          | 
     | picorv32_core_genblk1.pcpi_mul_mul_2371_47_cdnfadd | CI v -> CO v | ADDFX1  | 0.034 |   2.268 |    3.911 | 
     | 55                                                 |              |         |       |         |          | 
     | picorv32_core_genblk1.pcpi_mul_mul_2371_47_cdnfadd | CI v -> S ^  | ADDFX1  | 0.048 |   2.315 |    3.958 | 
     | 56                                                 |              |         |       |         |          | 
     | picorv32_core_genblk1.pcpi_mul_rd_reg[56]          | D ^          | SDFFQX1 | 0.000 |   2.315 |    3.958 | 
     +----------------------------------------------------------------------------------------------------------+ 
Path 9: MET Setup Check with Pin picorv32_core_genblk1.pcpi_mul_rd_reg[55]/CK 
Endpoint:   picorv32_core_genblk1.pcpi_mul_rd_reg[55]/D (^) checked with  
leading edge of 'clk'
Beginpoint: picorv32_core_genblk1.pcpi_mul_rs2_reg[5]/Q (^) triggered by  
leading edge of 'clk'
Path Groups: {reg2reg}
Analysis View: analysis1
Other End Arrival Time          0.003
- Setup                         0.025
+ Phase Shift                   4.000
- Uncertainty                   0.020
= Required Time                 3.958
- Arrival Time                  2.283
= Slack Time                    1.675
     Clock Rise Edge                 0.000
     + Clock Network Latency (Prop)  0.004
     = Beginpoint Arrival Time       0.004
     +----------------------------------------------------------------------------------------------------------+ 
     |                      Instance                      |     Arc      |  Cell   | Delay | Arrival | Required | 
     |                                                    |              |         |       |  Time   |   Time   | 
     |----------------------------------------------------+--------------+---------+-------+---------+----------| 
     | picorv32_core_genblk1.pcpi_mul_rs2_reg[5]          | CK ^         |         |       |   0.004 |    1.679 | 
     | picorv32_core_genblk1.pcpi_mul_rs2_reg[5]          | CK ^ -> Q ^  | SDFFQX1 | 0.126 |   0.131 |    1.806 | 
     | picorv32_core_genblk1.pcpi_mul_mul_2371_47_g14113  | A ^ -> Y v   | INVX1   | 0.049 |   0.179 |    1.854 | 
     | picorv32_core_genblk1.pcpi_mul_mul_2371_47_g13989  | B v -> Y ^   | XNOR2X1 | 0.031 |   0.210 |    1.885 | 
     | picorv32_core_genblk1.pcpi_mul_mul_2371_47_g13897  | A ^ -> Y ^   | OR2X1   | 0.091 |   0.301 |    1.976 | 
     | picorv32_core_genblk1.pcpi_mul_mul_2371_47_g13890  | A ^ -> Y v   | INVX1   | 0.056 |   0.356 |    2.031 | 
     | picorv32_core_genblk1.pcpi_mul_mul_2371_47_g13740  | A1 v -> Y ^  | OAI21X1 | 0.029 |   0.386 |    2.061 | 
     | picorv32_core_genblk1.pcpi_mul_mul_2371_47_g13495  | B ^ -> Y ^   | XNOR2X1 | 0.025 |   0.410 |    2.085 | 
     | picorv32_core_genblk1.pcpi_mul_mul_2371_47_g13440  | B ^ -> S v   | ADDHX1  | 0.031 |   0.441 |    2.116 | 
     | picorv32_core_genblk1.pcpi_mul_mul_2371_47_cdnfadd | A v -> CO v  | ADDFX1  | 0.035 |   0.476 |    2.151 | 
     | 3                                                  |              |         |       |         |          | 
     | picorv32_core_genblk1.pcpi_mul_mul_2371_47_cdnfadd | CI v -> CO v | ADDFX1  | 0.033 |   0.510 |    2.185 | 
     | 4                                                  |              |         |       |         |          | 
     | picorv32_core_genblk1.pcpi_mul_mul_2371_47_cdnfadd | CI v -> CO v | ADDFX1  | 0.034 |   0.543 |    2.218 | 
     | 5                                                  |              |         |       |         |          | 
     | picorv32_core_genblk1.pcpi_mul_mul_2371_47_cdnfadd | CI v -> CO v | ADDFX1  | 0.034 |   0.578 |    2.253 | 
     | 6                                                  |              |         |       |         |          | 
     | picorv32_core_genblk1.pcpi_mul_mul_2371_47_cdnfadd | CI v -> CO v | ADDFX1  | 0.034 |   0.612 |    2.287 | 
     | 7                                                  |              |         |       |         |          | 
     | picorv32_core_genblk1.pcpi_mul_mul_2371_47_cdnfadd | CI v -> CO v | ADDFX1  | 0.034 |   0.645 |    2.320 | 
     | 8                                                  |              |         |       |         |          | 
     | picorv32_core_genblk1.pcpi_mul_mul_2371_47_cdnfadd | CI v -> CO v | ADDFX1  | 0.034 |   0.680 |    2.355 | 
     | 9                                                  |              |         |       |         |          | 
     | picorv32_core_genblk1.pcpi_mul_mul_2371_47_cdnfadd | CI v -> CO v | ADDFX1  | 0.035 |   0.715 |    2.390 | 
     | 10                                                 |              |         |       |         |          | 
     | picorv32_core_genblk1.pcpi_mul_mul_2371_47_cdnfadd | CI v -> CO v | ADDFX1  | 0.034 |   0.749 |    2.424 | 
     | 11                                                 |              |         |       |         |          | 
     | picorv32_core_genblk1.pcpi_mul_mul_2371_47_cdnfadd | CI v -> CO v | ADDFX1  | 0.035 |   0.784 |    2.459 | 
     | 12                                                 |              |         |       |         |          | 
     | picorv32_core_genblk1.pcpi_mul_mul_2371_47_cdnfadd | CI v -> CO v | ADDFX1  | 0.035 |   0.819 |    2.494 | 
     | 13                                                 |              |         |       |         |          | 
     | picorv32_core_genblk1.pcpi_mul_mul_2371_47_cdnfadd | CI v -> CO v | ADDFX1  | 0.033 |   0.852 |    2.527 | 
     | 14                                                 |              |         |       |         |          | 
     | picorv32_core_genblk1.pcpi_mul_mul_2371_47_cdnfadd | CI v -> CO v | ADDFX1  | 0.034 |   0.886 |    2.561 | 
     | 15                                                 |              |         |       |         |          | 
     | picorv32_core_genblk1.pcpi_mul_mul_2371_47_cdnfadd | CI v -> CO v | ADDFX1  | 0.034 |   0.920 |    2.595 | 
     | 16                                                 |              |         |       |         |          | 
     | picorv32_core_genblk1.pcpi_mul_mul_2371_47_cdnfadd | CI v -> CO v | ADDFX1  | 0.034 |   0.954 |    2.629 | 
     | 17                                                 |              |         |       |         |          | 
     | picorv32_core_genblk1.pcpi_mul_mul_2371_47_cdnfadd | CI v -> CO v | ADDFX1  | 0.034 |   0.988 |    2.663 | 
     | 18                                                 |              |         |       |         |          | 
     | picorv32_core_genblk1.pcpi_mul_mul_2371_47_cdnfadd | CI v -> CO v | ADDFX1  | 0.034 |   1.022 |    2.697 | 
     | 19                                                 |              |         |       |         |          | 
     | picorv32_core_genblk1.pcpi_mul_mul_2371_47_cdnfadd | CI v -> CO v | ADDFX1  | 0.034 |   1.056 |    2.731 | 
     | 20                                                 |              |         |       |         |          | 
     | picorv32_core_genblk1.pcpi_mul_mul_2371_47_cdnfadd | CI v -> CO v | ADDFX1  | 0.034 |   1.090 |    2.765 | 
     | 21                                                 |              |         |       |         |          | 
     | picorv32_core_genblk1.pcpi_mul_mul_2371_47_cdnfadd | CI v -> CO v | ADDFX1  | 0.035 |   1.125 |    2.800 | 
     | 22                                                 |              |         |       |         |          | 
     | picorv32_core_genblk1.pcpi_mul_mul_2371_47_cdnfadd | CI v -> CO v | ADDFX1  | 0.039 |   1.163 |    2.838 | 
     | 23                                                 |              |         |       |         |          | 
     | picorv32_core_genblk1.pcpi_mul_mul_2371_47_cdnfadd | CI v -> CO v | ADDFX1  | 0.035 |   1.199 |    2.874 | 
     | 24                                                 |              |         |       |         |          | 
     | picorv32_core_genblk1.pcpi_mul_mul_2371_47_cdnfadd | CI v -> CO v | ADDFX1  | 0.033 |   1.232 |    2.907 | 
     | 25                                                 |              |         |       |         |          | 
     | picorv32_core_genblk1.pcpi_mul_mul_2371_47_cdnfadd | CI v -> CO v | ADDFX1  | 0.033 |   1.265 |    2.940 | 
     | 26                                                 |              |         |       |         |          | 
     | picorv32_core_genblk1.pcpi_mul_mul_2371_47_cdnfadd | CI v -> CO v | ADDFX1  | 0.033 |   1.299 |    2.974 | 
     | 27                                                 |              |         |       |         |          | 
     | picorv32_core_genblk1.pcpi_mul_mul_2371_47_cdnfadd | CI v -> CO v | ADDFX1  | 0.033 |   1.332 |    3.007 | 
     | 28                                                 |              |         |       |         |          | 
     | picorv32_core_genblk1.pcpi_mul_mul_2371_47_cdnfadd | CI v -> CO v | ADDFX1  | 0.033 |   1.365 |    3.040 | 
     | 29                                                 |              |         |       |         |          | 
     | picorv32_core_genblk1.pcpi_mul_mul_2371_47_cdnfadd | CI v -> CO v | ADDFX1  | 0.033 |   1.398 |    3.073 | 
     | 30                                                 |              |         |       |         |          | 
     | picorv32_core_genblk1.pcpi_mul_mul_2371_47_cdnfadd | CI v -> CO v | ADDFX1  | 0.036 |   1.434 |    3.109 | 
     | 31                                                 |              |         |       |         |          | 
     | picorv32_core_genblk1.pcpi_mul_mul_2371_47_cdnfadd | CI v -> CO v | ADDFX1  | 0.036 |   1.470 |    3.145 | 
     | 32                                                 |              |         |       |         |          | 
     | picorv32_core_genblk1.pcpi_mul_mul_2371_47_cdnfadd | CI v -> CO v | ADDFX1  | 0.034 |   1.504 |    3.179 | 
     | 33                                                 |              |         |       |         |          | 
     | picorv32_core_genblk1.pcpi_mul_mul_2371_47_cdnfadd | CI v -> CO v | ADDFX1  | 0.033 |   1.537 |    3.212 | 
     | 34                                                 |              |         |       |         |          | 
     | picorv32_core_genblk1.pcpi_mul_mul_2371_47_cdnfadd | CI v -> CO v | ADDFX1  | 0.034 |   1.570 |    3.245 | 
     | 35                                                 |              |         |       |         |          | 
     | picorv32_core_genblk1.pcpi_mul_mul_2371_47_cdnfadd | CI v -> CO v | ADDFX1  | 0.034 |   1.604 |    3.279 | 
     | 36                                                 |              |         |       |         |          | 
     | picorv32_core_genblk1.pcpi_mul_mul_2371_47_cdnfadd | CI v -> CO v | ADDFX1  | 0.033 |   1.638 |    3.313 | 
     | 37                                                 |              |         |       |         |          | 
     | picorv32_core_genblk1.pcpi_mul_mul_2371_47_cdnfadd | CI v -> CO v | ADDFX1  | 0.033 |   1.671 |    3.346 | 
     | 38                                                 |              |         |       |         |          | 
     | picorv32_core_genblk1.pcpi_mul_mul_2371_47_cdnfadd | CI v -> CO v | ADDFX1  | 0.033 |   1.704 |    3.379 | 
     | 39                                                 |              |         |       |         |          | 
     | picorv32_core_genblk1.pcpi_mul_mul_2371_47_cdnfadd | CI v -> CO v | ADDFX1  | 0.034 |   1.738 |    3.413 | 
     | 40                                                 |              |         |       |         |          | 
     | picorv32_core_genblk1.pcpi_mul_mul_2371_47_cdnfadd | CI v -> CO v | ADDFX1  | 0.034 |   1.772 |    3.447 | 
     | 41                                                 |              |         |       |         |          | 
     | picorv32_core_genblk1.pcpi_mul_mul_2371_47_cdnfadd | CI v -> CO v | ADDFX1  | 0.033 |   1.806 |    3.481 | 
     | 42                                                 |              |         |       |         |          | 
     | picorv32_core_genblk1.pcpi_mul_mul_2371_47_cdnfadd | CI v -> CO v | ADDFX1  | 0.035 |   1.841 |    3.516 | 
     | 43                                                 |              |         |       |         |          | 
     | picorv32_core_genblk1.pcpi_mul_mul_2371_47_cdnfadd | CI v -> CO v | ADDFX1  | 0.039 |   1.879 |    3.554 | 
     | 44                                                 |              |         |       |         |          | 
     | picorv32_core_genblk1.pcpi_mul_mul_2371_47_cdnfadd | CI v -> CO v | ADDFX1  | 0.036 |   1.916 |    3.591 | 
     | 45                                                 |              |         |       |         |          | 
     | picorv32_core_genblk1.pcpi_mul_mul_2371_47_cdnfadd | CI v -> CO v | ADDFX1  | 0.036 |   1.951 |    3.626 | 
     | 46                                                 |              |         |       |         |          | 
     | picorv32_core_genblk1.pcpi_mul_mul_2371_47_cdnfadd | CI v -> CO v | ADDFX1  | 0.038 |   1.990 |    3.665 | 
     | 47                                                 |              |         |       |         |          | 
     | picorv32_core_genblk1.pcpi_mul_mul_2371_47_cdnfadd | CI v -> CO v | ADDFX1  | 0.038 |   2.028 |    3.703 | 
     | 48                                                 |              |         |       |         |          | 
     | picorv32_core_genblk1.pcpi_mul_mul_2371_47_cdnfadd | CI v -> CO v | ADDFX1  | 0.035 |   2.063 |    3.738 | 
     | 49                                                 |              |         |       |         |          | 
     | picorv32_core_genblk1.pcpi_mul_mul_2371_47_cdnfadd | CI v -> CO v | ADDFX1  | 0.034 |   2.097 |    3.772 | 
     | 50                                                 |              |         |       |         |          | 
     | picorv32_core_genblk1.pcpi_mul_mul_2371_47_cdnfadd | CI v -> CO v | ADDFX1  | 0.034 |   2.131 |    3.806 | 
     | 51                                                 |              |         |       |         |          | 
     | picorv32_core_genblk1.pcpi_mul_mul_2371_47_cdnfadd | CI v -> CO v | ADDFX1  | 0.034 |   2.165 |    3.840 | 
     | 52                                                 |              |         |       |         |          | 
     | picorv32_core_genblk1.pcpi_mul_mul_2371_47_cdnfadd | CI v -> CO v | ADDFX1  | 0.033 |   2.199 |    3.874 | 
     | 53                                                 |              |         |       |         |          | 
     | picorv32_core_genblk1.pcpi_mul_mul_2371_47_cdnfadd | CI v -> CO v | ADDFX1  | 0.035 |   2.234 |    3.909 | 
     | 54                                                 |              |         |       |         |          | 
     | picorv32_core_genblk1.pcpi_mul_mul_2371_47_cdnfadd | CI v -> S ^  | ADDFX1  | 0.049 |   2.283 |    3.958 | 
     | 55                                                 |              |         |       |         |          | 
     | picorv32_core_genblk1.pcpi_mul_rd_reg[55]          | D ^          | SDFFQX1 | 0.000 |   2.283 |    3.958 | 
     +----------------------------------------------------------------------------------------------------------+ 
Path 10: MET Setup Check with Pin picorv32_core_genblk1.pcpi_mul_rd_reg[54]/CK 
Endpoint:   picorv32_core_genblk1.pcpi_mul_rd_reg[54]/D (^) checked with  
leading edge of 'clk'
Beginpoint: picorv32_core_genblk1.pcpi_mul_rs2_reg[5]/Q (^) triggered by  
leading edge of 'clk'
Path Groups: {reg2reg}
Analysis View: analysis1
Other End Arrival Time          0.004
- Setup                         0.025
+ Phase Shift                   4.000
- Uncertainty                   0.020
= Required Time                 3.959
- Arrival Time                  2.246
= Slack Time                    1.712
     Clock Rise Edge                 0.000
     + Clock Network Latency (Prop)  0.004
     = Beginpoint Arrival Time       0.004
     +----------------------------------------------------------------------------------------------------------+ 
     |                      Instance                      |     Arc      |  Cell   | Delay | Arrival | Required | 
     |                                                    |              |         |       |  Time   |   Time   | 
     |----------------------------------------------------+--------------+---------+-------+---------+----------| 
     | picorv32_core_genblk1.pcpi_mul_rs2_reg[5]          | CK ^         |         |       |   0.004 |    1.716 | 
     | picorv32_core_genblk1.pcpi_mul_rs2_reg[5]          | CK ^ -> Q ^  | SDFFQX1 | 0.126 |   0.131 |    1.843 | 
     | picorv32_core_genblk1.pcpi_mul_mul_2371_47_g14113  | A ^ -> Y v   | INVX1   | 0.049 |   0.179 |    1.892 | 
     | picorv32_core_genblk1.pcpi_mul_mul_2371_47_g13989  | B v -> Y ^   | XNOR2X1 | 0.031 |   0.210 |    1.922 | 
     | picorv32_core_genblk1.pcpi_mul_mul_2371_47_g13897  | A ^ -> Y ^   | OR2X1   | 0.091 |   0.301 |    2.013 | 
     | picorv32_core_genblk1.pcpi_mul_mul_2371_47_g13890  | A ^ -> Y v   | INVX1   | 0.056 |   0.356 |    2.069 | 
     | picorv32_core_genblk1.pcpi_mul_mul_2371_47_g13740  | A1 v -> Y ^  | OAI21X1 | 0.029 |   0.386 |    2.098 | 
     | picorv32_core_genblk1.pcpi_mul_mul_2371_47_g13495  | B ^ -> Y ^   | XNOR2X1 | 0.025 |   0.410 |    2.122 | 
     | picorv32_core_genblk1.pcpi_mul_mul_2371_47_g13440  | B ^ -> S v   | ADDHX1  | 0.031 |   0.441 |    2.153 | 
     | picorv32_core_genblk1.pcpi_mul_mul_2371_47_cdnfadd | A v -> CO v  | ADDFX1  | 0.035 |   0.476 |    2.189 | 
     | 3                                                  |              |         |       |         |          | 
     | picorv32_core_genblk1.pcpi_mul_mul_2371_47_cdnfadd | CI v -> CO v | ADDFX1  | 0.033 |   0.510 |    2.222 | 
     | 4                                                  |              |         |       |         |          | 
     | picorv32_core_genblk1.pcpi_mul_mul_2371_47_cdnfadd | CI v -> CO v | ADDFX1  | 0.034 |   0.543 |    2.256 | 
     | 5                                                  |              |         |       |         |          | 
     | picorv32_core_genblk1.pcpi_mul_mul_2371_47_cdnfadd | CI v -> CO v | ADDFX1  | 0.034 |   0.578 |    2.290 | 
     | 6                                                  |              |         |       |         |          | 
     | picorv32_core_genblk1.pcpi_mul_mul_2371_47_cdnfadd | CI v -> CO v | ADDFX1  | 0.034 |   0.612 |    2.324 | 
     | 7                                                  |              |         |       |         |          | 
     | picorv32_core_genblk1.pcpi_mul_mul_2371_47_cdnfadd | CI v -> CO v | ADDFX1  | 0.034 |   0.645 |    2.357 | 
     | 8                                                  |              |         |       |         |          | 
     | picorv32_core_genblk1.pcpi_mul_mul_2371_47_cdnfadd | CI v -> CO v | ADDFX1  | 0.034 |   0.680 |    2.392 | 
     | 9                                                  |              |         |       |         |          | 
     | picorv32_core_genblk1.pcpi_mul_mul_2371_47_cdnfadd | CI v -> CO v | ADDFX1  | 0.035 |   0.715 |    2.427 | 
     | 10                                                 |              |         |       |         |          | 
     | picorv32_core_genblk1.pcpi_mul_mul_2371_47_cdnfadd | CI v -> CO v | ADDFX1  | 0.034 |   0.749 |    2.461 | 
     | 11                                                 |              |         |       |         |          | 
     | picorv32_core_genblk1.pcpi_mul_mul_2371_47_cdnfadd | CI v -> CO v | ADDFX1  | 0.035 |   0.784 |    2.496 | 
     | 12                                                 |              |         |       |         |          | 
     | picorv32_core_genblk1.pcpi_mul_mul_2371_47_cdnfadd | CI v -> CO v | ADDFX1  | 0.035 |   0.819 |    2.531 | 
     | 13                                                 |              |         |       |         |          | 
     | picorv32_core_genblk1.pcpi_mul_mul_2371_47_cdnfadd | CI v -> CO v | ADDFX1  | 0.033 |   0.852 |    2.564 | 
     | 14                                                 |              |         |       |         |          | 
     | picorv32_core_genblk1.pcpi_mul_mul_2371_47_cdnfadd | CI v -> CO v | ADDFX1  | 0.034 |   0.886 |    2.598 | 
     | 15                                                 |              |         |       |         |          | 
     | picorv32_core_genblk1.pcpi_mul_mul_2371_47_cdnfadd | CI v -> CO v | ADDFX1  | 0.034 |   0.920 |    2.632 | 
     | 16                                                 |              |         |       |         |          | 
     | picorv32_core_genblk1.pcpi_mul_mul_2371_47_cdnfadd | CI v -> CO v | ADDFX1  | 0.034 |   0.954 |    2.666 | 
     | 17                                                 |              |         |       |         |          | 
     | picorv32_core_genblk1.pcpi_mul_mul_2371_47_cdnfadd | CI v -> CO v | ADDFX1  | 0.034 |   0.988 |    2.700 | 
     | 18                                                 |              |         |       |         |          | 
     | picorv32_core_genblk1.pcpi_mul_mul_2371_47_cdnfadd | CI v -> CO v | ADDFX1  | 0.034 |   1.022 |    2.734 | 
     | 19                                                 |              |         |       |         |          | 
     | picorv32_core_genblk1.pcpi_mul_mul_2371_47_cdnfadd | CI v -> CO v | ADDFX1  | 0.034 |   1.056 |    2.768 | 
     | 20                                                 |              |         |       |         |          | 
     | picorv32_core_genblk1.pcpi_mul_mul_2371_47_cdnfadd | CI v -> CO v | ADDFX1  | 0.034 |   1.090 |    2.802 | 
     | 21                                                 |              |         |       |         |          | 
     | picorv32_core_genblk1.pcpi_mul_mul_2371_47_cdnfadd | CI v -> CO v | ADDFX1  | 0.035 |   1.125 |    2.837 | 
     | 22                                                 |              |         |       |         |          | 
     | picorv32_core_genblk1.pcpi_mul_mul_2371_47_cdnfadd | CI v -> CO v | ADDFX1  | 0.039 |   1.163 |    2.876 | 
     | 23                                                 |              |         |       |         |          | 
     | picorv32_core_genblk1.pcpi_mul_mul_2371_47_cdnfadd | CI v -> CO v | ADDFX1  | 0.035 |   1.199 |    2.911 | 
     | 24                                                 |              |         |       |         |          | 
     | picorv32_core_genblk1.pcpi_mul_mul_2371_47_cdnfadd | CI v -> CO v | ADDFX1  | 0.033 |   1.232 |    2.944 | 
     | 25                                                 |              |         |       |         |          | 
     | picorv32_core_genblk1.pcpi_mul_mul_2371_47_cdnfadd | CI v -> CO v | ADDFX1  | 0.033 |   1.265 |    2.977 | 
     | 26                                                 |              |         |       |         |          | 
     | picorv32_core_genblk1.pcpi_mul_mul_2371_47_cdnfadd | CI v -> CO v | ADDFX1  | 0.033 |   1.299 |    3.011 | 
     | 27                                                 |              |         |       |         |          | 
     | picorv32_core_genblk1.pcpi_mul_mul_2371_47_cdnfadd | CI v -> CO v | ADDFX1  | 0.033 |   1.332 |    3.044 | 
     | 28                                                 |              |         |       |         |          | 
     | picorv32_core_genblk1.pcpi_mul_mul_2371_47_cdnfadd | CI v -> CO v | ADDFX1  | 0.033 |   1.365 |    3.077 | 
     | 29                                                 |              |         |       |         |          | 
     | picorv32_core_genblk1.pcpi_mul_mul_2371_47_cdnfadd | CI v -> CO v | ADDFX1  | 0.033 |   1.398 |    3.110 | 
     | 30                                                 |              |         |       |         |          | 
     | picorv32_core_genblk1.pcpi_mul_mul_2371_47_cdnfadd | CI v -> CO v | ADDFX1  | 0.036 |   1.434 |    3.146 | 
     | 31                                                 |              |         |       |         |          | 
     | picorv32_core_genblk1.pcpi_mul_mul_2371_47_cdnfadd | CI v -> CO v | ADDFX1  | 0.036 |   1.470 |    3.182 | 
     | 32                                                 |              |         |       |         |          | 
     | picorv32_core_genblk1.pcpi_mul_mul_2371_47_cdnfadd | CI v -> CO v | ADDFX1  | 0.034 |   1.504 |    3.216 | 
     | 33                                                 |              |         |       |         |          | 
     | picorv32_core_genblk1.pcpi_mul_mul_2371_47_cdnfadd | CI v -> CO v | ADDFX1  | 0.033 |   1.537 |    3.249 | 
     | 34                                                 |              |         |       |         |          | 
     | picorv32_core_genblk1.pcpi_mul_mul_2371_47_cdnfadd | CI v -> CO v | ADDFX1  | 0.034 |   1.570 |    3.283 | 
     | 35                                                 |              |         |       |         |          | 
     | picorv32_core_genblk1.pcpi_mul_mul_2371_47_cdnfadd | CI v -> CO v | ADDFX1  | 0.034 |   1.604 |    3.316 | 
     | 36                                                 |              |         |       |         |          | 
     | picorv32_core_genblk1.pcpi_mul_mul_2371_47_cdnfadd | CI v -> CO v | ADDFX1  | 0.033 |   1.638 |    3.350 | 
     | 37                                                 |              |         |       |         |          | 
     | picorv32_core_genblk1.pcpi_mul_mul_2371_47_cdnfadd | CI v -> CO v | ADDFX1  | 0.033 |   1.671 |    3.383 | 
     | 38                                                 |              |         |       |         |          | 
     | picorv32_core_genblk1.pcpi_mul_mul_2371_47_cdnfadd | CI v -> CO v | ADDFX1  | 0.033 |   1.704 |    3.417 | 
     | 39                                                 |              |         |       |         |          | 
     | picorv32_core_genblk1.pcpi_mul_mul_2371_47_cdnfadd | CI v -> CO v | ADDFX1  | 0.034 |   1.738 |    3.450 | 
     | 40                                                 |              |         |       |         |          | 
     | picorv32_core_genblk1.pcpi_mul_mul_2371_47_cdnfadd | CI v -> CO v | ADDFX1  | 0.034 |   1.772 |    3.485 | 
     | 41                                                 |              |         |       |         |          | 
     | picorv32_core_genblk1.pcpi_mul_mul_2371_47_cdnfadd | CI v -> CO v | ADDFX1  | 0.033 |   1.806 |    3.518 | 
     | 42                                                 |              |         |       |         |          | 
     | picorv32_core_genblk1.pcpi_mul_mul_2371_47_cdnfadd | CI v -> CO v | ADDFX1  | 0.035 |   1.841 |    3.553 | 
     | 43                                                 |              |         |       |         |          | 
     | picorv32_core_genblk1.pcpi_mul_mul_2371_47_cdnfadd | CI v -> CO v | ADDFX1  | 0.039 |   1.879 |    3.591 | 
     | 44                                                 |              |         |       |         |          | 
     | picorv32_core_genblk1.pcpi_mul_mul_2371_47_cdnfadd | CI v -> CO v | ADDFX1  | 0.036 |   1.916 |    3.628 | 
     | 45                                                 |              |         |       |         |          | 
     | picorv32_core_genblk1.pcpi_mul_mul_2371_47_cdnfadd | CI v -> CO v | ADDFX1  | 0.036 |   1.951 |    3.664 | 
     | 46                                                 |              |         |       |         |          | 
     | picorv32_core_genblk1.pcpi_mul_mul_2371_47_cdnfadd | CI v -> CO v | ADDFX1  | 0.038 |   1.990 |    3.702 | 
     | 47                                                 |              |         |       |         |          | 
     | picorv32_core_genblk1.pcpi_mul_mul_2371_47_cdnfadd | CI v -> CO v | ADDFX1  | 0.038 |   2.028 |    3.740 | 
     | 48                                                 |              |         |       |         |          | 
     | picorv32_core_genblk1.pcpi_mul_mul_2371_47_cdnfadd | CI v -> CO v | ADDFX1  | 0.035 |   2.063 |    3.776 | 
     | 49                                                 |              |         |       |         |          | 
     | picorv32_core_genblk1.pcpi_mul_mul_2371_47_cdnfadd | CI v -> CO v | ADDFX1  | 0.034 |   2.097 |    3.809 | 
     | 50                                                 |              |         |       |         |          | 
     | picorv32_core_genblk1.pcpi_mul_mul_2371_47_cdnfadd | CI v -> CO v | ADDFX1  | 0.034 |   2.131 |    3.844 | 
     | 51                                                 |              |         |       |         |          | 
     | picorv32_core_genblk1.pcpi_mul_mul_2371_47_cdnfadd | CI v -> CO v | ADDFX1  | 0.034 |   2.165 |    3.878 | 
     | 52                                                 |              |         |       |         |          | 
     | picorv32_core_genblk1.pcpi_mul_mul_2371_47_cdnfadd | CI v -> CO v | ADDFX1  | 0.033 |   2.199 |    3.911 | 
     | 53                                                 |              |         |       |         |          | 
     | picorv32_core_genblk1.pcpi_mul_mul_2371_47_cdnfadd | CI v -> S ^  | ADDFX1  | 0.048 |   2.246 |    3.959 | 
     | 54                                                 |              |         |       |         |          | 
     | picorv32_core_genblk1.pcpi_mul_rd_reg[54]          | D ^          | SDFFQX1 | 0.000 |   2.246 |    3.959 | 
     +----------------------------------------------------------------------------------------------------------+ 
Path 11: MET Setup Check with Pin picorv32_core_genblk1.pcpi_mul_rd_reg[53]/CK 
Endpoint:   picorv32_core_genblk1.pcpi_mul_rd_reg[53]/D (^) checked with  
leading edge of 'clk'
Beginpoint: picorv32_core_genblk1.pcpi_mul_rs2_reg[5]/Q (^) triggered by  
leading edge of 'clk'
Path Groups: {reg2reg}
Analysis View: analysis1
Other End Arrival Time          0.004
- Setup                         0.025
+ Phase Shift                   4.000
- Uncertainty                   0.020
= Required Time                 3.959
- Arrival Time                  2.213
= Slack Time                    1.745
     Clock Rise Edge                 0.000
     + Clock Network Latency (Prop)  0.004
     = Beginpoint Arrival Time       0.004
     +----------------------------------------------------------------------------------------------------------+ 
     |                      Instance                      |     Arc      |  Cell   | Delay | Arrival | Required | 
     |                                                    |              |         |       |  Time   |   Time   | 
     |----------------------------------------------------+--------------+---------+-------+---------+----------| 
     | picorv32_core_genblk1.pcpi_mul_rs2_reg[5]          | CK ^         |         |       |   0.004 |    1.749 | 
     | picorv32_core_genblk1.pcpi_mul_rs2_reg[5]          | CK ^ -> Q ^  | SDFFQX1 | 0.126 |   0.131 |    1.876 | 
     | picorv32_core_genblk1.pcpi_mul_mul_2371_47_g14113  | A ^ -> Y v   | INVX1   | 0.049 |   0.179 |    1.925 | 
     | picorv32_core_genblk1.pcpi_mul_mul_2371_47_g13989  | B v -> Y ^   | XNOR2X1 | 0.031 |   0.210 |    1.955 | 
     | picorv32_core_genblk1.pcpi_mul_mul_2371_47_g13897  | A ^ -> Y ^   | OR2X1   | 0.091 |   0.301 |    2.046 | 
     | picorv32_core_genblk1.pcpi_mul_mul_2371_47_g13890  | A ^ -> Y v   | INVX1   | 0.056 |   0.356 |    2.102 | 
     | picorv32_core_genblk1.pcpi_mul_mul_2371_47_g13740  | A1 v -> Y ^  | OAI21X1 | 0.029 |   0.386 |    2.131 | 
     | picorv32_core_genblk1.pcpi_mul_mul_2371_47_g13495  | B ^ -> Y ^   | XNOR2X1 | 0.025 |   0.410 |    2.155 | 
     | picorv32_core_genblk1.pcpi_mul_mul_2371_47_g13440  | B ^ -> S v   | ADDHX1  | 0.031 |   0.441 |    2.186 | 
     | picorv32_core_genblk1.pcpi_mul_mul_2371_47_cdnfadd | A v -> CO v  | ADDFX1  | 0.035 |   0.476 |    2.222 | 
     | 3                                                  |              |         |       |         |          | 
     | picorv32_core_genblk1.pcpi_mul_mul_2371_47_cdnfadd | CI v -> CO v | ADDFX1  | 0.033 |   0.510 |    2.255 | 
     | 4                                                  |              |         |       |         |          | 
     | picorv32_core_genblk1.pcpi_mul_mul_2371_47_cdnfadd | CI v -> CO v | ADDFX1  | 0.034 |   0.543 |    2.289 | 
     | 5                                                  |              |         |       |         |          | 
     | picorv32_core_genblk1.pcpi_mul_mul_2371_47_cdnfadd | CI v -> CO v | ADDFX1  | 0.034 |   0.578 |    2.323 | 
     | 6                                                  |              |         |       |         |          | 
     | picorv32_core_genblk1.pcpi_mul_mul_2371_47_cdnfadd | CI v -> CO v | ADDFX1  | 0.034 |   0.612 |    2.357 | 
     | 7                                                  |              |         |       |         |          | 
     | picorv32_core_genblk1.pcpi_mul_mul_2371_47_cdnfadd | CI v -> CO v | ADDFX1  | 0.034 |   0.645 |    2.390 | 
     | 8                                                  |              |         |       |         |          | 
     | picorv32_core_genblk1.pcpi_mul_mul_2371_47_cdnfadd | CI v -> CO v | ADDFX1  | 0.034 |   0.680 |    2.425 | 
     | 9                                                  |              |         |       |         |          | 
     | picorv32_core_genblk1.pcpi_mul_mul_2371_47_cdnfadd | CI v -> CO v | ADDFX1  | 0.035 |   0.715 |    2.460 | 
     | 10                                                 |              |         |       |         |          | 
     | picorv32_core_genblk1.pcpi_mul_mul_2371_47_cdnfadd | CI v -> CO v | ADDFX1  | 0.034 |   0.749 |    2.494 | 
     | 11                                                 |              |         |       |         |          | 
     | picorv32_core_genblk1.pcpi_mul_mul_2371_47_cdnfadd | CI v -> CO v | ADDFX1  | 0.035 |   0.784 |    2.529 | 
     | 12                                                 |              |         |       |         |          | 
     | picorv32_core_genblk1.pcpi_mul_mul_2371_47_cdnfadd | CI v -> CO v | ADDFX1  | 0.035 |   0.819 |    2.564 | 
     | 13                                                 |              |         |       |         |          | 
     | picorv32_core_genblk1.pcpi_mul_mul_2371_47_cdnfadd | CI v -> CO v | ADDFX1  | 0.033 |   0.852 |    2.597 | 
     | 14                                                 |              |         |       |         |          | 
     | picorv32_core_genblk1.pcpi_mul_mul_2371_47_cdnfadd | CI v -> CO v | ADDFX1  | 0.034 |   0.886 |    2.631 | 
     | 15                                                 |              |         |       |         |          | 
     | picorv32_core_genblk1.pcpi_mul_mul_2371_47_cdnfadd | CI v -> CO v | ADDFX1  | 0.034 |   0.920 |    2.665 | 
     | 16                                                 |              |         |       |         |          | 
     | picorv32_core_genblk1.pcpi_mul_mul_2371_47_cdnfadd | CI v -> CO v | ADDFX1  | 0.034 |   0.954 |    2.699 | 
     | 17                                                 |              |         |       |         |          | 
     | picorv32_core_genblk1.pcpi_mul_mul_2371_47_cdnfadd | CI v -> CO v | ADDFX1  | 0.034 |   0.988 |    2.733 | 
     | 18                                                 |              |         |       |         |          | 
     | picorv32_core_genblk1.pcpi_mul_mul_2371_47_cdnfadd | CI v -> CO v | ADDFX1  | 0.034 |   1.022 |    2.767 | 
     | 19                                                 |              |         |       |         |          | 
     | picorv32_core_genblk1.pcpi_mul_mul_2371_47_cdnfadd | CI v -> CO v | ADDFX1  | 0.034 |   1.056 |    2.801 | 
     | 20                                                 |              |         |       |         |          | 
     | picorv32_core_genblk1.pcpi_mul_mul_2371_47_cdnfadd | CI v -> CO v | ADDFX1  | 0.034 |   1.090 |    2.835 | 
     | 21                                                 |              |         |       |         |          | 
     | picorv32_core_genblk1.pcpi_mul_mul_2371_47_cdnfadd | CI v -> CO v | ADDFX1  | 0.035 |   1.125 |    2.870 | 
     | 22                                                 |              |         |       |         |          | 
     | picorv32_core_genblk1.pcpi_mul_mul_2371_47_cdnfadd | CI v -> CO v | ADDFX1  | 0.039 |   1.163 |    2.909 | 
     | 23                                                 |              |         |       |         |          | 
     | picorv32_core_genblk1.pcpi_mul_mul_2371_47_cdnfadd | CI v -> CO v | ADDFX1  | 0.035 |   1.199 |    2.944 | 
     | 24                                                 |              |         |       |         |          | 
     | picorv32_core_genblk1.pcpi_mul_mul_2371_47_cdnfadd | CI v -> CO v | ADDFX1  | 0.033 |   1.232 |    2.977 | 
     | 25                                                 |              |         |       |         |          | 
     | picorv32_core_genblk1.pcpi_mul_mul_2371_47_cdnfadd | CI v -> CO v | ADDFX1  | 0.033 |   1.265 |    3.010 | 
     | 26                                                 |              |         |       |         |          | 
     | picorv32_core_genblk1.pcpi_mul_mul_2371_47_cdnfadd | CI v -> CO v | ADDFX1  | 0.033 |   1.299 |    3.044 | 
     | 27                                                 |              |         |       |         |          | 
     | picorv32_core_genblk1.pcpi_mul_mul_2371_47_cdnfadd | CI v -> CO v | ADDFX1  | 0.033 |   1.332 |    3.077 | 
     | 28                                                 |              |         |       |         |          | 
     | picorv32_core_genblk1.pcpi_mul_mul_2371_47_cdnfadd | CI v -> CO v | ADDFX1  | 0.033 |   1.365 |    3.110 | 
     | 29                                                 |              |         |       |         |          | 
     | picorv32_core_genblk1.pcpi_mul_mul_2371_47_cdnfadd | CI v -> CO v | ADDFX1  | 0.033 |   1.398 |    3.143 | 
     | 30                                                 |              |         |       |         |          | 
     | picorv32_core_genblk1.pcpi_mul_mul_2371_47_cdnfadd | CI v -> CO v | ADDFX1  | 0.036 |   1.434 |    3.179 | 
     | 31                                                 |              |         |       |         |          | 
     | picorv32_core_genblk1.pcpi_mul_mul_2371_47_cdnfadd | CI v -> CO v | ADDFX1  | 0.036 |   1.470 |    3.215 | 
     | 32                                                 |              |         |       |         |          | 
     | picorv32_core_genblk1.pcpi_mul_mul_2371_47_cdnfadd | CI v -> CO v | ADDFX1  | 0.034 |   1.504 |    3.249 | 
     | 33                                                 |              |         |       |         |          | 
     | picorv32_core_genblk1.pcpi_mul_mul_2371_47_cdnfadd | CI v -> CO v | ADDFX1  | 0.033 |   1.537 |    3.282 | 
     | 34                                                 |              |         |       |         |          | 
     | picorv32_core_genblk1.pcpi_mul_mul_2371_47_cdnfadd | CI v -> CO v | ADDFX1  | 0.034 |   1.570 |    3.316 | 
     | 35                                                 |              |         |       |         |          | 
     | picorv32_core_genblk1.pcpi_mul_mul_2371_47_cdnfadd | CI v -> CO v | ADDFX1  | 0.034 |   1.604 |    3.349 | 
     | 36                                                 |              |         |       |         |          | 
     | picorv32_core_genblk1.pcpi_mul_mul_2371_47_cdnfadd | CI v -> CO v | ADDFX1  | 0.033 |   1.638 |    3.383 | 
     | 37                                                 |              |         |       |         |          | 
     | picorv32_core_genblk1.pcpi_mul_mul_2371_47_cdnfadd | CI v -> CO v | ADDFX1  | 0.033 |   1.671 |    3.416 | 
     | 38                                                 |              |         |       |         |          | 
     | picorv32_core_genblk1.pcpi_mul_mul_2371_47_cdnfadd | CI v -> CO v | ADDFX1  | 0.033 |   1.704 |    3.450 | 
     | 39                                                 |              |         |       |         |          | 
     | picorv32_core_genblk1.pcpi_mul_mul_2371_47_cdnfadd | CI v -> CO v | ADDFX1  | 0.034 |   1.738 |    3.483 | 
     | 40                                                 |              |         |       |         |          | 
     | picorv32_core_genblk1.pcpi_mul_mul_2371_47_cdnfadd | CI v -> CO v | ADDFX1  | 0.034 |   1.772 |    3.518 | 
     | 41                                                 |              |         |       |         |          | 
     | picorv32_core_genblk1.pcpi_mul_mul_2371_47_cdnfadd | CI v -> CO v | ADDFX1  | 0.033 |   1.806 |    3.551 | 
     | 42                                                 |              |         |       |         |          | 
     | picorv32_core_genblk1.pcpi_mul_mul_2371_47_cdnfadd | CI v -> CO v | ADDFX1  | 0.035 |   1.841 |    3.586 | 
     | 43                                                 |              |         |       |         |          | 
     | picorv32_core_genblk1.pcpi_mul_mul_2371_47_cdnfadd | CI v -> CO v | ADDFX1  | 0.039 |   1.879 |    3.624 | 
     | 44                                                 |              |         |       |         |          | 
     | picorv32_core_genblk1.pcpi_mul_mul_2371_47_cdnfadd | CI v -> CO v | ADDFX1  | 0.036 |   1.916 |    3.661 | 
     | 45                                                 |              |         |       |         |          | 
     | picorv32_core_genblk1.pcpi_mul_mul_2371_47_cdnfadd | CI v -> CO v | ADDFX1  | 0.036 |   1.951 |    3.697 | 
     | 46                                                 |              |         |       |         |          | 
     | picorv32_core_genblk1.pcpi_mul_mul_2371_47_cdnfadd | CI v -> CO v | ADDFX1  | 0.038 |   1.990 |    3.735 | 
     | 47                                                 |              |         |       |         |          | 
     | picorv32_core_genblk1.pcpi_mul_mul_2371_47_cdnfadd | CI v -> CO v | ADDFX1  | 0.038 |   2.028 |    3.773 | 
     | 48                                                 |              |         |       |         |          | 
     | picorv32_core_genblk1.pcpi_mul_mul_2371_47_cdnfadd | CI v -> CO v | ADDFX1  | 0.035 |   2.063 |    3.809 | 
     | 49                                                 |              |         |       |         |          | 
     | picorv32_core_genblk1.pcpi_mul_mul_2371_47_cdnfadd | CI v -> CO v | ADDFX1  | 0.034 |   2.097 |    3.842 | 
     | 50                                                 |              |         |       |         |          | 
     | picorv32_core_genblk1.pcpi_mul_mul_2371_47_cdnfadd | CI v -> CO v | ADDFX1  | 0.034 |   2.131 |    3.877 | 
     | 51                                                 |              |         |       |         |          | 
     | picorv32_core_genblk1.pcpi_mul_mul_2371_47_cdnfadd | CI v -> CO v | ADDFX1  | 0.034 |   2.165 |    3.911 | 
     | 52                                                 |              |         |       |         |          | 
     | picorv32_core_genblk1.pcpi_mul_mul_2371_47_cdnfadd | CI v -> S ^  | ADDFX1  | 0.048 |   2.213 |    3.959 | 
     | 53                                                 |              |         |       |         |          | 
     | picorv32_core_genblk1.pcpi_mul_rd_reg[53]          | D ^          | SDFFQX1 | 0.000 |   2.213 |    3.959 | 
     +----------------------------------------------------------------------------------------------------------+ 
Path 12: MET Setup Check with Pin picorv32_core_genblk1.pcpi_mul_rd_reg[52]/CK 
Endpoint:   picorv32_core_genblk1.pcpi_mul_rd_reg[52]/D (^) checked with  
leading edge of 'clk'
Beginpoint: picorv32_core_genblk1.pcpi_mul_rs2_reg[5]/Q (^) triggered by  
leading edge of 'clk'
Path Groups: {reg2reg}
Analysis View: analysis1
Other End Arrival Time          0.004
- Setup                         0.025
+ Phase Shift                   4.000
- Uncertainty                   0.020
= Required Time                 3.959
- Arrival Time                  2.179
= Slack Time                    1.779
     Clock Rise Edge                 0.000
     + Clock Network Latency (Prop)  0.004
     = Beginpoint Arrival Time       0.004
     +----------------------------------------------------------------------------------------------------------+ 
     |                      Instance                      |     Arc      |  Cell   | Delay | Arrival | Required | 
     |                                                    |              |         |       |  Time   |   Time   | 
     |----------------------------------------------------+--------------+---------+-------+---------+----------| 
     | picorv32_core_genblk1.pcpi_mul_rs2_reg[5]          | CK ^         |         |       |   0.004 |    1.784 | 
     | picorv32_core_genblk1.pcpi_mul_rs2_reg[5]          | CK ^ -> Q ^  | SDFFQX1 | 0.126 |   0.131 |    1.910 | 
     | picorv32_core_genblk1.pcpi_mul_mul_2371_47_g14113  | A ^ -> Y v   | INVX1   | 0.049 |   0.179 |    1.959 | 
     | picorv32_core_genblk1.pcpi_mul_mul_2371_47_g13989  | B v -> Y ^   | XNOR2X1 | 0.031 |   0.210 |    1.989 | 
     | picorv32_core_genblk1.pcpi_mul_mul_2371_47_g13897  | A ^ -> Y ^   | OR2X1   | 0.091 |   0.301 |    2.080 | 
     | picorv32_core_genblk1.pcpi_mul_mul_2371_47_g13890  | A ^ -> Y v   | INVX1   | 0.056 |   0.356 |    2.136 | 
     | picorv32_core_genblk1.pcpi_mul_mul_2371_47_g13740  | A1 v -> Y ^  | OAI21X1 | 0.029 |   0.386 |    2.165 | 
     | picorv32_core_genblk1.pcpi_mul_mul_2371_47_g13495  | B ^ -> Y ^   | XNOR2X1 | 0.025 |   0.410 |    2.190 | 
     | picorv32_core_genblk1.pcpi_mul_mul_2371_47_g13440  | B ^ -> S v   | ADDHX1  | 0.031 |   0.441 |    2.220 | 
     | picorv32_core_genblk1.pcpi_mul_mul_2371_47_cdnfadd | A v -> CO v  | ADDFX1  | 0.035 |   0.476 |    2.256 | 
     | 3                                                  |              |         |       |         |          | 
     | picorv32_core_genblk1.pcpi_mul_mul_2371_47_cdnfadd | CI v -> CO v | ADDFX1  | 0.033 |   0.510 |    2.289 | 
     | 4                                                  |              |         |       |         |          | 
     | picorv32_core_genblk1.pcpi_mul_mul_2371_47_cdnfadd | CI v -> CO v | ADDFX1  | 0.034 |   0.543 |    2.323 | 
     | 5                                                  |              |         |       |         |          | 
     | picorv32_core_genblk1.pcpi_mul_mul_2371_47_cdnfadd | CI v -> CO v | ADDFX1  | 0.034 |   0.578 |    2.357 | 
     | 6                                                  |              |         |       |         |          | 
     | picorv32_core_genblk1.pcpi_mul_mul_2371_47_cdnfadd | CI v -> CO v | ADDFX1  | 0.034 |   0.612 |    2.391 | 
     | 7                                                  |              |         |       |         |          | 
     | picorv32_core_genblk1.pcpi_mul_mul_2371_47_cdnfadd | CI v -> CO v | ADDFX1  | 0.034 |   0.645 |    2.425 | 
     | 8                                                  |              |         |       |         |          | 
     | picorv32_core_genblk1.pcpi_mul_mul_2371_47_cdnfadd | CI v -> CO v | ADDFX1  | 0.034 |   0.680 |    2.459 | 
     | 9                                                  |              |         |       |         |          | 
     | picorv32_core_genblk1.pcpi_mul_mul_2371_47_cdnfadd | CI v -> CO v | ADDFX1  | 0.035 |   0.715 |    2.494 | 
     | 10                                                 |              |         |       |         |          | 
     | picorv32_core_genblk1.pcpi_mul_mul_2371_47_cdnfadd | CI v -> CO v | ADDFX1  | 0.034 |   0.749 |    2.528 | 
     | 11                                                 |              |         |       |         |          | 
     | picorv32_core_genblk1.pcpi_mul_mul_2371_47_cdnfadd | CI v -> CO v | ADDFX1  | 0.035 |   0.784 |    2.563 | 
     | 12                                                 |              |         |       |         |          | 
     | picorv32_core_genblk1.pcpi_mul_mul_2371_47_cdnfadd | CI v -> CO v | ADDFX1  | 0.035 |   0.819 |    2.598 | 
     | 13                                                 |              |         |       |         |          | 
     | picorv32_core_genblk1.pcpi_mul_mul_2371_47_cdnfadd | CI v -> CO v | ADDFX1  | 0.033 |   0.852 |    2.631 | 
     | 14                                                 |              |         |       |         |          | 
     | picorv32_core_genblk1.pcpi_mul_mul_2371_47_cdnfadd | CI v -> CO v | ADDFX1  | 0.034 |   0.886 |    2.666 | 
     | 15                                                 |              |         |       |         |          | 
     | picorv32_core_genblk1.pcpi_mul_mul_2371_47_cdnfadd | CI v -> CO v | ADDFX1  | 0.034 |   0.920 |    2.699 | 
     | 16                                                 |              |         |       |         |          | 
     | picorv32_core_genblk1.pcpi_mul_mul_2371_47_cdnfadd | CI v -> CO v | ADDFX1  | 0.034 |   0.954 |    2.733 | 
     | 17                                                 |              |         |       |         |          | 
     | picorv32_core_genblk1.pcpi_mul_mul_2371_47_cdnfadd | CI v -> CO v | ADDFX1  | 0.034 |   0.988 |    2.767 | 
     | 18                                                 |              |         |       |         |          | 
     | picorv32_core_genblk1.pcpi_mul_mul_2371_47_cdnfadd | CI v -> CO v | ADDFX1  | 0.034 |   1.022 |    2.801 | 
     | 19                                                 |              |         |       |         |          | 
     | picorv32_core_genblk1.pcpi_mul_mul_2371_47_cdnfadd | CI v -> CO v | ADDFX1  | 0.034 |   1.056 |    2.835 | 
     | 20                                                 |              |         |       |         |          | 
     | picorv32_core_genblk1.pcpi_mul_mul_2371_47_cdnfadd | CI v -> CO v | ADDFX1  | 0.034 |   1.090 |    2.869 | 
     | 21                                                 |              |         |       |         |          | 
     | picorv32_core_genblk1.pcpi_mul_mul_2371_47_cdnfadd | CI v -> CO v | ADDFX1  | 0.035 |   1.125 |    2.904 | 
     | 22                                                 |              |         |       |         |          | 
     | picorv32_core_genblk1.pcpi_mul_mul_2371_47_cdnfadd | CI v -> CO v | ADDFX1  | 0.039 |   1.163 |    2.943 | 
     | 23                                                 |              |         |       |         |          | 
     | picorv32_core_genblk1.pcpi_mul_mul_2371_47_cdnfadd | CI v -> CO v | ADDFX1  | 0.035 |   1.199 |    2.978 | 
     | 24                                                 |              |         |       |         |          | 
     | picorv32_core_genblk1.pcpi_mul_mul_2371_47_cdnfadd | CI v -> CO v | ADDFX1  | 0.033 |   1.232 |    3.011 | 
     | 25                                                 |              |         |       |         |          | 
     | picorv32_core_genblk1.pcpi_mul_mul_2371_47_cdnfadd | CI v -> CO v | ADDFX1  | 0.033 |   1.265 |    3.045 | 
     | 26                                                 |              |         |       |         |          | 
     | picorv32_core_genblk1.pcpi_mul_mul_2371_47_cdnfadd | CI v -> CO v | ADDFX1  | 0.033 |   1.299 |    3.078 | 
     | 27                                                 |              |         |       |         |          | 
     | picorv32_core_genblk1.pcpi_mul_mul_2371_47_cdnfadd | CI v -> CO v | ADDFX1  | 0.033 |   1.332 |    3.111 | 
     | 28                                                 |              |         |       |         |          | 
     | picorv32_core_genblk1.pcpi_mul_mul_2371_47_cdnfadd | CI v -> CO v | ADDFX1  | 0.033 |   1.365 |    3.145 | 
     | 29                                                 |              |         |       |         |          | 
     | picorv32_core_genblk1.pcpi_mul_mul_2371_47_cdnfadd | CI v -> CO v | ADDFX1  | 0.033 |   1.398 |    3.178 | 
     | 30                                                 |              |         |       |         |          | 
     | picorv32_core_genblk1.pcpi_mul_mul_2371_47_cdnfadd | CI v -> CO v | ADDFX1  | 0.036 |   1.434 |    3.213 | 
     | 31                                                 |              |         |       |         |          | 
     | picorv32_core_genblk1.pcpi_mul_mul_2371_47_cdnfadd | CI v -> CO v | ADDFX1  | 0.036 |   1.470 |    3.249 | 
     | 32                                                 |              |         |       |         |          | 
     | picorv32_core_genblk1.pcpi_mul_mul_2371_47_cdnfadd | CI v -> CO v | ADDFX1  | 0.034 |   1.504 |    3.283 | 
     | 33                                                 |              |         |       |         |          | 
     | picorv32_core_genblk1.pcpi_mul_mul_2371_47_cdnfadd | CI v -> CO v | ADDFX1  | 0.033 |   1.537 |    3.316 | 
     | 34                                                 |              |         |       |         |          | 
     | picorv32_core_genblk1.pcpi_mul_mul_2371_47_cdnfadd | CI v -> CO v | ADDFX1  | 0.034 |   1.570 |    3.350 | 
     | 35                                                 |              |         |       |         |          | 
     | picorv32_core_genblk1.pcpi_mul_mul_2371_47_cdnfadd | CI v -> CO v | ADDFX1  | 0.034 |   1.604 |    3.384 | 
     | 36                                                 |              |         |       |         |          | 
     | picorv32_core_genblk1.pcpi_mul_mul_2371_47_cdnfadd | CI v -> CO v | ADDFX1  | 0.033 |   1.638 |    3.417 | 
     | 37                                                 |              |         |       |         |          | 
     | picorv32_core_genblk1.pcpi_mul_mul_2371_47_cdnfadd | CI v -> CO v | ADDFX1  | 0.033 |   1.671 |    3.450 | 
     | 38                                                 |              |         |       |         |          | 
     | picorv32_core_genblk1.pcpi_mul_mul_2371_47_cdnfadd | CI v -> CO v | ADDFX1  | 0.033 |   1.704 |    3.484 | 
     | 39                                                 |              |         |       |         |          | 
     | picorv32_core_genblk1.pcpi_mul_mul_2371_47_cdnfadd | CI v -> CO v | ADDFX1  | 0.034 |   1.738 |    3.518 | 
     | 40                                                 |              |         |       |         |          | 
     | picorv32_core_genblk1.pcpi_mul_mul_2371_47_cdnfadd | CI v -> CO v | ADDFX1  | 0.034 |   1.772 |    3.552 | 
     | 41                                                 |              |         |       |         |          | 
     | picorv32_core_genblk1.pcpi_mul_mul_2371_47_cdnfadd | CI v -> CO v | ADDFX1  | 0.033 |   1.806 |    3.585 | 
     | 42                                                 |              |         |       |         |          | 
     | picorv32_core_genblk1.pcpi_mul_mul_2371_47_cdnfadd | CI v -> CO v | ADDFX1  | 0.035 |   1.841 |    3.620 | 
     | 43                                                 |              |         |       |         |          | 
     | picorv32_core_genblk1.pcpi_mul_mul_2371_47_cdnfadd | CI v -> CO v | ADDFX1  | 0.039 |   1.879 |    3.659 | 
     | 44                                                 |              |         |       |         |          | 
     | picorv32_core_genblk1.pcpi_mul_mul_2371_47_cdnfadd | CI v -> CO v | ADDFX1  | 0.036 |   1.916 |    3.695 | 
     | 45                                                 |              |         |       |         |          | 
     | picorv32_core_genblk1.pcpi_mul_mul_2371_47_cdnfadd | CI v -> CO v | ADDFX1  | 0.036 |   1.951 |    3.731 | 
     | 46                                                 |              |         |       |         |          | 
     | picorv32_core_genblk1.pcpi_mul_mul_2371_47_cdnfadd | CI v -> CO v | ADDFX1  | 0.038 |   1.990 |    3.769 | 
     | 47                                                 |              |         |       |         |          | 
     | picorv32_core_genblk1.pcpi_mul_mul_2371_47_cdnfadd | CI v -> CO v | ADDFX1  | 0.038 |   2.028 |    3.807 | 
     | 48                                                 |              |         |       |         |          | 
     | picorv32_core_genblk1.pcpi_mul_mul_2371_47_cdnfadd | CI v -> CO v | ADDFX1  | 0.035 |   2.063 |    3.843 | 
     | 49                                                 |              |         |       |         |          | 
     | picorv32_core_genblk1.pcpi_mul_mul_2371_47_cdnfadd | CI v -> CO v | ADDFX1  | 0.034 |   2.097 |    3.877 | 
     | 50                                                 |              |         |       |         |          | 
     | picorv32_core_genblk1.pcpi_mul_mul_2371_47_cdnfadd | CI v -> CO v | ADDFX1  | 0.034 |   2.131 |    3.911 | 
     | 51                                                 |              |         |       |         |          | 
     | picorv32_core_genblk1.pcpi_mul_mul_2371_47_cdnfadd | CI v -> S ^  | ADDFX1  | 0.048 |   2.179 |    3.959 | 
     | 52                                                 |              |         |       |         |          | 
     | picorv32_core_genblk1.pcpi_mul_rd_reg[52]          | D ^          | SDFFQX1 | 0.000 |   2.179 |    3.959 | 
     +----------------------------------------------------------------------------------------------------------+ 
Path 13: MET Setup Check with Pin picorv32_core_genblk1.pcpi_mul_rd_reg[51]/CK 
Endpoint:   picorv32_core_genblk1.pcpi_mul_rd_reg[51]/D (^) checked with  
leading edge of 'clk'
Beginpoint: picorv32_core_genblk1.pcpi_mul_rs2_reg[5]/Q (^) triggered by  
leading edge of 'clk'
Path Groups: {reg2reg}
Analysis View: analysis1
Other End Arrival Time          0.004
- Setup                         0.025
+ Phase Shift                   4.000
- Uncertainty                   0.020
= Required Time                 3.958
- Arrival Time                  2.146
= Slack Time                    1.812
     Clock Rise Edge                 0.000
     + Clock Network Latency (Prop)  0.004
     = Beginpoint Arrival Time       0.004
     +----------------------------------------------------------------------------------------------------------+ 
     |                      Instance                      |     Arc      |  Cell   | Delay | Arrival | Required | 
     |                                                    |              |         |       |  Time   |   Time   | 
     |----------------------------------------------------+--------------+---------+-------+---------+----------| 
     | picorv32_core_genblk1.pcpi_mul_rs2_reg[5]          | CK ^         |         |       |   0.004 |    1.816 | 
     | picorv32_core_genblk1.pcpi_mul_rs2_reg[5]          | CK ^ -> Q ^  | SDFFQX1 | 0.126 |   0.131 |    1.942 | 
     | picorv32_core_genblk1.pcpi_mul_mul_2371_47_g14113  | A ^ -> Y v   | INVX1   | 0.049 |   0.179 |    1.991 | 
     | picorv32_core_genblk1.pcpi_mul_mul_2371_47_g13989  | B v -> Y ^   | XNOR2X1 | 0.031 |   0.210 |    2.022 | 
     | picorv32_core_genblk1.pcpi_mul_mul_2371_47_g13897  | A ^ -> Y ^   | OR2X1   | 0.091 |   0.301 |    2.113 | 
     | picorv32_core_genblk1.pcpi_mul_mul_2371_47_g13890  | A ^ -> Y v   | INVX1   | 0.056 |   0.356 |    2.168 | 
     | picorv32_core_genblk1.pcpi_mul_mul_2371_47_g13740  | A1 v -> Y ^  | OAI21X1 | 0.029 |   0.386 |    2.197 | 
     | picorv32_core_genblk1.pcpi_mul_mul_2371_47_g13495  | B ^ -> Y ^   | XNOR2X1 | 0.025 |   0.410 |    2.222 | 
     | picorv32_core_genblk1.pcpi_mul_mul_2371_47_g13440  | B ^ -> S v   | ADDHX1  | 0.031 |   0.441 |    2.253 | 
     | picorv32_core_genblk1.pcpi_mul_mul_2371_47_cdnfadd | A v -> CO v  | ADDFX1  | 0.035 |   0.476 |    2.288 | 
     | 3                                                  |              |         |       |         |          | 
     | picorv32_core_genblk1.pcpi_mul_mul_2371_47_cdnfadd | CI v -> CO v | ADDFX1  | 0.033 |   0.510 |    2.321 | 
     | 4                                                  |              |         |       |         |          | 
     | picorv32_core_genblk1.pcpi_mul_mul_2371_47_cdnfadd | CI v -> CO v | ADDFX1  | 0.034 |   0.543 |    2.355 | 
     | 5                                                  |              |         |       |         |          | 
     | picorv32_core_genblk1.pcpi_mul_mul_2371_47_cdnfadd | CI v -> CO v | ADDFX1  | 0.034 |   0.578 |    2.389 | 
     | 6                                                  |              |         |       |         |          | 
     | picorv32_core_genblk1.pcpi_mul_mul_2371_47_cdnfadd | CI v -> CO v | ADDFX1  | 0.034 |   0.612 |    2.423 | 
     | 7                                                  |              |         |       |         |          | 
     | picorv32_core_genblk1.pcpi_mul_mul_2371_47_cdnfadd | CI v -> CO v | ADDFX1  | 0.034 |   0.645 |    2.457 | 
     | 8                                                  |              |         |       |         |          | 
     | picorv32_core_genblk1.pcpi_mul_mul_2371_47_cdnfadd | CI v -> CO v | ADDFX1  | 0.034 |   0.680 |    2.491 | 
     | 9                                                  |              |         |       |         |          | 
     | picorv32_core_genblk1.pcpi_mul_mul_2371_47_cdnfadd | CI v -> CO v | ADDFX1  | 0.035 |   0.715 |    2.527 | 
     | 10                                                 |              |         |       |         |          | 
     | picorv32_core_genblk1.pcpi_mul_mul_2371_47_cdnfadd | CI v -> CO v | ADDFX1  | 0.034 |   0.749 |    2.560 | 
     | 11                                                 |              |         |       |         |          | 
     | picorv32_core_genblk1.pcpi_mul_mul_2371_47_cdnfadd | CI v -> CO v | ADDFX1  | 0.035 |   0.784 |    2.595 | 
     | 12                                                 |              |         |       |         |          | 
     | picorv32_core_genblk1.pcpi_mul_mul_2371_47_cdnfadd | CI v -> CO v | ADDFX1  | 0.035 |   0.819 |    2.630 | 
     | 13                                                 |              |         |       |         |          | 
     | picorv32_core_genblk1.pcpi_mul_mul_2371_47_cdnfadd | CI v -> CO v | ADDFX1  | 0.033 |   0.852 |    2.664 | 
     | 14                                                 |              |         |       |         |          | 
     | picorv32_core_genblk1.pcpi_mul_mul_2371_47_cdnfadd | CI v -> CO v | ADDFX1  | 0.034 |   0.886 |    2.698 | 
     | 15                                                 |              |         |       |         |          | 
     | picorv32_core_genblk1.pcpi_mul_mul_2371_47_cdnfadd | CI v -> CO v | ADDFX1  | 0.034 |   0.920 |    2.731 | 
     | 16                                                 |              |         |       |         |          | 
     | picorv32_core_genblk1.pcpi_mul_mul_2371_47_cdnfadd | CI v -> CO v | ADDFX1  | 0.034 |   0.954 |    2.765 | 
     | 17                                                 |              |         |       |         |          | 
     | picorv32_core_genblk1.pcpi_mul_mul_2371_47_cdnfadd | CI v -> CO v | ADDFX1  | 0.034 |   0.988 |    2.799 | 
     | 18                                                 |              |         |       |         |          | 
     | picorv32_core_genblk1.pcpi_mul_mul_2371_47_cdnfadd | CI v -> CO v | ADDFX1  | 0.034 |   1.022 |    2.833 | 
     | 19                                                 |              |         |       |         |          | 
     | picorv32_core_genblk1.pcpi_mul_mul_2371_47_cdnfadd | CI v -> CO v | ADDFX1  | 0.034 |   1.056 |    2.867 | 
     | 20                                                 |              |         |       |         |          | 
     | picorv32_core_genblk1.pcpi_mul_mul_2371_47_cdnfadd | CI v -> CO v | ADDFX1  | 0.034 |   1.090 |    2.902 | 
     | 21                                                 |              |         |       |         |          | 
     | picorv32_core_genblk1.pcpi_mul_mul_2371_47_cdnfadd | CI v -> CO v | ADDFX1  | 0.035 |   1.125 |    2.936 | 
     | 22                                                 |              |         |       |         |          | 
     | picorv32_core_genblk1.pcpi_mul_mul_2371_47_cdnfadd | CI v -> CO v | ADDFX1  | 0.039 |   1.163 |    2.975 | 
     | 23                                                 |              |         |       |         |          | 
     | picorv32_core_genblk1.pcpi_mul_mul_2371_47_cdnfadd | CI v -> CO v | ADDFX1  | 0.035 |   1.199 |    3.010 | 
     | 24                                                 |              |         |       |         |          | 
     | picorv32_core_genblk1.pcpi_mul_mul_2371_47_cdnfadd | CI v -> CO v | ADDFX1  | 0.033 |   1.232 |    3.044 | 
     | 25                                                 |              |         |       |         |          | 
     | picorv32_core_genblk1.pcpi_mul_mul_2371_47_cdnfadd | CI v -> CO v | ADDFX1  | 0.033 |   1.265 |    3.077 | 
     | 26                                                 |              |         |       |         |          | 
     | picorv32_core_genblk1.pcpi_mul_mul_2371_47_cdnfadd | CI v -> CO v | ADDFX1  | 0.033 |   1.299 |    3.110 | 
     | 27                                                 |              |         |       |         |          | 
     | picorv32_core_genblk1.pcpi_mul_mul_2371_47_cdnfadd | CI v -> CO v | ADDFX1  | 0.033 |   1.332 |    3.144 | 
     | 28                                                 |              |         |       |         |          | 
     | picorv32_core_genblk1.pcpi_mul_mul_2371_47_cdnfadd | CI v -> CO v | ADDFX1  | 0.033 |   1.365 |    3.177 | 
     | 29                                                 |              |         |       |         |          | 
     | picorv32_core_genblk1.pcpi_mul_mul_2371_47_cdnfadd | CI v -> CO v | ADDFX1  | 0.033 |   1.398 |    3.210 | 
     | 30                                                 |              |         |       |         |          | 
     | picorv32_core_genblk1.pcpi_mul_mul_2371_47_cdnfadd | CI v -> CO v | ADDFX1  | 0.036 |   1.434 |    3.245 | 
     | 31                                                 |              |         |       |         |          | 
     | picorv32_core_genblk1.pcpi_mul_mul_2371_47_cdnfadd | CI v -> CO v | ADDFX1  | 0.036 |   1.470 |    3.281 | 
     | 32                                                 |              |         |       |         |          | 
     | picorv32_core_genblk1.pcpi_mul_mul_2371_47_cdnfadd | CI v -> CO v | ADDFX1  | 0.034 |   1.504 |    3.315 | 
     | 33                                                 |              |         |       |         |          | 
     | picorv32_core_genblk1.pcpi_mul_mul_2371_47_cdnfadd | CI v -> CO v | ADDFX1  | 0.033 |   1.537 |    3.348 | 
     | 34                                                 |              |         |       |         |          | 
     | picorv32_core_genblk1.pcpi_mul_mul_2371_47_cdnfadd | CI v -> CO v | ADDFX1  | 0.034 |   1.570 |    3.382 | 
     | 35                                                 |              |         |       |         |          | 
     | picorv32_core_genblk1.pcpi_mul_mul_2371_47_cdnfadd | CI v -> CO v | ADDFX1  | 0.034 |   1.604 |    3.416 | 
     | 36                                                 |              |         |       |         |          | 
     | picorv32_core_genblk1.pcpi_mul_mul_2371_47_cdnfadd | CI v -> CO v | ADDFX1  | 0.033 |   1.638 |    3.449 | 
     | 37                                                 |              |         |       |         |          | 
     | picorv32_core_genblk1.pcpi_mul_mul_2371_47_cdnfadd | CI v -> CO v | ADDFX1  | 0.033 |   1.671 |    3.483 | 
     | 38                                                 |              |         |       |         |          | 
     | picorv32_core_genblk1.pcpi_mul_mul_2371_47_cdnfadd | CI v -> CO v | ADDFX1  | 0.033 |   1.704 |    3.516 | 
     | 39                                                 |              |         |       |         |          | 
     | picorv32_core_genblk1.pcpi_mul_mul_2371_47_cdnfadd | CI v -> CO v | ADDFX1  | 0.034 |   1.738 |    3.550 | 
     | 40                                                 |              |         |       |         |          | 
     | picorv32_core_genblk1.pcpi_mul_mul_2371_47_cdnfadd | CI v -> CO v | ADDFX1  | 0.034 |   1.772 |    3.584 | 
     | 41                                                 |              |         |       |         |          | 
     | picorv32_core_genblk1.pcpi_mul_mul_2371_47_cdnfadd | CI v -> CO v | ADDFX1  | 0.033 |   1.806 |    3.617 | 
     | 42                                                 |              |         |       |         |          | 
     | picorv32_core_genblk1.pcpi_mul_mul_2371_47_cdnfadd | CI v -> CO v | ADDFX1  | 0.035 |   1.841 |    3.652 | 
     | 43                                                 |              |         |       |         |          | 
     | picorv32_core_genblk1.pcpi_mul_mul_2371_47_cdnfadd | CI v -> CO v | ADDFX1  | 0.039 |   1.879 |    3.691 | 
     | 44                                                 |              |         |       |         |          | 
     | picorv32_core_genblk1.pcpi_mul_mul_2371_47_cdnfadd | CI v -> CO v | ADDFX1  | 0.036 |   1.916 |    3.727 | 
     | 45                                                 |              |         |       |         |          | 
     | picorv32_core_genblk1.pcpi_mul_mul_2371_47_cdnfadd | CI v -> CO v | ADDFX1  | 0.036 |   1.951 |    3.763 | 
     | 46                                                 |              |         |       |         |          | 
     | picorv32_core_genblk1.pcpi_mul_mul_2371_47_cdnfadd | CI v -> CO v | ADDFX1  | 0.038 |   1.990 |    3.801 | 
     | 47                                                 |              |         |       |         |          | 
     | picorv32_core_genblk1.pcpi_mul_mul_2371_47_cdnfadd | CI v -> CO v | ADDFX1  | 0.038 |   2.028 |    3.840 | 
     | 48                                                 |              |         |       |         |          | 
     | picorv32_core_genblk1.pcpi_mul_mul_2371_47_cdnfadd | CI v -> CO v | ADDFX1  | 0.035 |   2.063 |    3.875 | 
     | 49                                                 |              |         |       |         |          | 
     | picorv32_core_genblk1.pcpi_mul_mul_2371_47_cdnfadd | CI v -> CO v | ADDFX1  | 0.034 |   2.097 |    3.909 | 
     | 50                                                 |              |         |       |         |          | 
     | picorv32_core_genblk1.pcpi_mul_mul_2371_47_cdnfadd | CI v -> S ^  | ADDFX1  | 0.049 |   2.146 |    3.958 | 
     | 51                                                 |              |         |       |         |          | 
     | picorv32_core_genblk1.pcpi_mul_rd_reg[51]          | D ^          | SDFFQX1 | 0.000 |   2.146 |    3.958 | 
     +----------------------------------------------------------------------------------------------------------+ 
Path 14: MET Setup Check with Pin picorv32_core_genblk1.pcpi_mul_rd_reg[50]/CK 
Endpoint:   picorv32_core_genblk1.pcpi_mul_rd_reg[50]/D (^) checked with  
leading edge of 'clk'
Beginpoint: picorv32_core_genblk1.pcpi_mul_rs2_reg[5]/Q (^) triggered by  
leading edge of 'clk'
Path Groups: {reg2reg}
Analysis View: analysis1
Other End Arrival Time          0.004
- Setup                         0.026
+ Phase Shift                   4.000
- Uncertainty                   0.020
= Required Time                 3.958
- Arrival Time                  2.114
= Slack Time                    1.844
     Clock Rise Edge                 0.000
     + Clock Network Latency (Prop)  0.004
     = Beginpoint Arrival Time       0.004
     +----------------------------------------------------------------------------------------------------------+ 
     |                      Instance                      |     Arc      |  Cell   | Delay | Arrival | Required | 
     |                                                    |              |         |       |  Time   |   Time   | 
     |----------------------------------------------------+--------------+---------+-------+---------+----------| 
     | picorv32_core_genblk1.pcpi_mul_rs2_reg[5]          | CK ^         |         |       |   0.004 |    1.848 | 
     | picorv32_core_genblk1.pcpi_mul_rs2_reg[5]          | CK ^ -> Q ^  | SDFFQX1 | 0.126 |   0.131 |    1.975 | 
     | picorv32_core_genblk1.pcpi_mul_mul_2371_47_g14113  | A ^ -> Y v   | INVX1   | 0.049 |   0.179 |    2.024 | 
     | picorv32_core_genblk1.pcpi_mul_mul_2371_47_g13989  | B v -> Y ^   | XNOR2X1 | 0.031 |   0.210 |    2.054 | 
     | picorv32_core_genblk1.pcpi_mul_mul_2371_47_g13897  | A ^ -> Y ^   | OR2X1   | 0.091 |   0.301 |    2.145 | 
     | picorv32_core_genblk1.pcpi_mul_mul_2371_47_g13890  | A ^ -> Y v   | INVX1   | 0.056 |   0.356 |    2.201 | 
     | picorv32_core_genblk1.pcpi_mul_mul_2371_47_g13740  | A1 v -> Y ^  | OAI21X1 | 0.029 |   0.386 |    2.230 | 
     | picorv32_core_genblk1.pcpi_mul_mul_2371_47_g13495  | B ^ -> Y ^   | XNOR2X1 | 0.025 |   0.410 |    2.254 | 
     | picorv32_core_genblk1.pcpi_mul_mul_2371_47_g13440  | B ^ -> S v   | ADDHX1  | 0.031 |   0.441 |    2.285 | 
     | picorv32_core_genblk1.pcpi_mul_mul_2371_47_cdnfadd | A v -> CO v  | ADDFX1  | 0.035 |   0.476 |    2.321 | 
     | 3                                                  |              |         |       |         |          | 
     | picorv32_core_genblk1.pcpi_mul_mul_2371_47_cdnfadd | CI v -> CO v | ADDFX1  | 0.033 |   0.510 |    2.354 | 
     | 4                                                  |              |         |       |         |          | 
     | picorv32_core_genblk1.pcpi_mul_mul_2371_47_cdnfadd | CI v -> CO v | ADDFX1  | 0.034 |   0.543 |    2.388 | 
     | 5                                                  |              |         |       |         |          | 
     | picorv32_core_genblk1.pcpi_mul_mul_2371_47_cdnfadd | CI v -> CO v | ADDFX1  | 0.034 |   0.578 |    2.422 | 
     | 6                                                  |              |         |       |         |          | 
     | picorv32_core_genblk1.pcpi_mul_mul_2371_47_cdnfadd | CI v -> CO v | ADDFX1  | 0.034 |   0.612 |    2.456 | 
     | 7                                                  |              |         |       |         |          | 
     | picorv32_core_genblk1.pcpi_mul_mul_2371_47_cdnfadd | CI v -> CO v | ADDFX1  | 0.034 |   0.645 |    2.489 | 
     | 8                                                  |              |         |       |         |          | 
     | picorv32_core_genblk1.pcpi_mul_mul_2371_47_cdnfadd | CI v -> CO v | ADDFX1  | 0.034 |   0.680 |    2.524 | 
     | 9                                                  |              |         |       |         |          | 
     | picorv32_core_genblk1.pcpi_mul_mul_2371_47_cdnfadd | CI v -> CO v | ADDFX1  | 0.035 |   0.715 |    2.559 | 
     | 10                                                 |              |         |       |         |          | 
     | picorv32_core_genblk1.pcpi_mul_mul_2371_47_cdnfadd | CI v -> CO v | ADDFX1  | 0.034 |   0.749 |    2.593 | 
     | 11                                                 |              |         |       |         |          | 
     | picorv32_core_genblk1.pcpi_mul_mul_2371_47_cdnfadd | CI v -> CO v | ADDFX1  | 0.035 |   0.784 |    2.628 | 
     | 12                                                 |              |         |       |         |          | 
     | picorv32_core_genblk1.pcpi_mul_mul_2371_47_cdnfadd | CI v -> CO v | ADDFX1  | 0.035 |   0.819 |    2.663 | 
     | 13                                                 |              |         |       |         |          | 
     | picorv32_core_genblk1.pcpi_mul_mul_2371_47_cdnfadd | CI v -> CO v | ADDFX1  | 0.033 |   0.852 |    2.696 | 
     | 14                                                 |              |         |       |         |          | 
     | picorv32_core_genblk1.pcpi_mul_mul_2371_47_cdnfadd | CI v -> CO v | ADDFX1  | 0.034 |   0.886 |    2.730 | 
     | 15                                                 |              |         |       |         |          | 
     | picorv32_core_genblk1.pcpi_mul_mul_2371_47_cdnfadd | CI v -> CO v | ADDFX1  | 0.034 |   0.920 |    2.764 | 
     | 16                                                 |              |         |       |         |          | 
     | picorv32_core_genblk1.pcpi_mul_mul_2371_47_cdnfadd | CI v -> CO v | ADDFX1  | 0.034 |   0.954 |    2.798 | 
     | 17                                                 |              |         |       |         |          | 
     | picorv32_core_genblk1.pcpi_mul_mul_2371_47_cdnfadd | CI v -> CO v | ADDFX1  | 0.034 |   0.988 |    2.832 | 
     | 18                                                 |              |         |       |         |          | 
     | picorv32_core_genblk1.pcpi_mul_mul_2371_47_cdnfadd | CI v -> CO v | ADDFX1  | 0.034 |   1.022 |    2.866 | 
     | 19                                                 |              |         |       |         |          | 
     | picorv32_core_genblk1.pcpi_mul_mul_2371_47_cdnfadd | CI v -> CO v | ADDFX1  | 0.034 |   1.056 |    2.900 | 
     | 20                                                 |              |         |       |         |          | 
     | picorv32_core_genblk1.pcpi_mul_mul_2371_47_cdnfadd | CI v -> CO v | ADDFX1  | 0.034 |   1.090 |    2.934 | 
     | 21                                                 |              |         |       |         |          | 
     | picorv32_core_genblk1.pcpi_mul_mul_2371_47_cdnfadd | CI v -> CO v | ADDFX1  | 0.035 |   1.125 |    2.969 | 
     | 22                                                 |              |         |       |         |          | 
     | picorv32_core_genblk1.pcpi_mul_mul_2371_47_cdnfadd | CI v -> CO v | ADDFX1  | 0.039 |   1.163 |    3.008 | 
     | 23                                                 |              |         |       |         |          | 
     | picorv32_core_genblk1.pcpi_mul_mul_2371_47_cdnfadd | CI v -> CO v | ADDFX1  | 0.035 |   1.199 |    3.043 | 
     | 24                                                 |              |         |       |         |          | 
     | picorv32_core_genblk1.pcpi_mul_mul_2371_47_cdnfadd | CI v -> CO v | ADDFX1  | 0.033 |   1.232 |    3.076 | 
     | 25                                                 |              |         |       |         |          | 
     | picorv32_core_genblk1.pcpi_mul_mul_2371_47_cdnfadd | CI v -> CO v | ADDFX1  | 0.033 |   1.265 |    3.109 | 
     | 26                                                 |              |         |       |         |          | 
     | picorv32_core_genblk1.pcpi_mul_mul_2371_47_cdnfadd | CI v -> CO v | ADDFX1  | 0.033 |   1.299 |    3.143 | 
     | 27                                                 |              |         |       |         |          | 
     | picorv32_core_genblk1.pcpi_mul_mul_2371_47_cdnfadd | CI v -> CO v | ADDFX1  | 0.033 |   1.332 |    3.176 | 
     | 28                                                 |              |         |       |         |          | 
     | picorv32_core_genblk1.pcpi_mul_mul_2371_47_cdnfadd | CI v -> CO v | ADDFX1  | 0.033 |   1.365 |    3.209 | 
     | 29                                                 |              |         |       |         |          | 
     | picorv32_core_genblk1.pcpi_mul_mul_2371_47_cdnfadd | CI v -> CO v | ADDFX1  | 0.033 |   1.398 |    3.242 | 
     | 30                                                 |              |         |       |         |          | 
     | picorv32_core_genblk1.pcpi_mul_mul_2371_47_cdnfadd | CI v -> CO v | ADDFX1  | 0.036 |   1.434 |    3.278 | 
     | 31                                                 |              |         |       |         |          | 
     | picorv32_core_genblk1.pcpi_mul_mul_2371_47_cdnfadd | CI v -> CO v | ADDFX1  | 0.036 |   1.470 |    3.314 | 
     | 32                                                 |              |         |       |         |          | 
     | picorv32_core_genblk1.pcpi_mul_mul_2371_47_cdnfadd | CI v -> CO v | ADDFX1  | 0.034 |   1.504 |    3.348 | 
     | 33                                                 |              |         |       |         |          | 
     | picorv32_core_genblk1.pcpi_mul_mul_2371_47_cdnfadd | CI v -> CO v | ADDFX1  | 0.033 |   1.537 |    3.381 | 
     | 34                                                 |              |         |       |         |          | 
     | picorv32_core_genblk1.pcpi_mul_mul_2371_47_cdnfadd | CI v -> CO v | ADDFX1  | 0.034 |   1.570 |    3.415 | 
     | 35                                                 |              |         |       |         |          | 
     | picorv32_core_genblk1.pcpi_mul_mul_2371_47_cdnfadd | CI v -> CO v | ADDFX1  | 0.034 |   1.604 |    3.448 | 
     | 36                                                 |              |         |       |         |          | 
     | picorv32_core_genblk1.pcpi_mul_mul_2371_47_cdnfadd | CI v -> CO v | ADDFX1  | 0.033 |   1.638 |    3.482 | 
     | 37                                                 |              |         |       |         |          | 
     | picorv32_core_genblk1.pcpi_mul_mul_2371_47_cdnfadd | CI v -> CO v | ADDFX1  | 0.033 |   1.671 |    3.515 | 
     | 38                                                 |              |         |       |         |          | 
     | picorv32_core_genblk1.pcpi_mul_mul_2371_47_cdnfadd | CI v -> CO v | ADDFX1  | 0.033 |   1.704 |    3.549 | 
     | 39                                                 |              |         |       |         |          | 
     | picorv32_core_genblk1.pcpi_mul_mul_2371_47_cdnfadd | CI v -> CO v | ADDFX1  | 0.034 |   1.738 |    3.582 | 
     | 40                                                 |              |         |       |         |          | 
     | picorv32_core_genblk1.pcpi_mul_mul_2371_47_cdnfadd | CI v -> CO v | ADDFX1  | 0.034 |   1.772 |    3.617 | 
     | 41                                                 |              |         |       |         |          | 
     | picorv32_core_genblk1.pcpi_mul_mul_2371_47_cdnfadd | CI v -> CO v | ADDFX1  | 0.033 |   1.806 |    3.650 | 
     | 42                                                 |              |         |       |         |          | 
     | picorv32_core_genblk1.pcpi_mul_mul_2371_47_cdnfadd | CI v -> CO v | ADDFX1  | 0.035 |   1.841 |    3.685 | 
     | 43                                                 |              |         |       |         |          | 
     | picorv32_core_genblk1.pcpi_mul_mul_2371_47_cdnfadd | CI v -> CO v | ADDFX1  | 0.039 |   1.879 |    3.723 | 
     | 44                                                 |              |         |       |         |          | 
     | picorv32_core_genblk1.pcpi_mul_mul_2371_47_cdnfadd | CI v -> CO v | ADDFX1  | 0.036 |   1.916 |    3.760 | 
     | 45                                                 |              |         |       |         |          | 
     | picorv32_core_genblk1.pcpi_mul_mul_2371_47_cdnfadd | CI v -> CO v | ADDFX1  | 0.036 |   1.951 |    3.796 | 
     | 46                                                 |              |         |       |         |          | 
     | picorv32_core_genblk1.pcpi_mul_mul_2371_47_cdnfadd | CI v -> CO v | ADDFX1  | 0.038 |   1.990 |    3.834 | 
     | 47                                                 |              |         |       |         |          | 
     | picorv32_core_genblk1.pcpi_mul_mul_2371_47_cdnfadd | CI v -> CO v | ADDFX1  | 0.038 |   2.028 |    3.872 | 
     | 48                                                 |              |         |       |         |          | 
     | picorv32_core_genblk1.pcpi_mul_mul_2371_47_cdnfadd | CI v -> CO v | ADDFX1  | 0.035 |   2.063 |    3.908 | 
     | 49                                                 |              |         |       |         |          | 
     | picorv32_core_genblk1.pcpi_mul_mul_2371_47_cdnfadd | CI v -> S ^  | ADDFX1  | 0.050 |   2.114 |    3.958 | 
     | 50                                                 |              |         |       |         |          | 
     | picorv32_core_genblk1.pcpi_mul_rd_reg[50]          | D ^          | SDFFQX1 | 0.000 |   2.114 |    3.958 | 
     +----------------------------------------------------------------------------------------------------------+ 
Path 15: MET Setup Check with Pin picorv32_core_genblk1.pcpi_mul_rd_reg[49]/CK 
Endpoint:   picorv32_core_genblk1.pcpi_mul_rd_reg[49]/D (^) checked with  
leading edge of 'clk'
Beginpoint: picorv32_core_genblk1.pcpi_mul_rs2_reg[5]/Q (^) triggered by  
leading edge of 'clk'
Path Groups: {reg2reg}
Analysis View: analysis1
Other End Arrival Time          0.003
- Setup                         0.027
+ Phase Shift                   4.000
- Uncertainty                   0.020
= Required Time                 3.956
- Arrival Time                  2.084
= Slack Time                    1.872
     Clock Rise Edge                 0.000
     + Clock Network Latency (Prop)  0.004
     = Beginpoint Arrival Time       0.004
     +----------------------------------------------------------------------------------------------------------+ 
     |                      Instance                      |     Arc      |  Cell   | Delay | Arrival | Required | 
     |                                                    |              |         |       |  Time   |   Time   | 
     |----------------------------------------------------+--------------+---------+-------+---------+----------| 
     | picorv32_core_genblk1.pcpi_mul_rs2_reg[5]          | CK ^         |         |       |   0.004 |    1.876 | 
     | picorv32_core_genblk1.pcpi_mul_rs2_reg[5]          | CK ^ -> Q ^  | SDFFQX1 | 0.126 |   0.131 |    2.003 | 
     | picorv32_core_genblk1.pcpi_mul_mul_2371_47_g14113  | A ^ -> Y v   | INVX1   | 0.049 |   0.179 |    2.051 | 
     | picorv32_core_genblk1.pcpi_mul_mul_2371_47_g13989  | B v -> Y ^   | XNOR2X1 | 0.031 |   0.210 |    2.082 | 
     | picorv32_core_genblk1.pcpi_mul_mul_2371_47_g13897  | A ^ -> Y ^   | OR2X1   | 0.091 |   0.301 |    2.173 | 
     | picorv32_core_genblk1.pcpi_mul_mul_2371_47_g13890  | A ^ -> Y v   | INVX1   | 0.056 |   0.356 |    2.228 | 
     | picorv32_core_genblk1.pcpi_mul_mul_2371_47_g13740  | A1 v -> Y ^  | OAI21X1 | 0.029 |   0.386 |    2.258 | 
     | picorv32_core_genblk1.pcpi_mul_mul_2371_47_g13495  | B ^ -> Y ^   | XNOR2X1 | 0.025 |   0.410 |    2.282 | 
     | picorv32_core_genblk1.pcpi_mul_mul_2371_47_g13440  | B ^ -> S v   | ADDHX1  | 0.031 |   0.441 |    2.313 | 
     | picorv32_core_genblk1.pcpi_mul_mul_2371_47_cdnfadd | A v -> CO v  | ADDFX1  | 0.035 |   0.476 |    2.348 | 
     | 3                                                  |              |         |       |         |          | 
     | picorv32_core_genblk1.pcpi_mul_mul_2371_47_cdnfadd | CI v -> CO v | ADDFX1  | 0.033 |   0.510 |    2.382 | 
     | 4                                                  |              |         |       |         |          | 
     | picorv32_core_genblk1.pcpi_mul_mul_2371_47_cdnfadd | CI v -> CO v | ADDFX1  | 0.034 |   0.543 |    2.415 | 
     | 5                                                  |              |         |       |         |          | 
     | picorv32_core_genblk1.pcpi_mul_mul_2371_47_cdnfadd | CI v -> CO v | ADDFX1  | 0.034 |   0.578 |    2.450 | 
     | 6                                                  |              |         |       |         |          | 
     | picorv32_core_genblk1.pcpi_mul_mul_2371_47_cdnfadd | CI v -> CO v | ADDFX1  | 0.034 |   0.612 |    2.484 | 
     | 7                                                  |              |         |       |         |          | 
     | picorv32_core_genblk1.pcpi_mul_mul_2371_47_cdnfadd | CI v -> CO v | ADDFX1  | 0.034 |   0.645 |    2.517 | 
     | 8                                                  |              |         |       |         |          | 
     | picorv32_core_genblk1.pcpi_mul_mul_2371_47_cdnfadd | CI v -> CO v | ADDFX1  | 0.034 |   0.680 |    2.552 | 
     | 9                                                  |              |         |       |         |          | 
     | picorv32_core_genblk1.pcpi_mul_mul_2371_47_cdnfadd | CI v -> CO v | ADDFX1  | 0.035 |   0.715 |    2.587 | 
     | 10                                                 |              |         |       |         |          | 
     | picorv32_core_genblk1.pcpi_mul_mul_2371_47_cdnfadd | CI v -> CO v | ADDFX1  | 0.034 |   0.749 |    2.621 | 
     | 11                                                 |              |         |       |         |          | 
     | picorv32_core_genblk1.pcpi_mul_mul_2371_47_cdnfadd | CI v -> CO v | ADDFX1  | 0.035 |   0.784 |    2.656 | 
     | 12                                                 |              |         |       |         |          | 
     | picorv32_core_genblk1.pcpi_mul_mul_2371_47_cdnfadd | CI v -> CO v | ADDFX1  | 0.035 |   0.819 |    2.691 | 
     | 13                                                 |              |         |       |         |          | 
     | picorv32_core_genblk1.pcpi_mul_mul_2371_47_cdnfadd | CI v -> CO v | ADDFX1  | 0.033 |   0.852 |    2.724 | 
     | 14                                                 |              |         |       |         |          | 
     | picorv32_core_genblk1.pcpi_mul_mul_2371_47_cdnfadd | CI v -> CO v | ADDFX1  | 0.034 |   0.886 |    2.758 | 
     | 15                                                 |              |         |       |         |          | 
     | picorv32_core_genblk1.pcpi_mul_mul_2371_47_cdnfadd | CI v -> CO v | ADDFX1  | 0.034 |   0.920 |    2.792 | 
     | 16                                                 |              |         |       |         |          | 
     | picorv32_core_genblk1.pcpi_mul_mul_2371_47_cdnfadd | CI v -> CO v | ADDFX1  | 0.034 |   0.954 |    2.826 | 
     | 17                                                 |              |         |       |         |          | 
     | picorv32_core_genblk1.pcpi_mul_mul_2371_47_cdnfadd | CI v -> CO v | ADDFX1  | 0.034 |   0.988 |    2.860 | 
     | 18                                                 |              |         |       |         |          | 
     | picorv32_core_genblk1.pcpi_mul_mul_2371_47_cdnfadd | CI v -> CO v | ADDFX1  | 0.034 |   1.022 |    2.894 | 
     | 19                                                 |              |         |       |         |          | 
     | picorv32_core_genblk1.pcpi_mul_mul_2371_47_cdnfadd | CI v -> CO v | ADDFX1  | 0.034 |   1.056 |    2.928 | 
     | 20                                                 |              |         |       |         |          | 
     | picorv32_core_genblk1.pcpi_mul_mul_2371_47_cdnfadd | CI v -> CO v | ADDFX1  | 0.034 |   1.090 |    2.962 | 
     | 21                                                 |              |         |       |         |          | 
     | picorv32_core_genblk1.pcpi_mul_mul_2371_47_cdnfadd | CI v -> CO v | ADDFX1  | 0.035 |   1.125 |    2.997 | 
     | 22                                                 |              |         |       |         |          | 
     | picorv32_core_genblk1.pcpi_mul_mul_2371_47_cdnfadd | CI v -> CO v | ADDFX1  | 0.039 |   1.163 |    3.035 | 
     | 23                                                 |              |         |       |         |          | 
     | picorv32_core_genblk1.pcpi_mul_mul_2371_47_cdnfadd | CI v -> CO v | ADDFX1  | 0.035 |   1.199 |    3.071 | 
     | 24                                                 |              |         |       |         |          | 
     | picorv32_core_genblk1.pcpi_mul_mul_2371_47_cdnfadd | CI v -> CO v | ADDFX1  | 0.033 |   1.232 |    3.104 | 
     | 25                                                 |              |         |       |         |          | 
     | picorv32_core_genblk1.pcpi_mul_mul_2371_47_cdnfadd | CI v -> CO v | ADDFX1  | 0.033 |   1.265 |    3.137 | 
     | 26                                                 |              |         |       |         |          | 
     | picorv32_core_genblk1.pcpi_mul_mul_2371_47_cdnfadd | CI v -> CO v | ADDFX1  | 0.033 |   1.299 |    3.171 | 
     | 27                                                 |              |         |       |         |          | 
     | picorv32_core_genblk1.pcpi_mul_mul_2371_47_cdnfadd | CI v -> CO v | ADDFX1  | 0.033 |   1.332 |    3.204 | 
     | 28                                                 |              |         |       |         |          | 
     | picorv32_core_genblk1.pcpi_mul_mul_2371_47_cdnfadd | CI v -> CO v | ADDFX1  | 0.033 |   1.365 |    3.237 | 
     | 29                                                 |              |         |       |         |          | 
     | picorv32_core_genblk1.pcpi_mul_mul_2371_47_cdnfadd | CI v -> CO v | ADDFX1  | 0.033 |   1.398 |    3.270 | 
     | 30                                                 |              |         |       |         |          | 
     | picorv32_core_genblk1.pcpi_mul_mul_2371_47_cdnfadd | CI v -> CO v | ADDFX1  | 0.036 |   1.434 |    3.306 | 
     | 31                                                 |              |         |       |         |          | 
     | picorv32_core_genblk1.pcpi_mul_mul_2371_47_cdnfadd | CI v -> CO v | ADDFX1  | 0.036 |   1.470 |    3.342 | 
     | 32                                                 |              |         |       |         |          | 
     | picorv32_core_genblk1.pcpi_mul_mul_2371_47_cdnfadd | CI v -> CO v | ADDFX1  | 0.034 |   1.504 |    3.376 | 
     | 33                                                 |              |         |       |         |          | 
     | picorv32_core_genblk1.pcpi_mul_mul_2371_47_cdnfadd | CI v -> CO v | ADDFX1  | 0.033 |   1.537 |    3.409 | 
     | 34                                                 |              |         |       |         |          | 
     | picorv32_core_genblk1.pcpi_mul_mul_2371_47_cdnfadd | CI v -> CO v | ADDFX1  | 0.034 |   1.570 |    3.442 | 
     | 35                                                 |              |         |       |         |          | 
     | picorv32_core_genblk1.pcpi_mul_mul_2371_47_cdnfadd | CI v -> CO v | ADDFX1  | 0.034 |   1.604 |    3.476 | 
     | 36                                                 |              |         |       |         |          | 
     | picorv32_core_genblk1.pcpi_mul_mul_2371_47_cdnfadd | CI v -> CO v | ADDFX1  | 0.033 |   1.638 |    3.510 | 
     | 37                                                 |              |         |       |         |          | 
     | picorv32_core_genblk1.pcpi_mul_mul_2371_47_cdnfadd | CI v -> CO v | ADDFX1  | 0.033 |   1.671 |    3.543 | 
     | 38                                                 |              |         |       |         |          | 
     | picorv32_core_genblk1.pcpi_mul_mul_2371_47_cdnfadd | CI v -> CO v | ADDFX1  | 0.033 |   1.704 |    3.576 | 
     | 39                                                 |              |         |       |         |          | 
     | picorv32_core_genblk1.pcpi_mul_mul_2371_47_cdnfadd | CI v -> CO v | ADDFX1  | 0.034 |   1.738 |    3.610 | 
     | 40                                                 |              |         |       |         |          | 
     | picorv32_core_genblk1.pcpi_mul_mul_2371_47_cdnfadd | CI v -> CO v | ADDFX1  | 0.034 |   1.772 |    3.644 | 
     | 41                                                 |              |         |       |         |          | 
     | picorv32_core_genblk1.pcpi_mul_mul_2371_47_cdnfadd | CI v -> CO v | ADDFX1  | 0.033 |   1.806 |    3.678 | 
     | 42                                                 |              |         |       |         |          | 
     | picorv32_core_genblk1.pcpi_mul_mul_2371_47_cdnfadd | CI v -> CO v | ADDFX1  | 0.035 |   1.841 |    3.713 | 
     | 43                                                 |              |         |       |         |          | 
     | picorv32_core_genblk1.pcpi_mul_mul_2371_47_cdnfadd | CI v -> CO v | ADDFX1  | 0.039 |   1.879 |    3.751 | 
     | 44                                                 |              |         |       |         |          | 
     | picorv32_core_genblk1.pcpi_mul_mul_2371_47_cdnfadd | CI v -> CO v | ADDFX1  | 0.036 |   1.916 |    3.788 | 
     | 45                                                 |              |         |       |         |          | 
     | picorv32_core_genblk1.pcpi_mul_mul_2371_47_cdnfadd | CI v -> CO v | ADDFX1  | 0.036 |   1.951 |    3.823 | 
     | 46                                                 |              |         |       |         |          | 
     | picorv32_core_genblk1.pcpi_mul_mul_2371_47_cdnfadd | CI v -> CO v | ADDFX1  | 0.038 |   1.990 |    3.862 | 
     | 47                                                 |              |         |       |         |          | 
     | picorv32_core_genblk1.pcpi_mul_mul_2371_47_cdnfadd | CI v -> CO v | ADDFX1  | 0.038 |   2.028 |    3.900 | 
     | 48                                                 |              |         |       |         |          | 
     | picorv32_core_genblk1.pcpi_mul_mul_2371_47_cdnfadd | CI v -> S ^  | ADDFX1  | 0.056 |   2.084 |    3.956 | 
     | 49                                                 |              |         |       |         |          | 
     | picorv32_core_genblk1.pcpi_mul_rd_reg[49]          | D ^          | SDFFQX1 | 0.000 |   2.084 |    3.956 | 
     +----------------------------------------------------------------------------------------------------------+ 
Path 16: MET Setup Check with Pin picorv32_core_genblk1.pcpi_mul_rd_reg[48]/CK 
Endpoint:   picorv32_core_genblk1.pcpi_mul_rd_reg[48]/D (^) checked with  
leading edge of 'clk'
Beginpoint: picorv32_core_genblk1.pcpi_mul_rs2_reg[5]/Q (^) triggered by  
leading edge of 'clk'
Path Groups: {reg2reg}
Analysis View: analysis1
Other End Arrival Time          0.002
- Setup                         0.026
+ Phase Shift                   4.000
- Uncertainty                   0.020
= Required Time                 3.956
- Arrival Time                  2.044
= Slack Time                    1.912
     Clock Rise Edge                 0.000
     + Clock Network Latency (Prop)  0.004
     = Beginpoint Arrival Time       0.004
     +----------------------------------------------------------------------------------------------------------+ 
     |                      Instance                      |     Arc      |  Cell   | Delay | Arrival | Required | 
     |                                                    |              |         |       |  Time   |   Time   | 
     |----------------------------------------------------+--------------+---------+-------+---------+----------| 
     | picorv32_core_genblk1.pcpi_mul_rs2_reg[5]          | CK ^         |         |       |   0.004 |    1.916 | 
     | picorv32_core_genblk1.pcpi_mul_rs2_reg[5]          | CK ^ -> Q ^  | SDFFQX1 | 0.126 |   0.131 |    2.043 | 
     | picorv32_core_genblk1.pcpi_mul_mul_2371_47_g14113  | A ^ -> Y v   | INVX1   | 0.049 |   0.179 |    2.092 | 
     | picorv32_core_genblk1.pcpi_mul_mul_2371_47_g13989  | B v -> Y ^   | XNOR2X1 | 0.031 |   0.210 |    2.122 | 
     | picorv32_core_genblk1.pcpi_mul_mul_2371_47_g13897  | A ^ -> Y ^   | OR2X1   | 0.091 |   0.301 |    2.213 | 
     | picorv32_core_genblk1.pcpi_mul_mul_2371_47_g13890  | A ^ -> Y v   | INVX1   | 0.056 |   0.356 |    2.269 | 
     | picorv32_core_genblk1.pcpi_mul_mul_2371_47_g13740  | A1 v -> Y ^  | OAI21X1 | 0.029 |   0.386 |    2.298 | 
     | picorv32_core_genblk1.pcpi_mul_mul_2371_47_g13495  | B ^ -> Y ^   | XNOR2X1 | 0.025 |   0.410 |    2.322 | 
     | picorv32_core_genblk1.pcpi_mul_mul_2371_47_g13440  | B ^ -> S v   | ADDHX1  | 0.031 |   0.441 |    2.353 | 
     | picorv32_core_genblk1.pcpi_mul_mul_2371_47_cdnfadd | A v -> CO v  | ADDFX1  | 0.035 |   0.476 |    2.389 | 
     | 3                                                  |              |         |       |         |          | 
     | picorv32_core_genblk1.pcpi_mul_mul_2371_47_cdnfadd | CI v -> CO v | ADDFX1  | 0.033 |   0.510 |    2.422 | 
     | 4                                                  |              |         |       |         |          | 
     | picorv32_core_genblk1.pcpi_mul_mul_2371_47_cdnfadd | CI v -> CO v | ADDFX1  | 0.034 |   0.543 |    2.456 | 
     | 5                                                  |              |         |       |         |          | 
     | picorv32_core_genblk1.pcpi_mul_mul_2371_47_cdnfadd | CI v -> CO v | ADDFX1  | 0.034 |   0.578 |    2.490 | 
     | 6                                                  |              |         |       |         |          | 
     | picorv32_core_genblk1.pcpi_mul_mul_2371_47_cdnfadd | CI v -> CO v | ADDFX1  | 0.034 |   0.612 |    2.524 | 
     | 7                                                  |              |         |       |         |          | 
     | picorv32_core_genblk1.pcpi_mul_mul_2371_47_cdnfadd | CI v -> CO v | ADDFX1  | 0.034 |   0.645 |    2.557 | 
     | 8                                                  |              |         |       |         |          | 
     | picorv32_core_genblk1.pcpi_mul_mul_2371_47_cdnfadd | CI v -> CO v | ADDFX1  | 0.034 |   0.680 |    2.592 | 
     | 9                                                  |              |         |       |         |          | 
     | picorv32_core_genblk1.pcpi_mul_mul_2371_47_cdnfadd | CI v -> CO v | ADDFX1  | 0.035 |   0.715 |    2.627 | 
     | 10                                                 |              |         |       |         |          | 
     | picorv32_core_genblk1.pcpi_mul_mul_2371_47_cdnfadd | CI v -> CO v | ADDFX1  | 0.034 |   0.749 |    2.661 | 
     | 11                                                 |              |         |       |         |          | 
     | picorv32_core_genblk1.pcpi_mul_mul_2371_47_cdnfadd | CI v -> CO v | ADDFX1  | 0.035 |   0.784 |    2.696 | 
     | 12                                                 |              |         |       |         |          | 
     | picorv32_core_genblk1.pcpi_mul_mul_2371_47_cdnfadd | CI v -> CO v | ADDFX1  | 0.035 |   0.819 |    2.731 | 
     | 13                                                 |              |         |       |         |          | 
     | picorv32_core_genblk1.pcpi_mul_mul_2371_47_cdnfadd | CI v -> CO v | ADDFX1  | 0.033 |   0.852 |    2.764 | 
     | 14                                                 |              |         |       |         |          | 
     | picorv32_core_genblk1.pcpi_mul_mul_2371_47_cdnfadd | CI v -> CO v | ADDFX1  | 0.034 |   0.886 |    2.798 | 
     | 15                                                 |              |         |       |         |          | 
     | picorv32_core_genblk1.pcpi_mul_mul_2371_47_cdnfadd | CI v -> CO v | ADDFX1  | 0.034 |   0.920 |    2.832 | 
     | 16                                                 |              |         |       |         |          | 
     | picorv32_core_genblk1.pcpi_mul_mul_2371_47_cdnfadd | CI v -> CO v | ADDFX1  | 0.034 |   0.954 |    2.866 | 
     | 17                                                 |              |         |       |         |          | 
     | picorv32_core_genblk1.pcpi_mul_mul_2371_47_cdnfadd | CI v -> CO v | ADDFX1  | 0.034 |   0.988 |    2.900 | 
     | 18                                                 |              |         |       |         |          | 
     | picorv32_core_genblk1.pcpi_mul_mul_2371_47_cdnfadd | CI v -> CO v | ADDFX1  | 0.034 |   1.022 |    2.934 | 
     | 19                                                 |              |         |       |         |          | 
     | picorv32_core_genblk1.pcpi_mul_mul_2371_47_cdnfadd | CI v -> CO v | ADDFX1  | 0.034 |   1.056 |    2.968 | 
     | 20                                                 |              |         |       |         |          | 
     | picorv32_core_genblk1.pcpi_mul_mul_2371_47_cdnfadd | CI v -> CO v | ADDFX1  | 0.034 |   1.090 |    3.002 | 
     | 21                                                 |              |         |       |         |          | 
     | picorv32_core_genblk1.pcpi_mul_mul_2371_47_cdnfadd | CI v -> CO v | ADDFX1  | 0.035 |   1.125 |    3.037 | 
     | 22                                                 |              |         |       |         |          | 
     | picorv32_core_genblk1.pcpi_mul_mul_2371_47_cdnfadd | CI v -> CO v | ADDFX1  | 0.039 |   1.163 |    3.076 | 
     | 23                                                 |              |         |       |         |          | 
     | picorv32_core_genblk1.pcpi_mul_mul_2371_47_cdnfadd | CI v -> CO v | ADDFX1  | 0.035 |   1.199 |    3.111 | 
     | 24                                                 |              |         |       |         |          | 
     | picorv32_core_genblk1.pcpi_mul_mul_2371_47_cdnfadd | CI v -> CO v | ADDFX1  | 0.033 |   1.232 |    3.144 | 
     | 25                                                 |              |         |       |         |          | 
     | picorv32_core_genblk1.pcpi_mul_mul_2371_47_cdnfadd | CI v -> CO v | ADDFX1  | 0.033 |   1.265 |    3.177 | 
     | 26                                                 |              |         |       |         |          | 
     | picorv32_core_genblk1.pcpi_mul_mul_2371_47_cdnfadd | CI v -> CO v | ADDFX1  | 0.033 |   1.299 |    3.211 | 
     | 27                                                 |              |         |       |         |          | 
     | picorv32_core_genblk1.pcpi_mul_mul_2371_47_cdnfadd | CI v -> CO v | ADDFX1  | 0.033 |   1.332 |    3.244 | 
     | 28                                                 |              |         |       |         |          | 
     | picorv32_core_genblk1.pcpi_mul_mul_2371_47_cdnfadd | CI v -> CO v | ADDFX1  | 0.033 |   1.365 |    3.277 | 
     | 29                                                 |              |         |       |         |          | 
     | picorv32_core_genblk1.pcpi_mul_mul_2371_47_cdnfadd | CI v -> CO v | ADDFX1  | 0.033 |   1.398 |    3.310 | 
     | 30                                                 |              |         |       |         |          | 
     | picorv32_core_genblk1.pcpi_mul_mul_2371_47_cdnfadd | CI v -> CO v | ADDFX1  | 0.036 |   1.434 |    3.346 | 
     | 31                                                 |              |         |       |         |          | 
     | picorv32_core_genblk1.pcpi_mul_mul_2371_47_cdnfadd | CI v -> CO v | ADDFX1  | 0.036 |   1.470 |    3.382 | 
     | 32                                                 |              |         |       |         |          | 
     | picorv32_core_genblk1.pcpi_mul_mul_2371_47_cdnfadd | CI v -> CO v | ADDFX1  | 0.034 |   1.504 |    3.416 | 
     | 33                                                 |              |         |       |         |          | 
     | picorv32_core_genblk1.pcpi_mul_mul_2371_47_cdnfadd | CI v -> CO v | ADDFX1  | 0.033 |   1.537 |    3.449 | 
     | 34                                                 |              |         |       |         |          | 
     | picorv32_core_genblk1.pcpi_mul_mul_2371_47_cdnfadd | CI v -> CO v | ADDFX1  | 0.034 |   1.570 |    3.483 | 
     | 35                                                 |              |         |       |         |          | 
     | picorv32_core_genblk1.pcpi_mul_mul_2371_47_cdnfadd | CI v -> CO v | ADDFX1  | 0.034 |   1.604 |    3.516 | 
     | 36                                                 |              |         |       |         |          | 
     | picorv32_core_genblk1.pcpi_mul_mul_2371_47_cdnfadd | CI v -> CO v | ADDFX1  | 0.033 |   1.638 |    3.550 | 
     | 37                                                 |              |         |       |         |          | 
     | picorv32_core_genblk1.pcpi_mul_mul_2371_47_cdnfadd | CI v -> CO v | ADDFX1  | 0.033 |   1.671 |    3.583 | 
     | 38                                                 |              |         |       |         |          | 
     | picorv32_core_genblk1.pcpi_mul_mul_2371_47_cdnfadd | CI v -> CO v | ADDFX1  | 0.033 |   1.704 |    3.617 | 
     | 39                                                 |              |         |       |         |          | 
     | picorv32_core_genblk1.pcpi_mul_mul_2371_47_cdnfadd | CI v -> CO v | ADDFX1  | 0.034 |   1.738 |    3.650 | 
     | 40                                                 |              |         |       |         |          | 
     | picorv32_core_genblk1.pcpi_mul_mul_2371_47_cdnfadd | CI v -> CO v | ADDFX1  | 0.034 |   1.772 |    3.685 | 
     | 41                                                 |              |         |       |         |          | 
     | picorv32_core_genblk1.pcpi_mul_mul_2371_47_cdnfadd | CI v -> CO v | ADDFX1  | 0.033 |   1.806 |    3.718 | 
     | 42                                                 |              |         |       |         |          | 
     | picorv32_core_genblk1.pcpi_mul_mul_2371_47_cdnfadd | CI v -> CO v | ADDFX1  | 0.035 |   1.841 |    3.753 | 
     | 43                                                 |              |         |       |         |          | 
     | picorv32_core_genblk1.pcpi_mul_mul_2371_47_cdnfadd | CI v -> CO v | ADDFX1  | 0.039 |   1.879 |    3.791 | 
     | 44                                                 |              |         |       |         |          | 
     | picorv32_core_genblk1.pcpi_mul_mul_2371_47_cdnfadd | CI v -> CO v | ADDFX1  | 0.036 |   1.916 |    3.828 | 
     | 45                                                 |              |         |       |         |          | 
     | picorv32_core_genblk1.pcpi_mul_mul_2371_47_cdnfadd | CI v -> CO v | ADDFX1  | 0.036 |   1.951 |    3.864 | 
     | 46                                                 |              |         |       |         |          | 
     | picorv32_core_genblk1.pcpi_mul_mul_2371_47_cdnfadd | CI v -> CO v | ADDFX1  | 0.038 |   1.990 |    3.902 | 
     | 47                                                 |              |         |       |         |          | 
     | picorv32_core_genblk1.pcpi_mul_mul_2371_47_cdnfadd | CI v -> S ^  | ADDFX1  | 0.054 |   2.044 |    3.956 | 
     | 48                                                 |              |         |       |         |          | 
     | picorv32_core_genblk1.pcpi_mul_rd_reg[48]          | D ^          | SDFFQX1 | 0.000 |   2.044 |    3.956 | 
     +----------------------------------------------------------------------------------------------------------+ 
Path 17: MET Setup Check with Pin picorv32_core_genblk1.pcpi_mul_rd_reg[47]/CK 
Endpoint:   picorv32_core_genblk1.pcpi_mul_rd_reg[47]/D (^) checked with  
leading edge of 'clk'
Beginpoint: picorv32_core_genblk1.pcpi_mul_rs2_reg[5]/Q (^) triggered by  
leading edge of 'clk'
Path Groups: {reg2reg}
Analysis View: analysis1
Other End Arrival Time          0.003
- Setup                         0.026
+ Phase Shift                   4.000
- Uncertainty                   0.020
= Required Time                 3.957
- Arrival Time                  2.004
= Slack Time                    1.953
     Clock Rise Edge                 0.000
     + Clock Network Latency (Prop)  0.004
     = Beginpoint Arrival Time       0.004
     +----------------------------------------------------------------------------------------------------------+ 
     |                      Instance                      |     Arc      |  Cell   | Delay | Arrival | Required | 
     |                                                    |              |         |       |  Time   |   Time   | 
     |----------------------------------------------------+--------------+---------+-------+---------+----------| 
     | picorv32_core_genblk1.pcpi_mul_rs2_reg[5]          | CK ^         |         |       |   0.004 |    1.957 | 
     | picorv32_core_genblk1.pcpi_mul_rs2_reg[5]          | CK ^ -> Q ^  | SDFFQX1 | 0.126 |   0.131 |    2.084 | 
     | picorv32_core_genblk1.pcpi_mul_mul_2371_47_g14113  | A ^ -> Y v   | INVX1   | 0.049 |   0.179 |    2.132 | 
     | picorv32_core_genblk1.pcpi_mul_mul_2371_47_g13989  | B v -> Y ^   | XNOR2X1 | 0.031 |   0.210 |    2.163 | 
     | picorv32_core_genblk1.pcpi_mul_mul_2371_47_g13897  | A ^ -> Y ^   | OR2X1   | 0.091 |   0.301 |    2.254 | 
     | picorv32_core_genblk1.pcpi_mul_mul_2371_47_g13890  | A ^ -> Y v   | INVX1   | 0.056 |   0.356 |    2.309 | 
     | picorv32_core_genblk1.pcpi_mul_mul_2371_47_g13740  | A1 v -> Y ^  | OAI21X1 | 0.029 |   0.386 |    2.339 | 
     | picorv32_core_genblk1.pcpi_mul_mul_2371_47_g13495  | B ^ -> Y ^   | XNOR2X1 | 0.025 |   0.410 |    2.363 | 
     | picorv32_core_genblk1.pcpi_mul_mul_2371_47_g13440  | B ^ -> S v   | ADDHX1  | 0.031 |   0.441 |    2.394 | 
     | picorv32_core_genblk1.pcpi_mul_mul_2371_47_cdnfadd | A v -> CO v  | ADDFX1  | 0.035 |   0.476 |    2.429 | 
     | 3                                                  |              |         |       |         |          | 
     | picorv32_core_genblk1.pcpi_mul_mul_2371_47_cdnfadd | CI v -> CO v | ADDFX1  | 0.033 |   0.510 |    2.463 | 
     | 4                                                  |              |         |       |         |          | 
     | picorv32_core_genblk1.pcpi_mul_mul_2371_47_cdnfadd | CI v -> CO v | ADDFX1  | 0.034 |   0.543 |    2.496 | 
     | 5                                                  |              |         |       |         |          | 
     | picorv32_core_genblk1.pcpi_mul_mul_2371_47_cdnfadd | CI v -> CO v | ADDFX1  | 0.034 |   0.578 |    2.531 | 
     | 6                                                  |              |         |       |         |          | 
     | picorv32_core_genblk1.pcpi_mul_mul_2371_47_cdnfadd | CI v -> CO v | ADDFX1  | 0.034 |   0.612 |    2.565 | 
     | 7                                                  |              |         |       |         |          | 
     | picorv32_core_genblk1.pcpi_mul_mul_2371_47_cdnfadd | CI v -> CO v | ADDFX1  | 0.034 |   0.645 |    2.598 | 
     | 8                                                  |              |         |       |         |          | 
     | picorv32_core_genblk1.pcpi_mul_mul_2371_47_cdnfadd | CI v -> CO v | ADDFX1  | 0.034 |   0.680 |    2.633 | 
     | 9                                                  |              |         |       |         |          | 
     | picorv32_core_genblk1.pcpi_mul_mul_2371_47_cdnfadd | CI v -> CO v | ADDFX1  | 0.035 |   0.715 |    2.668 | 
     | 10                                                 |              |         |       |         |          | 
     | picorv32_core_genblk1.pcpi_mul_mul_2371_47_cdnfadd | CI v -> CO v | ADDFX1  | 0.034 |   0.749 |    2.702 | 
     | 11                                                 |              |         |       |         |          | 
     | picorv32_core_genblk1.pcpi_mul_mul_2371_47_cdnfadd | CI v -> CO v | ADDFX1  | 0.035 |   0.784 |    2.737 | 
     | 12                                                 |              |         |       |         |          | 
     | picorv32_core_genblk1.pcpi_mul_mul_2371_47_cdnfadd | CI v -> CO v | ADDFX1  | 0.035 |   0.819 |    2.772 | 
     | 13                                                 |              |         |       |         |          | 
     | picorv32_core_genblk1.pcpi_mul_mul_2371_47_cdnfadd | CI v -> CO v | ADDFX1  | 0.033 |   0.852 |    2.805 | 
     | 14                                                 |              |         |       |         |          | 
     | picorv32_core_genblk1.pcpi_mul_mul_2371_47_cdnfadd | CI v -> CO v | ADDFX1  | 0.034 |   0.886 |    2.839 | 
     | 15                                                 |              |         |       |         |          | 
     | picorv32_core_genblk1.pcpi_mul_mul_2371_47_cdnfadd | CI v -> CO v | ADDFX1  | 0.034 |   0.920 |    2.873 | 
     | 16                                                 |              |         |       |         |          | 
     | picorv32_core_genblk1.pcpi_mul_mul_2371_47_cdnfadd | CI v -> CO v | ADDFX1  | 0.034 |   0.954 |    2.907 | 
     | 17                                                 |              |         |       |         |          | 
     | picorv32_core_genblk1.pcpi_mul_mul_2371_47_cdnfadd | CI v -> CO v | ADDFX1  | 0.034 |   0.988 |    2.941 | 
     | 18                                                 |              |         |       |         |          | 
     | picorv32_core_genblk1.pcpi_mul_mul_2371_47_cdnfadd | CI v -> CO v | ADDFX1  | 0.034 |   1.022 |    2.975 | 
     | 19                                                 |              |         |       |         |          | 
     | picorv32_core_genblk1.pcpi_mul_mul_2371_47_cdnfadd | CI v -> CO v | ADDFX1  | 0.034 |   1.056 |    3.009 | 
     | 20                                                 |              |         |       |         |          | 
     | picorv32_core_genblk1.pcpi_mul_mul_2371_47_cdnfadd | CI v -> CO v | ADDFX1  | 0.034 |   1.090 |    3.043 | 
     | 21                                                 |              |         |       |         |          | 
     | picorv32_core_genblk1.pcpi_mul_mul_2371_47_cdnfadd | CI v -> CO v | ADDFX1  | 0.035 |   1.125 |    3.078 | 
     | 22                                                 |              |         |       |         |          | 
     | picorv32_core_genblk1.pcpi_mul_mul_2371_47_cdnfadd | CI v -> CO v | ADDFX1  | 0.039 |   1.163 |    3.116 | 
     | 23                                                 |              |         |       |         |          | 
     | picorv32_core_genblk1.pcpi_mul_mul_2371_47_cdnfadd | CI v -> CO v | ADDFX1  | 0.035 |   1.199 |    3.152 | 
     | 24                                                 |              |         |       |         |          | 
     | picorv32_core_genblk1.pcpi_mul_mul_2371_47_cdnfadd | CI v -> CO v | ADDFX1  | 0.033 |   1.232 |    3.185 | 
     | 25                                                 |              |         |       |         |          | 
     | picorv32_core_genblk1.pcpi_mul_mul_2371_47_cdnfadd | CI v -> CO v | ADDFX1  | 0.033 |   1.265 |    3.218 | 
     | 26                                                 |              |         |       |         |          | 
     | picorv32_core_genblk1.pcpi_mul_mul_2371_47_cdnfadd | CI v -> CO v | ADDFX1  | 0.033 |   1.299 |    3.252 | 
     | 27                                                 |              |         |       |         |          | 
     | picorv32_core_genblk1.pcpi_mul_mul_2371_47_cdnfadd | CI v -> CO v | ADDFX1  | 0.033 |   1.332 |    3.285 | 
     | 28                                                 |              |         |       |         |          | 
     | picorv32_core_genblk1.pcpi_mul_mul_2371_47_cdnfadd | CI v -> CO v | ADDFX1  | 0.033 |   1.365 |    3.318 | 
     | 29                                                 |              |         |       |         |          | 
     | picorv32_core_genblk1.pcpi_mul_mul_2371_47_cdnfadd | CI v -> CO v | ADDFX1  | 0.033 |   1.398 |    3.351 | 
     | 30                                                 |              |         |       |         |          | 
     | picorv32_core_genblk1.pcpi_mul_mul_2371_47_cdnfadd | CI v -> CO v | ADDFX1  | 0.036 |   1.434 |    3.387 | 
     | 31                                                 |              |         |       |         |          | 
     | picorv32_core_genblk1.pcpi_mul_mul_2371_47_cdnfadd | CI v -> CO v | ADDFX1  | 0.036 |   1.470 |    3.423 | 
     | 32                                                 |              |         |       |         |          | 
     | picorv32_core_genblk1.pcpi_mul_mul_2371_47_cdnfadd | CI v -> CO v | ADDFX1  | 0.034 |   1.504 |    3.457 | 
     | 33                                                 |              |         |       |         |          | 
     | picorv32_core_genblk1.pcpi_mul_mul_2371_47_cdnfadd | CI v -> CO v | ADDFX1  | 0.033 |   1.537 |    3.490 | 
     | 34                                                 |              |         |       |         |          | 
     | picorv32_core_genblk1.pcpi_mul_mul_2371_47_cdnfadd | CI v -> CO v | ADDFX1  | 0.034 |   1.570 |    3.523 | 
     | 35                                                 |              |         |       |         |          | 
     | picorv32_core_genblk1.pcpi_mul_mul_2371_47_cdnfadd | CI v -> CO v | ADDFX1  | 0.034 |   1.604 |    3.557 | 
     | 36                                                 |              |         |       |         |          | 
     | picorv32_core_genblk1.pcpi_mul_mul_2371_47_cdnfadd | CI v -> CO v | ADDFX1  | 0.033 |   1.638 |    3.591 | 
     | 37                                                 |              |         |       |         |          | 
     | picorv32_core_genblk1.pcpi_mul_mul_2371_47_cdnfadd | CI v -> CO v | ADDFX1  | 0.033 |   1.671 |    3.624 | 
     | 38                                                 |              |         |       |         |          | 
     | picorv32_core_genblk1.pcpi_mul_mul_2371_47_cdnfadd | CI v -> CO v | ADDFX1  | 0.033 |   1.704 |    3.657 | 
     | 39                                                 |              |         |       |         |          | 
     | picorv32_core_genblk1.pcpi_mul_mul_2371_47_cdnfadd | CI v -> CO v | ADDFX1  | 0.034 |   1.738 |    3.691 | 
     | 40                                                 |              |         |       |         |          | 
     | picorv32_core_genblk1.pcpi_mul_mul_2371_47_cdnfadd | CI v -> CO v | ADDFX1  | 0.034 |   1.772 |    3.725 | 
     | 41                                                 |              |         |       |         |          | 
     | picorv32_core_genblk1.pcpi_mul_mul_2371_47_cdnfadd | CI v -> CO v | ADDFX1  | 0.033 |   1.806 |    3.759 | 
     | 42                                                 |              |         |       |         |          | 
     | picorv32_core_genblk1.pcpi_mul_mul_2371_47_cdnfadd | CI v -> CO v | ADDFX1  | 0.035 |   1.841 |    3.794 | 
     | 43                                                 |              |         |       |         |          | 
     | picorv32_core_genblk1.pcpi_mul_mul_2371_47_cdnfadd | CI v -> CO v | ADDFX1  | 0.039 |   1.879 |    3.832 | 
     | 44                                                 |              |         |       |         |          | 
     | picorv32_core_genblk1.pcpi_mul_mul_2371_47_cdnfadd | CI v -> CO v | ADDFX1  | 0.036 |   1.916 |    3.869 | 
     | 45                                                 |              |         |       |         |          | 
     | picorv32_core_genblk1.pcpi_mul_mul_2371_47_cdnfadd | CI v -> CO v | ADDFX1  | 0.036 |   1.951 |    3.904 | 
     | 46                                                 |              |         |       |         |          | 
     | picorv32_core_genblk1.pcpi_mul_mul_2371_47_cdnfadd | CI v -> S ^  | ADDFX1  | 0.052 |   2.004 |    3.957 | 
     | 47                                                 |              |         |       |         |          | 
     | picorv32_core_genblk1.pcpi_mul_rd_reg[47]          | D ^          | SDFFQX1 | 0.000 |   2.004 |    3.957 | 
     +----------------------------------------------------------------------------------------------------------+ 
Path 18: MET Setup Check with Pin picorv32_core_genblk1.pcpi_mul_rd_reg[46]/CK 
Endpoint:   picorv32_core_genblk1.pcpi_mul_rd_reg[46]/D (^) checked with  
leading edge of 'clk'
Beginpoint: picorv32_core_genblk1.pcpi_mul_rs2_reg[5]/Q (^) triggered by  
leading edge of 'clk'
Path Groups: {reg2reg}
Analysis View: analysis1
Other End Arrival Time          0.003
- Setup                         0.025
+ Phase Shift                   4.000
- Uncertainty                   0.020
= Required Time                 3.958
- Arrival Time                  1.963
= Slack Time                    1.994
     Clock Rise Edge                 0.000
     + Clock Network Latency (Prop)  0.004
     = Beginpoint Arrival Time       0.004
     +----------------------------------------------------------------------------------------------------------+ 
     |                      Instance                      |     Arc      |  Cell   | Delay | Arrival | Required | 
     |                                                    |              |         |       |  Time   |   Time   | 
     |----------------------------------------------------+--------------+---------+-------+---------+----------| 
     | picorv32_core_genblk1.pcpi_mul_rs2_reg[5]          | CK ^         |         |       |   0.004 |    1.998 | 
     | picorv32_core_genblk1.pcpi_mul_rs2_reg[5]          | CK ^ -> Q ^  | SDFFQX1 | 0.126 |   0.131 |    2.125 | 
     | picorv32_core_genblk1.pcpi_mul_mul_2371_47_g14113  | A ^ -> Y v   | INVX1   | 0.049 |   0.179 |    2.174 | 
     | picorv32_core_genblk1.pcpi_mul_mul_2371_47_g13989  | B v -> Y ^   | XNOR2X1 | 0.031 |   0.210 |    2.204 | 
     | picorv32_core_genblk1.pcpi_mul_mul_2371_47_g13897  | A ^ -> Y ^   | OR2X1   | 0.091 |   0.301 |    2.295 | 
     | picorv32_core_genblk1.pcpi_mul_mul_2371_47_g13890  | A ^ -> Y v   | INVX1   | 0.056 |   0.356 |    2.351 | 
     | picorv32_core_genblk1.pcpi_mul_mul_2371_47_g13740  | A1 v -> Y ^  | OAI21X1 | 0.029 |   0.386 |    2.380 | 
     | picorv32_core_genblk1.pcpi_mul_mul_2371_47_g13495  | B ^ -> Y ^   | XNOR2X1 | 0.025 |   0.410 |    2.404 | 
     | picorv32_core_genblk1.pcpi_mul_mul_2371_47_g13440  | B ^ -> S v   | ADDHX1  | 0.031 |   0.441 |    2.435 | 
     | picorv32_core_genblk1.pcpi_mul_mul_2371_47_cdnfadd | A v -> CO v  | ADDFX1  | 0.035 |   0.476 |    2.471 | 
     | 3                                                  |              |         |       |         |          | 
     | picorv32_core_genblk1.pcpi_mul_mul_2371_47_cdnfadd | CI v -> CO v | ADDFX1  | 0.033 |   0.510 |    2.504 | 
     | 4                                                  |              |         |       |         |          | 
     | picorv32_core_genblk1.pcpi_mul_mul_2371_47_cdnfadd | CI v -> CO v | ADDFX1  | 0.034 |   0.543 |    2.538 | 
     | 5                                                  |              |         |       |         |          | 
     | picorv32_core_genblk1.pcpi_mul_mul_2371_47_cdnfadd | CI v -> CO v | ADDFX1  | 0.034 |   0.578 |    2.572 | 
     | 6                                                  |              |         |       |         |          | 
     | picorv32_core_genblk1.pcpi_mul_mul_2371_47_cdnfadd | CI v -> CO v | ADDFX1  | 0.034 |   0.612 |    2.606 | 
     | 7                                                  |              |         |       |         |          | 
     | picorv32_core_genblk1.pcpi_mul_mul_2371_47_cdnfadd | CI v -> CO v | ADDFX1  | 0.034 |   0.645 |    2.639 | 
     | 8                                                  |              |         |       |         |          | 
     | picorv32_core_genblk1.pcpi_mul_mul_2371_47_cdnfadd | CI v -> CO v | ADDFX1  | 0.034 |   0.680 |    2.674 | 
     | 9                                                  |              |         |       |         |          | 
     | picorv32_core_genblk1.pcpi_mul_mul_2371_47_cdnfadd | CI v -> CO v | ADDFX1  | 0.035 |   0.715 |    2.709 | 
     | 10                                                 |              |         |       |         |          | 
     | picorv32_core_genblk1.pcpi_mul_mul_2371_47_cdnfadd | CI v -> CO v | ADDFX1  | 0.034 |   0.749 |    2.743 | 
     | 11                                                 |              |         |       |         |          | 
     | picorv32_core_genblk1.pcpi_mul_mul_2371_47_cdnfadd | CI v -> CO v | ADDFX1  | 0.035 |   0.784 |    2.778 | 
     | 12                                                 |              |         |       |         |          | 
     | picorv32_core_genblk1.pcpi_mul_mul_2371_47_cdnfadd | CI v -> CO v | ADDFX1  | 0.035 |   0.819 |    2.813 | 
     | 13                                                 |              |         |       |         |          | 
     | picorv32_core_genblk1.pcpi_mul_mul_2371_47_cdnfadd | CI v -> CO v | ADDFX1  | 0.033 |   0.852 |    2.846 | 
     | 14                                                 |              |         |       |         |          | 
     | picorv32_core_genblk1.pcpi_mul_mul_2371_47_cdnfadd | CI v -> CO v | ADDFX1  | 0.034 |   0.886 |    2.880 | 
     | 15                                                 |              |         |       |         |          | 
     | picorv32_core_genblk1.pcpi_mul_mul_2371_47_cdnfadd | CI v -> CO v | ADDFX1  | 0.034 |   0.920 |    2.914 | 
     | 16                                                 |              |         |       |         |          | 
     | picorv32_core_genblk1.pcpi_mul_mul_2371_47_cdnfadd | CI v -> CO v | ADDFX1  | 0.034 |   0.954 |    2.948 | 
     | 17                                                 |              |         |       |         |          | 
     | picorv32_core_genblk1.pcpi_mul_mul_2371_47_cdnfadd | CI v -> CO v | ADDFX1  | 0.034 |   0.988 |    2.982 | 
     | 18                                                 |              |         |       |         |          | 
     | picorv32_core_genblk1.pcpi_mul_mul_2371_47_cdnfadd | CI v -> CO v | ADDFX1  | 0.034 |   1.022 |    3.016 | 
     | 19                                                 |              |         |       |         |          | 
     | picorv32_core_genblk1.pcpi_mul_mul_2371_47_cdnfadd | CI v -> CO v | ADDFX1  | 0.034 |   1.056 |    3.050 | 
     | 20                                                 |              |         |       |         |          | 
     | picorv32_core_genblk1.pcpi_mul_mul_2371_47_cdnfadd | CI v -> CO v | ADDFX1  | 0.034 |   1.090 |    3.084 | 
     | 21                                                 |              |         |       |         |          | 
     | picorv32_core_genblk1.pcpi_mul_mul_2371_47_cdnfadd | CI v -> CO v | ADDFX1  | 0.035 |   1.125 |    3.119 | 
     | 22                                                 |              |         |       |         |          | 
     | picorv32_core_genblk1.pcpi_mul_mul_2371_47_cdnfadd | CI v -> CO v | ADDFX1  | 0.039 |   1.163 |    3.158 | 
     | 23                                                 |              |         |       |         |          | 
     | picorv32_core_genblk1.pcpi_mul_mul_2371_47_cdnfadd | CI v -> CO v | ADDFX1  | 0.035 |   1.199 |    3.193 | 
     | 24                                                 |              |         |       |         |          | 
     | picorv32_core_genblk1.pcpi_mul_mul_2371_47_cdnfadd | CI v -> CO v | ADDFX1  | 0.033 |   1.232 |    3.226 | 
     | 25                                                 |              |         |       |         |          | 
     | picorv32_core_genblk1.pcpi_mul_mul_2371_47_cdnfadd | CI v -> CO v | ADDFX1  | 0.033 |   1.265 |    3.259 | 
     | 26                                                 |              |         |       |         |          | 
     | picorv32_core_genblk1.pcpi_mul_mul_2371_47_cdnfadd | CI v -> CO v | ADDFX1  | 0.033 |   1.299 |    3.293 | 
     | 27                                                 |              |         |       |         |          | 
     | picorv32_core_genblk1.pcpi_mul_mul_2371_47_cdnfadd | CI v -> CO v | ADDFX1  | 0.033 |   1.332 |    3.326 | 
     | 28                                                 |              |         |       |         |          | 
     | picorv32_core_genblk1.pcpi_mul_mul_2371_47_cdnfadd | CI v -> CO v | ADDFX1  | 0.033 |   1.365 |    3.359 | 
     | 29                                                 |              |         |       |         |          | 
     | picorv32_core_genblk1.pcpi_mul_mul_2371_47_cdnfadd | CI v -> CO v | ADDFX1  | 0.033 |   1.398 |    3.392 | 
     | 30                                                 |              |         |       |         |          | 
     | picorv32_core_genblk1.pcpi_mul_mul_2371_47_cdnfadd | CI v -> CO v | ADDFX1  | 0.036 |   1.434 |    3.428 | 
     | 31                                                 |              |         |       |         |          | 
     | picorv32_core_genblk1.pcpi_mul_mul_2371_47_cdnfadd | CI v -> CO v | ADDFX1  | 0.036 |   1.470 |    3.464 | 
     | 32                                                 |              |         |       |         |          | 
     | picorv32_core_genblk1.pcpi_mul_mul_2371_47_cdnfadd | CI v -> CO v | ADDFX1  | 0.034 |   1.504 |    3.498 | 
     | 33                                                 |              |         |       |         |          | 
     | picorv32_core_genblk1.pcpi_mul_mul_2371_47_cdnfadd | CI v -> CO v | ADDFX1  | 0.033 |   1.537 |    3.531 | 
     | 34                                                 |              |         |       |         |          | 
     | picorv32_core_genblk1.pcpi_mul_mul_2371_47_cdnfadd | CI v -> CO v | ADDFX1  | 0.034 |   1.570 |    3.565 | 
     | 35                                                 |              |         |       |         |          | 
     | picorv32_core_genblk1.pcpi_mul_mul_2371_47_cdnfadd | CI v -> CO v | ADDFX1  | 0.034 |   1.604 |    3.598 | 
     | 36                                                 |              |         |       |         |          | 
     | picorv32_core_genblk1.pcpi_mul_mul_2371_47_cdnfadd | CI v -> CO v | ADDFX1  | 0.033 |   1.638 |    3.632 | 
     | 37                                                 |              |         |       |         |          | 
     | picorv32_core_genblk1.pcpi_mul_mul_2371_47_cdnfadd | CI v -> CO v | ADDFX1  | 0.033 |   1.671 |    3.665 | 
     | 38                                                 |              |         |       |         |          | 
     | picorv32_core_genblk1.pcpi_mul_mul_2371_47_cdnfadd | CI v -> CO v | ADDFX1  | 0.033 |   1.704 |    3.699 | 
     | 39                                                 |              |         |       |         |          | 
     | picorv32_core_genblk1.pcpi_mul_mul_2371_47_cdnfadd | CI v -> CO v | ADDFX1  | 0.034 |   1.738 |    3.732 | 
     | 40                                                 |              |         |       |         |          | 
     | picorv32_core_genblk1.pcpi_mul_mul_2371_47_cdnfadd | CI v -> CO v | ADDFX1  | 0.034 |   1.772 |    3.767 | 
     | 41                                                 |              |         |       |         |          | 
     | picorv32_core_genblk1.pcpi_mul_mul_2371_47_cdnfadd | CI v -> CO v | ADDFX1  | 0.033 |   1.806 |    3.800 | 
     | 42                                                 |              |         |       |         |          | 
     | picorv32_core_genblk1.pcpi_mul_mul_2371_47_cdnfadd | CI v -> CO v | ADDFX1  | 0.035 |   1.841 |    3.835 | 
     | 43                                                 |              |         |       |         |          | 
     | picorv32_core_genblk1.pcpi_mul_mul_2371_47_cdnfadd | CI v -> CO v | ADDFX1  | 0.039 |   1.879 |    3.873 | 
     | 44                                                 |              |         |       |         |          | 
     | picorv32_core_genblk1.pcpi_mul_mul_2371_47_cdnfadd | CI v -> CO v | ADDFX1  | 0.036 |   1.916 |    3.910 | 
     | 45                                                 |              |         |       |         |          | 
     | picorv32_core_genblk1.pcpi_mul_mul_2371_47_cdnfadd | CI v -> S ^  | ADDFX1  | 0.048 |   1.963 |    3.958 | 
     | 46                                                 |              |         |       |         |          | 
     | picorv32_core_genblk1.pcpi_mul_rd_reg[46]          | D ^          | SDFFQX1 | 0.000 |   1.963 |    3.958 | 
     +----------------------------------------------------------------------------------------------------------+ 
Path 19: MET Setup Check with Pin picorv32_core_genblk1.pcpi_mul_rd_reg[45]/CK 
Endpoint:   picorv32_core_genblk1.pcpi_mul_rd_reg[45]/D (^) checked with  
leading edge of 'clk'
Beginpoint: picorv32_core_genblk1.pcpi_mul_rs2_reg[5]/Q (^) triggered by  
leading edge of 'clk'
Path Groups: {reg2reg}
Analysis View: analysis1
Other End Arrival Time          0.002
- Setup                         0.025
+ Phase Shift                   4.000
- Uncertainty                   0.020
= Required Time                 3.957
- Arrival Time                  1.929
= Slack Time                    2.028
     Clock Rise Edge                 0.000
     + Clock Network Latency (Prop)  0.004
     = Beginpoint Arrival Time       0.004
     +----------------------------------------------------------------------------------------------------------+ 
     |                      Instance                      |     Arc      |  Cell   | Delay | Arrival | Required | 
     |                                                    |              |         |       |  Time   |   Time   | 
     |----------------------------------------------------+--------------+---------+-------+---------+----------| 
     | picorv32_core_genblk1.pcpi_mul_rs2_reg[5]          | CK ^         |         |       |   0.004 |    2.032 | 
     | picorv32_core_genblk1.pcpi_mul_rs2_reg[5]          | CK ^ -> Q ^  | SDFFQX1 | 0.126 |   0.131 |    2.159 | 
     | picorv32_core_genblk1.pcpi_mul_mul_2371_47_g14113  | A ^ -> Y v   | INVX1   | 0.049 |   0.179 |    2.207 | 
     | picorv32_core_genblk1.pcpi_mul_mul_2371_47_g13989  | B v -> Y ^   | XNOR2X1 | 0.031 |   0.210 |    2.238 | 
     | picorv32_core_genblk1.pcpi_mul_mul_2371_47_g13897  | A ^ -> Y ^   | OR2X1   | 0.091 |   0.301 |    2.329 | 
     | picorv32_core_genblk1.pcpi_mul_mul_2371_47_g13890  | A ^ -> Y v   | INVX1   | 0.056 |   0.356 |    2.384 | 
     | picorv32_core_genblk1.pcpi_mul_mul_2371_47_g13740  | A1 v -> Y ^  | OAI21X1 | 0.029 |   0.386 |    2.413 | 
     | picorv32_core_genblk1.pcpi_mul_mul_2371_47_g13495  | B ^ -> Y ^   | XNOR2X1 | 0.025 |   0.410 |    2.438 | 
     | picorv32_core_genblk1.pcpi_mul_mul_2371_47_g13440  | B ^ -> S v   | ADDHX1  | 0.031 |   0.441 |    2.469 | 
     | picorv32_core_genblk1.pcpi_mul_mul_2371_47_cdnfadd | A v -> CO v  | ADDFX1  | 0.035 |   0.476 |    2.504 | 
     | 3                                                  |              |         |       |         |          | 
     | picorv32_core_genblk1.pcpi_mul_mul_2371_47_cdnfadd | CI v -> CO v | ADDFX1  | 0.033 |   0.510 |    2.538 | 
     | 4                                                  |              |         |       |         |          | 
     | picorv32_core_genblk1.pcpi_mul_mul_2371_47_cdnfadd | CI v -> CO v | ADDFX1  | 0.034 |   0.543 |    2.571 | 
     | 5                                                  |              |         |       |         |          | 
     | picorv32_core_genblk1.pcpi_mul_mul_2371_47_cdnfadd | CI v -> CO v | ADDFX1  | 0.034 |   0.578 |    2.606 | 
     | 6                                                  |              |         |       |         |          | 
     | picorv32_core_genblk1.pcpi_mul_mul_2371_47_cdnfadd | CI v -> CO v | ADDFX1  | 0.034 |   0.612 |    2.640 | 
     | 7                                                  |              |         |       |         |          | 
     | picorv32_core_genblk1.pcpi_mul_mul_2371_47_cdnfadd | CI v -> CO v | ADDFX1  | 0.034 |   0.645 |    2.673 | 
     | 8                                                  |              |         |       |         |          | 
     | picorv32_core_genblk1.pcpi_mul_mul_2371_47_cdnfadd | CI v -> CO v | ADDFX1  | 0.034 |   0.680 |    2.707 | 
     | 9                                                  |              |         |       |         |          | 
     | picorv32_core_genblk1.pcpi_mul_mul_2371_47_cdnfadd | CI v -> CO v | ADDFX1  | 0.035 |   0.715 |    2.743 | 
     | 10                                                 |              |         |       |         |          | 
     | picorv32_core_genblk1.pcpi_mul_mul_2371_47_cdnfadd | CI v -> CO v | ADDFX1  | 0.034 |   0.749 |    2.776 | 
     | 11                                                 |              |         |       |         |          | 
     | picorv32_core_genblk1.pcpi_mul_mul_2371_47_cdnfadd | CI v -> CO v | ADDFX1  | 0.035 |   0.784 |    2.812 | 
     | 12                                                 |              |         |       |         |          | 
     | picorv32_core_genblk1.pcpi_mul_mul_2371_47_cdnfadd | CI v -> CO v | ADDFX1  | 0.035 |   0.819 |    2.846 | 
     | 13                                                 |              |         |       |         |          | 
     | picorv32_core_genblk1.pcpi_mul_mul_2371_47_cdnfadd | CI v -> CO v | ADDFX1  | 0.033 |   0.852 |    2.880 | 
     | 14                                                 |              |         |       |         |          | 
     | picorv32_core_genblk1.pcpi_mul_mul_2371_47_cdnfadd | CI v -> CO v | ADDFX1  | 0.034 |   0.886 |    2.914 | 
     | 15                                                 |              |         |       |         |          | 
     | picorv32_core_genblk1.pcpi_mul_mul_2371_47_cdnfadd | CI v -> CO v | ADDFX1  | 0.034 |   0.920 |    2.947 | 
     | 16                                                 |              |         |       |         |          | 
     | picorv32_core_genblk1.pcpi_mul_mul_2371_47_cdnfadd | CI v -> CO v | ADDFX1  | 0.034 |   0.954 |    2.981 | 
     | 17                                                 |              |         |       |         |          | 
     | picorv32_core_genblk1.pcpi_mul_mul_2371_47_cdnfadd | CI v -> CO v | ADDFX1  | 0.034 |   0.988 |    3.015 | 
     | 18                                                 |              |         |       |         |          | 
     | picorv32_core_genblk1.pcpi_mul_mul_2371_47_cdnfadd | CI v -> CO v | ADDFX1  | 0.034 |   1.022 |    3.049 | 
     | 19                                                 |              |         |       |         |          | 
     | picorv32_core_genblk1.pcpi_mul_mul_2371_47_cdnfadd | CI v -> CO v | ADDFX1  | 0.034 |   1.056 |    3.083 | 
     | 20                                                 |              |         |       |         |          | 
     | picorv32_core_genblk1.pcpi_mul_mul_2371_47_cdnfadd | CI v -> CO v | ADDFX1  | 0.034 |   1.090 |    3.118 | 
     | 21                                                 |              |         |       |         |          | 
     | picorv32_core_genblk1.pcpi_mul_mul_2371_47_cdnfadd | CI v -> CO v | ADDFX1  | 0.035 |   1.125 |    3.153 | 
     | 22                                                 |              |         |       |         |          | 
     | picorv32_core_genblk1.pcpi_mul_mul_2371_47_cdnfadd | CI v -> CO v | ADDFX1  | 0.039 |   1.163 |    3.191 | 
     | 23                                                 |              |         |       |         |          | 
     | picorv32_core_genblk1.pcpi_mul_mul_2371_47_cdnfadd | CI v -> CO v | ADDFX1  | 0.035 |   1.199 |    3.226 | 
     | 24                                                 |              |         |       |         |          | 
     | picorv32_core_genblk1.pcpi_mul_mul_2371_47_cdnfadd | CI v -> CO v | ADDFX1  | 0.033 |   1.232 |    3.260 | 
     | 25                                                 |              |         |       |         |          | 
     | picorv32_core_genblk1.pcpi_mul_mul_2371_47_cdnfadd | CI v -> CO v | ADDFX1  | 0.033 |   1.265 |    3.293 | 
     | 26                                                 |              |         |       |         |          | 
     | picorv32_core_genblk1.pcpi_mul_mul_2371_47_cdnfadd | CI v -> CO v | ADDFX1  | 0.033 |   1.299 |    3.327 | 
     | 27                                                 |              |         |       |         |          | 
     | picorv32_core_genblk1.pcpi_mul_mul_2371_47_cdnfadd | CI v -> CO v | ADDFX1  | 0.033 |   1.332 |    3.360 | 
     | 28                                                 |              |         |       |         |          | 
     | picorv32_core_genblk1.pcpi_mul_mul_2371_47_cdnfadd | CI v -> CO v | ADDFX1  | 0.033 |   1.365 |    3.393 | 
     | 29                                                 |              |         |       |         |          | 
     | picorv32_core_genblk1.pcpi_mul_mul_2371_47_cdnfadd | CI v -> CO v | ADDFX1  | 0.033 |   1.398 |    3.426 | 
     | 30                                                 |              |         |       |         |          | 
     | picorv32_core_genblk1.pcpi_mul_mul_2371_47_cdnfadd | CI v -> CO v | ADDFX1  | 0.036 |   1.434 |    3.462 | 
     | 31                                                 |              |         |       |         |          | 
     | picorv32_core_genblk1.pcpi_mul_mul_2371_47_cdnfadd | CI v -> CO v | ADDFX1  | 0.036 |   1.470 |    3.498 | 
     | 32                                                 |              |         |       |         |          | 
     | picorv32_core_genblk1.pcpi_mul_mul_2371_47_cdnfadd | CI v -> CO v | ADDFX1  | 0.034 |   1.504 |    3.531 | 
     | 33                                                 |              |         |       |         |          | 
     | picorv32_core_genblk1.pcpi_mul_mul_2371_47_cdnfadd | CI v -> CO v | ADDFX1  | 0.033 |   1.537 |    3.565 | 
     | 34                                                 |              |         |       |         |          | 
     | picorv32_core_genblk1.pcpi_mul_mul_2371_47_cdnfadd | CI v -> CO v | ADDFX1  | 0.034 |   1.570 |    3.598 | 
     | 35                                                 |              |         |       |         |          | 
     | picorv32_core_genblk1.pcpi_mul_mul_2371_47_cdnfadd | CI v -> CO v | ADDFX1  | 0.034 |   1.604 |    3.632 | 
     | 36                                                 |              |         |       |         |          | 
     | picorv32_core_genblk1.pcpi_mul_mul_2371_47_cdnfadd | CI v -> CO v | ADDFX1  | 0.033 |   1.638 |    3.665 | 
     | 37                                                 |              |         |       |         |          | 
     | picorv32_core_genblk1.pcpi_mul_mul_2371_47_cdnfadd | CI v -> CO v | ADDFX1  | 0.033 |   1.671 |    3.699 | 
     | 38                                                 |              |         |       |         |          | 
     | picorv32_core_genblk1.pcpi_mul_mul_2371_47_cdnfadd | CI v -> CO v | ADDFX1  | 0.033 |   1.704 |    3.732 | 
     | 39                                                 |              |         |       |         |          | 
     | picorv32_core_genblk1.pcpi_mul_mul_2371_47_cdnfadd | CI v -> CO v | ADDFX1  | 0.034 |   1.738 |    3.766 | 
     | 40                                                 |              |         |       |         |          | 
     | picorv32_core_genblk1.pcpi_mul_mul_2371_47_cdnfadd | CI v -> CO v | ADDFX1  | 0.034 |   1.772 |    3.800 | 
     | 41                                                 |              |         |       |         |          | 
     | picorv32_core_genblk1.pcpi_mul_mul_2371_47_cdnfadd | CI v -> CO v | ADDFX1  | 0.033 |   1.806 |    3.833 | 
     | 42                                                 |              |         |       |         |          | 
     | picorv32_core_genblk1.pcpi_mul_mul_2371_47_cdnfadd | CI v -> CO v | ADDFX1  | 0.035 |   1.841 |    3.868 | 
     | 43                                                 |              |         |       |         |          | 
     | picorv32_core_genblk1.pcpi_mul_mul_2371_47_cdnfadd | CI v -> CO v | ADDFX1  | 0.039 |   1.879 |    3.907 | 
     | 44                                                 |              |         |       |         |          | 
     | picorv32_core_genblk1.pcpi_mul_mul_2371_47_cdnfadd | CI v -> S ^  | ADDFX1  | 0.050 |   1.929 |    3.957 | 
     | 45                                                 |              |         |       |         |          | 
     | picorv32_core_genblk1.pcpi_mul_rd_reg[45]          | D ^          | SDFFQX1 | 0.000 |   1.929 |    3.957 | 
     +----------------------------------------------------------------------------------------------------------+ 
Path 20: MET Setup Check with Pin picorv32_core_genblk1.pcpi_mul_rd_reg[44]/CK 
Endpoint:   picorv32_core_genblk1.pcpi_mul_rd_reg[44]/D (^) checked with  
leading edge of 'clk'
Beginpoint: picorv32_core_genblk1.pcpi_mul_rs2_reg[5]/Q (^) triggered by  
leading edge of 'clk'
Path Groups: {reg2reg}
Analysis View: analysis1
Other End Arrival Time          0.002
- Setup                         0.025
+ Phase Shift                   4.000
- Uncertainty                   0.020
= Required Time                 3.956
- Arrival Time                  1.889
= Slack Time                    2.067
     Clock Rise Edge                 0.000
     + Clock Network Latency (Prop)  0.004
     = Beginpoint Arrival Time       0.004
     +----------------------------------------------------------------------------------------------------------+ 
     |                      Instance                      |     Arc      |  Cell   | Delay | Arrival | Required | 
     |                                                    |              |         |       |  Time   |   Time   | 
     |----------------------------------------------------+--------------+---------+-------+---------+----------| 
     | picorv32_core_genblk1.pcpi_mul_rs2_reg[5]          | CK ^         |         |       |   0.004 |    2.072 | 
     | picorv32_core_genblk1.pcpi_mul_rs2_reg[5]          | CK ^ -> Q ^  | SDFFQX1 | 0.126 |   0.131 |    2.198 | 
     | picorv32_core_genblk1.pcpi_mul_mul_2371_47_g14113  | A ^ -> Y v   | INVX1   | 0.049 |   0.179 |    2.247 | 
     | picorv32_core_genblk1.pcpi_mul_mul_2371_47_g13989  | B v -> Y ^   | XNOR2X1 | 0.031 |   0.210 |    2.277 | 
     | picorv32_core_genblk1.pcpi_mul_mul_2371_47_g13897  | A ^ -> Y ^   | OR2X1   | 0.091 |   0.301 |    2.368 | 
     | picorv32_core_genblk1.pcpi_mul_mul_2371_47_g13890  | A ^ -> Y v   | INVX1   | 0.056 |   0.356 |    2.424 | 
     | picorv32_core_genblk1.pcpi_mul_mul_2371_47_g13740  | A1 v -> Y ^  | OAI21X1 | 0.029 |   0.386 |    2.453 | 
     | picorv32_core_genblk1.pcpi_mul_mul_2371_47_g13495  | B ^ -> Y ^   | XNOR2X1 | 0.025 |   0.410 |    2.477 | 
     | picorv32_core_genblk1.pcpi_mul_mul_2371_47_g13440  | B ^ -> S v   | ADDHX1  | 0.031 |   0.441 |    2.508 | 
     | picorv32_core_genblk1.pcpi_mul_mul_2371_47_cdnfadd | A v -> CO v  | ADDFX1  | 0.035 |   0.476 |    2.544 | 
     | 3                                                  |              |         |       |         |          | 
     | picorv32_core_genblk1.pcpi_mul_mul_2371_47_cdnfadd | CI v -> CO v | ADDFX1  | 0.033 |   0.510 |    2.577 | 
     | 4                                                  |              |         |       |         |          | 
     | picorv32_core_genblk1.pcpi_mul_mul_2371_47_cdnfadd | CI v -> CO v | ADDFX1  | 0.034 |   0.543 |    2.611 | 
     | 5                                                  |              |         |       |         |          | 
     | picorv32_core_genblk1.pcpi_mul_mul_2371_47_cdnfadd | CI v -> CO v | ADDFX1  | 0.034 |   0.578 |    2.645 | 
     | 6                                                  |              |         |       |         |          | 
     | picorv32_core_genblk1.pcpi_mul_mul_2371_47_cdnfadd | CI v -> CO v | ADDFX1  | 0.034 |   0.612 |    2.679 | 
     | 7                                                  |              |         |       |         |          | 
     | picorv32_core_genblk1.pcpi_mul_mul_2371_47_cdnfadd | CI v -> CO v | ADDFX1  | 0.034 |   0.645 |    2.713 | 
     | 8                                                  |              |         |       |         |          | 
     | picorv32_core_genblk1.pcpi_mul_mul_2371_47_cdnfadd | CI v -> CO v | ADDFX1  | 0.034 |   0.680 |    2.747 | 
     | 9                                                  |              |         |       |         |          | 
     | picorv32_core_genblk1.pcpi_mul_mul_2371_47_cdnfadd | CI v -> CO v | ADDFX1  | 0.035 |   0.715 |    2.782 | 
     | 10                                                 |              |         |       |         |          | 
     | picorv32_core_genblk1.pcpi_mul_mul_2371_47_cdnfadd | CI v -> CO v | ADDFX1  | 0.034 |   0.749 |    2.816 | 
     | 11                                                 |              |         |       |         |          | 
     | picorv32_core_genblk1.pcpi_mul_mul_2371_47_cdnfadd | CI v -> CO v | ADDFX1  | 0.035 |   0.784 |    2.851 | 
     | 12                                                 |              |         |       |         |          | 
     | picorv32_core_genblk1.pcpi_mul_mul_2371_47_cdnfadd | CI v -> CO v | ADDFX1  | 0.035 |   0.819 |    2.886 | 
     | 13                                                 |              |         |       |         |          | 
     | picorv32_core_genblk1.pcpi_mul_mul_2371_47_cdnfadd | CI v -> CO v | ADDFX1  | 0.033 |   0.852 |    2.919 | 
     | 14                                                 |              |         |       |         |          | 
     | picorv32_core_genblk1.pcpi_mul_mul_2371_47_cdnfadd | CI v -> CO v | ADDFX1  | 0.034 |   0.886 |    2.953 | 
     | 15                                                 |              |         |       |         |          | 
     | picorv32_core_genblk1.pcpi_mul_mul_2371_47_cdnfadd | CI v -> CO v | ADDFX1  | 0.034 |   0.920 |    2.987 | 
     | 16                                                 |              |         |       |         |          | 
     | picorv32_core_genblk1.pcpi_mul_mul_2371_47_cdnfadd | CI v -> CO v | ADDFX1  | 0.034 |   0.954 |    3.021 | 
     | 17                                                 |              |         |       |         |          | 
     | picorv32_core_genblk1.pcpi_mul_mul_2371_47_cdnfadd | CI v -> CO v | ADDFX1  | 0.034 |   0.988 |    3.055 | 
     | 18                                                 |              |         |       |         |          | 
     | picorv32_core_genblk1.pcpi_mul_mul_2371_47_cdnfadd | CI v -> CO v | ADDFX1  | 0.034 |   1.022 |    3.089 | 
     | 19                                                 |              |         |       |         |          | 
     | picorv32_core_genblk1.pcpi_mul_mul_2371_47_cdnfadd | CI v -> CO v | ADDFX1  | 0.034 |   1.056 |    3.123 | 
     | 20                                                 |              |         |       |         |          | 
     | picorv32_core_genblk1.pcpi_mul_mul_2371_47_cdnfadd | CI v -> CO v | ADDFX1  | 0.034 |   1.090 |    3.157 | 
     | 21                                                 |              |         |       |         |          | 
     | picorv32_core_genblk1.pcpi_mul_mul_2371_47_cdnfadd | CI v -> CO v | ADDFX1  | 0.035 |   1.125 |    3.192 | 
     | 22                                                 |              |         |       |         |          | 
     | picorv32_core_genblk1.pcpi_mul_mul_2371_47_cdnfadd | CI v -> CO v | ADDFX1  | 0.039 |   1.163 |    3.231 | 
     | 23                                                 |              |         |       |         |          | 
     | picorv32_core_genblk1.pcpi_mul_mul_2371_47_cdnfadd | CI v -> CO v | ADDFX1  | 0.035 |   1.199 |    3.266 | 
     | 24                                                 |              |         |       |         |          | 
     | picorv32_core_genblk1.pcpi_mul_mul_2371_47_cdnfadd | CI v -> CO v | ADDFX1  | 0.033 |   1.232 |    3.299 | 
     | 25                                                 |              |         |       |         |          | 
     | picorv32_core_genblk1.pcpi_mul_mul_2371_47_cdnfadd | CI v -> CO v | ADDFX1  | 0.033 |   1.265 |    3.333 | 
     | 26                                                 |              |         |       |         |          | 
     | picorv32_core_genblk1.pcpi_mul_mul_2371_47_cdnfadd | CI v -> CO v | ADDFX1  | 0.033 |   1.299 |    3.366 | 
     | 27                                                 |              |         |       |         |          | 
     | picorv32_core_genblk1.pcpi_mul_mul_2371_47_cdnfadd | CI v -> CO v | ADDFX1  | 0.033 |   1.332 |    3.399 | 
     | 28                                                 |              |         |       |         |          | 
     | picorv32_core_genblk1.pcpi_mul_mul_2371_47_cdnfadd | CI v -> CO v | ADDFX1  | 0.033 |   1.365 |    3.433 | 
     | 29                                                 |              |         |       |         |          | 
     | picorv32_core_genblk1.pcpi_mul_mul_2371_47_cdnfadd | CI v -> CO v | ADDFX1  | 0.033 |   1.398 |    3.466 | 
     | 30                                                 |              |         |       |         |          | 
     | picorv32_core_genblk1.pcpi_mul_mul_2371_47_cdnfadd | CI v -> CO v | ADDFX1  | 0.036 |   1.434 |    3.501 | 
     | 31                                                 |              |         |       |         |          | 
     | picorv32_core_genblk1.pcpi_mul_mul_2371_47_cdnfadd | CI v -> CO v | ADDFX1  | 0.036 |   1.470 |    3.537 | 
     | 32                                                 |              |         |       |         |          | 
     | picorv32_core_genblk1.pcpi_mul_mul_2371_47_cdnfadd | CI v -> CO v | ADDFX1  | 0.034 |   1.504 |    3.571 | 
     | 33                                                 |              |         |       |         |          | 
     | picorv32_core_genblk1.pcpi_mul_mul_2371_47_cdnfadd | CI v -> CO v | ADDFX1  | 0.033 |   1.537 |    3.604 | 
     | 34                                                 |              |         |       |         |          | 
     | picorv32_core_genblk1.pcpi_mul_mul_2371_47_cdnfadd | CI v -> CO v | ADDFX1  | 0.034 |   1.570 |    3.638 | 
     | 35                                                 |              |         |       |         |          | 
     | picorv32_core_genblk1.pcpi_mul_mul_2371_47_cdnfadd | CI v -> CO v | ADDFX1  | 0.034 |   1.604 |    3.671 | 
     | 36                                                 |              |         |       |         |          | 
     | picorv32_core_genblk1.pcpi_mul_mul_2371_47_cdnfadd | CI v -> CO v | ADDFX1  | 0.033 |   1.638 |    3.705 | 
     | 37                                                 |              |         |       |         |          | 
     | picorv32_core_genblk1.pcpi_mul_mul_2371_47_cdnfadd | CI v -> CO v | ADDFX1  | 0.033 |   1.671 |    3.738 | 
     | 38                                                 |              |         |       |         |          | 
     | picorv32_core_genblk1.pcpi_mul_mul_2371_47_cdnfadd | CI v -> CO v | ADDFX1  | 0.033 |   1.704 |    3.772 | 
     | 39                                                 |              |         |       |         |          | 
     | picorv32_core_genblk1.pcpi_mul_mul_2371_47_cdnfadd | CI v -> CO v | ADDFX1  | 0.034 |   1.738 |    3.806 | 
     | 40                                                 |              |         |       |         |          | 
     | picorv32_core_genblk1.pcpi_mul_mul_2371_47_cdnfadd | CI v -> CO v | ADDFX1  | 0.034 |   1.772 |    3.840 | 
     | 41                                                 |              |         |       |         |          | 
     | picorv32_core_genblk1.pcpi_mul_mul_2371_47_cdnfadd | CI v -> CO v | ADDFX1  | 0.033 |   1.806 |    3.873 | 
     | 42                                                 |              |         |       |         |          | 
     | picorv32_core_genblk1.pcpi_mul_mul_2371_47_cdnfadd | CI v -> CO v | ADDFX1  | 0.035 |   1.841 |    3.908 | 
     | 43                                                 |              |         |       |         |          | 
     | picorv32_core_genblk1.pcpi_mul_mul_2371_47_cdnfadd | CI v -> S ^  | ADDFX1  | 0.048 |   1.889 |    3.956 | 
     | 44                                                 |              |         |       |         |          | 
     | picorv32_core_genblk1.pcpi_mul_rd_reg[44]          | D ^          | SDFFQX1 | 0.000 |   1.889 |    3.956 | 
     +----------------------------------------------------------------------------------------------------------+ 
Path 21: MET Setup Check with Pin picorv32_core_reg_next_pc_reg[31]/CK 
Endpoint:   picorv32_core_reg_next_pc_reg[31]/D (v) checked with  leading edge 
of 'clk'
Beginpoint: picorv32_core_irq_pending_reg[12]/Q (v) triggered by  leading edge 
of 'clk'
Path Groups: {reg2reg}
Analysis View: analysis1
Other End Arrival Time          0.004
- Setup                         0.021
+ Phase Shift                   4.000
- Uncertainty                   0.020
= Required Time                 3.962
- Arrival Time                  1.864
= Slack Time                    2.098
     Clock Rise Edge                 0.000
     + Clock Network Latency (Prop)  0.006
     = Beginpoint Arrival Time       0.006
     +------------------------------------------------------------------------------------------------------+ 
     |                   Instance                   |     Arc      |   Cell    | Delay | Arrival | Required | 
     |                                              |              |           |       |  Time   |   Time   | 
     |----------------------------------------------+--------------+-----------+-------+---------+----------| 
     | picorv32_core_irq_pending_reg[12]            | CK ^         |           |       |   0.006 |    2.104 | 
     | picorv32_core_irq_pending_reg[12]            | CK ^ -> Q v  | SDFFQX1   | 0.051 |   0.056 |    2.154 | 
     | picorv32_core_g89487__7482                   | B v -> Y ^   | NAND2BX1  | 0.041 |   0.097 |    2.195 | 
     | picorv32_core_g89196__3680                   | B ^ -> Y ^   | AND4XL    | 0.061 |   0.158 |    2.256 | 
     | picorv32_core_g89178__6161                   | D ^ -> Y ^   | AND4XL    | 0.036 |   0.194 |    2.292 | 
     | picorv32_core_g89166__2802                   | D ^ -> Y ^   | AND4XL    | 0.042 |   0.236 |    2.334 | 
     | picorv32_core_g89157__4319                   | D ^ -> Y ^   | AND4XL    | 0.034 |   0.269 |    2.367 | 
     | picorv32_core_g89147__2883                   | D ^ -> Y ^   | AND4XL    | 0.045 |   0.314 |    2.412 | 
     | picorv32_core_g89139__5115                   | D ^ -> Y ^   | AND4XL    | 0.073 |   0.387 |    2.485 | 
     | picorv32_core_g89133__1705                   | D ^ -> Y ^   | AND4XL    | 0.043 |   0.430 |    2.528 | 
     | picorv32_core_g89128__5526                   | D ^ -> Y ^   | AND4XL    | 0.040 |   0.470 |    2.569 | 
     | picorv32_core_g89124__6260                   | D ^ -> Y ^   | AND4X1    | 0.045 |   0.515 |    2.613 | 
     | picorv32_core_g89122__2398                   | D ^ -> Y v   | NAND4XL   | 0.079 |   0.594 |    2.692 | 
     | picorv32_core_g89120__6417                   | B v -> Y ^   | NOR2BX1   | 0.057 |   0.652 |    2.750 | 
     | picorv32_core_g89119__7410                   | D ^ -> Y ^   | OR4X1     | 0.023 |   0.675 |    2.773 | 
     | picorv32_core_g89117__2346                   | B ^ -> Y v   | NAND2BX1  | 0.031 |   0.707 |    2.805 | 
     | picorv32_core_g89115__2883                   | AN v -> Y v  | NAND2BX1  | 0.025 |   0.731 |    2.829 | 
     | picorv32_core_g89112__6161                   | AN v -> Y v  | NAND2BX1  | 0.018 |   0.749 |    2.848 | 
     | picorv32_core_g89111__4733                   | B v -> Y v   | OR2X1     | 0.078 |   0.827 |    2.925 | 
     | picorv32_core_g89108__1881                   | B v -> Y ^   | NOR2BX1   | 0.039 |   0.866 |    2.964 | 
     | picorv32_core_add_1569_33_Y_add_1552_33_g763 | B ^ -> CO ^  | ADDHX1    | 0.025 |   0.892 |    2.990 | 
     | picorv32_core_add_1569_33_Y_add_1552_33_g762 | CI ^ -> CO ^ | ADDFX1    | 0.031 |   0.923 |    3.021 | 
     | picorv32_core_add_1569_33_Y_add_1552_33_g761 | CI ^ -> CO ^ | ADDFX1    | 0.031 |   0.954 |    3.052 | 
     | picorv32_core_add_1569_33_Y_add_1552_33_g760 | CI ^ -> CO ^ | ADDFX1    | 0.032 |   0.985 |    3.084 | 
     | picorv32_core_add_1569_33_Y_add_1552_33_g759 | CI ^ -> CO ^ | ADDFX1    | 0.032 |   1.017 |    3.115 | 
     | picorv32_core_add_1569_33_Y_add_1552_33_g758 | CI ^ -> CO ^ | ADDFX1    | 0.031 |   1.048 |    3.147 | 
     | picorv32_core_add_1569_33_Y_add_1552_33_g757 | CI ^ -> CO ^ | ADDFX1    | 0.031 |   1.080 |    3.178 | 
     | picorv32_core_add_1569_33_Y_add_1552_33_g756 | CI ^ -> CO ^ | ADDFX1    | 0.032 |   1.112 |    3.210 | 
     | picorv32_core_add_1569_33_Y_add_1552_33_g755 | CI ^ -> CO ^ | ADDFX1    | 0.033 |   1.145 |    3.243 | 
     | picorv32_core_add_1569_33_Y_add_1552_33_g754 | CI ^ -> CO ^ | ADDFX1    | 0.032 |   1.177 |    3.275 | 
     | picorv32_core_add_1569_33_Y_add_1552_33_g753 | CI ^ -> CO ^ | ADDFX1    | 0.032 |   1.209 |    3.308 | 
     | picorv32_core_add_1569_33_Y_add_1552_33_g752 | CI ^ -> CO ^ | ADDFX1    | 0.032 |   1.242 |    3.340 | 
     | picorv32_core_add_1569_33_Y_add_1552_33_g751 | CI ^ -> CO ^ | ADDFX1    | 0.034 |   1.275 |    3.373 | 
     | picorv32_core_add_1569_33_Y_add_1552_33_g750 | CI ^ -> CO ^ | ADDFX1    | 0.032 |   1.307 |    3.406 | 
     | picorv32_core_add_1569_33_Y_add_1552_33_g749 | CI ^ -> CO ^ | ADDFX1    | 0.033 |   1.341 |    3.439 | 
     | picorv32_core_add_1569_33_Y_add_1552_33_g748 | CI ^ -> CO ^ | ADDFX1    | 0.034 |   1.375 |    3.473 | 
     | picorv32_core_add_1569_33_Y_add_1552_33_g747 | CI ^ -> CO ^ | ADDFX1    | 0.031 |   1.405 |    3.503 | 
     | picorv32_core_add_1569_33_Y_add_1552_33_g746 | CI ^ -> CO ^ | ADDFX1    | 0.030 |   1.435 |    3.534 | 
     | picorv32_core_add_1569_33_Y_add_1552_33_g745 | CI ^ -> CO ^ | ADDFX1    | 0.030 |   1.466 |    3.564 | 
     | picorv32_core_add_1569_33_Y_add_1552_33_g744 | CI ^ -> CO ^ | ADDFX1    | 0.030 |   1.496 |    3.594 | 
     | picorv32_core_add_1569_33_Y_add_1552_33_g743 | CI ^ -> CO ^ | ADDFX1    | 0.030 |   1.526 |    3.624 | 
     | picorv32_core_add_1569_33_Y_add_1552_33_g742 | CI ^ -> CO ^ | ADDFX1    | 0.031 |   1.557 |    3.655 | 
     | picorv32_core_add_1569_33_Y_add_1552_33_g741 | CI ^ -> CO ^ | ADDFX1    | 0.030 |   1.587 |    3.685 | 
     | picorv32_core_add_1569_33_Y_add_1552_33_g740 | CI ^ -> CO ^ | ADDFX1    | 0.030 |   1.618 |    3.716 | 
     | picorv32_core_add_1569_33_Y_add_1552_33_g739 | CI ^ -> CO ^ | ADDFX1    | 0.031 |   1.648 |    3.746 | 
     | picorv32_core_add_1569_33_Y_add_1552_33_g738 | CI ^ -> CO ^ | ADDFX1    | 0.033 |   1.681 |    3.779 | 
     | picorv32_core_add_1569_33_Y_add_1552_33_g737 | CI ^ -> CO ^ | ADDFX1    | 0.034 |   1.715 |    3.813 | 
     | picorv32_core_add_1569_33_Y_add_1552_33_g736 | CI ^ -> CO ^ | ADDFX1    | 0.032 |   1.747 |    3.845 | 
     | picorv32_core_add_1569_33_Y_add_1552_33_g735 | CI ^ -> CO ^ | ADDFX1    | 0.031 |   1.778 |    3.876 | 
     | picorv32_core_add_1569_33_Y_add_1552_33_g734 | CI ^ -> CO ^ | ADDFX1    | 0.029 |   1.808 |    3.906 | 
     | picorv32_core_add_1569_33_Y_add_1552_33_g733 | B ^ -> Y v   | XNOR2X1   | 0.024 |   1.832 |    3.930 | 
     | picorv32_core_g190432__6260                  | B1 v -> Y ^  | AOI22X1   | 0.014 |   1.846 |    3.944 | 
     | picorv32_core_g190416__6131                  | B0 ^ -> Y v  | OAI2BB1X1 | 0.018 |   1.864 |    3.962 | 
     | picorv32_core_reg_next_pc_reg[31]            | D v          | SDFFQX1   | 0.000 |   1.864 |    3.962 | 
     +------------------------------------------------------------------------------------------------------+ 
Path 22: MET Setup Check with Pin picorv32_core_reg_next_pc_reg[30]/CK 
Endpoint:   picorv32_core_reg_next_pc_reg[30]/D (v) checked with  leading edge 
of 'clk'
Beginpoint: picorv32_core_irq_pending_reg[12]/Q (v) triggered by  leading edge 
of 'clk'
Path Groups: {reg2reg}
Analysis View: analysis1
Other End Arrival Time          0.004
- Setup                         0.022
+ Phase Shift                   4.000
- Uncertainty                   0.020
= Required Time                 3.962
- Arrival Time                  1.858
= Slack Time                    2.103
     Clock Rise Edge                 0.000
     + Clock Network Latency (Prop)  0.006
     = Beginpoint Arrival Time       0.006
     +------------------------------------------------------------------------------------------------------+ 
     |                   Instance                   |     Arc      |   Cell    | Delay | Arrival | Required | 
     |                                              |              |           |       |  Time   |   Time   | 
     |----------------------------------------------+--------------+-----------+-------+---------+----------| 
     | picorv32_core_irq_pending_reg[12]            | CK ^         |           |       |   0.006 |    2.109 | 
     | picorv32_core_irq_pending_reg[12]            | CK ^ -> Q v  | SDFFQX1   | 0.051 |   0.056 |    2.160 | 
     | picorv32_core_g89487__7482                   | B v -> Y ^   | NAND2BX1  | 0.041 |   0.097 |    2.200 | 
     | picorv32_core_g89196__3680                   | B ^ -> Y ^   | AND4XL    | 0.061 |   0.158 |    2.261 | 
     | picorv32_core_g89178__6161                   | D ^ -> Y ^   | AND4XL    | 0.036 |   0.194 |    2.297 | 
     | picorv32_core_g89166__2802                   | D ^ -> Y ^   | AND4XL    | 0.042 |   0.236 |    2.339 | 
     | picorv32_core_g89157__4319                   | D ^ -> Y ^   | AND4XL    | 0.034 |   0.269 |    2.373 | 
     | picorv32_core_g89147__2883                   | D ^ -> Y ^   | AND4XL    | 0.045 |   0.314 |    2.418 | 
     | picorv32_core_g89139__5115                   | D ^ -> Y ^   | AND4XL    | 0.073 |   0.387 |    2.490 | 
     | picorv32_core_g89133__1705                   | D ^ -> Y ^   | AND4XL    | 0.043 |   0.430 |    2.534 | 
     | picorv32_core_g89128__5526                   | D ^ -> Y ^   | AND4XL    | 0.040 |   0.470 |    2.574 | 
     | picorv32_core_g89124__6260                   | D ^ -> Y ^   | AND4X1    | 0.045 |   0.515 |    2.619 | 
     | picorv32_core_g89122__2398                   | D ^ -> Y v   | NAND4XL   | 0.079 |   0.594 |    2.698 | 
     | picorv32_core_g89120__6417                   | B v -> Y ^   | NOR2BX1   | 0.057 |   0.652 |    2.755 | 
     | picorv32_core_g89119__7410                   | D ^ -> Y ^   | OR4X1     | 0.023 |   0.675 |    2.779 | 
     | picorv32_core_g89117__2346                   | B ^ -> Y v   | NAND2BX1  | 0.031 |   0.707 |    2.810 | 
     | picorv32_core_g89115__2883                   | AN v -> Y v  | NAND2BX1  | 0.025 |   0.731 |    2.835 | 
     | picorv32_core_g89112__6161                   | AN v -> Y v  | NAND2BX1  | 0.018 |   0.749 |    2.853 | 
     | picorv32_core_g89111__4733                   | B v -> Y v   | OR2X1     | 0.078 |   0.827 |    2.931 | 
     | picorv32_core_g89108__1881                   | B v -> Y ^   | NOR2BX1   | 0.039 |   0.866 |    2.970 | 
     | picorv32_core_add_1569_33_Y_add_1552_33_g763 | B ^ -> CO ^  | ADDHX1    | 0.025 |   0.892 |    2.995 | 
     | picorv32_core_add_1569_33_Y_add_1552_33_g762 | CI ^ -> CO ^ | ADDFX1    | 0.031 |   0.923 |    3.027 | 
     | picorv32_core_add_1569_33_Y_add_1552_33_g761 | CI ^ -> CO ^ | ADDFX1    | 0.031 |   0.954 |    3.057 | 
     | picorv32_core_add_1569_33_Y_add_1552_33_g760 | CI ^ -> CO ^ | ADDFX1    | 0.032 |   0.985 |    3.089 | 
     | picorv32_core_add_1569_33_Y_add_1552_33_g759 | CI ^ -> CO ^ | ADDFX1    | 0.032 |   1.017 |    3.121 | 
     | picorv32_core_add_1569_33_Y_add_1552_33_g758 | CI ^ -> CO ^ | ADDFX1    | 0.031 |   1.048 |    3.152 | 
     | picorv32_core_add_1569_33_Y_add_1552_33_g757 | CI ^ -> CO ^ | ADDFX1    | 0.031 |   1.080 |    3.183 | 
     | picorv32_core_add_1569_33_Y_add_1552_33_g756 | CI ^ -> CO ^ | ADDFX1    | 0.032 |   1.112 |    3.215 | 
     | picorv32_core_add_1569_33_Y_add_1552_33_g755 | CI ^ -> CO ^ | ADDFX1    | 0.033 |   1.145 |    3.248 | 
     | picorv32_core_add_1569_33_Y_add_1552_33_g754 | CI ^ -> CO ^ | ADDFX1    | 0.032 |   1.177 |    3.281 | 
     | picorv32_core_add_1569_33_Y_add_1552_33_g753 | CI ^ -> CO ^ | ADDFX1    | 0.032 |   1.209 |    3.313 | 
     | picorv32_core_add_1569_33_Y_add_1552_33_g752 | CI ^ -> CO ^ | ADDFX1    | 0.032 |   1.242 |    3.345 | 
     | picorv32_core_add_1569_33_Y_add_1552_33_g751 | CI ^ -> CO ^ | ADDFX1    | 0.034 |   1.275 |    3.379 | 
     | picorv32_core_add_1569_33_Y_add_1552_33_g750 | CI ^ -> CO ^ | ADDFX1    | 0.032 |   1.307 |    3.411 | 
     | picorv32_core_add_1569_33_Y_add_1552_33_g749 | CI ^ -> CO ^ | ADDFX1    | 0.033 |   1.341 |    3.444 | 
     | picorv32_core_add_1569_33_Y_add_1552_33_g748 | CI ^ -> CO ^ | ADDFX1    | 0.034 |   1.375 |    3.478 | 
     | picorv32_core_add_1569_33_Y_add_1552_33_g747 | CI ^ -> CO ^ | ADDFX1    | 0.031 |   1.405 |    3.509 | 
     | picorv32_core_add_1569_33_Y_add_1552_33_g746 | CI ^ -> CO ^ | ADDFX1    | 0.030 |   1.435 |    3.539 | 
     | picorv32_core_add_1569_33_Y_add_1552_33_g745 | CI ^ -> CO ^ | ADDFX1    | 0.030 |   1.466 |    3.569 | 
     | picorv32_core_add_1569_33_Y_add_1552_33_g744 | CI ^ -> CO ^ | ADDFX1    | 0.030 |   1.496 |    3.599 | 
     | picorv32_core_add_1569_33_Y_add_1552_33_g743 | CI ^ -> CO ^ | ADDFX1    | 0.030 |   1.526 |    3.629 | 
     | picorv32_core_add_1569_33_Y_add_1552_33_g742 | CI ^ -> CO ^ | ADDFX1    | 0.031 |   1.557 |    3.660 | 
     | picorv32_core_add_1569_33_Y_add_1552_33_g741 | CI ^ -> CO ^ | ADDFX1    | 0.030 |   1.587 |    3.691 | 
     | picorv32_core_add_1569_33_Y_add_1552_33_g740 | CI ^ -> CO ^ | ADDFX1    | 0.030 |   1.618 |    3.721 | 
     | picorv32_core_add_1569_33_Y_add_1552_33_g739 | CI ^ -> CO ^ | ADDFX1    | 0.031 |   1.648 |    3.752 | 
     | picorv32_core_add_1569_33_Y_add_1552_33_g738 | CI ^ -> CO ^ | ADDFX1    | 0.033 |   1.681 |    3.784 | 
     | picorv32_core_add_1569_33_Y_add_1552_33_g737 | CI ^ -> CO ^ | ADDFX1    | 0.034 |   1.715 |    3.819 | 
     | picorv32_core_add_1569_33_Y_add_1552_33_g736 | CI ^ -> CO ^ | ADDFX1    | 0.032 |   1.747 |    3.850 | 
     | picorv32_core_add_1569_33_Y_add_1552_33_g735 | CI ^ -> CO ^ | ADDFX1    | 0.031 |   1.778 |    3.882 | 
     | picorv32_core_add_1569_33_Y_add_1552_33_g734 | CI ^ -> S v  | ADDFX1    | 0.046 |   1.824 |    3.928 | 
     | picorv32_core_g190446__5115                  | B1 v -> Y ^  | AOI22X1   | 0.014 |   1.839 |    3.942 | 
     | picorv32_core_g190415__7098                  | B0 ^ -> Y v  | OAI2BB1X1 | 0.020 |   1.858 |    3.962 | 
     | picorv32_core_reg_next_pc_reg[30]            | D v          | SDFFQX1   | 0.000 |   1.858 |    3.962 | 
     +------------------------------------------------------------------------------------------------------+ 
Path 23: MET Setup Check with Pin picorv32_core_genblk1.pcpi_mul_rd_reg[43]/CK 
Endpoint:   picorv32_core_genblk1.pcpi_mul_rd_reg[43]/D (^) checked with  
leading edge of 'clk'
Beginpoint: picorv32_core_genblk1.pcpi_mul_rs2_reg[5]/Q (^) triggered by  
leading edge of 'clk'
Path Groups: {reg2reg}
Analysis View: analysis1
Other End Arrival Time          0.004
- Setup                         0.025
+ Phase Shift                   4.000
- Uncertainty                   0.020
= Required Time                 3.959
- Arrival Time                  1.853
= Slack Time                    2.106
     Clock Rise Edge                 0.000
     + Clock Network Latency (Prop)  0.004
     = Beginpoint Arrival Time       0.004
     +----------------------------------------------------------------------------------------------------------+ 
     |                      Instance                      |     Arc      |  Cell   | Delay | Arrival | Required | 
     |                                                    |              |         |       |  Time   |   Time   | 
     |----------------------------------------------------+--------------+---------+-------+---------+----------| 
     | picorv32_core_genblk1.pcpi_mul_rs2_reg[5]          | CK ^         |         |       |   0.004 |    2.110 | 
     | picorv32_core_genblk1.pcpi_mul_rs2_reg[5]          | CK ^ -> Q ^  | SDFFQX1 | 0.126 |   0.131 |    2.237 | 
     | picorv32_core_genblk1.pcpi_mul_mul_2371_47_g14113  | A ^ -> Y v   | INVX1   | 0.049 |   0.179 |    2.286 | 
     | picorv32_core_genblk1.pcpi_mul_mul_2371_47_g13989  | B v -> Y ^   | XNOR2X1 | 0.031 |   0.210 |    2.316 | 
     | picorv32_core_genblk1.pcpi_mul_mul_2371_47_g13897  | A ^ -> Y ^   | OR2X1   | 0.091 |   0.301 |    2.407 | 
     | picorv32_core_genblk1.pcpi_mul_mul_2371_47_g13890  | A ^ -> Y v   | INVX1   | 0.056 |   0.356 |    2.463 | 
     | picorv32_core_genblk1.pcpi_mul_mul_2371_47_g13740  | A1 v -> Y ^  | OAI21X1 | 0.029 |   0.386 |    2.492 | 
     | picorv32_core_genblk1.pcpi_mul_mul_2371_47_g13495  | B ^ -> Y ^   | XNOR2X1 | 0.025 |   0.410 |    2.516 | 
     | picorv32_core_genblk1.pcpi_mul_mul_2371_47_g13440  | B ^ -> S v   | ADDHX1  | 0.031 |   0.441 |    2.547 | 
     | picorv32_core_genblk1.pcpi_mul_mul_2371_47_cdnfadd | A v -> CO v  | ADDFX1  | 0.035 |   0.476 |    2.582 | 
     | 3                                                  |              |         |       |         |          | 
     | picorv32_core_genblk1.pcpi_mul_mul_2371_47_cdnfadd | CI v -> CO v | ADDFX1  | 0.033 |   0.510 |    2.616 | 
     | 4                                                  |              |         |       |         |          | 
     | picorv32_core_genblk1.pcpi_mul_mul_2371_47_cdnfadd | CI v -> CO v | ADDFX1  | 0.034 |   0.543 |    2.650 | 
     | 5                                                  |              |         |       |         |          | 
     | picorv32_core_genblk1.pcpi_mul_mul_2371_47_cdnfadd | CI v -> CO v | ADDFX1  | 0.034 |   0.578 |    2.684 | 
     | 6                                                  |              |         |       |         |          | 
     | picorv32_core_genblk1.pcpi_mul_mul_2371_47_cdnfadd | CI v -> CO v | ADDFX1  | 0.034 |   0.612 |    2.718 | 
     | 7                                                  |              |         |       |         |          | 
     | picorv32_core_genblk1.pcpi_mul_mul_2371_47_cdnfadd | CI v -> CO v | ADDFX1  | 0.034 |   0.645 |    2.751 | 
     | 8                                                  |              |         |       |         |          | 
     | picorv32_core_genblk1.pcpi_mul_mul_2371_47_cdnfadd | CI v -> CO v | ADDFX1  | 0.034 |   0.680 |    2.786 | 
     | 9                                                  |              |         |       |         |          | 
     | picorv32_core_genblk1.pcpi_mul_mul_2371_47_cdnfadd | CI v -> CO v | ADDFX1  | 0.035 |   0.715 |    2.821 | 
     | 10                                                 |              |         |       |         |          | 
     | picorv32_core_genblk1.pcpi_mul_mul_2371_47_cdnfadd | CI v -> CO v | ADDFX1  | 0.034 |   0.749 |    2.855 | 
     | 11                                                 |              |         |       |         |          | 
     | picorv32_core_genblk1.pcpi_mul_mul_2371_47_cdnfadd | CI v -> CO v | ADDFX1  | 0.035 |   0.784 |    2.890 | 
     | 12                                                 |              |         |       |         |          | 
     | picorv32_core_genblk1.pcpi_mul_mul_2371_47_cdnfadd | CI v -> CO v | ADDFX1  | 0.035 |   0.819 |    2.925 | 
     | 13                                                 |              |         |       |         |          | 
     | picorv32_core_genblk1.pcpi_mul_mul_2371_47_cdnfadd | CI v -> CO v | ADDFX1  | 0.033 |   0.852 |    2.958 | 
     | 14                                                 |              |         |       |         |          | 
     | picorv32_core_genblk1.pcpi_mul_mul_2371_47_cdnfadd | CI v -> CO v | ADDFX1  | 0.034 |   0.886 |    2.992 | 
     | 15                                                 |              |         |       |         |          | 
     | picorv32_core_genblk1.pcpi_mul_mul_2371_47_cdnfadd | CI v -> CO v | ADDFX1  | 0.034 |   0.920 |    3.026 | 
     | 16                                                 |              |         |       |         |          | 
     | picorv32_core_genblk1.pcpi_mul_mul_2371_47_cdnfadd | CI v -> CO v | ADDFX1  | 0.034 |   0.954 |    3.060 | 
     | 17                                                 |              |         |       |         |          | 
     | picorv32_core_genblk1.pcpi_mul_mul_2371_47_cdnfadd | CI v -> CO v | ADDFX1  | 0.034 |   0.988 |    3.094 | 
     | 18                                                 |              |         |       |         |          | 
     | picorv32_core_genblk1.pcpi_mul_mul_2371_47_cdnfadd | CI v -> CO v | ADDFX1  | 0.034 |   1.022 |    3.128 | 
     | 19                                                 |              |         |       |         |          | 
     | picorv32_core_genblk1.pcpi_mul_mul_2371_47_cdnfadd | CI v -> CO v | ADDFX1  | 0.034 |   1.056 |    3.162 | 
     | 20                                                 |              |         |       |         |          | 
     | picorv32_core_genblk1.pcpi_mul_mul_2371_47_cdnfadd | CI v -> CO v | ADDFX1  | 0.034 |   1.090 |    3.196 | 
     | 21                                                 |              |         |       |         |          | 
     | picorv32_core_genblk1.pcpi_mul_mul_2371_47_cdnfadd | CI v -> CO v | ADDFX1  | 0.035 |   1.125 |    3.231 | 
     | 22                                                 |              |         |       |         |          | 
     | picorv32_core_genblk1.pcpi_mul_mul_2371_47_cdnfadd | CI v -> CO v | ADDFX1  | 0.039 |   1.163 |    3.270 | 
     | 23                                                 |              |         |       |         |          | 
     | picorv32_core_genblk1.pcpi_mul_mul_2371_47_cdnfadd | CI v -> CO v | ADDFX1  | 0.035 |   1.199 |    3.305 | 
     | 24                                                 |              |         |       |         |          | 
     | picorv32_core_genblk1.pcpi_mul_mul_2371_47_cdnfadd | CI v -> CO v | ADDFX1  | 0.033 |   1.232 |    3.338 | 
     | 25                                                 |              |         |       |         |          | 
     | picorv32_core_genblk1.pcpi_mul_mul_2371_47_cdnfadd | CI v -> CO v | ADDFX1  | 0.033 |   1.265 |    3.371 | 
     | 26                                                 |              |         |       |         |          | 
     | picorv32_core_genblk1.pcpi_mul_mul_2371_47_cdnfadd | CI v -> CO v | ADDFX1  | 0.033 |   1.299 |    3.405 | 
     | 27                                                 |              |         |       |         |          | 
     | picorv32_core_genblk1.pcpi_mul_mul_2371_47_cdnfadd | CI v -> CO v | ADDFX1  | 0.033 |   1.332 |    3.438 | 
     | 28                                                 |              |         |       |         |          | 
     | picorv32_core_genblk1.pcpi_mul_mul_2371_47_cdnfadd | CI v -> CO v | ADDFX1  | 0.033 |   1.365 |    3.471 | 
     | 29                                                 |              |         |       |         |          | 
     | picorv32_core_genblk1.pcpi_mul_mul_2371_47_cdnfadd | CI v -> CO v | ADDFX1  | 0.033 |   1.398 |    3.504 | 
     | 30                                                 |              |         |       |         |          | 
     | picorv32_core_genblk1.pcpi_mul_mul_2371_47_cdnfadd | CI v -> CO v | ADDFX1  | 0.036 |   1.434 |    3.540 | 
     | 31                                                 |              |         |       |         |          | 
     | picorv32_core_genblk1.pcpi_mul_mul_2371_47_cdnfadd | CI v -> CO v | ADDFX1  | 0.036 |   1.470 |    3.576 | 
     | 32                                                 |              |         |       |         |          | 
     | picorv32_core_genblk1.pcpi_mul_mul_2371_47_cdnfadd | CI v -> CO v | ADDFX1  | 0.034 |   1.504 |    3.610 | 
     | 33                                                 |              |         |       |         |          | 
     | picorv32_core_genblk1.pcpi_mul_mul_2371_47_cdnfadd | CI v -> CO v | ADDFX1  | 0.033 |   1.537 |    3.643 | 
     | 34                                                 |              |         |       |         |          | 
     | picorv32_core_genblk1.pcpi_mul_mul_2371_47_cdnfadd | CI v -> CO v | ADDFX1  | 0.034 |   1.570 |    3.677 | 
     | 35                                                 |              |         |       |         |          | 
     | picorv32_core_genblk1.pcpi_mul_mul_2371_47_cdnfadd | CI v -> CO v | ADDFX1  | 0.034 |   1.604 |    3.710 | 
     | 36                                                 |              |         |       |         |          | 
     | picorv32_core_genblk1.pcpi_mul_mul_2371_47_cdnfadd | CI v -> CO v | ADDFX1  | 0.033 |   1.638 |    3.744 | 
     | 37                                                 |              |         |       |         |          | 
     | picorv32_core_genblk1.pcpi_mul_mul_2371_47_cdnfadd | CI v -> CO v | ADDFX1  | 0.033 |   1.671 |    3.777 | 
     | 38                                                 |              |         |       |         |          | 
     | picorv32_core_genblk1.pcpi_mul_mul_2371_47_cdnfadd | CI v -> CO v | ADDFX1  | 0.033 |   1.704 |    3.811 | 
     | 39                                                 |              |         |       |         |          | 
     | picorv32_core_genblk1.pcpi_mul_mul_2371_47_cdnfadd | CI v -> CO v | ADDFX1  | 0.034 |   1.738 |    3.844 | 
     | 40                                                 |              |         |       |         |          | 
     | picorv32_core_genblk1.pcpi_mul_mul_2371_47_cdnfadd | CI v -> CO v | ADDFX1  | 0.034 |   1.772 |    3.878 | 
     | 41                                                 |              |         |       |         |          | 
     | picorv32_core_genblk1.pcpi_mul_mul_2371_47_cdnfadd | CI v -> CO v | ADDFX1  | 0.033 |   1.806 |    3.912 | 
     | 42                                                 |              |         |       |         |          | 
     | picorv32_core_genblk1.pcpi_mul_mul_2371_47_cdnfadd | CI v -> S ^  | ADDFX1  | 0.047 |   1.853 |    3.959 | 
     | 43                                                 |              |         |       |         |          | 
     | picorv32_core_genblk1.pcpi_mul_rd_reg[43]          | D ^          | SDFFQX1 | 0.000 |   1.853 |    3.959 | 
     +----------------------------------------------------------------------------------------------------------+ 
Path 24: MET Setup Check with Pin picorv32_core_reg_next_pc_reg[29]/CK 
Endpoint:   picorv32_core_reg_next_pc_reg[29]/D (v) checked with  leading edge 
of 'clk'
Beginpoint: picorv32_core_irq_pending_reg[12]/Q (v) triggered by  leading edge 
of 'clk'
Path Groups: {reg2reg}
Analysis View: analysis1
Other End Arrival Time          0.003
- Setup                         0.021
+ Phase Shift                   4.000
- Uncertainty                   0.020
= Required Time                 3.962
- Arrival Time                  1.827
= Slack Time                    2.135
     Clock Rise Edge                 0.000
     + Clock Network Latency (Prop)  0.006
     = Beginpoint Arrival Time       0.006
     +------------------------------------------------------------------------------------------------------+ 
     |                   Instance                   |     Arc      |   Cell    | Delay | Arrival | Required | 
     |                                              |              |           |       |  Time   |   Time   | 
     |----------------------------------------------+--------------+-----------+-------+---------+----------| 
     | picorv32_core_irq_pending_reg[12]            | CK ^         |           |       |   0.006 |    2.141 | 
     | picorv32_core_irq_pending_reg[12]            | CK ^ -> Q v  | SDFFQX1   | 0.051 |   0.056 |    2.191 | 
     | picorv32_core_g89487__7482                   | B v -> Y ^   | NAND2BX1  | 0.041 |   0.097 |    2.232 | 
     | picorv32_core_g89196__3680                   | B ^ -> Y ^   | AND4XL    | 0.061 |   0.158 |    2.293 | 
     | picorv32_core_g89178__6161                   | D ^ -> Y ^   | AND4XL    | 0.036 |   0.194 |    2.329 | 
     | picorv32_core_g89166__2802                   | D ^ -> Y ^   | AND4XL    | 0.042 |   0.236 |    2.371 | 
     | picorv32_core_g89157__4319                   | D ^ -> Y ^   | AND4XL    | 0.034 |   0.269 |    2.404 | 
     | picorv32_core_g89147__2883                   | D ^ -> Y ^   | AND4XL    | 0.045 |   0.314 |    2.449 | 
     | picorv32_core_g89139__5115                   | D ^ -> Y ^   | AND4XL    | 0.073 |   0.387 |    2.522 | 
     | picorv32_core_g89133__1705                   | D ^ -> Y ^   | AND4XL    | 0.043 |   0.430 |    2.565 | 
     | picorv32_core_g89128__5526                   | D ^ -> Y ^   | AND4XL    | 0.040 |   0.470 |    2.605 | 
     | picorv32_core_g89124__6260                   | D ^ -> Y ^   | AND4X1    | 0.045 |   0.515 |    2.650 | 
     | picorv32_core_g89122__2398                   | D ^ -> Y v   | NAND4XL   | 0.079 |   0.594 |    2.729 | 
     | picorv32_core_g89120__6417                   | B v -> Y ^   | NOR2BX1   | 0.057 |   0.652 |    2.787 | 
     | picorv32_core_g89119__7410                   | D ^ -> Y ^   | OR4X1     | 0.023 |   0.675 |    2.810 | 
     | picorv32_core_g89117__2346                   | B ^ -> Y v   | NAND2BX1  | 0.031 |   0.707 |    2.842 | 
     | picorv32_core_g89115__2883                   | AN v -> Y v  | NAND2BX1  | 0.025 |   0.731 |    2.866 | 
     | picorv32_core_g89112__6161                   | AN v -> Y v  | NAND2BX1  | 0.018 |   0.749 |    2.884 | 
     | picorv32_core_g89111__4733                   | B v -> Y v   | OR2X1     | 0.078 |   0.827 |    2.962 | 
     | picorv32_core_g89108__1881                   | B v -> Y ^   | NOR2BX1   | 0.039 |   0.866 |    3.001 | 
     | picorv32_core_add_1569_33_Y_add_1552_33_g763 | B ^ -> CO ^  | ADDHX1    | 0.025 |   0.892 |    3.027 | 
     | picorv32_core_add_1569_33_Y_add_1552_33_g762 | CI ^ -> CO ^ | ADDFX1    | 0.031 |   0.923 |    3.058 | 
     | picorv32_core_add_1569_33_Y_add_1552_33_g761 | CI ^ -> CO ^ | ADDFX1    | 0.031 |   0.954 |    3.089 | 
     | picorv32_core_add_1569_33_Y_add_1552_33_g760 | CI ^ -> CO ^ | ADDFX1    | 0.032 |   0.985 |    3.120 | 
     | picorv32_core_add_1569_33_Y_add_1552_33_g759 | CI ^ -> CO ^ | ADDFX1    | 0.032 |   1.017 |    3.152 | 
     | picorv32_core_add_1569_33_Y_add_1552_33_g758 | CI ^ -> CO ^ | ADDFX1    | 0.031 |   1.048 |    3.183 | 
     | picorv32_core_add_1569_33_Y_add_1552_33_g757 | CI ^ -> CO ^ | ADDFX1    | 0.031 |   1.080 |    3.215 | 
     | picorv32_core_add_1569_33_Y_add_1552_33_g756 | CI ^ -> CO ^ | ADDFX1    | 0.032 |   1.112 |    3.247 | 
     | picorv32_core_add_1569_33_Y_add_1552_33_g755 | CI ^ -> CO ^ | ADDFX1    | 0.033 |   1.145 |    3.280 | 
     | picorv32_core_add_1569_33_Y_add_1552_33_g754 | CI ^ -> CO ^ | ADDFX1    | 0.032 |   1.177 |    3.312 | 
     | picorv32_core_add_1569_33_Y_add_1552_33_g753 | CI ^ -> CO ^ | ADDFX1    | 0.032 |   1.209 |    3.344 | 
     | picorv32_core_add_1569_33_Y_add_1552_33_g752 | CI ^ -> CO ^ | ADDFX1    | 0.032 |   1.242 |    3.377 | 
     | picorv32_core_add_1569_33_Y_add_1552_33_g751 | CI ^ -> CO ^ | ADDFX1    | 0.034 |   1.275 |    3.410 | 
     | picorv32_core_add_1569_33_Y_add_1552_33_g750 | CI ^ -> CO ^ | ADDFX1    | 0.032 |   1.307 |    3.442 | 
     | picorv32_core_add_1569_33_Y_add_1552_33_g749 | CI ^ -> CO ^ | ADDFX1    | 0.033 |   1.341 |    3.476 | 
     | picorv32_core_add_1569_33_Y_add_1552_33_g748 | CI ^ -> CO ^ | ADDFX1    | 0.034 |   1.375 |    3.510 | 
     | picorv32_core_add_1569_33_Y_add_1552_33_g747 | CI ^ -> CO ^ | ADDFX1    | 0.031 |   1.405 |    3.540 | 
     | picorv32_core_add_1569_33_Y_add_1552_33_g746 | CI ^ -> CO ^ | ADDFX1    | 0.030 |   1.435 |    3.570 | 
     | picorv32_core_add_1569_33_Y_add_1552_33_g745 | CI ^ -> CO ^ | ADDFX1    | 0.030 |   1.466 |    3.601 | 
     | picorv32_core_add_1569_33_Y_add_1552_33_g744 | CI ^ -> CO ^ | ADDFX1    | 0.030 |   1.496 |    3.631 | 
     | picorv32_core_add_1569_33_Y_add_1552_33_g743 | CI ^ -> CO ^ | ADDFX1    | 0.030 |   1.526 |    3.661 | 
     | picorv32_core_add_1569_33_Y_add_1552_33_g742 | CI ^ -> CO ^ | ADDFX1    | 0.031 |   1.557 |    3.692 | 
     | picorv32_core_add_1569_33_Y_add_1552_33_g741 | CI ^ -> CO ^ | ADDFX1    | 0.030 |   1.587 |    3.722 | 
     | picorv32_core_add_1569_33_Y_add_1552_33_g740 | CI ^ -> CO ^ | ADDFX1    | 0.030 |   1.618 |    3.753 | 
     | picorv32_core_add_1569_33_Y_add_1552_33_g739 | CI ^ -> CO ^ | ADDFX1    | 0.031 |   1.648 |    3.783 | 
     | picorv32_core_add_1569_33_Y_add_1552_33_g738 | CI ^ -> CO ^ | ADDFX1    | 0.033 |   1.681 |    3.816 | 
     | picorv32_core_add_1569_33_Y_add_1552_33_g737 | CI ^ -> CO ^ | ADDFX1    | 0.034 |   1.715 |    3.850 | 
     | picorv32_core_add_1569_33_Y_add_1552_33_g736 | CI ^ -> CO ^ | ADDFX1    | 0.032 |   1.747 |    3.882 | 
     | picorv32_core_add_1569_33_Y_add_1552_33_g735 | CI ^ -> S v  | ADDFX1    | 0.047 |   1.794 |    3.929 | 
     | picorv32_core_g190445__1881                  | B1 v -> Y ^  | AOI22X1   | 0.015 |   1.808 |    3.943 | 
     | picorv32_core_g190414__8246                  | B0 ^ -> Y v  | OAI2BB1X1 | 0.018 |   1.827 |    3.962 | 
     | picorv32_core_reg_next_pc_reg[29]            | D v          | SDFFQX1   | 0.000 |   1.827 |    3.962 | 
     +------------------------------------------------------------------------------------------------------+ 
Path 25: MET Setup Check with Pin picorv32_core_genblk1.pcpi_mul_rd_reg[42]/CK 
Endpoint:   picorv32_core_genblk1.pcpi_mul_rd_reg[42]/D (^) checked with  
leading edge of 'clk'
Beginpoint: picorv32_core_genblk1.pcpi_mul_rs2_reg[5]/Q (^) triggered by  
leading edge of 'clk'
Path Groups: {reg2reg}
Analysis View: analysis1
Other End Arrival Time          0.006
- Setup                         0.025
+ Phase Shift                   4.000
- Uncertainty                   0.020
= Required Time                 3.961
- Arrival Time                  1.821
= Slack Time                    2.139
     Clock Rise Edge                 0.000
     + Clock Network Latency (Prop)  0.004
     = Beginpoint Arrival Time       0.004
     +----------------------------------------------------------------------------------------------------------+ 
     |                      Instance                      |     Arc      |  Cell   | Delay | Arrival | Required | 
     |                                                    |              |         |       |  Time   |   Time   | 
     |----------------------------------------------------+--------------+---------+-------+---------+----------| 
     | picorv32_core_genblk1.pcpi_mul_rs2_reg[5]          | CK ^         |         |       |   0.004 |    2.144 | 
     | picorv32_core_genblk1.pcpi_mul_rs2_reg[5]          | CK ^ -> Q ^  | SDFFQX1 | 0.126 |   0.131 |    2.270 | 
     | picorv32_core_genblk1.pcpi_mul_mul_2371_47_g14113  | A ^ -> Y v   | INVX1   | 0.049 |   0.179 |    2.319 | 
     | picorv32_core_genblk1.pcpi_mul_mul_2371_47_g13989  | B v -> Y ^   | XNOR2X1 | 0.031 |   0.210 |    2.349 | 
     | picorv32_core_genblk1.pcpi_mul_mul_2371_47_g13897  | A ^ -> Y ^   | OR2X1   | 0.091 |   0.301 |    2.440 | 
     | picorv32_core_genblk1.pcpi_mul_mul_2371_47_g13890  | A ^ -> Y v   | INVX1   | 0.056 |   0.356 |    2.496 | 
     | picorv32_core_genblk1.pcpi_mul_mul_2371_47_g13740  | A1 v -> Y ^  | OAI21X1 | 0.029 |   0.386 |    2.525 | 
     | picorv32_core_genblk1.pcpi_mul_mul_2371_47_g13495  | B ^ -> Y ^   | XNOR2X1 | 0.025 |   0.410 |    2.549 | 
     | picorv32_core_genblk1.pcpi_mul_mul_2371_47_g13440  | B ^ -> S v   | ADDHX1  | 0.031 |   0.441 |    2.580 | 
     | picorv32_core_genblk1.pcpi_mul_mul_2371_47_cdnfadd | A v -> CO v  | ADDFX1  | 0.035 |   0.476 |    2.616 | 
     | 3                                                  |              |         |       |         |          | 
     | picorv32_core_genblk1.pcpi_mul_mul_2371_47_cdnfadd | CI v -> CO v | ADDFX1  | 0.033 |   0.510 |    2.649 | 
     | 4                                                  |              |         |       |         |          | 
     | picorv32_core_genblk1.pcpi_mul_mul_2371_47_cdnfadd | CI v -> CO v | ADDFX1  | 0.034 |   0.543 |    2.683 | 
     | 5                                                  |              |         |       |         |          | 
     | picorv32_core_genblk1.pcpi_mul_mul_2371_47_cdnfadd | CI v -> CO v | ADDFX1  | 0.034 |   0.578 |    2.717 | 
     | 6                                                  |              |         |       |         |          | 
     | picorv32_core_genblk1.pcpi_mul_mul_2371_47_cdnfadd | CI v -> CO v | ADDFX1  | 0.034 |   0.612 |    2.751 | 
     | 7                                                  |              |         |       |         |          | 
     | picorv32_core_genblk1.pcpi_mul_mul_2371_47_cdnfadd | CI v -> CO v | ADDFX1  | 0.034 |   0.645 |    2.785 | 
     | 8                                                  |              |         |       |         |          | 
     | picorv32_core_genblk1.pcpi_mul_mul_2371_47_cdnfadd | CI v -> CO v | ADDFX1  | 0.034 |   0.680 |    2.819 | 
     | 9                                                  |              |         |       |         |          | 
     | picorv32_core_genblk1.pcpi_mul_mul_2371_47_cdnfadd | CI v -> CO v | ADDFX1  | 0.035 |   0.715 |    2.854 | 
     | 10                                                 |              |         |       |         |          | 
     | picorv32_core_genblk1.pcpi_mul_mul_2371_47_cdnfadd | CI v -> CO v | ADDFX1  | 0.034 |   0.749 |    2.888 | 
     | 11                                                 |              |         |       |         |          | 
     | picorv32_core_genblk1.pcpi_mul_mul_2371_47_cdnfadd | CI v -> CO v | ADDFX1  | 0.035 |   0.784 |    2.923 | 
     | 12                                                 |              |         |       |         |          | 
     | picorv32_core_genblk1.pcpi_mul_mul_2371_47_cdnfadd | CI v -> CO v | ADDFX1  | 0.035 |   0.819 |    2.958 | 
     | 13                                                 |              |         |       |         |          | 
     | picorv32_core_genblk1.pcpi_mul_mul_2371_47_cdnfadd | CI v -> CO v | ADDFX1  | 0.033 |   0.852 |    2.991 | 
     | 14                                                 |              |         |       |         |          | 
     | picorv32_core_genblk1.pcpi_mul_mul_2371_47_cdnfadd | CI v -> CO v | ADDFX1  | 0.034 |   0.886 |    3.025 | 
     | 15                                                 |              |         |       |         |          | 
     | picorv32_core_genblk1.pcpi_mul_mul_2371_47_cdnfadd | CI v -> CO v | ADDFX1  | 0.034 |   0.920 |    3.059 | 
     | 16                                                 |              |         |       |         |          | 
     | picorv32_core_genblk1.pcpi_mul_mul_2371_47_cdnfadd | CI v -> CO v | ADDFX1  | 0.034 |   0.954 |    3.093 | 
     | 17                                                 |              |         |       |         |          | 
     | picorv32_core_genblk1.pcpi_mul_mul_2371_47_cdnfadd | CI v -> CO v | ADDFX1  | 0.034 |   0.988 |    3.127 | 
     | 18                                                 |              |         |       |         |          | 
     | picorv32_core_genblk1.pcpi_mul_mul_2371_47_cdnfadd | CI v -> CO v | ADDFX1  | 0.034 |   1.022 |    3.161 | 
     | 19                                                 |              |         |       |         |          | 
     | picorv32_core_genblk1.pcpi_mul_mul_2371_47_cdnfadd | CI v -> CO v | ADDFX1  | 0.034 |   1.056 |    3.195 | 
     | 20                                                 |              |         |       |         |          | 
     | picorv32_core_genblk1.pcpi_mul_mul_2371_47_cdnfadd | CI v -> CO v | ADDFX1  | 0.034 |   1.090 |    3.229 | 
     | 21                                                 |              |         |       |         |          | 
     | picorv32_core_genblk1.pcpi_mul_mul_2371_47_cdnfadd | CI v -> CO v | ADDFX1  | 0.035 |   1.125 |    3.264 | 
     | 22                                                 |              |         |       |         |          | 
     | picorv32_core_genblk1.pcpi_mul_mul_2371_47_cdnfadd | CI v -> CO v | ADDFX1  | 0.039 |   1.163 |    3.303 | 
     | 23                                                 |              |         |       |         |          | 
     | picorv32_core_genblk1.pcpi_mul_mul_2371_47_cdnfadd | CI v -> CO v | ADDFX1  | 0.035 |   1.199 |    3.338 | 
     | 24                                                 |              |         |       |         |          | 
     | picorv32_core_genblk1.pcpi_mul_mul_2371_47_cdnfadd | CI v -> CO v | ADDFX1  | 0.033 |   1.232 |    3.371 | 
     | 25                                                 |              |         |       |         |          | 
     | picorv32_core_genblk1.pcpi_mul_mul_2371_47_cdnfadd | CI v -> CO v | ADDFX1  | 0.033 |   1.265 |    3.405 | 
     | 26                                                 |              |         |       |         |          | 
     | picorv32_core_genblk1.pcpi_mul_mul_2371_47_cdnfadd | CI v -> CO v | ADDFX1  | 0.033 |   1.299 |    3.438 | 
     | 27                                                 |              |         |       |         |          | 
     | picorv32_core_genblk1.pcpi_mul_mul_2371_47_cdnfadd | CI v -> CO v | ADDFX1  | 0.033 |   1.332 |    3.471 | 
     | 28                                                 |              |         |       |         |          | 
     | picorv32_core_genblk1.pcpi_mul_mul_2371_47_cdnfadd | CI v -> CO v | ADDFX1  | 0.033 |   1.365 |    3.505 | 
     | 29                                                 |              |         |       |         |          | 
     | picorv32_core_genblk1.pcpi_mul_mul_2371_47_cdnfadd | CI v -> CO v | ADDFX1  | 0.033 |   1.398 |    3.538 | 
     | 30                                                 |              |         |       |         |          | 
     | picorv32_core_genblk1.pcpi_mul_mul_2371_47_cdnfadd | CI v -> CO v | ADDFX1  | 0.036 |   1.434 |    3.573 | 
     | 31                                                 |              |         |       |         |          | 
     | picorv32_core_genblk1.pcpi_mul_mul_2371_47_cdnfadd | CI v -> CO v | ADDFX1  | 0.036 |   1.470 |    3.609 | 
     | 32                                                 |              |         |       |         |          | 
     | picorv32_core_genblk1.pcpi_mul_mul_2371_47_cdnfadd | CI v -> CO v | ADDFX1  | 0.034 |   1.504 |    3.643 | 
     | 33                                                 |              |         |       |         |          | 
     | picorv32_core_genblk1.pcpi_mul_mul_2371_47_cdnfadd | CI v -> CO v | ADDFX1  | 0.033 |   1.537 |    3.676 | 
     | 34                                                 |              |         |       |         |          | 
     | picorv32_core_genblk1.pcpi_mul_mul_2371_47_cdnfadd | CI v -> CO v | ADDFX1  | 0.034 |   1.570 |    3.710 | 
     | 35                                                 |              |         |       |         |          | 
     | picorv32_core_genblk1.pcpi_mul_mul_2371_47_cdnfadd | CI v -> CO v | ADDFX1  | 0.034 |   1.604 |    3.743 | 
     | 36                                                 |              |         |       |         |          | 
     | picorv32_core_genblk1.pcpi_mul_mul_2371_47_cdnfadd | CI v -> CO v | ADDFX1  | 0.033 |   1.638 |    3.777 | 
     | 37                                                 |              |         |       |         |          | 
     | picorv32_core_genblk1.pcpi_mul_mul_2371_47_cdnfadd | CI v -> CO v | ADDFX1  | 0.033 |   1.671 |    3.810 | 
     | 38                                                 |              |         |       |         |          | 
     | picorv32_core_genblk1.pcpi_mul_mul_2371_47_cdnfadd | CI v -> CO v | ADDFX1  | 0.033 |   1.704 |    3.844 | 
     | 39                                                 |              |         |       |         |          | 
     | picorv32_core_genblk1.pcpi_mul_mul_2371_47_cdnfadd | CI v -> CO v | ADDFX1  | 0.034 |   1.738 |    3.878 | 
     | 40                                                 |              |         |       |         |          | 
     | picorv32_core_genblk1.pcpi_mul_mul_2371_47_cdnfadd | CI v -> CO v | ADDFX1  | 0.034 |   1.772 |    3.912 | 
     | 41                                                 |              |         |       |         |          | 
     | picorv32_core_genblk1.pcpi_mul_mul_2371_47_cdnfadd | CI v -> S ^  | ADDFX1  | 0.049 |   1.821 |    3.961 | 
     | 42                                                 |              |         |       |         |          | 
     | picorv32_core_genblk1.pcpi_mul_rd_reg[42]          | D ^          | SDFFQX1 | 0.000 |   1.821 |    3.961 | 
     +----------------------------------------------------------------------------------------------------------+ 
Path 26: MET Setup Check with Pin picorv32_core_reg_next_pc_reg[28]/CK 
Endpoint:   picorv32_core_reg_next_pc_reg[28]/D (v) checked with  leading edge 
of 'clk'
Beginpoint: picorv32_core_irq_pending_reg[12]/Q (v) triggered by  leading edge 
of 'clk'
Path Groups: {reg2reg}
Analysis View: analysis1
Other End Arrival Time          0.000
- Setup                         0.022
+ Phase Shift                   4.000
- Uncertainty                   0.020
= Required Time                 3.958
- Arrival Time                  1.797
= Slack Time                    2.161
     Clock Rise Edge                 0.000
     + Clock Network Latency (Prop)  0.006
     = Beginpoint Arrival Time       0.006
     +------------------------------------------------------------------------------------------------------+ 
     |                   Instance                   |     Arc      |   Cell    | Delay | Arrival | Required | 
     |                                              |              |           |       |  Time   |   Time   | 
     |----------------------------------------------+--------------+-----------+-------+---------+----------| 
     | picorv32_core_irq_pending_reg[12]            | CK ^         |           |       |   0.006 |    2.166 | 
     | picorv32_core_irq_pending_reg[12]            | CK ^ -> Q v  | SDFFQX1   | 0.051 |   0.056 |    2.217 | 
     | picorv32_core_g89487__7482                   | B v -> Y ^   | NAND2BX1  | 0.041 |   0.097 |    2.258 | 
     | picorv32_core_g89196__3680                   | B ^ -> Y ^   | AND4XL    | 0.061 |   0.158 |    2.319 | 
     | picorv32_core_g89178__6161                   | D ^ -> Y ^   | AND4XL    | 0.036 |   0.194 |    2.355 | 
     | picorv32_core_g89166__2802                   | D ^ -> Y ^   | AND4XL    | 0.042 |   0.236 |    2.396 | 
     | picorv32_core_g89157__4319                   | D ^ -> Y ^   | AND4XL    | 0.034 |   0.269 |    2.430 | 
     | picorv32_core_g89147__2883                   | D ^ -> Y ^   | AND4XL    | 0.045 |   0.314 |    2.475 | 
     | picorv32_core_g89139__5115                   | D ^ -> Y ^   | AND4XL    | 0.073 |   0.387 |    2.548 | 
     | picorv32_core_g89133__1705                   | D ^ -> Y ^   | AND4XL    | 0.043 |   0.430 |    2.591 | 
     | picorv32_core_g89128__5526                   | D ^ -> Y ^   | AND4XL    | 0.040 |   0.470 |    2.631 | 
     | picorv32_core_g89124__6260                   | D ^ -> Y ^   | AND4X1    | 0.045 |   0.515 |    2.676 | 
     | picorv32_core_g89122__2398                   | D ^ -> Y v   | NAND4XL   | 0.079 |   0.594 |    2.755 | 
     | picorv32_core_g89120__6417                   | B v -> Y ^   | NOR2BX1   | 0.057 |   0.652 |    2.812 | 
     | picorv32_core_g89119__7410                   | D ^ -> Y ^   | OR4X1     | 0.023 |   0.675 |    2.836 | 
     | picorv32_core_g89117__2346                   | B ^ -> Y v   | NAND2BX1  | 0.031 |   0.707 |    2.867 | 
     | picorv32_core_g89115__2883                   | AN v -> Y v  | NAND2BX1  | 0.025 |   0.731 |    2.892 | 
     | picorv32_core_g89112__6161                   | AN v -> Y v  | NAND2BX1  | 0.018 |   0.749 |    2.910 | 
     | picorv32_core_g89111__4733                   | B v -> Y v   | OR2X1     | 0.078 |   0.827 |    2.988 | 
     | picorv32_core_g89108__1881                   | B v -> Y ^   | NOR2BX1   | 0.039 |   0.866 |    3.027 | 
     | picorv32_core_add_1569_33_Y_add_1552_33_g763 | B ^ -> CO ^  | ADDHX1    | 0.025 |   0.892 |    3.053 | 
     | picorv32_core_add_1569_33_Y_add_1552_33_g762 | CI ^ -> CO ^ | ADDFX1    | 0.031 |   0.923 |    3.084 | 
     | picorv32_core_add_1569_33_Y_add_1552_33_g761 | CI ^ -> CO ^ | ADDFX1    | 0.031 |   0.954 |    3.114 | 
     | picorv32_core_add_1569_33_Y_add_1552_33_g760 | CI ^ -> CO ^ | ADDFX1    | 0.032 |   0.985 |    3.146 | 
     | picorv32_core_add_1569_33_Y_add_1552_33_g759 | CI ^ -> CO ^ | ADDFX1    | 0.032 |   1.017 |    3.178 | 
     | picorv32_core_add_1569_33_Y_add_1552_33_g758 | CI ^ -> CO ^ | ADDFX1    | 0.031 |   1.048 |    3.209 | 
     | picorv32_core_add_1569_33_Y_add_1552_33_g757 | CI ^ -> CO ^ | ADDFX1    | 0.031 |   1.080 |    3.240 | 
     | picorv32_core_add_1569_33_Y_add_1552_33_g756 | CI ^ -> CO ^ | ADDFX1    | 0.032 |   1.112 |    3.273 | 
     | picorv32_core_add_1569_33_Y_add_1552_33_g755 | CI ^ -> CO ^ | ADDFX1    | 0.033 |   1.145 |    3.306 | 
     | picorv32_core_add_1569_33_Y_add_1552_33_g754 | CI ^ -> CO ^ | ADDFX1    | 0.032 |   1.177 |    3.338 | 
     | picorv32_core_add_1569_33_Y_add_1552_33_g753 | CI ^ -> CO ^ | ADDFX1    | 0.032 |   1.209 |    3.370 | 
     | picorv32_core_add_1569_33_Y_add_1552_33_g752 | CI ^ -> CO ^ | ADDFX1    | 0.032 |   1.242 |    3.402 | 
     | picorv32_core_add_1569_33_Y_add_1552_33_g751 | CI ^ -> CO ^ | ADDFX1    | 0.034 |   1.275 |    3.436 | 
     | picorv32_core_add_1569_33_Y_add_1552_33_g750 | CI ^ -> CO ^ | ADDFX1    | 0.032 |   1.307 |    3.468 | 
     | picorv32_core_add_1569_33_Y_add_1552_33_g749 | CI ^ -> CO ^ | ADDFX1    | 0.033 |   1.341 |    3.502 | 
     | picorv32_core_add_1569_33_Y_add_1552_33_g748 | CI ^ -> CO ^ | ADDFX1    | 0.034 |   1.375 |    3.535 | 
     | picorv32_core_add_1569_33_Y_add_1552_33_g747 | CI ^ -> CO ^ | ADDFX1    | 0.031 |   1.405 |    3.566 | 
     | picorv32_core_add_1569_33_Y_add_1552_33_g746 | CI ^ -> CO ^ | ADDFX1    | 0.030 |   1.435 |    3.596 | 
     | picorv32_core_add_1569_33_Y_add_1552_33_g745 | CI ^ -> CO ^ | ADDFX1    | 0.030 |   1.466 |    3.627 | 
     | picorv32_core_add_1569_33_Y_add_1552_33_g744 | CI ^ -> CO ^ | ADDFX1    | 0.030 |   1.496 |    3.657 | 
     | picorv32_core_add_1569_33_Y_add_1552_33_g743 | CI ^ -> CO ^ | ADDFX1    | 0.030 |   1.526 |    3.687 | 
     | picorv32_core_add_1569_33_Y_add_1552_33_g742 | CI ^ -> CO ^ | ADDFX1    | 0.031 |   1.557 |    3.718 | 
     | picorv32_core_add_1569_33_Y_add_1552_33_g741 | CI ^ -> CO ^ | ADDFX1    | 0.030 |   1.587 |    3.748 | 
     | picorv32_core_add_1569_33_Y_add_1552_33_g740 | CI ^ -> CO ^ | ADDFX1    | 0.030 |   1.618 |    3.778 | 
     | picorv32_core_add_1569_33_Y_add_1552_33_g739 | CI ^ -> CO ^ | ADDFX1    | 0.031 |   1.648 |    3.809 | 
     | picorv32_core_add_1569_33_Y_add_1552_33_g738 | CI ^ -> CO ^ | ADDFX1    | 0.033 |   1.681 |    3.842 | 
     | picorv32_core_add_1569_33_Y_add_1552_33_g737 | CI ^ -> CO ^ | ADDFX1    | 0.034 |   1.715 |    3.876 | 
     | picorv32_core_add_1569_33_Y_add_1552_33_g736 | CI ^ -> S v  | ADDFX1    | 0.047 |   1.762 |    3.923 | 
     | picorv32_core_g190444__6131                  | B1 v -> Y ^  | AOI22X1   | 0.015 |   1.777 |    3.938 | 
     | picorv32_core_g190413__5122                  | B0 ^ -> Y v  | OAI2BB1X1 | 0.020 |   1.797 |    3.958 | 
     | picorv32_core_reg_next_pc_reg[28]            | D v          | SDFFQX1   | 0.000 |   1.797 |    3.958 | 
     +------------------------------------------------------------------------------------------------------+ 
Path 27: MET Setup Check with Pin picorv32_core_genblk1.pcpi_mul_rd_reg[41]/CK 
Endpoint:   picorv32_core_genblk1.pcpi_mul_rd_reg[41]/D (^) checked with  
leading edge of 'clk'
Beginpoint: picorv32_core_genblk1.pcpi_mul_rs2_reg[5]/Q (^) triggered by  
leading edge of 'clk'
Path Groups: {reg2reg}
Analysis View: analysis1
Other End Arrival Time          0.006
- Setup                         0.025
+ Phase Shift                   4.000
- Uncertainty                   0.020
= Required Time                 3.961
- Arrival Time                  1.786
= Slack Time                    2.175
     Clock Rise Edge                 0.000
     + Clock Network Latency (Prop)  0.004
     = Beginpoint Arrival Time       0.004
     +----------------------------------------------------------------------------------------------------------+ 
     |                      Instance                      |     Arc      |  Cell   | Delay | Arrival | Required | 
     |                                                    |              |         |       |  Time   |   Time   | 
     |----------------------------------------------------+--------------+---------+-------+---------+----------| 
     | picorv32_core_genblk1.pcpi_mul_rs2_reg[5]          | CK ^         |         |       |   0.004 |    2.179 | 
     | picorv32_core_genblk1.pcpi_mul_rs2_reg[5]          | CK ^ -> Q ^  | SDFFQX1 | 0.126 |   0.131 |    2.305 | 
     | picorv32_core_genblk1.pcpi_mul_mul_2371_47_g14113  | A ^ -> Y v   | INVX1   | 0.049 |   0.179 |    2.354 | 
     | picorv32_core_genblk1.pcpi_mul_mul_2371_47_g13989  | B v -> Y ^   | XNOR2X1 | 0.031 |   0.210 |    2.385 | 
     | picorv32_core_genblk1.pcpi_mul_mul_2371_47_g13897  | A ^ -> Y ^   | OR2X1   | 0.091 |   0.301 |    2.476 | 
     | picorv32_core_genblk1.pcpi_mul_mul_2371_47_g13890  | A ^ -> Y v   | INVX1   | 0.056 |   0.356 |    2.531 | 
     | picorv32_core_genblk1.pcpi_mul_mul_2371_47_g13740  | A1 v -> Y ^  | OAI21X1 | 0.029 |   0.386 |    2.560 | 
     | picorv32_core_genblk1.pcpi_mul_mul_2371_47_g13495  | B ^ -> Y ^   | XNOR2X1 | 0.025 |   0.410 |    2.585 | 
     | picorv32_core_genblk1.pcpi_mul_mul_2371_47_g13440  | B ^ -> S v   | ADDHX1  | 0.031 |   0.441 |    2.616 | 
     | picorv32_core_genblk1.pcpi_mul_mul_2371_47_cdnfadd | A v -> CO v  | ADDFX1  | 0.035 |   0.476 |    2.651 | 
     | 3                                                  |              |         |       |         |          | 
     | picorv32_core_genblk1.pcpi_mul_mul_2371_47_cdnfadd | CI v -> CO v | ADDFX1  | 0.033 |   0.510 |    2.684 | 
     | 4                                                  |              |         |       |         |          | 
     | picorv32_core_genblk1.pcpi_mul_mul_2371_47_cdnfadd | CI v -> CO v | ADDFX1  | 0.034 |   0.543 |    2.718 | 
     | 5                                                  |              |         |       |         |          | 
     | picorv32_core_genblk1.pcpi_mul_mul_2371_47_cdnfadd | CI v -> CO v | ADDFX1  | 0.034 |   0.578 |    2.752 | 
     | 6                                                  |              |         |       |         |          | 
     | picorv32_core_genblk1.pcpi_mul_mul_2371_47_cdnfadd | CI v -> CO v | ADDFX1  | 0.034 |   0.612 |    2.786 | 
     | 7                                                  |              |         |       |         |          | 
     | picorv32_core_genblk1.pcpi_mul_mul_2371_47_cdnfadd | CI v -> CO v | ADDFX1  | 0.034 |   0.645 |    2.820 | 
     | 8                                                  |              |         |       |         |          | 
     | picorv32_core_genblk1.pcpi_mul_mul_2371_47_cdnfadd | CI v -> CO v | ADDFX1  | 0.034 |   0.680 |    2.854 | 
     | 9                                                  |              |         |       |         |          | 
     | picorv32_core_genblk1.pcpi_mul_mul_2371_47_cdnfadd | CI v -> CO v | ADDFX1  | 0.035 |   0.715 |    2.890 | 
     | 10                                                 |              |         |       |         |          | 
     | picorv32_core_genblk1.pcpi_mul_mul_2371_47_cdnfadd | CI v -> CO v | ADDFX1  | 0.034 |   0.749 |    2.923 | 
     | 11                                                 |              |         |       |         |          | 
     | picorv32_core_genblk1.pcpi_mul_mul_2371_47_cdnfadd | CI v -> CO v | ADDFX1  | 0.035 |   0.784 |    2.958 | 
     | 12                                                 |              |         |       |         |          | 
     | picorv32_core_genblk1.pcpi_mul_mul_2371_47_cdnfadd | CI v -> CO v | ADDFX1  | 0.035 |   0.819 |    2.993 | 
     | 13                                                 |              |         |       |         |          | 
     | picorv32_core_genblk1.pcpi_mul_mul_2371_47_cdnfadd | CI v -> CO v | ADDFX1  | 0.033 |   0.852 |    3.027 | 
     | 14                                                 |              |         |       |         |          | 
     | picorv32_core_genblk1.pcpi_mul_mul_2371_47_cdnfadd | CI v -> CO v | ADDFX1  | 0.034 |   0.886 |    3.061 | 
     | 15                                                 |              |         |       |         |          | 
     | picorv32_core_genblk1.pcpi_mul_mul_2371_47_cdnfadd | CI v -> CO v | ADDFX1  | 0.034 |   0.920 |    3.094 | 
     | 16                                                 |              |         |       |         |          | 
     | picorv32_core_genblk1.pcpi_mul_mul_2371_47_cdnfadd | CI v -> CO v | ADDFX1  | 0.034 |   0.954 |    3.128 | 
     | 17                                                 |              |         |       |         |          | 
     | picorv32_core_genblk1.pcpi_mul_mul_2371_47_cdnfadd | CI v -> CO v | ADDFX1  | 0.034 |   0.988 |    3.162 | 
     | 18                                                 |              |         |       |         |          | 
     | picorv32_core_genblk1.pcpi_mul_mul_2371_47_cdnfadd | CI v -> CO v | ADDFX1  | 0.034 |   1.022 |    3.196 | 
     | 19                                                 |              |         |       |         |          | 
     | picorv32_core_genblk1.pcpi_mul_mul_2371_47_cdnfadd | CI v -> CO v | ADDFX1  | 0.034 |   1.056 |    3.230 | 
     | 20                                                 |              |         |       |         |          | 
     | picorv32_core_genblk1.pcpi_mul_mul_2371_47_cdnfadd | CI v -> CO v | ADDFX1  | 0.034 |   1.090 |    3.265 | 
     | 21                                                 |              |         |       |         |          | 
     | picorv32_core_genblk1.pcpi_mul_mul_2371_47_cdnfadd | CI v -> CO v | ADDFX1  | 0.035 |   1.125 |    3.299 | 
     | 22                                                 |              |         |       |         |          | 
     | picorv32_core_genblk1.pcpi_mul_mul_2371_47_cdnfadd | CI v -> CO v | ADDFX1  | 0.039 |   1.163 |    3.338 | 
     | 23                                                 |              |         |       |         |          | 
     | picorv32_core_genblk1.pcpi_mul_mul_2371_47_cdnfadd | CI v -> CO v | ADDFX1  | 0.035 |   1.199 |    3.373 | 
     | 24                                                 |              |         |       |         |          | 
     | picorv32_core_genblk1.pcpi_mul_mul_2371_47_cdnfadd | CI v -> CO v | ADDFX1  | 0.033 |   1.232 |    3.407 | 
     | 25                                                 |              |         |       |         |          | 
     | picorv32_core_genblk1.pcpi_mul_mul_2371_47_cdnfadd | CI v -> CO v | ADDFX1  | 0.033 |   1.265 |    3.440 | 
     | 26                                                 |              |         |       |         |          | 
     | picorv32_core_genblk1.pcpi_mul_mul_2371_47_cdnfadd | CI v -> CO v | ADDFX1  | 0.033 |   1.299 |    3.473 | 
     | 27                                                 |              |         |       |         |          | 
     | picorv32_core_genblk1.pcpi_mul_mul_2371_47_cdnfadd | CI v -> CO v | ADDFX1  | 0.033 |   1.332 |    3.507 | 
     | 28                                                 |              |         |       |         |          | 
     | picorv32_core_genblk1.pcpi_mul_mul_2371_47_cdnfadd | CI v -> CO v | ADDFX1  | 0.033 |   1.365 |    3.540 | 
     | 29                                                 |              |         |       |         |          | 
     | picorv32_core_genblk1.pcpi_mul_mul_2371_47_cdnfadd | CI v -> CO v | ADDFX1  | 0.033 |   1.398 |    3.573 | 
     | 30                                                 |              |         |       |         |          | 
     | picorv32_core_genblk1.pcpi_mul_mul_2371_47_cdnfadd | CI v -> CO v | ADDFX1  | 0.036 |   1.434 |    3.608 | 
     | 31                                                 |              |         |       |         |          | 
     | picorv32_core_genblk1.pcpi_mul_mul_2371_47_cdnfadd | CI v -> CO v | ADDFX1  | 0.036 |   1.470 |    3.644 | 
     | 32                                                 |              |         |       |         |          | 
     | picorv32_core_genblk1.pcpi_mul_mul_2371_47_cdnfadd | CI v -> CO v | ADDFX1  | 0.034 |   1.504 |    3.678 | 
     | 33                                                 |              |         |       |         |          | 
     | picorv32_core_genblk1.pcpi_mul_mul_2371_47_cdnfadd | CI v -> CO v | ADDFX1  | 0.033 |   1.537 |    3.711 | 
     | 34                                                 |              |         |       |         |          | 
     | picorv32_core_genblk1.pcpi_mul_mul_2371_47_cdnfadd | CI v -> CO v | ADDFX1  | 0.034 |   1.570 |    3.745 | 
     | 35                                                 |              |         |       |         |          | 
     | picorv32_core_genblk1.pcpi_mul_mul_2371_47_cdnfadd | CI v -> CO v | ADDFX1  | 0.034 |   1.604 |    3.779 | 
     | 36                                                 |              |         |       |         |          | 
     | picorv32_core_genblk1.pcpi_mul_mul_2371_47_cdnfadd | CI v -> CO v | ADDFX1  | 0.033 |   1.638 |    3.812 | 
     | 37                                                 |              |         |       |         |          | 
     | picorv32_core_genblk1.pcpi_mul_mul_2371_47_cdnfadd | CI v -> CO v | ADDFX1  | 0.033 |   1.671 |    3.846 | 
     | 38                                                 |              |         |       |         |          | 
     | picorv32_core_genblk1.pcpi_mul_mul_2371_47_cdnfadd | CI v -> CO v | ADDFX1  | 0.033 |   1.704 |    3.879 | 
     | 39                                                 |              |         |       |         |          | 
     | picorv32_core_genblk1.pcpi_mul_mul_2371_47_cdnfadd | CI v -> CO v | ADDFX1  | 0.034 |   1.738 |    3.913 | 
     | 40                                                 |              |         |       |         |          | 
     | picorv32_core_genblk1.pcpi_mul_mul_2371_47_cdnfadd | CI v -> S ^  | ADDFX1  | 0.048 |   1.786 |    3.961 | 
     | 41                                                 |              |         |       |         |          | 
     | picorv32_core_genblk1.pcpi_mul_rd_reg[41]          | D ^          | SDFFQX1 | 0.000 |   1.786 |    3.961 | 
     +----------------------------------------------------------------------------------------------------------+ 
Path 28: MET Setup Check with Pin picorv32_core_reg_next_pc_reg[27]/CK 
Endpoint:   picorv32_core_reg_next_pc_reg[27]/D (v) checked with  leading edge 
of 'clk'
Beginpoint: picorv32_core_irq_pending_reg[12]/Q (v) triggered by  leading edge 
of 'clk'
Path Groups: {reg2reg}
Analysis View: analysis1
Other End Arrival Time         -0.000
- Setup                         0.022
+ Phase Shift                   4.000
- Uncertainty                   0.020
= Required Time                 3.958
- Arrival Time                  1.762
= Slack Time                    2.196
     Clock Rise Edge                 0.000
     + Clock Network Latency (Prop)  0.006
     = Beginpoint Arrival Time       0.006
     +------------------------------------------------------------------------------------------------------+ 
     |                   Instance                   |     Arc      |   Cell    | Delay | Arrival | Required | 
     |                                              |              |           |       |  Time   |   Time   | 
     |----------------------------------------------+--------------+-----------+-------+---------+----------| 
     | picorv32_core_irq_pending_reg[12]            | CK ^         |           |       |   0.006 |    2.201 | 
     | picorv32_core_irq_pending_reg[12]            | CK ^ -> Q v  | SDFFQX1   | 0.051 |   0.056 |    2.252 | 
     | picorv32_core_g89487__7482                   | B v -> Y ^   | NAND2BX1  | 0.041 |   0.097 |    2.293 | 
     | picorv32_core_g89196__3680                   | B ^ -> Y ^   | AND4XL    | 0.061 |   0.158 |    2.353 | 
     | picorv32_core_g89178__6161                   | D ^ -> Y ^   | AND4XL    | 0.036 |   0.194 |    2.390 | 
     | picorv32_core_g89166__2802                   | D ^ -> Y ^   | AND4XL    | 0.042 |   0.236 |    2.431 | 
     | picorv32_core_g89157__4319                   | D ^ -> Y ^   | AND4XL    | 0.034 |   0.269 |    2.465 | 
     | picorv32_core_g89147__2883                   | D ^ -> Y ^   | AND4XL    | 0.045 |   0.314 |    2.510 | 
     | picorv32_core_g89139__5115                   | D ^ -> Y ^   | AND4XL    | 0.073 |   0.387 |    2.583 | 
     | picorv32_core_g89133__1705                   | D ^ -> Y ^   | AND4XL    | 0.043 |   0.430 |    2.626 | 
     | picorv32_core_g89128__5526                   | D ^ -> Y ^   | AND4XL    | 0.040 |   0.470 |    2.666 | 
     | picorv32_core_g89124__6260                   | D ^ -> Y ^   | AND4X1    | 0.045 |   0.515 |    2.711 | 
     | picorv32_core_g89122__2398                   | D ^ -> Y v   | NAND4XL   | 0.079 |   0.594 |    2.790 | 
     | picorv32_core_g89120__6417                   | B v -> Y ^   | NOR2BX1   | 0.057 |   0.652 |    2.847 | 
     | picorv32_core_g89119__7410                   | D ^ -> Y ^   | OR4X1     | 0.023 |   0.675 |    2.871 | 
     | picorv32_core_g89117__2346                   | B ^ -> Y v   | NAND2BX1  | 0.031 |   0.707 |    2.902 | 
     | picorv32_core_g89115__2883                   | AN v -> Y v  | NAND2BX1  | 0.025 |   0.731 |    2.927 | 
     | picorv32_core_g89112__6161                   | AN v -> Y v  | NAND2BX1  | 0.018 |   0.749 |    2.945 | 
     | picorv32_core_g89111__4733                   | B v -> Y v   | OR2X1     | 0.078 |   0.827 |    3.023 | 
     | picorv32_core_g89108__1881                   | B v -> Y ^   | NOR2BX1   | 0.039 |   0.866 |    3.062 | 
     | picorv32_core_add_1569_33_Y_add_1552_33_g763 | B ^ -> CO ^  | ADDHX1    | 0.025 |   0.892 |    3.088 | 
     | picorv32_core_add_1569_33_Y_add_1552_33_g762 | CI ^ -> CO ^ | ADDFX1    | 0.031 |   0.923 |    3.119 | 
     | picorv32_core_add_1569_33_Y_add_1552_33_g761 | CI ^ -> CO ^ | ADDFX1    | 0.031 |   0.954 |    3.149 | 
     | picorv32_core_add_1569_33_Y_add_1552_33_g760 | CI ^ -> CO ^ | ADDFX1    | 0.032 |   0.985 |    3.181 | 
     | picorv32_core_add_1569_33_Y_add_1552_33_g759 | CI ^ -> CO ^ | ADDFX1    | 0.032 |   1.017 |    3.213 | 
     | picorv32_core_add_1569_33_Y_add_1552_33_g758 | CI ^ -> CO ^ | ADDFX1    | 0.031 |   1.048 |    3.244 | 
     | picorv32_core_add_1569_33_Y_add_1552_33_g757 | CI ^ -> CO ^ | ADDFX1    | 0.031 |   1.080 |    3.275 | 
     | picorv32_core_add_1569_33_Y_add_1552_33_g756 | CI ^ -> CO ^ | ADDFX1    | 0.032 |   1.112 |    3.308 | 
     | picorv32_core_add_1569_33_Y_add_1552_33_g755 | CI ^ -> CO ^ | ADDFX1    | 0.033 |   1.145 |    3.341 | 
     | picorv32_core_add_1569_33_Y_add_1552_33_g754 | CI ^ -> CO ^ | ADDFX1    | 0.032 |   1.177 |    3.373 | 
     | picorv32_core_add_1569_33_Y_add_1552_33_g753 | CI ^ -> CO ^ | ADDFX1    | 0.032 |   1.209 |    3.405 | 
     | picorv32_core_add_1569_33_Y_add_1552_33_g752 | CI ^ -> CO ^ | ADDFX1    | 0.032 |   1.242 |    3.437 | 
     | picorv32_core_add_1569_33_Y_add_1552_33_g751 | CI ^ -> CO ^ | ADDFX1    | 0.034 |   1.275 |    3.471 | 
     | picorv32_core_add_1569_33_Y_add_1552_33_g750 | CI ^ -> CO ^ | ADDFX1    | 0.032 |   1.307 |    3.503 | 
     | picorv32_core_add_1569_33_Y_add_1552_33_g749 | CI ^ -> CO ^ | ADDFX1    | 0.033 |   1.341 |    3.536 | 
     | picorv32_core_add_1569_33_Y_add_1552_33_g748 | CI ^ -> CO ^ | ADDFX1    | 0.034 |   1.375 |    3.570 | 
     | picorv32_core_add_1569_33_Y_add_1552_33_g747 | CI ^ -> CO ^ | ADDFX1    | 0.031 |   1.405 |    3.601 | 
     | picorv32_core_add_1569_33_Y_add_1552_33_g746 | CI ^ -> CO ^ | ADDFX1    | 0.030 |   1.435 |    3.631 | 
     | picorv32_core_add_1569_33_Y_add_1552_33_g745 | CI ^ -> CO ^ | ADDFX1    | 0.030 |   1.466 |    3.661 | 
     | picorv32_core_add_1569_33_Y_add_1552_33_g744 | CI ^ -> CO ^ | ADDFX1    | 0.030 |   1.496 |    3.692 | 
     | picorv32_core_add_1569_33_Y_add_1552_33_g743 | CI ^ -> CO ^ | ADDFX1    | 0.030 |   1.526 |    3.722 | 
     | picorv32_core_add_1569_33_Y_add_1552_33_g742 | CI ^ -> CO ^ | ADDFX1    | 0.031 |   1.557 |    3.753 | 
     | picorv32_core_add_1569_33_Y_add_1552_33_g741 | CI ^ -> CO ^ | ADDFX1    | 0.030 |   1.587 |    3.783 | 
     | picorv32_core_add_1569_33_Y_add_1552_33_g740 | CI ^ -> CO ^ | ADDFX1    | 0.030 |   1.618 |    3.813 | 
     | picorv32_core_add_1569_33_Y_add_1552_33_g739 | CI ^ -> CO ^ | ADDFX1    | 0.031 |   1.648 |    3.844 | 
     | picorv32_core_add_1569_33_Y_add_1552_33_g738 | CI ^ -> CO ^ | ADDFX1    | 0.033 |   1.681 |    3.877 | 
     | picorv32_core_add_1569_33_Y_add_1552_33_g737 | CI ^ -> S v  | ADDFX1    | 0.048 |   1.729 |    3.925 | 
     | picorv32_core_g190443__7098                  | B1 v -> Y ^  | AOI22X1   | 0.015 |   1.744 |    3.939 | 
     | picorv32_core_g190412__1705                  | B0 ^ -> Y v  | OAI2BB1X1 | 0.019 |   1.762 |    3.958 | 
     | picorv32_core_reg_next_pc_reg[27]            | D v          | SDFFQX1   | 0.000 |   1.762 |    3.958 | 
     +------------------------------------------------------------------------------------------------------+ 
Path 29: MET Setup Check with Pin picorv32_core_genblk1.pcpi_mul_rd_reg[40]/CK 
Endpoint:   picorv32_core_genblk1.pcpi_mul_rd_reg[40]/D (^) checked with  
leading edge of 'clk'
Beginpoint: picorv32_core_genblk1.pcpi_mul_rs2_reg[5]/Q (^) triggered by  
leading edge of 'clk'
Path Groups: {reg2reg}
Analysis View: analysis1
Other End Arrival Time          0.004
- Setup                         0.025
+ Phase Shift                   4.000
- Uncertainty                   0.020
= Required Time                 3.959
- Arrival Time                  1.753
= Slack Time                    2.206
     Clock Rise Edge                 0.000
     + Clock Network Latency (Prop)  0.004
     = Beginpoint Arrival Time       0.004
     +----------------------------------------------------------------------------------------------------------+ 
     |                      Instance                      |     Arc      |  Cell   | Delay | Arrival | Required | 
     |                                                    |              |         |       |  Time   |   Time   | 
     |----------------------------------------------------+--------------+---------+-------+---------+----------| 
     | picorv32_core_genblk1.pcpi_mul_rs2_reg[5]          | CK ^         |         |       |   0.004 |    2.211 | 
     | picorv32_core_genblk1.pcpi_mul_rs2_reg[5]          | CK ^ -> Q ^  | SDFFQX1 | 0.126 |   0.131 |    2.337 | 
     | picorv32_core_genblk1.pcpi_mul_mul_2371_47_g14113  | A ^ -> Y v   | INVX1   | 0.049 |   0.179 |    2.386 | 
     | picorv32_core_genblk1.pcpi_mul_mul_2371_47_g13989  | B v -> Y ^   | XNOR2X1 | 0.031 |   0.210 |    2.416 | 
     | picorv32_core_genblk1.pcpi_mul_mul_2371_47_g13897  | A ^ -> Y ^   | OR2X1   | 0.091 |   0.301 |    2.507 | 
     | picorv32_core_genblk1.pcpi_mul_mul_2371_47_g13890  | A ^ -> Y v   | INVX1   | 0.056 |   0.356 |    2.563 | 
     | picorv32_core_genblk1.pcpi_mul_mul_2371_47_g13740  | A1 v -> Y ^  | OAI21X1 | 0.029 |   0.386 |    2.592 | 
     | picorv32_core_genblk1.pcpi_mul_mul_2371_47_g13495  | B ^ -> Y ^   | XNOR2X1 | 0.025 |   0.410 |    2.616 | 
     | picorv32_core_genblk1.pcpi_mul_mul_2371_47_g13440  | B ^ -> S v   | ADDHX1  | 0.031 |   0.441 |    2.647 | 
     | picorv32_core_genblk1.pcpi_mul_mul_2371_47_cdnfadd | A v -> CO v  | ADDFX1  | 0.035 |   0.476 |    2.683 | 
     | 3                                                  |              |         |       |         |          | 
     | picorv32_core_genblk1.pcpi_mul_mul_2371_47_cdnfadd | CI v -> CO v | ADDFX1  | 0.033 |   0.510 |    2.716 | 
     | 4                                                  |              |         |       |         |          | 
     | picorv32_core_genblk1.pcpi_mul_mul_2371_47_cdnfadd | CI v -> CO v | ADDFX1  | 0.034 |   0.543 |    2.750 | 
     | 5                                                  |              |         |       |         |          | 
     | picorv32_core_genblk1.pcpi_mul_mul_2371_47_cdnfadd | CI v -> CO v | ADDFX1  | 0.034 |   0.578 |    2.784 | 
     | 6                                                  |              |         |       |         |          | 
     | picorv32_core_genblk1.pcpi_mul_mul_2371_47_cdnfadd | CI v -> CO v | ADDFX1  | 0.034 |   0.612 |    2.818 | 
     | 7                                                  |              |         |       |         |          | 
     | picorv32_core_genblk1.pcpi_mul_mul_2371_47_cdnfadd | CI v -> CO v | ADDFX1  | 0.034 |   0.645 |    2.852 | 
     | 8                                                  |              |         |       |         |          | 
     | picorv32_core_genblk1.pcpi_mul_mul_2371_47_cdnfadd | CI v -> CO v | ADDFX1  | 0.034 |   0.680 |    2.886 | 
     | 9                                                  |              |         |       |         |          | 
     | picorv32_core_genblk1.pcpi_mul_mul_2371_47_cdnfadd | CI v -> CO v | ADDFX1  | 0.035 |   0.715 |    2.921 | 
     | 10                                                 |              |         |       |         |          | 
     | picorv32_core_genblk1.pcpi_mul_mul_2371_47_cdnfadd | CI v -> CO v | ADDFX1  | 0.034 |   0.749 |    2.955 | 
     | 11                                                 |              |         |       |         |          | 
     | picorv32_core_genblk1.pcpi_mul_mul_2371_47_cdnfadd | CI v -> CO v | ADDFX1  | 0.035 |   0.784 |    2.990 | 
     | 12                                                 |              |         |       |         |          | 
     | picorv32_core_genblk1.pcpi_mul_mul_2371_47_cdnfadd | CI v -> CO v | ADDFX1  | 0.035 |   0.819 |    3.025 | 
     | 13                                                 |              |         |       |         |          | 
     | picorv32_core_genblk1.pcpi_mul_mul_2371_47_cdnfadd | CI v -> CO v | ADDFX1  | 0.033 |   0.852 |    3.058 | 
     | 14                                                 |              |         |       |         |          | 
     | picorv32_core_genblk1.pcpi_mul_mul_2371_47_cdnfadd | CI v -> CO v | ADDFX1  | 0.034 |   0.886 |    3.092 | 
     | 15                                                 |              |         |       |         |          | 
     | picorv32_core_genblk1.pcpi_mul_mul_2371_47_cdnfadd | CI v -> CO v | ADDFX1  | 0.034 |   0.920 |    3.126 | 
     | 16                                                 |              |         |       |         |          | 
     | picorv32_core_genblk1.pcpi_mul_mul_2371_47_cdnfadd | CI v -> CO v | ADDFX1  | 0.034 |   0.954 |    3.160 | 
     | 17                                                 |              |         |       |         |          | 
     | picorv32_core_genblk1.pcpi_mul_mul_2371_47_cdnfadd | CI v -> CO v | ADDFX1  | 0.034 |   0.988 |    3.194 | 
     | 18                                                 |              |         |       |         |          | 
     | picorv32_core_genblk1.pcpi_mul_mul_2371_47_cdnfadd | CI v -> CO v | ADDFX1  | 0.034 |   1.022 |    3.228 | 
     | 19                                                 |              |         |       |         |          | 
     | picorv32_core_genblk1.pcpi_mul_mul_2371_47_cdnfadd | CI v -> CO v | ADDFX1  | 0.034 |   1.056 |    3.262 | 
     | 20                                                 |              |         |       |         |          | 
     | picorv32_core_genblk1.pcpi_mul_mul_2371_47_cdnfadd | CI v -> CO v | ADDFX1  | 0.034 |   1.090 |    3.296 | 
     | 21                                                 |              |         |       |         |          | 
     | picorv32_core_genblk1.pcpi_mul_mul_2371_47_cdnfadd | CI v -> CO v | ADDFX1  | 0.035 |   1.125 |    3.331 | 
     | 22                                                 |              |         |       |         |          | 
     | picorv32_core_genblk1.pcpi_mul_mul_2371_47_cdnfadd | CI v -> CO v | ADDFX1  | 0.039 |   1.163 |    3.370 | 
     | 23                                                 |              |         |       |         |          | 
     | picorv32_core_genblk1.pcpi_mul_mul_2371_47_cdnfadd | CI v -> CO v | ADDFX1  | 0.035 |   1.199 |    3.405 | 
     | 24                                                 |              |         |       |         |          | 
     | picorv32_core_genblk1.pcpi_mul_mul_2371_47_cdnfadd | CI v -> CO v | ADDFX1  | 0.033 |   1.232 |    3.438 | 
     | 25                                                 |              |         |       |         |          | 
     | picorv32_core_genblk1.pcpi_mul_mul_2371_47_cdnfadd | CI v -> CO v | ADDFX1  | 0.033 |   1.265 |    3.472 | 
     | 26                                                 |              |         |       |         |          | 
     | picorv32_core_genblk1.pcpi_mul_mul_2371_47_cdnfadd | CI v -> CO v | ADDFX1  | 0.033 |   1.299 |    3.505 | 
     | 27                                                 |              |         |       |         |          | 
     | picorv32_core_genblk1.pcpi_mul_mul_2371_47_cdnfadd | CI v -> CO v | ADDFX1  | 0.033 |   1.332 |    3.538 | 
     | 28                                                 |              |         |       |         |          | 
     | picorv32_core_genblk1.pcpi_mul_mul_2371_47_cdnfadd | CI v -> CO v | ADDFX1  | 0.033 |   1.365 |    3.572 | 
     | 29                                                 |              |         |       |         |          | 
     | picorv32_core_genblk1.pcpi_mul_mul_2371_47_cdnfadd | CI v -> CO v | ADDFX1  | 0.033 |   1.398 |    3.605 | 
     | 30                                                 |              |         |       |         |          | 
     | picorv32_core_genblk1.pcpi_mul_mul_2371_47_cdnfadd | CI v -> CO v | ADDFX1  | 0.036 |   1.434 |    3.640 | 
     | 31                                                 |              |         |       |         |          | 
     | picorv32_core_genblk1.pcpi_mul_mul_2371_47_cdnfadd | CI v -> CO v | ADDFX1  | 0.036 |   1.470 |    3.676 | 
     | 32                                                 |              |         |       |         |          | 
     | picorv32_core_genblk1.pcpi_mul_mul_2371_47_cdnfadd | CI v -> CO v | ADDFX1  | 0.034 |   1.504 |    3.710 | 
     | 33                                                 |              |         |       |         |          | 
     | picorv32_core_genblk1.pcpi_mul_mul_2371_47_cdnfadd | CI v -> CO v | ADDFX1  | 0.033 |   1.537 |    3.743 | 
     | 34                                                 |              |         |       |         |          | 
     | picorv32_core_genblk1.pcpi_mul_mul_2371_47_cdnfadd | CI v -> CO v | ADDFX1  | 0.034 |   1.570 |    3.777 | 
     | 35                                                 |              |         |       |         |          | 
     | picorv32_core_genblk1.pcpi_mul_mul_2371_47_cdnfadd | CI v -> CO v | ADDFX1  | 0.034 |   1.604 |    3.810 | 
     | 36                                                 |              |         |       |         |          | 
     | picorv32_core_genblk1.pcpi_mul_mul_2371_47_cdnfadd | CI v -> CO v | ADDFX1  | 0.033 |   1.638 |    3.844 | 
     | 37                                                 |              |         |       |         |          | 
     | picorv32_core_genblk1.pcpi_mul_mul_2371_47_cdnfadd | CI v -> CO v | ADDFX1  | 0.033 |   1.671 |    3.877 | 
     | 38                                                 |              |         |       |         |          | 
     | picorv32_core_genblk1.pcpi_mul_mul_2371_47_cdnfadd | CI v -> CO v | ADDFX1  | 0.033 |   1.704 |    3.911 | 
     | 39                                                 |              |         |       |         |          | 
     | picorv32_core_genblk1.pcpi_mul_mul_2371_47_cdnfadd | CI v -> S ^  | ADDFX1  | 0.048 |   1.753 |    3.959 | 
     | 40                                                 |              |         |       |         |          | 
     | picorv32_core_genblk1.pcpi_mul_rd_reg[40]          | D ^          | SDFFQX1 | 0.000 |   1.753 |    3.959 | 
     +----------------------------------------------------------------------------------------------------------+ 
Path 30: MET Setup Check with Pin picorv32_core_reg_next_pc_reg[26]/CK 
Endpoint:   picorv32_core_reg_next_pc_reg[26]/D (v) checked with  leading edge 
of 'clk'
Beginpoint: picorv32_core_irq_pending_reg[12]/Q (v) triggered by  leading edge 
of 'clk'
Path Groups: {reg2reg}
Analysis View: analysis1
Other End Arrival Time          0.001
- Setup                         0.022
+ Phase Shift                   4.000
- Uncertainty                   0.020
= Required Time                 3.959
- Arrival Time                  1.728
= Slack Time                    2.231
     Clock Rise Edge                 0.000
     + Clock Network Latency (Prop)  0.006
     = Beginpoint Arrival Time       0.006
     +------------------------------------------------------------------------------------------------------+ 
     |                   Instance                   |     Arc      |   Cell    | Delay | Arrival | Required | 
     |                                              |              |           |       |  Time   |   Time   | 
     |----------------------------------------------+--------------+-----------+-------+---------+----------| 
     | picorv32_core_irq_pending_reg[12]            | CK ^         |           |       |   0.006 |    2.236 | 
     | picorv32_core_irq_pending_reg[12]            | CK ^ -> Q v  | SDFFQX1   | 0.051 |   0.056 |    2.287 | 
     | picorv32_core_g89487__7482                   | B v -> Y ^   | NAND2BX1  | 0.041 |   0.097 |    2.327 | 
     | picorv32_core_g89196__3680                   | B ^ -> Y ^   | AND4XL    | 0.061 |   0.158 |    2.388 | 
     | picorv32_core_g89178__6161                   | D ^ -> Y ^   | AND4XL    | 0.036 |   0.194 |    2.425 | 
     | picorv32_core_g89166__2802                   | D ^ -> Y ^   | AND4XL    | 0.042 |   0.236 |    2.466 | 
     | picorv32_core_g89157__4319                   | D ^ -> Y ^   | AND4XL    | 0.034 |   0.269 |    2.500 | 
     | picorv32_core_g89147__2883                   | D ^ -> Y ^   | AND4XL    | 0.045 |   0.314 |    2.545 | 
     | picorv32_core_g89139__5115                   | D ^ -> Y ^   | AND4XL    | 0.073 |   0.387 |    2.618 | 
     | picorv32_core_g89133__1705                   | D ^ -> Y ^   | AND4XL    | 0.043 |   0.430 |    2.661 | 
     | picorv32_core_g89128__5526                   | D ^ -> Y ^   | AND4XL    | 0.040 |   0.470 |    2.701 | 
     | picorv32_core_g89124__6260                   | D ^ -> Y ^   | AND4X1    | 0.045 |   0.515 |    2.746 | 
     | picorv32_core_g89122__2398                   | D ^ -> Y v   | NAND4XL   | 0.079 |   0.594 |    2.825 | 
     | picorv32_core_g89120__6417                   | B v -> Y ^   | NOR2BX1   | 0.057 |   0.652 |    2.882 | 
     | picorv32_core_g89119__7410                   | D ^ -> Y ^   | OR4X1     | 0.023 |   0.675 |    2.906 | 
     | picorv32_core_g89117__2346                   | B ^ -> Y v   | NAND2BX1  | 0.031 |   0.707 |    2.937 | 
     | picorv32_core_g89115__2883                   | AN v -> Y v  | NAND2BX1  | 0.025 |   0.731 |    2.962 | 
     | picorv32_core_g89112__6161                   | AN v -> Y v  | NAND2BX1  | 0.018 |   0.749 |    2.980 | 
     | picorv32_core_g89111__4733                   | B v -> Y v   | OR2X1     | 0.078 |   0.827 |    3.058 | 
     | picorv32_core_g89108__1881                   | B v -> Y ^   | NOR2BX1   | 0.039 |   0.866 |    3.097 | 
     | picorv32_core_add_1569_33_Y_add_1552_33_g763 | B ^ -> CO ^  | ADDHX1    | 0.025 |   0.892 |    3.122 | 
     | picorv32_core_add_1569_33_Y_add_1552_33_g762 | CI ^ -> CO ^ | ADDFX1    | 0.031 |   0.923 |    3.154 | 
     | picorv32_core_add_1569_33_Y_add_1552_33_g761 | CI ^ -> CO ^ | ADDFX1    | 0.031 |   0.954 |    3.184 | 
     | picorv32_core_add_1569_33_Y_add_1552_33_g760 | CI ^ -> CO ^ | ADDFX1    | 0.032 |   0.985 |    3.216 | 
     | picorv32_core_add_1569_33_Y_add_1552_33_g759 | CI ^ -> CO ^ | ADDFX1    | 0.032 |   1.017 |    3.248 | 
     | picorv32_core_add_1569_33_Y_add_1552_33_g758 | CI ^ -> CO ^ | ADDFX1    | 0.031 |   1.048 |    3.279 | 
     | picorv32_core_add_1569_33_Y_add_1552_33_g757 | CI ^ -> CO ^ | ADDFX1    | 0.031 |   1.080 |    3.310 | 
     | picorv32_core_add_1569_33_Y_add_1552_33_g756 | CI ^ -> CO ^ | ADDFX1    | 0.032 |   1.112 |    3.342 | 
     | picorv32_core_add_1569_33_Y_add_1552_33_g755 | CI ^ -> CO ^ | ADDFX1    | 0.033 |   1.145 |    3.375 | 
     | picorv32_core_add_1569_33_Y_add_1552_33_g754 | CI ^ -> CO ^ | ADDFX1    | 0.032 |   1.177 |    3.408 | 
     | picorv32_core_add_1569_33_Y_add_1552_33_g753 | CI ^ -> CO ^ | ADDFX1    | 0.032 |   1.209 |    3.440 | 
     | picorv32_core_add_1569_33_Y_add_1552_33_g752 | CI ^ -> CO ^ | ADDFX1    | 0.032 |   1.242 |    3.472 | 
     | picorv32_core_add_1569_33_Y_add_1552_33_g751 | CI ^ -> CO ^ | ADDFX1    | 0.034 |   1.275 |    3.506 | 
     | picorv32_core_add_1569_33_Y_add_1552_33_g750 | CI ^ -> CO ^ | ADDFX1    | 0.032 |   1.307 |    3.538 | 
     | picorv32_core_add_1569_33_Y_add_1552_33_g749 | CI ^ -> CO ^ | ADDFX1    | 0.033 |   1.341 |    3.571 | 
     | picorv32_core_add_1569_33_Y_add_1552_33_g748 | CI ^ -> CO ^ | ADDFX1    | 0.034 |   1.375 |    3.605 | 
     | picorv32_core_add_1569_33_Y_add_1552_33_g747 | CI ^ -> CO ^ | ADDFX1    | 0.031 |   1.405 |    3.636 | 
     | picorv32_core_add_1569_33_Y_add_1552_33_g746 | CI ^ -> CO ^ | ADDFX1    | 0.030 |   1.435 |    3.666 | 
     | picorv32_core_add_1569_33_Y_add_1552_33_g745 | CI ^ -> CO ^ | ADDFX1    | 0.030 |   1.466 |    3.696 | 
     | picorv32_core_add_1569_33_Y_add_1552_33_g744 | CI ^ -> CO ^ | ADDFX1    | 0.030 |   1.496 |    3.727 | 
     | picorv32_core_add_1569_33_Y_add_1552_33_g743 | CI ^ -> CO ^ | ADDFX1    | 0.030 |   1.526 |    3.756 | 
     | picorv32_core_add_1569_33_Y_add_1552_33_g742 | CI ^ -> CO ^ | ADDFX1    | 0.031 |   1.557 |    3.788 | 
     | picorv32_core_add_1569_33_Y_add_1552_33_g741 | CI ^ -> CO ^ | ADDFX1    | 0.030 |   1.587 |    3.818 | 
     | picorv32_core_add_1569_33_Y_add_1552_33_g740 | CI ^ -> CO ^ | ADDFX1    | 0.030 |   1.618 |    3.848 | 
     | picorv32_core_add_1569_33_Y_add_1552_33_g739 | CI ^ -> CO ^ | ADDFX1    | 0.031 |   1.648 |    3.879 | 
     | picorv32_core_add_1569_33_Y_add_1552_33_g738 | CI ^ -> S v  | ADDFX1    | 0.046 |   1.695 |    3.925 | 
     | picorv32_core_g190442__8246                  | B1 v -> Y ^  | AOI22X1   | 0.015 |   1.709 |    3.940 | 
     | picorv32_core_g190411__2802                  | B0 ^ -> Y v  | OAI2BB1X1 | 0.019 |   1.728 |    3.959 | 
     | picorv32_core_reg_next_pc_reg[26]            | D v          | SDFFQX1   | 0.000 |   1.728 |    3.959 | 
     +------------------------------------------------------------------------------------------------------+ 
Path 31: MET Setup Check with Pin picorv32_core_genblk1.pcpi_mul_rd_reg[39]/CK 
Endpoint:   picorv32_core_genblk1.pcpi_mul_rd_reg[39]/D (^) checked with  
leading edge of 'clk'
Beginpoint: picorv32_core_genblk1.pcpi_mul_rs2_reg[5]/Q (^) triggered by  
leading edge of 'clk'
Path Groups: {reg2reg}
Analysis View: analysis1
Other End Arrival Time          0.004
- Setup                         0.025
+ Phase Shift                   4.000
- Uncertainty                   0.020
= Required Time                 3.959
- Arrival Time                  1.720
= Slack Time                    2.239
     Clock Rise Edge                 0.000
     + Clock Network Latency (Prop)  0.004
     = Beginpoint Arrival Time       0.004
     +----------------------------------------------------------------------------------------------------------+ 
     |                      Instance                      |     Arc      |  Cell   | Delay | Arrival | Required | 
     |                                                    |              |         |       |  Time   |   Time   | 
     |----------------------------------------------------+--------------+---------+-------+---------+----------| 
     | picorv32_core_genblk1.pcpi_mul_rs2_reg[5]          | CK ^         |         |       |   0.004 |    2.243 | 
     | picorv32_core_genblk1.pcpi_mul_rs2_reg[5]          | CK ^ -> Q ^  | SDFFQX1 | 0.126 |   0.131 |    2.370 | 
     | picorv32_core_genblk1.pcpi_mul_mul_2371_47_g14113  | A ^ -> Y v   | INVX1   | 0.049 |   0.179 |    2.418 | 
     | picorv32_core_genblk1.pcpi_mul_mul_2371_47_g13989  | B v -> Y ^   | XNOR2X1 | 0.031 |   0.210 |    2.449 | 
     | picorv32_core_genblk1.pcpi_mul_mul_2371_47_g13897  | A ^ -> Y ^   | OR2X1   | 0.091 |   0.301 |    2.540 | 
     | picorv32_core_genblk1.pcpi_mul_mul_2371_47_g13890  | A ^ -> Y v   | INVX1   | 0.056 |   0.356 |    2.595 | 
     | picorv32_core_genblk1.pcpi_mul_mul_2371_47_g13740  | A1 v -> Y ^  | OAI21X1 | 0.029 |   0.386 |    2.625 | 
     | picorv32_core_genblk1.pcpi_mul_mul_2371_47_g13495  | B ^ -> Y ^   | XNOR2X1 | 0.025 |   0.410 |    2.649 | 
     | picorv32_core_genblk1.pcpi_mul_mul_2371_47_g13440  | B ^ -> S v   | ADDHX1  | 0.031 |   0.441 |    2.680 | 
     | picorv32_core_genblk1.pcpi_mul_mul_2371_47_cdnfadd | A v -> CO v  | ADDFX1  | 0.035 |   0.476 |    2.715 | 
     | 3                                                  |              |         |       |         |          | 
     | picorv32_core_genblk1.pcpi_mul_mul_2371_47_cdnfadd | CI v -> CO v | ADDFX1  | 0.033 |   0.510 |    2.749 | 
     | 4                                                  |              |         |       |         |          | 
     | picorv32_core_genblk1.pcpi_mul_mul_2371_47_cdnfadd | CI v -> CO v | ADDFX1  | 0.034 |   0.543 |    2.782 | 
     | 5                                                  |              |         |       |         |          | 
     | picorv32_core_genblk1.pcpi_mul_mul_2371_47_cdnfadd | CI v -> CO v | ADDFX1  | 0.034 |   0.578 |    2.817 | 
     | 6                                                  |              |         |       |         |          | 
     | picorv32_core_genblk1.pcpi_mul_mul_2371_47_cdnfadd | CI v -> CO v | ADDFX1  | 0.034 |   0.612 |    2.851 | 
     | 7                                                  |              |         |       |         |          | 
     | picorv32_core_genblk1.pcpi_mul_mul_2371_47_cdnfadd | CI v -> CO v | ADDFX1  | 0.034 |   0.645 |    2.884 | 
     | 8                                                  |              |         |       |         |          | 
     | picorv32_core_genblk1.pcpi_mul_mul_2371_47_cdnfadd | CI v -> CO v | ADDFX1  | 0.034 |   0.680 |    2.918 | 
     | 9                                                  |              |         |       |         |          | 
     | picorv32_core_genblk1.pcpi_mul_mul_2371_47_cdnfadd | CI v -> CO v | ADDFX1  | 0.035 |   0.715 |    2.954 | 
     | 10                                                 |              |         |       |         |          | 
     | picorv32_core_genblk1.pcpi_mul_mul_2371_47_cdnfadd | CI v -> CO v | ADDFX1  | 0.034 |   0.749 |    2.988 | 
     | 11                                                 |              |         |       |         |          | 
     | picorv32_core_genblk1.pcpi_mul_mul_2371_47_cdnfadd | CI v -> CO v | ADDFX1  | 0.035 |   0.784 |    3.023 | 
     | 12                                                 |              |         |       |         |          | 
     | picorv32_core_genblk1.pcpi_mul_mul_2371_47_cdnfadd | CI v -> CO v | ADDFX1  | 0.035 |   0.819 |    3.057 | 
     | 13                                                 |              |         |       |         |          | 
     | picorv32_core_genblk1.pcpi_mul_mul_2371_47_cdnfadd | CI v -> CO v | ADDFX1  | 0.033 |   0.852 |    3.091 | 
     | 14                                                 |              |         |       |         |          | 
     | picorv32_core_genblk1.pcpi_mul_mul_2371_47_cdnfadd | CI v -> CO v | ADDFX1  | 0.034 |   0.886 |    3.125 | 
     | 15                                                 |              |         |       |         |          | 
     | picorv32_core_genblk1.pcpi_mul_mul_2371_47_cdnfadd | CI v -> CO v | ADDFX1  | 0.034 |   0.920 |    3.159 | 
     | 16                                                 |              |         |       |         |          | 
     | picorv32_core_genblk1.pcpi_mul_mul_2371_47_cdnfadd | CI v -> CO v | ADDFX1  | 0.034 |   0.954 |    3.192 | 
     | 17                                                 |              |         |       |         |          | 
     | picorv32_core_genblk1.pcpi_mul_mul_2371_47_cdnfadd | CI v -> CO v | ADDFX1  | 0.034 |   0.988 |    3.227 | 
     | 18                                                 |              |         |       |         |          | 
     | picorv32_core_genblk1.pcpi_mul_mul_2371_47_cdnfadd | CI v -> CO v | ADDFX1  | 0.034 |   1.022 |    3.261 | 
     | 19                                                 |              |         |       |         |          | 
     | picorv32_core_genblk1.pcpi_mul_mul_2371_47_cdnfadd | CI v -> CO v | ADDFX1  | 0.034 |   1.056 |    3.294 | 
     | 20                                                 |              |         |       |         |          | 
     | picorv32_core_genblk1.pcpi_mul_mul_2371_47_cdnfadd | CI v -> CO v | ADDFX1  | 0.034 |   1.090 |    3.329 | 
     | 21                                                 |              |         |       |         |          | 
     | picorv32_core_genblk1.pcpi_mul_mul_2371_47_cdnfadd | CI v -> CO v | ADDFX1  | 0.035 |   1.125 |    3.364 | 
     | 22                                                 |              |         |       |         |          | 
     | picorv32_core_genblk1.pcpi_mul_mul_2371_47_cdnfadd | CI v -> CO v | ADDFX1  | 0.039 |   1.163 |    3.402 | 
     | 23                                                 |              |         |       |         |          | 
     | picorv32_core_genblk1.pcpi_mul_mul_2371_47_cdnfadd | CI v -> CO v | ADDFX1  | 0.035 |   1.199 |    3.438 | 
     | 24                                                 |              |         |       |         |          | 
     | picorv32_core_genblk1.pcpi_mul_mul_2371_47_cdnfadd | CI v -> CO v | ADDFX1  | 0.033 |   1.232 |    3.471 | 
     | 25                                                 |              |         |       |         |          | 
     | picorv32_core_genblk1.pcpi_mul_mul_2371_47_cdnfadd | CI v -> CO v | ADDFX1  | 0.033 |   1.265 |    3.504 | 
     | 26                                                 |              |         |       |         |          | 
     | picorv32_core_genblk1.pcpi_mul_mul_2371_47_cdnfadd | CI v -> CO v | ADDFX1  | 0.033 |   1.299 |    3.538 | 
     | 27                                                 |              |         |       |         |          | 
     | picorv32_core_genblk1.pcpi_mul_mul_2371_47_cdnfadd | CI v -> CO v | ADDFX1  | 0.033 |   1.332 |    3.571 | 
     | 28                                                 |              |         |       |         |          | 
     | picorv32_core_genblk1.pcpi_mul_mul_2371_47_cdnfadd | CI v -> CO v | ADDFX1  | 0.033 |   1.365 |    3.604 | 
     | 29                                                 |              |         |       |         |          | 
     | picorv32_core_genblk1.pcpi_mul_mul_2371_47_cdnfadd | CI v -> CO v | ADDFX1  | 0.033 |   1.398 |    3.637 | 
     | 30                                                 |              |         |       |         |          | 
     | picorv32_core_genblk1.pcpi_mul_mul_2371_47_cdnfadd | CI v -> CO v | ADDFX1  | 0.036 |   1.434 |    3.673 | 
     | 31                                                 |              |         |       |         |          | 
     | picorv32_core_genblk1.pcpi_mul_mul_2371_47_cdnfadd | CI v -> CO v | ADDFX1  | 0.036 |   1.470 |    3.709 | 
     | 32                                                 |              |         |       |         |          | 
     | picorv32_core_genblk1.pcpi_mul_mul_2371_47_cdnfadd | CI v -> CO v | ADDFX1  | 0.034 |   1.504 |    3.742 | 
     | 33                                                 |              |         |       |         |          | 
     | picorv32_core_genblk1.pcpi_mul_mul_2371_47_cdnfadd | CI v -> CO v | ADDFX1  | 0.033 |   1.537 |    3.776 | 
     | 34                                                 |              |         |       |         |          | 
     | picorv32_core_genblk1.pcpi_mul_mul_2371_47_cdnfadd | CI v -> CO v | ADDFX1  | 0.034 |   1.570 |    3.809 | 
     | 35                                                 |              |         |       |         |          | 
     | picorv32_core_genblk1.pcpi_mul_mul_2371_47_cdnfadd | CI v -> CO v | ADDFX1  | 0.034 |   1.604 |    3.843 | 
     | 36                                                 |              |         |       |         |          | 
     | picorv32_core_genblk1.pcpi_mul_mul_2371_47_cdnfadd | CI v -> CO v | ADDFX1  | 0.033 |   1.638 |    3.877 | 
     | 37                                                 |              |         |       |         |          | 
     | picorv32_core_genblk1.pcpi_mul_mul_2371_47_cdnfadd | CI v -> CO v | ADDFX1  | 0.033 |   1.671 |    3.910 | 
     | 38                                                 |              |         |       |         |          | 
     | picorv32_core_genblk1.pcpi_mul_mul_2371_47_cdnfadd | CI v -> S ^  | ADDFX1  | 0.049 |   1.720 |    3.959 | 
     | 39                                                 |              |         |       |         |          | 
     | picorv32_core_genblk1.pcpi_mul_rd_reg[39]          | D ^          | SDFFQX1 | 0.000 |   1.720 |    3.959 | 
     +----------------------------------------------------------------------------------------------------------+ 
Path 32: MET Setup Check with Pin picorv32_core_reg_next_pc_reg[25]/CK 
Endpoint:   picorv32_core_reg_next_pc_reg[25]/D (v) checked with  leading edge 
of 'clk'
Beginpoint: picorv32_core_irq_pending_reg[12]/Q (v) triggered by  leading edge 
of 'clk'
Path Groups: {reg2reg}
Analysis View: analysis1
Other End Arrival Time          0.000
- Setup                         0.022
+ Phase Shift                   4.000
- Uncertainty                   0.020
= Required Time                 3.958
- Arrival Time                  1.697
= Slack Time                    2.261
     Clock Rise Edge                 0.000
     + Clock Network Latency (Prop)  0.006
     = Beginpoint Arrival Time       0.006
     +------------------------------------------------------------------------------------------------------+ 
     |                   Instance                   |     Arc      |   Cell    | Delay | Arrival | Required | 
     |                                              |              |           |       |  Time   |   Time   | 
     |----------------------------------------------+--------------+-----------+-------+---------+----------| 
     | picorv32_core_irq_pending_reg[12]            | CK ^         |           |       |   0.006 |    2.267 | 
     | picorv32_core_irq_pending_reg[12]            | CK ^ -> Q v  | SDFFQX1   | 0.051 |   0.056 |    2.318 | 
     | picorv32_core_g89487__7482                   | B v -> Y ^   | NAND2BX1  | 0.041 |   0.097 |    2.358 | 
     | picorv32_core_g89196__3680                   | B ^ -> Y ^   | AND4XL    | 0.061 |   0.158 |    2.419 | 
     | picorv32_core_g89178__6161                   | D ^ -> Y ^   | AND4XL    | 0.036 |   0.194 |    2.455 | 
     | picorv32_core_g89166__2802                   | D ^ -> Y ^   | AND4XL    | 0.042 |   0.236 |    2.497 | 
     | picorv32_core_g89157__4319                   | D ^ -> Y ^   | AND4XL    | 0.034 |   0.269 |    2.531 | 
     | picorv32_core_g89147__2883                   | D ^ -> Y ^   | AND4XL    | 0.045 |   0.314 |    2.576 | 
     | picorv32_core_g89139__5115                   | D ^ -> Y ^   | AND4XL    | 0.073 |   0.387 |    2.648 | 
     | picorv32_core_g89133__1705                   | D ^ -> Y ^   | AND4XL    | 0.043 |   0.430 |    2.691 | 
     | picorv32_core_g89128__5526                   | D ^ -> Y ^   | AND4XL    | 0.040 |   0.470 |    2.732 | 
     | picorv32_core_g89124__6260                   | D ^ -> Y ^   | AND4X1    | 0.045 |   0.515 |    2.777 | 
     | picorv32_core_g89122__2398                   | D ^ -> Y v   | NAND4XL   | 0.079 |   0.594 |    2.855 | 
     | picorv32_core_g89120__6417                   | B v -> Y ^   | NOR2BX1   | 0.057 |   0.652 |    2.913 | 
     | picorv32_core_g89119__7410                   | D ^ -> Y ^   | OR4X1     | 0.023 |   0.675 |    2.936 | 
     | picorv32_core_g89117__2346                   | B ^ -> Y v   | NAND2BX1  | 0.031 |   0.707 |    2.968 | 
     | picorv32_core_g89115__2883                   | AN v -> Y v  | NAND2BX1  | 0.025 |   0.731 |    2.993 | 
     | picorv32_core_g89112__6161                   | AN v -> Y v  | NAND2BX1  | 0.018 |   0.749 |    3.011 | 
     | picorv32_core_g89111__4733                   | B v -> Y v   | OR2X1     | 0.078 |   0.827 |    3.089 | 
     | picorv32_core_g89108__1881                   | B v -> Y ^   | NOR2BX1   | 0.039 |   0.866 |    3.128 | 
     | picorv32_core_add_1569_33_Y_add_1552_33_g763 | B ^ -> CO ^  | ADDHX1    | 0.025 |   0.892 |    3.153 | 
     | picorv32_core_add_1569_33_Y_add_1552_33_g762 | CI ^ -> CO ^ | ADDFX1    | 0.031 |   0.923 |    3.184 | 
     | picorv32_core_add_1569_33_Y_add_1552_33_g761 | CI ^ -> CO ^ | ADDFX1    | 0.031 |   0.954 |    3.215 | 
     | picorv32_core_add_1569_33_Y_add_1552_33_g760 | CI ^ -> CO ^ | ADDFX1    | 0.032 |   0.985 |    3.247 | 
     | picorv32_core_add_1569_33_Y_add_1552_33_g759 | CI ^ -> CO ^ | ADDFX1    | 0.032 |   1.017 |    3.278 | 
     | picorv32_core_add_1569_33_Y_add_1552_33_g758 | CI ^ -> CO ^ | ADDFX1    | 0.031 |   1.048 |    3.310 | 
     | picorv32_core_add_1569_33_Y_add_1552_33_g757 | CI ^ -> CO ^ | ADDFX1    | 0.031 |   1.080 |    3.341 | 
     | picorv32_core_add_1569_33_Y_add_1552_33_g756 | CI ^ -> CO ^ | ADDFX1    | 0.032 |   1.112 |    3.373 | 
     | picorv32_core_add_1569_33_Y_add_1552_33_g755 | CI ^ -> CO ^ | ADDFX1    | 0.033 |   1.145 |    3.406 | 
     | picorv32_core_add_1569_33_Y_add_1552_33_g754 | CI ^ -> CO ^ | ADDFX1    | 0.032 |   1.177 |    3.438 | 
     | picorv32_core_add_1569_33_Y_add_1552_33_g753 | CI ^ -> CO ^ | ADDFX1    | 0.032 |   1.209 |    3.471 | 
     | picorv32_core_add_1569_33_Y_add_1552_33_g752 | CI ^ -> CO ^ | ADDFX1    | 0.032 |   1.242 |    3.503 | 
     | picorv32_core_add_1569_33_Y_add_1552_33_g751 | CI ^ -> CO ^ | ADDFX1    | 0.034 |   1.275 |    3.537 | 
     | picorv32_core_add_1569_33_Y_add_1552_33_g750 | CI ^ -> CO ^ | ADDFX1    | 0.032 |   1.307 |    3.569 | 
     | picorv32_core_add_1569_33_Y_add_1552_33_g749 | CI ^ -> CO ^ | ADDFX1    | 0.033 |   1.341 |    3.602 | 
     | picorv32_core_add_1569_33_Y_add_1552_33_g748 | CI ^ -> CO ^ | ADDFX1    | 0.034 |   1.375 |    3.636 | 
     | picorv32_core_add_1569_33_Y_add_1552_33_g747 | CI ^ -> CO ^ | ADDFX1    | 0.031 |   1.405 |    3.667 | 
     | picorv32_core_add_1569_33_Y_add_1552_33_g746 | CI ^ -> CO ^ | ADDFX1    | 0.030 |   1.435 |    3.697 | 
     | picorv32_core_add_1569_33_Y_add_1552_33_g745 | CI ^ -> CO ^ | ADDFX1    | 0.030 |   1.466 |    3.727 | 
     | picorv32_core_add_1569_33_Y_add_1552_33_g744 | CI ^ -> CO ^ | ADDFX1    | 0.030 |   1.496 |    3.757 | 
     | picorv32_core_add_1569_33_Y_add_1552_33_g743 | CI ^ -> CO ^ | ADDFX1    | 0.030 |   1.526 |    3.787 | 
     | picorv32_core_add_1569_33_Y_add_1552_33_g742 | CI ^ -> CO ^ | ADDFX1    | 0.031 |   1.557 |    3.818 | 
     | picorv32_core_add_1569_33_Y_add_1552_33_g741 | CI ^ -> CO ^ | ADDFX1    | 0.030 |   1.587 |    3.849 | 
     | picorv32_core_add_1569_33_Y_add_1552_33_g740 | CI ^ -> CO ^ | ADDFX1    | 0.030 |   1.618 |    3.879 | 
     | picorv32_core_add_1569_33_Y_add_1552_33_g739 | CI ^ -> S v  | ADDFX1    | 0.046 |   1.664 |    3.925 | 
     | picorv32_core_g190441__5122                  | B1 v -> Y ^  | AOI22X1   | 0.014 |   1.678 |    3.939 | 
     | picorv32_core_g190410__1617                  | B0 ^ -> Y v  | OAI2BB1X1 | 0.019 |   1.697 |    3.958 | 
     | picorv32_core_reg_next_pc_reg[25]            | D v          | SDFFQX1   | 0.000 |   1.697 |    3.958 | 
     +------------------------------------------------------------------------------------------------------+ 
Path 33: MET Setup Check with Pin picorv32_core_genblk1.pcpi_mul_rd_reg[38]/CK 
Endpoint:   picorv32_core_genblk1.pcpi_mul_rd_reg[38]/D (^) checked with  
leading edge of 'clk'
Beginpoint: picorv32_core_genblk1.pcpi_mul_rs2_reg[5]/Q (^) triggered by  
leading edge of 'clk'
Path Groups: {reg2reg}
Analysis View: analysis1
Other End Arrival Time          0.004
- Setup                         0.025
+ Phase Shift                   4.000
- Uncertainty                   0.020
= Required Time                 3.959
- Arrival Time                  1.687
= Slack Time                    2.272
     Clock Rise Edge                 0.000
     + Clock Network Latency (Prop)  0.004
     = Beginpoint Arrival Time       0.004
     +----------------------------------------------------------------------------------------------------------+ 
     |                      Instance                      |     Arc      |  Cell   | Delay | Arrival | Required | 
     |                                                    |              |         |       |  Time   |   Time   | 
     |----------------------------------------------------+--------------+---------+-------+---------+----------| 
     | picorv32_core_genblk1.pcpi_mul_rs2_reg[5]          | CK ^         |         |       |   0.004 |    2.276 | 
     | picorv32_core_genblk1.pcpi_mul_rs2_reg[5]          | CK ^ -> Q ^  | SDFFQX1 | 0.126 |   0.131 |    2.402 | 
     | picorv32_core_genblk1.pcpi_mul_mul_2371_47_g14113  | A ^ -> Y v   | INVX1   | 0.049 |   0.179 |    2.451 | 
     | picorv32_core_genblk1.pcpi_mul_mul_2371_47_g13989  | B v -> Y ^   | XNOR2X1 | 0.031 |   0.210 |    2.482 | 
     | picorv32_core_genblk1.pcpi_mul_mul_2371_47_g13897  | A ^ -> Y ^   | OR2X1   | 0.091 |   0.301 |    2.572 | 
     | picorv32_core_genblk1.pcpi_mul_mul_2371_47_g13890  | A ^ -> Y v   | INVX1   | 0.056 |   0.356 |    2.628 | 
     | picorv32_core_genblk1.pcpi_mul_mul_2371_47_g13740  | A1 v -> Y ^  | OAI21X1 | 0.029 |   0.386 |    2.657 | 
     | picorv32_core_genblk1.pcpi_mul_mul_2371_47_g13495  | B ^ -> Y ^   | XNOR2X1 | 0.025 |   0.410 |    2.682 | 
     | picorv32_core_genblk1.pcpi_mul_mul_2371_47_g13440  | B ^ -> S v   | ADDHX1  | 0.031 |   0.441 |    2.713 | 
     | picorv32_core_genblk1.pcpi_mul_mul_2371_47_cdnfadd | A v -> CO v  | ADDFX1  | 0.035 |   0.476 |    2.748 | 
     | 3                                                  |              |         |       |         |          | 
     | picorv32_core_genblk1.pcpi_mul_mul_2371_47_cdnfadd | CI v -> CO v | ADDFX1  | 0.033 |   0.510 |    2.781 | 
     | 4                                                  |              |         |       |         |          | 
     | picorv32_core_genblk1.pcpi_mul_mul_2371_47_cdnfadd | CI v -> CO v | ADDFX1  | 0.034 |   0.543 |    2.815 | 
     | 5                                                  |              |         |       |         |          | 
     | picorv32_core_genblk1.pcpi_mul_mul_2371_47_cdnfadd | CI v -> CO v | ADDFX1  | 0.034 |   0.578 |    2.849 | 
     | 6                                                  |              |         |       |         |          | 
     | picorv32_core_genblk1.pcpi_mul_mul_2371_47_cdnfadd | CI v -> CO v | ADDFX1  | 0.034 |   0.612 |    2.883 | 
     | 7                                                  |              |         |       |         |          | 
     | picorv32_core_genblk1.pcpi_mul_mul_2371_47_cdnfadd | CI v -> CO v | ADDFX1  | 0.034 |   0.645 |    2.917 | 
     | 8                                                  |              |         |       |         |          | 
     | picorv32_core_genblk1.pcpi_mul_mul_2371_47_cdnfadd | CI v -> CO v | ADDFX1  | 0.034 |   0.680 |    2.951 | 
     | 9                                                  |              |         |       |         |          | 
     | picorv32_core_genblk1.pcpi_mul_mul_2371_47_cdnfadd | CI v -> CO v | ADDFX1  | 0.035 |   0.715 |    2.987 | 
     | 10                                                 |              |         |       |         |          | 
     | picorv32_core_genblk1.pcpi_mul_mul_2371_47_cdnfadd | CI v -> CO v | ADDFX1  | 0.034 |   0.749 |    3.020 | 
     | 11                                                 |              |         |       |         |          | 
     | picorv32_core_genblk1.pcpi_mul_mul_2371_47_cdnfadd | CI v -> CO v | ADDFX1  | 0.035 |   0.784 |    3.055 | 
     | 12                                                 |              |         |       |         |          | 
     | picorv32_core_genblk1.pcpi_mul_mul_2371_47_cdnfadd | CI v -> CO v | ADDFX1  | 0.035 |   0.819 |    3.090 | 
     | 13                                                 |              |         |       |         |          | 
     | picorv32_core_genblk1.pcpi_mul_mul_2371_47_cdnfadd | CI v -> CO v | ADDFX1  | 0.033 |   0.852 |    3.124 | 
     | 14                                                 |              |         |       |         |          | 
     | picorv32_core_genblk1.pcpi_mul_mul_2371_47_cdnfadd | CI v -> CO v | ADDFX1  | 0.034 |   0.886 |    3.158 | 
     | 15                                                 |              |         |       |         |          | 
     | picorv32_core_genblk1.pcpi_mul_mul_2371_47_cdnfadd | CI v -> CO v | ADDFX1  | 0.034 |   0.920 |    3.191 | 
     | 16                                                 |              |         |       |         |          | 
     | picorv32_core_genblk1.pcpi_mul_mul_2371_47_cdnfadd | CI v -> CO v | ADDFX1  | 0.034 |   0.954 |    3.225 | 
     | 17                                                 |              |         |       |         |          | 
     | picorv32_core_genblk1.pcpi_mul_mul_2371_47_cdnfadd | CI v -> CO v | ADDFX1  | 0.034 |   0.988 |    3.259 | 
     | 18                                                 |              |         |       |         |          | 
     | picorv32_core_genblk1.pcpi_mul_mul_2371_47_cdnfadd | CI v -> CO v | ADDFX1  | 0.034 |   1.022 |    3.293 | 
     | 19                                                 |              |         |       |         |          | 
     | picorv32_core_genblk1.pcpi_mul_mul_2371_47_cdnfadd | CI v -> CO v | ADDFX1  | 0.034 |   1.056 |    3.327 | 
     | 20                                                 |              |         |       |         |          | 
     | picorv32_core_genblk1.pcpi_mul_mul_2371_47_cdnfadd | CI v -> CO v | ADDFX1  | 0.034 |   1.090 |    3.361 | 
     | 21                                                 |              |         |       |         |          | 
     | picorv32_core_genblk1.pcpi_mul_mul_2371_47_cdnfadd | CI v -> CO v | ADDFX1  | 0.035 |   1.125 |    3.396 | 
     | 22                                                 |              |         |       |         |          | 
     | picorv32_core_genblk1.pcpi_mul_mul_2371_47_cdnfadd | CI v -> CO v | ADDFX1  | 0.039 |   1.163 |    3.435 | 
     | 23                                                 |              |         |       |         |          | 
     | picorv32_core_genblk1.pcpi_mul_mul_2371_47_cdnfadd | CI v -> CO v | ADDFX1  | 0.035 |   1.199 |    3.470 | 
     | 24                                                 |              |         |       |         |          | 
     | picorv32_core_genblk1.pcpi_mul_mul_2371_47_cdnfadd | CI v -> CO v | ADDFX1  | 0.033 |   1.232 |    3.504 | 
     | 25                                                 |              |         |       |         |          | 
     | picorv32_core_genblk1.pcpi_mul_mul_2371_47_cdnfadd | CI v -> CO v | ADDFX1  | 0.033 |   1.265 |    3.537 | 
     | 26                                                 |              |         |       |         |          | 
     | picorv32_core_genblk1.pcpi_mul_mul_2371_47_cdnfadd | CI v -> CO v | ADDFX1  | 0.033 |   1.299 |    3.570 | 
     | 27                                                 |              |         |       |         |          | 
     | picorv32_core_genblk1.pcpi_mul_mul_2371_47_cdnfadd | CI v -> CO v | ADDFX1  | 0.033 |   1.332 |    3.604 | 
     | 28                                                 |              |         |       |         |          | 
     | picorv32_core_genblk1.pcpi_mul_mul_2371_47_cdnfadd | CI v -> CO v | ADDFX1  | 0.033 |   1.365 |    3.637 | 
     | 29                                                 |              |         |       |         |          | 
     | picorv32_core_genblk1.pcpi_mul_mul_2371_47_cdnfadd | CI v -> CO v | ADDFX1  | 0.033 |   1.398 |    3.670 | 
     | 30                                                 |              |         |       |         |          | 
     | picorv32_core_genblk1.pcpi_mul_mul_2371_47_cdnfadd | CI v -> CO v | ADDFX1  | 0.036 |   1.434 |    3.705 | 
     | 31                                                 |              |         |       |         |          | 
     | picorv32_core_genblk1.pcpi_mul_mul_2371_47_cdnfadd | CI v -> CO v | ADDFX1  | 0.036 |   1.470 |    3.741 | 
     | 32                                                 |              |         |       |         |          | 
     | picorv32_core_genblk1.pcpi_mul_mul_2371_47_cdnfadd | CI v -> CO v | ADDFX1  | 0.034 |   1.504 |    3.775 | 
     | 33                                                 |              |         |       |         |          | 
     | picorv32_core_genblk1.pcpi_mul_mul_2371_47_cdnfadd | CI v -> CO v | ADDFX1  | 0.033 |   1.537 |    3.808 | 
     | 34                                                 |              |         |       |         |          | 
     | picorv32_core_genblk1.pcpi_mul_mul_2371_47_cdnfadd | CI v -> CO v | ADDFX1  | 0.034 |   1.570 |    3.842 | 
     | 35                                                 |              |         |       |         |          | 
     | picorv32_core_genblk1.pcpi_mul_mul_2371_47_cdnfadd | CI v -> CO v | ADDFX1  | 0.034 |   1.604 |    3.876 | 
     | 36                                                 |              |         |       |         |          | 
     | picorv32_core_genblk1.pcpi_mul_mul_2371_47_cdnfadd | CI v -> CO v | ADDFX1  | 0.033 |   1.638 |    3.909 | 
     | 37                                                 |              |         |       |         |          | 
     | picorv32_core_genblk1.pcpi_mul_mul_2371_47_cdnfadd | CI v -> S ^  | ADDFX1  | 0.049 |   1.687 |    3.959 | 
     | 38                                                 |              |         |       |         |          | 
     | picorv32_core_genblk1.pcpi_mul_rd_reg[38]          | D ^          | SDFFQX1 | 0.000 |   1.687 |    3.959 | 
     +----------------------------------------------------------------------------------------------------------+ 
Path 34: MET Setup Check with Pin picorv32_core_reg_next_pc_reg[24]/CK 
Endpoint:   picorv32_core_reg_next_pc_reg[24]/D (v) checked with  leading edge 
of 'clk'
Beginpoint: picorv32_core_irq_pending_reg[12]/Q (v) triggered by  leading edge 
of 'clk'
Path Groups: {reg2reg}
Analysis View: analysis1
Other End Arrival Time          0.000
- Setup                         0.022
+ Phase Shift                   4.000
- Uncertainty                   0.020
= Required Time                 3.958
- Arrival Time                  1.667
= Slack Time                    2.291
     Clock Rise Edge                 0.000
     + Clock Network Latency (Prop)  0.006
     = Beginpoint Arrival Time       0.006
     +------------------------------------------------------------------------------------------------------+ 
     |                   Instance                   |     Arc      |   Cell    | Delay | Arrival | Required | 
     |                                              |              |           |       |  Time   |   Time   | 
     |----------------------------------------------+--------------+-----------+-------+---------+----------| 
     | picorv32_core_irq_pending_reg[12]            | CK ^         |           |       |   0.006 |    2.297 | 
     | picorv32_core_irq_pending_reg[12]            | CK ^ -> Q v  | SDFFQX1   | 0.051 |   0.056 |    2.347 | 
     | picorv32_core_g89487__7482                   | B v -> Y ^   | NAND2BX1  | 0.041 |   0.097 |    2.388 | 
     | picorv32_core_g89196__3680                   | B ^ -> Y ^   | AND4XL    | 0.061 |   0.158 |    2.449 | 
     | picorv32_core_g89178__6161                   | D ^ -> Y ^   | AND4XL    | 0.036 |   0.194 |    2.485 | 
     | picorv32_core_g89166__2802                   | D ^ -> Y ^   | AND4XL    | 0.042 |   0.236 |    2.527 | 
     | picorv32_core_g89157__4319                   | D ^ -> Y ^   | AND4XL    | 0.034 |   0.269 |    2.560 | 
     | picorv32_core_g89147__2883                   | D ^ -> Y ^   | AND4XL    | 0.045 |   0.314 |    2.605 | 
     | picorv32_core_g89139__5115                   | D ^ -> Y ^   | AND4XL    | 0.073 |   0.387 |    2.678 | 
     | picorv32_core_g89133__1705                   | D ^ -> Y ^   | AND4XL    | 0.043 |   0.430 |    2.721 | 
     | picorv32_core_g89128__5526                   | D ^ -> Y ^   | AND4XL    | 0.040 |   0.470 |    2.762 | 
     | picorv32_core_g89124__6260                   | D ^ -> Y ^   | AND4X1    | 0.045 |   0.515 |    2.806 | 
     | picorv32_core_g89122__2398                   | D ^ -> Y v   | NAND4XL   | 0.079 |   0.594 |    2.885 | 
     | picorv32_core_g89120__6417                   | B v -> Y ^   | NOR2BX1   | 0.057 |   0.652 |    2.943 | 
     | picorv32_core_g89119__7410                   | D ^ -> Y ^   | OR4X1     | 0.023 |   0.675 |    2.966 | 
     | picorv32_core_g89117__2346                   | B ^ -> Y v   | NAND2BX1  | 0.031 |   0.707 |    2.998 | 
     | picorv32_core_g89115__2883                   | AN v -> Y v  | NAND2BX1  | 0.025 |   0.731 |    3.022 | 
     | picorv32_core_g89112__6161                   | AN v -> Y v  | NAND2BX1  | 0.018 |   0.749 |    3.041 | 
     | picorv32_core_g89111__4733                   | B v -> Y v   | OR2X1     | 0.078 |   0.827 |    3.118 | 
     | picorv32_core_g89108__1881                   | B v -> Y ^   | NOR2BX1   | 0.039 |   0.866 |    3.157 | 
     | picorv32_core_add_1569_33_Y_add_1552_33_g763 | B ^ -> CO ^  | ADDHX1    | 0.025 |   0.892 |    3.183 | 
     | picorv32_core_add_1569_33_Y_add_1552_33_g762 | CI ^ -> CO ^ | ADDFX1    | 0.031 |   0.923 |    3.214 | 
     | picorv32_core_add_1569_33_Y_add_1552_33_g761 | CI ^ -> CO ^ | ADDFX1    | 0.031 |   0.954 |    3.245 | 
     | picorv32_core_add_1569_33_Y_add_1552_33_g760 | CI ^ -> CO ^ | ADDFX1    | 0.032 |   0.985 |    3.277 | 
     | picorv32_core_add_1569_33_Y_add_1552_33_g759 | CI ^ -> CO ^ | ADDFX1    | 0.032 |   1.017 |    3.308 | 
     | picorv32_core_add_1569_33_Y_add_1552_33_g758 | CI ^ -> CO ^ | ADDFX1    | 0.031 |   1.048 |    3.340 | 
     | picorv32_core_add_1569_33_Y_add_1552_33_g757 | CI ^ -> CO ^ | ADDFX1    | 0.031 |   1.080 |    3.371 | 
     | picorv32_core_add_1569_33_Y_add_1552_33_g756 | CI ^ -> CO ^ | ADDFX1    | 0.032 |   1.112 |    3.403 | 
     | picorv32_core_add_1569_33_Y_add_1552_33_g755 | CI ^ -> CO ^ | ADDFX1    | 0.033 |   1.145 |    3.436 | 
     | picorv32_core_add_1569_33_Y_add_1552_33_g754 | CI ^ -> CO ^ | ADDFX1    | 0.032 |   1.177 |    3.468 | 
     | picorv32_core_add_1569_33_Y_add_1552_33_g753 | CI ^ -> CO ^ | ADDFX1    | 0.032 |   1.209 |    3.501 | 
     | picorv32_core_add_1569_33_Y_add_1552_33_g752 | CI ^ -> CO ^ | ADDFX1    | 0.032 |   1.242 |    3.533 | 
     | picorv32_core_add_1569_33_Y_add_1552_33_g751 | CI ^ -> CO ^ | ADDFX1    | 0.034 |   1.275 |    3.566 | 
     | picorv32_core_add_1569_33_Y_add_1552_33_g750 | CI ^ -> CO ^ | ADDFX1    | 0.032 |   1.307 |    3.599 | 
     | picorv32_core_add_1569_33_Y_add_1552_33_g749 | CI ^ -> CO ^ | ADDFX1    | 0.033 |   1.341 |    3.632 | 
     | picorv32_core_add_1569_33_Y_add_1552_33_g748 | CI ^ -> CO ^ | ADDFX1    | 0.034 |   1.375 |    3.666 | 
     | picorv32_core_add_1569_33_Y_add_1552_33_g747 | CI ^ -> CO ^ | ADDFX1    | 0.031 |   1.405 |    3.696 | 
     | picorv32_core_add_1569_33_Y_add_1552_33_g746 | CI ^ -> CO ^ | ADDFX1    | 0.030 |   1.435 |    3.727 | 
     | picorv32_core_add_1569_33_Y_add_1552_33_g745 | CI ^ -> CO ^ | ADDFX1    | 0.030 |   1.466 |    3.757 | 
     | picorv32_core_add_1569_33_Y_add_1552_33_g744 | CI ^ -> CO ^ | ADDFX1    | 0.030 |   1.496 |    3.787 | 
     | picorv32_core_add_1569_33_Y_add_1552_33_g743 | CI ^ -> CO ^ | ADDFX1    | 0.030 |   1.526 |    3.817 | 
     | picorv32_core_add_1569_33_Y_add_1552_33_g742 | CI ^ -> CO ^ | ADDFX1    | 0.031 |   1.557 |    3.848 | 
     | picorv32_core_add_1569_33_Y_add_1552_33_g741 | CI ^ -> CO ^ | ADDFX1    | 0.030 |   1.587 |    3.878 | 
     | picorv32_core_add_1569_33_Y_add_1552_33_g740 | CI ^ -> S v  | ADDFX1    | 0.046 |   1.633 |    3.924 | 
     | picorv32_core_g190440__1705                  | B1 v -> Y ^  | AOI22X1   | 0.014 |   1.648 |    3.939 | 
     | picorv32_core_g190408__6783                  | B0 ^ -> Y v  | OAI2BB1X1 | 0.019 |   1.667 |    3.958 | 
     | picorv32_core_reg_next_pc_reg[24]            | D v          | SDFFQX1   | 0.000 |   1.667 |    3.958 | 
     +------------------------------------------------------------------------------------------------------+ 
Path 35: MET Setup Check with Pin picorv32_core_genblk1.pcpi_mul_rd_reg[37]/CK 
Endpoint:   picorv32_core_genblk1.pcpi_mul_rd_reg[37]/D (^) checked with  
leading edge of 'clk'
Beginpoint: picorv32_core_genblk1.pcpi_mul_rs2_reg[5]/Q (^) triggered by  
leading edge of 'clk'
Path Groups: {reg2reg}
Analysis View: analysis1
Other End Arrival Time          0.004
- Setup                         0.026
+ Phase Shift                   4.000
- Uncertainty                   0.020
= Required Time                 3.958
- Arrival Time                  1.657
= Slack Time                    2.300
     Clock Rise Edge                 0.000
     + Clock Network Latency (Prop)  0.004
     = Beginpoint Arrival Time       0.004
     +----------------------------------------------------------------------------------------------------------+ 
     |                      Instance                      |     Arc      |  Cell   | Delay | Arrival | Required | 
     |                                                    |              |         |       |  Time   |   Time   | 
     |----------------------------------------------------+--------------+---------+-------+---------+----------| 
     | picorv32_core_genblk1.pcpi_mul_rs2_reg[5]          | CK ^         |         |       |   0.004 |    2.304 | 
     | picorv32_core_genblk1.pcpi_mul_rs2_reg[5]          | CK ^ -> Q ^  | SDFFQX1 | 0.126 |   0.131 |    2.431 | 
     | picorv32_core_genblk1.pcpi_mul_mul_2371_47_g14113  | A ^ -> Y v   | INVX1   | 0.049 |   0.179 |    2.480 | 
     | picorv32_core_genblk1.pcpi_mul_mul_2371_47_g13989  | B v -> Y ^   | XNOR2X1 | 0.031 |   0.210 |    2.510 | 
     | picorv32_core_genblk1.pcpi_mul_mul_2371_47_g13897  | A ^ -> Y ^   | OR2X1   | 0.091 |   0.301 |    2.601 | 
     | picorv32_core_genblk1.pcpi_mul_mul_2371_47_g13890  | A ^ -> Y v   | INVX1   | 0.056 |   0.356 |    2.657 | 
     | picorv32_core_genblk1.pcpi_mul_mul_2371_47_g13740  | A1 v -> Y ^  | OAI21X1 | 0.029 |   0.386 |    2.686 | 
     | picorv32_core_genblk1.pcpi_mul_mul_2371_47_g13495  | B ^ -> Y ^   | XNOR2X1 | 0.025 |   0.410 |    2.710 | 
     | picorv32_core_genblk1.pcpi_mul_mul_2371_47_g13440  | B ^ -> S v   | ADDHX1  | 0.031 |   0.441 |    2.741 | 
     | picorv32_core_genblk1.pcpi_mul_mul_2371_47_cdnfadd | A v -> CO v  | ADDFX1  | 0.035 |   0.476 |    2.777 | 
     | 3                                                  |              |         |       |         |          | 
     | picorv32_core_genblk1.pcpi_mul_mul_2371_47_cdnfadd | CI v -> CO v | ADDFX1  | 0.033 |   0.510 |    2.810 | 
     | 4                                                  |              |         |       |         |          | 
     | picorv32_core_genblk1.pcpi_mul_mul_2371_47_cdnfadd | CI v -> CO v | ADDFX1  | 0.034 |   0.543 |    2.844 | 
     | 5                                                  |              |         |       |         |          | 
     | picorv32_core_genblk1.pcpi_mul_mul_2371_47_cdnfadd | CI v -> CO v | ADDFX1  | 0.034 |   0.578 |    2.878 | 
     | 6                                                  |              |         |       |         |          | 
     | picorv32_core_genblk1.pcpi_mul_mul_2371_47_cdnfadd | CI v -> CO v | ADDFX1  | 0.034 |   0.612 |    2.912 | 
     | 7                                                  |              |         |       |         |          | 
     | picorv32_core_genblk1.pcpi_mul_mul_2371_47_cdnfadd | CI v -> CO v | ADDFX1  | 0.034 |   0.645 |    2.945 | 
     | 8                                                  |              |         |       |         |          | 
     | picorv32_core_genblk1.pcpi_mul_mul_2371_47_cdnfadd | CI v -> CO v | ADDFX1  | 0.034 |   0.680 |    2.980 | 
     | 9                                                  |              |         |       |         |          | 
     | picorv32_core_genblk1.pcpi_mul_mul_2371_47_cdnfadd | CI v -> CO v | ADDFX1  | 0.035 |   0.715 |    3.015 | 
     | 10                                                 |              |         |       |         |          | 
     | picorv32_core_genblk1.pcpi_mul_mul_2371_47_cdnfadd | CI v -> CO v | ADDFX1  | 0.034 |   0.749 |    3.049 | 
     | 11                                                 |              |         |       |         |          | 
     | picorv32_core_genblk1.pcpi_mul_mul_2371_47_cdnfadd | CI v -> CO v | ADDFX1  | 0.035 |   0.784 |    3.084 | 
     | 12                                                 |              |         |       |         |          | 
     | picorv32_core_genblk1.pcpi_mul_mul_2371_47_cdnfadd | CI v -> CO v | ADDFX1  | 0.035 |   0.819 |    3.119 | 
     | 13                                                 |              |         |       |         |          | 
     | picorv32_core_genblk1.pcpi_mul_mul_2371_47_cdnfadd | CI v -> CO v | ADDFX1  | 0.033 |   0.852 |    3.152 | 
     | 14                                                 |              |         |       |         |          | 
     | picorv32_core_genblk1.pcpi_mul_mul_2371_47_cdnfadd | CI v -> CO v | ADDFX1  | 0.034 |   0.886 |    3.186 | 
     | 15                                                 |              |         |       |         |          | 
     | picorv32_core_genblk1.pcpi_mul_mul_2371_47_cdnfadd | CI v -> CO v | ADDFX1  | 0.034 |   0.920 |    3.220 | 
     | 16                                                 |              |         |       |         |          | 
     | picorv32_core_genblk1.pcpi_mul_mul_2371_47_cdnfadd | CI v -> CO v | ADDFX1  | 0.034 |   0.954 |    3.254 | 
     | 17                                                 |              |         |       |         |          | 
     | picorv32_core_genblk1.pcpi_mul_mul_2371_47_cdnfadd | CI v -> CO v | ADDFX1  | 0.034 |   0.988 |    3.288 | 
     | 18                                                 |              |         |       |         |          | 
     | picorv32_core_genblk1.pcpi_mul_mul_2371_47_cdnfadd | CI v -> CO v | ADDFX1  | 0.034 |   1.022 |    3.322 | 
     | 19                                                 |              |         |       |         |          | 
     | picorv32_core_genblk1.pcpi_mul_mul_2371_47_cdnfadd | CI v -> CO v | ADDFX1  | 0.034 |   1.056 |    3.356 | 
     | 20                                                 |              |         |       |         |          | 
     | picorv32_core_genblk1.pcpi_mul_mul_2371_47_cdnfadd | CI v -> CO v | ADDFX1  | 0.034 |   1.090 |    3.390 | 
     | 21                                                 |              |         |       |         |          | 
     | picorv32_core_genblk1.pcpi_mul_mul_2371_47_cdnfadd | CI v -> CO v | ADDFX1  | 0.035 |   1.125 |    3.425 | 
     | 22                                                 |              |         |       |         |          | 
     | picorv32_core_genblk1.pcpi_mul_mul_2371_47_cdnfadd | CI v -> CO v | ADDFX1  | 0.039 |   1.163 |    3.464 | 
     | 23                                                 |              |         |       |         |          | 
     | picorv32_core_genblk1.pcpi_mul_mul_2371_47_cdnfadd | CI v -> CO v | ADDFX1  | 0.035 |   1.199 |    3.499 | 
     | 24                                                 |              |         |       |         |          | 
     | picorv32_core_genblk1.pcpi_mul_mul_2371_47_cdnfadd | CI v -> CO v | ADDFX1  | 0.033 |   1.232 |    3.532 | 
     | 25                                                 |              |         |       |         |          | 
     | picorv32_core_genblk1.pcpi_mul_mul_2371_47_cdnfadd | CI v -> CO v | ADDFX1  | 0.033 |   1.265 |    3.565 | 
     | 26                                                 |              |         |       |         |          | 
     | picorv32_core_genblk1.pcpi_mul_mul_2371_47_cdnfadd | CI v -> CO v | ADDFX1  | 0.033 |   1.299 |    3.599 | 
     | 27                                                 |              |         |       |         |          | 
     | picorv32_core_genblk1.pcpi_mul_mul_2371_47_cdnfadd | CI v -> CO v | ADDFX1  | 0.033 |   1.332 |    3.632 | 
     | 28                                                 |              |         |       |         |          | 
     | picorv32_core_genblk1.pcpi_mul_mul_2371_47_cdnfadd | CI v -> CO v | ADDFX1  | 0.033 |   1.365 |    3.665 | 
     | 29                                                 |              |         |       |         |          | 
     | picorv32_core_genblk1.pcpi_mul_mul_2371_47_cdnfadd | CI v -> CO v | ADDFX1  | 0.033 |   1.398 |    3.698 | 
     | 30                                                 |              |         |       |         |          | 
     | picorv32_core_genblk1.pcpi_mul_mul_2371_47_cdnfadd | CI v -> CO v | ADDFX1  | 0.036 |   1.434 |    3.734 | 
     | 31                                                 |              |         |       |         |          | 
     | picorv32_core_genblk1.pcpi_mul_mul_2371_47_cdnfadd | CI v -> CO v | ADDFX1  | 0.036 |   1.470 |    3.770 | 
     | 32                                                 |              |         |       |         |          | 
     | picorv32_core_genblk1.pcpi_mul_mul_2371_47_cdnfadd | CI v -> CO v | ADDFX1  | 0.034 |   1.504 |    3.804 | 
     | 33                                                 |              |         |       |         |          | 
     | picorv32_core_genblk1.pcpi_mul_mul_2371_47_cdnfadd | CI v -> CO v | ADDFX1  | 0.033 |   1.537 |    3.837 | 
     | 34                                                 |              |         |       |         |          | 
     | picorv32_core_genblk1.pcpi_mul_mul_2371_47_cdnfadd | CI v -> CO v | ADDFX1  | 0.034 |   1.570 |    3.871 | 
     | 35                                                 |              |         |       |         |          | 
     | picorv32_core_genblk1.pcpi_mul_mul_2371_47_cdnfadd | CI v -> CO v | ADDFX1  | 0.034 |   1.604 |    3.904 | 
     | 36                                                 |              |         |       |         |          | 
     | picorv32_core_genblk1.pcpi_mul_mul_2371_47_cdnfadd | CI v -> S ^  | ADDFX1  | 0.053 |   1.657 |    3.957 | 
     | 37                                                 |              |         |       |         |          | 
     | picorv32_core_genblk1.pcpi_mul_rd_reg[37]          | D ^          | SDFFQX1 | 0.000 |   1.657 |    3.958 | 
     +----------------------------------------------------------------------------------------------------------+ 
Path 36: MET Setup Check with Pin picorv32_core_reg_next_pc_reg[23]/CK 
Endpoint:   picorv32_core_reg_next_pc_reg[23]/D (v) checked with  leading edge 
of 'clk'
Beginpoint: picorv32_core_irq_pending_reg[12]/Q (v) triggered by  leading edge 
of 'clk'
Path Groups: {reg2reg}
Analysis View: analysis1
Other End Arrival Time          0.000
- Setup                         0.022
+ Phase Shift                   4.000
- Uncertainty                   0.020
= Required Time                 3.958
- Arrival Time                  1.637
= Slack Time                    2.321
     Clock Rise Edge                 0.000
     + Clock Network Latency (Prop)  0.006
     = Beginpoint Arrival Time       0.006
     +------------------------------------------------------------------------------------------------------+ 
     |                   Instance                   |     Arc      |   Cell    | Delay | Arrival | Required | 
     |                                              |              |           |       |  Time   |   Time   | 
     |----------------------------------------------+--------------+-----------+-------+---------+----------| 
     | picorv32_core_irq_pending_reg[12]            | CK ^         |           |       |   0.006 |    2.327 | 
     | picorv32_core_irq_pending_reg[12]            | CK ^ -> Q v  | SDFFQX1   | 0.051 |   0.056 |    2.377 | 
     | picorv32_core_g89487__7482                   | B v -> Y ^   | NAND2BX1  | 0.041 |   0.097 |    2.418 | 
     | picorv32_core_g89196__3680                   | B ^ -> Y ^   | AND4XL    | 0.061 |   0.158 |    2.479 | 
     | picorv32_core_g89178__6161                   | D ^ -> Y ^   | AND4XL    | 0.036 |   0.194 |    2.515 | 
     | picorv32_core_g89166__2802                   | D ^ -> Y ^   | AND4XL    | 0.042 |   0.236 |    2.557 | 
     | picorv32_core_g89157__4319                   | D ^ -> Y ^   | AND4XL    | 0.034 |   0.269 |    2.590 | 
     | picorv32_core_g89147__2883                   | D ^ -> Y ^   | AND4XL    | 0.045 |   0.314 |    2.635 | 
     | picorv32_core_g89139__5115                   | D ^ -> Y ^   | AND4XL    | 0.073 |   0.387 |    2.708 | 
     | picorv32_core_g89133__1705                   | D ^ -> Y ^   | AND4XL    | 0.043 |   0.430 |    2.751 | 
     | picorv32_core_g89128__5526                   | D ^ -> Y ^   | AND4XL    | 0.040 |   0.470 |    2.792 | 
     | picorv32_core_g89124__6260                   | D ^ -> Y ^   | AND4X1    | 0.045 |   0.515 |    2.836 | 
     | picorv32_core_g89122__2398                   | D ^ -> Y v   | NAND4XL   | 0.079 |   0.594 |    2.915 | 
     | picorv32_core_g89120__6417                   | B v -> Y ^   | NOR2BX1   | 0.057 |   0.652 |    2.973 | 
     | picorv32_core_g89119__7410                   | D ^ -> Y ^   | OR4X1     | 0.023 |   0.675 |    2.996 | 
     | picorv32_core_g89117__2346                   | B ^ -> Y v   | NAND2BX1  | 0.031 |   0.707 |    3.028 | 
     | picorv32_core_g89115__2883                   | AN v -> Y v  | NAND2BX1  | 0.025 |   0.731 |    3.052 | 
     | picorv32_core_g89112__6161                   | AN v -> Y v  | NAND2BX1  | 0.018 |   0.749 |    3.071 | 
     | picorv32_core_g89111__4733                   | B v -> Y v   | OR2X1     | 0.078 |   0.827 |    3.148 | 
     | picorv32_core_g89108__1881                   | B v -> Y ^   | NOR2BX1   | 0.039 |   0.866 |    3.187 | 
     | picorv32_core_add_1569_33_Y_add_1552_33_g763 | B ^ -> CO ^  | ADDHX1    | 0.025 |   0.892 |    3.213 | 
     | picorv32_core_add_1569_33_Y_add_1552_33_g762 | CI ^ -> CO ^ | ADDFX1    | 0.031 |   0.923 |    3.244 | 
     | picorv32_core_add_1569_33_Y_add_1552_33_g761 | CI ^ -> CO ^ | ADDFX1    | 0.031 |   0.954 |    3.275 | 
     | picorv32_core_add_1569_33_Y_add_1552_33_g760 | CI ^ -> CO ^ | ADDFX1    | 0.032 |   0.985 |    3.307 | 
     | picorv32_core_add_1569_33_Y_add_1552_33_g759 | CI ^ -> CO ^ | ADDFX1    | 0.032 |   1.017 |    3.338 | 
     | picorv32_core_add_1569_33_Y_add_1552_33_g758 | CI ^ -> CO ^ | ADDFX1    | 0.031 |   1.048 |    3.370 | 
     | picorv32_core_add_1569_33_Y_add_1552_33_g757 | CI ^ -> CO ^ | ADDFX1    | 0.031 |   1.080 |    3.401 | 
     | picorv32_core_add_1569_33_Y_add_1552_33_g756 | CI ^ -> CO ^ | ADDFX1    | 0.032 |   1.112 |    3.433 | 
     | picorv32_core_add_1569_33_Y_add_1552_33_g755 | CI ^ -> CO ^ | ADDFX1    | 0.033 |   1.145 |    3.466 | 
     | picorv32_core_add_1569_33_Y_add_1552_33_g754 | CI ^ -> CO ^ | ADDFX1    | 0.032 |   1.177 |    3.498 | 
     | picorv32_core_add_1569_33_Y_add_1552_33_g753 | CI ^ -> CO ^ | ADDFX1    | 0.032 |   1.209 |    3.531 | 
     | picorv32_core_add_1569_33_Y_add_1552_33_g752 | CI ^ -> CO ^ | ADDFX1    | 0.032 |   1.242 |    3.563 | 
     | picorv32_core_add_1569_33_Y_add_1552_33_g751 | CI ^ -> CO ^ | ADDFX1    | 0.034 |   1.275 |    3.596 | 
     | picorv32_core_add_1569_33_Y_add_1552_33_g750 | CI ^ -> CO ^ | ADDFX1    | 0.032 |   1.307 |    3.629 | 
     | picorv32_core_add_1569_33_Y_add_1552_33_g749 | CI ^ -> CO ^ | ADDFX1    | 0.033 |   1.341 |    3.662 | 
     | picorv32_core_add_1569_33_Y_add_1552_33_g748 | CI ^ -> CO ^ | ADDFX1    | 0.034 |   1.375 |    3.696 | 
     | picorv32_core_add_1569_33_Y_add_1552_33_g747 | CI ^ -> CO ^ | ADDFX1    | 0.031 |   1.405 |    3.726 | 
     | picorv32_core_add_1569_33_Y_add_1552_33_g746 | CI ^ -> CO ^ | ADDFX1    | 0.030 |   1.435 |    3.757 | 
     | picorv32_core_add_1569_33_Y_add_1552_33_g745 | CI ^ -> CO ^ | ADDFX1    | 0.030 |   1.466 |    3.787 | 
     | picorv32_core_add_1569_33_Y_add_1552_33_g744 | CI ^ -> CO ^ | ADDFX1    | 0.030 |   1.496 |    3.817 | 
     | picorv32_core_add_1569_33_Y_add_1552_33_g743 | CI ^ -> CO ^ | ADDFX1    | 0.030 |   1.526 |    3.847 | 
     | picorv32_core_add_1569_33_Y_add_1552_33_g742 | CI ^ -> CO ^ | ADDFX1    | 0.031 |   1.557 |    3.878 | 
     | picorv32_core_add_1569_33_Y_add_1552_33_g741 | CI ^ -> S v  | ADDFX1    | 0.047 |   1.604 |    3.925 | 
     | picorv32_core_g190439__2802                  | B1 v -> Y ^  | AOI22X1   | 0.014 |   1.618 |    3.939 | 
     | picorv32_core_g190409__3680                  | B0 ^ -> Y v  | OAI2BB1X1 | 0.019 |   1.637 |    3.958 | 
     | picorv32_core_reg_next_pc_reg[23]            | D v          | SDFFQX1   | 0.000 |   1.637 |    3.958 | 
     +------------------------------------------------------------------------------------------------------+ 
Path 37: MET Setup Check with Pin picorv32_core_genblk1.pcpi_mul_rd_reg[36]/CK 
Endpoint:   picorv32_core_genblk1.pcpi_mul_rd_reg[36]/D (^) checked with  
leading edge of 'clk'
Beginpoint: picorv32_core_genblk1.pcpi_mul_rs2_reg[5]/Q (^) triggered by  
leading edge of 'clk'
Path Groups: {reg2reg}
Analysis View: analysis1
Other End Arrival Time          0.005
- Setup                         0.026
+ Phase Shift                   4.000
- Uncertainty                   0.020
= Required Time                 3.959
- Arrival Time                  1.623
= Slack Time                    2.336
     Clock Rise Edge                 0.000
     + Clock Network Latency (Prop)  0.004
     = Beginpoint Arrival Time       0.004
     +----------------------------------------------------------------------------------------------------------+ 
     |                      Instance                      |     Arc      |  Cell   | Delay | Arrival | Required | 
     |                                                    |              |         |       |  Time   |   Time   | 
     |----------------------------------------------------+--------------+---------+-------+---------+----------| 
     | picorv32_core_genblk1.pcpi_mul_rs2_reg[5]          | CK ^         |         |       |   0.004 |    2.340 | 
     | picorv32_core_genblk1.pcpi_mul_rs2_reg[5]          | CK ^ -> Q ^  | SDFFQX1 | 0.126 |   0.131 |    2.467 | 
     | picorv32_core_genblk1.pcpi_mul_mul_2371_47_g14113  | A ^ -> Y v   | INVX1   | 0.049 |   0.179 |    2.516 | 
     | picorv32_core_genblk1.pcpi_mul_mul_2371_47_g13989  | B v -> Y ^   | XNOR2X1 | 0.031 |   0.210 |    2.546 | 
     | picorv32_core_genblk1.pcpi_mul_mul_2371_47_g13897  | A ^ -> Y ^   | OR2X1   | 0.091 |   0.301 |    2.637 | 
     | picorv32_core_genblk1.pcpi_mul_mul_2371_47_g13890  | A ^ -> Y v   | INVX1   | 0.056 |   0.356 |    2.693 | 
     | picorv32_core_genblk1.pcpi_mul_mul_2371_47_g13740  | A1 v -> Y ^  | OAI21X1 | 0.029 |   0.386 |    2.722 | 
     | picorv32_core_genblk1.pcpi_mul_mul_2371_47_g13495  | B ^ -> Y ^   | XNOR2X1 | 0.025 |   0.410 |    2.746 | 
     | picorv32_core_genblk1.pcpi_mul_mul_2371_47_g13440  | B ^ -> S v   | ADDHX1  | 0.031 |   0.441 |    2.777 | 
     | picorv32_core_genblk1.pcpi_mul_mul_2371_47_cdnfadd | A v -> CO v  | ADDFX1  | 0.035 |   0.476 |    2.813 | 
     | 3                                                  |              |         |       |         |          | 
     | picorv32_core_genblk1.pcpi_mul_mul_2371_47_cdnfadd | CI v -> CO v | ADDFX1  | 0.033 |   0.510 |    2.846 | 
     | 4                                                  |              |         |       |         |          | 
     | picorv32_core_genblk1.pcpi_mul_mul_2371_47_cdnfadd | CI v -> CO v | ADDFX1  | 0.034 |   0.543 |    2.880 | 
     | 5                                                  |              |         |       |         |          | 
     | picorv32_core_genblk1.pcpi_mul_mul_2371_47_cdnfadd | CI v -> CO v | ADDFX1  | 0.034 |   0.578 |    2.914 | 
     | 6                                                  |              |         |       |         |          | 
     | picorv32_core_genblk1.pcpi_mul_mul_2371_47_cdnfadd | CI v -> CO v | ADDFX1  | 0.034 |   0.612 |    2.948 | 
     | 7                                                  |              |         |       |         |          | 
     | picorv32_core_genblk1.pcpi_mul_mul_2371_47_cdnfadd | CI v -> CO v | ADDFX1  | 0.034 |   0.645 |    2.981 | 
     | 8                                                  |              |         |       |         |          | 
     | picorv32_core_genblk1.pcpi_mul_mul_2371_47_cdnfadd | CI v -> CO v | ADDFX1  | 0.034 |   0.680 |    3.016 | 
     | 9                                                  |              |         |       |         |          | 
     | picorv32_core_genblk1.pcpi_mul_mul_2371_47_cdnfadd | CI v -> CO v | ADDFX1  | 0.035 |   0.715 |    3.051 | 
     | 10                                                 |              |         |       |         |          | 
     | picorv32_core_genblk1.pcpi_mul_mul_2371_47_cdnfadd | CI v -> CO v | ADDFX1  | 0.034 |   0.749 |    3.085 | 
     | 11                                                 |              |         |       |         |          | 
     | picorv32_core_genblk1.pcpi_mul_mul_2371_47_cdnfadd | CI v -> CO v | ADDFX1  | 0.035 |   0.784 |    3.120 | 
     | 12                                                 |              |         |       |         |          | 
     | picorv32_core_genblk1.pcpi_mul_mul_2371_47_cdnfadd | CI v -> CO v | ADDFX1  | 0.035 |   0.819 |    3.155 | 
     | 13                                                 |              |         |       |         |          | 
     | picorv32_core_genblk1.pcpi_mul_mul_2371_47_cdnfadd | CI v -> CO v | ADDFX1  | 0.033 |   0.852 |    3.188 | 
     | 14                                                 |              |         |       |         |          | 
     | picorv32_core_genblk1.pcpi_mul_mul_2371_47_cdnfadd | CI v -> CO v | ADDFX1  | 0.034 |   0.886 |    3.222 | 
     | 15                                                 |              |         |       |         |          | 
     | picorv32_core_genblk1.pcpi_mul_mul_2371_47_cdnfadd | CI v -> CO v | ADDFX1  | 0.034 |   0.920 |    3.256 | 
     | 16                                                 |              |         |       |         |          | 
     | picorv32_core_genblk1.pcpi_mul_mul_2371_47_cdnfadd | CI v -> CO v | ADDFX1  | 0.034 |   0.954 |    3.290 | 
     | 17                                                 |              |         |       |         |          | 
     | picorv32_core_genblk1.pcpi_mul_mul_2371_47_cdnfadd | CI v -> CO v | ADDFX1  | 0.034 |   0.988 |    3.324 | 
     | 18                                                 |              |         |       |         |          | 
     | picorv32_core_genblk1.pcpi_mul_mul_2371_47_cdnfadd | CI v -> CO v | ADDFX1  | 0.034 |   1.022 |    3.358 | 
     | 19                                                 |              |         |       |         |          | 
     | picorv32_core_genblk1.pcpi_mul_mul_2371_47_cdnfadd | CI v -> CO v | ADDFX1  | 0.034 |   1.056 |    3.392 | 
     | 20                                                 |              |         |       |         |          | 
     | picorv32_core_genblk1.pcpi_mul_mul_2371_47_cdnfadd | CI v -> CO v | ADDFX1  | 0.034 |   1.090 |    3.426 | 
     | 21                                                 |              |         |       |         |          | 
     | picorv32_core_genblk1.pcpi_mul_mul_2371_47_cdnfadd | CI v -> CO v | ADDFX1  | 0.035 |   1.125 |    3.461 | 
     | 22                                                 |              |         |       |         |          | 
     | picorv32_core_genblk1.pcpi_mul_mul_2371_47_cdnfadd | CI v -> CO v | ADDFX1  | 0.039 |   1.163 |    3.500 | 
     | 23                                                 |              |         |       |         |          | 
     | picorv32_core_genblk1.pcpi_mul_mul_2371_47_cdnfadd | CI v -> CO v | ADDFX1  | 0.035 |   1.199 |    3.535 | 
     | 24                                                 |              |         |       |         |          | 
     | picorv32_core_genblk1.pcpi_mul_mul_2371_47_cdnfadd | CI v -> CO v | ADDFX1  | 0.033 |   1.232 |    3.568 | 
     | 25                                                 |              |         |       |         |          | 
     | picorv32_core_genblk1.pcpi_mul_mul_2371_47_cdnfadd | CI v -> CO v | ADDFX1  | 0.033 |   1.265 |    3.601 | 
     | 26                                                 |              |         |       |         |          | 
     | picorv32_core_genblk1.pcpi_mul_mul_2371_47_cdnfadd | CI v -> CO v | ADDFX1  | 0.033 |   1.299 |    3.635 | 
     | 27                                                 |              |         |       |         |          | 
     | picorv32_core_genblk1.pcpi_mul_mul_2371_47_cdnfadd | CI v -> CO v | ADDFX1  | 0.033 |   1.332 |    3.668 | 
     | 28                                                 |              |         |       |         |          | 
     | picorv32_core_genblk1.pcpi_mul_mul_2371_47_cdnfadd | CI v -> CO v | ADDFX1  | 0.033 |   1.365 |    3.701 | 
     | 29                                                 |              |         |       |         |          | 
     | picorv32_core_genblk1.pcpi_mul_mul_2371_47_cdnfadd | CI v -> CO v | ADDFX1  | 0.033 |   1.398 |    3.734 | 
     | 30                                                 |              |         |       |         |          | 
     | picorv32_core_genblk1.pcpi_mul_mul_2371_47_cdnfadd | CI v -> CO v | ADDFX1  | 0.036 |   1.434 |    3.770 | 
     | 31                                                 |              |         |       |         |          | 
     | picorv32_core_genblk1.pcpi_mul_mul_2371_47_cdnfadd | CI v -> CO v | ADDFX1  | 0.036 |   1.470 |    3.806 | 
     | 32                                                 |              |         |       |         |          | 
     | picorv32_core_genblk1.pcpi_mul_mul_2371_47_cdnfadd | CI v -> CO v | ADDFX1  | 0.034 |   1.504 |    3.840 | 
     | 33                                                 |              |         |       |         |          | 
     | picorv32_core_genblk1.pcpi_mul_mul_2371_47_cdnfadd | CI v -> CO v | ADDFX1  | 0.033 |   1.537 |    3.873 | 
     | 34                                                 |              |         |       |         |          | 
     | picorv32_core_genblk1.pcpi_mul_mul_2371_47_cdnfadd | CI v -> CO v | ADDFX1  | 0.034 |   1.570 |    3.907 | 
     | 35                                                 |              |         |       |         |          | 
     | picorv32_core_genblk1.pcpi_mul_mul_2371_47_cdnfadd | CI v -> S ^  | ADDFX1  | 0.052 |   1.622 |    3.959 | 
     | 36                                                 |              |         |       |         |          | 
     | picorv32_core_genblk1.pcpi_mul_rd_reg[36]          | D ^          | SDFFQX1 | 0.000 |   1.623 |    3.959 | 
     +----------------------------------------------------------------------------------------------------------+ 
Path 38: MET Setup Check with Pin picorv32_core_reg_next_pc_reg[22]/CK 
Endpoint:   picorv32_core_reg_next_pc_reg[22]/D (v) checked with  leading edge 
of 'clk'
Beginpoint: picorv32_core_irq_pending_reg[12]/Q (v) triggered by  leading edge 
of 'clk'
Path Groups: {reg2reg}
Analysis View: analysis1
Other End Arrival Time          0.002
- Setup                         0.022
+ Phase Shift                   4.000
- Uncertainty                   0.020
= Required Time                 3.961
- Arrival Time                  1.607
= Slack Time                    2.354
     Clock Rise Edge                 0.000
     + Clock Network Latency (Prop)  0.006
     = Beginpoint Arrival Time       0.006
     +------------------------------------------------------------------------------------------------------+ 
     |                   Instance                   |     Arc      |   Cell    | Delay | Arrival | Required | 
     |                                              |              |           |       |  Time   |   Time   | 
     |----------------------------------------------+--------------+-----------+-------+---------+----------| 
     | picorv32_core_irq_pending_reg[12]            | CK ^         |           |       |   0.006 |    2.359 | 
     | picorv32_core_irq_pending_reg[12]            | CK ^ -> Q v  | SDFFQX1   | 0.051 |   0.056 |    2.410 | 
     | picorv32_core_g89487__7482                   | B v -> Y ^   | NAND2BX1  | 0.041 |   0.097 |    2.451 | 
     | picorv32_core_g89196__3680                   | B ^ -> Y ^   | AND4XL    | 0.061 |   0.158 |    2.511 | 
     | picorv32_core_g89178__6161                   | D ^ -> Y ^   | AND4XL    | 0.036 |   0.194 |    2.548 | 
     | picorv32_core_g89166__2802                   | D ^ -> Y ^   | AND4XL    | 0.042 |   0.236 |    2.589 | 
     | picorv32_core_g89157__4319                   | D ^ -> Y ^   | AND4XL    | 0.034 |   0.269 |    2.623 | 
     | picorv32_core_g89147__2883                   | D ^ -> Y ^   | AND4XL    | 0.045 |   0.314 |    2.668 | 
     | picorv32_core_g89139__5115                   | D ^ -> Y ^   | AND4XL    | 0.073 |   0.387 |    2.741 | 
     | picorv32_core_g89133__1705                   | D ^ -> Y ^   | AND4XL    | 0.043 |   0.430 |    2.784 | 
     | picorv32_core_g89128__5526                   | D ^ -> Y ^   | AND4XL    | 0.040 |   0.470 |    2.824 | 
     | picorv32_core_g89124__6260                   | D ^ -> Y ^   | AND4X1    | 0.045 |   0.515 |    2.869 | 
     | picorv32_core_g89122__2398                   | D ^ -> Y v   | NAND4XL   | 0.079 |   0.594 |    2.948 | 
     | picorv32_core_g89120__6417                   | B v -> Y ^   | NOR2BX1   | 0.057 |   0.652 |    3.005 | 
     | picorv32_core_g89119__7410                   | D ^ -> Y ^   | OR4X1     | 0.023 |   0.675 |    3.029 | 
     | picorv32_core_g89117__2346                   | B ^ -> Y v   | NAND2BX1  | 0.031 |   0.707 |    3.060 | 
     | picorv32_core_g89115__2883                   | AN v -> Y v  | NAND2BX1  | 0.025 |   0.731 |    3.085 | 
     | picorv32_core_g89112__6161                   | AN v -> Y v  | NAND2BX1  | 0.018 |   0.749 |    3.103 | 
     | picorv32_core_g89111__4733                   | B v -> Y v   | OR2X1     | 0.078 |   0.827 |    3.181 | 
     | picorv32_core_g89108__1881                   | B v -> Y ^   | NOR2BX1   | 0.039 |   0.866 |    3.220 | 
     | picorv32_core_add_1569_33_Y_add_1552_33_g763 | B ^ -> CO ^  | ADDHX1    | 0.025 |   0.892 |    3.246 | 
     | picorv32_core_add_1569_33_Y_add_1552_33_g762 | CI ^ -> CO ^ | ADDFX1    | 0.031 |   0.923 |    3.277 | 
     | picorv32_core_add_1569_33_Y_add_1552_33_g761 | CI ^ -> CO ^ | ADDFX1    | 0.031 |   0.954 |    3.307 | 
     | picorv32_core_add_1569_33_Y_add_1552_33_g760 | CI ^ -> CO ^ | ADDFX1    | 0.032 |   0.985 |    3.339 | 
     | picorv32_core_add_1569_33_Y_add_1552_33_g759 | CI ^ -> CO ^ | ADDFX1    | 0.032 |   1.017 |    3.371 | 
     | picorv32_core_add_1569_33_Y_add_1552_33_g758 | CI ^ -> CO ^ | ADDFX1    | 0.031 |   1.048 |    3.402 | 
     | picorv32_core_add_1569_33_Y_add_1552_33_g757 | CI ^ -> CO ^ | ADDFX1    | 0.031 |   1.080 |    3.433 | 
     | picorv32_core_add_1569_33_Y_add_1552_33_g756 | CI ^ -> CO ^ | ADDFX1    | 0.032 |   1.112 |    3.466 | 
     | picorv32_core_add_1569_33_Y_add_1552_33_g755 | CI ^ -> CO ^ | ADDFX1    | 0.033 |   1.145 |    3.499 | 
     | picorv32_core_add_1569_33_Y_add_1552_33_g754 | CI ^ -> CO ^ | ADDFX1    | 0.032 |   1.177 |    3.531 | 
     | picorv32_core_add_1569_33_Y_add_1552_33_g753 | CI ^ -> CO ^ | ADDFX1    | 0.032 |   1.209 |    3.563 | 
     | picorv32_core_add_1569_33_Y_add_1552_33_g752 | CI ^ -> CO ^ | ADDFX1    | 0.032 |   1.242 |    3.595 | 
     | picorv32_core_add_1569_33_Y_add_1552_33_g751 | CI ^ -> CO ^ | ADDFX1    | 0.034 |   1.275 |    3.629 | 
     | picorv32_core_add_1569_33_Y_add_1552_33_g750 | CI ^ -> CO ^ | ADDFX1    | 0.032 |   1.307 |    3.661 | 
     | picorv32_core_add_1569_33_Y_add_1552_33_g749 | CI ^ -> CO ^ | ADDFX1    | 0.033 |   1.341 |    3.694 | 
     | picorv32_core_add_1569_33_Y_add_1552_33_g748 | CI ^ -> CO ^ | ADDFX1    | 0.034 |   1.375 |    3.728 | 
     | picorv32_core_add_1569_33_Y_add_1552_33_g747 | CI ^ -> CO ^ | ADDFX1    | 0.031 |   1.405 |    3.759 | 
     | picorv32_core_add_1569_33_Y_add_1552_33_g746 | CI ^ -> CO ^ | ADDFX1    | 0.030 |   1.435 |    3.789 | 
     | picorv32_core_add_1569_33_Y_add_1552_33_g745 | CI ^ -> CO ^ | ADDFX1    | 0.030 |   1.466 |    3.819 | 
     | picorv32_core_add_1569_33_Y_add_1552_33_g744 | CI ^ -> CO ^ | ADDFX1    | 0.030 |   1.496 |    3.850 | 
     | picorv32_core_add_1569_33_Y_add_1552_33_g743 | CI ^ -> CO ^ | ADDFX1    | 0.030 |   1.526 |    3.880 | 
     | picorv32_core_add_1569_33_Y_add_1552_33_g742 | CI ^ -> S v  | ADDFX1    | 0.046 |   1.572 |    3.926 | 
     | picorv32_core_g190438__1617                  | B1 v -> Y ^  | AOI22X1   | 0.016 |   1.588 |    3.942 | 
     | picorv32_core_g190407__5526                  | B0 ^ -> Y v  | OAI2BB1X1 | 0.019 |   1.607 |    3.961 | 
     | picorv32_core_reg_next_pc_reg[22]            | D v          | SDFFQX1   | 0.000 |   1.607 |    3.961 | 
     +------------------------------------------------------------------------------------------------------+ 
Path 39: MET Setup Check with Pin picorv32_core_genblk1.pcpi_mul_rd_reg[35]/CK 
Endpoint:   picorv32_core_genblk1.pcpi_mul_rd_reg[35]/D (^) checked with  
leading edge of 'clk'
Beginpoint: picorv32_core_genblk1.pcpi_mul_rs2_reg[5]/Q (^) triggered by  
leading edge of 'clk'
Path Groups: {reg2reg}
Analysis View: analysis1
Other End Arrival Time          0.004
- Setup                         0.026
+ Phase Shift                   4.000
- Uncertainty                   0.020
= Required Time                 3.959
- Arrival Time                  1.587
= Slack Time                    2.371
     Clock Rise Edge                 0.000
     + Clock Network Latency (Prop)  0.004
     = Beginpoint Arrival Time       0.004
     +----------------------------------------------------------------------------------------------------------+ 
     |                      Instance                      |     Arc      |  Cell   | Delay | Arrival | Required | 
     |                                                    |              |         |       |  Time   |   Time   | 
     |----------------------------------------------------+--------------+---------+-------+---------+----------| 
     | picorv32_core_genblk1.pcpi_mul_rs2_reg[5]          | CK ^         |         |       |   0.004 |    2.376 | 
     | picorv32_core_genblk1.pcpi_mul_rs2_reg[5]          | CK ^ -> Q ^  | SDFFQX1 | 0.126 |   0.131 |    2.502 | 
     | picorv32_core_genblk1.pcpi_mul_mul_2371_47_g14113  | A ^ -> Y v   | INVX1   | 0.049 |   0.179 |    2.551 | 
     | picorv32_core_genblk1.pcpi_mul_mul_2371_47_g13989  | B v -> Y ^   | XNOR2X1 | 0.031 |   0.210 |    2.581 | 
     | picorv32_core_genblk1.pcpi_mul_mul_2371_47_g13897  | A ^ -> Y ^   | OR2X1   | 0.091 |   0.301 |    2.672 | 
     | picorv32_core_genblk1.pcpi_mul_mul_2371_47_g13890  | A ^ -> Y v   | INVX1   | 0.056 |   0.356 |    2.728 | 
     | picorv32_core_genblk1.pcpi_mul_mul_2371_47_g13740  | A1 v -> Y ^  | OAI21X1 | 0.029 |   0.386 |    2.757 | 
     | picorv32_core_genblk1.pcpi_mul_mul_2371_47_g13495  | B ^ -> Y ^   | XNOR2X1 | 0.025 |   0.410 |    2.781 | 
     | picorv32_core_genblk1.pcpi_mul_mul_2371_47_g13440  | B ^ -> S v   | ADDHX1  | 0.031 |   0.441 |    2.812 | 
     | picorv32_core_genblk1.pcpi_mul_mul_2371_47_cdnfadd | A v -> CO v  | ADDFX1  | 0.035 |   0.476 |    2.848 | 
     | 3                                                  |              |         |       |         |          | 
     | picorv32_core_genblk1.pcpi_mul_mul_2371_47_cdnfadd | CI v -> CO v | ADDFX1  | 0.033 |   0.510 |    2.881 | 
     | 4                                                  |              |         |       |         |          | 
     | picorv32_core_genblk1.pcpi_mul_mul_2371_47_cdnfadd | CI v -> CO v | ADDFX1  | 0.034 |   0.543 |    2.915 | 
     | 5                                                  |              |         |       |         |          | 
     | picorv32_core_genblk1.pcpi_mul_mul_2371_47_cdnfadd | CI v -> CO v | ADDFX1  | 0.034 |   0.578 |    2.949 | 
     | 6                                                  |              |         |       |         |          | 
     | picorv32_core_genblk1.pcpi_mul_mul_2371_47_cdnfadd | CI v -> CO v | ADDFX1  | 0.034 |   0.612 |    2.983 | 
     | 7                                                  |              |         |       |         |          | 
     | picorv32_core_genblk1.pcpi_mul_mul_2371_47_cdnfadd | CI v -> CO v | ADDFX1  | 0.034 |   0.645 |    3.017 | 
     | 8                                                  |              |         |       |         |          | 
     | picorv32_core_genblk1.pcpi_mul_mul_2371_47_cdnfadd | CI v -> CO v | ADDFX1  | 0.034 |   0.680 |    3.051 | 
     | 9                                                  |              |         |       |         |          | 
     | picorv32_core_genblk1.pcpi_mul_mul_2371_47_cdnfadd | CI v -> CO v | ADDFX1  | 0.035 |   0.715 |    3.086 | 
     | 10                                                 |              |         |       |         |          | 
     | picorv32_core_genblk1.pcpi_mul_mul_2371_47_cdnfadd | CI v -> CO v | ADDFX1  | 0.034 |   0.749 |    3.120 | 
     | 11                                                 |              |         |       |         |          | 
     | picorv32_core_genblk1.pcpi_mul_mul_2371_47_cdnfadd | CI v -> CO v | ADDFX1  | 0.035 |   0.784 |    3.155 | 
     | 12                                                 |              |         |       |         |          | 
     | picorv32_core_genblk1.pcpi_mul_mul_2371_47_cdnfadd | CI v -> CO v | ADDFX1  | 0.035 |   0.819 |    3.190 | 
     | 13                                                 |              |         |       |         |          | 
     | picorv32_core_genblk1.pcpi_mul_mul_2371_47_cdnfadd | CI v -> CO v | ADDFX1  | 0.033 |   0.852 |    3.223 | 
     | 14                                                 |              |         |       |         |          | 
     | picorv32_core_genblk1.pcpi_mul_mul_2371_47_cdnfadd | CI v -> CO v | ADDFX1  | 0.034 |   0.886 |    3.257 | 
     | 15                                                 |              |         |       |         |          | 
     | picorv32_core_genblk1.pcpi_mul_mul_2371_47_cdnfadd | CI v -> CO v | ADDFX1  | 0.034 |   0.920 |    3.291 | 
     | 16                                                 |              |         |       |         |          | 
     | picorv32_core_genblk1.pcpi_mul_mul_2371_47_cdnfadd | CI v -> CO v | ADDFX1  | 0.034 |   0.954 |    3.325 | 
     | 17                                                 |              |         |       |         |          | 
     | picorv32_core_genblk1.pcpi_mul_mul_2371_47_cdnfadd | CI v -> CO v | ADDFX1  | 0.034 |   0.988 |    3.359 | 
     | 18                                                 |              |         |       |         |          | 
     | picorv32_core_genblk1.pcpi_mul_mul_2371_47_cdnfadd | CI v -> CO v | ADDFX1  | 0.034 |   1.022 |    3.393 | 
     | 19                                                 |              |         |       |         |          | 
     | picorv32_core_genblk1.pcpi_mul_mul_2371_47_cdnfadd | CI v -> CO v | ADDFX1  | 0.034 |   1.056 |    3.427 | 
     | 20                                                 |              |         |       |         |          | 
     | picorv32_core_genblk1.pcpi_mul_mul_2371_47_cdnfadd | CI v -> CO v | ADDFX1  | 0.034 |   1.090 |    3.461 | 
     | 21                                                 |              |         |       |         |          | 
     | picorv32_core_genblk1.pcpi_mul_mul_2371_47_cdnfadd | CI v -> CO v | ADDFX1  | 0.035 |   1.125 |    3.496 | 
     | 22                                                 |              |         |       |         |          | 
     | picorv32_core_genblk1.pcpi_mul_mul_2371_47_cdnfadd | CI v -> CO v | ADDFX1  | 0.039 |   1.163 |    3.535 | 
     | 23                                                 |              |         |       |         |          | 
     | picorv32_core_genblk1.pcpi_mul_mul_2371_47_cdnfadd | CI v -> CO v | ADDFX1  | 0.035 |   1.199 |    3.570 | 
     | 24                                                 |              |         |       |         |          | 
     | picorv32_core_genblk1.pcpi_mul_mul_2371_47_cdnfadd | CI v -> CO v | ADDFX1  | 0.033 |   1.232 |    3.603 | 
     | 25                                                 |              |         |       |         |          | 
     | picorv32_core_genblk1.pcpi_mul_mul_2371_47_cdnfadd | CI v -> CO v | ADDFX1  | 0.033 |   1.265 |    3.637 | 
     | 26                                                 |              |         |       |         |          | 
     | picorv32_core_genblk1.pcpi_mul_mul_2371_47_cdnfadd | CI v -> CO v | ADDFX1  | 0.033 |   1.299 |    3.670 | 
     | 27                                                 |              |         |       |         |          | 
     | picorv32_core_genblk1.pcpi_mul_mul_2371_47_cdnfadd | CI v -> CO v | ADDFX1  | 0.033 |   1.332 |    3.703 | 
     | 28                                                 |              |         |       |         |          | 
     | picorv32_core_genblk1.pcpi_mul_mul_2371_47_cdnfadd | CI v -> CO v | ADDFX1  | 0.033 |   1.365 |    3.737 | 
     | 29                                                 |              |         |       |         |          | 
     | picorv32_core_genblk1.pcpi_mul_mul_2371_47_cdnfadd | CI v -> CO v | ADDFX1  | 0.033 |   1.398 |    3.770 | 
     | 30                                                 |              |         |       |         |          | 
     | picorv32_core_genblk1.pcpi_mul_mul_2371_47_cdnfadd | CI v -> CO v | ADDFX1  | 0.036 |   1.434 |    3.805 | 
     | 31                                                 |              |         |       |         |          | 
     | picorv32_core_genblk1.pcpi_mul_mul_2371_47_cdnfadd | CI v -> CO v | ADDFX1  | 0.036 |   1.470 |    3.841 | 
     | 32                                                 |              |         |       |         |          | 
     | picorv32_core_genblk1.pcpi_mul_mul_2371_47_cdnfadd | CI v -> CO v | ADDFX1  | 0.034 |   1.504 |    3.875 | 
     | 33                                                 |              |         |       |         |          | 
     | picorv32_core_genblk1.pcpi_mul_mul_2371_47_cdnfadd | CI v -> CO v | ADDFX1  | 0.033 |   1.537 |    3.908 | 
     | 34                                                 |              |         |       |         |          | 
     | picorv32_core_genblk1.pcpi_mul_mul_2371_47_cdnfadd | CI v -> S ^  | ADDFX1  | 0.051 |   1.587 |    3.959 | 
     | 35                                                 |              |         |       |         |          | 
     | picorv32_core_genblk1.pcpi_mul_rd_reg[35]          | D ^          | SDFFQX1 | 0.000 |   1.587 |    3.959 | 
     +----------------------------------------------------------------------------------------------------------+ 
Path 40: MET Setup Check with Pin picorv32_core_reg_next_pc_reg[21]/CK 
Endpoint:   picorv32_core_reg_next_pc_reg[21]/D (v) checked with  leading edge 
of 'clk'
Beginpoint: picorv32_core_irq_pending_reg[12]/Q (v) triggered by  leading edge 
of 'clk'
Path Groups: {reg2reg}
Analysis View: analysis1
Other End Arrival Time          0.002
- Setup                         0.022
+ Phase Shift                   4.000
- Uncertainty                   0.020
= Required Time                 3.961
- Arrival Time                  1.576
= Slack Time                    2.385
     Clock Rise Edge                 0.000
     + Clock Network Latency (Prop)  0.006
     = Beginpoint Arrival Time       0.006
     +------------------------------------------------------------------------------------------------------+ 
     |                   Instance                   |     Arc      |   Cell    | Delay | Arrival | Required | 
     |                                              |              |           |       |  Time   |   Time   | 
     |----------------------------------------------+--------------+-----------+-------+---------+----------| 
     | picorv32_core_irq_pending_reg[12]            | CK ^         |           |       |   0.006 |    2.390 | 
     | picorv32_core_irq_pending_reg[12]            | CK ^ -> Q v  | SDFFQX1   | 0.051 |   0.056 |    2.441 | 
     | picorv32_core_g89487__7482                   | B v -> Y ^   | NAND2BX1  | 0.041 |   0.097 |    2.482 | 
     | picorv32_core_g89196__3680                   | B ^ -> Y ^   | AND4XL    | 0.061 |   0.158 |    2.542 | 
     | picorv32_core_g89178__6161                   | D ^ -> Y ^   | AND4XL    | 0.036 |   0.194 |    2.579 | 
     | picorv32_core_g89166__2802                   | D ^ -> Y ^   | AND4XL    | 0.042 |   0.236 |    2.620 | 
     | picorv32_core_g89157__4319                   | D ^ -> Y ^   | AND4XL    | 0.034 |   0.269 |    2.654 | 
     | picorv32_core_g89147__2883                   | D ^ -> Y ^   | AND4XL    | 0.045 |   0.314 |    2.699 | 
     | picorv32_core_g89139__5115                   | D ^ -> Y ^   | AND4XL    | 0.073 |   0.387 |    2.772 | 
     | picorv32_core_g89133__1705                   | D ^ -> Y ^   | AND4XL    | 0.043 |   0.430 |    2.815 | 
     | picorv32_core_g89128__5526                   | D ^ -> Y ^   | AND4XL    | 0.040 |   0.470 |    2.855 | 
     | picorv32_core_g89124__6260                   | D ^ -> Y ^   | AND4X1    | 0.045 |   0.515 |    2.900 | 
     | picorv32_core_g89122__2398                   | D ^ -> Y v   | NAND4XL   | 0.079 |   0.594 |    2.979 | 
     | picorv32_core_g89120__6417                   | B v -> Y ^   | NOR2BX1   | 0.057 |   0.652 |    3.036 | 
     | picorv32_core_g89119__7410                   | D ^ -> Y ^   | OR4X1     | 0.023 |   0.675 |    3.060 | 
     | picorv32_core_g89117__2346                   | B ^ -> Y v   | NAND2BX1  | 0.031 |   0.707 |    3.091 | 
     | picorv32_core_g89115__2883                   | AN v -> Y v  | NAND2BX1  | 0.025 |   0.731 |    3.116 | 
     | picorv32_core_g89112__6161                   | AN v -> Y v  | NAND2BX1  | 0.018 |   0.749 |    3.134 | 
     | picorv32_core_g89111__4733                   | B v -> Y v   | OR2X1     | 0.078 |   0.827 |    3.212 | 
     | picorv32_core_g89108__1881                   | B v -> Y ^   | NOR2BX1   | 0.039 |   0.866 |    3.251 | 
     | picorv32_core_add_1569_33_Y_add_1552_33_g763 | B ^ -> CO ^  | ADDHX1    | 0.025 |   0.892 |    3.277 | 
     | picorv32_core_add_1569_33_Y_add_1552_33_g762 | CI ^ -> CO ^ | ADDFX1    | 0.031 |   0.923 |    3.308 | 
     | picorv32_core_add_1569_33_Y_add_1552_33_g761 | CI ^ -> CO ^ | ADDFX1    | 0.031 |   0.954 |    3.338 | 
     | picorv32_core_add_1569_33_Y_add_1552_33_g760 | CI ^ -> CO ^ | ADDFX1    | 0.032 |   0.985 |    3.370 | 
     | picorv32_core_add_1569_33_Y_add_1552_33_g759 | CI ^ -> CO ^ | ADDFX1    | 0.032 |   1.017 |    3.402 | 
     | picorv32_core_add_1569_33_Y_add_1552_33_g758 | CI ^ -> CO ^ | ADDFX1    | 0.031 |   1.048 |    3.433 | 
     | picorv32_core_add_1569_33_Y_add_1552_33_g757 | CI ^ -> CO ^ | ADDFX1    | 0.031 |   1.080 |    3.464 | 
     | picorv32_core_add_1569_33_Y_add_1552_33_g756 | CI ^ -> CO ^ | ADDFX1    | 0.032 |   1.112 |    3.497 | 
     | picorv32_core_add_1569_33_Y_add_1552_33_g755 | CI ^ -> CO ^ | ADDFX1    | 0.033 |   1.145 |    3.530 | 
     | picorv32_core_add_1569_33_Y_add_1552_33_g754 | CI ^ -> CO ^ | ADDFX1    | 0.032 |   1.177 |    3.562 | 
     | picorv32_core_add_1569_33_Y_add_1552_33_g753 | CI ^ -> CO ^ | ADDFX1    | 0.032 |   1.209 |    3.594 | 
     | picorv32_core_add_1569_33_Y_add_1552_33_g752 | CI ^ -> CO ^ | ADDFX1    | 0.032 |   1.242 |    3.626 | 
     | picorv32_core_add_1569_33_Y_add_1552_33_g751 | CI ^ -> CO ^ | ADDFX1    | 0.034 |   1.275 |    3.660 | 
     | picorv32_core_add_1569_33_Y_add_1552_33_g750 | CI ^ -> CO ^ | ADDFX1    | 0.032 |   1.307 |    3.692 | 
     | picorv32_core_add_1569_33_Y_add_1552_33_g749 | CI ^ -> CO ^ | ADDFX1    | 0.033 |   1.341 |    3.725 | 
     | picorv32_core_add_1569_33_Y_add_1552_33_g748 | CI ^ -> CO ^ | ADDFX1    | 0.034 |   1.375 |    3.759 | 
     | picorv32_core_add_1569_33_Y_add_1552_33_g747 | CI ^ -> CO ^ | ADDFX1    | 0.031 |   1.405 |    3.790 | 
     | picorv32_core_add_1569_33_Y_add_1552_33_g746 | CI ^ -> CO ^ | ADDFX1    | 0.030 |   1.435 |    3.820 | 
     | picorv32_core_add_1569_33_Y_add_1552_33_g745 | CI ^ -> CO ^ | ADDFX1    | 0.030 |   1.466 |    3.850 | 
     | picorv32_core_add_1569_33_Y_add_1552_33_g744 | CI ^ -> CO ^ | ADDFX1    | 0.030 |   1.496 |    3.881 | 
     | picorv32_core_add_1569_33_Y_add_1552_33_g743 | CI ^ -> S v  | ADDFX1    | 0.046 |   1.542 |    3.927 | 
     | picorv32_core_g190437__3680                  | B1 v -> Y ^  | AOI22X1   | 0.014 |   1.556 |    3.941 | 
     | picorv32_core_g190406__8428                  | B0 ^ -> Y v  | OAI2BB1X1 | 0.020 |   1.576 |    3.961 | 
     | picorv32_core_reg_next_pc_reg[21]            | D v          | SDFFQX1   | 0.000 |   1.576 |    3.961 | 
     +------------------------------------------------------------------------------------------------------+ 
Path 41: MET Setup Check with Pin picorv32_core_genblk1.pcpi_mul_rd_reg[34]/CK 
Endpoint:   picorv32_core_genblk1.pcpi_mul_rd_reg[34]/D (^) checked with  
leading edge of 'clk'
Beginpoint: picorv32_core_genblk1.pcpi_mul_rs2_reg[5]/Q (^) triggered by  
leading edge of 'clk'
Path Groups: {reg2reg}
Analysis View: analysis1
Other End Arrival Time          0.004
- Setup                         0.026
+ Phase Shift                   4.000
- Uncertainty                   0.020
= Required Time                 3.958
- Arrival Time                  1.555
= Slack Time                    2.403
     Clock Rise Edge                 0.000
     + Clock Network Latency (Prop)  0.004
     = Beginpoint Arrival Time       0.004
     +----------------------------------------------------------------------------------------------------------+ 
     |                      Instance                      |     Arc      |  Cell   | Delay | Arrival | Required | 
     |                                                    |              |         |       |  Time   |   Time   | 
     |----------------------------------------------------+--------------+---------+-------+---------+----------| 
     | picorv32_core_genblk1.pcpi_mul_rs2_reg[5]          | CK ^         |         |       |   0.004 |    2.407 | 
     | picorv32_core_genblk1.pcpi_mul_rs2_reg[5]          | CK ^ -> Q ^  | SDFFQX1 | 0.126 |   0.131 |    2.534 | 
     | picorv32_core_genblk1.pcpi_mul_mul_2371_47_g14113  | A ^ -> Y v   | INVX1   | 0.049 |   0.179 |    2.582 | 
     | picorv32_core_genblk1.pcpi_mul_mul_2371_47_g13989  | B v -> Y ^   | XNOR2X1 | 0.031 |   0.210 |    2.613 | 
     | picorv32_core_genblk1.pcpi_mul_mul_2371_47_g13897  | A ^ -> Y ^   | OR2X1   | 0.091 |   0.301 |    2.704 | 
     | picorv32_core_genblk1.pcpi_mul_mul_2371_47_g13890  | A ^ -> Y v   | INVX1   | 0.056 |   0.356 |    2.759 | 
     | picorv32_core_genblk1.pcpi_mul_mul_2371_47_g13740  | A1 v -> Y ^  | OAI21X1 | 0.029 |   0.386 |    2.789 | 
     | picorv32_core_genblk1.pcpi_mul_mul_2371_47_g13495  | B ^ -> Y ^   | XNOR2X1 | 0.025 |   0.410 |    2.813 | 
     | picorv32_core_genblk1.pcpi_mul_mul_2371_47_g13440  | B ^ -> S v   | ADDHX1  | 0.031 |   0.441 |    2.844 | 
     | picorv32_core_genblk1.pcpi_mul_mul_2371_47_cdnfadd | A v -> CO v  | ADDFX1  | 0.035 |   0.476 |    2.879 | 
     | 3                                                  |              |         |       |         |          | 
     | picorv32_core_genblk1.pcpi_mul_mul_2371_47_cdnfadd | CI v -> CO v | ADDFX1  | 0.033 |   0.510 |    2.913 | 
     | 4                                                  |              |         |       |         |          | 
     | picorv32_core_genblk1.pcpi_mul_mul_2371_47_cdnfadd | CI v -> CO v | ADDFX1  | 0.034 |   0.543 |    2.946 | 
     | 5                                                  |              |         |       |         |          | 
     | picorv32_core_genblk1.pcpi_mul_mul_2371_47_cdnfadd | CI v -> CO v | ADDFX1  | 0.034 |   0.578 |    2.981 | 
     | 6                                                  |              |         |       |         |          | 
     | picorv32_core_genblk1.pcpi_mul_mul_2371_47_cdnfadd | CI v -> CO v | ADDFX1  | 0.034 |   0.612 |    3.015 | 
     | 7                                                  |              |         |       |         |          | 
     | picorv32_core_genblk1.pcpi_mul_mul_2371_47_cdnfadd | CI v -> CO v | ADDFX1  | 0.034 |   0.645 |    3.048 | 
     | 8                                                  |              |         |       |         |          | 
     | picorv32_core_genblk1.pcpi_mul_mul_2371_47_cdnfadd | CI v -> CO v | ADDFX1  | 0.034 |   0.680 |    3.083 | 
     | 9                                                  |              |         |       |         |          | 
     | picorv32_core_genblk1.pcpi_mul_mul_2371_47_cdnfadd | CI v -> CO v | ADDFX1  | 0.035 |   0.715 |    3.118 | 
     | 10                                                 |              |         |       |         |          | 
     | picorv32_core_genblk1.pcpi_mul_mul_2371_47_cdnfadd | CI v -> CO v | ADDFX1  | 0.034 |   0.749 |    3.152 | 
     | 11                                                 |              |         |       |         |          | 
     | picorv32_core_genblk1.pcpi_mul_mul_2371_47_cdnfadd | CI v -> CO v | ADDFX1  | 0.035 |   0.784 |    3.187 | 
     | 12                                                 |              |         |       |         |          | 
     | picorv32_core_genblk1.pcpi_mul_mul_2371_47_cdnfadd | CI v -> CO v | ADDFX1  | 0.035 |   0.819 |    3.222 | 
     | 13                                                 |              |         |       |         |          | 
     | picorv32_core_genblk1.pcpi_mul_mul_2371_47_cdnfadd | CI v -> CO v | ADDFX1  | 0.033 |   0.852 |    3.255 | 
     | 14                                                 |              |         |       |         |          | 
     | picorv32_core_genblk1.pcpi_mul_mul_2371_47_cdnfadd | CI v -> CO v | ADDFX1  | 0.034 |   0.886 |    3.289 | 
     | 15                                                 |              |         |       |         |          | 
     | picorv32_core_genblk1.pcpi_mul_mul_2371_47_cdnfadd | CI v -> CO v | ADDFX1  | 0.034 |   0.920 |    3.323 | 
     | 16                                                 |              |         |       |         |          | 
     | picorv32_core_genblk1.pcpi_mul_mul_2371_47_cdnfadd | CI v -> CO v | ADDFX1  | 0.034 |   0.954 |    3.357 | 
     | 17                                                 |              |         |       |         |          | 
     | picorv32_core_genblk1.pcpi_mul_mul_2371_47_cdnfadd | CI v -> CO v | ADDFX1  | 0.034 |   0.988 |    3.391 | 
     | 18                                                 |              |         |       |         |          | 
     | picorv32_core_genblk1.pcpi_mul_mul_2371_47_cdnfadd | CI v -> CO v | ADDFX1  | 0.034 |   1.022 |    3.425 | 
     | 19                                                 |              |         |       |         |          | 
     | picorv32_core_genblk1.pcpi_mul_mul_2371_47_cdnfadd | CI v -> CO v | ADDFX1  | 0.034 |   1.056 |    3.459 | 
     | 20                                                 |              |         |       |         |          | 
     | picorv32_core_genblk1.pcpi_mul_mul_2371_47_cdnfadd | CI v -> CO v | ADDFX1  | 0.034 |   1.090 |    3.493 | 
     | 21                                                 |              |         |       |         |          | 
     | picorv32_core_genblk1.pcpi_mul_mul_2371_47_cdnfadd | CI v -> CO v | ADDFX1  | 0.035 |   1.125 |    3.528 | 
     | 22                                                 |              |         |       |         |          | 
     | picorv32_core_genblk1.pcpi_mul_mul_2371_47_cdnfadd | CI v -> CO v | ADDFX1  | 0.039 |   1.163 |    3.566 | 
     | 23                                                 |              |         |       |         |          | 
     | picorv32_core_genblk1.pcpi_mul_mul_2371_47_cdnfadd | CI v -> CO v | ADDFX1  | 0.035 |   1.199 |    3.602 | 
     | 24                                                 |              |         |       |         |          | 
     | picorv32_core_genblk1.pcpi_mul_mul_2371_47_cdnfadd | CI v -> CO v | ADDFX1  | 0.033 |   1.232 |    3.635 | 
     | 25                                                 |              |         |       |         |          | 
     | picorv32_core_genblk1.pcpi_mul_mul_2371_47_cdnfadd | CI v -> CO v | ADDFX1  | 0.033 |   1.265 |    3.668 | 
     | 26                                                 |              |         |       |         |          | 
     | picorv32_core_genblk1.pcpi_mul_mul_2371_47_cdnfadd | CI v -> CO v | ADDFX1  | 0.033 |   1.299 |    3.702 | 
     | 27                                                 |              |         |       |         |          | 
     | picorv32_core_genblk1.pcpi_mul_mul_2371_47_cdnfadd | CI v -> CO v | ADDFX1  | 0.033 |   1.332 |    3.735 | 
     | 28                                                 |              |         |       |         |          | 
     | picorv32_core_genblk1.pcpi_mul_mul_2371_47_cdnfadd | CI v -> CO v | ADDFX1  | 0.033 |   1.365 |    3.768 | 
     | 29                                                 |              |         |       |         |          | 
     | picorv32_core_genblk1.pcpi_mul_mul_2371_47_cdnfadd | CI v -> CO v | ADDFX1  | 0.033 |   1.398 |    3.801 | 
     | 30                                                 |              |         |       |         |          | 
     | picorv32_core_genblk1.pcpi_mul_mul_2371_47_cdnfadd | CI v -> CO v | ADDFX1  | 0.036 |   1.434 |    3.837 | 
     | 31                                                 |              |         |       |         |          | 
     | picorv32_core_genblk1.pcpi_mul_mul_2371_47_cdnfadd | CI v -> CO v | ADDFX1  | 0.036 |   1.470 |    3.873 | 
     | 32                                                 |              |         |       |         |          | 
     | picorv32_core_genblk1.pcpi_mul_mul_2371_47_cdnfadd | CI v -> CO v | ADDFX1  | 0.034 |   1.504 |    3.907 | 
     | 33                                                 |              |         |       |         |          | 
     | picorv32_core_genblk1.pcpi_mul_mul_2371_47_cdnfadd | CI v -> S ^  | ADDFX1  | 0.051 |   1.555 |    3.958 | 
     | 34                                                 |              |         |       |         |          | 
     | picorv32_core_genblk1.pcpi_mul_rd_reg[34]          | D ^          | SDFFQX1 | 0.000 |   1.555 |    3.958 | 
     +----------------------------------------------------------------------------------------------------------+ 
Path 42: MET Setup Check with Pin picorv32_core_count_cycle_reg[63]/CK 
Endpoint:   picorv32_core_count_cycle_reg[63]/D (^) checked with  leading edge 
of 'clk'
Beginpoint: picorv32_core_count_cycle_reg[0]/Q  (^) triggered by  leading edge 
of 'clk'
Path Groups: {reg2reg}
Analysis View: analysis1
Other End Arrival Time          0.005
- Setup                         0.025
+ Phase Shift                   4.000
- Uncertainty                   0.020
= Required Time                 3.961
- Arrival Time                  1.549
= Slack Time                    2.412
     Clock Rise Edge                 0.000
     + Clock Network Latency (Prop)  0.006
     = Beginpoint Arrival Time       0.006
     +--------------------------------------------------------------------------------------------+ 
     |              Instance               |     Arc     |   Cell    | Delay | Arrival | Required | 
     |                                     |             |           |       |  Time   |   Time   | 
     |-------------------------------------+-------------+-----------+-------+---------+----------| 
     | picorv32_core_count_cycle_reg[0]    | CK ^        |           |       |   0.006 |    2.418 | 
     | picorv32_core_count_cycle_reg[0]    | CK ^ -> Q ^ | SDFFQX1   | 0.047 |   0.053 |    2.464 | 
     | picorv32_core_inc_add_1433_40_g1249 | B ^ -> CO ^ | ADDHX1    | 0.023 |   0.076 |    2.487 | 
     | picorv32_core_inc_add_1433_40_g1248 | B ^ -> CO ^ | ADDHX1    | 0.021 |   0.097 |    2.509 | 
     | picorv32_core_inc_add_1433_40_g1247 | B ^ -> CO ^ | ADDHX1    | 0.021 |   0.119 |    2.530 | 
     | picorv32_core_inc_add_1433_40_g1246 | B ^ -> CO ^ | ADDHX1    | 0.021 |   0.140 |    2.552 | 
     | picorv32_core_inc_add_1433_40_g1245 | B ^ -> CO ^ | ADDHX1    | 0.023 |   0.163 |    2.575 | 
     | picorv32_core_inc_add_1433_40_g1244 | B ^ -> CO ^ | ADDHX1    | 0.022 |   0.184 |    2.596 | 
     | picorv32_core_inc_add_1433_40_g1243 | B ^ -> CO ^ | ADDHX1    | 0.022 |   0.206 |    2.618 | 
     | picorv32_core_inc_add_1433_40_g1242 | B ^ -> CO ^ | ADDHX1    | 0.023 |   0.229 |    2.641 | 
     | picorv32_core_inc_add_1433_40_g1241 | B ^ -> CO ^ | ADDHX1    | 0.023 |   0.252 |    2.664 | 
     | picorv32_core_inc_add_1433_40_g1240 | B ^ -> CO ^ | ADDHX1    | 0.023 |   0.275 |    2.687 | 
     | picorv32_core_inc_add_1433_40_g1239 | B ^ -> CO ^ | ADDHX1    | 0.024 |   0.299 |    2.711 | 
     | picorv32_core_inc_add_1433_40_g1238 | B ^ -> CO ^ | ADDHX1    | 0.025 |   0.324 |    2.736 | 
     | picorv32_core_inc_add_1433_40_g1237 | B ^ -> CO ^ | ADDHX1    | 0.024 |   0.349 |    2.760 | 
     | picorv32_core_inc_add_1433_40_g1236 | B ^ -> CO ^ | ADDHX1    | 0.023 |   0.371 |    2.783 | 
     | picorv32_core_inc_add_1433_40_g1235 | B ^ -> CO ^ | ADDHX1    | 0.028 |   0.399 |    2.810 | 
     | picorv32_core_inc_add_1433_40_g1234 | B ^ -> CO ^ | ADDHX1    | 0.031 |   0.430 |    2.842 | 
     | picorv32_core_inc_add_1433_40_g1233 | B ^ -> CO ^ | ADDHX1    | 0.023 |   0.453 |    2.865 | 
     | picorv32_core_inc_add_1433_40_g1232 | B ^ -> CO ^ | ADDHX1    | 0.022 |   0.475 |    2.886 | 
     | picorv32_core_inc_add_1433_40_g1231 | B ^ -> CO ^ | ADDHX1    | 0.021 |   0.496 |    2.908 | 
     | picorv32_core_inc_add_1433_40_g1230 | B ^ -> CO ^ | ADDHX1    | 0.021 |   0.517 |    2.929 | 
     | picorv32_core_inc_add_1433_40_g1229 | B ^ -> CO ^ | ADDHX1    | 0.021 |   0.538 |    2.950 | 
     | picorv32_core_inc_add_1433_40_g1228 | B ^ -> CO ^ | ADDHX1    | 0.026 |   0.564 |    2.976 | 
     | picorv32_core_inc_add_1433_40_g1227 | B ^ -> CO ^ | ADDHX1    | 0.026 |   0.590 |    3.002 | 
     | picorv32_core_inc_add_1433_40_g1226 | B ^ -> CO ^ | ADDHX1    | 0.023 |   0.613 |    3.025 | 
     | picorv32_core_inc_add_1433_40_g1225 | B ^ -> CO ^ | ADDHX1    | 0.024 |   0.637 |    3.049 | 
     | picorv32_core_inc_add_1433_40_g1224 | B ^ -> CO ^ | ADDHX1    | 0.023 |   0.660 |    3.072 | 
     | picorv32_core_inc_add_1433_40_g1223 | B ^ -> CO ^ | ADDHX1    | 0.024 |   0.684 |    3.096 | 
     | picorv32_core_inc_add_1433_40_g1222 | B ^ -> CO ^ | ADDHX1    | 0.025 |   0.709 |    3.121 | 
     | picorv32_core_inc_add_1433_40_g1221 | B ^ -> CO ^ | ADDHX1    | 0.023 |   0.733 |    3.144 | 
     | picorv32_core_inc_add_1433_40_g1220 | B ^ -> CO ^ | ADDHX1    | 0.024 |   0.756 |    3.168 | 
     | picorv32_core_inc_add_1433_40_g1219 | B ^ -> CO ^ | ADDHX1    | 0.027 |   0.783 |    3.195 | 
     | picorv32_core_inc_add_1433_40_g1218 | B ^ -> CO ^ | ADDHX1    | 0.023 |   0.806 |    3.218 | 
     | picorv32_core_inc_add_1433_40_g1217 | B ^ -> CO ^ | ADDHX1    | 0.021 |   0.827 |    3.239 | 
     | picorv32_core_inc_add_1433_40_g1216 | B ^ -> CO ^ | ADDHX1    | 0.021 |   0.848 |    3.260 | 
     | picorv32_core_inc_add_1433_40_g1215 | B ^ -> CO ^ | ADDHX1    | 0.021 |   0.869 |    3.281 | 
     | picorv32_core_inc_add_1433_40_g1214 | B ^ -> CO ^ | ADDHX1    | 0.023 |   0.892 |    3.304 | 
     | picorv32_core_inc_add_1433_40_g1213 | B ^ -> CO ^ | ADDHX1    | 0.022 |   0.914 |    3.326 | 
     | picorv32_core_inc_add_1433_40_g1212 | B ^ -> CO ^ | ADDHX1    | 0.021 |   0.935 |    3.347 | 
     | picorv32_core_inc_add_1433_40_g1211 | B ^ -> CO ^ | ADDHX1    | 0.023 |   0.958 |    3.370 | 
     | picorv32_core_inc_add_1433_40_g1210 | B ^ -> CO ^ | ADDHX1    | 0.023 |   0.981 |    3.392 | 
     | picorv32_core_inc_add_1433_40_g1209 | B ^ -> CO ^ | ADDHX1    | 0.022 |   1.003 |    3.415 | 
     | picorv32_core_inc_add_1433_40_g1208 | B ^ -> CO ^ | ADDHX1    | 0.022 |   1.025 |    3.436 | 
     | picorv32_core_inc_add_1433_40_g1207 | B ^ -> CO ^ | ADDHX1    | 0.023 |   1.048 |    3.460 | 
     | picorv32_core_inc_add_1433_40_g1206 | B ^ -> CO ^ | ADDHX1    | 0.025 |   1.073 |    3.485 | 
     | picorv32_core_inc_add_1433_40_g1205 | B ^ -> CO ^ | ADDHX1    | 0.023 |   1.096 |    3.508 | 
     | picorv32_core_inc_add_1433_40_g1204 | B ^ -> CO ^ | ADDHX1    | 0.025 |   1.121 |    3.533 | 
     | picorv32_core_inc_add_1433_40_g1203 | B ^ -> CO ^ | ADDHX1    | 0.026 |   1.148 |    3.560 | 
     | picorv32_core_inc_add_1433_40_g1202 | B ^ -> CO ^ | ADDHX1    | 0.033 |   1.180 |    3.592 | 
     | picorv32_core_inc_add_1433_40_g1201 | B ^ -> CO ^ | ADDHX1    | 0.024 |   1.205 |    3.616 | 
     | picorv32_core_inc_add_1433_40_g1200 | B ^ -> CO ^ | ADDHX1    | 0.021 |   1.226 |    3.637 | 
     | picorv32_core_inc_add_1433_40_g1199 | B ^ -> CO ^ | ADDHX1    | 0.021 |   1.247 |    3.659 | 
     | picorv32_core_inc_add_1433_40_g1198 | B ^ -> CO ^ | ADDHX1    | 0.021 |   1.268 |    3.680 | 
     | picorv32_core_inc_add_1433_40_g1197 | B ^ -> CO ^ | ADDHX1    | 0.022 |   1.290 |    3.702 | 
     | picorv32_core_inc_add_1433_40_g1196 | B ^ -> CO ^ | ADDHX1    | 0.021 |   1.311 |    3.723 | 
     | picorv32_core_inc_add_1433_40_g1195 | B ^ -> CO ^ | ADDHX1    | 0.021 |   1.332 |    3.744 | 
     | picorv32_core_inc_add_1433_40_g1194 | B ^ -> CO ^ | ADDHX1    | 0.033 |   1.365 |    3.777 | 
     | picorv32_core_inc_add_1433_40_g1193 | B ^ -> CO ^ | ADDHX1    | 0.028 |   1.393 |    3.805 | 
     | picorv32_core_inc_add_1433_40_g1192 | B ^ -> CO ^ | ADDHX1    | 0.025 |   1.418 |    3.830 | 
     | picorv32_core_inc_add_1433_40_g1191 | B ^ -> CO ^ | ADDHX1    | 0.024 |   1.442 |    3.853 | 
     | picorv32_core_inc_add_1433_40_g1190 | B ^ -> CO ^ | ADDHX1    | 0.023 |   1.464 |    3.876 | 
     | picorv32_core_inc_add_1433_40_g1189 | B ^ -> CO ^ | ADDHX1    | 0.023 |   1.487 |    3.899 | 
     | picorv32_core_inc_add_1433_40_g1188 | B ^ -> CO ^ | ADDHX1    | 0.022 |   1.509 |    3.921 | 
     | picorv32_core_inc_add_1433_40_g1187 | B ^ -> Y ^  | CLKXOR2X1 | 0.021 |   1.530 |    3.942 | 
     | picorv32_core_g196929               | A ^ -> Y ^  | AND2X1    | 0.019 |   1.549 |    3.961 | 
     | picorv32_core_count_cycle_reg[63]   | D ^         | SDFFQX1   | 0.000 |   1.549 |    3.961 | 
     +--------------------------------------------------------------------------------------------+ 
Path 43: MET Setup Check with Pin picorv32_core_count_instr_reg[63]/CK 
Endpoint:   picorv32_core_count_instr_reg[63]/D (v) checked with  leading edge 
of 'clk'
Beginpoint: picorv32_core_count_instr_reg[1]/Q  (^) triggered by  leading edge 
of 'clk'
Path Groups: {reg2reg}
Analysis View: analysis1
Other End Arrival Time          0.006
- Setup                         0.025
+ Phase Shift                   4.000
- Uncertainty                   0.020
= Required Time                 3.961
- Arrival Time                  1.549
= Slack Time                    2.412
     Clock Rise Edge                 0.000
     + Clock Network Latency (Prop)  0.006
     = Beginpoint Arrival Time       0.006
     +--------------------------------------------------------------------------------------------+ 
     |              Instance               |     Arc     |   Cell    | Delay | Arrival | Required | 
     |                                     |             |           |       |  Time   |   Time   | 
     |-------------------------------------+-------------+-----------+-------+---------+----------| 
     | picorv32_core_count_instr_reg[1]    | CK ^        |           |       |   0.006 |    2.418 | 
     | picorv32_core_count_instr_reg[1]    | CK ^ -> Q ^ | SDFFQX1   | 0.048 |   0.054 |    2.466 | 
     | picorv32_core_inc_add_1564_34_g1249 | A ^ -> CO ^ | ADDHX1    | 0.024 |   0.078 |    2.490 | 
     | picorv32_core_inc_add_1564_34_g1248 | B ^ -> CO ^ | ADDHX1    | 0.021 |   0.099 |    2.511 | 
     | picorv32_core_inc_add_1564_34_g1247 | B ^ -> CO ^ | ADDHX1    | 0.021 |   0.120 |    2.532 | 
     | picorv32_core_inc_add_1564_34_g1246 | B ^ -> CO ^ | ADDHX1    | 0.025 |   0.145 |    2.557 | 
     | picorv32_core_inc_add_1564_34_g1245 | B ^ -> CO ^ | ADDHX1    | 0.023 |   0.167 |    2.580 | 
     | picorv32_core_inc_add_1564_34_g1244 | B ^ -> CO ^ | ADDHX1    | 0.022 |   0.189 |    2.601 | 
     | picorv32_core_inc_add_1564_34_g1243 | B ^ -> CO ^ | ADDHX1    | 0.023 |   0.212 |    2.624 | 
     | picorv32_core_inc_add_1564_34_g1242 | B ^ -> CO ^ | ADDHX1    | 0.022 |   0.233 |    2.646 | 
     | picorv32_core_inc_add_1564_34_g1241 | B ^ -> CO ^ | ADDHX1    | 0.025 |   0.258 |    2.670 | 
     | picorv32_core_inc_add_1564_34_g1240 | B ^ -> CO ^ | ADDHX1    | 0.024 |   0.283 |    2.695 | 
     | picorv32_core_inc_add_1564_34_g1239 | B ^ -> CO ^ | ADDHX1    | 0.024 |   0.306 |    2.718 | 
     | picorv32_core_inc_add_1564_34_g1238 | B ^ -> CO ^ | ADDHX1    | 0.022 |   0.328 |    2.741 | 
     | picorv32_core_inc_add_1564_34_g1237 | B ^ -> CO ^ | ADDHX1    | 0.023 |   0.352 |    2.764 | 
     | picorv32_core_inc_add_1564_34_g1236 | B ^ -> CO ^ | ADDHX1    | 0.022 |   0.374 |    2.786 | 
     | picorv32_core_inc_add_1564_34_g1235 | B ^ -> CO ^ | ADDHX1    | 0.025 |   0.399 |    2.811 | 
     | picorv32_core_inc_add_1564_34_g1234 | B ^ -> CO ^ | ADDHX1    | 0.027 |   0.426 |    2.838 | 
     | picorv32_core_inc_add_1564_34_g1233 | B ^ -> CO ^ | ADDHX1    | 0.024 |   0.450 |    2.862 | 
     | picorv32_core_inc_add_1564_34_g1232 | B ^ -> CO ^ | ADDHX1    | 0.021 |   0.471 |    2.884 | 
     | picorv32_core_inc_add_1564_34_g1231 | B ^ -> CO ^ | ADDHX1    | 0.021 |   0.493 |    2.905 | 
     | picorv32_core_inc_add_1564_34_g1230 | B ^ -> CO ^ | ADDHX1    | 0.021 |   0.514 |    2.926 | 
     | picorv32_core_inc_add_1564_34_g1229 | B ^ -> CO ^ | ADDHX1    | 0.023 |   0.537 |    2.949 | 
     | picorv32_core_inc_add_1564_34_g1228 | B ^ -> CO ^ | ADDHX1    | 0.023 |   0.559 |    2.971 | 
     | picorv32_core_inc_add_1564_34_g1227 | B ^ -> CO ^ | ADDHX1    | 0.024 |   0.583 |    2.995 | 
     | picorv32_core_inc_add_1564_34_g1226 | B ^ -> CO ^ | ADDHX1    | 0.023 |   0.605 |    3.018 | 
     | picorv32_core_inc_add_1564_34_g1225 | B ^ -> CO ^ | ADDHX1    | 0.026 |   0.632 |    3.044 | 
     | picorv32_core_inc_add_1564_34_g1224 | B ^ -> CO ^ | ADDHX1    | 0.022 |   0.654 |    3.067 | 
     | picorv32_core_inc_add_1564_34_g1223 | B ^ -> CO ^ | ADDHX1    | 0.022 |   0.677 |    3.089 | 
     | picorv32_core_inc_add_1564_34_g1222 | B ^ -> CO ^ | ADDHX1    | 0.024 |   0.701 |    3.113 | 
     | picorv32_core_inc_add_1564_34_g1221 | B ^ -> CO ^ | ADDHX1    | 0.023 |   0.724 |    3.136 | 
     | picorv32_core_inc_add_1564_34_g1220 | B ^ -> CO ^ | ADDHX1    | 0.024 |   0.748 |    3.160 | 
     | picorv32_core_inc_add_1564_34_g1219 | B ^ -> CO ^ | ADDHX1    | 0.025 |   0.773 |    3.185 | 
     | picorv32_core_inc_add_1564_34_g1218 | B ^ -> CO ^ | ADDHX1    | 0.022 |   0.795 |    3.208 | 
     | picorv32_core_inc_add_1564_34_g1217 | B ^ -> CO ^ | ADDHX1    | 0.021 |   0.816 |    3.229 | 
     | picorv32_core_inc_add_1564_34_g1216 | B ^ -> CO ^ | ADDHX1    | 0.021 |   0.838 |    3.250 | 
     | picorv32_core_inc_add_1564_34_g1215 | B ^ -> CO ^ | ADDHX1    | 0.022 |   0.859 |    3.272 | 
     | picorv32_core_inc_add_1564_34_g1214 | B ^ -> CO ^ | ADDHX1    | 0.022 |   0.882 |    3.294 | 
     | picorv32_core_inc_add_1564_34_g1213 | B ^ -> CO ^ | ADDHX1    | 0.021 |   0.903 |    3.315 | 
     | picorv32_core_inc_add_1564_34_g1212 | B ^ -> CO ^ | ADDHX1    | 0.022 |   0.925 |    3.337 | 
     | picorv32_core_inc_add_1564_34_g1211 | B ^ -> CO ^ | ADDHX1    | 0.022 |   0.946 |    3.359 | 
     | picorv32_core_inc_add_1564_34_g1210 | B ^ -> CO ^ | ADDHX1    | 0.024 |   0.971 |    3.383 | 
     | picorv32_core_inc_add_1564_34_g1209 | B ^ -> CO ^ | ADDHX1    | 0.023 |   0.993 |    3.406 | 
     | picorv32_core_inc_add_1564_34_g1208 | B ^ -> CO ^ | ADDHX1    | 0.022 |   1.016 |    3.428 | 
     | picorv32_core_inc_add_1564_34_g1207 | B ^ -> CO ^ | ADDHX1    | 0.025 |   1.041 |    3.453 | 
     | picorv32_core_inc_add_1564_34_g1206 | B ^ -> CO ^ | ADDHX1    | 0.022 |   1.063 |    3.475 | 
     | picorv32_core_inc_add_1564_34_g1205 | B ^ -> CO ^ | ADDHX1    | 0.023 |   1.086 |    3.498 | 
     | picorv32_core_inc_add_1564_34_g1204 | B ^ -> CO ^ | ADDHX1    | 0.023 |   1.109 |    3.521 | 
     | picorv32_core_inc_add_1564_34_g1203 | B ^ -> CO ^ | ADDHX1    | 0.027 |   1.136 |    3.548 | 
     | picorv32_core_inc_add_1564_34_g1202 | B ^ -> CO ^ | ADDHX1    | 0.026 |   1.162 |    3.574 | 
     | picorv32_core_inc_add_1564_34_g1201 | B ^ -> CO ^ | ADDHX1    | 0.025 |   1.187 |    3.599 | 
     | picorv32_core_inc_add_1564_34_g1200 | B ^ -> CO ^ | ADDHX1    | 0.022 |   1.209 |    3.621 | 
     | picorv32_core_inc_add_1564_34_g1199 | B ^ -> CO ^ | ADDHX1    | 0.021 |   1.230 |    3.642 | 
     | picorv32_core_inc_add_1564_34_g1198 | B ^ -> CO ^ | ADDHX1    | 0.023 |   1.252 |    3.664 | 
     | picorv32_core_inc_add_1564_34_g1197 | B ^ -> CO ^ | ADDHX1    | 0.024 |   1.276 |    3.688 | 
     | picorv32_core_inc_add_1564_34_g1196 | B ^ -> CO ^ | ADDHX1    | 0.024 |   1.300 |    3.712 | 
     | picorv32_core_inc_add_1564_34_g1195 | B ^ -> CO ^ | ADDHX1    | 0.023 |   1.323 |    3.735 | 
     | picorv32_core_inc_add_1564_34_g1194 | B ^ -> CO ^ | ADDHX1    | 0.023 |   1.346 |    3.758 | 
     | picorv32_core_inc_add_1564_34_g1193 | B ^ -> CO ^ | ADDHX1    | 0.024 |   1.370 |    3.783 | 
     | picorv32_core_inc_add_1564_34_g1192 | B ^ -> CO ^ | ADDHX1    | 0.024 |   1.394 |    3.806 | 
     | picorv32_core_inc_add_1564_34_g1191 | B ^ -> CO ^ | ADDHX1    | 0.023 |   1.417 |    3.830 | 
     | picorv32_core_inc_add_1564_34_g1190 | B ^ -> CO ^ | ADDHX1    | 0.022 |   1.439 |    3.851 | 
     | picorv32_core_inc_add_1564_34_g1189 | B ^ -> CO ^ | ADDHX1    | 0.023 |   1.462 |    3.874 | 
     | picorv32_core_inc_add_1564_34_g1188 | B ^ -> CO ^ | ADDHX1    | 0.022 |   1.483 |    3.896 | 
     | picorv32_core_inc_add_1564_34_g1187 | B ^ -> Y v  | CLKXOR2X1 | 0.028 |   1.512 |    3.924 | 
     | picorv32_core_g196127               | A v -> Y ^  | MXI2XL    | 0.021 |   1.533 |    3.945 | 
     | picorv32_core_g195205               | B ^ -> Y v  | NOR2X1    | 0.016 |   1.549 |    3.961 | 
     | picorv32_core_count_instr_reg[63]   | D v         | SDFFQX1   | 0.000 |   1.549 |    3.961 | 
     +--------------------------------------------------------------------------------------------+ 
Path 44: MET Setup Check with Pin picorv32_core_reg_next_pc_reg[20]/CK 
Endpoint:   picorv32_core_reg_next_pc_reg[20]/D (v) checked with  leading edge 
of 'clk'
Beginpoint: picorv32_core_irq_pending_reg[12]/Q (v) triggered by  leading edge 
of 'clk'
Path Groups: {reg2reg}
Analysis View: analysis1
Other End Arrival Time          0.002
- Setup                         0.022
+ Phase Shift                   4.000
- Uncertainty                   0.020
= Required Time                 3.961
- Arrival Time                  1.546
= Slack Time                    2.414
     Clock Rise Edge                 0.000
     + Clock Network Latency (Prop)  0.006
     = Beginpoint Arrival Time       0.006
     +------------------------------------------------------------------------------------------------------+ 
     |                   Instance                   |     Arc      |   Cell    | Delay | Arrival | Required | 
     |                                              |              |           |       |  Time   |   Time   | 
     |----------------------------------------------+--------------+-----------+-------+---------+----------| 
     | picorv32_core_irq_pending_reg[12]            | CK ^         |           |       |   0.006 |    2.420 | 
     | picorv32_core_irq_pending_reg[12]            | CK ^ -> Q v  | SDFFQX1   | 0.051 |   0.056 |    2.471 | 
     | picorv32_core_g89487__7482                   | B v -> Y ^   | NAND2BX1  | 0.041 |   0.097 |    2.511 | 
     | picorv32_core_g89196__3680                   | B ^ -> Y ^   | AND4XL    | 0.061 |   0.158 |    2.572 | 
     | picorv32_core_g89178__6161                   | D ^ -> Y ^   | AND4XL    | 0.036 |   0.194 |    2.608 | 
     | picorv32_core_g89166__2802                   | D ^ -> Y ^   | AND4XL    | 0.042 |   0.236 |    2.650 | 
     | picorv32_core_g89157__4319                   | D ^ -> Y ^   | AND4XL    | 0.034 |   0.269 |    2.684 | 
     | picorv32_core_g89147__2883                   | D ^ -> Y ^   | AND4XL    | 0.045 |   0.314 |    2.729 | 
     | picorv32_core_g89139__5115                   | D ^ -> Y ^   | AND4XL    | 0.073 |   0.387 |    2.801 | 
     | picorv32_core_g89133__1705                   | D ^ -> Y ^   | AND4XL    | 0.043 |   0.430 |    2.844 | 
     | picorv32_core_g89128__5526                   | D ^ -> Y ^   | AND4XL    | 0.040 |   0.470 |    2.885 | 
     | picorv32_core_g89124__6260                   | D ^ -> Y ^   | AND4X1    | 0.045 |   0.515 |    2.930 | 
     | picorv32_core_g89122__2398                   | D ^ -> Y v   | NAND4XL   | 0.079 |   0.594 |    3.008 | 
     | picorv32_core_g89120__6417                   | B v -> Y ^   | NOR2BX1   | 0.057 |   0.652 |    3.066 | 
     | picorv32_core_g89119__7410                   | D ^ -> Y ^   | OR4X1     | 0.023 |   0.675 |    3.089 | 
     | picorv32_core_g89117__2346                   | B ^ -> Y v   | NAND2BX1  | 0.031 |   0.707 |    3.121 | 
     | picorv32_core_g89115__2883                   | AN v -> Y v  | NAND2BX1  | 0.025 |   0.731 |    3.146 | 
     | picorv32_core_g89112__6161                   | AN v -> Y v  | NAND2BX1  | 0.018 |   0.749 |    3.164 | 
     | picorv32_core_g89111__4733                   | B v -> Y v   | OR2X1     | 0.078 |   0.827 |    3.242 | 
     | picorv32_core_g89108__1881                   | B v -> Y ^   | NOR2BX1   | 0.039 |   0.866 |    3.281 | 
     | picorv32_core_add_1569_33_Y_add_1552_33_g763 | B ^ -> CO ^  | ADDHX1    | 0.025 |   0.892 |    3.306 | 
     | picorv32_core_add_1569_33_Y_add_1552_33_g762 | CI ^ -> CO ^ | ADDFX1    | 0.031 |   0.923 |    3.337 | 
     | picorv32_core_add_1569_33_Y_add_1552_33_g761 | CI ^ -> CO ^ | ADDFX1    | 0.031 |   0.954 |    3.368 | 
     | picorv32_core_add_1569_33_Y_add_1552_33_g760 | CI ^ -> CO ^ | ADDFX1    | 0.032 |   0.985 |    3.400 | 
     | picorv32_core_add_1569_33_Y_add_1552_33_g759 | CI ^ -> CO ^ | ADDFX1    | 0.032 |   1.017 |    3.431 | 
     | picorv32_core_add_1569_33_Y_add_1552_33_g758 | CI ^ -> CO ^ | ADDFX1    | 0.031 |   1.048 |    3.463 | 
     | picorv32_core_add_1569_33_Y_add_1552_33_g757 | CI ^ -> CO ^ | ADDFX1    | 0.031 |   1.080 |    3.494 | 
     | picorv32_core_add_1569_33_Y_add_1552_33_g756 | CI ^ -> CO ^ | ADDFX1    | 0.032 |   1.112 |    3.526 | 
     | picorv32_core_add_1569_33_Y_add_1552_33_g755 | CI ^ -> CO ^ | ADDFX1    | 0.033 |   1.145 |    3.559 | 
     | picorv32_core_add_1569_33_Y_add_1552_33_g754 | CI ^ -> CO ^ | ADDFX1    | 0.032 |   1.177 |    3.591 | 
     | picorv32_core_add_1569_33_Y_add_1552_33_g753 | CI ^ -> CO ^ | ADDFX1    | 0.032 |   1.209 |    3.624 | 
     | picorv32_core_add_1569_33_Y_add_1552_33_g752 | CI ^ -> CO ^ | ADDFX1    | 0.032 |   1.242 |    3.656 | 
     | picorv32_core_add_1569_33_Y_add_1552_33_g751 | CI ^ -> CO ^ | ADDFX1    | 0.034 |   1.275 |    3.690 | 
     | picorv32_core_add_1569_33_Y_add_1552_33_g750 | CI ^ -> CO ^ | ADDFX1    | 0.032 |   1.307 |    3.722 | 
     | picorv32_core_add_1569_33_Y_add_1552_33_g749 | CI ^ -> CO ^ | ADDFX1    | 0.033 |   1.341 |    3.755 | 
     | picorv32_core_add_1569_33_Y_add_1552_33_g748 | CI ^ -> CO ^ | ADDFX1    | 0.034 |   1.375 |    3.789 | 
     | picorv32_core_add_1569_33_Y_add_1552_33_g747 | CI ^ -> CO ^ | ADDFX1    | 0.031 |   1.405 |    3.820 | 
     | picorv32_core_add_1569_33_Y_add_1552_33_g746 | CI ^ -> CO ^ | ADDFX1    | 0.030 |   1.435 |    3.850 | 
     | picorv32_core_add_1569_33_Y_add_1552_33_g745 | CI ^ -> CO ^ | ADDFX1    | 0.030 |   1.466 |    3.880 | 
     | picorv32_core_add_1569_33_Y_add_1552_33_g744 | CI ^ -> S v  | ADDFX1    | 0.047 |   1.512 |    3.927 | 
     | picorv32_core_g190436__6783                  | B1 v -> Y ^  | AOI22X1   | 0.015 |   1.528 |    3.942 | 
     | picorv32_core_g190405__4319                  | B0 ^ -> Y v  | OAI2BB1X1 | 0.019 |   1.546 |    3.961 | 
     | picorv32_core_reg_next_pc_reg[20]            | D v          | SDFFQX1   | 0.000 |   1.546 |    3.961 | 
     +------------------------------------------------------------------------------------------------------+ 
Path 45: MET Setup Check with Pin picorv32_core_genblk1.pcpi_mul_rd_reg[33]/CK 
Endpoint:   picorv32_core_genblk1.pcpi_mul_rd_reg[33]/D (^) checked with  
leading edge of 'clk'
Beginpoint: picorv32_core_genblk1.pcpi_mul_rs2_reg[5]/Q (^) triggered by  
leading edge of 'clk'
Path Groups: {reg2reg}
Analysis View: analysis1
Other End Arrival Time          0.004
- Setup                         0.027
+ Phase Shift                   4.000
- Uncertainty                   0.020
= Required Time                 3.957
- Arrival Time                  1.527
= Slack Time                    2.430
     Clock Rise Edge                 0.000
     + Clock Network Latency (Prop)  0.004
     = Beginpoint Arrival Time       0.004
     +----------------------------------------------------------------------------------------------------------+ 
     |                      Instance                      |     Arc      |  Cell   | Delay | Arrival | Required | 
     |                                                    |              |         |       |  Time   |   Time   | 
     |----------------------------------------------------+--------------+---------+-------+---------+----------| 
     | picorv32_core_genblk1.pcpi_mul_rs2_reg[5]          | CK ^         |         |       |   0.004 |    2.434 | 
     | picorv32_core_genblk1.pcpi_mul_rs2_reg[5]          | CK ^ -> Q ^  | SDFFQX1 | 0.126 |   0.131 |    2.560 | 
     | picorv32_core_genblk1.pcpi_mul_mul_2371_47_g14113  | A ^ -> Y v   | INVX1   | 0.049 |   0.179 |    2.609 | 
     | picorv32_core_genblk1.pcpi_mul_mul_2371_47_g13989  | B v -> Y ^   | XNOR2X1 | 0.031 |   0.210 |    2.640 | 
     | picorv32_core_genblk1.pcpi_mul_mul_2371_47_g13897  | A ^ -> Y ^   | OR2X1   | 0.091 |   0.301 |    2.730 | 
     | picorv32_core_genblk1.pcpi_mul_mul_2371_47_g13890  | A ^ -> Y v   | INVX1   | 0.056 |   0.356 |    2.786 | 
     | picorv32_core_genblk1.pcpi_mul_mul_2371_47_g13740  | A1 v -> Y ^  | OAI21X1 | 0.029 |   0.386 |    2.815 | 
     | picorv32_core_genblk1.pcpi_mul_mul_2371_47_g13495  | B ^ -> Y ^   | XNOR2X1 | 0.025 |   0.410 |    2.840 | 
     | picorv32_core_genblk1.pcpi_mul_mul_2371_47_g13440  | B ^ -> S v   | ADDHX1  | 0.031 |   0.441 |    2.871 | 
     | picorv32_core_genblk1.pcpi_mul_mul_2371_47_cdnfadd | A v -> CO v  | ADDFX1  | 0.035 |   0.476 |    2.906 | 
     | 3                                                  |              |         |       |         |          | 
     | picorv32_core_genblk1.pcpi_mul_mul_2371_47_cdnfadd | CI v -> CO v | ADDFX1  | 0.033 |   0.510 |    2.939 | 
     | 4                                                  |              |         |       |         |          | 
     | picorv32_core_genblk1.pcpi_mul_mul_2371_47_cdnfadd | CI v -> CO v | ADDFX1  | 0.034 |   0.543 |    2.973 | 
     | 5                                                  |              |         |       |         |          | 
     | picorv32_core_genblk1.pcpi_mul_mul_2371_47_cdnfadd | CI v -> CO v | ADDFX1  | 0.034 |   0.578 |    3.007 | 
     | 6                                                  |              |         |       |         |          | 
     | picorv32_core_genblk1.pcpi_mul_mul_2371_47_cdnfadd | CI v -> CO v | ADDFX1  | 0.034 |   0.612 |    3.041 | 
     | 7                                                  |              |         |       |         |          | 
     | picorv32_core_genblk1.pcpi_mul_mul_2371_47_cdnfadd | CI v -> CO v | ADDFX1  | 0.034 |   0.645 |    3.075 | 
     | 8                                                  |              |         |       |         |          | 
     | picorv32_core_genblk1.pcpi_mul_mul_2371_47_cdnfadd | CI v -> CO v | ADDFX1  | 0.034 |   0.680 |    3.109 | 
     | 9                                                  |              |         |       |         |          | 
     | picorv32_core_genblk1.pcpi_mul_mul_2371_47_cdnfadd | CI v -> CO v | ADDFX1  | 0.035 |   0.715 |    3.145 | 
     | 10                                                 |              |         |       |         |          | 
     | picorv32_core_genblk1.pcpi_mul_mul_2371_47_cdnfadd | CI v -> CO v | ADDFX1  | 0.034 |   0.749 |    3.178 | 
     | 11                                                 |              |         |       |         |          | 
     | picorv32_core_genblk1.pcpi_mul_mul_2371_47_cdnfadd | CI v -> CO v | ADDFX1  | 0.035 |   0.784 |    3.213 | 
     | 12                                                 |              |         |       |         |          | 
     | picorv32_core_genblk1.pcpi_mul_mul_2371_47_cdnfadd | CI v -> CO v | ADDFX1  | 0.035 |   0.819 |    3.248 | 
     | 13                                                 |              |         |       |         |          | 
     | picorv32_core_genblk1.pcpi_mul_mul_2371_47_cdnfadd | CI v -> CO v | ADDFX1  | 0.033 |   0.852 |    3.282 | 
     | 14                                                 |              |         |       |         |          | 
     | picorv32_core_genblk1.pcpi_mul_mul_2371_47_cdnfadd | CI v -> CO v | ADDFX1  | 0.034 |   0.886 |    3.316 | 
     | 15                                                 |              |         |       |         |          | 
     | picorv32_core_genblk1.pcpi_mul_mul_2371_47_cdnfadd | CI v -> CO v | ADDFX1  | 0.034 |   0.920 |    3.349 | 
     | 16                                                 |              |         |       |         |          | 
     | picorv32_core_genblk1.pcpi_mul_mul_2371_47_cdnfadd | CI v -> CO v | ADDFX1  | 0.034 |   0.954 |    3.383 | 
     | 17                                                 |              |         |       |         |          | 
     | picorv32_core_genblk1.pcpi_mul_mul_2371_47_cdnfadd | CI v -> CO v | ADDFX1  | 0.034 |   0.988 |    3.417 | 
     | 18                                                 |              |         |       |         |          | 
     | picorv32_core_genblk1.pcpi_mul_mul_2371_47_cdnfadd | CI v -> CO v | ADDFX1  | 0.034 |   1.022 |    3.451 | 
     | 19                                                 |              |         |       |         |          | 
     | picorv32_core_genblk1.pcpi_mul_mul_2371_47_cdnfadd | CI v -> CO v | ADDFX1  | 0.034 |   1.056 |    3.485 | 
     | 20                                                 |              |         |       |         |          | 
     | picorv32_core_genblk1.pcpi_mul_mul_2371_47_cdnfadd | CI v -> CO v | ADDFX1  | 0.034 |   1.090 |    3.519 | 
     | 21                                                 |              |         |       |         |          | 
     | picorv32_core_genblk1.pcpi_mul_mul_2371_47_cdnfadd | CI v -> CO v | ADDFX1  | 0.035 |   1.125 |    3.554 | 
     | 22                                                 |              |         |       |         |          | 
     | picorv32_core_genblk1.pcpi_mul_mul_2371_47_cdnfadd | CI v -> CO v | ADDFX1  | 0.039 |   1.163 |    3.593 | 
     | 23                                                 |              |         |       |         |          | 
     | picorv32_core_genblk1.pcpi_mul_mul_2371_47_cdnfadd | CI v -> CO v | ADDFX1  | 0.035 |   1.199 |    3.628 | 
     | 24                                                 |              |         |       |         |          | 
     | picorv32_core_genblk1.pcpi_mul_mul_2371_47_cdnfadd | CI v -> CO v | ADDFX1  | 0.033 |   1.232 |    3.662 | 
     | 25                                                 |              |         |       |         |          | 
     | picorv32_core_genblk1.pcpi_mul_mul_2371_47_cdnfadd | CI v -> CO v | ADDFX1  | 0.033 |   1.265 |    3.695 | 
     | 26                                                 |              |         |       |         |          | 
     | picorv32_core_genblk1.pcpi_mul_mul_2371_47_cdnfadd | CI v -> CO v | ADDFX1  | 0.033 |   1.299 |    3.728 | 
     | 27                                                 |              |         |       |         |          | 
     | picorv32_core_genblk1.pcpi_mul_mul_2371_47_cdnfadd | CI v -> CO v | ADDFX1  | 0.033 |   1.332 |    3.762 | 
     | 28                                                 |              |         |       |         |          | 
     | picorv32_core_genblk1.pcpi_mul_mul_2371_47_cdnfadd | CI v -> CO v | ADDFX1  | 0.033 |   1.365 |    3.795 | 
     | 29                                                 |              |         |       |         |          | 
     | picorv32_core_genblk1.pcpi_mul_mul_2371_47_cdnfadd | CI v -> CO v | ADDFX1  | 0.033 |   1.398 |    3.828 | 
     | 30                                                 |              |         |       |         |          | 
     | picorv32_core_genblk1.pcpi_mul_mul_2371_47_cdnfadd | CI v -> CO v | ADDFX1  | 0.036 |   1.434 |    3.863 | 
     | 31                                                 |              |         |       |         |          | 
     | picorv32_core_genblk1.pcpi_mul_mul_2371_47_cdnfadd | CI v -> CO v | ADDFX1  | 0.036 |   1.470 |    3.899 | 
     | 32                                                 |              |         |       |         |          | 
     | picorv32_core_genblk1.pcpi_mul_mul_2371_47_cdnfadd | CI v -> S ^  | ADDFX1  | 0.057 |   1.527 |    3.956 | 
     | 33                                                 |              |         |       |         |          | 
     | picorv32_core_genblk1.pcpi_mul_rd_reg[33]          | D ^          | SDFFQX1 | 0.000 |   1.527 |    3.957 | 
     +----------------------------------------------------------------------------------------------------------+ 
Path 46: MET Setup Check with Pin picorv32_core_count_cycle_reg[62]/CK 
Endpoint:   picorv32_core_count_cycle_reg[62]/D (^) checked with  leading edge 
of 'clk'
Beginpoint: picorv32_core_count_cycle_reg[0]/Q  (^) triggered by  leading edge 
of 'clk'
Path Groups: {reg2reg}
Analysis View: analysis1
Other End Arrival Time          0.005
- Setup                         0.025
+ Phase Shift                   4.000
- Uncertainty                   0.020
= Required Time                 3.960
- Arrival Time                  1.527
= Slack Time                    2.433
     Clock Rise Edge                 0.000
     + Clock Network Latency (Prop)  0.006
     = Beginpoint Arrival Time       0.006
     +------------------------------------------------------------------------------------------+ 
     |              Instance               |     Arc     |  Cell   | Delay | Arrival | Required | 
     |                                     |             |         |       |  Time   |   Time   | 
     |-------------------------------------+-------------+---------+-------+---------+----------| 
     | picorv32_core_count_cycle_reg[0]    | CK ^        |         |       |   0.006 |    2.439 | 
     | picorv32_core_count_cycle_reg[0]    | CK ^ -> Q ^ | SDFFQX1 | 0.047 |   0.053 |    2.486 | 
     | picorv32_core_inc_add_1433_40_g1249 | B ^ -> CO ^ | ADDHX1  | 0.023 |   0.076 |    2.509 | 
     | picorv32_core_inc_add_1433_40_g1248 | B ^ -> CO ^ | ADDHX1  | 0.021 |   0.097 |    2.530 | 
     | picorv32_core_inc_add_1433_40_g1247 | B ^ -> CO ^ | ADDHX1  | 0.021 |   0.119 |    2.552 | 
     | picorv32_core_inc_add_1433_40_g1246 | B ^ -> CO ^ | ADDHX1  | 0.021 |   0.140 |    2.573 | 
     | picorv32_core_inc_add_1433_40_g1245 | B ^ -> CO ^ | ADDHX1  | 0.023 |   0.163 |    2.596 | 
     | picorv32_core_inc_add_1433_40_g1244 | B ^ -> CO ^ | ADDHX1  | 0.022 |   0.184 |    2.618 | 
     | picorv32_core_inc_add_1433_40_g1243 | B ^ -> CO ^ | ADDHX1  | 0.022 |   0.206 |    2.639 | 
     | picorv32_core_inc_add_1433_40_g1242 | B ^ -> CO ^ | ADDHX1  | 0.023 |   0.229 |    2.662 | 
     | picorv32_core_inc_add_1433_40_g1241 | B ^ -> CO ^ | ADDHX1  | 0.023 |   0.252 |    2.685 | 
     | picorv32_core_inc_add_1433_40_g1240 | B ^ -> CO ^ | ADDHX1  | 0.023 |   0.275 |    2.708 | 
     | picorv32_core_inc_add_1433_40_g1239 | B ^ -> CO ^ | ADDHX1  | 0.024 |   0.299 |    2.732 | 
     | picorv32_core_inc_add_1433_40_g1238 | B ^ -> CO ^ | ADDHX1  | 0.025 |   0.324 |    2.758 | 
     | picorv32_core_inc_add_1433_40_g1237 | B ^ -> CO ^ | ADDHX1  | 0.024 |   0.349 |    2.782 | 
     | picorv32_core_inc_add_1433_40_g1236 | B ^ -> CO ^ | ADDHX1  | 0.023 |   0.371 |    2.804 | 
     | picorv32_core_inc_add_1433_40_g1235 | B ^ -> CO ^ | ADDHX1  | 0.028 |   0.399 |    2.832 | 
     | picorv32_core_inc_add_1433_40_g1234 | B ^ -> CO ^ | ADDHX1  | 0.031 |   0.430 |    2.863 | 
     | picorv32_core_inc_add_1433_40_g1233 | B ^ -> CO ^ | ADDHX1  | 0.023 |   0.453 |    2.886 | 
     | picorv32_core_inc_add_1433_40_g1232 | B ^ -> CO ^ | ADDHX1  | 0.022 |   0.475 |    2.908 | 
     | picorv32_core_inc_add_1433_40_g1231 | B ^ -> CO ^ | ADDHX1  | 0.021 |   0.496 |    2.929 | 
     | picorv32_core_inc_add_1433_40_g1230 | B ^ -> CO ^ | ADDHX1  | 0.021 |   0.517 |    2.950 | 
     | picorv32_core_inc_add_1433_40_g1229 | B ^ -> CO ^ | ADDHX1  | 0.021 |   0.538 |    2.971 | 
     | picorv32_core_inc_add_1433_40_g1228 | B ^ -> CO ^ | ADDHX1  | 0.026 |   0.564 |    2.997 | 
     | picorv32_core_inc_add_1433_40_g1227 | B ^ -> CO ^ | ADDHX1  | 0.026 |   0.590 |    3.023 | 
     | picorv32_core_inc_add_1433_40_g1226 | B ^ -> CO ^ | ADDHX1  | 0.023 |   0.613 |    3.046 | 
     | picorv32_core_inc_add_1433_40_g1225 | B ^ -> CO ^ | ADDHX1  | 0.024 |   0.637 |    3.070 | 
     | picorv32_core_inc_add_1433_40_g1224 | B ^ -> CO ^ | ADDHX1  | 0.023 |   0.660 |    3.093 | 
     | picorv32_core_inc_add_1433_40_g1223 | B ^ -> CO ^ | ADDHX1  | 0.024 |   0.684 |    3.117 | 
     | picorv32_core_inc_add_1433_40_g1222 | B ^ -> CO ^ | ADDHX1  | 0.025 |   0.709 |    3.142 | 
     | picorv32_core_inc_add_1433_40_g1221 | B ^ -> CO ^ | ADDHX1  | 0.023 |   0.733 |    3.166 | 
     | picorv32_core_inc_add_1433_40_g1220 | B ^ -> CO ^ | ADDHX1  | 0.024 |   0.756 |    3.189 | 
     | picorv32_core_inc_add_1433_40_g1219 | B ^ -> CO ^ | ADDHX1  | 0.027 |   0.783 |    3.216 | 
     | picorv32_core_inc_add_1433_40_g1218 | B ^ -> CO ^ | ADDHX1  | 0.023 |   0.806 |    3.239 | 
     | picorv32_core_inc_add_1433_40_g1217 | B ^ -> CO ^ | ADDHX1  | 0.021 |   0.827 |    3.260 | 
     | picorv32_core_inc_add_1433_40_g1216 | B ^ -> CO ^ | ADDHX1  | 0.021 |   0.848 |    3.281 | 
     | picorv32_core_inc_add_1433_40_g1215 | B ^ -> CO ^ | ADDHX1  | 0.021 |   0.869 |    3.302 | 
     | picorv32_core_inc_add_1433_40_g1214 | B ^ -> CO ^ | ADDHX1  | 0.023 |   0.892 |    3.325 | 
     | picorv32_core_inc_add_1433_40_g1213 | B ^ -> CO ^ | ADDHX1  | 0.022 |   0.914 |    3.347 | 
     | picorv32_core_inc_add_1433_40_g1212 | B ^ -> CO ^ | ADDHX1  | 0.021 |   0.935 |    3.368 | 
     | picorv32_core_inc_add_1433_40_g1211 | B ^ -> CO ^ | ADDHX1  | 0.023 |   0.958 |    3.391 | 
     | picorv32_core_inc_add_1433_40_g1210 | B ^ -> CO ^ | ADDHX1  | 0.023 |   0.981 |    3.414 | 
     | picorv32_core_inc_add_1433_40_g1209 | B ^ -> CO ^ | ADDHX1  | 0.022 |   1.003 |    3.436 | 
     | picorv32_core_inc_add_1433_40_g1208 | B ^ -> CO ^ | ADDHX1  | 0.022 |   1.025 |    3.458 | 
     | picorv32_core_inc_add_1433_40_g1207 | B ^ -> CO ^ | ADDHX1  | 0.023 |   1.048 |    3.481 | 
     | picorv32_core_inc_add_1433_40_g1206 | B ^ -> CO ^ | ADDHX1  | 0.025 |   1.073 |    3.506 | 
     | picorv32_core_inc_add_1433_40_g1205 | B ^ -> CO ^ | ADDHX1  | 0.023 |   1.096 |    3.529 | 
     | picorv32_core_inc_add_1433_40_g1204 | B ^ -> CO ^ | ADDHX1  | 0.025 |   1.121 |    3.555 | 
     | picorv32_core_inc_add_1433_40_g1203 | B ^ -> CO ^ | ADDHX1  | 0.026 |   1.148 |    3.581 | 
     | picorv32_core_inc_add_1433_40_g1202 | B ^ -> CO ^ | ADDHX1  | 0.033 |   1.180 |    3.613 | 
     | picorv32_core_inc_add_1433_40_g1201 | B ^ -> CO ^ | ADDHX1  | 0.024 |   1.205 |    3.638 | 
     | picorv32_core_inc_add_1433_40_g1200 | B ^ -> CO ^ | ADDHX1  | 0.021 |   1.226 |    3.659 | 
     | picorv32_core_inc_add_1433_40_g1199 | B ^ -> CO ^ | ADDHX1  | 0.021 |   1.247 |    3.680 | 
     | picorv32_core_inc_add_1433_40_g1198 | B ^ -> CO ^ | ADDHX1  | 0.021 |   1.268 |    3.701 | 
     | picorv32_core_inc_add_1433_40_g1197 | B ^ -> CO ^ | ADDHX1  | 0.022 |   1.290 |    3.723 | 
     | picorv32_core_inc_add_1433_40_g1196 | B ^ -> CO ^ | ADDHX1  | 0.021 |   1.311 |    3.744 | 
     | picorv32_core_inc_add_1433_40_g1195 | B ^ -> CO ^ | ADDHX1  | 0.021 |   1.332 |    3.765 | 
     | picorv32_core_inc_add_1433_40_g1194 | B ^ -> CO ^ | ADDHX1  | 0.033 |   1.365 |    3.798 | 
     | picorv32_core_inc_add_1433_40_g1193 | B ^ -> CO ^ | ADDHX1  | 0.028 |   1.393 |    3.826 | 
     | picorv32_core_inc_add_1433_40_g1192 | B ^ -> CO ^ | ADDHX1  | 0.025 |   1.418 |    3.851 | 
     | picorv32_core_inc_add_1433_40_g1191 | B ^ -> CO ^ | ADDHX1  | 0.024 |   1.442 |    3.875 | 
     | picorv32_core_inc_add_1433_40_g1190 | B ^ -> CO ^ | ADDHX1  | 0.023 |   1.464 |    3.897 | 
     | picorv32_core_inc_add_1433_40_g1189 | B ^ -> CO ^ | ADDHX1  | 0.023 |   1.487 |    3.920 | 
     | picorv32_core_inc_add_1433_40_g1188 | B ^ -> S ^  | ADDHX1  | 0.021 |   1.508 |    3.942 | 
     | picorv32_core_g197005               | A ^ -> Y ^  | AND2X1  | 0.019 |   1.527 |    3.960 | 
     | picorv32_core_count_cycle_reg[62]   | D ^         | SDFFQX1 | 0.000 |   1.527 |    3.960 | 
     +------------------------------------------------------------------------------------------+ 
Path 47: MET Setup Check with Pin picorv32_core_count_instr_reg[62]/CK 
Endpoint:   picorv32_core_count_instr_reg[62]/D (v) checked with  leading edge 
of 'clk'
Beginpoint: picorv32_core_count_instr_reg[1]/Q  (^) triggered by  leading edge 
of 'clk'
Path Groups: {reg2reg}
Analysis View: analysis1
Other End Arrival Time          0.005
- Setup                         0.025
+ Phase Shift                   4.000
- Uncertainty                   0.020
= Required Time                 3.960
- Arrival Time                  1.522
= Slack Time                    2.438
     Clock Rise Edge                 0.000
     + Clock Network Latency (Prop)  0.006
     = Beginpoint Arrival Time       0.006
     +------------------------------------------------------------------------------------------+ 
     |              Instance               |     Arc     |  Cell   | Delay | Arrival | Required | 
     |                                     |             |         |       |  Time   |   Time   | 
     |-------------------------------------+-------------+---------+-------+---------+----------| 
     | picorv32_core_count_instr_reg[1]    | CK ^        |         |       |   0.006 |    2.444 | 
     | picorv32_core_count_instr_reg[1]    | CK ^ -> Q ^ | SDFFQX1 | 0.048 |   0.054 |    2.492 | 
     | picorv32_core_inc_add_1564_34_g1249 | A ^ -> CO ^ | ADDHX1  | 0.024 |   0.078 |    2.516 | 
     | picorv32_core_inc_add_1564_34_g1248 | B ^ -> CO ^ | ADDHX1  | 0.021 |   0.099 |    2.537 | 
     | picorv32_core_inc_add_1564_34_g1247 | B ^ -> CO ^ | ADDHX1  | 0.021 |   0.120 |    2.558 | 
     | picorv32_core_inc_add_1564_34_g1246 | B ^ -> CO ^ | ADDHX1  | 0.025 |   0.145 |    2.583 | 
     | picorv32_core_inc_add_1564_34_g1245 | B ^ -> CO ^ | ADDHX1  | 0.023 |   0.167 |    2.606 | 
     | picorv32_core_inc_add_1564_34_g1244 | B ^ -> CO ^ | ADDHX1  | 0.022 |   0.189 |    2.627 | 
     | picorv32_core_inc_add_1564_34_g1243 | B ^ -> CO ^ | ADDHX1  | 0.023 |   0.212 |    2.650 | 
     | picorv32_core_inc_add_1564_34_g1242 | B ^ -> CO ^ | ADDHX1  | 0.022 |   0.233 |    2.671 | 
     | picorv32_core_inc_add_1564_34_g1241 | B ^ -> CO ^ | ADDHX1  | 0.025 |   0.258 |    2.696 | 
     | picorv32_core_inc_add_1564_34_g1240 | B ^ -> CO ^ | ADDHX1  | 0.024 |   0.283 |    2.721 | 
     | picorv32_core_inc_add_1564_34_g1239 | B ^ -> CO ^ | ADDHX1  | 0.024 |   0.306 |    2.744 | 
     | picorv32_core_inc_add_1564_34_g1238 | B ^ -> CO ^ | ADDHX1  | 0.022 |   0.328 |    2.766 | 
     | picorv32_core_inc_add_1564_34_g1237 | B ^ -> CO ^ | ADDHX1  | 0.023 |   0.352 |    2.790 | 
     | picorv32_core_inc_add_1564_34_g1236 | B ^ -> CO ^ | ADDHX1  | 0.022 |   0.374 |    2.812 | 
     | picorv32_core_inc_add_1564_34_g1235 | B ^ -> CO ^ | ADDHX1  | 0.025 |   0.399 |    2.837 | 
     | picorv32_core_inc_add_1564_34_g1234 | B ^ -> CO ^ | ADDHX1  | 0.027 |   0.426 |    2.864 | 
     | picorv32_core_inc_add_1564_34_g1233 | B ^ -> CO ^ | ADDHX1  | 0.024 |   0.450 |    2.888 | 
     | picorv32_core_inc_add_1564_34_g1232 | B ^ -> CO ^ | ADDHX1  | 0.021 |   0.471 |    2.910 | 
     | picorv32_core_inc_add_1564_34_g1231 | B ^ -> CO ^ | ADDHX1  | 0.021 |   0.493 |    2.931 | 
     | picorv32_core_inc_add_1564_34_g1230 | B ^ -> CO ^ | ADDHX1  | 0.021 |   0.514 |    2.952 | 
     | picorv32_core_inc_add_1564_34_g1229 | B ^ -> CO ^ | ADDHX1  | 0.023 |   0.537 |    2.975 | 
     | picorv32_core_inc_add_1564_34_g1228 | B ^ -> CO ^ | ADDHX1  | 0.023 |   0.559 |    2.997 | 
     | picorv32_core_inc_add_1564_34_g1227 | B ^ -> CO ^ | ADDHX1  | 0.024 |   0.583 |    3.021 | 
     | picorv32_core_inc_add_1564_34_g1226 | B ^ -> CO ^ | ADDHX1  | 0.023 |   0.605 |    3.044 | 
     | picorv32_core_inc_add_1564_34_g1225 | B ^ -> CO ^ | ADDHX1  | 0.026 |   0.632 |    3.070 | 
     | picorv32_core_inc_add_1564_34_g1224 | B ^ -> CO ^ | ADDHX1  | 0.022 |   0.654 |    3.092 | 
     | picorv32_core_inc_add_1564_34_g1223 | B ^ -> CO ^ | ADDHX1  | 0.022 |   0.677 |    3.115 | 
     | picorv32_core_inc_add_1564_34_g1222 | B ^ -> CO ^ | ADDHX1  | 0.024 |   0.701 |    3.139 | 
     | picorv32_core_inc_add_1564_34_g1221 | B ^ -> CO ^ | ADDHX1  | 0.023 |   0.724 |    3.162 | 
     | picorv32_core_inc_add_1564_34_g1220 | B ^ -> CO ^ | ADDHX1  | 0.024 |   0.748 |    3.186 | 
     | picorv32_core_inc_add_1564_34_g1219 | B ^ -> CO ^ | ADDHX1  | 0.025 |   0.773 |    3.211 | 
     | picorv32_core_inc_add_1564_34_g1218 | B ^ -> CO ^ | ADDHX1  | 0.022 |   0.795 |    3.234 | 
     | picorv32_core_inc_add_1564_34_g1217 | B ^ -> CO ^ | ADDHX1  | 0.021 |   0.816 |    3.255 | 
     | picorv32_core_inc_add_1564_34_g1216 | B ^ -> CO ^ | ADDHX1  | 0.021 |   0.838 |    3.276 | 
     | picorv32_core_inc_add_1564_34_g1215 | B ^ -> CO ^ | ADDHX1  | 0.022 |   0.859 |    3.298 | 
     | picorv32_core_inc_add_1564_34_g1214 | B ^ -> CO ^ | ADDHX1  | 0.022 |   0.882 |    3.320 | 
     | picorv32_core_inc_add_1564_34_g1213 | B ^ -> CO ^ | ADDHX1  | 0.021 |   0.903 |    3.341 | 
     | picorv32_core_inc_add_1564_34_g1212 | B ^ -> CO ^ | ADDHX1  | 0.022 |   0.925 |    3.363 | 
     | picorv32_core_inc_add_1564_34_g1211 | B ^ -> CO ^ | ADDHX1  | 0.022 |   0.946 |    3.385 | 
     | picorv32_core_inc_add_1564_34_g1210 | B ^ -> CO ^ | ADDHX1  | 0.024 |   0.971 |    3.409 | 
     | picorv32_core_inc_add_1564_34_g1209 | B ^ -> CO ^ | ADDHX1  | 0.023 |   0.993 |    3.432 | 
     | picorv32_core_inc_add_1564_34_g1208 | B ^ -> CO ^ | ADDHX1  | 0.022 |   1.016 |    3.454 | 
     | picorv32_core_inc_add_1564_34_g1207 | B ^ -> CO ^ | ADDHX1  | 0.025 |   1.041 |    3.479 | 
     | picorv32_core_inc_add_1564_34_g1206 | B ^ -> CO ^ | ADDHX1  | 0.022 |   1.063 |    3.501 | 
     | picorv32_core_inc_add_1564_34_g1205 | B ^ -> CO ^ | ADDHX1  | 0.023 |   1.086 |    3.524 | 
     | picorv32_core_inc_add_1564_34_g1204 | B ^ -> CO ^ | ADDHX1  | 0.023 |   1.109 |    3.547 | 
     | picorv32_core_inc_add_1564_34_g1203 | B ^ -> CO ^ | ADDHX1  | 0.027 |   1.136 |    3.574 | 
     | picorv32_core_inc_add_1564_34_g1202 | B ^ -> CO ^ | ADDHX1  | 0.026 |   1.162 |    3.600 | 
     | picorv32_core_inc_add_1564_34_g1201 | B ^ -> CO ^ | ADDHX1  | 0.025 |   1.187 |    3.625 | 
     | picorv32_core_inc_add_1564_34_g1200 | B ^ -> CO ^ | ADDHX1  | 0.022 |   1.209 |    3.647 | 
     | picorv32_core_inc_add_1564_34_g1199 | B ^ -> CO ^ | ADDHX1  | 0.021 |   1.230 |    3.668 | 
     | picorv32_core_inc_add_1564_34_g1198 | B ^ -> CO ^ | ADDHX1  | 0.023 |   1.252 |    3.690 | 
     | picorv32_core_inc_add_1564_34_g1197 | B ^ -> CO ^ | ADDHX1  | 0.024 |   1.276 |    3.714 | 
     | picorv32_core_inc_add_1564_34_g1196 | B ^ -> CO ^ | ADDHX1  | 0.024 |   1.300 |    3.738 | 
     | picorv32_core_inc_add_1564_34_g1195 | B ^ -> CO ^ | ADDHX1  | 0.023 |   1.323 |    3.761 | 
     | picorv32_core_inc_add_1564_34_g1194 | B ^ -> CO ^ | ADDHX1  | 0.023 |   1.346 |    3.784 | 
     | picorv32_core_inc_add_1564_34_g1193 | B ^ -> CO ^ | ADDHX1  | 0.024 |   1.370 |    3.808 | 
     | picorv32_core_inc_add_1564_34_g1192 | B ^ -> CO ^ | ADDHX1  | 0.024 |   1.394 |    3.832 | 
     | picorv32_core_inc_add_1564_34_g1191 | B ^ -> CO ^ | ADDHX1  | 0.023 |   1.417 |    3.855 | 
     | picorv32_core_inc_add_1564_34_g1190 | B ^ -> CO ^ | ADDHX1  | 0.022 |   1.439 |    3.877 | 
     | picorv32_core_inc_add_1564_34_g1189 | B ^ -> CO ^ | ADDHX1  | 0.023 |   1.462 |    3.900 | 
     | picorv32_core_inc_add_1564_34_g1188 | B ^ -> S v  | ADDHX1  | 0.028 |   1.490 |    3.928 | 
     | picorv32_core_g196126               | A v -> Y ^  | MXI2XL  | 0.018 |   1.508 |    3.946 | 
     | picorv32_core_g195204               | B ^ -> Y v  | NOR2X1  | 0.015 |   1.522 |    3.960 | 
     | picorv32_core_count_instr_reg[62]   | D v         | SDFFQX1 | 0.000 |   1.522 |    3.960 | 
     +------------------------------------------------------------------------------------------+ 
Path 48: MET Setup Check with Pin picorv32_core_reg_next_pc_reg[19]/CK 
Endpoint:   picorv32_core_reg_next_pc_reg[19]/D (v) checked with  leading edge 
of 'clk'
Beginpoint: picorv32_core_irq_pending_reg[12]/Q (v) triggered by  leading edge 
of 'clk'
Path Groups: {reg2reg}
Analysis View: analysis1
Other End Arrival Time          0.004
- Setup                         0.022
+ Phase Shift                   4.000
- Uncertainty                   0.020
= Required Time                 3.961
- Arrival Time                  1.522
= Slack Time                    2.440
     Clock Rise Edge                 0.000
     + Clock Network Latency (Prop)  0.006
     = Beginpoint Arrival Time       0.006
     +------------------------------------------------------------------------------------------------------+ 
     |                   Instance                   |     Arc      |   Cell    | Delay | Arrival | Required | 
     |                                              |              |           |       |  Time   |   Time   | 
     |----------------------------------------------+--------------+-----------+-------+---------+----------| 
     | picorv32_core_irq_pending_reg[12]            | CK ^         |           |       |   0.006 |    2.445 | 
     | picorv32_core_irq_pending_reg[12]            | CK ^ -> Q v  | SDFFQX1   | 0.051 |   0.056 |    2.496 | 
     | picorv32_core_g89487__7482                   | B v -> Y ^   | NAND2BX1  | 0.041 |   0.097 |    2.537 | 
     | picorv32_core_g89196__3680                   | B ^ -> Y ^   | AND4XL    | 0.061 |   0.158 |    2.597 | 
     | picorv32_core_g89178__6161                   | D ^ -> Y ^   | AND4XL    | 0.036 |   0.194 |    2.634 | 
     | picorv32_core_g89166__2802                   | D ^ -> Y ^   | AND4XL    | 0.042 |   0.236 |    2.675 | 
     | picorv32_core_g89157__4319                   | D ^ -> Y ^   | AND4XL    | 0.034 |   0.269 |    2.709 | 
     | picorv32_core_g89147__2883                   | D ^ -> Y ^   | AND4XL    | 0.045 |   0.314 |    2.754 | 
     | picorv32_core_g89139__5115                   | D ^ -> Y ^   | AND4XL    | 0.073 |   0.387 |    2.827 | 
     | picorv32_core_g89133__1705                   | D ^ -> Y ^   | AND4XL    | 0.043 |   0.430 |    2.870 | 
     | picorv32_core_g89128__5526                   | D ^ -> Y ^   | AND4XL    | 0.040 |   0.470 |    2.910 | 
     | picorv32_core_g89124__6260                   | D ^ -> Y ^   | AND4X1    | 0.045 |   0.515 |    2.955 | 
     | picorv32_core_g89122__2398                   | D ^ -> Y v   | NAND4XL   | 0.079 |   0.594 |    3.034 | 
     | picorv32_core_g89120__6417                   | B v -> Y ^   | NOR2BX1   | 0.057 |   0.652 |    3.091 | 
     | picorv32_core_g89119__7410                   | D ^ -> Y ^   | OR4X1     | 0.023 |   0.675 |    3.115 | 
     | picorv32_core_g89117__2346                   | B ^ -> Y v   | NAND2BX1  | 0.031 |   0.707 |    3.146 | 
     | picorv32_core_g89115__2883                   | AN v -> Y v  | NAND2BX1  | 0.025 |   0.731 |    3.171 | 
     | picorv32_core_g89112__6161                   | AN v -> Y v  | NAND2BX1  | 0.018 |   0.749 |    3.189 | 
     | picorv32_core_g89111__4733                   | B v -> Y v   | OR2X1     | 0.078 |   0.827 |    3.267 | 
     | picorv32_core_g89108__1881                   | B v -> Y ^   | NOR2BX1   | 0.039 |   0.866 |    3.306 | 
     | picorv32_core_add_1569_33_Y_add_1552_33_g763 | B ^ -> CO ^  | ADDHX1    | 0.025 |   0.892 |    3.332 | 
     | picorv32_core_add_1569_33_Y_add_1552_33_g762 | CI ^ -> CO ^ | ADDFX1    | 0.031 |   0.923 |    3.363 | 
     | picorv32_core_add_1569_33_Y_add_1552_33_g761 | CI ^ -> CO ^ | ADDFX1    | 0.031 |   0.954 |    3.393 | 
     | picorv32_core_add_1569_33_Y_add_1552_33_g760 | CI ^ -> CO ^ | ADDFX1    | 0.032 |   0.985 |    3.425 | 
     | picorv32_core_add_1569_33_Y_add_1552_33_g759 | CI ^ -> CO ^ | ADDFX1    | 0.032 |   1.017 |    3.457 | 
     | picorv32_core_add_1569_33_Y_add_1552_33_g758 | CI ^ -> CO ^ | ADDFX1    | 0.031 |   1.048 |    3.488 | 
     | picorv32_core_add_1569_33_Y_add_1552_33_g757 | CI ^ -> CO ^ | ADDFX1    | 0.031 |   1.080 |    3.519 | 
     | picorv32_core_add_1569_33_Y_add_1552_33_g756 | CI ^ -> CO ^ | ADDFX1    | 0.032 |   1.112 |    3.552 | 
     | picorv32_core_add_1569_33_Y_add_1552_33_g755 | CI ^ -> CO ^ | ADDFX1    | 0.033 |   1.145 |    3.585 | 
     | picorv32_core_add_1569_33_Y_add_1552_33_g754 | CI ^ -> CO ^ | ADDFX1    | 0.032 |   1.177 |    3.617 | 
     | picorv32_core_add_1569_33_Y_add_1552_33_g753 | CI ^ -> CO ^ | ADDFX1    | 0.032 |   1.209 |    3.649 | 
     | picorv32_core_add_1569_33_Y_add_1552_33_g752 | CI ^ -> CO ^ | ADDFX1    | 0.032 |   1.242 |    3.681 | 
     | picorv32_core_add_1569_33_Y_add_1552_33_g751 | CI ^ -> CO ^ | ADDFX1    | 0.034 |   1.275 |    3.715 | 
     | picorv32_core_add_1569_33_Y_add_1552_33_g750 | CI ^ -> CO ^ | ADDFX1    | 0.032 |   1.307 |    3.747 | 
     | picorv32_core_add_1569_33_Y_add_1552_33_g749 | CI ^ -> CO ^ | ADDFX1    | 0.033 |   1.341 |    3.780 | 
     | picorv32_core_add_1569_33_Y_add_1552_33_g748 | CI ^ -> CO ^ | ADDFX1    | 0.034 |   1.375 |    3.814 | 
     | picorv32_core_add_1569_33_Y_add_1552_33_g747 | CI ^ -> CO ^ | ADDFX1    | 0.031 |   1.405 |    3.845 | 
     | picorv32_core_add_1569_33_Y_add_1552_33_g746 | CI ^ -> CO ^ | ADDFX1    | 0.030 |   1.435 |    3.875 | 
     | picorv32_core_add_1569_33_Y_add_1552_33_g745 | CI ^ -> S v  | ADDFX1    | 0.046 |   1.482 |    3.922 | 
     | picorv32_core_g190435__5526                  | B1 v -> Y ^  | AOI22X1   | 0.018 |   1.500 |    3.939 | 
     | picorv32_core_g190404__6260                  | B0 ^ -> Y v  | OAI2BB1X1 | 0.022 |   1.522 |    3.961 | 
     | picorv32_core_reg_next_pc_reg[19]            | D v          | SDFFQX1   | 0.000 |   1.522 |    3.961 | 
     +------------------------------------------------------------------------------------------------------+ 
Path 49: MET Setup Check with Pin picorv32_core_count_cycle_reg[61]/CK 
Endpoint:   picorv32_core_count_cycle_reg[61]/D (^) checked with  leading edge 
of 'clk'
Beginpoint: picorv32_core_count_cycle_reg[0]/Q  (^) triggered by  leading edge 
of 'clk'
Path Groups: {reg2reg}
Analysis View: analysis1
Other End Arrival Time          0.006
- Setup                         0.025
+ Phase Shift                   4.000
- Uncertainty                   0.020
= Required Time                 3.961
- Arrival Time                  1.504
= Slack Time                    2.458
     Clock Rise Edge                 0.000
     + Clock Network Latency (Prop)  0.006
     = Beginpoint Arrival Time       0.006
     +------------------------------------------------------------------------------------------+ 
     |              Instance               |     Arc     |  Cell   | Delay | Arrival | Required | 
     |                                     |             |         |       |  Time   |   Time   | 
     |-------------------------------------+-------------+---------+-------+---------+----------| 
     | picorv32_core_count_cycle_reg[0]    | CK ^        |         |       |   0.006 |    2.464 | 
     | picorv32_core_count_cycle_reg[0]    | CK ^ -> Q ^ | SDFFQX1 | 0.047 |   0.053 |    2.510 | 
     | picorv32_core_inc_add_1433_40_g1249 | B ^ -> CO ^ | ADDHX1  | 0.023 |   0.076 |    2.533 | 
     | picorv32_core_inc_add_1433_40_g1248 | B ^ -> CO ^ | ADDHX1  | 0.021 |   0.097 |    2.555 | 
     | picorv32_core_inc_add_1433_40_g1247 | B ^ -> CO ^ | ADDHX1  | 0.021 |   0.119 |    2.576 | 
     | picorv32_core_inc_add_1433_40_g1246 | B ^ -> CO ^ | ADDHX1  | 0.021 |   0.140 |    2.598 | 
     | picorv32_core_inc_add_1433_40_g1245 | B ^ -> CO ^ | ADDHX1  | 0.023 |   0.163 |    2.621 | 
     | picorv32_core_inc_add_1433_40_g1244 | B ^ -> CO ^ | ADDHX1  | 0.022 |   0.184 |    2.642 | 
     | picorv32_core_inc_add_1433_40_g1243 | B ^ -> CO ^ | ADDHX1  | 0.022 |   0.206 |    2.664 | 
     | picorv32_core_inc_add_1433_40_g1242 | B ^ -> CO ^ | ADDHX1  | 0.023 |   0.229 |    2.687 | 
     | picorv32_core_inc_add_1433_40_g1241 | B ^ -> CO ^ | ADDHX1  | 0.023 |   0.252 |    2.710 | 
     | picorv32_core_inc_add_1433_40_g1240 | B ^ -> CO ^ | ADDHX1  | 0.023 |   0.275 |    2.733 | 
     | picorv32_core_inc_add_1433_40_g1239 | B ^ -> CO ^ | ADDHX1  | 0.024 |   0.299 |    2.757 | 
     | picorv32_core_inc_add_1433_40_g1238 | B ^ -> CO ^ | ADDHX1  | 0.025 |   0.324 |    2.782 | 
     | picorv32_core_inc_add_1433_40_g1237 | B ^ -> CO ^ | ADDHX1  | 0.024 |   0.349 |    2.806 | 
     | picorv32_core_inc_add_1433_40_g1236 | B ^ -> CO ^ | ADDHX1  | 0.023 |   0.371 |    2.829 | 
     | picorv32_core_inc_add_1433_40_g1235 | B ^ -> CO ^ | ADDHX1  | 0.028 |   0.399 |    2.856 | 
     | picorv32_core_inc_add_1433_40_g1234 | B ^ -> CO ^ | ADDHX1  | 0.031 |   0.430 |    2.887 | 
     | picorv32_core_inc_add_1433_40_g1233 | B ^ -> CO ^ | ADDHX1  | 0.023 |   0.453 |    2.911 | 
     | picorv32_core_inc_add_1433_40_g1232 | B ^ -> CO ^ | ADDHX1  | 0.022 |   0.475 |    2.932 | 
     | picorv32_core_inc_add_1433_40_g1231 | B ^ -> CO ^ | ADDHX1  | 0.021 |   0.496 |    2.954 | 
     | picorv32_core_inc_add_1433_40_g1230 | B ^ -> CO ^ | ADDHX1  | 0.021 |   0.517 |    2.974 | 
     | picorv32_core_inc_add_1433_40_g1229 | B ^ -> CO ^ | ADDHX1  | 0.021 |   0.538 |    2.996 | 
     | picorv32_core_inc_add_1433_40_g1228 | B ^ -> CO ^ | ADDHX1  | 0.026 |   0.564 |    3.022 | 
     | picorv32_core_inc_add_1433_40_g1227 | B ^ -> CO ^ | ADDHX1  | 0.026 |   0.590 |    3.048 | 
     | picorv32_core_inc_add_1433_40_g1226 | B ^ -> CO ^ | ADDHX1  | 0.023 |   0.613 |    3.071 | 
     | picorv32_core_inc_add_1433_40_g1225 | B ^ -> CO ^ | ADDHX1  | 0.024 |   0.637 |    3.095 | 
     | picorv32_core_inc_add_1433_40_g1224 | B ^ -> CO ^ | ADDHX1  | 0.023 |   0.660 |    3.117 | 
     | picorv32_core_inc_add_1433_40_g1223 | B ^ -> CO ^ | ADDHX1  | 0.024 |   0.684 |    3.142 | 
     | picorv32_core_inc_add_1433_40_g1222 | B ^ -> CO ^ | ADDHX1  | 0.025 |   0.709 |    3.167 | 
     | picorv32_core_inc_add_1433_40_g1221 | B ^ -> CO ^ | ADDHX1  | 0.023 |   0.733 |    3.190 | 
     | picorv32_core_inc_add_1433_40_g1220 | B ^ -> CO ^ | ADDHX1  | 0.024 |   0.756 |    3.214 | 
     | picorv32_core_inc_add_1433_40_g1219 | B ^ -> CO ^ | ADDHX1  | 0.027 |   0.783 |    3.240 | 
     | picorv32_core_inc_add_1433_40_g1218 | B ^ -> CO ^ | ADDHX1  | 0.023 |   0.806 |    3.264 | 
     | picorv32_core_inc_add_1433_40_g1217 | B ^ -> CO ^ | ADDHX1  | 0.021 |   0.827 |    3.284 | 
     | picorv32_core_inc_add_1433_40_g1216 | B ^ -> CO ^ | ADDHX1  | 0.021 |   0.848 |    3.306 | 
     | picorv32_core_inc_add_1433_40_g1215 | B ^ -> CO ^ | ADDHX1  | 0.021 |   0.869 |    3.327 | 
     | picorv32_core_inc_add_1433_40_g1214 | B ^ -> CO ^ | ADDHX1  | 0.023 |   0.892 |    3.350 | 
     | picorv32_core_inc_add_1433_40_g1213 | B ^ -> CO ^ | ADDHX1  | 0.022 |   0.914 |    3.371 | 
     | picorv32_core_inc_add_1433_40_g1212 | B ^ -> CO ^ | ADDHX1  | 0.021 |   0.935 |    3.393 | 
     | picorv32_core_inc_add_1433_40_g1211 | B ^ -> CO ^ | ADDHX1  | 0.023 |   0.958 |    3.416 | 
     | picorv32_core_inc_add_1433_40_g1210 | B ^ -> CO ^ | ADDHX1  | 0.023 |   0.981 |    3.438 | 
     | picorv32_core_inc_add_1433_40_g1209 | B ^ -> CO ^ | ADDHX1  | 0.022 |   1.003 |    3.461 | 
     | picorv32_core_inc_add_1433_40_g1208 | B ^ -> CO ^ | ADDHX1  | 0.022 |   1.025 |    3.482 | 
     | picorv32_core_inc_add_1433_40_g1207 | B ^ -> CO ^ | ADDHX1  | 0.023 |   1.048 |    3.506 | 
     | picorv32_core_inc_add_1433_40_g1206 | B ^ -> CO ^ | ADDHX1  | 0.025 |   1.073 |    3.531 | 
     | picorv32_core_inc_add_1433_40_g1205 | B ^ -> CO ^ | ADDHX1  | 0.023 |   1.096 |    3.554 | 
     | picorv32_core_inc_add_1433_40_g1204 | B ^ -> CO ^ | ADDHX1  | 0.025 |   1.121 |    3.579 | 
     | picorv32_core_inc_add_1433_40_g1203 | B ^ -> CO ^ | ADDHX1  | 0.026 |   1.148 |    3.605 | 
     | picorv32_core_inc_add_1433_40_g1202 | B ^ -> CO ^ | ADDHX1  | 0.033 |   1.180 |    3.638 | 
     | picorv32_core_inc_add_1433_40_g1201 | B ^ -> CO ^ | ADDHX1  | 0.024 |   1.205 |    3.662 | 
     | picorv32_core_inc_add_1433_40_g1200 | B ^ -> CO ^ | ADDHX1  | 0.021 |   1.226 |    3.683 | 
     | picorv32_core_inc_add_1433_40_g1199 | B ^ -> CO ^ | ADDHX1  | 0.021 |   1.247 |    3.705 | 
     | picorv32_core_inc_add_1433_40_g1198 | B ^ -> CO ^ | ADDHX1  | 0.021 |   1.268 |    3.726 | 
     | picorv32_core_inc_add_1433_40_g1197 | B ^ -> CO ^ | ADDHX1  | 0.022 |   1.290 |    3.748 | 
     | picorv32_core_inc_add_1433_40_g1196 | B ^ -> CO ^ | ADDHX1  | 0.021 |   1.311 |    3.769 | 
     | picorv32_core_inc_add_1433_40_g1195 | B ^ -> CO ^ | ADDHX1  | 0.021 |   1.332 |    3.790 | 
     | picorv32_core_inc_add_1433_40_g1194 | B ^ -> CO ^ | ADDHX1  | 0.033 |   1.365 |    3.823 | 
     | picorv32_core_inc_add_1433_40_g1193 | B ^ -> CO ^ | ADDHX1  | 0.028 |   1.393 |    3.851 | 
     | picorv32_core_inc_add_1433_40_g1192 | B ^ -> CO ^ | ADDHX1  | 0.025 |   1.418 |    3.876 | 
     | picorv32_core_inc_add_1433_40_g1191 | B ^ -> CO ^ | ADDHX1  | 0.024 |   1.442 |    3.899 | 
     | picorv32_core_inc_add_1433_40_g1190 | B ^ -> CO ^ | ADDHX1  | 0.023 |   1.464 |    3.922 | 
     | picorv32_core_inc_add_1433_40_g1189 | B ^ -> S ^  | ADDHX1  | 0.021 |   1.485 |    3.943 | 
     | picorv32_core_g196912               | A ^ -> Y ^  | AND2X1  | 0.019 |   1.504 |    3.961 | 
     | picorv32_core_count_cycle_reg[61]   | D ^         | SDFFQX1 | 0.000 |   1.504 |    3.961 | 
     +------------------------------------------------------------------------------------------+ 
Path 50: MET Setup Check with Pin picorv32_core_count_instr_reg[61]/CK 
Endpoint:   picorv32_core_count_instr_reg[61]/D (v) checked with  leading edge 
of 'clk'
Beginpoint: picorv32_core_count_instr_reg[1]/Q  (^) triggered by  leading edge 
of 'clk'
Path Groups: {reg2reg}
Analysis View: analysis1
Other End Arrival Time          0.006
- Setup                         0.025
+ Phase Shift                   4.000
- Uncertainty                   0.020
= Required Time                 3.961
- Arrival Time                  1.499
= Slack Time                    2.462
     Clock Rise Edge                 0.000
     + Clock Network Latency (Prop)  0.006
     = Beginpoint Arrival Time       0.006
     +------------------------------------------------------------------------------------------+ 
     |              Instance               |     Arc     |  Cell   | Delay | Arrival | Required | 
     |                                     |             |         |       |  Time   |   Time   | 
     |-------------------------------------+-------------+---------+-------+---------+----------| 
     | picorv32_core_count_instr_reg[1]    | CK ^        |         |       |   0.006 |    2.468 | 
     | picorv32_core_count_instr_reg[1]    | CK ^ -> Q ^ | SDFFQX1 | 0.048 |   0.054 |    2.516 | 
     | picorv32_core_inc_add_1564_34_g1249 | A ^ -> CO ^ | ADDHX1  | 0.024 |   0.078 |    2.540 | 
     | picorv32_core_inc_add_1564_34_g1248 | B ^ -> CO ^ | ADDHX1  | 0.021 |   0.099 |    2.561 | 
     | picorv32_core_inc_add_1564_34_g1247 | B ^ -> CO ^ | ADDHX1  | 0.021 |   0.120 |    2.582 | 
     | picorv32_core_inc_add_1564_34_g1246 | B ^ -> CO ^ | ADDHX1  | 0.025 |   0.145 |    2.607 | 
     | picorv32_core_inc_add_1564_34_g1245 | B ^ -> CO ^ | ADDHX1  | 0.023 |   0.167 |    2.629 | 
     | picorv32_core_inc_add_1564_34_g1244 | B ^ -> CO ^ | ADDHX1  | 0.022 |   0.189 |    2.651 | 
     | picorv32_core_inc_add_1564_34_g1243 | B ^ -> CO ^ | ADDHX1  | 0.023 |   0.212 |    2.674 | 
     | picorv32_core_inc_add_1564_34_g1242 | B ^ -> CO ^ | ADDHX1  | 0.022 |   0.233 |    2.695 | 
     | picorv32_core_inc_add_1564_34_g1241 | B ^ -> CO ^ | ADDHX1  | 0.025 |   0.258 |    2.720 | 
     | picorv32_core_inc_add_1564_34_g1240 | B ^ -> CO ^ | ADDHX1  | 0.024 |   0.283 |    2.745 | 
     | picorv32_core_inc_add_1564_34_g1239 | B ^ -> CO ^ | ADDHX1  | 0.024 |   0.306 |    2.768 | 
     | picorv32_core_inc_add_1564_34_g1238 | B ^ -> CO ^ | ADDHX1  | 0.022 |   0.328 |    2.790 | 
     | picorv32_core_inc_add_1564_34_g1237 | B ^ -> CO ^ | ADDHX1  | 0.023 |   0.352 |    2.814 | 
     | picorv32_core_inc_add_1564_34_g1236 | B ^ -> CO ^ | ADDHX1  | 0.022 |   0.374 |    2.836 | 
     | picorv32_core_inc_add_1564_34_g1235 | B ^ -> CO ^ | ADDHX1  | 0.025 |   0.399 |    2.861 | 
     | picorv32_core_inc_add_1564_34_g1234 | B ^ -> CO ^ | ADDHX1  | 0.027 |   0.426 |    2.888 | 
     | picorv32_core_inc_add_1564_34_g1233 | B ^ -> CO ^ | ADDHX1  | 0.024 |   0.450 |    2.912 | 
     | picorv32_core_inc_add_1564_34_g1232 | B ^ -> CO ^ | ADDHX1  | 0.021 |   0.471 |    2.933 | 
     | picorv32_core_inc_add_1564_34_g1231 | B ^ -> CO ^ | ADDHX1  | 0.021 |   0.493 |    2.955 | 
     | picorv32_core_inc_add_1564_34_g1230 | B ^ -> CO ^ | ADDHX1  | 0.021 |   0.514 |    2.976 | 
     | picorv32_core_inc_add_1564_34_g1229 | B ^ -> CO ^ | ADDHX1  | 0.023 |   0.537 |    2.999 | 
     | picorv32_core_inc_add_1564_34_g1228 | B ^ -> CO ^ | ADDHX1  | 0.023 |   0.559 |    3.021 | 
     | picorv32_core_inc_add_1564_34_g1227 | B ^ -> CO ^ | ADDHX1  | 0.024 |   0.583 |    3.045 | 
     | picorv32_core_inc_add_1564_34_g1226 | B ^ -> CO ^ | ADDHX1  | 0.023 |   0.605 |    3.067 | 
     | picorv32_core_inc_add_1564_34_g1225 | B ^ -> CO ^ | ADDHX1  | 0.026 |   0.632 |    3.094 | 
     | picorv32_core_inc_add_1564_34_g1224 | B ^ -> CO ^ | ADDHX1  | 0.022 |   0.654 |    3.116 | 
     | picorv32_core_inc_add_1564_34_g1223 | B ^ -> CO ^ | ADDHX1  | 0.022 |   0.677 |    3.139 | 
     | picorv32_core_inc_add_1564_34_g1222 | B ^ -> CO ^ | ADDHX1  | 0.024 |   0.701 |    3.163 | 
     | picorv32_core_inc_add_1564_34_g1221 | B ^ -> CO ^ | ADDHX1  | 0.023 |   0.724 |    3.186 | 
     | picorv32_core_inc_add_1564_34_g1220 | B ^ -> CO ^ | ADDHX1  | 0.024 |   0.748 |    3.210 | 
     | picorv32_core_inc_add_1564_34_g1219 | B ^ -> CO ^ | ADDHX1  | 0.025 |   0.773 |    3.235 | 
     | picorv32_core_inc_add_1564_34_g1218 | B ^ -> CO ^ | ADDHX1  | 0.022 |   0.795 |    3.257 | 
     | picorv32_core_inc_add_1564_34_g1217 | B ^ -> CO ^ | ADDHX1  | 0.021 |   0.816 |    3.278 | 
     | picorv32_core_inc_add_1564_34_g1216 | B ^ -> CO ^ | ADDHX1  | 0.021 |   0.838 |    3.300 | 
     | picorv32_core_inc_add_1564_34_g1215 | B ^ -> CO ^ | ADDHX1  | 0.022 |   0.859 |    3.321 | 
     | picorv32_core_inc_add_1564_34_g1214 | B ^ -> CO ^ | ADDHX1  | 0.022 |   0.882 |    3.344 | 
     | picorv32_core_inc_add_1564_34_g1213 | B ^ -> CO ^ | ADDHX1  | 0.021 |   0.903 |    3.365 | 
     | picorv32_core_inc_add_1564_34_g1212 | B ^ -> CO ^ | ADDHX1  | 0.022 |   0.925 |    3.387 | 
     | picorv32_core_inc_add_1564_34_g1211 | B ^ -> CO ^ | ADDHX1  | 0.022 |   0.946 |    3.408 | 
     | picorv32_core_inc_add_1564_34_g1210 | B ^ -> CO ^ | ADDHX1  | 0.024 |   0.971 |    3.433 | 
     | picorv32_core_inc_add_1564_34_g1209 | B ^ -> CO ^ | ADDHX1  | 0.023 |   0.993 |    3.455 | 
     | picorv32_core_inc_add_1564_34_g1208 | B ^ -> CO ^ | ADDHX1  | 0.022 |   1.016 |    3.478 | 
     | picorv32_core_inc_add_1564_34_g1207 | B ^ -> CO ^ | ADDHX1  | 0.025 |   1.041 |    3.503 | 
     | picorv32_core_inc_add_1564_34_g1206 | B ^ -> CO ^ | ADDHX1  | 0.022 |   1.063 |    3.525 | 
     | picorv32_core_inc_add_1564_34_g1205 | B ^ -> CO ^ | ADDHX1  | 0.023 |   1.086 |    3.548 | 
     | picorv32_core_inc_add_1564_34_g1204 | B ^ -> CO ^ | ADDHX1  | 0.023 |   1.109 |    3.571 | 
     | picorv32_core_inc_add_1564_34_g1203 | B ^ -> CO ^ | ADDHX1  | 0.027 |   1.136 |    3.598 | 
     | picorv32_core_inc_add_1564_34_g1202 | B ^ -> CO ^ | ADDHX1  | 0.026 |   1.162 |    3.624 | 
     | picorv32_core_inc_add_1564_34_g1201 | B ^ -> CO ^ | ADDHX1  | 0.025 |   1.187 |    3.649 | 
     | picorv32_core_inc_add_1564_34_g1200 | B ^ -> CO ^ | ADDHX1  | 0.022 |   1.209 |    3.671 | 
     | picorv32_core_inc_add_1564_34_g1199 | B ^ -> CO ^ | ADDHX1  | 0.021 |   1.230 |    3.692 | 
     | picorv32_core_inc_add_1564_34_g1198 | B ^ -> CO ^ | ADDHX1  | 0.023 |   1.252 |    3.714 | 
     | picorv32_core_inc_add_1564_34_g1197 | B ^ -> CO ^ | ADDHX1  | 0.024 |   1.276 |    3.738 | 
     | picorv32_core_inc_add_1564_34_g1196 | B ^ -> CO ^ | ADDHX1  | 0.024 |   1.300 |    3.762 | 
     | picorv32_core_inc_add_1564_34_g1195 | B ^ -> CO ^ | ADDHX1  | 0.023 |   1.323 |    3.785 | 
     | picorv32_core_inc_add_1564_34_g1194 | B ^ -> CO ^ | ADDHX1  | 0.023 |   1.346 |    3.808 | 
     | picorv32_core_inc_add_1564_34_g1193 | B ^ -> CO ^ | ADDHX1  | 0.024 |   1.370 |    3.832 | 
     | picorv32_core_inc_add_1564_34_g1192 | B ^ -> CO ^ | ADDHX1  | 0.024 |   1.394 |    3.856 | 
     | picorv32_core_inc_add_1564_34_g1191 | B ^ -> CO ^ | ADDHX1  | 0.023 |   1.417 |    3.879 | 
     | picorv32_core_inc_add_1564_34_g1190 | B ^ -> CO ^ | ADDHX1  | 0.022 |   1.439 |    3.901 | 
     | picorv32_core_inc_add_1564_34_g1189 | B ^ -> S v  | ADDHX1  | 0.028 |   1.467 |    3.929 | 
     | picorv32_core_g196125               | A v -> Y ^  | MXI2XL  | 0.018 |   1.484 |    3.946 | 
     | picorv32_core_g195203               | B ^ -> Y v  | NOR2X1  | 0.015 |   1.499 |    3.961 | 
     | picorv32_core_count_instr_reg[61]   | D v         | SDFFQX1 | 0.000 |   1.499 |    3.961 | 
     +------------------------------------------------------------------------------------------+ 

