Cadence Genus(TM) Synthesis Solution.
Copyright 2022 Cadence Design Systems, Inc. All rights reserved worldwide.
Cadence and the Cadence logo are registered trademarks and Genus is a trademark
of Cadence Design Systems, Inc. in the United States and other countries.

[18:46:01.187809] Configured Lic search path (21.01-s002): 5280@cadence.it.auth.gr

Version: 21.15-s080_1, built Fri Sep 23 02:57:55 PDT 2022
Options: 
Date:    Sun Nov 30 18:46:01 2025
Host:    cn88.it.auth.gr (x86_64 w/Linux 5.14.0-570.52.1.el9_6.x86_64) (12cores*12cpus*1physical cpu*Intel(R) Xeon(R) Gold 6230 CPU @ 2.10GHz 28160KB) (49034376KB)
PID:     833597
OS:      Rocky Linux release 9.6 (Blue Onyx)


[18:46:01.352401] Periodic Lic check successful
[18:46:01.352410] Feature usage summary:
[18:46:01.352411] Genus_Synthesis
Checking out license: Genus_Synthesis


***********************************************************************************************************
***********************************************************************************************************



Loading tool scripts...
Finished loading tool scripts (13 seconds elapsed).

WARNING: This version of the tool is 1164 days old.
@genus:root: 1> set_db library /mnt/apps/prebuilt/eda/designkits/GPDK/gsclib045/lan/flow/t1u1/reference_libs/GPDK045/gsclib045_svt_v4.4/gsclib045/timing/fast_vdd1v2_basicCells.lib

Threads Configured:3

  Message Summary for Library fast_vdd1v2_basicCells.lib:
  *******************************************************
  Missing a function attribute in the output pin definition. [LBR-518]: 1
  *******************************************************
 
Info    : Created nominal operating condition. [LBR-412]
        : Operating condition '_nominal_' was created for the PVT values (1.000000, 1.320000, 0.000000) in library 'fast_vdd1v2_basicCells.lib'.
        : The nominal operating condition is represented, either by the nominal PVT values specified in the library source (via nom_process,nom_voltage and nom_temperature respectively), or by the default PVT values (1.0,1.0,1.0).
Warning : Library cell has no output pins defined. [LBR-9]
        : Library cell 'ANTENNA' must have an output pin.
        : Add the missing output pin(s), then reload the library. Else the library cell will be marked as timing model i.e. unusable. Timing_model means that the cell does not have any defined function. If there is no output pin, Genus will mark library cell as unusable i.e. the attribute 'usable' will be marked to 'false' on the libcell. Therefore, the cell is not used for mapping and it will not be picked up from the library for synthesis. If you query the attribute 'unusable_reason' on the libcell; result will be: 'Library cell has no output pins.'Note: The message LBR-9 is only for the logical pins and not for the power_ground pins. Genus will depend upon the output function defined in the pin group (output pin) of the cell, to use it for mapping. The pg_pin will not have any function defined.
Warning : Library cell has no output pins defined. [LBR-9]
        : Library cell 'ANTENNA' must have an output pin.
Warning : Library cell has no output pins defined. [LBR-9]
        : Library cell 'DECAP10' must have an output pin.
Warning : Library cell has no output pins defined. [LBR-9]
        : Library cell 'DECAP10' must have an output pin.
Warning : Library cell has no output pins defined. [LBR-9]
        : Library cell 'DECAP2' must have an output pin.
Warning : Library cell has no output pins defined. [LBR-9]
        : Library cell 'DECAP2' must have an output pin.
Warning : Library cell has no output pins defined. [LBR-9]
        : Library cell 'DECAP3' must have an output pin.
Warning : Library cell has no output pins defined. [LBR-9]
        : Library cell 'DECAP3' must have an output pin.
Warning : Library cell has no output pins defined. [LBR-9]
        : Library cell 'DECAP4' must have an output pin.
Warning : Library cell has no output pins defined. [LBR-9]
        : Library cell 'DECAP4' must have an output pin.
Warning : Library cell has no output pins defined. [LBR-9]
        : Library cell 'DECAP5' must have an output pin.
Warning : Library cell has no output pins defined. [LBR-9]
        : Library cell 'DECAP5' must have an output pin.
Warning : Library cell has no output pins defined. [LBR-9]
        : Library cell 'DECAP6' must have an output pin.
Warning : Library cell has no output pins defined. [LBR-9]
        : Library cell 'DECAP6' must have an output pin.
Warning : Library cell has no output pins defined. [LBR-9]
        : Library cell 'DECAP7' must have an output pin.
Warning : Library cell has no output pins defined. [LBR-9]
        : Library cell 'DECAP7' must have an output pin.
Warning : Library cell has no output pins defined. [LBR-9]
        : Library cell 'DECAP8' must have an output pin.
Warning : Library cell has no output pins defined. [LBR-9]
        : Library cell 'DECAP8' must have an output pin.
Warning : Library cell has no output pins defined. [LBR-9]
        : Library cell 'DECAP9' must have an output pin.
Warning : Library cell has no output pins defined. [LBR-9]
        : Library cell 'DECAP9' must have an output pin.
  Setting attribute of root '/': 'library' = /mnt/apps/prebuilt/eda/designkits/GPDK/gsclib045/lan/flow/t1u1/reference_libs/GPDK045/gsclib045_svt_v4.4/gsclib045/timing/fast_vdd1v2_basicCells.lib
1 /mnt/apps/prebuilt/eda/designkits/GPDK/gsclib045/lan/flow/t1u1/reference_libs/GPDK045/gsclib045_svt_v4.4/gsclib045/timing/fast_vdd1v2_basicCells.lib
@genus:root: 2> set_db lef_library {/mnt/apps/prebuilt/eda/designkits/GPDK/gsclib045/lan/flow/t1u1/reference_libs/GPDK045/gsclib045_svt_v4.4/gsclib045/lef/gsclib045_tech.lef /mnt/apps/prebuilt/eda/designkits/GPDK/gsclib045/lan/flow/t1u1/reference_libs/GPDK045/gsclib045_svt_v4.4/gsclib045/lef/gsclib045_macro.lef }
Info    : Via with no resistance will have a value of '0.0' assigned for resistance value. [PHYS-129]
        : Via 'M2_M1_HV' has no resistance value.
        : If this is the expected behavior, this message can be ignored.
Info    : Via with no resistance will have a value of '0.0' assigned for resistance value. [PHYS-129]
        : Via 'M2_M1_VV' has no resistance value.
Info    : Via with no resistance will have a value of '0.0' assigned for resistance value. [PHYS-129]
        : Via 'M2_M1_VH' has no resistance value.
Info    : Via with no resistance will have a value of '0.0' assigned for resistance value. [PHYS-129]
        : Via 'M2_M1_HH' has no resistance value.
Info    : Via with no resistance will have a value of '0.0' assigned for resistance value. [PHYS-129]
        : Via 'M2_M1_2x1_HV_E' has no resistance value.
Info    : Via with no resistance will have a value of '0.0' assigned for resistance value. [PHYS-129]
        : Via 'M2_M1_2x1_HV_W' has no resistance value.
Info    : Via with no resistance will have a value of '0.0' assigned for resistance value. [PHYS-129]
        : Via 'M2_M1_1x2_HV_N' has no resistance value.
Info    : Via with no resistance will have a value of '0.0' assigned for resistance value. [PHYS-129]
        : Via 'M2_M1_1x2_HV_S' has no resistance value.
Info    : Via with no resistance will have a value of '0.0' assigned for resistance value. [PHYS-129]
        : Via 'M3_M2_VH' has no resistance value.
Info    : Via with no resistance will have a value of '0.0' assigned for resistance value. [PHYS-129]
        : Via 'M3_M2_HH' has no resistance value.
Info    : Via with no resistance will have a value of '0.0' assigned for resistance value. [PHYS-129]
        : Via 'M3_M2_HV' has no resistance value.
Info    : Via with no resistance will have a value of '0.0' assigned for resistance value. [PHYS-129]
        : Via 'M3_M2_VV' has no resistance value.
Info    : Via with no resistance will have a value of '0.0' assigned for resistance value. [PHYS-129]
        : Via 'M3_M2_M_NH' has no resistance value.
Info    : Via with no resistance will have a value of '0.0' assigned for resistance value. [PHYS-129]
        : Via 'M3_M2_M_SH' has no resistance value.
Info    : Via with no resistance will have a value of '0.0' assigned for resistance value. [PHYS-129]
        : Via 'M3_M2_2x1_VH_E' has no resistance value.
Info    : Via with no resistance will have a value of '0.0' assigned for resistance value. [PHYS-129]
        : Via 'M3_M2_2x1_VH_W' has no resistance value.
Info    : Via with no resistance will have a value of '0.0' assigned for resistance value. [PHYS-129]
        : Via 'M3_M2_1x2_VH_N' has no resistance value.
Info    : Via with no resistance will have a value of '0.0' assigned for resistance value. [PHYS-129]
        : Via 'M3_M2_1x2_VH_S' has no resistance value.
Info    : Via with no resistance will have a value of '0.0' assigned for resistance value. [PHYS-129]
        : Via 'M4_M3_HV' has no resistance value.
Info    : Via with no resistance will have a value of '0.0' assigned for resistance value. [PHYS-129]
        : Via 'M4_M3_VV' has no resistance value.
Warning : Maximum message print count reached. [MESG-11]
        : Maximum print count of '20' reached for message 'PHYS-129'.

  According to lef_library, there are total 11 routing layers [ V(5) / H(6) ]

  Library has 324 usable logic and 128 usable sequential lib-cells.
Warning : Physical cell not defined in library. [PHYS-279]
        : The physical (LEF) cell DFF2RX1 cannot be found in library.
        : Ensure that the proper library files are available and have been imported.
Warning : Physical cell not defined in library. [PHYS-279]
        : The physical (LEF) cell DFF2RX2 cannot be found in library.
Warning : Physical cell not defined in library. [PHYS-279]
        : The physical (LEF) cell DFF2X1 cannot be found in library.
Warning : Physical cell not defined in library. [PHYS-279]
        : The physical (LEF) cell DFF2X2 cannot be found in library.
Warning : Physical cell not defined in library. [PHYS-279]
        : The physical (LEF) cell DFF4RX1 cannot be found in library.
Warning : Physical cell not defined in library. [PHYS-279]
        : The physical (LEF) cell DFF4RX2 cannot be found in library.
Warning : Physical cell not defined in library. [PHYS-279]
        : The physical (LEF) cell DFF4X1 cannot be found in library.
Warning : Physical cell not defined in library. [PHYS-279]
        : The physical (LEF) cell DFF4X2 cannot be found in library.
Warning : Physical cell not defined in library. [PHYS-279]
        : The physical (LEF) cell FILL1 cannot be found in library.
Warning : Physical cell not defined in library. [PHYS-279]
        : The physical (LEF) cell FILL16 cannot be found in library.
Warning : Physical cell not defined in library. [PHYS-279]
        : The physical (LEF) cell FILL2 cannot be found in library.
Warning : Physical cell not defined in library. [PHYS-279]
        : The physical (LEF) cell FILL32 cannot be found in library.
Warning : Physical cell not defined in library. [PHYS-279]
        : The physical (LEF) cell FILL4 cannot be found in library.
Warning : Physical cell not defined in library. [PHYS-279]
        : The physical (LEF) cell FILL64 cannot be found in library.
Warning : Physical cell not defined in library. [PHYS-279]
        : The physical (LEF) cell FILL8 cannot be found in library.
Warning : Physical cell not defined in library. [PHYS-279]
        : The physical (LEF) cell FSWNX1 cannot be found in library.
Warning : Physical cell not defined in library. [PHYS-279]
        : The physical (LEF) cell FSWX1 cannot be found in library.
Warning : Physical cell not defined in library. [PHYS-279]
        : The physical (LEF) cell HSWDNX1 cannot be found in library.
Warning : Physical cell not defined in library. [PHYS-279]
        : The physical (LEF) cell HSWDX1 cannot be found in library.
Warning : Physical cell not defined in library. [PHYS-279]
        : The physical (LEF) cell HSWNX1 cannot be found in library.
Warning : Maximum message print count reached. [MESG-11]
        : Maximum print count of '20' reached for message 'PHYS-279'.
  Setting attribute of root '/': 'lef_library' = /mnt/apps/prebuilt/eda/designkits/GPDK/gsclib045/lan/flow/t1u1/reference_libs/GPDK045/gsclib045_svt_v4.4/gsclib045/lef/gsclib045_tech.lef /mnt/apps/prebuilt/eda/designkits/GPDK/gsclib045/lan/flow/t1u1/reference_libs/GPDK045/gsclib045_svt_v4.4/gsclib045/lef/gsclib045_macro.lef
1 {/mnt/apps/prebuilt/eda/designkits/GPDK/gsclib045/lan/flow/t1u1/reference_libs/GPDK045/gsclib045_svt_v4.4/gsclib045/lef/gsclib045_tech.lef /mnt/apps/prebuilt/eda/designkits/GPDK/gsclib045/lan/flow/t1u1/reference_libs/GPDK045/gsclib045_svt_v4.4/gsclib045/lef/gsclib045_macro.lef}
@genus:root: 3> read_qrc /mnt/apps/prebuilt/eda/designkits/GPDK/gsclib045/lan/flow/t1u1/reference_libs/GPDK045/gsclib045_svt_v4.4/gsclib045/qrc/qx/gpdk045.tch

  According to qrc_tech_file, there are total 11 routing layers [ V(5) / H(6) ]

Done reading qrc_tech_file
@genus:root: 4> 
@genus:root: 4> ################################################################################
@genus:root: 5> ## 2. DFT SETUP (BEFORE ELABORATION)
@genus:root: 6> ################################################################################
@genus:root: 7> 
@genus:root: 7> # === TASK 6 CHANGE: DFT CONFIGURATION ===
@genus:root: 8> # Define Scan Style (Muxed Scan is standard) [cite: 703]
@genus:root: 9> set_db dft_scan_style muxed_scan
  Setting attribute of root '/': 'dft_scan_style' = muxed_scan
1 muxed_scan
@genus:root: 10> set_db dft_prefix DFT_
  Setting attribute of root '/': 'dft_prefix' = DFT_
1 DFT_
@genus:root: 11> 
@genus:root: 11> read_hdl /home/p/ppapadoe/Desktop/vlsi-asic/picorv32.v
	initial begin
	      |
Warning : Ignoring unsynthesizable construct. [VLOGPT-37]
        : Initial in file '/home/p/ppapadoe/Desktop/vlsi-asic/picorv32.v' on line 206, column 8.
        : For example, the following constructs will be ignored:
    - initial block
    - final block
    - program block
    - property block
    - sequence block
    - covergroup
    - checker block
    - gate drive strength
    - system task enable
    - reg declaration with initial value
    - specify block.
@genus:root: 12> elaborate picorv32_wb
Info    : Elaborating Design. [ELAB-1]
        : Elaborating top-level block 'picorv32_wb' from file '/home/p/ppapadoe/Desktop/vlsi-asic/picorv32.v'.
Warning : Using default parameter value for module elaboration. [CDFG-818]
        : Elaborating block 'picorv32_wb' with default parameters value.
Warning : Removing unused register. [CDFG-508]
        : Removing unused flip-flop register 'rs1_q' in module 'picorv32_pcpi_fast_mul' in file '/home/p/ppapadoe/Desktop/vlsi-asic/picorv32.v' on line 2342.
        : Genus removes the flip-flop or latch inferred for an unused signal or variable. To preserve the flip-flop or latch, set the hdl_preserve_unused_registers attribute to true or use a pragma in the RTL.
Warning : Removing unused register. [CDFG-508]
        : Removing unused flip-flop register 'rs2_q' in module 'picorv32_pcpi_fast_mul' in file '/home/p/ppapadoe/Desktop/vlsi-asic/picorv32.v' on line 2342.
Warning : Removing unused register. [CDFG-508]
        : Removing unused flip-flop register 'rd_q' in module 'picorv32_pcpi_fast_mul' in file '/home/p/ppapadoe/Desktop/vlsi-asic/picorv32.v' on line 2343.
Warning : Removing unused register. [CDFG-508]
        : Removing unused flip-flop register 'pcpi_insn_valid_q' in module 'picorv32_pcpi_fast_mul' in file '/home/p/ppapadoe/Desktop/vlsi-asic/picorv32.v' on line 2346.
Warning : Removing unused register. [CDFG-508]
        : Removing unused flip-flop register 'mem_la_firstword_reg' in module 'picorv32_ENABLE_COUNTERS1_ENABLE_COUNTERS641_ENABLE_REGS_16_311_ENABLE_REGS_DUALPORT1_TWO_STAGE_SHIFT1_BARREL_SHIFTER1_TWO_CYCLE_COMPARE0_TWO_CYCLE_ALU1_COMPRESSED_ISA0_CATCH_MISALIGN1_CATCH_ILLINSN1_ENABLE_PCPI1_ENABLE_MUL1_ENABLE_FAST_MUL1_ENABLE_DIV1_ENABLE_IRQ1_ENABLE_IRQ_QREGS1_ENABLE_IRQ_TIMER1_ENABLE_TRACE0_REGS_INIT_ZERO0_MASKED_IRQ0_LATCHED_IRQn1_PROGADDR_RESET0_PROGADDR_IRQ16_STACKADDRn1' in file '/home/p/ppapadoe/Desktop/vlsi-asic/picorv32.v' on line 361.
Warning : Removing unused register. [CDFG-508]
        : Removing unused flip-flop register 'last_mem_valid' in module 'picorv32_ENABLE_COUNTERS1_ENABLE_COUNTERS641_ENABLE_REGS_16_311_ENABLE_REGS_DUALPORT1_TWO_STAGE_SHIFT1_BARREL_SHIFTER1_TWO_CYCLE_COMPARE0_TWO_CYCLE_ALU1_COMPRESSED_ISA0_CATCH_MISALIGN1_CATCH_ILLINSN1_ENABLE_PCPI1_ENABLE_MUL1_ENABLE_FAST_MUL1_ENABLE_DIV1_ENABLE_IRQ1_ENABLE_IRQ_QREGS1_ENABLE_IRQ_TIMER1_ENABLE_TRACE0_REGS_INIT_ZERO0_MASKED_IRQ0_LATCHED_IRQn1_PROGADDR_RESET0_PROGADDR_IRQ16_STACKADDRn1' in file '/home/p/ppapadoe/Desktop/vlsi-asic/picorv32.v' on line 395.
Warning : Removing unused register. [CDFG-508]
        : Removing unused flip-flop register 'next_insn_opcode' in module 'picorv32_ENABLE_COUNTERS1_ENABLE_COUNTERS641_ENABLE_REGS_16_311_ENABLE_REGS_DUALPORT1_TWO_STAGE_SHIFT1_BARREL_SHIFTER1_TWO_CYCLE_COMPARE0_TWO_CYCLE_ALU1_COMPRESSED_ISA0_CATCH_MISALIGN1_CATCH_ILLINSN1_ENABLE_PCPI1_ENABLE_MUL1_ENABLE_FAST_MUL1_ENABLE_DIV1_ENABLE_IRQ1_ENABLE_IRQ_QREGS1_ENABLE_IRQ_TIMER1_ENABLE_TRACE0_REGS_INIT_ZERO0_MASKED_IRQ0_LATCHED_IRQn1_PROGADDR_RESET0_PROGADDR_IRQ16_STACKADDRn1' in file '/home/p/ppapadoe/Desktop/vlsi-asic/picorv32.v' on line 179.
Warning : Removing unused register. [CDFG-508]
        : Removing unused flip-flop register 'mem_la_secondword' in module 'picorv32_ENABLE_COUNTERS1_ENABLE_COUNTERS641_ENABLE_REGS_16_311_ENABLE_REGS_DUALPORT1_TWO_STAGE_SHIFT1_BARREL_SHIFTER1_TWO_CYCLE_COMPARE0_TWO_CYCLE_ALU1_COMPRESSED_ISA0_CATCH_MISALIGN1_CATCH_ILLINSN1_ENABLE_PCPI1_ENABLE_MUL1_ENABLE_FAST_MUL1_ENABLE_DIV1_ENABLE_IRQ1_ENABLE_IRQ_QREGS1_ENABLE_IRQ_TIMER1_ENABLE_TRACE0_REGS_INIT_ZERO0_MASKED_IRQ0_LATCHED_IRQn1_PROGADDR_RESET0_PROGADDR_IRQ16_STACKADDRn1' in file '/home/p/ppapadoe/Desktop/vlsi-asic/picorv32.v' on line 361.
Warning : Removing unused register. [CDFG-508]
        : Removing unused flip-flop register 'prefetched_high_word' in module 'picorv32_ENABLE_COUNTERS1_ENABLE_COUNTERS641_ENABLE_REGS_16_311_ENABLE_REGS_DUALPORT1_TWO_STAGE_SHIFT1_BARREL_SHIFTER1_TWO_CYCLE_COMPARE0_TWO_CYCLE_ALU1_COMPRESSED_ISA0_CATCH_MISALIGN1_CATCH_ILLINSN1_ENABLE_PCPI1_ENABLE_MUL1_ENABLE_FAST_MUL1_ENABLE_DIV1_ENABLE_IRQ1_ENABLE_IRQ_QREGS1_ENABLE_IRQ_TIMER1_ENABLE_TRACE0_REGS_INIT_ZERO0_MASKED_IRQ0_LATCHED_IRQn1_PROGADDR_RESET0_PROGADDR_IRQ16_STACKADDRn1' in file '/home/p/ppapadoe/Desktop/vlsi-asic/picorv32.v' on line 365.
Warning : Removing unused register. [CDFG-508]
        : Removing unused latch register 'new_ascii_instr' in module 'picorv32_ENABLE_COUNTERS1_ENABLE_COUNTERS641_ENABLE_REGS_16_311_ENABLE_REGS_DUALPORT1_TWO_STAGE_SHIFT1_BARREL_SHIFTER1_TWO_CYCLE_COMPARE0_TWO_CYCLE_ALU1_COMPRESSED_ISA0_CATCH_MISALIGN1_CATCH_ILLINSN1_ENABLE_PCPI1_ENABLE_MUL1_ENABLE_FAST_MUL1_ENABLE_DIV1_ENABLE_IRQ1_ENABLE_IRQ_QREGS1_ENABLE_IRQ_TIMER1_ENABLE_TRACE0_REGS_INIT_ZERO0_MASKED_IRQ0_LATCHED_IRQn1_PROGADDR_RESET0_PROGADDR_IRQ16_STACKADDRn1' in file '/home/p/ppapadoe/Desktop/vlsi-asic/picorv32.v' on line 690.
Warning : Removing unused register. [CDFG-508]
        : Removing unused flip-flop register 'dbg_insn_addr' in module 'picorv32_ENABLE_COUNTERS1_ENABLE_COUNTERS641_ENABLE_REGS_16_311_ENABLE_REGS_DUALPORT1_TWO_STAGE_SHIFT1_BARREL_SHIFTER1_TWO_CYCLE_COMPARE0_TWO_CYCLE_ALU1_COMPRESSED_ISA0_CATCH_MISALIGN1_CATCH_ILLINSN1_ENABLE_PCPI1_ENABLE_MUL1_ENABLE_FAST_MUL1_ENABLE_DIV1_ENABLE_IRQ1_ENABLE_IRQ_QREGS1_ENABLE_IRQ_TIMER1_ENABLE_TRACE0_REGS_INIT_ZERO0_MASKED_IRQ0_LATCHED_IRQn1_PROGADDR_RESET0_PROGADDR_IRQ16_STACKADDRn1' in file '/home/p/ppapadoe/Desktop/vlsi-asic/picorv32.v' on line 181.
Warning : Removing unused register. [CDFG-508]
        : Removing unused flip-flop register 'q_ascii_instr' in module 'picorv32_ENABLE_COUNTERS1_ENABLE_COUNTERS641_ENABLE_REGS_16_311_ENABLE_REGS_DUALPORT1_TWO_STAGE_SHIFT1_BARREL_SHIFTER1_TWO_CYCLE_COMPARE0_TWO_CYCLE_ALU1_COMPRESSED_ISA0_CATCH_MISALIGN1_CATCH_ILLINSN1_ENABLE_PCPI1_ENABLE_MUL1_ENABLE_FAST_MUL1_ENABLE_DIV1_ENABLE_IRQ1_ENABLE_IRQ_QREGS1_ENABLE_IRQ_TIMER1_ENABLE_TRACE0_REGS_INIT_ZERO0_MASKED_IRQ0_LATCHED_IRQn1_PROGADDR_RESET0_PROGADDR_IRQ16_STACKADDRn1' in file '/home/p/ppapadoe/Desktop/vlsi-asic/picorv32.v' on line 760.
Warning : Removing unused register. [CDFG-508]
        : Removing unused flip-flop register 'q_insn_imm' in module 'picorv32_ENABLE_COUNTERS1_ENABLE_COUNTERS641_ENABLE_REGS_16_311_ENABLE_REGS_DUALPORT1_TWO_STAGE_SHIFT1_BARREL_SHIFTER1_TWO_CYCLE_COMPARE0_TWO_CYCLE_ALU1_COMPRESSED_ISA0_CATCH_MISALIGN1_CATCH_ILLINSN1_ENABLE_PCPI1_ENABLE_MUL1_ENABLE_FAST_MUL1_ENABLE_DIV1_ENABLE_IRQ1_ENABLE_IRQ_QREGS1_ENABLE_IRQ_TIMER1_ENABLE_TRACE0_REGS_INIT_ZERO0_MASKED_IRQ0_LATCHED_IRQn1_PROGADDR_RESET0_PROGADDR_IRQ16_STACKADDRn1' in file '/home/p/ppapadoe/Desktop/vlsi-asic/picorv32.v' on line 761.
Warning : Removing unused register. [CDFG-508]
        : Removing unused flip-flop register 'q_insn_opcode' in module 'picorv32_ENABLE_COUNTERS1_ENABLE_COUNTERS641_ENABLE_REGS_16_311_ENABLE_REGS_DUALPORT1_TWO_STAGE_SHIFT1_BARREL_SHIFTER1_TWO_CYCLE_COMPARE0_TWO_CYCLE_ALU1_COMPRESSED_ISA0_CATCH_MISALIGN1_CATCH_ILLINSN1_ENABLE_PCPI1_ENABLE_MUL1_ENABLE_FAST_MUL1_ENABLE_DIV1_ENABLE_IRQ1_ENABLE_IRQ_QREGS1_ENABLE_IRQ_TIMER1_ENABLE_TRACE0_REGS_INIT_ZERO0_MASKED_IRQ0_LATCHED_IRQn1_PROGADDR_RESET0_PROGADDR_IRQ16_STACKADDRn1' in file '/home/p/ppapadoe/Desktop/vlsi-asic/picorv32.v' on line 762.
Warning : Removing unused register. [CDFG-508]
        : Removing unused flip-flop register 'q_insn_rs1' in module 'picorv32_ENABLE_COUNTERS1_ENABLE_COUNTERS641_ENABLE_REGS_16_311_ENABLE_REGS_DUALPORT1_TWO_STAGE_SHIFT1_BARREL_SHIFTER1_TWO_CYCLE_COMPARE0_TWO_CYCLE_ALU1_COMPRESSED_ISA0_CATCH_MISALIGN1_CATCH_ILLINSN1_ENABLE_PCPI1_ENABLE_MUL1_ENABLE_FAST_MUL1_ENABLE_DIV1_ENABLE_IRQ1_ENABLE_IRQ_QREGS1_ENABLE_IRQ_TIMER1_ENABLE_TRACE0_REGS_INIT_ZERO0_MASKED_IRQ0_LATCHED_IRQn1_PROGADDR_RESET0_PROGADDR_IRQ16_STACKADDRn1' in file '/home/p/ppapadoe/Desktop/vlsi-asic/picorv32.v' on line 763.
Warning : Removing unused register. [CDFG-508]
        : Removing unused flip-flop register 'q_insn_rs2' in module 'picorv32_ENABLE_COUNTERS1_ENABLE_COUNTERS641_ENABLE_REGS_16_311_ENABLE_REGS_DUALPORT1_TWO_STAGE_SHIFT1_BARREL_SHIFTER1_TWO_CYCLE_COMPARE0_TWO_CYCLE_ALU1_COMPRESSED_ISA0_CATCH_MISALIGN1_CATCH_ILLINSN1_ENABLE_PCPI1_ENABLE_MUL1_ENABLE_FAST_MUL1_ENABLE_DIV1_ENABLE_IRQ1_ENABLE_IRQ_QREGS1_ENABLE_IRQ_TIMER1_ENABLE_TRACE0_REGS_INIT_ZERO0_MASKED_IRQ0_LATCHED_IRQn1_PROGADDR_RESET0_PROGADDR_IRQ16_STACKADDRn1' in file '/home/p/ppapadoe/Desktop/vlsi-asic/picorv32.v' on line 764.
Warning : Removing unused register. [CDFG-508]
        : Removing unused flip-flop register 'q_insn_rd' in module 'picorv32_ENABLE_COUNTERS1_ENABLE_COUNTERS641_ENABLE_REGS_16_311_ENABLE_REGS_DUALPORT1_TWO_STAGE_SHIFT1_BARREL_SHIFTER1_TWO_CYCLE_COMPARE0_TWO_CYCLE_ALU1_COMPRESSED_ISA0_CATCH_MISALIGN1_CATCH_ILLINSN1_ENABLE_PCPI1_ENABLE_MUL1_ENABLE_FAST_MUL1_ENABLE_DIV1_ENABLE_IRQ1_ENABLE_IRQ_QREGS1_ENABLE_IRQ_TIMER1_ENABLE_TRACE0_REGS_INIT_ZERO0_MASKED_IRQ0_LATCHED_IRQn1_PROGADDR_RESET0_PROGADDR_IRQ16_STACKADDRn1' in file '/home/p/ppapadoe/Desktop/vlsi-asic/picorv32.v' on line 765.
Warning : Removing unused register. [CDFG-508]
        : Removing unused flip-flop register 'dbg_next' in module 'picorv32_ENABLE_COUNTERS1_ENABLE_COUNTERS641_ENABLE_REGS_16_311_ENABLE_REGS_DUALPORT1_TWO_STAGE_SHIFT1_BARREL_SHIFTER1_TWO_CYCLE_COMPARE0_TWO_CYCLE_ALU1_COMPRESSED_ISA0_CATCH_MISALIGN1_CATCH_ILLINSN1_ENABLE_PCPI1_ENABLE_MUL1_ENABLE_FAST_MUL1_ENABLE_DIV1_ENABLE_IRQ1_ENABLE_IRQ_QREGS1_ENABLE_IRQ_TIMER1_ENABLE_TRACE0_REGS_INIT_ZERO0_MASKED_IRQ0_LATCHED_IRQn1_PROGADDR_RESET0_PROGADDR_IRQ16_STACKADDRn1' in file '/home/p/ppapadoe/Desktop/vlsi-asic/picorv32.v' on line 766.
Warning : Removing unused register. [CDFG-508]
        : Removing unused flip-flop register 'dbg_valid_insn' in module 'picorv32_ENABLE_COUNTERS1_ENABLE_COUNTERS641_ENABLE_REGS_16_311_ENABLE_REGS_DUALPORT1_TWO_STAGE_SHIFT1_BARREL_SHIFTER1_TWO_CYCLE_COMPARE0_TWO_CYCLE_ALU1_COMPRESSED_ISA0_CATCH_MISALIGN1_CATCH_ILLINSN1_ENABLE_PCPI1_ENABLE_MUL1_ENABLE_FAST_MUL1_ENABLE_DIV1_ENABLE_IRQ1_ENABLE_IRQ_QREGS1_ENABLE_IRQ_TIMER1_ENABLE_TRACE0_REGS_INIT_ZERO0_MASKED_IRQ0_LATCHED_IRQn1_PROGADDR_RESET0_PROGADDR_IRQ16_STACKADDRn1' in file '/home/p/ppapadoe/Desktop/vlsi-asic/picorv32.v' on line 769.
Warning : Removing unused register. [CDFG-508]
        : Removing unused flip-flop register 'cached_ascii_instr' in module 'picorv32_ENABLE_COUNTERS1_ENABLE_COUNTERS641_ENABLE_REGS_16_311_ENABLE_REGS_DUALPORT1_TWO_STAGE_SHIFT1_BARREL_SHIFTER1_TWO_CYCLE_COMPARE0_TWO_CYCLE_ALU1_COMPRESSED_ISA0_CATCH_MISALIGN1_CATCH_ILLINSN1_ENABLE_PCPI1_ENABLE_MUL1_ENABLE_FAST_MUL1_ENABLE_DIV1_ENABLE_IRQ1_ENABLE_IRQ_QREGS1_ENABLE_IRQ_TIMER1_ENABLE_TRACE0_REGS_INIT_ZERO0_MASKED_IRQ0_LATCHED_IRQn1_PROGADDR_RESET0_PROGADDR_IRQ16_STACKADDRn1' in file '/home/p/ppapadoe/Desktop/vlsi-asic/picorv32.v' on line 771.
Warning : Maximum message print count reached. [MESG-11]
        : Maximum print count of '20' reached for message 'CDFG-508'.
Info    : Done Elaborating Design. [ELAB-3]
        : Done elaborating 'picorv32_wb'.
Checking for analog nets...
Check completed for analog nets.
Checking for source RTL...
Check completed for source RTL.
Running Unified Mux Engine Tricks...
Completed Unified Mux Engine Tricks

Stage: post_elab
--------------------------------------------------------
| Trick             | Accepts | Rejects | Runtime (ms) | 
--------------------------------------------------------
| ume_constant_bmux |       0 |       0 |         0.00 | 
--------------------------------------------------------
Starting clip mux common data inputs [v1.0] (stage: post_elab, startdef: picorv32_wb, recur: true)
Completed clip mux common data inputs (accepts: 0, rejects: 0, runtime: 0.002s)
Starting clip the non-user hierarchies [v2.0] (stage: post_elab, startdef: picorv32_wb, recur: true)
Completed clip the non-user hierarchies (accepts: 1, rejects: 0, runtime: 0.015s)

Stage: post_elab
---------------------------------------------------------
| Transform          | Accepts | Rejects | Runtime (ms) | 
---------------------------------------------------------
| hlo_clip_mux_input |       0 |       0 |         2.00 | 
| hlo_clip           |       1 |       0 |        15.00 | 
---------------------------------------------------------
UM:   flow.cputime  flow.realtime  timing.setup.tns  timing.setup.wns  snapshot
UM:*                                                                   elaborate
design:picorv32_wb
@genus:root: 13> current_design picorv32_wb
design:picorv32_wb
@genus:design:picorv32_wb 14> 
@genus:design:picorv32_wb 14> ################################################################################
@genus:design:picorv32_wb 15> ## 3. CONSTRAINTS & DFT SIGNALS
@genus:design:picorv32_wb 16> ################################################################################
@genus:design:picorv32_wb 17> 
@genus:design:picorv32_wb 17> # Read Task 1 Constraints (4.0ns)
@genus:design:picorv32_wb 18> read_sdc constraints.sdc
Statistics for commands executed by read_sdc:
 "all_inputs"               - successful      1 , failed      0 (runtime  0.00)
 "all_outputs"              - successful      1 , failed      0 (runtime  0.00)
 "create_clock"             - successful      1 , failed      0 (runtime  0.01)
 "get_clocks"               - successful      7 , failed      0 (runtime  0.00)
 "get_ports"                - successful      1 , failed      0 (runtime  0.00)
 "remove_from_collection"   - successful      1 , failed      0 (runtime  0.00)
 "set_clock_latency"        - successful      1 , failed      0 (runtime  0.00)
 "set_clock_transition"     - successful      1 , failed      0 (runtime  0.00)
 "set_clock_uncertainty"    - successful      1 , failed      0 (runtime  0.00)
 "set_driving_cell"         - successful      2 , failed      0 (runtime  0.01)
 "set_input_delay"          - successful      2 , failed      0 (runtime  0.00)
 "set_load"                 - successful      2 , failed      0 (runtime  0.00)
 "set_output_delay"         - successful      2 , failed      0 (runtime  0.00)
read_sdc completed in 00:00:00 (hh:mm:ss)
@genus:design:picorv32_wb 19> define_cost_group -name I2R -design picorv32_wb
cost_group:picorv32_wb/I2R
@genus:design:picorv32_wb 20> define_cost_group -name R2R -design picorv32_wb
cost_group:picorv32_wb/R2R
@genus:design:picorv32_wb 21> define_cost_group -name R2O -design picorv32_wb
cost_group:picorv32_wb/R2O
@genus:design:picorv32_wb 22> define_cost_group -name I2O -design picorv32_wb
cost_group:picorv32_wb/I2O
@genus:design:picorv32_wb 23> 
@genus:design:picorv32_wb 23> # === TASK 6 CHANGE: DEFINE DFT SIGNALS ===
@genus:design:picorv32_wb 24> # We REMOVED the "use_scan_seqs_for_non_dft false" line to allow scan mapping.
@genus:design:picorv32_wb 25> 
@genus:design:picorv32_wb 25> # Define Shift Enable (Controls shift vs capture mode) [cite: 737]
@genus:design:picorv32_wb 26> define_shift_enable -name se -active high -create_port se
test_signal:picorv32_wb/se
@genus:design:picorv32_wb 27> 
@genus:design:picorv32_wb 27> # Define Test Mode (Static signal to enable test logic) [cite: 742]
@genus:design:picorv32_wb 28> define_test_mode -name test_mode -active high -create_port test_mode
test_signal:picorv32_wb/test_mode
@genus:design:picorv32_wb 29> 
@genus:design:picorv32_wb 29> # Define the Scan Chain (Inputs/Outputs) [cite: 747]
@genus:design:picorv32_wb 30> # Using auto_create_chains later, but defining ports here
@genus:design:picorv32_wb 31> define_scan_chain -name top_chain -sdi scan_in -sdo scan_out -shift_enable se -create_ports
scan_chain:picorv32_wb/top_chain
@genus:design:picorv32_wb 32> 
@genus:design:picorv32_wb 32> # Check if DFT rules are met so far [cite: 751]
@genus:design:picorv32_wb 33> check_dft_rules
  Checking DFT rules for 'picorv32_wb' module under 'muxed_scan' style

Detected 0 DFT rule violation(s)
	Summary of check_dft_rules
	**************************
	Number of usable scan cells: 48
Clock Rule Violations:
---------------------
	  Internally driven clock net: 0
	      Tied constant clock net: 0
	           Undriven clock net: 0
	Conflicting async & clock net: 0
	              Misc. clock net: 0

Async. set/reset Rule Violations:
--------------------------------
	Internally driven async net: 0
	      Tied active async net: 0
	         Undriven async net: 0
	            Misc. async net: 0

   Total number of DFT violations: 0

  Total number of Test Clock Domains: 1
  Number of user specified non-Scan registers:   0
      Number of registers that fail DFT rules:   0
      Number of registers that pass DFT rules: 2505
  Percentage of total registers that are scannable: 100%
0
@genus:design:picorv32_wb 34> syn_generic
Info    : Pin/ port would be skipped from undriven handling (controlled by root attribute "hdl_unconnected_value"). [ELABUTL-135]
        : Port 'scan_out' in module 'picorv32_wb'

Stage: pre_early_cg
------------------------------------------------
| Transform | Accepts | Rejects | Runtime (ms) | 
------------------------------------------------
------------------------------------------------
##Generic Timing Info for library domain: _default_ typical gate delay: 25.8 ps std_slew: 4.7 ps std_load: 1.2 fF
Starting mux data reorder optimization [v1.0] (stage: pre_to_gen_setup, startdef: picorv32_wb, recur: true)
Completed mux data reorder optimization (accepts: 0, rejects: 0, runtime: 0.009s)

Stage: pre_to_gen_setup
------------------------------------------------------
| Transform       | Accepts | Rejects | Runtime (ms) | 
------------------------------------------------------
| hlo_mux_reorder |       0 |       0 |         9.00 | 
------------------------------------------------------
Info    : Deleting instances not driving any primary outputs. [GLO-34]
        : Deleting 1 sequential instance.
        : Optimizations such as constant propagation or redundancy removal could change the connections so a hierarchical instance does not drive any primary outputs anymore. To see the list of deleted hierarchical instances, set the 'information_level' attribute to 2 or above. If the message is truncated set the message attribute 'truncate' to false to see the complete list. To prevent this optimization, set the 'delete_unloaded_insts' root/subdesign attribute to 'false' or 'preserve' instance attribute to 'true'.
Info    : Replacing a flip-flop with a logic constant 0. [GLO-12]
        : The instance is 'picorv32_core/mem_addr_reg[0]'.
        : To prevent this optimization, set the 'optimize_constant_0_flops' root attribute to 'false' or 'optimize_constant_0_seq' instance attribute to 'false'. You can also see the complete list of deleted sequential with command "report sequential -deleted" (on Reason "constant0").
Info    : Replacing a flip-flop with a logic constant 0. [GLO-12]
        : The instance is 'picorv32_core/mem_addr_reg[1]'.
Info    : Replacing a flip-flop with a logic constant 0. [GLO-12]
        : The instance is 'picorv32_core/decoded_rd_reg[5]'.
Info    : Replacing a flip-flop with a logic constant 0. [GLO-12]
        : The instance is 'picorv32_core/decoded_imm_j_reg[0]'.
Info    : Replacing a flip-flop with a logic constant 0. [GLO-12]
        : The instance is 'picorv32_core/compressed_instr_reg'.
Info    : Replacing a flip-flop with a logic constant 0. [GLO-12]
        : The instance is 'picorv32_core/trace_valid_reg'.
Info    : Replacing a dont care flip-flop with a logic constant 0. [GLO-24]
        : The instance is 'picorv32_core/trace_data_reg[0]'.
        : The value used to replace the flop can be set by the root attribute 'optimize_seq_x_to'.
Info    : Replacing a dont care flip-flop with a logic constant 0. [GLO-24]
        : The instance is 'picorv32_core/trace_data_reg[1]'.
Info    : Replacing a dont care flip-flop with a logic constant 0. [GLO-24]
        : The instance is 'picorv32_core/trace_data_reg[2]'.
Info    : Replacing a dont care flip-flop with a logic constant 0. [GLO-24]
        : The instance is 'picorv32_core/trace_data_reg[3]'.
Info    : Replacing a dont care flip-flop with a logic constant 0. [GLO-24]
        : The instance is 'picorv32_core/trace_data_reg[4]'.
Info    : Replacing a dont care flip-flop with a logic constant 0. [GLO-24]
        : The instance is 'picorv32_core/trace_data_reg[5]'.
Info    : Replacing a dont care flip-flop with a logic constant 0. [GLO-24]
        : The instance is 'picorv32_core/trace_data_reg[6]'.
Info    : Replacing a dont care flip-flop with a logic constant 0. [GLO-24]
        : The instance is 'picorv32_core/trace_data_reg[7]'.
Info    : Replacing a dont care flip-flop with a logic constant 0. [GLO-24]
        : The instance is 'picorv32_core/trace_data_reg[8]'.
Info    : Replacing a dont care flip-flop with a logic constant 0. [GLO-24]
        : The instance is 'picorv32_core/trace_data_reg[9]'.
Info    : Replacing a dont care flip-flop with a logic constant 0. [GLO-24]
        : The instance is 'picorv32_core/trace_data_reg[10]'.
Info    : Replacing a dont care flip-flop with a logic constant 0. [GLO-24]
        : The instance is 'picorv32_core/trace_data_reg[11]'.
Info    : Replacing a dont care flip-flop with a logic constant 0. [GLO-24]
        : The instance is 'picorv32_core/trace_data_reg[12]'.
Info    : Replacing a dont care flip-flop with a logic constant 0. [GLO-24]
        : The instance is 'picorv32_core/trace_data_reg[13]'.
Info    : Replacing a dont care flip-flop with a logic constant 0. [GLO-24]
        : The instance is 'picorv32_core/trace_data_reg[14]'.
Info    : Replacing a dont care flip-flop with a logic constant 0. [GLO-24]
        : The instance is 'picorv32_core/trace_data_reg[15]'.
Info    : Replacing a dont care flip-flop with a logic constant 0. [GLO-24]
        : The instance is 'picorv32_core/trace_data_reg[16]'.
Info    : Replacing a dont care flip-flop with a logic constant 0. [GLO-24]
        : The instance is 'picorv32_core/trace_data_reg[17]'.
Info    : Replacing a dont care flip-flop with a logic constant 0. [GLO-24]
        : The instance is 'picorv32_core/trace_data_reg[18]'.
Info    : Replacing a dont care flip-flop with a logic constant 0. [GLO-24]
        : The instance is 'picorv32_core/trace_data_reg[19]'.
Warning : Maximum message print count reached. [MESG-11]
        : Maximum print count of '20' reached for message 'GLO-24'.
Info    : Replacing a flip-flop with a logic constant 0. [GLO-12]
        : The instance is 'picorv32_core/cpu_state_reg[4]'.
Info    : Replacing a flip-flop with a logic constant 0. [GLO-12]
        : The instance is 'picorv32_core/alu_wait_2_reg'.
Info    : Replacing a flip-flop with a logic constant 0. [GLO-12]
        : The instance is 'wbm_adr_o_reg[0]'.
Info    : Replacing a flip-flop with a logic constant 0. [GLO-12]
        : The instance is 'wbm_adr_o_reg[1]'.
Info    : Deleting instances not driving any primary outputs. [GLO-34]
        : Deleting 46 sequential instances.
Info    : Deleting instances not driving any primary outputs. [GLO-34]
        : Deleting 9 hierarchical instances.
Current PLE settings:

Aspect ratio        : 1.000
Shrink factor       : 1.000
Scale of res/length : 1.000
Scale of cap/length : 1.000
Net derating factor : 1.000
Thermal factor      : 1.000
Via Resistance      : 6.600 ohm (from qrc_tech_file)
Site size           : 1.910 um (from lef [tech+cell])

                                   Capacitance  
  Layer                             / Length         Data source:
Name        Direction Utilization  (pF/micron)       qrc_tech_file
------------------------------------------------
METAL_1         H         0.00        0.000210  
METAL_2         V         1.00        0.000174  
METAL_3         H         1.00        0.000174  
METAL_4         V         1.00        0.000174  
METAL_5         H         1.00        0.000174  
METAL_6         V         1.00        0.000174  
METAL_7         H         1.00        0.000175  
METAL_8         V         1.00        0.000176  
METAL_9         H         1.00        0.001240  
METAL_10        V         1.00        0.000529  
METAL_11        H         1.00        0.000686  

                                    Resistance   
  Layer                              / Length         Data source:
Name        Direction Utilization  (ohm/micron)       qrc_tech_file
-------------------------------------------------
METAL_1         H         0.00         1.226667  
METAL_2         V         1.00         0.755000  
METAL_3         H         1.00         0.755000  
METAL_4         V         1.00         0.755000  
METAL_5         H         1.00         0.755000  
METAL_6         V         1.00         0.755000  
METAL_7         H         1.00         0.755000  
METAL_8         V         1.00         0.267500  
METAL_9         H         1.00         0.267500  
METAL_10        V         1.00         0.097273  
METAL_11        H         1.00         0.095455  

                                        Area     
  Layer                               / Length        Data source:
Name        Direction Utilization     (micron)        lef_library
-------------------------------------------------
Metal1          H         0.00         0.060000  
Metal2          V         1.00         0.080000  
Metal3          H         1.00         0.080000  
Metal4          V         1.00         0.080000  
Metal5          H         1.00         0.080000  
Metal6          V         1.00         0.080000  
Metal7          H         1.00         0.080000  
Metal8          V         1.00         0.080000  
Metal9          H         1.00         0.080000  
Metal10         V         1.00         0.220000  
Metal11         H         1.00         0.220000  

Info    : Synthesizing. [SYNTH-1]
        : Synthesizing 'picorv32_wb' to generic gates using 'medium' effort.
PBS_Generic-Start - Elapsed_Time 0, CPU_Time 0.0
stamp 'PBS_Generic-Start' being created for table 'pbs_debug'

  Total Time (Wall) |  Stage Time (Wall)  |   % (Wall)   |    Date - Time     |  Memory   | Stage
--------------------+---------------------+--------------+--------------------+-----------+----------------------
 00:00:23(00:04:15) |  00:00:00(00:00:00) |   0.0(  0.0) |   18:50:23 (Nov30) |  502.9 MB | PBS_Generic-Start
--------------------+---------------------+--------------+--------------------+-----------+----------------------
Number of threads: 8 * 1   (id: pbs_debug, time_info v1.57)
Info: (*N*) indicates data that was populated from previously saved time_info database
Info: CPU time includes time of parent + longest thread
TNS Restructuring config: no_value at stage: generic applied.
Info    : Partition Based Synthesis execution skipped. [PHYS-752]
        : Design size is less than the partition size '100000' for distributed generic optimization to kick in.
Starting mux data reorder optimization [v1.0] (stage: pre_to_gen_setup, startdef: picorv32_wb, recur: true)
Completed mux data reorder optimization (accepts: 0, rejects: 0, runtime: 0.024s)

Stage: pre_to_gen_setup
------------------------------------------------------
| Transform       | Accepts | Rejects | Runtime (ms) | 
------------------------------------------------------
| hlo_mux_reorder |       0 |       0 |        24.00 | 
------------------------------------------------------
Info    : Deleting instances not driving any primary outputs. [GLO-34]
        : Deleting 5 hierarchical instances.
Starting mux data reorder optimization [v1.0] (stage: post_to_gen_setup, startdef: picorv32_wb, recur: true)
Completed mux data reorder optimization (accepts: 0, rejects: 0, runtime: 0.008s)

Stage: post_to_gen_setup
------------------------------------------------------
| Transform       | Accepts | Rejects | Runtime (ms) | 
------------------------------------------------------
| hlo_mux_reorder |       0 |       0 |         8.00 | 
------------------------------------------------------
Current PLE settings:

Aspect ratio        : 1.000
Shrink factor       : 1.000
Scale of res/length : 1.000
Scale of cap/length : 1.000
Net derating factor : 1.000
Thermal factor      : 1.000
Via Resistance      : 6.600 ohm (from qrc_tech_file)
Site size           : 1.910 um (from lef [tech+cell])

                                   Capacitance  
  Layer                             / Length         Data source:
Name        Direction Utilization  (pF/micron)       qrc_tech_file
------------------------------------------------
METAL_1         H         0.00        0.000210  
METAL_2         V         1.00        0.000174  
METAL_3         H         1.00        0.000174  
METAL_4         V         1.00        0.000174  
METAL_5         H         1.00        0.000174  
METAL_6         V         1.00        0.000174  
METAL_7         H         1.00        0.000175  
METAL_8         V         1.00        0.000176  
METAL_9         H         1.00        0.001240  
METAL_10        V         1.00        0.000529  
METAL_11        H         1.00        0.000686  

                                    Resistance   
  Layer                              / Length         Data source:
Name        Direction Utilization  (ohm/micron)       qrc_tech_file
-------------------------------------------------
METAL_1         H         0.00         1.226667  
METAL_2         V         1.00         0.755000  
METAL_3         H         1.00         0.755000  
METAL_4         V         1.00         0.755000  
METAL_5         H         1.00         0.755000  
METAL_6         V         1.00         0.755000  
METAL_7         H         1.00         0.755000  
METAL_8         V         1.00         0.267500  
METAL_9         H         1.00         0.267500  
METAL_10        V         1.00         0.097273  
METAL_11        H         1.00         0.095455  

                                        Area     
  Layer                               / Length        Data source:
Name        Direction Utilization     (micron)        lef_library
-------------------------------------------------
Metal1          H         0.00         0.060000  
Metal2          V         1.00         0.080000  
Metal3          H         1.00         0.080000  
Metal4          V         1.00         0.080000  
Metal5          H         1.00         0.080000  
Metal6          V         1.00         0.080000  
Metal7          H         1.00         0.080000  
Metal8          V         1.00         0.080000  
Metal9          H         1.00         0.080000  
Metal10         V         1.00         0.220000  
Metal11         H         1.00         0.220000  

Running Unified Mux Engine Tricks...
Completed Unified Mux Engine Tricks

Stage: pre_hlo_rtlopt
--------------------------------------------
| Trick | Accepts | Rejects | Runtime (ms) | 
--------------------------------------------
--------------------------------------------
Starting infer macro optimization [v1.0] (stage: pre_rtlopt, startdef: picorv32_wb, recur: true)
Info    : Deleting instances not driving any primary outputs. [GLO-34]
        : Deleting 18 sequential instances.
Completed infer macro optimization (accepts: 0, rejects: 57, runtime: 0.040s)
Starting decode mux sandwich optimization [v2.0] (stage: pre_rtlopt, startdef: picorv32_wb, recur: true)
Completed decode mux sandwich optimization (accepts: 0, rejects: 0, runtime: 0.000s)
Starting decode mux optimization [v1.0] (stage: pre_rtlopt, startdef: picorv32_wb, recur: true)
Completed decode mux optimization (accepts: 0, rejects: 0, runtime: 0.001s)
Starting chop wide muxes [v1.0] (stage: pre_rtlopt, startdef: picorv32_wb, recur: true)
Completed chop wide muxes (accepts: 0, rejects: 0, runtime: 0.001s)
Starting common data mux cascade opt [v1.0] (stage: pre_rtlopt, startdef: picorv32_wb, recur: true)
Completed common data mux cascade opt (accepts: 0, rejects: 0, runtime: 0.002s)
Starting mux input consolidation [v1.0] (stage: pre_rtlopt, startdef: picorv32_wb, recur: true)
Completed mux input consolidation (accepts: 0, rejects: 0, runtime: 0.005s)
Starting constant-data mux optimization [v1.0] (stage: pre_rtlopt, startdef: picorv32_wb, recur: true)
Completed constant-data mux optimization (accepts: 0, rejects: 0, runtime: 0.002s)
Starting chain-to-tree inequality transform [v2.0] (stage: pre_rtlopt, startdef: picorv32_wb, recur: true)
Completed chain-to-tree inequality transform (accepts: 0, rejects: 0, runtime: 0.047s)
Starting reconvergence optimization [v1.0] (stage: pre_rtlopt, startdef: picorv32_wb, recur: true)
Completed reconvergence optimization (accepts: 0, rejects: 0, runtime: 0.001s)
Starting logic restructure optimization [v1.0] (stage: pre_rtlopt, startdef: picorv32_wb, recur: true)
Completed logic restructure optimization (accepts: 0, rejects: 0, runtime: 0.005s)
Starting common select mux optimization [v1.0] (stage: pre_rtlopt, startdef: picorv32_wb, recur: true)
Completed common select mux optimization (accepts: 0, rejects: 1, runtime: 0.006s)
Starting identity transform [v3.0] (stage: pre_rtlopt, startdef: picorv32_wb, recur: true)
Completed identity transform (accepts: 0, rejects: 1, runtime: 0.006s)
Starting reduce operator chain [v1.0] (stage: pre_rtlopt, startdef: picorv32_wb, recur: true)
Completed reduce operator chain (accepts: 0, rejects: 0, runtime: 0.001s)
Starting common data mux cascade opt [v1.0] (stage: pre_rtlopt, startdef: picorv32_wb, recur: true)
Completed common data mux cascade opt (accepts: 0, rejects: 0, runtime: 0.001s)
Starting mux input consolidation [v1.0] (stage: pre_rtlopt, startdef: picorv32_wb, recur: true)
Completed mux input consolidation (accepts: 0, rejects: 0, runtime: 0.005s)
Starting optimize datapath elements [v1.0] (stage: pre_rtlopt, startdef: picorv32_wb, recur: true)
Completed optimize datapath elements (accepts: 6, rejects: 0, runtime: 0.006s)
Starting datapath recasting [v1.0] (stage: pre_rtlopt, startdef: picorv32_wb, recur: true)
Completed datapath recasting (accepts: 0, rejects: 0, runtime: 0.001s)
Starting clip mux common data inputs [v1.0] (stage: pre_rtlopt, startdef: picorv32_wb, recur: true)
Completed clip mux common data inputs (accepts: 1, rejects: 0, runtime: 0.002s)
Starting clip the non-user hierarchies [v2.0] (stage: pre_rtlopt, startdef: picorv32_wb, recur: true)
Completed clip the non-user hierarchies (accepts: 0, rejects: 0, runtime: 0.000s)

Stage: pre_rtlopt
----------------------------------------------------------------
| Transform                 | Accepts | Rejects | Runtime (ms) | 
----------------------------------------------------------------
| hlo_infer_macro           |       0 |      57 |        40.00 | 
| hlo_decode_mux_sandwich   |       0 |       0 |         0.00 | 
| hlo_mux_decode            |       0 |       0 |         1.00 | 
| hlo_chop_mux              |       0 |       0 |         1.00 | 
| hlo_mux_cascade_opt       |       0 |       0 |         2.00 | 
| hlo_mux_consolidation     |       0 |       0 |         5.00 | 
| hlo_constant_mux_opt      |       0 |       0 |         2.00 | 
| hlo_inequality_transform  |       0 |       0 |        47.00 | 
| hlo_reconv_opt            |       0 |       0 |         1.00 | 
| hlo_restructure           |       0 |       0 |         5.00 | 
| hlo_common_select_muxopto |       0 |       1 |         6.00 | 
| hlo_identity_transform    |       0 |       1 |         6.00 | 
| hlo_reduce_operator_chain |       0 |       0 |         1.00 | 
| hlo_mux_cascade_opt       |       0 |       0 |         1.00 | 
| hlo_mux_consolidation     |       0 |       0 |         5.00 | 
| hlo_optimize_datapath     |       6 |       0 |         6.00 | 
| hlo_datapath_recast       |       0 |       0 |         1.00 | 
| hlo_clip_mux_input        |       1 |       0 |         2.00 | 
| hlo_clip                  |       0 |       0 |         0.00 | 
----------------------------------------------------------------
Running Unified Mux Engine Tricks...
Completed Unified Mux Engine Tricks

Stage: post_hlo_rtlopt
--------------------------------------------------
| Trick       | Accepts | Rejects | Runtime (ms) | 
--------------------------------------------------
| ume_runtime |       0 |       0 |         0.00 | 
--------------------------------------------------
Number of big hc bmuxes before = 2
Number of non-ctl's : 106
g3468 g3477 g3478 g4894 g4909 g4918 g4921 g4922 g4923 g4936 g4937 g5032 g5049 g5072 g5074 g5077 g5078 g5079 g5090 g5091 g5092 g5093 g5094 g5095 g5096 g5182 g5191 g5192 g5198 g5199 g5216 g5217 g5225 g5256 g5258 g5260 g5265 g5269 g5274 g5278 g5282 g5284 g5288 g5302 g5308 g5314 g5316 g5318 g5322 g5328 g5332 g5334 g5382 g5384 g5387 g5389 g5395 g5398 g5399 g5412 g5414 g5418 mux_alu_wait_1486_9 mux_cmbsop_trap_1486_9 mux_cpu_state_1486_9 mux_decoder_pseudo_trigger_1486_9 mux_decoder_trigger_1486_9 mux_do_waitirq_1486_9 mux_irq_active_1486_9 mux_latched_branch_1486_9 mux_latched_is_lb_1486_9 mux_latched_is_lh_1486_9 mux_latched_is_lu_1486_9 mux_latched_rd_1486_9 mux_latched_stalu_1486_9 mux_latched_store_1486_9 mux_mem_do_rinst_1486_9 mux_mem_wordsize_1486_9 mux_next_irq_pending_1486_9 mux_pcpi_valid_1486_9 mux_reg_op2_1486_9 mux_reg_sh_1486_9 mux_set_mem_do_rdata_1486_9 mux_set_mem_do_rinst_1486_9 mux_set_mem_do_wdata_1486_9 mux_set_mem_do_rdata_1486_472 mux_set_mem_do_wdata_1486_483 mux_decoder_pseudo_trigger_1486_487 mux_set_mem_do_rinst_1486_489 mux_cpu_state_1598_5438 mux_pcpi_valid_1598_5448 mux_cpu_state_1608_5440 mux_decoder_pseudo_trigger_1857_5442 mux_set_mem_do_rdata_1882_5454 mux_set_mem_do_wdata_1857_5468 mux_decoder_pseudo_trigger_1872_5444 mux_next_irq_pending_1457_5446 mux_set_mem_do_rdata_1457_5452 mux_set_mem_do_rinst_1457_5458 mux_set_mem_do_wdata_1457_5466 mux_pcpi_valid_1605_5450 mux_set_mem_do_rdata_1883_5456 mux_set_mem_do_rinst_1807_5460 mux_set_mem_do_rinst_1811_5462 mux_set_mem_do_rinst_1817_5464 mux_set_mem_do_wdata_1858_5470 
SOP DEBUG : Module= picorv32_ENABLE_COUNTERS1_ENABLE_COUNTERS641_ENABLE_REGS_16_311_ENABLE_REGS_DUALPORT1_TWO_STAGE_SHIFT1_BARREL_SHIFTER1_TWO_CYCLE_COMPARE0_TWO_CYCLE_ALU1_COMPRESSED_ISA0_CATCH_MISALIGN1_CATCH_ILLINSN1_ENABLE_PCPI1_ENABLE_MUL1_ENABLE_FAST_MUL1_ENABLE_DIV1_ENABLE_IRQ1_ENABLE_IRQ_QREGS1_ENABLE_IRQ_TIMER1_ENABLE_TRACE0_REGS_INIT_ZERO0_MASKED_IRQ0_LATCHED_IRQn1_PROGADDR_RESET0_PROGADDR_IRQ16_STACKADDRn1, Cluster= ctl_1486_9, ctl= 23, Non-ctl= 106
Selected impl_type 1 (pla_form1 (optimized)) for sop cluster ctl_1486_9.
Number of non-ctl's : 7
mux_do_waitirq_1486_481 mux_do_waitirq_1538_5472 mux_latched_store_1538_5478 mux_do_waitirq_1548_5474 mux_latched_store_1548_5480 mux_do_waitirq_1549_5476 mux_latched_store_1549_5482 
SOP DEBUG : Module= picorv32_ENABLE_COUNTERS1_ENABLE_COUNTERS641_ENABLE_REGS_16_311_ENABLE_REGS_DUALPORT1_TWO_STAGE_SHIFT1_BARREL_SHIFTER1_TWO_CYCLE_COMPARE0_TWO_CYCLE_ALU1_COMPRESSED_ISA0_CATCH_MISALIGN1_CATCH_ILLINSN1_ENABLE_PCPI1_ENABLE_MUL1_ENABLE_FAST_MUL1_ENABLE_DIV1_ENABLE_IRQ1_ENABLE_IRQ_QREGS1_ENABLE_IRQ_TIMER1_ENABLE_TRACE0_REGS_INIT_ZERO0_MASKED_IRQ0_LATCHED_IRQn1_PROGADDR_RESET0_PROGADDR_IRQ16_STACKADDRn1, Cluster= ctl_1486_480, ctl= 7, Non-ctl= 7
Selected impl_type 0 (ctl + 1-hot mux form) for sop cluster ctl_1486_480.
Number of non-ctl's : 5
mux_cmbsop_instr_div_2445_10 mux_instr_div_2444_431 mux_instr_divu_2444_433 mux_instr_rem_2444_435 mux_instr_remu_2444_437 
SOP DEBUG : Module= picorv32_pcpi_div, Cluster= ctl_2445_10, ctl= 5, Non-ctl= 5
Selected impl_type 0 (ctl + 1-hot mux form) for sop cluster ctl_2445_10.
Number of non-ctl's : 5
mux_cmbsop_instr_mul_2355_10 mux_instr_mul_2354_123 mux_instr_mulh_2354_125 mux_instr_mulhsu_2354_127 mux_instr_mulhu_2354_129 
SOP DEBUG : Module= picorv32_pcpi_fast_mul, Cluster= ctl_2355_10, ctl= 5, Non-ctl= 5
Selected impl_type 0 (ctl + 1-hot mux form) for sop cluster ctl_2355_10.
Number of non-ctl's : 15
g247 g250 g251 g252 g253 g255 g258 g259 g260 g262 mux_mem_ready_3008_10 mux_state_3008_10 mux_wbm_cyc_o_3008_10 mux_wbm_we_o_3008_10 mux_wbm_cyc_o_3010_266 
SOP DEBUG : Module= picorv32_wb, Cluster= ctl_state_3008_10, ctl= 2, Non-ctl= 15
Selected impl_type 0 (ctl + 1-hot mux form) for sop cluster ctl_state_3008_10.
Info    : Pre-processed datapath logic. [DPOPT-6]
        : Pre-processing optimizations applied to datapath logic in 'picorv32_wb':
          live_trim(3) sop(5) 
Info    : Optimizing datapath logic. [DPOPT-1]
        : Optimizing datapath logic in 'picorv32_wb'.
Info    : Implementing datapath configurations. [DPOPT-3]
        : Implementing datapath configurations for 'CDN_DP_region_0_0'
CSAGen Prep Share:0 Re-Write:2 Speculation: 0
Warning : Use of 'parallel_case' pragma may hinder datapath resource sharing. [RTLOPT-54]
        : Multiplexor mux_alu_out_0_1252_3 in module CDN_DP_region_0_0_c1.
Warning : Use of 'parallel_case' pragma may hinder datapath resource sharing. [RTLOPT-54]
        : Multiplexor mux_alu_out_1269_3 in module CDN_DP_region_0_0_c1.
Warning : Use of 'parallel_case' pragma may hinder datapath resource sharing. [RTLOPT-54]
        : Multiplexor mux_alu_wait_1736_8 in module CDN_DP_region_0_0_c1.
Warning : Use of 'parallel_case' pragma may hinder datapath resource sharing. [RTLOPT-54]
        : Multiplexor mux_cpu_state_1736_8 in module CDN_DP_region_0_0_c1.
Warning : Use of 'parallel_case' pragma may hinder datapath resource sharing. [RTLOPT-54]
        : Multiplexor mux_next_irq_pending_1498_5 in module CDN_DP_region_0_0_c1.
Warning : Use of 'parallel_case' pragma may hinder datapath resource sharing. [RTLOPT-54]
        : Multiplexor mux_pcpi_int_wr_332_3 in module CDN_DP_region_0_0_c1.
Warning : Use of 'parallel_case' pragma may hinder datapath resource sharing. [RTLOPT-54]
        : Multiplexor mux_reg_out_1628_7 in module CDN_DP_region_0_0_c1.
Warning : Use of 'parallel_case' pragma may hinder datapath resource sharing. [RTLOPT-54]
        : Multiplexor mux_reg_out_1902_7 in module CDN_DP_region_0_0_c1.
Info    : Accepted resource sharing opportunity. [RTLOPT-30]
        : Merged the following sets of instances in 'CDN_DP_region_0_0_c1 in picorv32_ENABLE_COUNTERS1_ENABLE_COUNTERS641_ENABLE_REGS_16_311_ENABLE_REGS_DUALPORT1_TWO_STAGE_SHIFT1_BARREL_SHIFTER1_TWO_CYCLE_COMPARE0_TWO_CYCLE_ALU1_COMPRESSED_ISA0_CATCH_MISALIGN1_CATCH_ILLINSN1_ENABLE_PCPI1_ENABLE_MUL1_ENABLE_FAST_MUL1_ENABLE_DIV1_ENABLE_IRQ1_ENABLE_IRQ_QREGS1_ENABLE_IRQ_TIMER1_ENABLE_TRACE0_REGS_INIT_ZERO0_MASKED_IRQ0_LATCHED_IRQn1_PROGADDR_RESET0_PROGADDR_IRQ16_STACKADDRn1':
	  (add_1569_33, add_1552_33)

Warning : Use of 'parallel_case' pragma may hinder datapath resource sharing. [RTLOPT-54]
        : Multiplexor mux_alu_out_0_1252_3 in module CDN_DP_region_0_0_c1.
Warning : Use of 'parallel_case' pragma may hinder datapath resource sharing. [RTLOPT-54]
        : Multiplexor mux_alu_out_1269_3 in module CDN_DP_region_0_0_c1.
Warning : Maximum message print count reached. [MESG-11]
        : Maximum print count of '10' reached for message 'RTLOPT-54'.
Number of non-ctl's : 13
F_F_mux_reg_out_1486_9 g6485 g6486 g6526 g6528 g6529 g6530 g6531 g6532 g6533 g6535 mux_eoi_1486_9 mux_reg_op1_1486_9 
SOP DEBUG : Module= CDN_DP_region_0_0_c1, Cluster= ctl_cpu_state_1486_9_create, ctl= 1, Non-ctl= 13
Selected impl_type 4 (factored_form (optimized)) for sop cluster ctl_cpu_state_1486_9_create.
Info    : Accepted resource sharing opportunity. [RTLOPT-30]
        : Merged the following sets of instances in 'CDN_DP_region_0_0_c2 in picorv32_ENABLE_COUNTERS1_ENABLE_COUNTERS641_ENABLE_REGS_16_311_ENABLE_REGS_DUALPORT1_TWO_STAGE_SHIFT1_BARREL_SHIFTER1_TWO_CYCLE_COMPARE0_TWO_CYCLE_ALU1_COMPRESSED_ISA0_CATCH_MISALIGN1_CATCH_ILLINSN1_ENABLE_PCPI1_ENABLE_MUL1_ENABLE_FAST_MUL1_ENABLE_DIV1_ENABLE_IRQ1_ENABLE_IRQ_QREGS1_ENABLE_IRQ_TIMER1_ENABLE_TRACE0_REGS_INIT_ZERO0_MASKED_IRQ0_LATCHED_IRQn1_PROGADDR_RESET0_PROGADDR_IRQ16_STACKADDRn1':
	  (add_1569_33, add_1552_33)

Number of non-ctl's : 13
F_F_mux_reg_out_1486_9 g6485 g6486 g6526 g6528 g6529 g6530 g6531 g6532 g6533 g6535 mux_eoi_1486_9 mux_reg_op1_1486_9 
SOP DEBUG : Module= CDN_DP_region_0_0_c2, Cluster= ctl_cpu_state_1486_9_create, ctl= 1, Non-ctl= 13
Selected impl_type 4 (factored_form (optimized)) for sop cluster ctl_cpu_state_1486_9_create.
Info    : Accepted resource sharing opportunity. [RTLOPT-30]
        : Merged the following sets of instances in 'CDN_DP_region_0_0_c3 in picorv32_ENABLE_COUNTERS1_ENABLE_COUNTERS641_ENABLE_REGS_16_311_ENABLE_REGS_DUALPORT1_TWO_STAGE_SHIFT1_BARREL_SHIFTER1_TWO_CYCLE_COMPARE0_TWO_CYCLE_ALU1_COMPRESSED_ISA0_CATCH_MISALIGN1_CATCH_ILLINSN1_ENABLE_PCPI1_ENABLE_MUL1_ENABLE_FAST_MUL1_ENABLE_DIV1_ENABLE_IRQ1_ENABLE_IRQ_QREGS1_ENABLE_IRQ_TIMER1_ENABLE_TRACE0_REGS_INIT_ZERO0_MASKED_IRQ0_LATCHED_IRQn1_PROGADDR_RESET0_PROGADDR_IRQ16_STACKADDRn1':
	  (add_1569_33, add_1552_33)

Number of non-ctl's : 13
F_F_mux_reg_out_1486_9 g6485 g6486 g6526 g6528 g6529 g6530 g6531 g6532 g6533 g6535 mux_eoi_1486_9 mux_reg_op1_1486_9 
SOP DEBUG : Module= CDN_DP_region_0_0_c3, Cluster= ctl_cpu_state_1486_9_create, ctl= 1, Non-ctl= 13
Selected impl_type 4 (factored_form (optimized)) for sop cluster ctl_cpu_state_1486_9_create.
Info    : Accepted resource sharing opportunity. [RTLOPT-30]
        : Merged the following sets of instances in 'CDN_DP_region_0_0_c4 in picorv32_ENABLE_COUNTERS1_ENABLE_COUNTERS641_ENABLE_REGS_16_311_ENABLE_REGS_DUALPORT1_TWO_STAGE_SHIFT1_BARREL_SHIFTER1_TWO_CYCLE_COMPARE0_TWO_CYCLE_ALU1_COMPRESSED_ISA0_CATCH_MISALIGN1_CATCH_ILLINSN1_ENABLE_PCPI1_ENABLE_MUL1_ENABLE_FAST_MUL1_ENABLE_DIV1_ENABLE_IRQ1_ENABLE_IRQ_QREGS1_ENABLE_IRQ_TIMER1_ENABLE_TRACE0_REGS_INIT_ZERO0_MASKED_IRQ0_LATCHED_IRQn1_PROGADDR_RESET0_PROGADDR_IRQ16_STACKADDRn1':
	  (add_1569_33, add_1552_33)

Number of non-ctl's : 13
F_F_mux_reg_out_1486_9 g6485 g6486 g6526 g6528 g6529 g6530 g6531 g6532 g6533 g6535 mux_eoi_1486_9 mux_reg_op1_1486_9 
SOP DEBUG : Module= CDN_DP_region_0_0_c4, Cluster= ctl_cpu_state_1486_9_create, ctl= 1, Non-ctl= 13
Selected impl_type 4 (factored_form (optimized)) for sop cluster ctl_cpu_state_1486_9_create.
Info    : Accepted resource sharing opportunity. [RTLOPT-30]
        : Merged the following sets of instances in 'CDN_DP_region_0_0_c5 in picorv32_ENABLE_COUNTERS1_ENABLE_COUNTERS641_ENABLE_REGS_16_311_ENABLE_REGS_DUALPORT1_TWO_STAGE_SHIFT1_BARREL_SHIFTER1_TWO_CYCLE_COMPARE0_TWO_CYCLE_ALU1_COMPRESSED_ISA0_CATCH_MISALIGN1_CATCH_ILLINSN1_ENABLE_PCPI1_ENABLE_MUL1_ENABLE_FAST_MUL1_ENABLE_DIV1_ENABLE_IRQ1_ENABLE_IRQ_QREGS1_ENABLE_IRQ_TIMER1_ENABLE_TRACE0_REGS_INIT_ZERO0_MASKED_IRQ0_LATCHED_IRQn1_PROGADDR_RESET0_PROGADDR_IRQ16_STACKADDRn1':
	  (add_1569_33, add_1552_33)

Number of non-ctl's : 13
F_F_mux_reg_out_1486_9 g6485 g6486 g6526 g6528 g6529 g6530 g6531 g6532 g6533 g6535 mux_eoi_1486_9 mux_reg_op1_1486_9 
SOP DEBUG : Module= CDN_DP_region_0_0_c5, Cluster= ctl_cpu_state_1486_9_create, ctl= 1, Non-ctl= 13
Selected impl_type 4 (factored_form (optimized)) for sop cluster ctl_cpu_state_1486_9_create.
Info    : Accepted resource sharing opportunity. [RTLOPT-30]
        : Merged the following sets of instances in 'CDN_DP_region_0_0_c6 in picorv32_ENABLE_COUNTERS1_ENABLE_COUNTERS641_ENABLE_REGS_16_311_ENABLE_REGS_DUALPORT1_TWO_STAGE_SHIFT1_BARREL_SHIFTER1_TWO_CYCLE_COMPARE0_TWO_CYCLE_ALU1_COMPRESSED_ISA0_CATCH_MISALIGN1_CATCH_ILLINSN1_ENABLE_PCPI1_ENABLE_MUL1_ENABLE_FAST_MUL1_ENABLE_DIV1_ENABLE_IRQ1_ENABLE_IRQ_QREGS1_ENABLE_IRQ_TIMER1_ENABLE_TRACE0_REGS_INIT_ZERO0_MASKED_IRQ0_LATCHED_IRQn1_PROGADDR_RESET0_PROGADDR_IRQ16_STACKADDRn1':
	  (add_1569_33, add_1552_33)

Number of non-ctl's : 13
F_F_mux_reg_out_1486_9 g6485 g6486 g6526 g6528 g6529 g6530 g6531 g6532 g6533 g6535 mux_eoi_1486_9 mux_reg_op1_1486_9 
SOP DEBUG : Module= CDN_DP_region_0_0_c6, Cluster= ctl_cpu_state_1486_9_create, ctl= 1, Non-ctl= 13
Selected impl_type 4 (factored_form (optimized)) for sop cluster ctl_cpu_state_1486_9_create.
CDN_DP_region_0_0 level = 0 loads = 1 drivers = 0
CDN_DP_region_0_0_c0 in picorv32_ENABLE_COUNTERS1_ENABLE_COUNTERS641_ENABLE_REGS_16_311_ENABLE_REGS_DUALPORT1_TWO_STAGE_SHIFT1_BARREL_SHIFTER1_TWO_CYCLE_COMPARE0_TWO_CYCLE_ALU1_COMPRESSED_ISA0_CATCH_MISALIGN1_CATCH_ILLINSN1_ENABLE_PCPI1_ENABLE_MUL1_ENABLE_FAST_MUL1_ENABLE_DIV1_ENABLE_IRQ1_ENABLE_IRQ_QREGS1_ENABLE_IRQ_TIMER1_ENABLE_TRACE0_REGS_INIT_ZERO0_MASKED_IRQ0_LATCHED_IRQn1_PROGADDR_RESET0_PROGADDR_IRQ16_STACKADDRn1: area: 112731407775 ,dp = 51 mux = 99 sg = slow         worst_clk_period: -1.0000 
    wns: 0  norm_wns:  -1.0000 
    fail_endp: -1 
    tns:  0  tns_per_endp:  -1.0000   norm_tns_per_endp:  -1.0000 
    tns_sense_max:  -1.0000  tns_sense_avg:  -1.0000   tns_sense_num: -1
 skipped
CDN_DP_region_0_0_c1 in picorv32_ENABLE_COUNTERS1_ENABLE_COUNTERS641_ENABLE_REGS_16_311_ENABLE_REGS_DUALPORT1_TWO_STAGE_SHIFT1_BARREL_SHIFTER1_TWO_CYCLE_COMPARE0_TWO_CYCLE_ALU1_COMPRESSED_ISA0_CATCH_MISALIGN1_CATCH_ILLINSN1_ENABLE_PCPI1_ENABLE_MUL1_ENABLE_FAST_MUL1_ENABLE_DIV1_ENABLE_IRQ1_ENABLE_IRQ_QREGS1_ENABLE_IRQ_TIMER1_ENABLE_TRACE0_REGS_INIT_ZERO0_MASKED_IRQ0_LATCHED_IRQn1_PROGADDR_RESET0_PROGADDR_IRQ16_STACKADDRn1: area: 105087785670 ,dp = 23 mux = 100 sg = fast         worst_clk_period: -1.0000 
    wns: 0  norm_wns:  -1.0000 
    fail_endp: -1 
    tns:  0  tns_per_endp:  -1.0000   norm_tns_per_endp:  -1.0000 
    tns_sense_max:  -1.0000  tns_sense_avg:  -1.0000   tns_sense_num: -1
 is current best
CDN_DP_region_0_0_c2 in picorv32_ENABLE_COUNTERS1_ENABLE_COUNTERS641_ENABLE_REGS_16_311_ENABLE_REGS_DUALPORT1_TWO_STAGE_SHIFT1_BARREL_SHIFTER1_TWO_CYCLE_COMPARE0_TWO_CYCLE_ALU1_COMPRESSED_ISA0_CATCH_MISALIGN1_CATCH_ILLINSN1_ENABLE_PCPI1_ENABLE_MUL1_ENABLE_FAST_MUL1_ENABLE_DIV1_ENABLE_IRQ1_ENABLE_IRQ_QREGS1_ENABLE_IRQ_TIMER1_ENABLE_TRACE0_REGS_INIT_ZERO0_MASKED_IRQ0_LATCHED_IRQn1_PROGADDR_RESET0_PROGADDR_IRQ16_STACKADDRn1: area: 103565470995 ,dp = 22 mux = 99 sg = very_slow    worst_clk_period: -1.0000 
    wns: 0  norm_wns:  -1.0000 
    fail_endp: -1 
    tns:  0  tns_per_endp:  -1.0000   norm_tns_per_endp:  -1.0000 
    tns_sense_max:  -1.0000  tns_sense_avg:  -1.0000   tns_sense_num: -1
 is current best
CDN_DP_region_0_0_c3 in picorv32_ENABLE_COUNTERS1_ENABLE_COUNTERS641_ENABLE_REGS_16_311_ENABLE_REGS_DUALPORT1_TWO_STAGE_SHIFT1_BARREL_SHIFTER1_TWO_CYCLE_COMPARE0_TWO_CYCLE_ALU1_COMPRESSED_ISA0_CATCH_MISALIGN1_CATCH_ILLINSN1_ENABLE_PCPI1_ENABLE_MUL1_ENABLE_FAST_MUL1_ENABLE_DIV1_ENABLE_IRQ1_ENABLE_IRQ_QREGS1_ENABLE_IRQ_TIMER1_ENABLE_TRACE0_REGS_INIT_ZERO0_MASKED_IRQ0_LATCHED_IRQn1_PROGADDR_RESET0_PROGADDR_IRQ16_STACKADDRn1: area: 104104957950 ,dp = 23 mux = 99 sg = very_fast    worst_clk_period: -1.0000 
    wns: 0  norm_wns:  -1.0000 
    fail_endp: -1 
    tns:  0  tns_per_endp:  -1.0000   norm_tns_per_endp:  -1.0000 
    tns_sense_max:  -1.0000  tns_sense_avg:  -1.0000   tns_sense_num: -1

CDN_DP_region_0_0_c4 in picorv32_ENABLE_COUNTERS1_ENABLE_COUNTERS641_ENABLE_REGS_16_311_ENABLE_REGS_DUALPORT1_TWO_STAGE_SHIFT1_BARREL_SHIFTER1_TWO_CYCLE_COMPARE0_TWO_CYCLE_ALU1_COMPRESSED_ISA0_CATCH_MISALIGN1_CATCH_ILLINSN1_ENABLE_PCPI1_ENABLE_MUL1_ENABLE_FAST_MUL1_ENABLE_DIV1_ENABLE_IRQ1_ENABLE_IRQ_QREGS1_ENABLE_IRQ_TIMER1_ENABLE_TRACE0_REGS_INIT_ZERO0_MASKED_IRQ0_LATCHED_IRQn1_PROGADDR_RESET0_PROGADDR_IRQ16_STACKADDRn1: area: 103565470995 ,dp = 22 mux = 99 sg = very_fast    worst_clk_period: -1.0000 
    wns: 0  norm_wns:  -1.0000 
    fail_endp: -1 
    tns:  0  tns_per_endp:  -1.0000   norm_tns_per_endp:  -1.0000 
    tns_sense_max:  -1.0000  tns_sense_avg:  -1.0000   tns_sense_num: -1
 is current best
CDN_DP_region_0_0_c5 in picorv32_ENABLE_COUNTERS1_ENABLE_COUNTERS641_ENABLE_REGS_16_311_ENABLE_REGS_DUALPORT1_TWO_STAGE_SHIFT1_BARREL_SHIFTER1_TWO_CYCLE_COMPARE0_TWO_CYCLE_ALU1_COMPRESSED_ISA0_CATCH_MISALIGN1_CATCH_ILLINSN1_ENABLE_PCPI1_ENABLE_MUL1_ENABLE_FAST_MUL1_ENABLE_DIV1_ENABLE_IRQ1_ENABLE_IRQ_QREGS1_ENABLE_IRQ_TIMER1_ENABLE_TRACE0_REGS_INIT_ZERO0_MASKED_IRQ0_LATCHED_IRQn1_PROGADDR_RESET0_PROGADDR_IRQ16_STACKADDRn1: area: 103565470995 ,dp = 22 mux = 99 sg = very_fast    worst_clk_period: -1.0000 
    wns: 0  norm_wns:  -1.0000 
    fail_endp: -1 
    tns:  0  tns_per_endp:  -1.0000   norm_tns_per_endp:  -1.0000 
    tns_sense_max:  -1.0000  tns_sense_avg:  -1.0000   tns_sense_num: -1
 is current best
CDN_DP_region_0_0_c6 in picorv32_ENABLE_COUNTERS1_ENABLE_COUNTERS641_ENABLE_REGS_16_311_ENABLE_REGS_DUALPORT1_TWO_STAGE_SHIFT1_BARREL_SHIFTER1_TWO_CYCLE_COMPARE0_TWO_CYCLE_ALU1_COMPRESSED_ISA0_CATCH_MISALIGN1_CATCH_ILLINSN1_ENABLE_PCPI1_ENABLE_MUL1_ENABLE_FAST_MUL1_ENABLE_DIV1_ENABLE_IRQ1_ENABLE_IRQ_QREGS1_ENABLE_IRQ_TIMER1_ENABLE_TRACE0_REGS_INIT_ZERO0_MASKED_IRQ0_LATCHED_IRQn1_PROGADDR_RESET0_PROGADDR_IRQ16_STACKADDRn1: area: 105087785670 ,dp = 23 mux = 100 sg = very_fast    worst_clk_period: -1.0000 
    wns: 0  norm_wns:  -1.0000 
    fail_endp: -1 
    tns:  0  tns_per_endp:  -1.0000   norm_tns_per_endp:  -1.0000 
    tns_sense_max:  -1.0000  tns_sense_avg:  -1.0000   tns_sense_num: -1

Not considering config 7 due to bailout. 
Best config: CDN_DP_region_0_0_c5 in picorv32_ENABLE_COUNTERS1_ENABLE_COUNTERS641_ENABLE_REGS_16_311_ENABLE_REGS_DUALPORT1_TWO_STAGE_SHIFT1_BARREL_SHIFTER1_TWO_CYCLE_COMPARE0_TWO_CYCLE_ALU1_COMPRESSED_ISA0_CATCH_MISALIGN1_CATCH_ILLINSN1_ENABLE_PCPI1_ENABLE_MUL1_ENABLE_FAST_MUL1_ENABLE_DIV1_ENABLE_IRQ1_ENABLE_IRQ_QREGS1_ENABLE_IRQ_TIMER1_ENABLE_TRACE0_REGS_INIT_ZERO0_MASKED_IRQ0_LATCHED_IRQn1_PROGADDR_RESET0_PROGADDR_IRQ16_STACKADDRn1: area: 103565470995 ,dp = 22 mux = 99 sg = very_fast    worst_clk_period: -1.0000 
    wns: 0  norm_wns:  -1.0000 
    fail_endp: -1 
    tns:  0  tns_per_endp:  -1.0000   norm_tns_per_endp:  -1.0000 
    tns_sense_max:  -1.0000  tns_sense_avg:  -1.0000   tns_sense_num: -1
  Smallest config area : 103565470995.  Fastest config wns;  0
##>+----------------------------------------------------------------------------------------------------------------------------------------------------------------+
##>Summary table of configs (Best config is CDN_DP_region_0_0_c5)
##>+----------------------------------------------------------------------------------------------------------------------------------------------------------------+
##>                     0                  1                  2                  3                  4                  5                  6            
##>+----------------------------------------------------------------------------------------------------------------------------------------------------------------+
##>           Area     112731407775       105087785670       103565470995       104104957950       103565470995       103565470995       105087785670  
##>            WNS         +2888.10           +2888.10           +2888.10           +2888.10           +2888.10           +2888.10           +2888.10  
##>            TNS                0                  0                  0                  0                  0                  0                  0  
##>    Num Rewrite                0                  4                  4                  4                  4                  4                  3  
##>     Num Factor                0                  0                  0                  0                  0                  0                  0  
##>      Num Share                0                  1                  1                  1                  1                  1                  1  
##>   Num CmultCse                0                  0                  0                  0                  0                  0                  0  
##>   Num Downsize                0                  0                  0                  0                  0                  0                  0  
##>  Num Speculate                0                  0                  0                  0                  0                  0                  0  
##>     Runtime(s)                0                  3                  3                  4                  3                  3                  3  
+----------------------------------------------------------------------------------------------------------------------------------------------------------------+
##>
##>
##>+------------------------------------------------------------------------------------------------------------------------------------------------------------+
##>Optimization Step DEBUG Table for config CDN_DP_region_0_0_c5
##>
##>                          Step                        Area   ( % Chg)        WNS (Change)        TNS (Change)          Runtime (s)        Comment                   
##>+------------------------------------------------------------------------------------------------------------------------------------------------------------+
##>createMaxCarrySave              START           112731407775 (      )     2888.10 (        )             0 (        )              
##> datapath_rewrite_one_def       START           112731407775 ( +0.00)     2888.10 (   +0.00)             0 (       0)              
##>  fast_cse_elim                 START           112731407775 ( +0.00)     2888.10 (   +0.00)             0 (       0)              
##>                                  END           112507066665 ( -0.20)     2888.10 (   +0.00)             0 (       0)           0  
##>  fast_cse_elim                 START           112507066665 ( +0.00)     2888.10 (   +0.00)             0 (       0)              
##>                                  END           112507066665 ( +0.00)     2888.10 (   +0.00)             0 (       0)           0  
##>  rewrite                       START           112507066665 ( +0.00)     2888.10 (   +0.00)             0 (       0)              (a,csaa) add_sub_with_select --> add_sub_with_mux_v2
##>                                  END           108554389965 ( -3.51)     2888.10 (   +0.00)             0 (       0)           0  
##>  rewrite                       START           108554389965 ( +0.00)     2888.10 (   +0.00)             0 (       0)              (na,csaa) and_en_v2 --> en_mux
##>                                  END           108602463060 ( +0.04)     2888.10 (   +0.00)             0 (       0)           0  
##>  fast_cse_elim                 START           108554389965 ( -0.04)     2888.10 (   +0.00)             0 (       0)              
##>                                  END           108554389965 ( +0.00)     2888.10 (   +0.00)             0 (       0)           0  
##>  fast_cse_elim                 START           108554389965 ( +0.00)     2888.10 (   +0.00)             0 (       0)              
##>                                  END           108554389965 ( +0.00)     2888.10 (   +0.00)             0 (       0)           0  
##>  rewrite                       START           108554389965 ( +0.00)     2888.10 (   +0.00)             0 (       0)              (a,ar) add_ci --> add_and_inc 
##>                                  END           110092729005 ( +1.42)     2888.10 (   +0.00)             0 (       0)           0  
##>                                  END           110092729005 ( -2.34)     2888.10 (   +0.00)             0 (       0)           0  
##> speculate_in_gdef              START           110092729005 ( +0.00)     2888.10 (   +0.00)             0 (       0)              
##>  pre_speculate_mux_merge       START           110092729005 ( +0.00)     2888.10 (   +0.00)             0 (       0)              
##>                                  END           110092729005 ( +0.00)     2888.10 (   +0.00)             0 (       0)           0  
##>                                  END           110092729005 ( +0.00)     2888.10 (   +0.00)             0 (       0)           0  
##> csa_opto                       START           110092729005 ( +0.00)     2888.10 (   +0.00)             0 (       0)              
##>                                  END           108271292850 ( -1.65)     2888.10 (   +0.00)             0 (       0)           0  
##>                                  END           108271292850 ( -3.96)     2888.10 (   +0.00)             0 (       0)           0  
##>canonicalize_by_names           START           108271292850 ( +0.00)     2888.10 (   +0.00)             0 (       0)              
##>                                  END           108271292850 ( +0.00)     2888.10 (   +0.00)             0 (       0)           0  
##>datapath_rewrite_post_csa_one_  START           108271292850 ( +0.00)     2888.10 (   +0.00)             0 (       0)              
##>                                  END           108271292850 ( +0.00)     2888.10 (   +0.00)             0 (       0)           0  
##>datapath_csa_factoring_one_gde  START           108271292850 ( +0.00)     2888.10 (   +0.00)             0 (       0)              
##>                                  END           108271292850 ( +0.00)     2888.10 (   +0.00)             0 (       0)           0  
##>dpopt_share_one_def             START           108271292850 ( +0.00)     2888.10 (   +0.00)             0 (       0)              
##>                                  END           107203001850 ( -0.99)     2888.10 (   +0.00)             0 (       0)           0  
##>datapath_rewrite_post_share     START           107203001850 ( +0.00)     2888.10 (   +0.00)             0 (       0)              
##>                                  END           107203001850 ( +0.00)     2888.10 (   +0.00)             0 (       0)           0  
##>dp_combine_const_mult_with_com  START           107203001850 ( +0.00)     2888.10 (   +0.00)             0 (       0)              
##>                                  END           107203001850 ( +0.00)     2888.10 (   +0.00)             0 (       0)           0  
##>speculate_in_gdef               START           107203001850 ( +0.00)     2888.10 (   +0.00)             0 (       0)              
##> pre_speculate_mux_merge        START           107203001850 ( +0.00)     2888.10 (   +0.00)             0 (       0)              
##>                                  END           107203001850 ( +0.00)     2888.10 (   +0.00)             0 (       0)           0  
##>                                  END           107203001850 ( +0.00)     2888.10 (   +0.00)             0 (       0)           0  
##>dp_operator_level_decompositio  START           107203001850 ( +0.00)     2888.10 (   +0.00)             0 (       0)              
##>                                  END           107203001850 ( +0.00)     2888.10 (   +0.00)             0 (       0)           0  
##>selective_flatten_dp_config     START           107203001850 ( +0.00)     2888.10 (   +0.00)             0 (       0)              
##>                                  END           107106855660 ( -0.09)     2888.10 (   +0.00)             0 (       0)           0  
##>createMaxCarrySave              START           107106855660 ( +0.00)     2888.10 (   +0.00)             0 (       0)              
##> datapath_rewrite_one_def       START           107106855660 ( +0.00)     2888.10 (   +0.00)             0 (       0)              
##>  fast_cse_elim                 START           107106855660 ( +0.00)     2888.10 (   +0.00)             0 (       0)              
##>                                  END           107106855660 ( +0.00)     2888.10 (   +0.00)             0 (       0)           0  
##>  fast_cse_elim                 START           107106855660 ( +0.00)     2888.10 (   +0.00)             0 (       0)              
##>                                  END           107106855660 ( +0.00)     2888.10 (   +0.00)             0 (       0)           0  
##>  rewrite                       START           107106855660 ( +0.00)     2888.10 (   +0.00)             0 (       0)              (a,ar) add_ci --> add_and_inc 
##>                                  END           108645194700 ( +1.44)     2888.10 (   +0.00)             0 (       0)           0  
##>                                  END           108645194700 ( +1.44)     2888.10 (   +0.00)             0 (       0)           0  
##> speculate_in_gdef              START           108645194700 ( +0.00)     2888.10 (   +0.00)             0 (       0)              
##>  pre_speculate_mux_merge       START           108645194700 ( +0.00)     2888.10 (   +0.00)             0 (       0)              
##>                                  END           108645194700 ( +0.00)     2888.10 (   +0.00)             0 (       0)           0  
##>                                  END           108645194700 ( +0.00)     2888.10 (   +0.00)             0 (       0)           0  
##> csa_opto                       START           108645194700 ( +0.00)     2888.10 (   +0.00)             0 (       0)              
##>                                  END           107106855660 ( -1.42)     2888.10 (   +0.00)             0 (       0)           0  
##>                                  END           107106855660 ( +0.00)     2888.10 (   +0.00)             0 (       0)           0  
##>datapath_rewrite_post_csa_one_  START           107106855660 ( +0.00)     2888.10 (   +0.00)             0 (       0)              
##>                                  END           107106855660 ( +0.00)     2888.10 (   +0.00)             0 (       0)           0  
##>datapath_csa_factoring_one_gde  START           107106855660 ( +0.00)     2888.10 (   +0.00)             0 (       0)              
##>                                  END           107106855660 ( +0.00)     2888.10 (   +0.00)             0 (       0)           0  
##>dpopt_share_one_def             START           107106855660 ( +0.00)     2888.10 (   +0.00)             0 (       0)              
##>                                  END           107106855660 ( +0.00)     2888.10 (   +0.00)             0 (       0)           0  
##>datapath_rewrite_post_share     START           107106855660 ( +0.00)     2888.10 (   +0.00)             0 (       0)              
##>                                  END           107106855660 ( +0.00)     2888.10 (   +0.00)             0 (       0)           0  
##>dp_combine_const_mult_with_com  START           107106855660 ( +0.00)     2888.10 (   +0.00)             0 (       0)              
##>                                  END           107106855660 ( +0.00)     2888.10 (   +0.00)             0 (       0)           0  
##>speculate_in_gdef               START           107106855660 ( +0.00)     2888.10 (   +0.00)             0 (       0)              
##> pre_speculate_mux_merge        START           107106855660 ( +0.00)     2888.10 (   +0.00)             0 (       0)              
##>                                  END           107106855660 ( +0.00)     2888.10 (   +0.00)             0 (       0)           0  
##>                                  END           107106855660 ( +0.00)     2888.10 (   +0.00)             0 (       0)           0  
##>dp_operator_level_decompositio  START           107106855660 ( +0.00)     2888.10 (   +0.00)             0 (       0)              
##>                                  END           107106855660 ( +0.00)     2888.10 (   +0.00)             0 (       0)           0  
##>selective_flatten_dp_config     START           107106855660 ( +0.00)     2888.10 (   +0.00)             0 (       0)              
##>                                  END           107106855660 ( +0.00)     2888.10 (   +0.00)             0 (       0)           0  
##>createMaxCarrySave              START           107106855660 ( +0.00)     2888.10 (   +0.00)             0 (       0)              
##> datapath_rewrite_one_def       START           107106855660 ( +0.00)     2888.10 (   +0.00)             0 (       0)              
##>  fast_cse_elim                 START           107106855660 ( +0.00)     2888.10 (   +0.00)             0 (       0)              
##>                                  END           107106855660 ( +0.00)     2888.10 (   +0.00)             0 (       0)           0  
##>  fast_cse_elim                 START           107106855660 ( +0.00)     2888.10 (   +0.00)             0 (       0)              
##>                                  END           107106855660 ( +0.00)     2888.10 (   +0.00)             0 (       0)           0  
##>  rewrite                       START           107106855660 ( +0.00)     2888.10 (   +0.00)             0 (       0)              (a,ar) add_ci --> add_and_inc 
##>                                  END           108645194700 ( +1.44)     2888.10 (   +0.00)             0 (       0)           0  
##>                                  END           108645194700 ( +1.44)     2888.10 (   +0.00)             0 (       0)           0  
##> speculate_in_gdef              START           108645194700 ( +0.00)     2888.10 (   +0.00)             0 (       0)              
##>  pre_speculate_mux_merge       START           108645194700 ( +0.00)     2888.10 (   +0.00)             0 (       0)              
##>                                  END           108645194700 ( +0.00)     2888.10 (   +0.00)             0 (       0)           0  
##>                                  END           108645194700 ( +0.00)     2888.10 (   +0.00)             0 (       0)           0  
##> csa_opto                       START           108645194700 ( +0.00)     2888.10 (   +0.00)             0 (       0)              
##>                                  END           107106855660 ( -1.42)     2888.10 (   +0.00)             0 (       0)           0  
##>                                  END           107106855660 ( +0.00)     2888.10 (   +0.00)             0 (       0)           0  
##>context_based_simplify          START           106925246190 ( -0.17)     2888.10 (   +0.00)             0 (       0)              
##>                                  END           104548298715 ( -2.22)     2888.10 (   +0.00)             0 (       0)           0  
##>group_csa_final_adder_dp        START           104548298715 ( +0.00)     2888.10 (   +0.00)             0 (       0)              
##>                                  END           104548298715 ( +0.00)     2888.10 (   +0.00)             0 (       0)           0  
##>dpopt_flatten_critical_muxes_i  START           104548298715 ( +0.00)     2888.10 (   +0.00)             0 (       0)              
##>                                  END           103565470995 ( -0.94)     2888.10 (   +0.00)             0 (       0)           0  
##>speculate_in_gdef               START           103565470995 ( +0.00)     2888.10 (   +0.00)             0 (       0)              
##> pre_speculate_mux_merge        START           103565470995 ( +0.00)     2888.10 (   +0.00)             0 (       0)              
##>                                  END           103565470995 ( +0.00)     2888.10 (   +0.00)             0 (       0)           0  
##>                                  END           103565470995 ( +0.00)     2888.10 (   +0.00)             0 (       0)           0  
##>create_score                    START           103565470995 ( +0.00)     2888.10 (   +0.00)             0 (       0)              
##>                                  END           103565470995 ( +0.00)     2888.10 (   +0.00)             0 (       0)           0  
##>+------------------------------------------------------------------------------------------------------------------------------------------------------------+
Committed config: CDN_DP_region_0_0_c5
Info    : Done implementing datapath configurations. [DPOPT-4]
        : Selected 'very_fast' configuration 5 for module 'CDN_DP_region_0_0_c5'.
          Optimizations applied to 'very_fast' configuration:
            rewriting(4), factoring(0), sharing(1), cmultcse(0), downsizing(0), speculation(0)
Info    : Implementing datapath configurations. [DPOPT-3]
        : Implementing datapath configurations for 'CDN_DP_region_1_0'
CSAGen Prep Share:0 Re-Write:0 Speculation: 0
MaxCSA: Successfully built Maximal CSA Expression Expr0
MaxCSA: Successfully built Maximal CSA Expression Expr1
MaxCSA: Successfully built Maximal CSA Expression Expr2
MaxCSA: Successfully built Maximal CSA Expression Expr3
Info    : Accepted resource sharing opportunity. [RTLOPT-30]
        : Merged the following sets of instances in 'CDN_DP_region_1_0_c1 in picorv32_pcpi_div':
	  (minus_2495_26, minus_2493_26)
	  (sub_2499_26, minus_2474_59)

Info    : Accepted resource sharing opportunity. [RTLOPT-30]
        : Merged the following sets of instances in 'CDN_DP_region_1_0_c2 in picorv32_pcpi_div':
	  (minus_2495_26, minus_2493_26)
	  (sub_2499_26, minus_2474_59)

Info    : Accepted resource sharing opportunity. [RTLOPT-30]
        : Merged the following sets of instances in 'CDN_DP_region_1_0_c3 in picorv32_pcpi_div':
	  (minus_2495_26, minus_2493_26)
	  (sub_2499_26, minus_2474_59)

Info    : Accepted resource sharing opportunity. [RTLOPT-30]
        : Merged the following sets of instances in 'CDN_DP_region_1_0_c4 in picorv32_pcpi_div':
	  (minus_2495_26, minus_2493_26)
	  (sub_2499_26, minus_2474_59)

Info    : Accepted resource sharing opportunity. [RTLOPT-30]
        : Merged the following sets of instances in 'CDN_DP_region_1_0_c5 in picorv32_pcpi_div':
	  (minus_2495_26, minus_2493_26)
	  (sub_2499_26, minus_2474_59)

Info    : Accepted resource sharing opportunity. [RTLOPT-30]
        : Merged the following sets of instances in 'CDN_DP_region_1_0_c6 in picorv32_pcpi_div':
	  (minus_2495_26, minus_2493_26)
	  (sub_2499_26, minus_2474_59)

CDN_DP_region_1_0 level = 0 loads = 0 drivers = 0
CDN_DP_region_1_0_c0 in picorv32_pcpi_div: area: 19693944585 ,dp = 8 mux = 8 sg = slow         worst_clk_period: -1.0000 
    wns: 0  norm_wns:  -1.0000 
    fail_endp: -1 
    tns:  0  tns_per_endp:  -1.0000   norm_tns_per_endp:  -1.0000 
    tns_sense_max:  -1.0000  tns_sense_avg:  -1.0000   tns_sense_num: -1
 skipped
CDN_DP_region_1_0_c1 in picorv32_pcpi_div: area: 18112873905 ,dp = 4 mux = 11 sg = fast         worst_clk_period: -1.0000 
    wns: 0  norm_wns:  -1.0000 
    fail_endp: -1 
    tns:  0  tns_per_endp:  -1.0000   norm_tns_per_endp:  -1.0000 
    tns_sense_max:  -1.0000  tns_sense_avg:  -1.0000   tns_sense_num: -1
 is current best
CDN_DP_region_1_0_c2 in picorv32_pcpi_div: area: 17461216395 ,dp = 4 mux = 10 sg = very_slow    worst_clk_period: -1.0000 
    wns: 0  norm_wns:  -1.0000 
    fail_endp: -1 
    tns:  0  tns_per_endp:  -1.0000   norm_tns_per_endp:  -1.0000 
    tns_sense_max:  -1.0000  tns_sense_avg:  -1.0000   tns_sense_num: -1
 is current best
CDN_DP_region_1_0_c3 in picorv32_pcpi_div: area: 17461216395 ,dp = 4 mux = 10 sg = very_fast    worst_clk_period: -1.0000 
    wns: 0  norm_wns:  -1.0000 
    fail_endp: -1 
    tns:  0  tns_per_endp:  -1.0000   norm_tns_per_endp:  -1.0000 
    tns_sense_max:  -1.0000  tns_sense_avg:  -1.0000   tns_sense_num: -1
 is current best
CDN_DP_region_1_0_c4 in picorv32_pcpi_div: area: 17461216395 ,dp = 4 mux = 10 sg = very_fast    worst_clk_period: -1.0000 
    wns: 0  norm_wns:  -1.0000 
    fail_endp: -1 
    tns:  0  tns_per_endp:  -1.0000   norm_tns_per_endp:  -1.0000 
    tns_sense_max:  -1.0000  tns_sense_avg:  -1.0000   tns_sense_num: -1
 is current best
CDN_DP_region_1_0_c5 in picorv32_pcpi_div: area: 17461216395 ,dp = 4 mux = 10 sg = very_fast    worst_clk_period: -1.0000 
    wns: 0  norm_wns:  -1.0000 
    fail_endp: -1 
    tns:  0  tns_per_endp:  -1.0000   norm_tns_per_endp:  -1.0000 
    tns_sense_max:  -1.0000  tns_sense_avg:  -1.0000   tns_sense_num: -1
 is current best
CDN_DP_region_1_0_c6 in picorv32_pcpi_div: area: 18112873905 ,dp = 4 mux = 11 sg = very_fast    worst_clk_period: -1.0000 
    wns: 0  norm_wns:  -1.0000 
    fail_endp: -1 
    tns:  0  tns_per_endp:  -1.0000   norm_tns_per_endp:  -1.0000 
    tns_sense_max:  -1.0000  tns_sense_avg:  -1.0000   tns_sense_num: -1

CDN_DP_region_1_0_c7 in picorv32_pcpi_div: area: 23534450730 ,dp = 6 mux = 8 sg = very_fast    worst_clk_period: -1.0000 
    wns: 0  norm_wns:  -1.0000 
    fail_endp: -1 
    tns:  0  tns_per_endp:  -1.0000   norm_tns_per_endp:  -1.0000 
    tns_sense_max:  -1.0000  tns_sense_avg:  -1.0000   tns_sense_num: -1

Best config: CDN_DP_region_1_0_c5 in picorv32_pcpi_div: area: 17461216395 ,dp = 4 mux = 10 sg = very_fast    worst_clk_period: -1.0000 
    wns: 0  norm_wns:  -1.0000 
    fail_endp: -1 
    tns:  0  tns_per_endp:  -1.0000   norm_tns_per_endp:  -1.0000 
    tns_sense_max:  -1.0000  tns_sense_avg:  -1.0000   tns_sense_num: -1
  Smallest config area : 17461216395.  Fastest config wns;  0
##>+----------------------------------------------------------------------------------------------------------------------------------------------------------------+
##>Summary table of configs (Best config is CDN_DP_region_1_0_c5)
##>+----------------------------------------------------------------------------------------------------------------------------------------------------------------+
##>                     0                  1                  2                  3                  4                  5                  6                  7            
##>+----------------------------------------------------------------------------------------------------------------------------------------------------------------+
##>           Area      19693944585        18112873905        17461216395        17461216395        17461216395        17461216395        18112873905        23534450730  
##>            WNS         +2884.60           +2884.60           +2884.60           +2884.60           +2884.60           +2884.60           +2884.60           +2884.60  
##>            TNS                0                  0                  0                  0                  0                  0                  0                  0  
##>    Num Rewrite                0                  0                  0                  0                  0                  0                  0                  0  
##>     Num Factor                0                  0                  0                  0                  0                  0                  0                  0  
##>      Num Share                0                  2                  2                  2                  2                  2                  2                  0  
##>   Num CmultCse                0                  0                  0                  0                  0                  0                  0                  0  
##>   Num Downsize                0                  0                  0                  0                  0                  0                  0                  0  
##>  Num Speculate                0                  0                  0                  0                  0                  0                  0                  0  
##>     Runtime(s)                0                  1                  1                  1                  1                  1                  1                  2  
+----------------------------------------------------------------------------------------------------------------------------------------------------------------+
##>
##>
##>+------------------------------------------------------------------------------------------------------------------------------------------------------------+
##>Optimization Step DEBUG Table for config CDN_DP_region_1_0_c5
##>
##>                          Step                        Area   ( % Chg)        WNS (Change)        TNS (Change)          Runtime (s)        Comment                   
##>+------------------------------------------------------------------------------------------------------------------------------------------------------------+
##>createMaxCarrySave              START            19693944585 (      )     2884.60 (        )             0 (        )              
##> datapath_rewrite_one_def       START            19693944585 ( +0.00)     2884.60 (   +0.00)             0 (       0)              
##>  fast_cse_elim                 START            19693944585 ( +0.00)     2884.60 (   +0.00)             0 (       0)              
##>                                  END            19693944585 ( +0.00)     2884.60 (   +0.00)             0 (       0)           0  
##>  fast_cse_elim                 START            19693944585 ( +0.00)     2884.60 (   +0.00)             0 (       0)              
##>                                  END            19693944585 ( +0.00)     2884.60 (   +0.00)             0 (       0)           0  
##>                                  END            19693944585 ( +0.00)     2884.60 (   +0.00)             0 (       0)           0  
##> csa_opto                       START            19693944585 ( +0.00)     2884.60 (   +0.00)             0 (       0)              
##>                                  END            19693944585 ( +0.00)     2884.60 (   +0.00)             0 (       0)           0  
##>                                  END            19693944585 ( +0.00)     2884.60 (   +0.00)             0 (       0)           0  
##>canonicalize_by_names           START            19693944585 ( +0.00)     2884.60 (   +0.00)             0 (       0)              
##>                                  END            19693944585 ( +0.00)     2884.60 (   +0.00)             0 (       0)           0  
##>datapath_rewrite_post_csa_one_  START            19693944585 ( +0.00)     2884.60 (   +0.00)             0 (       0)              
##>                                  END            19693944585 ( +0.00)     2884.60 (   +0.00)             0 (       0)           0  
##>datapath_csa_factoring_one_gde  START            19693944585 ( +0.00)     2884.60 (   +0.00)             0 (       0)              
##>                                  END            19693944585 ( +0.00)     2884.60 (   +0.00)             0 (       0)           0  
##>dpopt_share_one_def             START            19693944585 ( +0.00)     2884.60 (   +0.00)             0 (       0)              
##>                                  END            18486775755 ( -6.13)     2884.60 (   +0.00)             0 (       0)           0  
##>datapath_rewrite_post_share     START            18486775755 ( +0.00)     2884.60 (   +0.00)             0 (       0)              
##>                                  END            18486775755 ( +0.00)     2884.60 (   +0.00)             0 (       0)           0  
##>dp_combine_const_mult_with_com  START            18486775755 ( +0.00)     2884.60 (   +0.00)             0 (       0)              
##>                                  END            18486775755 ( +0.00)     2884.60 (   +0.00)             0 (       0)           0  
##>speculate_in_gdef               START            18486775755 ( +0.00)     2884.60 (   +0.00)             0 (       0)              
##> pre_speculate_mux_merge        START            18486775755 ( +0.00)     2884.60 (   +0.00)             0 (       0)              
##>                                  END            18486775755 ( +0.00)     2884.60 (   +0.00)             0 (       0)           0  
##>                                  END            18486775755 ( +0.00)     2884.60 (   +0.00)             0 (       0)           0  
##>dp_operator_level_decompositio  START            18486775755 ( +0.00)     2884.60 (   +0.00)             0 (       0)              
##>                                  END            18486775755 ( +0.00)     2884.60 (   +0.00)             0 (       0)           0  
##>selective_flatten_dp_config     START            18486775755 ( +0.00)     2884.60 (   +0.00)             0 (       0)              
##>                                  END            18486775755 ( +0.00)     2884.60 (   +0.00)             0 (       0)           0  
##>createMaxCarrySave              START            18486775755 ( +0.00)     2884.60 (   +0.00)             0 (       0)              
##> datapath_rewrite_one_def       START            18486775755 ( +0.00)     2884.60 (   +0.00)             0 (       0)              
##>  fast_cse_elim                 START            18486775755 ( +0.00)     2884.60 (   +0.00)             0 (       0)              
##>                                  END            18486775755 ( +0.00)     2884.60 (   +0.00)             0 (       0)           0  
##>  fast_cse_elim                 START            18486775755 ( +0.00)     2884.60 (   +0.00)             0 (       0)              
##>                                  END            18486775755 ( +0.00)     2884.60 (   +0.00)             0 (       0)           0  
##>                                  END            18486775755 ( +0.00)     2884.60 (   +0.00)             0 (       0)           0  
##> speculate_in_gdef              START            18486775755 ( +0.00)     2884.60 (   +0.00)             0 (       0)              
##>  pre_speculate_mux_merge       START            18486775755 ( +0.00)     2884.60 (   +0.00)             0 (       0)              
##>                                  END            18486775755 ( +0.00)     2884.60 (   +0.00)             0 (       0)           0  
##>                                  END            18486775755 ( +0.00)     2884.60 (   +0.00)             0 (       0)           0  
##> csa_opto                       START            18486775755 ( +0.00)     2884.60 (   +0.00)             0 (       0)              
##>                                  END            18486775755 ( +0.00)     2884.60 (   +0.00)             0 (       0)           0  
##>                                  END            18486775755 ( +0.00)     2884.60 (   +0.00)             0 (       0)           0  
##>datapath_rewrite_post_csa_one_  START            18486775755 ( +0.00)     2884.60 (   +0.00)             0 (       0)              
##>                                  END            18486775755 ( +0.00)     2884.60 (   +0.00)             0 (       0)           0  
##>datapath_csa_factoring_one_gde  START            18486775755 ( +0.00)     2884.60 (   +0.00)             0 (       0)              
##>                                  END            18486775755 ( +0.00)     2884.60 (   +0.00)             0 (       0)           0  
##>dpopt_share_one_def             START            18486775755 ( +0.00)     2884.60 (   +0.00)             0 (       0)              
##>                                  END            18486775755 ( +0.00)     2884.60 (   +0.00)             0 (       0)           0  
##>datapath_rewrite_post_share     START            18486775755 ( +0.00)     2884.60 (   +0.00)             0 (       0)              
##>                                  END            18486775755 ( +0.00)     2884.60 (   +0.00)             0 (       0)           0  
##>dp_combine_const_mult_with_com  START            18486775755 ( +0.00)     2884.60 (   +0.00)             0 (       0)              
##>                                  END            18486775755 ( +0.00)     2884.60 (   +0.00)             0 (       0)           0  
##>speculate_in_gdef               START            18486775755 ( +0.00)     2884.60 (   +0.00)             0 (       0)              
##> pre_speculate_mux_merge        START            18486775755 ( +0.00)     2884.60 (   +0.00)             0 (       0)              
##>                                  END            18486775755 ( +0.00)     2884.60 (   +0.00)             0 (       0)           0  
##>                                  END            18486775755 ( +0.00)     2884.60 (   +0.00)             0 (       0)           0  
##>dp_operator_level_decompositio  START            18486775755 ( +0.00)     2884.60 (   +0.00)             0 (       0)              
##>                                  END            18486775755 ( +0.00)     2884.60 (   +0.00)             0 (       0)           0  
##>selective_flatten_dp_config     START            18486775755 ( +0.00)     2884.60 (   +0.00)             0 (       0)              
##>                                  END            18486775755 ( +0.00)     2884.60 (   +0.00)             0 (       0)           0  
##>createMaxCarrySave              START            18486775755 ( +0.00)     2884.60 (   +0.00)             0 (       0)              
##> datapath_rewrite_one_def       START            18486775755 ( +0.00)     2884.60 (   +0.00)             0 (       0)              
##>  fast_cse_elim                 START            18486775755 ( +0.00)     2884.60 (   +0.00)             0 (       0)              
##>                                  END            18486775755 ( +0.00)     2884.60 (   +0.00)             0 (       0)           0  
##>  fast_cse_elim                 START            18486775755 ( +0.00)     2884.60 (   +0.00)             0 (       0)              
##>                                  END            18486775755 ( +0.00)     2884.60 (   +0.00)             0 (       0)           0  
##>                                  END            18486775755 ( +0.00)     2884.60 (   +0.00)             0 (       0)           0  
##> speculate_in_gdef              START            18486775755 ( +0.00)     2884.60 (   +0.00)             0 (       0)              
##>  pre_speculate_mux_merge       START            18486775755 ( +0.00)     2884.60 (   +0.00)             0 (       0)              
##>                                  END            18486775755 ( +0.00)     2884.60 (   +0.00)             0 (       0)           0  
##>                                  END            18486775755 ( +0.00)     2884.60 (   +0.00)             0 (       0)           0  
##> csa_opto                       START            18486775755 ( +0.00)     2884.60 (   +0.00)             0 (       0)              
##>                                  END            18486775755 ( +0.00)     2884.60 (   +0.00)             0 (       0)           0  
##>                                  END            18486775755 ( +0.00)     2884.60 (   +0.00)             0 (       0)           0  
##>context_based_simplify          START            18486775755 ( +0.00)     2884.60 (   +0.00)             0 (       0)              
##>                                  END            18112873905 ( -2.02)     2884.60 (   +0.00)             0 (       0)           0  
##>group_csa_final_adder_dp        START            18112873905 ( +0.00)     2884.60 (   +0.00)             0 (       0)              
##>                                  END            18112873905 ( +0.00)     2884.60 (   +0.00)             0 (       0)           0  
##>dpopt_flatten_critical_muxes_i  START            18112873905 ( +0.00)     2884.60 (   +0.00)             0 (       0)              
##>                                  END            17461216395 ( -3.60)     2884.60 (   +0.00)             0 (       0)           0  
##>speculate_in_gdef               START            17461216395 ( +0.00)     2884.60 (   +0.00)             0 (       0)              
##> pre_speculate_mux_merge        START            17461216395 ( +0.00)     2884.60 (   +0.00)             0 (       0)              
##>                                  END            17461216395 ( +0.00)     2884.60 (   +0.00)             0 (       0)           0  
##>                                  END            17461216395 ( +0.00)     2884.60 (   +0.00)             0 (       0)           0  
##>create_score                    START            17461216395 ( +0.00)     2884.60 (   +0.00)             0 (       0)              
##>                                  END            17461216395 ( +0.00)     2884.60 (   +0.00)             0 (       0)           0  
##>+------------------------------------------------------------------------------------------------------------------------------------------------------------+
Committed config: CDN_DP_region_1_0_c5
Info    : Done implementing datapath configurations. [DPOPT-4]
        : Selected 'very_fast' configuration 5 for module 'CDN_DP_region_1_0_c5'.
          Optimizations applied to 'very_fast' configuration:
            rewriting(0), factoring(0), sharing(2), cmultcse(0), downsizing(0), speculation(0)
Info    : Implementing datapath configurations. [DPOPT-3]
        : Implementing datapath configurations for 'CDN_DP_region_0_2'
CSAGen Prep Share:0 Re-Write:0 Speculation: 0
MaxCSA: Successfully built Maximal CSA Expression Expr4
CDN_DP_region_0_2 level = 0 loads = 0 drivers = 0
CDN_DP_region_0_2_c0 in picorv32_ENABLE_COUNTERS1_ENABLE_COUNTERS641_ENABLE_REGS_16_311_ENABLE_REGS_DUALPORT1_TWO_STAGE_SHIFT1_BARREL_SHIFTER1_TWO_CYCLE_COMPARE0_TWO_CYCLE_ALU1_COMPRESSED_ISA0_CATCH_MISALIGN1_CATCH_ILLINSN1_ENABLE_PCPI1_ENABLE_MUL1_ENABLE_FAST_MUL1_ENABLE_DIV1_ENABLE_IRQ1_ENABLE_IRQ_QREGS1_ENABLE_IRQ_TIMER1_ENABLE_TRACE0_REGS_INIT_ZERO0_MASKED_IRQ0_LATCHED_IRQn1_PROGADDR_RESET0_PROGADDR_IRQ16_STACKADDRn1: area: 68044795245 ,dp = 1 mux = 0 sg = slow         worst_clk_period: -1.0000 
    wns: 0  norm_wns:  -1.0000 
    fail_endp: -1 
    tns:  0  tns_per_endp:  -1.0000   norm_tns_per_endp:  -1.0000 
    tns_sense_max:  -1.0000  tns_sense_avg:  -1.0000   tns_sense_num: -1
 skipped
CDN_DP_region_0_2_c1 in picorv32_ENABLE_COUNTERS1_ENABLE_COUNTERS641_ENABLE_REGS_16_311_ENABLE_REGS_DUALPORT1_TWO_STAGE_SHIFT1_BARREL_SHIFTER1_TWO_CYCLE_COMPARE0_TWO_CYCLE_ALU1_COMPRESSED_ISA0_CATCH_MISALIGN1_CATCH_ILLINSN1_ENABLE_PCPI1_ENABLE_MUL1_ENABLE_FAST_MUL1_ENABLE_DIV1_ENABLE_IRQ1_ENABLE_IRQ_QREGS1_ENABLE_IRQ_TIMER1_ENABLE_TRACE0_REGS_INIT_ZERO0_MASKED_IRQ0_LATCHED_IRQn1_PROGADDR_RESET0_PROGADDR_IRQ16_STACKADDRn1: area: 68044795245 ,dp = 1 mux = 0 sg = fast         worst_clk_period: -1.0000 
    wns: 0  norm_wns:  -1.0000 
    fail_endp: -1 
    tns:  0  tns_per_endp:  -1.0000   norm_tns_per_endp:  -1.0000 
    tns_sense_max:  -1.0000  tns_sense_avg:  -1.0000   tns_sense_num: -1
 is current best
CDN_DP_region_0_2_c2 in picorv32_ENABLE_COUNTERS1_ENABLE_COUNTERS641_ENABLE_REGS_16_311_ENABLE_REGS_DUALPORT1_TWO_STAGE_SHIFT1_BARREL_SHIFTER1_TWO_CYCLE_COMPARE0_TWO_CYCLE_ALU1_COMPRESSED_ISA0_CATCH_MISALIGN1_CATCH_ILLINSN1_ENABLE_PCPI1_ENABLE_MUL1_ENABLE_FAST_MUL1_ENABLE_DIV1_ENABLE_IRQ1_ENABLE_IRQ_QREGS1_ENABLE_IRQ_TIMER1_ENABLE_TRACE0_REGS_INIT_ZERO0_MASKED_IRQ0_LATCHED_IRQn1_PROGADDR_RESET0_PROGADDR_IRQ16_STACKADDRn1: area: 68044795245 ,dp = 1 mux = 0 sg = very_slow    worst_clk_period: -1.0000 
    wns: 0  norm_wns:  -1.0000 
    fail_endp: -1 
    tns:  0  tns_per_endp:  -1.0000   norm_tns_per_endp:  -1.0000 
    tns_sense_max:  -1.0000  tns_sense_avg:  -1.0000   tns_sense_num: -1
 is current best
CDN_DP_region_0_2_c3 in picorv32_ENABLE_COUNTERS1_ENABLE_COUNTERS641_ENABLE_REGS_16_311_ENABLE_REGS_DUALPORT1_TWO_STAGE_SHIFT1_BARREL_SHIFTER1_TWO_CYCLE_COMPARE0_TWO_CYCLE_ALU1_COMPRESSED_ISA0_CATCH_MISALIGN1_CATCH_ILLINSN1_ENABLE_PCPI1_ENABLE_MUL1_ENABLE_FAST_MUL1_ENABLE_DIV1_ENABLE_IRQ1_ENABLE_IRQ_QREGS1_ENABLE_IRQ_TIMER1_ENABLE_TRACE0_REGS_INIT_ZERO0_MASKED_IRQ0_LATCHED_IRQn1_PROGADDR_RESET0_PROGADDR_IRQ16_STACKADDRn1: area: 68044795245 ,dp = 1 mux = 0 sg = very_fast    worst_clk_period: -1.0000 
    wns: 0  norm_wns:  -1.0000 
    fail_endp: -1 
    tns:  0  tns_per_endp:  -1.0000   norm_tns_per_endp:  -1.0000 
    tns_sense_max:  -1.0000  tns_sense_avg:  -1.0000   tns_sense_num: -1
 is current best
CDN_DP_region_0_2_c4 in picorv32_ENABLE_COUNTERS1_ENABLE_COUNTERS641_ENABLE_REGS_16_311_ENABLE_REGS_DUALPORT1_TWO_STAGE_SHIFT1_BARREL_SHIFTER1_TWO_CYCLE_COMPARE0_TWO_CYCLE_ALU1_COMPRESSED_ISA0_CATCH_MISALIGN1_CATCH_ILLINSN1_ENABLE_PCPI1_ENABLE_MUL1_ENABLE_FAST_MUL1_ENABLE_DIV1_ENABLE_IRQ1_ENABLE_IRQ_QREGS1_ENABLE_IRQ_TIMER1_ENABLE_TRACE0_REGS_INIT_ZERO0_MASKED_IRQ0_LATCHED_IRQn1_PROGADDR_RESET0_PROGADDR_IRQ16_STACKADDRn1: area: 68044795245 ,dp = 1 mux = 0 sg = very_fast    worst_clk_period: -1.0000 
    wns: 0  norm_wns:  -1.0000 
    fail_endp: -1 
    tns:  0  tns_per_endp:  -1.0000   norm_tns_per_endp:  -1.0000 
    tns_sense_max:  -1.0000  tns_sense_avg:  -1.0000   tns_sense_num: -1
 is current best
CDN_DP_region_0_2_c5 in picorv32_ENABLE_COUNTERS1_ENABLE_COUNTERS641_ENABLE_REGS_16_311_ENABLE_REGS_DUALPORT1_TWO_STAGE_SHIFT1_BARREL_SHIFTER1_TWO_CYCLE_COMPARE0_TWO_CYCLE_ALU1_COMPRESSED_ISA0_CATCH_MISALIGN1_CATCH_ILLINSN1_ENABLE_PCPI1_ENABLE_MUL1_ENABLE_FAST_MUL1_ENABLE_DIV1_ENABLE_IRQ1_ENABLE_IRQ_QREGS1_ENABLE_IRQ_TIMER1_ENABLE_TRACE0_REGS_INIT_ZERO0_MASKED_IRQ0_LATCHED_IRQn1_PROGADDR_RESET0_PROGADDR_IRQ16_STACKADDRn1: area: 68044795245 ,dp = 1 mux = 0 sg = very_fast    worst_clk_period: -1.0000 
    wns: 0  norm_wns:  -1.0000 
    fail_endp: -1 
    tns:  0  tns_per_endp:  -1.0000   norm_tns_per_endp:  -1.0000 
    tns_sense_max:  -1.0000  tns_sense_avg:  -1.0000   tns_sense_num: -1
 is current best
CDN_DP_region_0_2_c6 in picorv32_ENABLE_COUNTERS1_ENABLE_COUNTERS641_ENABLE_REGS_16_311_ENABLE_REGS_DUALPORT1_TWO_STAGE_SHIFT1_BARREL_SHIFTER1_TWO_CYCLE_COMPARE0_TWO_CYCLE_ALU1_COMPRESSED_ISA0_CATCH_MISALIGN1_CATCH_ILLINSN1_ENABLE_PCPI1_ENABLE_MUL1_ENABLE_FAST_MUL1_ENABLE_DIV1_ENABLE_IRQ1_ENABLE_IRQ_QREGS1_ENABLE_IRQ_TIMER1_ENABLE_TRACE0_REGS_INIT_ZERO0_MASKED_IRQ0_LATCHED_IRQn1_PROGADDR_RESET0_PROGADDR_IRQ16_STACKADDRn1: area: 68044795245 ,dp = 1 mux = 0 sg = very_fast    worst_clk_period: -1.0000 
    wns: 0  norm_wns:  -1.0000 
    fail_endp: -1 
    tns:  0  tns_per_endp:  -1.0000   norm_tns_per_endp:  -1.0000 
    tns_sense_max:  -1.0000  tns_sense_avg:  -1.0000   tns_sense_num: -1
 is current best
CDN_DP_region_0_2_c7 in picorv32_ENABLE_COUNTERS1_ENABLE_COUNTERS641_ENABLE_REGS_16_311_ENABLE_REGS_DUALPORT1_TWO_STAGE_SHIFT1_BARREL_SHIFTER1_TWO_CYCLE_COMPARE0_TWO_CYCLE_ALU1_COMPRESSED_ISA0_CATCH_MISALIGN1_CATCH_ILLINSN1_ENABLE_PCPI1_ENABLE_MUL1_ENABLE_FAST_MUL1_ENABLE_DIV1_ENABLE_IRQ1_ENABLE_IRQ_QREGS1_ENABLE_IRQ_TIMER1_ENABLE_TRACE0_REGS_INIT_ZERO0_MASKED_IRQ0_LATCHED_IRQn1_PROGADDR_RESET0_PROGADDR_IRQ16_STACKADDRn1: area: 68044795245 ,dp = 1 mux = 0 sg = very_fast    worst_clk_period: -1.0000 
    wns: 0  norm_wns:  -1.0000 
    fail_endp: -1 
    tns:  0  tns_per_endp:  -1.0000   norm_tns_per_endp:  -1.0000 
    tns_sense_max:  -1.0000  tns_sense_avg:  -1.0000   tns_sense_num: -1
 is current best
Best config: CDN_DP_region_0_2_c7 in picorv32_ENABLE_COUNTERS1_ENABLE_COUNTERS641_ENABLE_REGS_16_311_ENABLE_REGS_DUALPORT1_TWO_STAGE_SHIFT1_BARREL_SHIFTER1_TWO_CYCLE_COMPARE0_TWO_CYCLE_ALU1_COMPRESSED_ISA0_CATCH_MISALIGN1_CATCH_ILLINSN1_ENABLE_PCPI1_ENABLE_MUL1_ENABLE_FAST_MUL1_ENABLE_DIV1_ENABLE_IRQ1_ENABLE_IRQ_QREGS1_ENABLE_IRQ_TIMER1_ENABLE_TRACE0_REGS_INIT_ZERO0_MASKED_IRQ0_LATCHED_IRQn1_PROGADDR_RESET0_PROGADDR_IRQ16_STACKADDRn1: area: 68044795245 ,dp = 1 mux = 0 sg = very_fast    worst_clk_period: -1.0000 
    wns: 0  norm_wns:  -1.0000 
    fail_endp: -1 
    tns:  0  tns_per_endp:  -1.0000   norm_tns_per_endp:  -1.0000 
    tns_sense_max:  -1.0000  tns_sense_avg:  -1.0000   tns_sense_num: -1
  Smallest config area : 68044795245.  Fastest config wns;  0
##>+----------------------------------------------------------------------------------------------------------------------------------------------------------------+
##>Summary table of configs (Best config is CDN_DP_region_0_2_c7)
##>+----------------------------------------------------------------------------------------------------------------------------------------------------------------+
##>                     0                  1                  2                  3                  4                  5                  6                  7            
##>+----------------------------------------------------------------------------------------------------------------------------------------------------------------+
##>           Area      68044795245        68044795245        68044795245        68044795245        68044795245        68044795245        68044795245        68044795245  
##>            WNS         +3213.00           +3213.00           +3213.00           +3213.00           +3213.00           +3213.00           +3213.00           +3213.00  
##>            TNS                0                  0                  0                  0                  0                  0                  0                  0  
##>    Num Rewrite                0                  0                  0                  0                  0                  0                  0                  0  
##>     Num Factor                0                  0                  0                  0                  0                  0                  0                  0  
##>      Num Share                0                  0                  0                  0                  0                  0                  0                  0  
##>   Num CmultCse                0                  0                  0                  0                  0                  0                  0                  0  
##>   Num Downsize                0                  0                  0                  0                  0                  0                  0                  0  
##>  Num Speculate                0                  0                  0                  0                  0                  0                  0                  0  
##>     Runtime(s)                0                  0                  0                  0                  0                  0                  0                  5  
+----------------------------------------------------------------------------------------------------------------------------------------------------------------+
##>
##>
##>+------------------------------------------------------------------------------------------------------------------------------------------------------------+
##>Optimization Step DEBUG Table for config CDN_DP_region_0_2_c7
##>
##>                          Step                        Area   ( % Chg)        WNS (Change)        TNS (Change)          Runtime (s)        Comment                   
##>+------------------------------------------------------------------------------------------------------------------------------------------------------------+
##>EquationExtraction              START            68044795245 (      )     3213.00 (        )             0 (        )              
##> rewrite                        START           299976112800 (+340.85)     3181.00 (  -32.00)             0 (       0)              (a,ar) Expr4_from --> Expr4_to
##>                                  END           188825775705 (-37.05)     3186.50 (   +5.50)             0 (       0)           2  
##>                                  END            68044795245 ( +0.00)     3213.00 (   +0.00)             0 (       0)           4  
##>createMaxCarrySave              START            68044795245 ( +0.00)     3213.00 (   +0.00)             0 (       0)              
##> datapath_rewrite_one_def       START            68044795245 ( +0.00)     3213.00 (   +0.00)             0 (       0)              
##>                                  END            68044795245 ( +0.00)     3213.00 (   +0.00)             0 (       0)           0  
##> csa_opto                       START            68044795245 ( +0.00)     3213.00 (   +0.00)             0 (       0)              
##>                                  END            68044795245 ( +0.00)     3213.00 (   +0.00)             0 (       0)           0  
##>                                  END            68044795245 ( +0.00)     3213.00 (   +0.00)             0 (       0)           0  
##>canonicalize_by_names           START            68044795245 ( +0.00)     3213.00 (   +0.00)             0 (       0)              
##>                                  END            68044795245 ( +0.00)     3213.00 (   +0.00)             0 (       0)           0  
##>datapath_rewrite_post_csa_one_  START            68044795245 ( +0.00)     3213.00 (   +0.00)             0 (       0)              
##>                                  END            68044795245 ( +0.00)     3213.00 (   +0.00)             0 (       0)           0  
##>datapath_csa_factoring_one_gde  START            68044795245 ( +0.00)     3213.00 (   +0.00)             0 (       0)              
##>                                  END            68044795245 ( +0.00)     3213.00 (   +0.00)             0 (       0)           0  
##>dpopt_share_one_def             START            68044795245 ( +0.00)     3213.00 (   +0.00)             0 (       0)              
##>                                  END            68044795245 ( +0.00)     3213.00 (   +0.00)             0 (       0)           0  
##>datapath_rewrite_post_share     START            68044795245 ( +0.00)     3213.00 (   +0.00)             0 (       0)              
##>                                  END            68044795245 ( +0.00)     3213.00 (   +0.00)             0 (       0)           0  
##>dp_combine_const_mult_with_com  START            68044795245 ( +0.00)     3213.00 (   +0.00)             0 (       0)              
##>                                  END            68044795245 ( +0.00)     3213.00 (   +0.00)             0 (       0)           0  
##>dp_operator_level_decompositio  START            68044795245 ( +0.00)     3213.00 (   +0.00)             0 (       0)              
##>                                  END            68044795245 ( +0.00)     3213.00 (   +0.00)             0 (       0)           0  
##>selective_flatten_dp_config     START            68044795245 ( +0.00)     3213.00 (   +0.00)             0 (       0)              
##>                                  END            68044795245 ( +0.00)     3213.00 (   +0.00)             0 (       0)           0  
##>createMaxCarrySave              START            68044795245 ( +0.00)     3213.00 (   +0.00)             0 (       0)              
##> datapath_rewrite_one_def       START            68044795245 ( +0.00)     3213.00 (   +0.00)             0 (       0)              
##>  fast_cse_elim                 START            68044795245 ( +0.00)     3213.00 (   +0.00)             0 (       0)              
##>                                  END            68044795245 ( +0.00)     3213.00 (   +0.00)             0 (       0)           0  
##>  fast_cse_elim                 START            68044795245 ( +0.00)     3213.00 (   +0.00)             0 (       0)              
##>                                  END            68044795245 ( +0.00)     3213.00 (   +0.00)             0 (       0)           0  
##>                                  END            68044795245 ( +0.00)     3213.00 (   +0.00)             0 (       0)           0  
##> csa_opto                       START            68044795245 ( +0.00)     3213.00 (   +0.00)             0 (       0)              
##>                                  END            68044795245 ( +0.00)     3213.00 (   +0.00)             0 (       0)           0  
##>                                  END            68044795245 ( +0.00)     3213.00 (   +0.00)             0 (       0)           0  
##>context_based_simplify          START            68044795245 ( +0.00)     3213.00 (   +0.00)             0 (       0)              
##>                                  END            68044795245 ( +0.00)     3213.00 (   +0.00)             0 (       0)           0  
##>group_csa_final_adder_dp        START            68044795245 ( +0.00)     3213.00 (   +0.00)             0 (       0)              
##>                                  END            68044795245 ( +0.00)     3213.00 (   +0.00)             0 (       0)           0  
##>dpopt_flatten_critical_muxes_i  START            68044795245 ( +0.00)     3213.00 (   +0.00)             0 (       0)              
##>                                  END            68044795245 ( +0.00)     3213.00 (   +0.00)             0 (       0)           0  
##>create_score                    START            68044795245 ( +0.00)     3213.00 (   +0.00)             0 (       0)              
##>                                  END            68044795245 ( +0.00)     3213.00 (   +0.00)             0 (       0)           0  
##>+------------------------------------------------------------------------------------------------------------------------------------------------------------+
Committed config: CDN_DP_region_0_2_c7
Info    : Done implementing datapath configurations. [DPOPT-4]
        : Selected 'very_fast' configuration 7 for module 'CDN_DP_region_0_2_c7'.
          Optimizations applied to 'very_fast' configuration:
            rewriting(0), factoring(0), sharing(0), cmultcse(0), downsizing(0), speculation(0)
Info    : Implementing datapath configurations. [DPOPT-3]
        : Implementing datapath configurations for 'CDN_DP_region_0_1'
CSAGen Prep Share:0 Re-Write:0 Speculation: 0
MaxCSA: Successfully built Maximal CSA Expression Expr5
CDN_DP_region_0_1 level = 1 loads = 0 drivers = 1 is driven by : CDN_DP_region_0_0 
CDN_DP_region_0_1_c0 in picorv32_ENABLE_COUNTERS1_ENABLE_COUNTERS641_ENABLE_REGS_16_311_ENABLE_REGS_DUALPORT1_TWO_STAGE_SHIFT1_BARREL_SHIFTER1_TWO_CYCLE_COMPARE0_TWO_CYCLE_ALU1_COMPRESSED_ISA0_CATCH_MISALIGN1_CATCH_ILLINSN1_ENABLE_PCPI1_ENABLE_MUL1_ENABLE_FAST_MUL1_ENABLE_DIV1_ENABLE_IRQ1_ENABLE_IRQ_QREGS1_ENABLE_IRQ_TIMER1_ENABLE_TRACE0_REGS_INIT_ZERO0_MASKED_IRQ0_LATCHED_IRQn1_PROGADDR_RESET0_PROGADDR_IRQ16_STACKADDRn1: area: 181609470 ,dp = 1 mux = 1 sg = slow         worst_clk_period: -1.0000 
    wns: 0  norm_wns:  -1.0000 
    fail_endp: -1 
    tns:  0  tns_per_endp:  -1.0000   norm_tns_per_endp:  -1.0000 
    tns_sense_max:  -1.0000  tns_sense_avg:  -1.0000   tns_sense_num: -1
 skipped
CDN_DP_region_0_1_c1 in picorv32_ENABLE_COUNTERS1_ENABLE_COUNTERS641_ENABLE_REGS_16_311_ENABLE_REGS_DUALPORT1_TWO_STAGE_SHIFT1_BARREL_SHIFTER1_TWO_CYCLE_COMPARE0_TWO_CYCLE_ALU1_COMPRESSED_ISA0_CATCH_MISALIGN1_CATCH_ILLINSN1_ENABLE_PCPI1_ENABLE_MUL1_ENABLE_FAST_MUL1_ENABLE_DIV1_ENABLE_IRQ1_ENABLE_IRQ_QREGS1_ENABLE_IRQ_TIMER1_ENABLE_TRACE0_REGS_INIT_ZERO0_MASKED_IRQ0_LATCHED_IRQn1_PROGADDR_RESET0_PROGADDR_IRQ16_STACKADDRn1: area: 165585105 ,dp = 1 mux = 1 sg = fast         worst_clk_period: -1.0000 
    wns: 0  norm_wns:  -1.0000 
    fail_endp: -1 
    tns:  0  tns_per_endp:  -1.0000   norm_tns_per_endp:  -1.0000 
    tns_sense_max:  -1.0000  tns_sense_avg:  -1.0000   tns_sense_num: -1
 is current best
CDN_DP_region_0_1_c2 in picorv32_ENABLE_COUNTERS1_ENABLE_COUNTERS641_ENABLE_REGS_16_311_ENABLE_REGS_DUALPORT1_TWO_STAGE_SHIFT1_BARREL_SHIFTER1_TWO_CYCLE_COMPARE0_TWO_CYCLE_ALU1_COMPRESSED_ISA0_CATCH_MISALIGN1_CATCH_ILLINSN1_ENABLE_PCPI1_ENABLE_MUL1_ENABLE_FAST_MUL1_ENABLE_DIV1_ENABLE_IRQ1_ENABLE_IRQ_QREGS1_ENABLE_IRQ_TIMER1_ENABLE_TRACE0_REGS_INIT_ZERO0_MASKED_IRQ0_LATCHED_IRQn1_PROGADDR_RESET0_PROGADDR_IRQ16_STACKADDRn1: area: 165585105 ,dp = 1 mux = 1 sg = very_slow    worst_clk_period: -1.0000 
    wns: 0  norm_wns:  -1.0000 
    fail_endp: -1 
    tns:  0  tns_per_endp:  -1.0000   norm_tns_per_endp:  -1.0000 
    tns_sense_max:  -1.0000  tns_sense_avg:  -1.0000   tns_sense_num: -1
 is current best
CDN_DP_region_0_1_c3 in picorv32_ENABLE_COUNTERS1_ENABLE_COUNTERS641_ENABLE_REGS_16_311_ENABLE_REGS_DUALPORT1_TWO_STAGE_SHIFT1_BARREL_SHIFTER1_TWO_CYCLE_COMPARE0_TWO_CYCLE_ALU1_COMPRESSED_ISA0_CATCH_MISALIGN1_CATCH_ILLINSN1_ENABLE_PCPI1_ENABLE_MUL1_ENABLE_FAST_MUL1_ENABLE_DIV1_ENABLE_IRQ1_ENABLE_IRQ_QREGS1_ENABLE_IRQ_TIMER1_ENABLE_TRACE0_REGS_INIT_ZERO0_MASKED_IRQ0_LATCHED_IRQn1_PROGADDR_RESET0_PROGADDR_IRQ16_STACKADDRn1: area: 165585105 ,dp = 1 mux = 1 sg = very_fast    worst_clk_period: -1.0000 
    wns: 0  norm_wns:  -1.0000 
    fail_endp: -1 
    tns:  0  tns_per_endp:  -1.0000   norm_tns_per_endp:  -1.0000 
    tns_sense_max:  -1.0000  tns_sense_avg:  -1.0000   tns_sense_num: -1
 is current best
CDN_DP_region_0_1_c4 in picorv32_ENABLE_COUNTERS1_ENABLE_COUNTERS641_ENABLE_REGS_16_311_ENABLE_REGS_DUALPORT1_TWO_STAGE_SHIFT1_BARREL_SHIFTER1_TWO_CYCLE_COMPARE0_TWO_CYCLE_ALU1_COMPRESSED_ISA0_CATCH_MISALIGN1_CATCH_ILLINSN1_ENABLE_PCPI1_ENABLE_MUL1_ENABLE_FAST_MUL1_ENABLE_DIV1_ENABLE_IRQ1_ENABLE_IRQ_QREGS1_ENABLE_IRQ_TIMER1_ENABLE_TRACE0_REGS_INIT_ZERO0_MASKED_IRQ0_LATCHED_IRQn1_PROGADDR_RESET0_PROGADDR_IRQ16_STACKADDRn1: area: 165585105 ,dp = 1 mux = 1 sg = very_fast    worst_clk_period: -1.0000 
    wns: 0  norm_wns:  -1.0000 
    fail_endp: -1 
    tns:  0  tns_per_endp:  -1.0000   norm_tns_per_endp:  -1.0000 
    tns_sense_max:  -1.0000  tns_sense_avg:  -1.0000   tns_sense_num: -1
 is current best
CDN_DP_region_0_1_c5 in picorv32_ENABLE_COUNTERS1_ENABLE_COUNTERS641_ENABLE_REGS_16_311_ENABLE_REGS_DUALPORT1_TWO_STAGE_SHIFT1_BARREL_SHIFTER1_TWO_CYCLE_COMPARE0_TWO_CYCLE_ALU1_COMPRESSED_ISA0_CATCH_MISALIGN1_CATCH_ILLINSN1_ENABLE_PCPI1_ENABLE_MUL1_ENABLE_FAST_MUL1_ENABLE_DIV1_ENABLE_IRQ1_ENABLE_IRQ_QREGS1_ENABLE_IRQ_TIMER1_ENABLE_TRACE0_REGS_INIT_ZERO0_MASKED_IRQ0_LATCHED_IRQn1_PROGADDR_RESET0_PROGADDR_IRQ16_STACKADDRn1: area: 165585105 ,dp = 1 mux = 1 sg = very_fast    worst_clk_period: -1.0000 
    wns: 0  norm_wns:  -1.0000 
    fail_endp: -1 
    tns:  0  tns_per_endp:  -1.0000   norm_tns_per_endp:  -1.0000 
    tns_sense_max:  -1.0000  tns_sense_avg:  -1.0000   tns_sense_num: -1
 is current best
CDN_DP_region_0_1_c6 in picorv32_ENABLE_COUNTERS1_ENABLE_COUNTERS641_ENABLE_REGS_16_311_ENABLE_REGS_DUALPORT1_TWO_STAGE_SHIFT1_BARREL_SHIFTER1_TWO_CYCLE_COMPARE0_TWO_CYCLE_ALU1_COMPRESSED_ISA0_CATCH_MISALIGN1_CATCH_ILLINSN1_ENABLE_PCPI1_ENABLE_MUL1_ENABLE_FAST_MUL1_ENABLE_DIV1_ENABLE_IRQ1_ENABLE_IRQ_QREGS1_ENABLE_IRQ_TIMER1_ENABLE_TRACE0_REGS_INIT_ZERO0_MASKED_IRQ0_LATCHED_IRQn1_PROGADDR_RESET0_PROGADDR_IRQ16_STACKADDRn1: area: 165585105 ,dp = 1 mux = 1 sg = very_fast    worst_clk_period: -1.0000 
    wns: 0  norm_wns:  -1.0000 
    fail_endp: -1 
    tns:  0  tns_per_endp:  -1.0000   norm_tns_per_endp:  -1.0000 
    tns_sense_max:  -1.0000  tns_sense_avg:  -1.0000   tns_sense_num: -1
 is current best
CDN_DP_region_0_1_c7 in picorv32_ENABLE_COUNTERS1_ENABLE_COUNTERS641_ENABLE_REGS_16_311_ENABLE_REGS_DUALPORT1_TWO_STAGE_SHIFT1_BARREL_SHIFTER1_TWO_CYCLE_COMPARE0_TWO_CYCLE_ALU1_COMPRESSED_ISA0_CATCH_MISALIGN1_CATCH_ILLINSN1_ENABLE_PCPI1_ENABLE_MUL1_ENABLE_FAST_MUL1_ENABLE_DIV1_ENABLE_IRQ1_ENABLE_IRQ_QREGS1_ENABLE_IRQ_TIMER1_ENABLE_TRACE0_REGS_INIT_ZERO0_MASKED_IRQ0_LATCHED_IRQn1_PROGADDR_RESET0_PROGADDR_IRQ16_STACKADDRn1: area: 165585105 ,dp = 1 mux = 1 sg = very_fast    worst_clk_period: -1.0000 
    wns: 0  norm_wns:  -1.0000 
    fail_endp: -1 
    tns:  0  tns_per_endp:  -1.0000   norm_tns_per_endp:  -1.0000 
    tns_sense_max:  -1.0000  tns_sense_avg:  -1.0000   tns_sense_num: -1
 is current best
Best config: CDN_DP_region_0_1_c7 in picorv32_ENABLE_COUNTERS1_ENABLE_COUNTERS641_ENABLE_REGS_16_311_ENABLE_REGS_DUALPORT1_TWO_STAGE_SHIFT1_BARREL_SHIFTER1_TWO_CYCLE_COMPARE0_TWO_CYCLE_ALU1_COMPRESSED_ISA0_CATCH_MISALIGN1_CATCH_ILLINSN1_ENABLE_PCPI1_ENABLE_MUL1_ENABLE_FAST_MUL1_ENABLE_DIV1_ENABLE_IRQ1_ENABLE_IRQ_QREGS1_ENABLE_IRQ_TIMER1_ENABLE_TRACE0_REGS_INIT_ZERO0_MASKED_IRQ0_LATCHED_IRQn1_PROGADDR_RESET0_PROGADDR_IRQ16_STACKADDRn1: area: 165585105 ,dp = 1 mux = 1 sg = very_fast    worst_clk_period: -1.0000 
    wns: 0  norm_wns:  -1.0000 
    fail_endp: -1 
    tns:  0  tns_per_endp:  -1.0000   norm_tns_per_endp:  -1.0000 
    tns_sense_max:  -1.0000  tns_sense_avg:  -1.0000   tns_sense_num: -1
  Smallest config area : 165585105.  Fastest config wns;  0
##>+----------------------------------------------------------------------------------------------------------------------------------------------------------------+
##>Summary table of configs (Best config is CDN_DP_region_0_1_c7)
##>+----------------------------------------------------------------------------------------------------------------------------------------------------------------+
##>                     0                  1                  2                  3                  4                  5                  6                  7            
##>+----------------------------------------------------------------------------------------------------------------------------------------------------------------+
##>           Area        181609470          165585105          165585105          165585105          165585105          165585105          165585105          165585105  
##>            WNS         +2888.10           +2888.10           +2888.10           +2888.10           +2888.10           +2888.10           +2888.10           +2888.10  
##>            TNS                0                  0                  0                  0                  0                  0                  0                  0  
##>    Num Rewrite                0                  0                  0                  0                  0                  0                  0                  0  
##>     Num Factor                0                  0                  0                  0                  0                  0                  0                  0  
##>      Num Share                0                  0                  0                  0                  0                  0                  0                  0  
##>   Num CmultCse                0                  0                  0                  0                  0                  0                  0                  0  
##>   Num Downsize                0                  0                  0                  0                  0                  0                  0                  0  
##>  Num Speculate                0                  0                  0                  0                  0                  0                  0                  0  
##>     Runtime(s)                0                  0                  0                  0                  0                  0                  0                  0  
+----------------------------------------------------------------------------------------------------------------------------------------------------------------+
##>
##>
##>+------------------------------------------------------------------------------------------------------------------------------------------------------------+
##>Optimization Step DEBUG Table for config CDN_DP_region_0_1_c7
##>
##>                          Step                        Area   ( % Chg)        WNS (Change)        TNS (Change)          Runtime (s)        Comment                   
##>+------------------------------------------------------------------------------------------------------------------------------------------------------------+
##>EquationExtraction              START              181609470 (      )     2888.10 (        )             0 (        )              
##> rewrite                        START              288438570 (+58.82)     2888.10 (   +0.00)             0 (       0)              (a,ar) Expr5_from --> Expr5_to
##>                                  END              421974945 (+46.30)     2888.10 (   +0.00)             0 (       0)           0  
##>                                  END              181609470 ( +0.00)     2888.10 (   +0.00)             0 (       0)           0  
##>createMaxCarrySave              START              181609470 ( +0.00)     2888.10 (   +0.00)             0 (       0)              
##> datapath_rewrite_one_def       START              181609470 ( +0.00)     2888.10 (   +0.00)             0 (       0)              
##>                                  END              181609470 ( +0.00)     2888.10 (   +0.00)             0 (       0)           0  
##> csa_opto                       START              181609470 ( +0.00)     2888.10 (   +0.00)             0 (       0)              
##>                                  END              202975290 (+11.76)     2888.10 (   +0.00)             0 (       0)           0  
##>                                  END              202975290 (+11.76)     2888.10 (   +0.00)             0 (       0)           0  
##>canonicalize_by_names           START              202975290 ( +0.00)     2888.10 (   +0.00)             0 (       0)              
##>                                  END              202975290 ( +0.00)     2888.10 (   +0.00)             0 (       0)           0  
##>datapath_rewrite_post_csa_one_  START              202975290 ( +0.00)     2888.10 (   +0.00)             0 (       0)              
##>                                  END              202975290 ( +0.00)     2888.10 (   +0.00)             0 (       0)           0  
##>datapath_csa_factoring_one_gde  START              202975290 ( +0.00)     2888.10 (   +0.00)             0 (       0)              
##>                                  END              202975290 ( +0.00)     2888.10 (   +0.00)             0 (       0)           0  
##>dpopt_share_one_def             START              202975290 ( +0.00)     2888.10 (   +0.00)             0 (       0)              
##>                                  END              202975290 ( +0.00)     2888.10 (   +0.00)             0 (       0)           0  
##>datapath_rewrite_post_share     START              202975290 ( +0.00)     2888.10 (   +0.00)             0 (       0)              
##>                                  END              202975290 ( +0.00)     2888.10 (   +0.00)             0 (       0)           0  
##>dp_combine_const_mult_with_com  START              202975290 ( +0.00)     2888.10 (   +0.00)             0 (       0)              
##>                                  END              202975290 ( +0.00)     2888.10 (   +0.00)             0 (       0)           0  
##>dp_operator_level_decompositio  START              202975290 ( +0.00)     2888.10 (   +0.00)             0 (       0)              
##>                                  END              202975290 ( +0.00)     2888.10 (   +0.00)             0 (       0)           0  
##>selective_flatten_dp_config     START              202975290 ( +0.00)     2888.10 (   +0.00)             0 (       0)              
##>                                  END              202975290 ( +0.00)     2888.10 (   +0.00)             0 (       0)           0  
##>createMaxCarrySave              START              202975290 ( +0.00)     2888.10 (   +0.00)             0 (       0)              
##> datapath_rewrite_one_def       START              202975290 ( +0.00)     2888.10 (   +0.00)             0 (       0)              
##>  fast_cse_elim                 START              202975290 ( +0.00)     2888.10 (   +0.00)             0 (       0)              
##>                                  END              202975290 ( +0.00)     2888.10 (   +0.00)             0 (       0)           0  
##>  fast_cse_elim                 START              202975290 ( +0.00)     2888.10 (   +0.00)             0 (       0)              
##>                                  END              202975290 ( +0.00)     2888.10 (   +0.00)             0 (       0)           0  
##>                                  END              202975290 ( +0.00)     2888.10 (   +0.00)             0 (       0)           0  
##> csa_opto                       START              202975290 ( +0.00)     2888.10 (   +0.00)             0 (       0)              
##>                                  END              202975290 ( +0.00)     2888.10 (   +0.00)             0 (       0)           0  
##>                                  END              202975290 ( +0.00)     2888.10 (   +0.00)             0 (       0)           0  
##>context_based_simplify          START              176268015 (-13.16)     2888.10 (   +0.00)             0 (       0)              
##>                                  END              165585105 ( -6.06)     2888.10 (   +0.00)             0 (       0)           0  
##>group_csa_final_adder_dp        START              165585105 ( +0.00)     2888.10 (   +0.00)             0 (       0)              
##>                                  END              165585105 ( +0.00)     2888.10 (   +0.00)             0 (       0)           0  
##>dpopt_flatten_critical_muxes_i  START              165585105 ( +0.00)     2888.10 (   +0.00)             0 (       0)              
##>                                  END              165585105 ( +0.00)     2888.10 (   +0.00)             0 (       0)           0  
##>create_score                    START              165585105 ( +0.00)     2888.10 (   +0.00)             0 (       0)              
##>                                  END              165585105 ( +0.00)     2888.10 (   +0.00)             0 (       0)           0  
##>+------------------------------------------------------------------------------------------------------------------------------------------------------------+
Committed config: CDN_DP_region_0_1_c7
Info    : Done implementing datapath configurations. [DPOPT-4]
        : Selected 'very_fast' configuration 7 for module 'CDN_DP_region_0_1_c7'.
          Optimizations applied to 'very_fast' configuration:
            rewriting(0), factoring(0), sharing(0), cmultcse(0), downsizing(0), speculation(0)
Info:  Ungrouped 0 dp-cluster instances.  0 cluster instances were left intact, to aid verification.
Info    : Done optimizing datapath logic. [DPOPT-2]
        : Done optimizing datapath logic in 'picorv32_wb'.
Number of big hc bmuxes after = 2
Starting logic reduction [v1.0] (stage: post_rtlopt, startdef: picorv32_wb, recur: true)
Completed logic reduction (accepts: 0, rejects: 0, runtime: 0.001s)
Starting mux data reorder optimization [v1.0] (stage: post_rtlopt, startdef: picorv32_wb, recur: true)
Completed mux data reorder optimization (accepts: 0, rejects: 0, runtime: 0.007s)

Stage: post_rtlopt
----------------------------------------------------------
| Transform           | Accepts | Rejects | Runtime (ms) | 
----------------------------------------------------------
| hlo_logic_reduction |       0 |       0 |         1.00 | 
| hlo_mux_reorder     |       0 |       0 |         7.00 | 
----------------------------------------------------------
Info    : Deleting instances not driving any primary outputs. [GLO-34]
        : Deleting 32 sequential instances.
Starting mux speculation [v1.0] (stage: post_muxopt, startdef: picorv32_wb, recur: true)
Starting speculation optimization
Completed speculation optimization (accepts:0)
Completed mux speculation (accepts: 0, rejects: 0, runtime: 0.603s)

Stage: post_muxopt
------------------------------------------------------
| Transform       | Accepts | Rejects | Runtime (ms) | 
------------------------------------------------------
| hlo_speculation |       0 |       0 |       603.00 | 
------------------------------------------------------
==================================
Stage : to_generic 
==================================
  =================
   Message Summary
  =================
-----------------------------------------------------
| 0 ... |  Sev   |Count |         Message Text           |
-----------------------------------------------------
| CDFG-250 |Info    |    1 |Processing multi-dimensional    |
|  |        |      | arrays.                        |
| CDFG-372 |Info    |  291 |Bitwidth mismatch in            |
|  |        |      | assignment.                    |
|  |        |      |Review and make sure the        |
|  |        |      | mismatch is unintentional.     |
|  |        |      | Genus can possibly issue       |
|  |        |      | bitwidth mismatch warning for  |
|  |        |      | explicit assignments present   |
|  |        |      | in RTL as-well-as for implicit |
|  |        |      | assignments inferred by the    |
|  |        |      | tool. For example, in case of  |
|  |        |      | enum declaration without       |
|  |        |      | value, the tool will           |
|  |        |      | implicitly assign value to the |
|  |        |      | enum variables. It also issues |
|  |        |      | the warning for any bitwidth   |
|  |        |      | mismatch that appears in this  |
|  |        |      | implicit assignment.           |
| CDFG-373 |Info    |   14 |Sign mismatch in assignment.    |
| CDFG-508 |Warning |   44 |Removing unused register.       |
|  |        |      |Genus removes the flip-flop or  |
|  |        |      | latch inferred for an unused   |
|  |        |      | signal or variable. To         |
|  |        |      | preserve the flip-flop or      |
|  |        |      | latch, set the                 |
|  |        |      | hdl_preserve_unused_registers  |
|  |        |      | attribute to true or use a     |
|  |        |      | pragma in the RTL.             |
| CDFG-738 |Info    |   71 |Common subexpression            |
|  |        |      | eliminated.                    |
| CDFG-739 |Info    |   71 |Common subexpression kept.      |
| CDFG-769 |Info    |    4 |Identified sum-of-products      |
|  |        |      | logic to be optimized during   |
|  |        |      | syn_generic.                   |
| CDFG-771 |Info    |    4 |Replaced logic with a constant  |
|  |        |      | value.                         |
| CDFG-773 |Info    |    1 |Skip related conditional write  |
|  |        |      | and read sequence.             |
| CDFG-818 |Warning |    1 |Using default parameter value   |
|  |        |      | for module elaboration.        |
| CWD-19 |Info    |  307 |An implementation was inferred. |
| DFT-100 |Info    |    5 |Added DFT object.               |
| DFT-130 |Info    |    4 |Created DFT port.               |
|  |        |      |A port for DFT purposes was     |
|  |        |      | created.                       |
| DFT-151 |Info    |    1 |Added scan chain.               |
| DPOPT-1 |Info    |    1 |Optimizing datapath logic.      |
| DPOPT-2 |Info    |    1 |Done optimizing datapath logic. |
| DPOPT-3 |Info    |    4 |Implementing datapath           |
|  |        |      | configurations.                |
| DPOPT-4 |Info    |    4 |Done implementing datapath      |
|  |        |      | configurations.                |
| DPOPT-6 |Info    |    1 |Pre-processed datapath logic.   |
| DPOPT-10 |Info    |   16 |Optimized a mux chain.          |
| ELAB-1 |Info    |    1 |Elaborating Design.             |
| ELAB-2 |Info    |    3 |Elaborating Subdesign.          |
| ELAB-3 |Info    |    1 |Done Elaborating Design.        |
| ELABUTL-132 |Info    |    5 |Unused instance port.           |
|  |        |      |Please check the reported       |
|  |        |      | scenario of unconnected        |
|  |        |      | instance port to ensure that   |
|  |        |      | it matches the design intent.  |
| ELABUTL-135 |Info    |    1 |Pin/ port would be skipped from |
|  |        |      | undriven handling              |
|  |        |      | (controlled by root attribute  |
|  |        |      | "hdl_unconnected_value").      |
| GB-6 |Info    |    2 |A datapath component has been   |
|  |        |      | ungrouped.                     |
| GLO-12 |Info    |   10 |Replacing a flip-flop with a    |
|  |        |      | logic constant 0.              |
|  |        |      |To prevent this optimization,   |
|  |        |      | set the                        |
|  |        |      | 'optimize_constant_0_flops'    |
|  |        |      | root attribute to 'false' or   |
|  |        |      | 'optimize_constant_0_seq'      |
|  |        |      | instance attribute to 'false'. |
|  |        |      | You can also see the complete  |
|  |        |      | list of deleted sequential     |
|  |        |      | with command 'report           |
|  |        |      | sequential -deleted'           |
|  |        |      | (on Reason 'constant0').       |
| GLO-24 |Info    |   36 |Replacing a dont care flip-flop |
|  |        |      | with a logic constant 0.       |
|  |        |      |The value used to replace the   |
|  |        |      | flop can be set by the root    |
|  |        |      | attribute 'optimize_seq_x_to'. |
| GLO-34 |Info    |    6 |Deleting instances not driving  |
|  |        |      | any primary outputs.           |
|  |        |      |Optimizations such as constant  |
|  |        |      | propagation or redundancy      |
|  |        |      | removal could change the       |
|  |        |      | connections so a hierarchical  |
|  |        |      | instance does not drive any    |
|  |        |      | primary outputs anymore. To    |
|  |        |      | see the list of deleted        |
|  |        |      | hierarchical instances, set    |
|  |        |      | the 'information_level'        |
|  |        |      | attribute to 2 or above. If    |
|  |        |      | the message is truncated set   |
|  |        |      | the message attribute          |
|  |        |      | 'truncate' to false to see the |
|  |        |      | complete list. To prevent this |
|  |        |      | optimization, set the          |
|  |        |      | 'delete_unloaded_insts'        |
|  |        |      | root/subdesign attribute to    |
|  |        |      | 'false' or 'preserve' instance |
|  |        |      | attribute to 'true'.           |
| GLO-40 |Info    |    4 |Combinational hierarchical      |
|  |        |      | blocks with identical inputs   |
|  |        |      | have been merged.              |
|  |        |      |This optimization usually       |
|  |        |      | reduces design area. To        |
|  |        |      | prevent merging of             |
|  |        |      | combinational hierarchical     |
|  |        |      | blocks, set the                |
|  |        |      | 'merge_combinational_hier_inst |
|  |        |      | ances' root attribute to       |
|  |        |      | 'false' or the                 |
|  |        |      | 'merge_combinational_hier_inst |
|  |        |      | ance' instance attribute to    |
|  |        |      | 'false'.                       |
| GLO-42 |Info    |   18 |Equivalent sequential instances |
|  |        |      | have been merged.              |
|  |        |      |To prevent merging of           |
|  |        |      | sequential instances, set the  |
|  |        |      | 'optimize_merge_flops' and     |
|  |        |      | 'optimize_merge_latches' root  |
|  |        |      | attributes to 'false' or the   |
|  |        |      | 'optimize_merge_seq' instance  |
|  |        |      | attribute to 'false'.          |
| GLO-51 |Info    |    2 |Hierarchical instance           |
|  |        |      | automatically ungrouped.       |
|  |        |      |Hierarchical instances can be   |
|  |        |      | automatically ungrouped to     |
|  |        |      | allow for better area or       |
|  |        |      | timing optimization. To        |
|  |        |      | prevent this ungroup, set the  |
|  |        |      | root-level attribute           |
|  |        |      | 'auto_ungroup' to 'none'. You  |
|  |        |      | can also prevent individual    |
|  |        |      | ungroup with setting the       |
|  |        |      | attribute 'ungroup_ok' of      |
|  |        |      | instances or modules to        |
|  |        |      | 'false'.                       |
| LBR-9 |Warning |   20 |Library cell has no output pins |
|  |        |      | defined.                       |
|  |        |      |Add the missing output pin(s)   |
|  |        |      | , then reload the library.     |
|  |        |      | Else the library cell will be  |
|  |        |      | marked as timing model i.e.    |
|  |        |      | unusable. Timing_model means   |
|  |        |      | that the cell does not have    |
|  |        |      | any defined function. If there |
|  |        |      | is no output pin, Genus will   |
|  |        |      | mark library cell as unusable  |
|  |        |      | i.e. the attribute 'usable'    |
|  |        |      | will be marked to 'false' on   |
|  |        |      | the libcell. Therefore, the    |
|  |        |      | cell is not used for mapping   |
|  |        |      | and it will not be picked up   |
|  |        |      | from the library for           |
|  |        |      | synthesis. If you query the    |
|  |        |      | attribute 'unusable_reason' on |
|  |        |      | the libcell; result will be:   |
|  |        |      | 'Library cell has no output    |
|  |        |      | pins.'Note: The message LBR-9  |
|  |        |      | is only for the logical pins   |
|  |        |      | and not for the power_ground   |
|  |        |      | pins. Genus will depend upon   |
|  |        |      | the output function defined in |
|  |        |      | the pin group (output pin)     |
|  |        |      | of the cell, to use it for     |
|  |        |      | mapping. The pg_pin will not   |
|  |        |      | have any function defined.     |
| LBR-41 |Info    |    1 |An output library pin lacks a   |
|  |        |      | function attribute.            |
|  |        |      |If the remainder of this        |
|  |        |      | library cell's semantic checks |
|  |        |      | are successful, it will be     |
|  |        |      | considered as a timing-model   |
|  |        |      | (because one of its outputs do |
|  |        |      | es not have a valid function.  |
| LBR-155 |Info    |  792 |Mismatch in unateness between   |
|  |        |      | 'timing_sense' attribute and   |
|  |        |      | the function.                  |
|  |        |      |The 'timing_sense' attribute    |
|  |        |      | will be respected.             |
| LBR-161 |Info    |    1 |Setting the maximum print count |
|  |        |      | of this message to 10 if       |
|  |        |      | information_level is less than |
|  |        |      | 9.                             |
| LBR-162 |Info    |  124 |Both 'pos_unate' and            |
|  |        |      | 'neg_unate' timing_sense arcs  |
|  |        |      | have been processed.           |
|  |        |      |Setting the 'timing_sense' to   |
|  |        |      | non_unate.                     |
| LBR-412 |Info    |    1 |Created nominal operating       |
|  |        |      | condition.                     |
|  |        |      |The nominal operating condition |
|  |        |      | is represented, either by the  |
|  |        |      | nominal PVT values specified   |
|  |        |      | in the library source          |
|  |        |      | (via nom_process,nom_voltage a |
|  |        |      | nd nom_temperature             |
|  |        |      | respectively)                  |
|  |        |      | , or by the default PVT values |
|  |        |      | (1.0,1.0,1.0).                 |
| LBR-518 |Info    |    1 |Missing a function attribute in |
|  |        |      | the output pin definition.     |
| PHYS-129 |Info    |  119 |Via with no resistance will     |
|  |        |      | have a value of '0.0' assigned |
|  |        |      | for resistance value.          |
|  |        |      |If this is the expected         |
|  |        |      | behavior, this message can be  |
|  |        |      | ignored.                       |
| PHYS-279 |Warning |   94 |Physical cell not defined in    |
|  |        |      | library.                       |
|  |        |      |Ensure that the proper library  |
|  |        |      | files are available and have   |
|  |        |      | been imported.                 |
| PHYS-752 |Info    |    1 |Partition Based Synthesis       |
|  |        |      | execution skipped.             |
| RTLOPT-30 |Info    |   12 |Accepted resource sharing       |
|  |        |      | opportunity.                   |
| RTLOPT-40 |Info    |   17 |Transformed datapath macro.     |
| RTLOPT-54 |Warning |  104 |Use of 'parallel_case' pragma   |
|  |        |      | may hinder datapath resource   |
|  |        |      | sharing.                       |
| SYNTH-1 |Info    |    1 |Synthesizing.                   |
| TIM-1000 |Info    |    1 |Multimode clock gating check is |
|  |        |      | disabled.                      |
| VLOGPT-37 |Warning |    1 |Ignoring unsynthesizable        |
|  |        |      | construct.                     |
|  |        |      |For example, the following      |
|  |        |      | constructs will be ignored:
   |
|  |        |      | - initial block
    - final    |
|  |        |      | block
    - program block
     |
|  |        |      | - property block
    -         |
|  |        |      | sequence block
    -           |
|  |        |      | covergroup
    - checker       |
|  |        |      | block
    - gate drive         |
|  |        |      | strength
    - system task     |
|  |        |      | enable
    - reg declaration   |
|  |        |      | with initial value
    -       |
|  |        |      | specify block.                 |
-----------------------------------------------------
Current PLE settings:

Aspect ratio        : 1.000
Shrink factor       : 1.000
Scale of res/length : 1.000
Scale of cap/length : 1.000
Net derating factor : 1.000
Thermal factor      : 1.000
Via Resistance      : 6.600 ohm (from qrc_tech_file)
Site size           : 1.910 um (from lef [tech+cell])

                                   Capacitance  
  Layer                             / Length         Data source:
Name        Direction Utilization  (pF/micron)       qrc_tech_file
------------------------------------------------
METAL_1         H         0.00        0.000210  
METAL_2         V         1.00        0.000174  
METAL_3         H         1.00        0.000174  
METAL_4         V         1.00        0.000174  
METAL_5         H         1.00        0.000174  
METAL_6         V         1.00        0.000174  
METAL_7         H         1.00        0.000175  
METAL_8         V         1.00        0.000176  
METAL_9         H         1.00        0.001240  
METAL_10        V         1.00        0.000529  
METAL_11        H         1.00        0.000686  

                                    Resistance   
  Layer                              / Length         Data source:
Name        Direction Utilization  (ohm/micron)       qrc_tech_file
-------------------------------------------------
METAL_1         H         0.00         1.226667  
METAL_2         V         1.00         0.755000  
METAL_3         H         1.00         0.755000  
METAL_4         V         1.00         0.755000  
METAL_5         H         1.00         0.755000  
METAL_6         V         1.00         0.755000  
METAL_7         H         1.00         0.755000  
METAL_8         V         1.00         0.267500  
METAL_9         H         1.00         0.267500  
METAL_10        V         1.00         0.097273  
METAL_11        H         1.00         0.095455  

                                        Area     
  Layer                               / Length        Data source:
Name        Direction Utilization     (micron)        lef_library
-------------------------------------------------
Metal1          H         0.00         0.060000  
Metal2          V         1.00         0.080000  
Metal3          H         1.00         0.080000  
Metal4          V         1.00         0.080000  
Metal5          H         1.00         0.080000  
Metal6          V         1.00         0.080000  
Metal7          H         1.00         0.080000  
Metal8          V         1.00         0.080000  
Metal9          H         1.00         0.080000  
Metal10         V         1.00         0.220000  
Metal11         H         1.00         0.220000  

Mapper: Libraries have:
	domain _default_: 324 combo usable cells and 128 sequential usable cells
Multi-threaded constant propagation [1|0] ...
Info    : Replacing the synchronous part of an always feeding back flip-flop with a logic constant. [GLO-45]
        : The instance is 'picorv32_core/cpu_state_reg[2]'. The constant is '0'.
        : To prevent this optimization, set 'optimize_constant_feedback_seqs' root attribute to 'false'. The instance attribute 'optimize_constant_feedback_seq' controls this optimization. 
Info    : Replacing the synchronous part of an always feeding back flip-flop with a logic constant. [GLO-45]
        : The instance is 'picorv32_core/latched_compr_reg'. The constant is '0'.
Info    : Replacing a flip-flop with a logic constant 0. [GLO-12]
        : The instance is 'picorv32_core/cpu_state_reg[2]'.
Info    : Replacing a flip-flop with a logic constant 0. [GLO-12]
        : The instance is 'picorv32_core/latched_compr_reg'.
Info    : Replacing the synchronous part of an always feeding back flip-flop with a logic constant. [GLO-45]
        : The instance is 'picorv32_core/reg_next_pc_reg[0]'. The constant is '0'.
Info    : Replacing a flip-flop with a logic constant 0. [GLO-12]
        : The instance is 'picorv32_core/reg_next_pc_reg[0]'.
Info    : Replacing the synchronous part of an always feeding back flip-flop with a logic constant. [GLO-45]
        : The instance is 'picorv32_core/reg_pc_reg[0]'. The constant is '0'.
Info    : Replacing a flip-flop with a logic constant 0. [GLO-12]
        : The instance is 'picorv32_core/reg_pc_reg[0]'.
Info    : Deleting instances not driving any primary outputs. [GLO-34]
        : Deleting 9 sequential instances.
Multi-threaded Virtual Mapping    (4 threads per ST process, 4 of 4 CPUs usable)
==================================
Stage : first_condense 
==================================
  =================
   Message Summary
  =================
------------------------------------------------------
|   Id   |Sev  |Count |        Message Text          |
------------------------------------------------------
| GB-6   |Info |    4 |A datapath component has been |
|        |     |      | ungrouped.                   |
| GLO-12 |Info |    4 |Replacing a flip-flop with a  |
|        |     |      | logic constant 0.            |
|        |     |      |To prevent this optimization, |
|        |     |      | set the                      |
|        |     |      | 'optimize_constant_0_flops'  |
|        |     |      | root attribute to 'false' or |
|        |     |      | 'optimize_constant_0_seq'    |
|        |     |      | instance attribute to        |
|        |     |      | 'false'. You can also see    |
|        |     |      | the complete list of deleted |
|        |     |      | sequential with command      |
|        |     |      | 'report sequential -deleted' |
|        |     |      | (on Reason 'constant0').     |
| GLO-34 |Info |    1 |Deleting instances not        |
|        |     |      | driving any primary outputs. |
|        |     |      |Optimizations such as         |
|        |     |      | constant propagation or      |
|        |     |      | redundancy removal could     |
|        |     |      | change the connections so a  |
|        |     |      | hierarchical instance does   |
|        |     |      | not drive any primary        |
|        |     |      | outputs anymore. To see the  |
|        |     |      | list of deleted hierarchical |
|        |     |      | instances, set the           |
|        |     |      | 'information_level'          |
|        |     |      | attribute to 2 or above. If  |
|        |     |      | the message is truncated set |
|        |     |      | the message attribute        |
|        |     |      | 'truncate' to false to see   |
|        |     |      | the complete list. To        |
|        |     |      | prevent this optimization,   |
|        |     |      | set the                      |
|        |     |      | 'delete_unloaded_insts'      |
|        |     |      | root/subdesign attribute to  |
|        |     |      | 'false' or 'preserve'        |
|        |     |      | instance attribute to        |
|        |     |      | 'true'.                      |
| GLO-45 |Info |    4 |Replacing the synchronous     |
|        |     |      | part of an always feeding    |
|        |     |      | back flip-flop with a logic  |
|        |     |      | constant.                    |
|        |     |      |To prevent this optimization, |
|        |     |      | set                          |
|        |     |      | 'optimize_constant_feedback_ |
|        |     |      | seqs' root attribute to      |
|        |     |      | 'false'. The instance        |
|        |     |      | attribute                    |
|        |     |      | 'optimize_constant_feedback_ |
|        |     |      | seq' controls this           |
|        |     |      | optimization.                |
------------------------------------------------------
 
Global mapping target info
==========================
Cost Group 'clk' target slack:   119 ps
Target path end-point (Pin: picorv32_core/genblk1.pcpi_mul_rd_reg[63]/d)


State Retention Synthesis Status
================================

Category                        Flops   Percentage
--------------------------------------------------
Total instances                  2399        100.0
Excluded from State Retention    2399        100.0
    - Will not convert           2399        100.0
      - Preserved                   0          0.0
      - Power intent excluded    2399        100.0
    - Could not convert             0          0.0
      - Scan type                   0          0.0
      - No suitable cell            0          0.0
State Retention instances           0          0.0
--------------------------------------------------

PBS_Generic_Opt-Post - Elapsed_Time 170, CPU_Time 172.296403
stamp 'PBS_Generic_Opt-Post' being created for table 'pbs_debug'

  Total Time (Wall) |  Stage Time (Wall)  |   % (Wall)   |    Date - Time     |  Memory   | Stage
--------------------+---------------------+--------------+--------------------+-----------+----------------------
 00:00:23(00:04:15) |  00:00:00(00:00:00) |   0.0(  0.0) |   18:50:23 (Nov30) |  502.9 MB | PBS_Generic-Start
--------------------+---------------------+--------------+--------------------+-----------+----------------------
 00:03:15(00:07:05) |  00:02:52(00:02:50) | 100.0(100.0) |   18:53:13 (Nov30) |   1.02 GB | PBS_Generic_Opt-Post
--------------------+---------------------+--------------+--------------------+-----------+----------------------
Number of threads: 8 * 1   (id: pbs_debug, time_info v1.57)
Info: (*N*) indicates data that was populated from previously saved time_info database
Info: CPU time includes time of parent + longest thread
PBS_Generic-Postgen HBO Optimizations - Elapsed_Time 1, CPU_Time 1.0
stamp 'PBS_Generic-Postgen HBO Optimizations' being created for table 'pbs_debug'

  Total Time (Wall) |  Stage Time (Wall)  |   % (Wall)   |    Date - Time     |  Memory   | Stage
--------------------+---------------------+--------------+--------------------+-----------+----------------------
 00:00:23(00:04:15) |  00:00:00(00:00:00) |   0.0(  0.0) |   18:50:23 (Nov30) |  502.9 MB | PBS_Generic-Start
--------------------+---------------------+--------------+--------------------+-----------+----------------------
 00:03:15(00:07:05) |  00:02:52(00:02:50) |  99.4( 99.4) |   18:53:13 (Nov30) |   1.02 GB | PBS_Generic_Opt-Post
--------------------+---------------------+--------------+--------------------+-----------+----------------------
 00:03:16(00:07:06) |  00:00:01(00:00:01) |   0.6(  0.6) |   18:53:14 (Nov30) |   1.02 GB | PBS_Generic-Postgen HBO Optimizations
--------------------+---------------------+--------------+--------------------+-----------+----------------------
Number of threads: 8 * 1   (id: pbs_debug, time_info v1.57)
Info: (*N*) indicates data that was populated from previously saved time_info database
Info: CPU time includes time of parent + longest thread
##>=================== Cadence Confidential (Generic-Logical) ===================
##>=================== Cadence Confidential (Generic-Logical) ===================
##>Main Thread Summary:
##>----------------------------------------------------------------------------------------
##>STEP                           Elapsed       WNS       TNS     Insts      Area    Memory
##>----------------------------------------------------------------------------------------
##>G:Initial                            1         -         -     19413     81779       502
##>G:Setup                              0         -         -         -         -         -
##>G:Launch ST                          0         -         -         -         -         -
##>G:Design Partition                   0         -         -         -         -         -
##>G:Create Partition Netlists          0         -         -         -         -         -
##>G:Init Power                         0         -         -         -         -         -
##>G:Budgeting                          0         -         -         -         -         -
##>G:Derenv-DB                          0         -         -         -         -         -
##>G:Debug Outputs                      0         -         -         -         -         -
##>G:ST loading                         0         -         -         -         -         -
##>G:Distributed                        0         -         -         -         -         -
##>G:Timer                              0         -         -         -         -         -
##>G:Assembly                           0         -         -         -         -         -
##>G:DFT                                0         -         -         -         -         -
##>G:Const Prop                         1         -         -     28523     92164      1022
##>G:Misc                             170
##>----------------------------------------------------------------------------------------
##>Total Elapsed                      172
##>========================================================================================
Info    : Done synthesizing. [SYNTH-2]
        : Done synthesizing 'picorv32_wb' to generic gates.
      flow.cputime  flow.realtime  timing.setup.tns  timing.setup.wns  snapshot
UM:*                                                                   syn_gen
@genus:design:picorv32_wb 35> syn_map
##Generic Timing Info for library domain: _default_ typical gate delay: 25.8 ps std_slew: 4.7 ps std_load: 1.2 fF
Current PLE settings:

Aspect ratio        : 1.000
Shrink factor       : 1.000
Scale of res/length : 1.000
Scale of cap/length : 1.000
Net derating factor : 1.000
Thermal factor      : 1.000
Via Resistance      : 6.600 ohm (from qrc_tech_file)
Site size           : 1.910 um (from lef [tech+cell])

                                   Capacitance  
  Layer                             / Length         Data source:
Name        Direction Utilization  (pF/micron)       qrc_tech_file
------------------------------------------------
METAL_1         H         0.00        0.000210  
METAL_2         V         1.00        0.000174  
METAL_3         H         1.00        0.000174  
METAL_4         V         1.00        0.000174  
METAL_5         H         1.00        0.000174  
METAL_6         V         1.00        0.000174  
METAL_7         H         1.00        0.000175  
METAL_8         V         1.00        0.000176  
METAL_9         H         1.00        0.001240  
METAL_10        V         1.00        0.000529  
METAL_11        H         1.00        0.000686  

                                    Resistance   
  Layer                              / Length         Data source:
Name        Direction Utilization  (ohm/micron)       qrc_tech_file
-------------------------------------------------
METAL_1         H         0.00         1.226667  
METAL_2         V         1.00         0.755000  
METAL_3         H         1.00         0.755000  
METAL_4         V         1.00         0.755000  
METAL_5         H         1.00         0.755000  
METAL_6         V         1.00         0.755000  
METAL_7         H         1.00         0.755000  
METAL_8         V         1.00         0.267500  
METAL_9         H         1.00         0.267500  
METAL_10        V         1.00         0.097273  
METAL_11        H         1.00         0.095455  

                                        Area     
  Layer                               / Length        Data source:
Name        Direction Utilization     (micron)        lef_library
-------------------------------------------------
Metal1          H         0.00         0.060000  
Metal2          V         1.00         0.080000  
Metal3          H         1.00         0.080000  
Metal4          V         1.00         0.080000  
Metal5          H         1.00         0.080000  
Metal6          V         1.00         0.080000  
Metal7          H         1.00         0.080000  
Metal8          V         1.00         0.080000  
Metal9          H         1.00         0.080000  
Metal10         V         1.00         0.220000  
Metal11         H         1.00         0.220000  

Info    : Mapping. [SYNTH-4]
        : Mapping 'picorv32_wb' using 'high' effort.
Mapper: Libraries have:
	domain _default_: 324 combo usable cells and 128 sequential usable cells
Configuring mapper costing (none)
TNS Restructuring config: no_value at stage: map applied.
PBS_TechMap-Start - Elapsed_Time 0, CPU_Time 0.0
stamp 'PBS_TechMap-Start' being created for table 'pbs_debug'

  Total Time (Wall) |  Stage Time (Wall)  |   % (Wall)   |    Date - Time     |  Memory   | Stage
--------------------+---------------------+--------------+--------------------+-----------+----------------------
 00:00:23(00:04:15) |  00:00:00(00:00:00) |   0.0(  0.0) |   18:50:23 (Nov30) |  502.9 MB | PBS_Generic-Start
--------------------+---------------------+--------------+--------------------+-----------+----------------------
 00:03:15(00:07:05) |  00:02:52(00:02:50) |  98.9( 97.7) |   18:53:13 (Nov30) |   1.02 GB | PBS_Generic_Opt-Post
--------------------+---------------------+--------------+--------------------+-----------+----------------------
 00:03:16(00:07:06) |  00:00:01(00:00:01) |   0.6(  0.6) |   18:53:14 (Nov30) |   1.02 GB | PBS_Generic-Postgen HBO Optimizations
--------------------+---------------------+--------------+--------------------+-----------+----------------------
 00:03:17(00:07:09) |  00:00:01(00:00:03) |   0.6(  1.7) |   18:53:17 (Nov30) |  993.8 MB | PBS_TechMap-Start
--------------------+---------------------+--------------+--------------------+-----------+----------------------
Number of threads: 8 * 1   (id: pbs_debug, time_info v1.57)
Info: (*N*) indicates data that was populated from previously saved time_info database
Info: CPU time includes time of parent + longest thread
PBS_TechMap-Premap HBO Optimizations - Elapsed_Time 1, CPU_Time 1.0
stamp 'PBS_TechMap-Premap HBO Optimizations' being created for table 'pbs_debug'

  Total Time (Wall) |  Stage Time (Wall)  |   % (Wall)   |    Date - Time     |  Memory   | Stage
--------------------+---------------------+--------------+--------------------+-----------+----------------------
 00:00:23(00:04:15) |  00:00:00(00:00:00) |   0.0(  0.0) |   18:50:23 (Nov30) |  502.9 MB | PBS_Generic-Start
--------------------+---------------------+--------------+--------------------+-----------+----------------------
 00:03:15(00:07:05) |  00:02:52(00:02:50) |  98.3( 97.1) |   18:53:13 (Nov30) |   1.02 GB | PBS_Generic_Opt-Post
--------------------+---------------------+--------------+--------------------+-----------+----------------------
 00:03:16(00:07:06) |  00:00:01(00:00:01) |   0.6(  0.6) |   18:53:14 (Nov30) |   1.02 GB | PBS_Generic-Postgen HBO Optimizations
--------------------+---------------------+--------------+--------------------+-----------+----------------------
 00:03:17(00:07:09) |  00:00:01(00:00:03) |   0.6(  1.7) |   18:53:17 (Nov30) |  993.8 MB | PBS_TechMap-Start
--------------------+---------------------+--------------+--------------------+-----------+----------------------
 00:03:18(00:07:10) |  00:00:01(00:00:01) |   0.6(  0.6) |   18:53:18 (Nov30) |  993.8 MB | PBS_TechMap-Premap HBO Optimizations
--------------------+---------------------+--------------+--------------------+-----------+----------------------
Number of threads: 8 * 1   (id: pbs_debug, time_info v1.57)
Info: (*N*) indicates data that was populated from previously saved time_info database
Info: CPU time includes time of parent + longest thread
Info    : Partition Based Synthesis execution skipped. [PHYS-752]
        : Design size is less than the partition size '100000' for distributed mapping optimization to kick in.
Current PLE settings:

Aspect ratio        : 1.000
Shrink factor       : 1.000
Scale of res/length : 1.000
Scale of cap/length : 1.000
Net derating factor : 1.000
Thermal factor      : 1.000
Via Resistance      : 6.600 ohm (from qrc_tech_file)
Site size           : 1.910 um (from lef [tech+cell])

                                   Capacitance  
  Layer                             / Length         Data source:
Name        Direction Utilization  (pF/micron)       qrc_tech_file
------------------------------------------------
METAL_1         H         0.00        0.000210  
METAL_2         V         1.00        0.000174  
METAL_3         H         1.00        0.000174  
METAL_4         V         1.00        0.000174  
METAL_5         H         1.00        0.000174  
METAL_6         V         1.00        0.000174  
METAL_7         H         1.00        0.000175  
METAL_8         V         1.00        0.000176  
METAL_9         H         1.00        0.001240  
METAL_10        V         1.00        0.000529  
METAL_11        H         1.00        0.000686  

                                    Resistance   
  Layer                              / Length         Data source:
Name        Direction Utilization  (ohm/micron)       qrc_tech_file
-------------------------------------------------
METAL_1         H         0.00         1.226667  
METAL_2         V         1.00         0.755000  
METAL_3         H         1.00         0.755000  
METAL_4         V         1.00         0.755000  
METAL_5         H         1.00         0.755000  
METAL_6         V         1.00         0.755000  
METAL_7         H         1.00         0.755000  
METAL_8         V         1.00         0.267500  
METAL_9         H         1.00         0.267500  
METAL_10        V         1.00         0.097273  
METAL_11        H         1.00         0.095455  

                                        Area     
  Layer                               / Length        Data source:
Name        Direction Utilization     (micron)        lef_library
-------------------------------------------------
Metal1          H         0.00         0.060000  
Metal2          V         1.00         0.080000  
Metal3          H         1.00         0.080000  
Metal4          V         1.00         0.080000  
Metal5          H         1.00         0.080000  
Metal6          V         1.00         0.080000  
Metal7          H         1.00         0.080000  
Metal8          V         1.00         0.080000  
Metal9          H         1.00         0.080000  
Metal10         V         1.00         0.220000  
Metal11         H         1.00         0.220000  

Mapper: Libraries have:
	domain _default_: 324 combo usable cells and 128 sequential usable cells
Info    : Attempting to launch a super-threading server. [ST-120]
        : Attempting to Launch server 1 of 8.
        : The tool is entering super-threading mode and is launching a CPU server process.  This is enabled by the root attribute 'super_thread_servers' or 'auto_super_thread'.
Info    : Connection established with super-threading server. [ST-110]
        : The server 'localhost_1_0' is process '839927' on this host.
        : The tool is entering super-threading mode and has established a connection with a CPU server process.  This is enabled by the root attributes 'super_thread_servers' or 'auto_super_thread'.
                  Library loading done successfully on server 'localhost_1_0'.
Info    : Connection established with super-threading server. [ST-110]
        : The server 'localhost_1_1' is forked process '840358' on this host.
Info    : Connection established with super-threading server. [ST-110]
        : The server 'localhost_1_2' is forked process '840360' on this host.
Info    : Connection established with super-threading server. [ST-110]
        : The server 'localhost_1_3' is forked process '840362' on this host.
Info    : Connection established with super-threading server. [ST-110]
        : The server 'localhost_1_4' is forked process '840364' on this host.
Info    : Connection established with super-threading server. [ST-110]
        : The server 'localhost_1_5' is forked process '840366' on this host.
Info    : Connection established with super-threading server. [ST-110]
        : The server 'localhost_1_6' is forked process '840368' on this host.
Info    : Connection established with super-threading server. [ST-110]
        : The server 'localhost_1_7' is forked process '840370' on this host.
Multi-threaded Virtual Mapping    (4 threads per ST process, 4 of 4 CPUs usable)
        Distributing super-thread jobs: mult_signed arith_shift_right_vlog_signed_690_rtlopto_model_90 shift_left_vlog_unsigned_1244 cb_seq_4022 add_unsigned_carry add_unsigned_1082_6_1118 increment_unsigned_303_1126 add_unsigned_1082_6_1117 leq_unsigned_rtlopto_model_1638 lt_signed_rtlopto_model_1127 lt_unsigned_rtlopto_model_1128 sub_unsigned_1038 sub_unsigned_1036
          Sending 'mult_signed' to server 'localhost_1_3'...
            Sent 'mult_signed' to server 'localhost_1_3'.
          Sending 'arith_shift_right_vlog_signed_690_rtlopto_model_90' to server 'localhost_1_6'...
            Sent 'arith_shift_right_vlog_signed_690_rtlopto_model_90' to server 'localhost_1_6'.
          Sending 'shift_left_vlog_unsigned_1244' to server 'localhost_1_4'...
            Sent 'shift_left_vlog_unsigned_1244' to server 'localhost_1_4'.
          Sending 'cb_seq_4022' to server 'localhost_1_0'...
            Sent 'cb_seq_4022' to server 'localhost_1_0'.
          Sending 'add_unsigned_carry' to server 'localhost_1_5'...
            Sent 'add_unsigned_carry' to server 'localhost_1_5'.
          Sending 'add_unsigned_1082_6_1118' to server 'localhost_1_7'...
            Sent 'add_unsigned_1082_6_1118' to server 'localhost_1_7'.
          Sending 'increment_unsigned_303_1126' to server 'localhost_1_1'...
            Sent 'increment_unsigned_303_1126' to server 'localhost_1_1'.
          Sending 'add_unsigned_1082_6_1117' to server 'localhost_1_2'...
            Sent 'add_unsigned_1082_6_1117' to server 'localhost_1_2'.
          Received 'cb_seq_4022' from server 'localhost_1_0'. (866 ms elapsed)
          Sending 'leq_unsigned_rtlopto_model_1638' to server 'localhost_1_0'...
            Sent 'leq_unsigned_rtlopto_model_1638' to server 'localhost_1_0'.
          Received 'add_unsigned_1082_6_1118' from server 'localhost_1_7'. (1115 ms elapsed)
          Sending 'lt_signed_rtlopto_model_1127' to server 'localhost_1_7'...
            Sent 'lt_signed_rtlopto_model_1127' to server 'localhost_1_7'.
          Received 'leq_unsigned_rtlopto_model_1638' from server 'localhost_1_0'. (367 ms elapsed)
          Sending 'lt_unsigned_rtlopto_model_1128' to server 'localhost_1_0'...
            Sent 'lt_unsigned_rtlopto_model_1128' to server 'localhost_1_0'.
          Received 'lt_signed_rtlopto_model_1127' from server 'localhost_1_7'. (491 ms elapsed)
          Sending 'sub_unsigned_1038' to server 'localhost_1_7'...
            Sent 'sub_unsigned_1038' to server 'localhost_1_7'.
          Received 'add_unsigned_1082_6_1117' from server 'localhost_1_2'. (1459 ms elapsed)
          Sending 'sub_unsigned_1036' to server 'localhost_1_2'...
            Sent 'sub_unsigned_1036' to server 'localhost_1_2'.
          Received 'increment_unsigned_303_1126' from server 'localhost_1_1'. (1555 ms elapsed)
          Received 'add_unsigned_carry' from server 'localhost_1_5'. (1647 ms elapsed)
          Received 'shift_left_vlog_unsigned_1244' from server 'localhost_1_4'. (1685 ms elapsed)
          Received 'arith_shift_right_vlog_signed_690_rtlopto_model_90' from server 'localhost_1_6'. (1707 ms elapsed)
          Received 'lt_unsigned_rtlopto_model_1128' from server 'localhost_1_0'. (91 ms elapsed)
          Received 'sub_unsigned_1038' from server 'localhost_1_7'. (114 ms elapsed)
          Received 'sub_unsigned_1036' from server 'localhost_1_2'. (118 ms elapsed)
          Received 'mult_signed' from server 'localhost_1_3'. (3905 ms elapsed)
        Distributing super-thread jobs: cb_part_4026 cb_part_4028
          Sending 'cb_part_4026' to server 'localhost_1_3'...
            Sent 'cb_part_4026' to server 'localhost_1_3'.
          Sending 'cb_part_4028' to server 'localhost_1_6'...
            Sent 'cb_part_4028' to server 'localhost_1_6'.
          Received 'cb_part_4028' from server 'localhost_1_6'. (322 ms elapsed)
          Received 'cb_part_4026' from server 'localhost_1_3'. (912 ms elapsed)
        Distributing super-thread jobs: add_unsigned_1082_6 sub_unsigned_982_1
          Sending 'add_unsigned_1082_6' to server 'localhost_1_3'...
            Sent 'add_unsigned_1082_6' to server 'localhost_1_3'.
          Sending 'sub_unsigned_982_1' to server 'localhost_1_6'...
            Sent 'sub_unsigned_982_1' to server 'localhost_1_6'.
          Received 'add_unsigned_1082_6' from server 'localhost_1_3'. (144 ms elapsed)
          Received 'sub_unsigned_982_1' from server 'localhost_1_6'. (172 ms elapsed)
        Distributing super-thread jobs: cb_seq_4020 cb_seq
          Sending 'cb_seq_4020' to server 'localhost_1_3'...
            Sent 'cb_seq_4020' to server 'localhost_1_3'.
          Sending 'cb_seq' to server 'localhost_1_6'...
            Sent 'cb_seq' to server 'localhost_1_6'.
          Received 'cb_seq' from server 'localhost_1_6'. (1374 ms elapsed)
          Received 'cb_seq_4020' from server 'localhost_1_3'. (20529 ms elapsed)
 
Global mapping target info
==========================
Cost Group 'clk' target slack:   119 ps
Target path end-point (Pin: picorv32_core/genblk1.pcpi_mul_rd_reg[63]/d)

Multi-threaded Technology Mapping (4 threads per ST process, 4 of 4 CPUs usable)
        Distributing super-thread jobs: cb_seq_4020 cb_seq
          Sending 'cb_seq_4020' to server 'localhost_1_3'...
            Sent 'cb_seq_4020' to server 'localhost_1_3'.
          Sending 'cb_seq' to server 'localhost_1_6'...
            Sent 'cb_seq' to server 'localhost_1_6'.
          Received 'cb_seq' from server 'localhost_1_6'. (1876 ms elapsed)
          Received 'cb_seq_4020' from server 'localhost_1_3'. (23128 ms elapsed)
        Distributing super-thread jobs: add_unsigned_1082_6 sub_unsigned_982_1
          Sending 'add_unsigned_1082_6' to server 'localhost_1_3'...
            Sent 'add_unsigned_1082_6' to server 'localhost_1_3'.
          Sending 'sub_unsigned_982_1' to server 'localhost_1_6'...
            Sent 'sub_unsigned_982_1' to server 'localhost_1_6'.
          Received 'add_unsigned_1082_6' from server 'localhost_1_3'. (772 ms elapsed)
          Received 'sub_unsigned_982_1' from server 'localhost_1_6'. (1162 ms elapsed)
        Distributing super-thread jobs: cb_part_4026 cb_part_4028
          Sending 'cb_part_4026' to server 'localhost_1_3'...
            Sent 'cb_part_4026' to server 'localhost_1_3'.
          Sending 'cb_part_4028' to server 'localhost_1_6'...
            Sent 'cb_part_4028' to server 'localhost_1_6'.
          Received 'cb_part_4028' from server 'localhost_1_6'. (545 ms elapsed)
          Received 'cb_part_4026' from server 'localhost_1_3'. (1247 ms elapsed)
        Distributing super-thread jobs: cb_seq_4022
          Sending 'cb_seq_4022' to server 'localhost_1_3'...
            Sent 'cb_seq_4022' to server 'localhost_1_3'.
          Received 'cb_seq_4022' from server 'localhost_1_3'. (547 ms elapsed)
        Distributing super-thread jobs: mult_signed arith_shift_right_vlog_signed_690_rtlopto_model_90 shift_left_vlog_unsigned_1244 add_unsigned_carry add_unsigned_1082_6_1118 increment_unsigned_303_1126_1039 increment_unsigned_303_1126 add_unsigned_1082_6_1117 leq_unsigned_rtlopto_model_1638 lt_signed_rtlopto_model_1127 lt_unsigned_rtlopto_model_1128 sub_unsigned_1036 sub_unsigned_1038
          Sending 'mult_signed' to server 'localhost_1_3'...
            Sent 'mult_signed' to server 'localhost_1_3'.
          Sending 'arith_shift_right_vlog_signed_690_rtlopto_model_90' to server 'localhost_1_6'...
            Sent 'arith_shift_right_vlog_signed_690_rtlopto_model_90' to server 'localhost_1_6'.
          Sending 'shift_left_vlog_unsigned_1244' to server 'localhost_1_4'...
            Sent 'shift_left_vlog_unsigned_1244' to server 'localhost_1_4'.
          Sending 'add_unsigned_carry' to server 'localhost_1_0'...
            Sent 'add_unsigned_carry' to server 'localhost_1_0'.
          Sending 'add_unsigned_1082_6_1118' to server 'localhost_1_5'...
            Sent 'add_unsigned_1082_6_1118' to server 'localhost_1_5'.
          Sending 'increment_unsigned_303_1126_1039' to server 'localhost_1_7'...
            Sent 'increment_unsigned_303_1126_1039' to server 'localhost_1_7'.
          Sending 'increment_unsigned_303_1126' to server 'localhost_1_1'...
            Sent 'increment_unsigned_303_1126' to server 'localhost_1_1'.
          Sending 'add_unsigned_1082_6_1117' to server 'localhost_1_2'...
            Sent 'add_unsigned_1082_6_1117' to server 'localhost_1_2'.
          Received 'add_unsigned_1082_6_1117' from server 'localhost_1_2'. (1457 ms elapsed)
          Sending 'leq_unsigned_rtlopto_model_1638' to server 'localhost_1_2'...
            Sent 'leq_unsigned_rtlopto_model_1638' to server 'localhost_1_2'.
          Received 'add_unsigned_carry' from server 'localhost_1_0'. (2363 ms elapsed)
          Sending 'lt_signed_rtlopto_model_1127' to server 'localhost_1_0'...
            Sent 'lt_signed_rtlopto_model_1127' to server 'localhost_1_0'.
          Received 'arith_shift_right_vlog_signed_690_rtlopto_model_90' from server 'localhost_1_6'. (3217 ms elapsed)
          Sending 'lt_unsigned_rtlopto_model_1128' to server 'localhost_1_6'...
            Sent 'lt_unsigned_rtlopto_model_1128' to server 'localhost_1_6'.
          Received 'shift_left_vlog_unsigned_1244' from server 'localhost_1_4'. (3219 ms elapsed)
          Sending 'sub_unsigned_1036' to server 'localhost_1_4'...
            Sent 'sub_unsigned_1036' to server 'localhost_1_4'.
          Received 'increment_unsigned_303_1126' from server 'localhost_1_1'. (3160 ms elapsed)
          Sending 'sub_unsigned_1038' to server 'localhost_1_1'...
            Sent 'sub_unsigned_1038' to server 'localhost_1_1'.
          Received 'increment_unsigned_303_1126_1039' from server 'localhost_1_7'. (3466 ms elapsed)
          Received 'leq_unsigned_rtlopto_model_1638' from server 'localhost_1_2'. (2081 ms elapsed)
          Received 'lt_signed_rtlopto_model_1127' from server 'localhost_1_0'. (650 ms elapsed)
          Received 'lt_unsigned_rtlopto_model_1128' from server 'localhost_1_6'. (1041 ms elapsed)
          Received 'add_unsigned_1082_6_1118' from server 'localhost_1_5'. (4195 ms elapsed)
          Received 'sub_unsigned_1036' from server 'localhost_1_4'. (1504 ms elapsed)
          Received 'sub_unsigned_1038' from server 'localhost_1_1'. (1506 ms elapsed)
          Received 'mult_signed' from server 'localhost_1_3'. (32902 ms elapsed)
        Distributing super-thread jobs: cb_part_4027
          Sending 'cb_part_4027' to server 'localhost_1_3'...
            Sent 'cb_part_4027' to server 'localhost_1_3'.
          Received 'cb_part_4027' from server 'localhost_1_3'. (179 ms elapsed)
 
Global mapping status
=====================
                                   Group   
                                  Tot Wrst 
                           Total  Weighted 
Operation                   Area   Slacks  
 global_map                57154        0 

    Cost Group            Target    Slack    Diff.  Constr.
-----------------------------------------------------------
           clk               119     1182              4000 

 
Global incremental target info
==============================
Cost Group 'clk' target slack:    79 ps
Target path end-point (Pin: picorv32_core/genblk1.pcpi_mul_rd_reg[63]/D (SDFFQX1/D))

              Distributing super-thread jobs: cb_seq_4020
                Sending 'cb_seq_4020' to server 'localhost_1_3'...
                  Sent 'cb_seq_4020' to server 'localhost_1_3'.
                Received 'cb_seq_4020' from server 'localhost_1_3'. (5630 ms elapsed)
              Distributing super-thread jobs: cb_part_4026
                Sending 'cb_part_4026' to server 'localhost_1_3'...
                  Sent 'cb_part_4026' to server 'localhost_1_3'.
                Received 'cb_part_4026' from server 'localhost_1_3'. (315 ms elapsed)
              Distributing super-thread jobs: cb_seq cb_seq_4022
                Sending 'cb_seq' to server 'localhost_1_3'...
                  Sent 'cb_seq' to server 'localhost_1_3'.
                Sending 'cb_seq_4022' to server 'localhost_1_6'...
                  Sent 'cb_seq_4022' to server 'localhost_1_6'.
                Received 'cb_seq' from server 'localhost_1_3'. (397 ms elapsed)
                Received 'cb_seq_4022' from server 'localhost_1_6'. (426 ms elapsed)
              Distributing super-thread jobs: mult_signed
                Sending 'mult_signed' to server 'localhost_1_3'...
                  Sent 'mult_signed' to server 'localhost_1_3'.
                Received 'mult_signed' from server 'localhost_1_3'. (1473 ms elapsed)
==================================
Stage : global_incr_map 
==================================
  =================
   Message Summary
  =================
------------------------------------------------------
|    Id    |Sev  |Count |       Message Text         |
------------------------------------------------------
| LBR-155  |Info |  264 |Mismatch in unateness       |
|          |     |      | between 'timing_sense'     |
|          |     |      | attribute and the          |
|          |     |      | function.                  |
|          |     |      |The 'timing_sense'          |
|          |     |      | attribute will be          |
|          |     |      | respected.                 |
| PA-7     |Info |   42 |Resetting power analysis    |
|          |     |      | results.                   |
|          |     |      |All computed switching      |
|          |     |      | activities are removed.    |
| PHYS-752 |Info |    1 |Partition Based Synthesis   |
|          |     |      | execution skipped.         |
| ST-110   |Info |    8 |Connection established with |
|          |     |      | super-threading server.    |
|          |     |      |The tool is entering        |
|          |     |      | super-threading mode and   |
|          |     |      | has established a          |
|          |     |      | connection with a CPU      |
|          |     |      | server process.  This is   |
|          |     |      | enabled by the root        |
|          |     |      | attributes                 |
|          |     |      | 'super_thread_servers' or  |
|          |     |      | 'auto_super_thread'.       |
| ST-120   |Info |    1 |Attempting to launch a      |
|          |     |      | super-threading server.    |
|          |     |      |The tool is entering        |
|          |     |      | super-threading mode and   |
|          |     |      | is launching a CPU server  |
|          |     |      | process.  This is enabled  |
|          |     |      | by the root attribute      |
|          |     |      | 'super_thread_servers' or  |
|          |     |      | 'auto_super_thread'.       |
| ST-128   |Info |    2 |Super thread servers are    |
|          |     |      | launched successfully.     |
| SYNTH-2  |Info |    1 |Done synthesizing.          |
| SYNTH-4  |Info |    1 |Mapping.                    |
------------------------------------------------------
 
Global incremental optimization status
======================================
                                   Group   
                                  Tot Wrst 
                           Total  Weighted 
Operation                   Area   Slacks  
 global_incr               54171        0 

    Cost Group            Target    Slack    Diff.  Constr.
-----------------------------------------------------------
           clk                79     1077              4000 

 
Scan synthesis status
=====================
                                   Group   
                                  Tot Wrst 
                           Total  Weighted 
Operation                   Area   Slacks  
 scan_map                  55038        0 

+-----------+-----------------+-----+----------------------+---------------------------+
|   Host    |     Machine     | CPU | Physical Memory (MB) | Peak Physical Memory (MB) |
+-----------+-----------------+-----+----------------------+---------------------------+
| localhost | cn88.it.auth.gr |  8  |        1522.8        |          1527.7           |
+-----------+-----------------+-----+----------------------+---------------------------+

+---------------+----------------------+---------------------------+
|    Server     | Physical Memory (MB) | Peak Physical Memory (MB) |
+---------------+----------------------+---------------------------+
| localhost_1_2 |       64.1 [1]       |          [1] [2]          |
| localhost_1_5 |       62.6 [1]       |          [1] [2]          |
| localhost_1_7 |       63.5 [1]       |          [1] [2]          |
| localhost_1_4 |       66.7 [1]       |          [1] [2]          |
| localhost_1_6 |       78.1 [1]       |          [1] [2]          |
| localhost_1_1 |       64.0 [1]       |          [1] [2]          |
| localhost_1_0 |      623.8 [3]       |         624.0 [3]         |
| localhost_1_3 |      129.0 [1]       |          [1] [2]          |
+---------------+----------------------+---------------------------+
[1] Memory is included in parent localhost_1_0.
[2] Peak physical memory is not available for forked background servers.
[3] Memory of child processes is included.


State Retention Synthesis Status
================================

Category                        Flops   Percentage
--------------------------------------------------
Total instances                  2399        100.0
Excluded from State Retention    2399        100.0
    - Will not convert           2399        100.0
      - Preserved                   0          0.0
      - Power intent excluded    2399        100.0
    - Could not convert             0          0.0
      - Scan type                   0          0.0
      - No suitable cell            0          0.0
State Retention instances           0          0.0
--------------------------------------------------

INFO: skipping constant propagation
PBS_Techmap-Global Mapping - Elapsed_Time 135, CPU_Time 113.82021700000001
stamp 'PBS_Techmap-Global Mapping' being created for table 'pbs_debug'

  Total Time (Wall) |  Stage Time (Wall)  |   % (Wall)   |    Date - Time     |  Memory   | Stage
--------------------+---------------------+--------------+--------------------+-----------+----------------------
 00:00:23(00:04:15) |  00:00:00(00:00:00) |   0.0(  0.0) |   18:50:23 (Nov30) |  502.9 MB | PBS_Generic-Start
--------------------+---------------------+--------------+--------------------+-----------+----------------------
 00:03:15(00:07:05) |  00:02:52(00:02:50) |  59.6( 54.8) |   18:53:13 (Nov30) |   1.02 GB | PBS_Generic_Opt-Post
--------------------+---------------------+--------------+--------------------+-----------+----------------------
 00:03:16(00:07:06) |  00:00:01(00:00:01) |   0.3(  0.3) |   18:53:14 (Nov30) |   1.02 GB | PBS_Generic-Postgen HBO Optimizations
--------------------+---------------------+--------------+--------------------+-----------+----------------------
 00:03:17(00:07:09) |  00:00:01(00:00:03) |   0.3(  1.0) |   18:53:17 (Nov30) |  993.8 MB | PBS_TechMap-Start
--------------------+---------------------+--------------+--------------------+-----------+----------------------
 00:03:18(00:07:10) |  00:00:01(00:00:01) |   0.3(  0.3) |   18:53:18 (Nov30) |  993.8 MB | PBS_TechMap-Premap HBO Optimizations
--------------------+---------------------+--------------+--------------------+-----------+----------------------
 00:05:12(00:09:25) |  00:01:53(00:02:15) |  39.4( 43.5) |   18:55:33 (Nov30) |   1.31 GB | PBS_Techmap-Global Mapping
--------------------+---------------------+--------------+--------------------+-----------+----------------------
Number of threads: 8 * 1   (id: pbs_debug, time_info v1.57)
Info: (*N*) indicates data that was populated from previously saved time_info database
Info: CPU time includes time of parent + longest thread
Warning : Command 'commit_power_intent' cannot proceed as there is no power intent loaded. [CPI-506]
        : Command 'commit_power_intent' requires a valid power_intent to be loaded.
Warning : Multiple LEC pin constraints added to the dofile. [CFM-209]
        : Multiple LEC pin constraints are added for the revised design in LEC script 'fv/picorv32_wb/rtl_to_fv_map.do'.
        : The constraints needed to disable test mode are not trivial. It is possible that some valid functional modes will be excluded from the formal verification process. Review the constraints to ensure they are all expected and appropriate.
Info    : Wrote formal verification information. [CFM-5]
        : Wrote 'fv/picorv32_wb/fv_map.fv.json' for netlist 'fv/picorv32_wb/fv_map.v.gz'.
Warning : Writing DFT constraints in the dofile. [CFM-655]
        : Use 'write_do_lec -no_dft' to comment out DFT constraints.
        : Carefully review the constraints to ensure that functional logic is not excluded from verification.
Info    : Wrote dofile. [CFM-1]
        : Dofile is 'fv/picorv32_wb/rtl_to_fv_map.do'.
        : Alias mapping flow is enabled.
PBS_TechMap-Datapath Postmap Operations - Elapsed_Time 4, CPU_Time 3.8938459999999964
stamp 'PBS_TechMap-Datapath Postmap Operations' being created for table 'pbs_debug'

  Total Time (Wall) |  Stage Time (Wall)  |   % (Wall)   |    Date - Time     |  Memory   | Stage
--------------------+---------------------+--------------+--------------------+-----------+----------------------
 00:00:23(00:04:15) |  00:00:00(00:00:00) |   0.0(  0.0) |   18:50:23 (Nov30) |  502.9 MB | PBS_Generic-Start
--------------------+---------------------+--------------+--------------------+-----------+----------------------
 00:03:15(00:07:05) |  00:02:52(00:02:50) |  58.8( 54.1) |   18:53:13 (Nov30) |   1.02 GB | PBS_Generic_Opt-Post
--------------------+---------------------+--------------+--------------------+-----------+----------------------
 00:03:16(00:07:06) |  00:00:01(00:00:01) |   0.3(  0.3) |   18:53:14 (Nov30) |   1.02 GB | PBS_Generic-Postgen HBO Optimizations
--------------------+---------------------+--------------+--------------------+-----------+----------------------
 00:03:17(00:07:09) |  00:00:01(00:00:03) |   0.3(  1.0) |   18:53:17 (Nov30) |  993.8 MB | PBS_TechMap-Start
--------------------+---------------------+--------------+--------------------+-----------+----------------------
 00:03:18(00:07:10) |  00:00:01(00:00:01) |   0.3(  0.3) |   18:53:18 (Nov30) |  993.8 MB | PBS_TechMap-Premap HBO Optimizations
--------------------+---------------------+--------------+--------------------+-----------+----------------------
 00:05:12(00:09:25) |  00:01:53(00:02:15) |  38.8( 43.0) |   18:55:33 (Nov30) |   1.31 GB | PBS_Techmap-Global Mapping
--------------------+---------------------+--------------+--------------------+-----------+----------------------
 00:05:16(00:09:29) |  00:00:03(00:00:04) |   1.3(  1.3) |   18:55:37 (Nov30) |   1.31 GB | PBS_TechMap-Datapath Postmap Operations
--------------------+---------------------+--------------+--------------------+-----------+----------------------
Number of threads: 8 * 1   (id: pbs_debug, time_info v1.57)
Info: (*N*) indicates data that was populated from previously saved time_info database
Info: CPU time includes time of parent + longest thread
PBS_TechMap-Postmap HBO Optimizations - Elapsed_Time 1, CPU_Time 0.895005000000026
stamp 'PBS_TechMap-Postmap HBO Optimizations' being created for table 'pbs_debug'

  Total Time (Wall) |  Stage Time (Wall)  |   % (Wall)   |    Date - Time     |  Memory   | Stage
--------------------+---------------------+--------------+--------------------+-----------+----------------------
 00:00:23(00:04:15) |  00:00:00(00:00:00) |   0.0(  0.0) |   18:50:23 (Nov30) |  502.9 MB | PBS_Generic-Start
--------------------+---------------------+--------------+--------------------+-----------+----------------------
 00:03:15(00:07:05) |  00:02:52(00:02:50) |  58.6( 54.0) |   18:53:13 (Nov30) |   1.02 GB | PBS_Generic_Opt-Post
--------------------+---------------------+--------------+--------------------+-----------+----------------------
 00:03:16(00:07:06) |  00:00:01(00:00:01) |   0.3(  0.3) |   18:53:14 (Nov30) |   1.02 GB | PBS_Generic-Postgen HBO Optimizations
--------------------+---------------------+--------------+--------------------+-----------+----------------------
 00:03:17(00:07:09) |  00:00:01(00:00:03) |   0.3(  1.0) |   18:53:17 (Nov30) |  993.8 MB | PBS_TechMap-Start
--------------------+---------------------+--------------+--------------------+-----------+----------------------
 00:03:18(00:07:10) |  00:00:01(00:00:01) |   0.3(  0.3) |   18:53:18 (Nov30) |  993.8 MB | PBS_TechMap-Premap HBO Optimizations
--------------------+---------------------+--------------+--------------------+-----------+----------------------
 00:05:12(00:09:25) |  00:01:53(00:02:15) |  38.7( 42.9) |   18:55:33 (Nov30) |   1.31 GB | PBS_Techmap-Global Mapping
--------------------+---------------------+--------------+--------------------+-----------+----------------------
 00:05:16(00:09:29) |  00:00:03(00:00:04) |   1.3(  1.3) |   18:55:37 (Nov30) |   1.31 GB | PBS_TechMap-Datapath Postmap Operations
--------------------+---------------------+--------------+--------------------+-----------+----------------------
 00:05:16(00:09:30) |  00:00:00(00:00:01) |   0.3(  0.3) |   18:55:38 (Nov30) |   1.30 GB | PBS_TechMap-Postmap HBO Optimizations
--------------------+---------------------+--------------+--------------------+-----------+----------------------
Number of threads: 8 * 1   (id: pbs_debug, time_info v1.57)
Info: (*N*) indicates data that was populated from previously saved time_info database
Info: CPU time includes time of parent + longest thread
 Doing ConstProp on design:picorv32_wb ... 

Time taken by ConstProp Step: 00:00:01
PBS_TechMap-Postmap Clock Gating - Elapsed_Time 1, CPU_Time 1.0
stamp 'PBS_TechMap-Postmap Clock Gating' being created for table 'pbs_debug'

  Total Time (Wall) |  Stage Time (Wall)  |   % (Wall)   |    Date - Time     |  Memory   | Stage
--------------------+---------------------+--------------+--------------------+-----------+----------------------
 00:00:23(00:04:15) |  00:00:00(00:00:00) |   0.0(  0.0) |   18:50:23 (Nov30) |  502.9 MB | PBS_Generic-Start
--------------------+---------------------+--------------+--------------------+-----------+----------------------
 00:03:15(00:07:05) |  00:02:52(00:02:50) |  58.4( 53.8) |   18:53:13 (Nov30) |   1.02 GB | PBS_Generic_Opt-Post
--------------------+---------------------+--------------+--------------------+-----------+----------------------
 00:03:16(00:07:06) |  00:00:01(00:00:01) |   0.3(  0.3) |   18:53:14 (Nov30) |   1.02 GB | PBS_Generic-Postgen HBO Optimizations
--------------------+---------------------+--------------+--------------------+-----------+----------------------
 00:03:17(00:07:09) |  00:00:01(00:00:03) |   0.3(  0.9) |   18:53:17 (Nov30) |  993.8 MB | PBS_TechMap-Start
--------------------+---------------------+--------------+--------------------+-----------+----------------------
 00:03:18(00:07:10) |  00:00:01(00:00:01) |   0.3(  0.3) |   18:53:18 (Nov30) |  993.8 MB | PBS_TechMap-Premap HBO Optimizations
--------------------+---------------------+--------------+--------------------+-----------+----------------------
 00:05:12(00:09:25) |  00:01:53(00:02:15) |  38.6( 42.7) |   18:55:33 (Nov30) |   1.31 GB | PBS_Techmap-Global Mapping
--------------------+---------------------+--------------+--------------------+-----------+----------------------
 00:05:16(00:09:29) |  00:00:03(00:00:04) |   1.3(  1.3) |   18:55:37 (Nov30) |   1.31 GB | PBS_TechMap-Datapath Postmap Operations
--------------------+---------------------+--------------+--------------------+-----------+----------------------
 00:05:16(00:09:30) |  00:00:00(00:00:01) |   0.3(  0.3) |   18:55:38 (Nov30) |   1.30 GB | PBS_TechMap-Postmap HBO Optimizations
--------------------+---------------------+--------------+--------------------+-----------+----------------------
 00:05:17(00:09:31) |  00:00:01(00:00:01) |   0.3(  0.3) |   18:55:39 (Nov30) |   1.30 GB | PBS_TechMap-Postmap Clock Gating
--------------------+---------------------+--------------+--------------------+-----------+----------------------
Number of threads: 8 * 1   (id: pbs_debug, time_info v1.57)
Info: (*N*) indicates data that was populated from previously saved time_info database
Info: CPU time includes time of parent + longest thread
-------------------------------------------------------------------------------
 hi_fo_buf                 55036        0         0         0        0

           Trick     Calls     Accepts   Attempts    Time(secs) 
-----------------------------------------------------------
       hi_fo_buf         0  (        0 /        0 )  0.00

 
Incremental optimization status
===============================
                                   Group   
                                  Tot Wrst     Total - - DRC Totals - -
                           Total  Weighted      Neg      Max       Max 
Operation                   Area   Slacks      Slack    Trans      Cap 
 init_delay                55036        0         0         0        0

           Trick     Calls     Accepts   Attempts    Time(secs) 
-----------------------------------------------------------
       crit_upsz         0  (        0 /        0 )  0.00
    plc_bal_star         0  (        0 /        0 )  0.00
     drc_buftimb         0  (        0 /        0 )  0.00
          plc_st         0  (        0 /        0 )  0.00
    plc_st_fence         0  (        0 /        0 )  0.00
        plc_star         0  (        0 /        0 )  0.00
      plc_laf_st         0  (        0 /        0 )  0.00
 plc_laf_st_fence         0  (        0 /        0 )  0.00
     drc_buftims         0  (        0 /        0 )  0.00
            fopt         0  (        0 /        0 )  0.00
   plc_laf_lo_st         0  (        0 /        0 )  0.00
       plc_lo_st         0  (        0 /        0 )  0.00
        mb_split         0  (        0 /        0 )  0.00

 
Local TNS optimization status
=============================
                                   Group   
                                  Tot Wrst     Total - - DRC Totals - -
                           Total  Weighted      Neg      Max       Max 
Operation                   Area   Slacks      Slack    Trans      Cap 
 init_tns                  55036        0         0         0        0

           Trick     Calls     Accepts   Attempts    Time(secs) 
-----------------------------------------------------------
    plc_bal_star         0  (        0 /        0 )  0.00
     drc_buftimb         0  (        0 /        0 )  0.00
     drc_buftims         0  (        0 /        0 )  0.00
       crit_upsz         0  (        0 /        0 )  0.00
   plc_laf_lo_st         0  (        0 /        0 )  0.00
       plc_lo_st         0  (        0 /        0 )  0.00
            fopt         0  (        0 /        0 )  0.00
       crit_dnsz         0  (        0 /        0 )  0.00
             dup         0  (        0 /        0 )  0.00
        setup_dn         0  (        0 /        0 )  0.00
        mb_split         0  (        0 /        0 )  0.00

PBS_TechMap-Postmap Cleanup - Elapsed_Time 0, CPU_Time 0.8936649999999418
stamp 'PBS_TechMap-Postmap Cleanup' being created for table 'pbs_debug'

  Total Time (Wall) |  Stage Time (Wall)  |   % (Wall)   |    Date - Time     |  Memory   | Stage
--------------------+---------------------+--------------+--------------------+-----------+----------------------
 00:00:23(00:04:15) |  00:00:00(00:00:00) |   0.0(  0.0) |   18:50:23 (Nov30) |  502.9 MB | PBS_Generic-Start
--------------------+---------------------+--------------+--------------------+-----------+----------------------
 00:03:15(00:07:05) |  00:02:52(00:02:50) |  58.2( 53.8) |   18:53:13 (Nov30) |   1.02 GB | PBS_Generic_Opt-Post
--------------------+---------------------+--------------+--------------------+-----------+----------------------
 00:03:16(00:07:06) |  00:00:01(00:00:01) |   0.3(  0.3) |   18:53:14 (Nov30) |   1.02 GB | PBS_Generic-Postgen HBO Optimizations
--------------------+---------------------+--------------+--------------------+-----------+----------------------
 00:03:17(00:07:09) |  00:00:01(00:00:03) |   0.3(  0.9) |   18:53:17 (Nov30) |  993.8 MB | PBS_TechMap-Start
--------------------+---------------------+--------------+--------------------+-----------+----------------------
 00:03:18(00:07:10) |  00:00:01(00:00:01) |   0.3(  0.3) |   18:53:18 (Nov30) |  993.8 MB | PBS_TechMap-Premap HBO Optimizations
--------------------+---------------------+--------------+--------------------+-----------+----------------------
 00:05:12(00:09:25) |  00:01:53(00:02:15) |  38.5( 42.7) |   18:55:33 (Nov30) |   1.31 GB | PBS_Techmap-Global Mapping
--------------------+---------------------+--------------+--------------------+-----------+----------------------
 00:05:16(00:09:29) |  00:00:03(00:00:04) |   1.3(  1.3) |   18:55:37 (Nov30) |   1.31 GB | PBS_TechMap-Datapath Postmap Operations
--------------------+---------------------+--------------+--------------------+-----------+----------------------
 00:05:16(00:09:30) |  00:00:00(00:00:01) |   0.3(  0.3) |   18:55:38 (Nov30) |   1.30 GB | PBS_TechMap-Postmap HBO Optimizations
--------------------+---------------------+--------------+--------------------+-----------+----------------------
 00:05:17(00:09:31) |  00:00:01(00:00:01) |   0.3(  0.3) |   18:55:39 (Nov30) |   1.30 GB | PBS_TechMap-Postmap Clock Gating
--------------------+---------------------+--------------+--------------------+-----------+----------------------
 00:05:18(00:09:31) |  00:00:00(00:00:00) |   0.3(  0.0) |   18:55:39 (Nov30) |   1.30 GB | PBS_TechMap-Postmap Cleanup
--------------------+---------------------+--------------+--------------------+-----------+----------------------
Number of threads: 8 * 1   (id: pbs_debug, time_info v1.57)
Info: (*N*) indicates data that was populated from previously saved time_info database
Info: CPU time includes time of parent + longest thread
PBS_Techmap-Post_MBCI - Elapsed_Time 0, CPU_Time 0.0
stamp 'PBS_Techmap-Post_MBCI' being created for table 'pbs_debug'

  Total Time (Wall) |  Stage Time (Wall)  |   % (Wall)   |    Date - Time     |  Memory   | Stage
--------------------+---------------------+--------------+--------------------+-----------+----------------------
 00:00:23(00:04:15) |  00:00:00(00:00:00) |   0.0(  0.0) |   18:50:23 (Nov30) |  502.9 MB | PBS_Generic-Start
--------------------+---------------------+--------------+--------------------+-----------+----------------------
 00:03:15(00:07:05) |  00:02:52(00:02:50) |  58.2( 53.8) |   18:53:13 (Nov30) |   1.02 GB | PBS_Generic_Opt-Post
--------------------+---------------------+--------------+--------------------+-----------+----------------------
 00:03:16(00:07:06) |  00:00:01(00:00:01) |   0.3(  0.3) |   18:53:14 (Nov30) |   1.02 GB | PBS_Generic-Postgen HBO Optimizations
--------------------+---------------------+--------------+--------------------+-----------+----------------------
 00:03:17(00:07:09) |  00:00:01(00:00:03) |   0.3(  0.9) |   18:53:17 (Nov30) |  993.8 MB | PBS_TechMap-Start
--------------------+---------------------+--------------+--------------------+-----------+----------------------
 00:03:18(00:07:10) |  00:00:01(00:00:01) |   0.3(  0.3) |   18:53:18 (Nov30) |  993.8 MB | PBS_TechMap-Premap HBO Optimizations
--------------------+---------------------+--------------+--------------------+-----------+----------------------
 00:05:12(00:09:25) |  00:01:53(00:02:15) |  38.5( 42.7) |   18:55:33 (Nov30) |   1.31 GB | PBS_Techmap-Global Mapping
--------------------+---------------------+--------------+--------------------+-----------+----------------------
 00:05:16(00:09:29) |  00:00:03(00:00:04) |   1.3(  1.3) |   18:55:37 (Nov30) |   1.31 GB | PBS_TechMap-Datapath Postmap Operations
--------------------+---------------------+--------------+--------------------+-----------+----------------------
 00:05:16(00:09:30) |  00:00:00(00:00:01) |   0.3(  0.3) |   18:55:38 (Nov30) |   1.30 GB | PBS_TechMap-Postmap HBO Optimizations
--------------------+---------------------+--------------+--------------------+-----------+----------------------
 00:05:17(00:09:31) |  00:00:01(00:00:01) |   0.3(  0.3) |   18:55:39 (Nov30) |   1.30 GB | PBS_TechMap-Postmap Clock Gating
--------------------+---------------------+--------------+--------------------+-----------+----------------------
 00:05:18(00:09:31) |  00:00:00(00:00:00) |   0.3(  0.0) |   18:55:39 (Nov30) |   1.30 GB | PBS_TechMap-Postmap Cleanup
--------------------+---------------------+--------------+--------------------+-----------+----------------------
 00:05:18(00:09:31) |  00:00:00(00:00:00) |   0.0(  0.0) |   18:55:39 (Nov30) |   1.30 GB | PBS_Techmap-Post_MBCI
--------------------+---------------------+--------------+--------------------+-----------+----------------------
Number of threads: 8 * 1   (id: pbs_debug, time_info v1.57)
Info: (*N*) indicates data that was populated from previously saved time_info database
Info: CPU time includes time of parent + longest thread
##>=================== Cadence Confidential (Mapping-Logical) ===================
##>Main Thread Summary:
##>----------------------------------------------------------------------------------------
##>STEP                           Elapsed       WNS       TNS     Insts      Area    Memory
##>----------------------------------------------------------------------------------------
##>M:Initial                            0         -         -     28523     92164       993
##>M:Pre Cleanup                        0         -         -     28523     92164       993
##>M:Setup                              0         -         -         -         -         -
##>M:Launch ST                          0         -         -         -         -         -
##>M:Design Partition                   0         -         -         -         -         -
##>M:Create Partition Netlists          0         -         -         -         -         -
##>M:Init Power                         0         -         -         -         -         -
##>M:Budgeting                          0         -         -         -         -         -
##>M:Derenv-DB                          0         -         -         -         -         -
##>M:Debug Outputs                      0         -         -         -         -         -
##>M:ST loading                         0         -         -         -         -         -
##>M:Distributed                        0         -         -         -         -         -
##>M:Timer                              0         -         -         -         -         -
##>M:Assembly                           0         -         -         -         -         -
##>M:DFT                                0         -         -         -         -         -
##>M:DP Operations                      4         -         -     11337     38536      1305
##>M:Const Prop                         0      1075         0     11337     38536      1305
##>M:Cleanup                            0      1075         0     11337     38536      1297
##>M:MBCI                               0         -         -     11337     38536      1297
##>M:Const Gate Removal                 0         -         -         -         -         -
##>M:Misc                             139
##>----------------------------------------------------------------------------------------
##>Total Elapsed                      143
##>========================================================================================

+-----------+-----------------+-----+----------------------+---------------------------+
|   Host    |     Machine     | CPU | Physical Memory (MB) | Peak Physical Memory (MB) |
+-----------+-----------------+-----+----------------------+---------------------------+
| localhost | cn88.it.auth.gr |  1  |        1297.3        |          1527.7           |
+-----------+-----------------+-----+----------------------+---------------------------+

+---------------+----------------------+---------------------------+
|    Server     | Physical Memory (MB) | Peak Physical Memory (MB) |
+---------------+----------------------+---------------------------+
| localhost_1_0 |        365.3         |           624.0           |
+---------------+----------------------+---------------------------+

Info    : Done mapping. [SYNTH-5]
        : Done mapping 'picorv32_wb'.
      flow.cputime  flow.realtime  timing.setup.tns  timing.setup.wns  snapshot
UM:*                                                                   syn_map
@genus:design:picorv32_wb 36> connect_scan_chains -auto_create_chains -preview
  Starting DFT Scan Configuration for module 'picorv32_wb' in 'normal' mode, with physical flow OFF 
  Configuring 1 chains for 2399 scan f/f 
  Configured 1 chains for Domain: 'wb_clk_i', edge: 'rising'
  	 top_chain (scan_in -> scan_out) has 2399 registers; Domain:wb_clk_i, edge: rising
	     bit 1     mem_rdata_reg[0]   <wb_clk_i (rise)>
	     bit 2     mem_rdata_reg[1]   <wb_clk_i (rise)>
	     bit 3     mem_rdata_reg[2]   <wb_clk_i (rise)>
	     bit 4     mem_rdata_reg[3]   <wb_clk_i (rise)>
	     bit 5     mem_rdata_reg[4]   <wb_clk_i (rise)>
	     bit 6     mem_rdata_reg[5]   <wb_clk_i (rise)>
	     bit 7     mem_rdata_reg[6]   <wb_clk_i (rise)>
	     bit 8     mem_rdata_reg[7]   <wb_clk_i (rise)>
	     bit 9     mem_rdata_reg[8]   <wb_clk_i (rise)>
	     bit 10     mem_rdata_reg[9]   <wb_clk_i (rise)>
	     bit 11     mem_rdata_reg[10]   <wb_clk_i (rise)>
	     bit 12     mem_rdata_reg[11]   <wb_clk_i (rise)>
	     bit 13     mem_rdata_reg[12]   <wb_clk_i (rise)>
	     bit 14     mem_rdata_reg[13]   <wb_clk_i (rise)>
	     bit 15     mem_rdata_reg[14]   <wb_clk_i (rise)>
	     bit 16     mem_rdata_reg[15]   <wb_clk_i (rise)>
	     bit 17     mem_rdata_reg[16]   <wb_clk_i (rise)>
	     bit 18     mem_rdata_reg[17]   <wb_clk_i (rise)>
	     bit 19     mem_rdata_reg[18]   <wb_clk_i (rise)>
	     bit 20     mem_rdata_reg[19]   <wb_clk_i (rise)>
	     bit 21     mem_rdata_reg[20]   <wb_clk_i (rise)>
	     bit 22     mem_rdata_reg[21]   <wb_clk_i (rise)>
	     bit 23     mem_rdata_reg[22]   <wb_clk_i (rise)>
	     bit 24     mem_rdata_reg[23]   <wb_clk_i (rise)>
	     bit 25     mem_rdata_reg[24]   <wb_clk_i (rise)>
	     bit 26     mem_rdata_reg[25]   <wb_clk_i (rise)>
	     bit 27     mem_rdata_reg[26]   <wb_clk_i (rise)>
	     bit 28     mem_rdata_reg[27]   <wb_clk_i (rise)>
	     bit 29     mem_rdata_reg[28]   <wb_clk_i (rise)>
	     bit 30     mem_rdata_reg[29]   <wb_clk_i (rise)>
	     bit 31     mem_rdata_reg[30]   <wb_clk_i (rise)>
	     bit 32     mem_rdata_reg[31]   <wb_clk_i (rise)>
	     bit 33     mem_ready_reg   <wb_clk_i (rise)>
	     bit 34     picorv32_core_alu_add_sub_reg[0]   <wb_clk_i (rise)>
	     bit 35     picorv32_core_alu_add_sub_reg[1]   <wb_clk_i (rise)>
	     bit 36     picorv32_core_alu_add_sub_reg[2]   <wb_clk_i (rise)>
	     bit 37     picorv32_core_alu_add_sub_reg[3]   <wb_clk_i (rise)>
	     bit 38     picorv32_core_alu_add_sub_reg[4]   <wb_clk_i (rise)>
	     bit 39     picorv32_core_alu_add_sub_reg[5]   <wb_clk_i (rise)>
	     bit 40     picorv32_core_alu_add_sub_reg[6]   <wb_clk_i (rise)>
	     bit 41     picorv32_core_alu_add_sub_reg[7]   <wb_clk_i (rise)>
	     bit 42     picorv32_core_alu_add_sub_reg[8]   <wb_clk_i (rise)>
	     bit 43     picorv32_core_alu_add_sub_reg[9]   <wb_clk_i (rise)>
	     bit 44     picorv32_core_alu_add_sub_reg[10]   <wb_clk_i (rise)>
	     bit 45     picorv32_core_alu_add_sub_reg[11]   <wb_clk_i (rise)>
	     bit 46     picorv32_core_alu_add_sub_reg[12]   <wb_clk_i (rise)>
	     bit 47     picorv32_core_alu_add_sub_reg[13]   <wb_clk_i (rise)>
	     bit 48     picorv32_core_alu_add_sub_reg[14]   <wb_clk_i (rise)>
	     bit 49     picorv32_core_alu_add_sub_reg[15]   <wb_clk_i (rise)>
	     bit 50     picorv32_core_alu_add_sub_reg[16]   <wb_clk_i (rise)>
	     bit 51     picorv32_core_alu_add_sub_reg[17]   <wb_clk_i (rise)>
	     bit 52     picorv32_core_alu_add_sub_reg[18]   <wb_clk_i (rise)>
	     bit 53     picorv32_core_alu_add_sub_reg[19]   <wb_clk_i (rise)>
	     bit 54     picorv32_core_alu_add_sub_reg[20]   <wb_clk_i (rise)>
	     bit 55     picorv32_core_alu_add_sub_reg[21]   <wb_clk_i (rise)>
	     bit 56     picorv32_core_alu_add_sub_reg[22]   <wb_clk_i (rise)>
	     bit 57     picorv32_core_alu_add_sub_reg[23]   <wb_clk_i (rise)>
	     bit 58     picorv32_core_alu_add_sub_reg[24]   <wb_clk_i (rise)>
	     bit 59     picorv32_core_alu_add_sub_reg[25]   <wb_clk_i (rise)>
	     bit 60     picorv32_core_alu_add_sub_reg[26]   <wb_clk_i (rise)>
	     bit 61     picorv32_core_alu_add_sub_reg[27]   <wb_clk_i (rise)>
	     bit 62     picorv32_core_alu_add_sub_reg[28]   <wb_clk_i (rise)>
	     bit 63     picorv32_core_alu_add_sub_reg[29]   <wb_clk_i (rise)>
	     bit 64     picorv32_core_alu_add_sub_reg[30]   <wb_clk_i (rise)>
	     bit 65     picorv32_core_alu_add_sub_reg[31]   <wb_clk_i (rise)>
	     bit 66     picorv32_core_alu_eq_reg   <wb_clk_i (rise)>
	     bit 67     picorv32_core_alu_lts_reg   <wb_clk_i (rise)>
	     bit 68     picorv32_core_alu_ltu_reg   <wb_clk_i (rise)>
	     bit 69     picorv32_core_alu_out_q_reg[0]   <wb_clk_i (rise)>
	     bit 70     picorv32_core_alu_out_q_reg[1]   <wb_clk_i (rise)>
	     bit 71     picorv32_core_alu_out_q_reg[2]   <wb_clk_i (rise)>
	     bit 72     picorv32_core_alu_out_q_reg[3]   <wb_clk_i (rise)>
	     bit 73     picorv32_core_alu_out_q_reg[4]   <wb_clk_i (rise)>
	     bit 74     picorv32_core_alu_out_q_reg[5]   <wb_clk_i (rise)>
	     bit 75     picorv32_core_alu_out_q_reg[6]   <wb_clk_i (rise)>
	     bit 76     picorv32_core_alu_out_q_reg[7]   <wb_clk_i (rise)>
	     bit 77     picorv32_core_alu_out_q_reg[8]   <wb_clk_i (rise)>
	     bit 78     picorv32_core_alu_out_q_reg[9]   <wb_clk_i (rise)>
	     bit 79     picorv32_core_alu_out_q_reg[10]   <wb_clk_i (rise)>
	     bit 80     picorv32_core_alu_out_q_reg[11]   <wb_clk_i (rise)>
	     bit 81     picorv32_core_alu_out_q_reg[12]   <wb_clk_i (rise)>
	     bit 82     picorv32_core_alu_out_q_reg[13]   <wb_clk_i (rise)>
	     bit 83     picorv32_core_alu_out_q_reg[14]   <wb_clk_i (rise)>
	     bit 84     picorv32_core_alu_out_q_reg[15]   <wb_clk_i (rise)>
	     bit 85     picorv32_core_alu_out_q_reg[16]   <wb_clk_i (rise)>
	     bit 86     picorv32_core_alu_out_q_reg[17]   <wb_clk_i (rise)>
	     bit 87     picorv32_core_alu_out_q_reg[18]   <wb_clk_i (rise)>
	     bit 88     picorv32_core_alu_out_q_reg[19]   <wb_clk_i (rise)>
	     bit 89     picorv32_core_alu_out_q_reg[20]   <wb_clk_i (rise)>
	     bit 90     picorv32_core_alu_out_q_reg[21]   <wb_clk_i (rise)>
	     bit 91     picorv32_core_alu_out_q_reg[22]   <wb_clk_i (rise)>
	     bit 92     picorv32_core_alu_out_q_reg[23]   <wb_clk_i (rise)>
	     bit 93     picorv32_core_alu_out_q_reg[24]   <wb_clk_i (rise)>
	     bit 94     picorv32_core_alu_out_q_reg[25]   <wb_clk_i (rise)>
	     bit 95     picorv32_core_alu_out_q_reg[26]   <wb_clk_i (rise)>
	     bit 96     picorv32_core_alu_out_q_reg[27]   <wb_clk_i (rise)>
	     bit 97     picorv32_core_alu_out_q_reg[28]   <wb_clk_i (rise)>
	     bit 98     picorv32_core_alu_out_q_reg[29]   <wb_clk_i (rise)>
	     bit 99     picorv32_core_alu_out_q_reg[30]   <wb_clk_i (rise)>
	     bit 100     picorv32_core_alu_out_q_reg[31]   <wb_clk_i (rise)>
	     bit 101     picorv32_core_alu_shl_reg[0]   <wb_clk_i (rise)>
	     bit 102     picorv32_core_alu_shl_reg[1]   <wb_clk_i (rise)>
	     bit 103     picorv32_core_alu_shl_reg[2]   <wb_clk_i (rise)>
	     bit 104     picorv32_core_alu_shl_reg[3]   <wb_clk_i (rise)>
	     bit 105     picorv32_core_alu_shl_reg[4]   <wb_clk_i (rise)>
	     bit 106     picorv32_core_alu_shl_reg[5]   <wb_clk_i (rise)>
	     bit 107     picorv32_core_alu_shl_reg[6]   <wb_clk_i (rise)>
	     bit 108     picorv32_core_alu_shl_reg[7]   <wb_clk_i (rise)>
	     bit 109     picorv32_core_alu_shl_reg[8]   <wb_clk_i (rise)>
	     bit 110     picorv32_core_alu_shl_reg[9]   <wb_clk_i (rise)>
	     bit 111     picorv32_core_alu_shl_reg[10]   <wb_clk_i (rise)>
	     bit 112     picorv32_core_alu_shl_reg[11]   <wb_clk_i (rise)>
	     bit 113     picorv32_core_alu_shl_reg[12]   <wb_clk_i (rise)>
	     bit 114     picorv32_core_alu_shl_reg[13]   <wb_clk_i (rise)>
	     bit 115     picorv32_core_alu_shl_reg[14]   <wb_clk_i (rise)>
	     bit 116     picorv32_core_alu_shl_reg[15]   <wb_clk_i (rise)>
	     bit 117     picorv32_core_alu_shl_reg[16]   <wb_clk_i (rise)>
	     bit 118     picorv32_core_alu_shl_reg[17]   <wb_clk_i (rise)>
	     bit 119     picorv32_core_alu_shl_reg[18]   <wb_clk_i (rise)>
	     bit 120     picorv32_core_alu_shl_reg[19]   <wb_clk_i (rise)>
	     bit 121     picorv32_core_alu_shl_reg[20]   <wb_clk_i (rise)>
	     bit 122     picorv32_core_alu_shl_reg[21]   <wb_clk_i (rise)>
	     bit 123     picorv32_core_alu_shl_reg[22]   <wb_clk_i (rise)>
	     bit 124     picorv32_core_alu_shl_reg[23]   <wb_clk_i (rise)>
	     bit 125     picorv32_core_alu_shl_reg[24]   <wb_clk_i (rise)>
	     bit 126     picorv32_core_alu_shl_reg[25]   <wb_clk_i (rise)>
	     bit 127     picorv32_core_alu_shl_reg[26]   <wb_clk_i (rise)>
	     bit 128     picorv32_core_alu_shl_reg[27]   <wb_clk_i (rise)>
	     bit 129     picorv32_core_alu_shl_reg[28]   <wb_clk_i (rise)>
	     bit 130     picorv32_core_alu_shl_reg[29]   <wb_clk_i (rise)>
	     bit 131     picorv32_core_alu_shl_reg[30]   <wb_clk_i (rise)>
	     bit 132     picorv32_core_alu_shl_reg[31]   <wb_clk_i (rise)>
	     bit 133     picorv32_core_alu_shr_reg[0]   <wb_clk_i (rise)>
	     bit 134     picorv32_core_alu_shr_reg[1]   <wb_clk_i (rise)>
	     bit 135     picorv32_core_alu_shr_reg[2]   <wb_clk_i (rise)>
	     bit 136     picorv32_core_alu_shr_reg[3]   <wb_clk_i (rise)>
	     bit 137     picorv32_core_alu_shr_reg[4]   <wb_clk_i (rise)>
	     bit 138     picorv32_core_alu_shr_reg[5]   <wb_clk_i (rise)>
	     bit 139     picorv32_core_alu_shr_reg[6]   <wb_clk_i (rise)>
	     bit 140     picorv32_core_alu_shr_reg[7]   <wb_clk_i (rise)>
	     bit 141     picorv32_core_alu_shr_reg[8]   <wb_clk_i (rise)>
	     bit 142     picorv32_core_alu_shr_reg[9]   <wb_clk_i (rise)>
	     bit 143     picorv32_core_alu_shr_reg[10]   <wb_clk_i (rise)>
	     bit 144     picorv32_core_alu_shr_reg[11]   <wb_clk_i (rise)>
	     bit 145     picorv32_core_alu_shr_reg[12]   <wb_clk_i (rise)>
	     bit 146     picorv32_core_alu_shr_reg[13]   <wb_clk_i (rise)>
	     bit 147     picorv32_core_alu_shr_reg[14]   <wb_clk_i (rise)>
	     bit 148     picorv32_core_alu_shr_reg[15]   <wb_clk_i (rise)>
	     bit 149     picorv32_core_alu_shr_reg[16]   <wb_clk_i (rise)>
	     bit 150     picorv32_core_alu_shr_reg[17]   <wb_clk_i (rise)>
	     bit 151     picorv32_core_alu_shr_reg[18]   <wb_clk_i (rise)>
	     bit 152     picorv32_core_alu_shr_reg[19]   <wb_clk_i (rise)>
	     bit 153     picorv32_core_alu_shr_reg[20]   <wb_clk_i (rise)>
	     bit 154     picorv32_core_alu_shr_reg[21]   <wb_clk_i (rise)>
	     bit 155     picorv32_core_alu_shr_reg[22]   <wb_clk_i (rise)>
	     bit 156     picorv32_core_alu_shr_reg[23]   <wb_clk_i (rise)>
	     bit 157     picorv32_core_alu_shr_reg[24]   <wb_clk_i (rise)>
	     bit 158     picorv32_core_alu_shr_reg[25]   <wb_clk_i (rise)>
	     bit 159     picorv32_core_alu_shr_reg[26]   <wb_clk_i (rise)>
	     bit 160     picorv32_core_alu_shr_reg[27]   <wb_clk_i (rise)>
	     bit 161     picorv32_core_alu_shr_reg[28]   <wb_clk_i (rise)>
	     bit 162     picorv32_core_alu_shr_reg[29]   <wb_clk_i (rise)>
	     bit 163     picorv32_core_alu_shr_reg[30]   <wb_clk_i (rise)>
	     bit 164     picorv32_core_alu_shr_reg[31]   <wb_clk_i (rise)>
	     bit 165     picorv32_core_alu_wait_reg   <wb_clk_i (rise)>
	     bit 166     picorv32_core_count_cycle_reg[0]   <wb_clk_i (rise)>
	     bit 167     picorv32_core_count_cycle_reg[1]   <wb_clk_i (rise)>
	     bit 168     picorv32_core_count_cycle_reg[2]   <wb_clk_i (rise)>
	     bit 169     picorv32_core_count_cycle_reg[3]   <wb_clk_i (rise)>
	     bit 170     picorv32_core_count_cycle_reg[4]   <wb_clk_i (rise)>
	     bit 171     picorv32_core_count_cycle_reg[5]   <wb_clk_i (rise)>
	     bit 172     picorv32_core_count_cycle_reg[6]   <wb_clk_i (rise)>
	     bit 173     picorv32_core_count_cycle_reg[7]   <wb_clk_i (rise)>
	     bit 174     picorv32_core_count_cycle_reg[8]   <wb_clk_i (rise)>
	     bit 175     picorv32_core_count_cycle_reg[9]   <wb_clk_i (rise)>
	     bit 176     picorv32_core_count_cycle_reg[10]   <wb_clk_i (rise)>
	     bit 177     picorv32_core_count_cycle_reg[11]   <wb_clk_i (rise)>
	     bit 178     picorv32_core_count_cycle_reg[12]   <wb_clk_i (rise)>
	     bit 179     picorv32_core_count_cycle_reg[13]   <wb_clk_i (rise)>
	     bit 180     picorv32_core_count_cycle_reg[14]   <wb_clk_i (rise)>
	     bit 181     picorv32_core_count_cycle_reg[15]   <wb_clk_i (rise)>
	     bit 182     picorv32_core_count_cycle_reg[16]   <wb_clk_i (rise)>
	     bit 183     picorv32_core_count_cycle_reg[17]   <wb_clk_i (rise)>
	     bit 184     picorv32_core_count_cycle_reg[18]   <wb_clk_i (rise)>
	     bit 185     picorv32_core_count_cycle_reg[19]   <wb_clk_i (rise)>
	     bit 186     picorv32_core_count_cycle_reg[20]   <wb_clk_i (rise)>
	     bit 187     picorv32_core_count_cycle_reg[21]   <wb_clk_i (rise)>
	     bit 188     picorv32_core_count_cycle_reg[22]   <wb_clk_i (rise)>
	     bit 189     picorv32_core_count_cycle_reg[23]   <wb_clk_i (rise)>
	     bit 190     picorv32_core_count_cycle_reg[24]   <wb_clk_i (rise)>
	     bit 191     picorv32_core_count_cycle_reg[25]   <wb_clk_i (rise)>
	     bit 192     picorv32_core_count_cycle_reg[26]   <wb_clk_i (rise)>
	     bit 193     picorv32_core_count_cycle_reg[27]   <wb_clk_i (rise)>
	     bit 194     picorv32_core_count_cycle_reg[28]   <wb_clk_i (rise)>
	     bit 195     picorv32_core_count_cycle_reg[29]   <wb_clk_i (rise)>
	     bit 196     picorv32_core_count_cycle_reg[30]   <wb_clk_i (rise)>
	     bit 197     picorv32_core_count_cycle_reg[31]   <wb_clk_i (rise)>
	     bit 198     picorv32_core_count_cycle_reg[32]   <wb_clk_i (rise)>
	     bit 199     picorv32_core_count_cycle_reg[33]   <wb_clk_i (rise)>
	     bit 200     picorv32_core_count_cycle_reg[34]   <wb_clk_i (rise)>
	     bit 201     picorv32_core_count_cycle_reg[35]   <wb_clk_i (rise)>
	     bit 202     picorv32_core_count_cycle_reg[36]   <wb_clk_i (rise)>
	     bit 203     picorv32_core_count_cycle_reg[37]   <wb_clk_i (rise)>
	     bit 204     picorv32_core_count_cycle_reg[38]   <wb_clk_i (rise)>
	     bit 205     picorv32_core_count_cycle_reg[39]   <wb_clk_i (rise)>
	     bit 206     picorv32_core_count_cycle_reg[40]   <wb_clk_i (rise)>
	     bit 207     picorv32_core_count_cycle_reg[41]   <wb_clk_i (rise)>
	     bit 208     picorv32_core_count_cycle_reg[42]   <wb_clk_i (rise)>
	     bit 209     picorv32_core_count_cycle_reg[43]   <wb_clk_i (rise)>
	     bit 210     picorv32_core_count_cycle_reg[44]   <wb_clk_i (rise)>
	     bit 211     picorv32_core_count_cycle_reg[45]   <wb_clk_i (rise)>
	     bit 212     picorv32_core_count_cycle_reg[46]   <wb_clk_i (rise)>
	     bit 213     picorv32_core_count_cycle_reg[47]   <wb_clk_i (rise)>
	     bit 214     picorv32_core_count_cycle_reg[48]   <wb_clk_i (rise)>
	     bit 215     picorv32_core_count_cycle_reg[49]   <wb_clk_i (rise)>
	     bit 216     picorv32_core_count_cycle_reg[50]   <wb_clk_i (rise)>
	     bit 217     picorv32_core_count_cycle_reg[51]   <wb_clk_i (rise)>
	     bit 218     picorv32_core_count_cycle_reg[52]   <wb_clk_i (rise)>
	     bit 219     picorv32_core_count_cycle_reg[53]   <wb_clk_i (rise)>
	     bit 220     picorv32_core_count_cycle_reg[54]   <wb_clk_i (rise)>
	     bit 221     picorv32_core_count_cycle_reg[55]   <wb_clk_i (rise)>
	     bit 222     picorv32_core_count_cycle_reg[56]   <wb_clk_i (rise)>
	     bit 223     picorv32_core_count_cycle_reg[57]   <wb_clk_i (rise)>
	     bit 224     picorv32_core_count_cycle_reg[58]   <wb_clk_i (rise)>
	     bit 225     picorv32_core_count_cycle_reg[59]   <wb_clk_i (rise)>
	     bit 226     picorv32_core_count_cycle_reg[60]   <wb_clk_i (rise)>
	     bit 227     picorv32_core_count_cycle_reg[61]   <wb_clk_i (rise)>
	     bit 228     picorv32_core_count_cycle_reg[62]   <wb_clk_i (rise)>
	     bit 229     picorv32_core_count_cycle_reg[63]   <wb_clk_i (rise)>
	     bit 230     picorv32_core_count_instr_reg[0]   <wb_clk_i (rise)>
	     bit 231     picorv32_core_count_instr_reg[1]   <wb_clk_i (rise)>
	     bit 232     picorv32_core_count_instr_reg[2]   <wb_clk_i (rise)>
	     bit 233     picorv32_core_count_instr_reg[3]   <wb_clk_i (rise)>
	     bit 234     picorv32_core_count_instr_reg[4]   <wb_clk_i (rise)>
	     bit 235     picorv32_core_count_instr_reg[5]   <wb_clk_i (rise)>
	     bit 236     picorv32_core_count_instr_reg[6]   <wb_clk_i (rise)>
	     bit 237     picorv32_core_count_instr_reg[7]   <wb_clk_i (rise)>
	     bit 238     picorv32_core_count_instr_reg[8]   <wb_clk_i (rise)>
	     bit 239     picorv32_core_count_instr_reg[9]   <wb_clk_i (rise)>
	     bit 240     picorv32_core_count_instr_reg[10]   <wb_clk_i (rise)>
	     bit 241     picorv32_core_count_instr_reg[11]   <wb_clk_i (rise)>
	     bit 242     picorv32_core_count_instr_reg[12]   <wb_clk_i (rise)>
	     bit 243     picorv32_core_count_instr_reg[13]   <wb_clk_i (rise)>
	     bit 244     picorv32_core_count_instr_reg[14]   <wb_clk_i (rise)>
	     bit 245     picorv32_core_count_instr_reg[15]   <wb_clk_i (rise)>
	     bit 246     picorv32_core_count_instr_reg[16]   <wb_clk_i (rise)>
	     bit 247     picorv32_core_count_instr_reg[17]   <wb_clk_i (rise)>
	     bit 248     picorv32_core_count_instr_reg[18]   <wb_clk_i (rise)>
	     bit 249     picorv32_core_count_instr_reg[19]   <wb_clk_i (rise)>
	     bit 250     picorv32_core_count_instr_reg[20]   <wb_clk_i (rise)>
	     bit 251     picorv32_core_count_instr_reg[21]   <wb_clk_i (rise)>
	     bit 252     picorv32_core_count_instr_reg[22]   <wb_clk_i (rise)>
	     bit 253     picorv32_core_count_instr_reg[23]   <wb_clk_i (rise)>
	     bit 254     picorv32_core_count_instr_reg[24]   <wb_clk_i (rise)>
	     bit 255     picorv32_core_count_instr_reg[25]   <wb_clk_i (rise)>
	     bit 256     picorv32_core_count_instr_reg[26]   <wb_clk_i (rise)>
	     bit 257     picorv32_core_count_instr_reg[27]   <wb_clk_i (rise)>
	     bit 258     picorv32_core_count_instr_reg[28]   <wb_clk_i (rise)>
	     bit 259     picorv32_core_count_instr_reg[29]   <wb_clk_i (rise)>
	     bit 260     picorv32_core_count_instr_reg[30]   <wb_clk_i (rise)>
	     bit 261     picorv32_core_count_instr_reg[31]   <wb_clk_i (rise)>
	     bit 262     picorv32_core_count_instr_reg[32]   <wb_clk_i (rise)>
	     bit 263     picorv32_core_count_instr_reg[33]   <wb_clk_i (rise)>
	     bit 264     picorv32_core_count_instr_reg[34]   <wb_clk_i (rise)>
	     bit 265     picorv32_core_count_instr_reg[35]   <wb_clk_i (rise)>
	     bit 266     picorv32_core_count_instr_reg[36]   <wb_clk_i (rise)>
	     bit 267     picorv32_core_count_instr_reg[37]   <wb_clk_i (rise)>
	     bit 268     picorv32_core_count_instr_reg[38]   <wb_clk_i (rise)>
	     bit 269     picorv32_core_count_instr_reg[39]   <wb_clk_i (rise)>
	     bit 270     picorv32_core_count_instr_reg[40]   <wb_clk_i (rise)>
	     bit 271     picorv32_core_count_instr_reg[41]   <wb_clk_i (rise)>
	     bit 272     picorv32_core_count_instr_reg[42]   <wb_clk_i (rise)>
	     bit 273     picorv32_core_count_instr_reg[43]   <wb_clk_i (rise)>
	     bit 274     picorv32_core_count_instr_reg[44]   <wb_clk_i (rise)>
	     bit 275     picorv32_core_count_instr_reg[45]   <wb_clk_i (rise)>
	     bit 276     picorv32_core_count_instr_reg[46]   <wb_clk_i (rise)>
	     bit 277     picorv32_core_count_instr_reg[47]   <wb_clk_i (rise)>
	     bit 278     picorv32_core_count_instr_reg[48]   <wb_clk_i (rise)>
	     bit 279     picorv32_core_count_instr_reg[49]   <wb_clk_i (rise)>
	     bit 280     picorv32_core_count_instr_reg[50]   <wb_clk_i (rise)>
	     bit 281     picorv32_core_count_instr_reg[51]   <wb_clk_i (rise)>
	     bit 282     picorv32_core_count_instr_reg[52]   <wb_clk_i (rise)>
	     bit 283     picorv32_core_count_instr_reg[53]   <wb_clk_i (rise)>
	     bit 284     picorv32_core_count_instr_reg[54]   <wb_clk_i (rise)>
	     bit 285     picorv32_core_count_instr_reg[55]   <wb_clk_i (rise)>
	     bit 286     picorv32_core_count_instr_reg[56]   <wb_clk_i (rise)>
	     bit 287     picorv32_core_count_instr_reg[57]   <wb_clk_i (rise)>
	     bit 288     picorv32_core_count_instr_reg[58]   <wb_clk_i (rise)>
	     bit 289     picorv32_core_count_instr_reg[59]   <wb_clk_i (rise)>
	     bit 290     picorv32_core_count_instr_reg[60]   <wb_clk_i (rise)>
	     bit 291     picorv32_core_count_instr_reg[61]   <wb_clk_i (rise)>
	     bit 292     picorv32_core_count_instr_reg[62]   <wb_clk_i (rise)>
	     bit 293     picorv32_core_count_instr_reg[63]   <wb_clk_i (rise)>
	     bit 294     picorv32_core_cpu_state_reg[0]   <wb_clk_i (rise)>
	     bit 295     picorv32_core_cpu_state_reg[1]   <wb_clk_i (rise)>
	     bit 296     picorv32_core_cpu_state_reg[3]   <wb_clk_i (rise)>
	     bit 297     picorv32_core_cpu_state_reg[5]   <wb_clk_i (rise)>
	     bit 298     picorv32_core_cpu_state_reg[6]   <wb_clk_i (rise)>
	     bit 299     picorv32_core_cpu_state_reg[7]   <wb_clk_i (rise)>
	     bit 300     picorv32_core_cpuregs_reg[1][0]   <wb_clk_i (rise)>
	     bit 301     picorv32_core_cpuregs_reg[1][1]   <wb_clk_i (rise)>
	     bit 302     picorv32_core_cpuregs_reg[1][2]   <wb_clk_i (rise)>
	     bit 303     picorv32_core_cpuregs_reg[1][3]   <wb_clk_i (rise)>
	     bit 304     picorv32_core_cpuregs_reg[1][4]   <wb_clk_i (rise)>
	     bit 305     picorv32_core_cpuregs_reg[1][5]   <wb_clk_i (rise)>
	     bit 306     picorv32_core_cpuregs_reg[1][6]   <wb_clk_i (rise)>
	     bit 307     picorv32_core_cpuregs_reg[1][7]   <wb_clk_i (rise)>
	     bit 308     picorv32_core_cpuregs_reg[1][8]   <wb_clk_i (rise)>
	     bit 309     picorv32_core_cpuregs_reg[1][9]   <wb_clk_i (rise)>
	     bit 310     picorv32_core_cpuregs_reg[1][10]   <wb_clk_i (rise)>
	     bit 311     picorv32_core_cpuregs_reg[1][11]   <wb_clk_i (rise)>
	     bit 312     picorv32_core_cpuregs_reg[1][12]   <wb_clk_i (rise)>
	     bit 313     picorv32_core_cpuregs_reg[1][13]   <wb_clk_i (rise)>
	     bit 314     picorv32_core_cpuregs_reg[1][14]   <wb_clk_i (rise)>
	     bit 315     picorv32_core_cpuregs_reg[1][15]   <wb_clk_i (rise)>
	     bit 316     picorv32_core_cpuregs_reg[1][16]   <wb_clk_i (rise)>
	     bit 317     picorv32_core_cpuregs_reg[1][17]   <wb_clk_i (rise)>
	     bit 318     picorv32_core_cpuregs_reg[1][18]   <wb_clk_i (rise)>
	     bit 319     picorv32_core_cpuregs_reg[1][19]   <wb_clk_i (rise)>
	     bit 320     picorv32_core_cpuregs_reg[1][20]   <wb_clk_i (rise)>
	     bit 321     picorv32_core_cpuregs_reg[1][21]   <wb_clk_i (rise)>
	     bit 322     picorv32_core_cpuregs_reg[1][22]   <wb_clk_i (rise)>
	     bit 323     picorv32_core_cpuregs_reg[1][23]   <wb_clk_i (rise)>
	     bit 324     picorv32_core_cpuregs_reg[1][24]   <wb_clk_i (rise)>
	     bit 325     picorv32_core_cpuregs_reg[1][25]   <wb_clk_i (rise)>
	     bit 326     picorv32_core_cpuregs_reg[1][26]   <wb_clk_i (rise)>
	     bit 327     picorv32_core_cpuregs_reg[1][27]   <wb_clk_i (rise)>
	     bit 328     picorv32_core_cpuregs_reg[1][28]   <wb_clk_i (rise)>
	     bit 329     picorv32_core_cpuregs_reg[1][29]   <wb_clk_i (rise)>
	     bit 330     picorv32_core_cpuregs_reg[1][30]   <wb_clk_i (rise)>
	     bit 331     picorv32_core_cpuregs_reg[1][31]   <wb_clk_i (rise)>
	     bit 332     picorv32_core_cpuregs_reg[2][0]   <wb_clk_i (rise)>
	     bit 333     picorv32_core_cpuregs_reg[2][1]   <wb_clk_i (rise)>
	     bit 334     picorv32_core_cpuregs_reg[2][2]   <wb_clk_i (rise)>
	     bit 335     picorv32_core_cpuregs_reg[2][3]   <wb_clk_i (rise)>
	     bit 336     picorv32_core_cpuregs_reg[2][4]   <wb_clk_i (rise)>
	     bit 337     picorv32_core_cpuregs_reg[2][5]   <wb_clk_i (rise)>
	     bit 338     picorv32_core_cpuregs_reg[2][6]   <wb_clk_i (rise)>
	     bit 339     picorv32_core_cpuregs_reg[2][7]   <wb_clk_i (rise)>
	     bit 340     picorv32_core_cpuregs_reg[2][8]   <wb_clk_i (rise)>
	     bit 341     picorv32_core_cpuregs_reg[2][9]   <wb_clk_i (rise)>
	     bit 342     picorv32_core_cpuregs_reg[2][10]   <wb_clk_i (rise)>
	     bit 343     picorv32_core_cpuregs_reg[2][11]   <wb_clk_i (rise)>
	     bit 344     picorv32_core_cpuregs_reg[2][12]   <wb_clk_i (rise)>
	     bit 345     picorv32_core_cpuregs_reg[2][13]   <wb_clk_i (rise)>
	     bit 346     picorv32_core_cpuregs_reg[2][14]   <wb_clk_i (rise)>
	     bit 347     picorv32_core_cpuregs_reg[2][15]   <wb_clk_i (rise)>
	     bit 348     picorv32_core_cpuregs_reg[2][16]   <wb_clk_i (rise)>
	     bit 349     picorv32_core_cpuregs_reg[2][17]   <wb_clk_i (rise)>
	     bit 350     picorv32_core_cpuregs_reg[2][18]   <wb_clk_i (rise)>
	     bit 351     picorv32_core_cpuregs_reg[2][19]   <wb_clk_i (rise)>
	     bit 352     picorv32_core_cpuregs_reg[2][20]   <wb_clk_i (rise)>
	     bit 353     picorv32_core_cpuregs_reg[2][21]   <wb_clk_i (rise)>
	     bit 354     picorv32_core_cpuregs_reg[2][22]   <wb_clk_i (rise)>
	     bit 355     picorv32_core_cpuregs_reg[2][23]   <wb_clk_i (rise)>
	     bit 356     picorv32_core_cpuregs_reg[2][24]   <wb_clk_i (rise)>
	     bit 357     picorv32_core_cpuregs_reg[2][25]   <wb_clk_i (rise)>
	     bit 358     picorv32_core_cpuregs_reg[2][26]   <wb_clk_i (rise)>
	     bit 359     picorv32_core_cpuregs_reg[2][27]   <wb_clk_i (rise)>
	     bit 360     picorv32_core_cpuregs_reg[2][28]   <wb_clk_i (rise)>
	     bit 361     picorv32_core_cpuregs_reg[2][29]   <wb_clk_i (rise)>
	     bit 362     picorv32_core_cpuregs_reg[2][30]   <wb_clk_i (rise)>
	     bit 363     picorv32_core_cpuregs_reg[2][31]   <wb_clk_i (rise)>
	     bit 364     picorv32_core_cpuregs_reg[3][0]   <wb_clk_i (rise)>
	     bit 365     picorv32_core_cpuregs_reg[3][1]   <wb_clk_i (rise)>
	     bit 366     picorv32_core_cpuregs_reg[3][2]   <wb_clk_i (rise)>
	     bit 367     picorv32_core_cpuregs_reg[3][3]   <wb_clk_i (rise)>
	     bit 368     picorv32_core_cpuregs_reg[3][4]   <wb_clk_i (rise)>
	     bit 369     picorv32_core_cpuregs_reg[3][5]   <wb_clk_i (rise)>
	     bit 370     picorv32_core_cpuregs_reg[3][6]   <wb_clk_i (rise)>
	     bit 371     picorv32_core_cpuregs_reg[3][7]   <wb_clk_i (rise)>
	     bit 372     picorv32_core_cpuregs_reg[3][8]   <wb_clk_i (rise)>
	     bit 373     picorv32_core_cpuregs_reg[3][9]   <wb_clk_i (rise)>
	     bit 374     picorv32_core_cpuregs_reg[3][10]   <wb_clk_i (rise)>
	     bit 375     picorv32_core_cpuregs_reg[3][11]   <wb_clk_i (rise)>
	     bit 376     picorv32_core_cpuregs_reg[3][12]   <wb_clk_i (rise)>
	     bit 377     picorv32_core_cpuregs_reg[3][13]   <wb_clk_i (rise)>
	     bit 378     picorv32_core_cpuregs_reg[3][14]   <wb_clk_i (rise)>
	     bit 379     picorv32_core_cpuregs_reg[3][15]   <wb_clk_i (rise)>
	     bit 380     picorv32_core_cpuregs_reg[3][16]   <wb_clk_i (rise)>
	     bit 381     picorv32_core_cpuregs_reg[3][17]   <wb_clk_i (rise)>
	     bit 382     picorv32_core_cpuregs_reg[3][18]   <wb_clk_i (rise)>
	     bit 383     picorv32_core_cpuregs_reg[3][19]   <wb_clk_i (rise)>
	     bit 384     picorv32_core_cpuregs_reg[3][20]   <wb_clk_i (rise)>
	     bit 385     picorv32_core_cpuregs_reg[3][21]   <wb_clk_i (rise)>
	     bit 386     picorv32_core_cpuregs_reg[3][22]   <wb_clk_i (rise)>
	     bit 387     picorv32_core_cpuregs_reg[3][23]   <wb_clk_i (rise)>
	     bit 388     picorv32_core_cpuregs_reg[3][24]   <wb_clk_i (rise)>
	     bit 389     picorv32_core_cpuregs_reg[3][25]   <wb_clk_i (rise)>
	     bit 390     picorv32_core_cpuregs_reg[3][26]   <wb_clk_i (rise)>
	     bit 391     picorv32_core_cpuregs_reg[3][27]   <wb_clk_i (rise)>
	     bit 392     picorv32_core_cpuregs_reg[3][28]   <wb_clk_i (rise)>
	     bit 393     picorv32_core_cpuregs_reg[3][29]   <wb_clk_i (rise)>
	     bit 394     picorv32_core_cpuregs_reg[3][30]   <wb_clk_i (rise)>
	     bit 395     picorv32_core_cpuregs_reg[3][31]   <wb_clk_i (rise)>
	     bit 396     picorv32_core_cpuregs_reg[4][0]   <wb_clk_i (rise)>
	     bit 397     picorv32_core_cpuregs_reg[4][1]   <wb_clk_i (rise)>
	     bit 398     picorv32_core_cpuregs_reg[4][2]   <wb_clk_i (rise)>
	     bit 399     picorv32_core_cpuregs_reg[4][3]   <wb_clk_i (rise)>
	     bit 400     picorv32_core_cpuregs_reg[4][4]   <wb_clk_i (rise)>
	     bit 401     picorv32_core_cpuregs_reg[4][5]   <wb_clk_i (rise)>
	     bit 402     picorv32_core_cpuregs_reg[4][6]   <wb_clk_i (rise)>
	     bit 403     picorv32_core_cpuregs_reg[4][7]   <wb_clk_i (rise)>
	     bit 404     picorv32_core_cpuregs_reg[4][8]   <wb_clk_i (rise)>
	     bit 405     picorv32_core_cpuregs_reg[4][9]   <wb_clk_i (rise)>
	     bit 406     picorv32_core_cpuregs_reg[4][10]   <wb_clk_i (rise)>
	     bit 407     picorv32_core_cpuregs_reg[4][11]   <wb_clk_i (rise)>
	     bit 408     picorv32_core_cpuregs_reg[4][12]   <wb_clk_i (rise)>
	     bit 409     picorv32_core_cpuregs_reg[4][13]   <wb_clk_i (rise)>
	     bit 410     picorv32_core_cpuregs_reg[4][14]   <wb_clk_i (rise)>
	     bit 411     picorv32_core_cpuregs_reg[4][15]   <wb_clk_i (rise)>
	     bit 412     picorv32_core_cpuregs_reg[4][16]   <wb_clk_i (rise)>
	     bit 413     picorv32_core_cpuregs_reg[4][17]   <wb_clk_i (rise)>
	     bit 414     picorv32_core_cpuregs_reg[4][18]   <wb_clk_i (rise)>
	     bit 415     picorv32_core_cpuregs_reg[4][19]   <wb_clk_i (rise)>
	     bit 416     picorv32_core_cpuregs_reg[4][20]   <wb_clk_i (rise)>
	     bit 417     picorv32_core_cpuregs_reg[4][21]   <wb_clk_i (rise)>
	     bit 418     picorv32_core_cpuregs_reg[4][22]   <wb_clk_i (rise)>
	     bit 419     picorv32_core_cpuregs_reg[4][23]   <wb_clk_i (rise)>
	     bit 420     picorv32_core_cpuregs_reg[4][24]   <wb_clk_i (rise)>
	     bit 421     picorv32_core_cpuregs_reg[4][25]   <wb_clk_i (rise)>
	     bit 422     picorv32_core_cpuregs_reg[4][26]   <wb_clk_i (rise)>
	     bit 423     picorv32_core_cpuregs_reg[4][27]   <wb_clk_i (rise)>
	     bit 424     picorv32_core_cpuregs_reg[4][28]   <wb_clk_i (rise)>
	     bit 425     picorv32_core_cpuregs_reg[4][29]   <wb_clk_i (rise)>
	     bit 426     picorv32_core_cpuregs_reg[4][30]   <wb_clk_i (rise)>
	     bit 427     picorv32_core_cpuregs_reg[4][31]   <wb_clk_i (rise)>
	     bit 428     picorv32_core_cpuregs_reg[5][0]   <wb_clk_i (rise)>
	     bit 429     picorv32_core_cpuregs_reg[5][1]   <wb_clk_i (rise)>
	     bit 430     picorv32_core_cpuregs_reg[5][2]   <wb_clk_i (rise)>
	     bit 431     picorv32_core_cpuregs_reg[5][3]   <wb_clk_i (rise)>
	     bit 432     picorv32_core_cpuregs_reg[5][4]   <wb_clk_i (rise)>
	     bit 433     picorv32_core_cpuregs_reg[5][5]   <wb_clk_i (rise)>
	     bit 434     picorv32_core_cpuregs_reg[5][6]   <wb_clk_i (rise)>
	     bit 435     picorv32_core_cpuregs_reg[5][7]   <wb_clk_i (rise)>
	     bit 436     picorv32_core_cpuregs_reg[5][8]   <wb_clk_i (rise)>
	     bit 437     picorv32_core_cpuregs_reg[5][9]   <wb_clk_i (rise)>
	     bit 438     picorv32_core_cpuregs_reg[5][10]   <wb_clk_i (rise)>
	     bit 439     picorv32_core_cpuregs_reg[5][11]   <wb_clk_i (rise)>
	     bit 440     picorv32_core_cpuregs_reg[5][12]   <wb_clk_i (rise)>
	     bit 441     picorv32_core_cpuregs_reg[5][13]   <wb_clk_i (rise)>
	     bit 442     picorv32_core_cpuregs_reg[5][14]   <wb_clk_i (rise)>
	     bit 443     picorv32_core_cpuregs_reg[5][15]   <wb_clk_i (rise)>
	     bit 444     picorv32_core_cpuregs_reg[5][16]   <wb_clk_i (rise)>
	     bit 445     picorv32_core_cpuregs_reg[5][17]   <wb_clk_i (rise)>
	     bit 446     picorv32_core_cpuregs_reg[5][18]   <wb_clk_i (rise)>
	     bit 447     picorv32_core_cpuregs_reg[5][19]   <wb_clk_i (rise)>
	     bit 448     picorv32_core_cpuregs_reg[5][20]   <wb_clk_i (rise)>
	     bit 449     picorv32_core_cpuregs_reg[5][21]   <wb_clk_i (rise)>
	     bit 450     picorv32_core_cpuregs_reg[5][22]   <wb_clk_i (rise)>
	     bit 451     picorv32_core_cpuregs_reg[5][23]   <wb_clk_i (rise)>
	     bit 452     picorv32_core_cpuregs_reg[5][24]   <wb_clk_i (rise)>
	     bit 453     picorv32_core_cpuregs_reg[5][25]   <wb_clk_i (rise)>
	     bit 454     picorv32_core_cpuregs_reg[5][26]   <wb_clk_i (rise)>
	     bit 455     picorv32_core_cpuregs_reg[5][27]   <wb_clk_i (rise)>
	     bit 456     picorv32_core_cpuregs_reg[5][28]   <wb_clk_i (rise)>
	     bit 457     picorv32_core_cpuregs_reg[5][29]   <wb_clk_i (rise)>
	     bit 458     picorv32_core_cpuregs_reg[5][30]   <wb_clk_i (rise)>
	     bit 459     picorv32_core_cpuregs_reg[5][31]   <wb_clk_i (rise)>
	     bit 460     picorv32_core_cpuregs_reg[6][0]   <wb_clk_i (rise)>
	     bit 461     picorv32_core_cpuregs_reg[6][1]   <wb_clk_i (rise)>
	     bit 462     picorv32_core_cpuregs_reg[6][2]   <wb_clk_i (rise)>
	     bit 463     picorv32_core_cpuregs_reg[6][3]   <wb_clk_i (rise)>
	     bit 464     picorv32_core_cpuregs_reg[6][4]   <wb_clk_i (rise)>
	     bit 465     picorv32_core_cpuregs_reg[6][5]   <wb_clk_i (rise)>
	     bit 466     picorv32_core_cpuregs_reg[6][6]   <wb_clk_i (rise)>
	     bit 467     picorv32_core_cpuregs_reg[6][7]   <wb_clk_i (rise)>
	     bit 468     picorv32_core_cpuregs_reg[6][8]   <wb_clk_i (rise)>
	     bit 469     picorv32_core_cpuregs_reg[6][9]   <wb_clk_i (rise)>
	     bit 470     picorv32_core_cpuregs_reg[6][10]   <wb_clk_i (rise)>
	     bit 471     picorv32_core_cpuregs_reg[6][11]   <wb_clk_i (rise)>
	     bit 472     picorv32_core_cpuregs_reg[6][12]   <wb_clk_i (rise)>
	     bit 473     picorv32_core_cpuregs_reg[6][13]   <wb_clk_i (rise)>
	     bit 474     picorv32_core_cpuregs_reg[6][14]   <wb_clk_i (rise)>
	     bit 475     picorv32_core_cpuregs_reg[6][15]   <wb_clk_i (rise)>
	     bit 476     picorv32_core_cpuregs_reg[6][16]   <wb_clk_i (rise)>
	     bit 477     picorv32_core_cpuregs_reg[6][17]   <wb_clk_i (rise)>
	     bit 478     picorv32_core_cpuregs_reg[6][18]   <wb_clk_i (rise)>
	     bit 479     picorv32_core_cpuregs_reg[6][19]   <wb_clk_i (rise)>
	     bit 480     picorv32_core_cpuregs_reg[6][20]   <wb_clk_i (rise)>
	     bit 481     picorv32_core_cpuregs_reg[6][21]   <wb_clk_i (rise)>
	     bit 482     picorv32_core_cpuregs_reg[6][22]   <wb_clk_i (rise)>
	     bit 483     picorv32_core_cpuregs_reg[6][23]   <wb_clk_i (rise)>
	     bit 484     picorv32_core_cpuregs_reg[6][24]   <wb_clk_i (rise)>
	     bit 485     picorv32_core_cpuregs_reg[6][25]   <wb_clk_i (rise)>
	     bit 486     picorv32_core_cpuregs_reg[6][26]   <wb_clk_i (rise)>
	     bit 487     picorv32_core_cpuregs_reg[6][27]   <wb_clk_i (rise)>
	     bit 488     picorv32_core_cpuregs_reg[6][28]   <wb_clk_i (rise)>
	     bit 489     picorv32_core_cpuregs_reg[6][29]   <wb_clk_i (rise)>
	     bit 490     picorv32_core_cpuregs_reg[6][30]   <wb_clk_i (rise)>
	     bit 491     picorv32_core_cpuregs_reg[6][31]   <wb_clk_i (rise)>
	     bit 492     picorv32_core_cpuregs_reg[7][0]   <wb_clk_i (rise)>
	     bit 493     picorv32_core_cpuregs_reg[7][1]   <wb_clk_i (rise)>
	     bit 494     picorv32_core_cpuregs_reg[7][2]   <wb_clk_i (rise)>
	     bit 495     picorv32_core_cpuregs_reg[7][3]   <wb_clk_i (rise)>
	     bit 496     picorv32_core_cpuregs_reg[7][4]   <wb_clk_i (rise)>
	     bit 497     picorv32_core_cpuregs_reg[7][5]   <wb_clk_i (rise)>
	     bit 498     picorv32_core_cpuregs_reg[7][6]   <wb_clk_i (rise)>
	     bit 499     picorv32_core_cpuregs_reg[7][7]   <wb_clk_i (rise)>
	     bit 500     picorv32_core_cpuregs_reg[7][8]   <wb_clk_i (rise)>
	     bit 501     picorv32_core_cpuregs_reg[7][9]   <wb_clk_i (rise)>
	     bit 502     picorv32_core_cpuregs_reg[7][10]   <wb_clk_i (rise)>
	     bit 503     picorv32_core_cpuregs_reg[7][11]   <wb_clk_i (rise)>
	     bit 504     picorv32_core_cpuregs_reg[7][12]   <wb_clk_i (rise)>
	     bit 505     picorv32_core_cpuregs_reg[7][13]   <wb_clk_i (rise)>
	     bit 506     picorv32_core_cpuregs_reg[7][14]   <wb_clk_i (rise)>
	     bit 507     picorv32_core_cpuregs_reg[7][15]   <wb_clk_i (rise)>
	     bit 508     picorv32_core_cpuregs_reg[7][16]   <wb_clk_i (rise)>
	     bit 509     picorv32_core_cpuregs_reg[7][17]   <wb_clk_i (rise)>
	     bit 510     picorv32_core_cpuregs_reg[7][18]   <wb_clk_i (rise)>
	     bit 511     picorv32_core_cpuregs_reg[7][19]   <wb_clk_i (rise)>
	     bit 512     picorv32_core_cpuregs_reg[7][20]   <wb_clk_i (rise)>
	     bit 513     picorv32_core_cpuregs_reg[7][21]   <wb_clk_i (rise)>
	     bit 514     picorv32_core_cpuregs_reg[7][22]   <wb_clk_i (rise)>
	     bit 515     picorv32_core_cpuregs_reg[7][23]   <wb_clk_i (rise)>
	     bit 516     picorv32_core_cpuregs_reg[7][24]   <wb_clk_i (rise)>
	     bit 517     picorv32_core_cpuregs_reg[7][25]   <wb_clk_i (rise)>
	     bit 518     picorv32_core_cpuregs_reg[7][26]   <wb_clk_i (rise)>
	     bit 519     picorv32_core_cpuregs_reg[7][27]   <wb_clk_i (rise)>
	     bit 520     picorv32_core_cpuregs_reg[7][28]   <wb_clk_i (rise)>
	     bit 521     picorv32_core_cpuregs_reg[7][29]   <wb_clk_i (rise)>
	     bit 522     picorv32_core_cpuregs_reg[7][30]   <wb_clk_i (rise)>
	     bit 523     picorv32_core_cpuregs_reg[7][31]   <wb_clk_i (rise)>
	     bit 524     picorv32_core_cpuregs_reg[8][0]   <wb_clk_i (rise)>
	     bit 525     picorv32_core_cpuregs_reg[8][1]   <wb_clk_i (rise)>
	     bit 526     picorv32_core_cpuregs_reg[8][2]   <wb_clk_i (rise)>
	     bit 527     picorv32_core_cpuregs_reg[8][3]   <wb_clk_i (rise)>
	     bit 528     picorv32_core_cpuregs_reg[8][4]   <wb_clk_i (rise)>
	     bit 529     picorv32_core_cpuregs_reg[8][5]   <wb_clk_i (rise)>
	     bit 530     picorv32_core_cpuregs_reg[8][6]   <wb_clk_i (rise)>
	     bit 531     picorv32_core_cpuregs_reg[8][7]   <wb_clk_i (rise)>
	     bit 532     picorv32_core_cpuregs_reg[8][8]   <wb_clk_i (rise)>
	     bit 533     picorv32_core_cpuregs_reg[8][9]   <wb_clk_i (rise)>
	     bit 534     picorv32_core_cpuregs_reg[8][10]   <wb_clk_i (rise)>
	     bit 535     picorv32_core_cpuregs_reg[8][11]   <wb_clk_i (rise)>
	     bit 536     picorv32_core_cpuregs_reg[8][12]   <wb_clk_i (rise)>
	     bit 537     picorv32_core_cpuregs_reg[8][13]   <wb_clk_i (rise)>
	     bit 538     picorv32_core_cpuregs_reg[8][14]   <wb_clk_i (rise)>
	     bit 539     picorv32_core_cpuregs_reg[8][15]   <wb_clk_i (rise)>
	     bit 540     picorv32_core_cpuregs_reg[8][16]   <wb_clk_i (rise)>
	     bit 541     picorv32_core_cpuregs_reg[8][17]   <wb_clk_i (rise)>
	     bit 542     picorv32_core_cpuregs_reg[8][18]   <wb_clk_i (rise)>
	     bit 543     picorv32_core_cpuregs_reg[8][19]   <wb_clk_i (rise)>
	     bit 544     picorv32_core_cpuregs_reg[8][20]   <wb_clk_i (rise)>
	     bit 545     picorv32_core_cpuregs_reg[8][21]   <wb_clk_i (rise)>
	     bit 546     picorv32_core_cpuregs_reg[8][22]   <wb_clk_i (rise)>
	     bit 547     picorv32_core_cpuregs_reg[8][23]   <wb_clk_i (rise)>
	     bit 548     picorv32_core_cpuregs_reg[8][24]   <wb_clk_i (rise)>
	     bit 549     picorv32_core_cpuregs_reg[8][25]   <wb_clk_i (rise)>
	     bit 550     picorv32_core_cpuregs_reg[8][26]   <wb_clk_i (rise)>
	     bit 551     picorv32_core_cpuregs_reg[8][27]   <wb_clk_i (rise)>
	     bit 552     picorv32_core_cpuregs_reg[8][28]   <wb_clk_i (rise)>
	     bit 553     picorv32_core_cpuregs_reg[8][29]   <wb_clk_i (rise)>
	     bit 554     picorv32_core_cpuregs_reg[8][30]   <wb_clk_i (rise)>
	     bit 555     picorv32_core_cpuregs_reg[8][31]   <wb_clk_i (rise)>
	     bit 556     picorv32_core_cpuregs_reg[9][0]   <wb_clk_i (rise)>
	     bit 557     picorv32_core_cpuregs_reg[9][1]   <wb_clk_i (rise)>
	     bit 558     picorv32_core_cpuregs_reg[9][2]   <wb_clk_i (rise)>
	     bit 559     picorv32_core_cpuregs_reg[9][3]   <wb_clk_i (rise)>
	     bit 560     picorv32_core_cpuregs_reg[9][4]   <wb_clk_i (rise)>
	     bit 561     picorv32_core_cpuregs_reg[9][5]   <wb_clk_i (rise)>
	     bit 562     picorv32_core_cpuregs_reg[9][6]   <wb_clk_i (rise)>
	     bit 563     picorv32_core_cpuregs_reg[9][7]   <wb_clk_i (rise)>
	     bit 564     picorv32_core_cpuregs_reg[9][8]   <wb_clk_i (rise)>
	     bit 565     picorv32_core_cpuregs_reg[9][9]   <wb_clk_i (rise)>
	     bit 566     picorv32_core_cpuregs_reg[9][10]   <wb_clk_i (rise)>
	     bit 567     picorv32_core_cpuregs_reg[9][11]   <wb_clk_i (rise)>
	     bit 568     picorv32_core_cpuregs_reg[9][12]   <wb_clk_i (rise)>
	     bit 569     picorv32_core_cpuregs_reg[9][13]   <wb_clk_i (rise)>
	     bit 570     picorv32_core_cpuregs_reg[9][14]   <wb_clk_i (rise)>
	     bit 571     picorv32_core_cpuregs_reg[9][15]   <wb_clk_i (rise)>
	     bit 572     picorv32_core_cpuregs_reg[9][16]   <wb_clk_i (rise)>
	     bit 573     picorv32_core_cpuregs_reg[9][17]   <wb_clk_i (rise)>
	     bit 574     picorv32_core_cpuregs_reg[9][18]   <wb_clk_i (rise)>
	     bit 575     picorv32_core_cpuregs_reg[9][19]   <wb_clk_i (rise)>
	     bit 576     picorv32_core_cpuregs_reg[9][20]   <wb_clk_i (rise)>
	     bit 577     picorv32_core_cpuregs_reg[9][21]   <wb_clk_i (rise)>
	     bit 578     picorv32_core_cpuregs_reg[9][22]   <wb_clk_i (rise)>
	     bit 579     picorv32_core_cpuregs_reg[9][23]   <wb_clk_i (rise)>
	     bit 580     picorv32_core_cpuregs_reg[9][24]   <wb_clk_i (rise)>
	     bit 581     picorv32_core_cpuregs_reg[9][25]   <wb_clk_i (rise)>
	     bit 582     picorv32_core_cpuregs_reg[9][26]   <wb_clk_i (rise)>
	     bit 583     picorv32_core_cpuregs_reg[9][27]   <wb_clk_i (rise)>
	     bit 584     picorv32_core_cpuregs_reg[9][28]   <wb_clk_i (rise)>
	     bit 585     picorv32_core_cpuregs_reg[9][29]   <wb_clk_i (rise)>
	     bit 586     picorv32_core_cpuregs_reg[9][30]   <wb_clk_i (rise)>
	     bit 587     picorv32_core_cpuregs_reg[9][31]   <wb_clk_i (rise)>
	     bit 588     picorv32_core_cpuregs_reg[10][0]   <wb_clk_i (rise)>
	     bit 589     picorv32_core_cpuregs_reg[10][1]   <wb_clk_i (rise)>
	     bit 590     picorv32_core_cpuregs_reg[10][2]   <wb_clk_i (rise)>
	     bit 591     picorv32_core_cpuregs_reg[10][3]   <wb_clk_i (rise)>
	     bit 592     picorv32_core_cpuregs_reg[10][4]   <wb_clk_i (rise)>
	     bit 593     picorv32_core_cpuregs_reg[10][5]   <wb_clk_i (rise)>
	     bit 594     picorv32_core_cpuregs_reg[10][6]   <wb_clk_i (rise)>
	     bit 595     picorv32_core_cpuregs_reg[10][7]   <wb_clk_i (rise)>
	     bit 596     picorv32_core_cpuregs_reg[10][8]   <wb_clk_i (rise)>
	     bit 597     picorv32_core_cpuregs_reg[10][9]   <wb_clk_i (rise)>
	     bit 598     picorv32_core_cpuregs_reg[10][10]   <wb_clk_i (rise)>
	     bit 599     picorv32_core_cpuregs_reg[10][11]   <wb_clk_i (rise)>
	     bit 600     picorv32_core_cpuregs_reg[10][12]   <wb_clk_i (rise)>
	     bit 601     picorv32_core_cpuregs_reg[10][13]   <wb_clk_i (rise)>
	     bit 602     picorv32_core_cpuregs_reg[10][14]   <wb_clk_i (rise)>
	     bit 603     picorv32_core_cpuregs_reg[10][15]   <wb_clk_i (rise)>
	     bit 604     picorv32_core_cpuregs_reg[10][16]   <wb_clk_i (rise)>
	     bit 605     picorv32_core_cpuregs_reg[10][17]   <wb_clk_i (rise)>
	     bit 606     picorv32_core_cpuregs_reg[10][18]   <wb_clk_i (rise)>
	     bit 607     picorv32_core_cpuregs_reg[10][19]   <wb_clk_i (rise)>
	     bit 608     picorv32_core_cpuregs_reg[10][20]   <wb_clk_i (rise)>
	     bit 609     picorv32_core_cpuregs_reg[10][21]   <wb_clk_i (rise)>
	     bit 610     picorv32_core_cpuregs_reg[10][22]   <wb_clk_i (rise)>
	     bit 611     picorv32_core_cpuregs_reg[10][23]   <wb_clk_i (rise)>
	     bit 612     picorv32_core_cpuregs_reg[10][24]   <wb_clk_i (rise)>
	     bit 613     picorv32_core_cpuregs_reg[10][25]   <wb_clk_i (rise)>
	     bit 614     picorv32_core_cpuregs_reg[10][26]   <wb_clk_i (rise)>
	     bit 615     picorv32_core_cpuregs_reg[10][27]   <wb_clk_i (rise)>
	     bit 616     picorv32_core_cpuregs_reg[10][28]   <wb_clk_i (rise)>
	     bit 617     picorv32_core_cpuregs_reg[10][29]   <wb_clk_i (rise)>
	     bit 618     picorv32_core_cpuregs_reg[10][30]   <wb_clk_i (rise)>
	     bit 619     picorv32_core_cpuregs_reg[10][31]   <wb_clk_i (rise)>
	     bit 620     picorv32_core_cpuregs_reg[11][0]   <wb_clk_i (rise)>
	     bit 621     picorv32_core_cpuregs_reg[11][1]   <wb_clk_i (rise)>
	     bit 622     picorv32_core_cpuregs_reg[11][2]   <wb_clk_i (rise)>
	     bit 623     picorv32_core_cpuregs_reg[11][3]   <wb_clk_i (rise)>
	     bit 624     picorv32_core_cpuregs_reg[11][4]   <wb_clk_i (rise)>
	     bit 625     picorv32_core_cpuregs_reg[11][5]   <wb_clk_i (rise)>
	     bit 626     picorv32_core_cpuregs_reg[11][6]   <wb_clk_i (rise)>
	     bit 627     picorv32_core_cpuregs_reg[11][7]   <wb_clk_i (rise)>
	     bit 628     picorv32_core_cpuregs_reg[11][8]   <wb_clk_i (rise)>
	     bit 629     picorv32_core_cpuregs_reg[11][9]   <wb_clk_i (rise)>
	     bit 630     picorv32_core_cpuregs_reg[11][10]   <wb_clk_i (rise)>
	     bit 631     picorv32_core_cpuregs_reg[11][11]   <wb_clk_i (rise)>
	     bit 632     picorv32_core_cpuregs_reg[11][12]   <wb_clk_i (rise)>
	     bit 633     picorv32_core_cpuregs_reg[11][13]   <wb_clk_i (rise)>
	     bit 634     picorv32_core_cpuregs_reg[11][14]   <wb_clk_i (rise)>
	     bit 635     picorv32_core_cpuregs_reg[11][15]   <wb_clk_i (rise)>
	     bit 636     picorv32_core_cpuregs_reg[11][16]   <wb_clk_i (rise)>
	     bit 637     picorv32_core_cpuregs_reg[11][17]   <wb_clk_i (rise)>
	     bit 638     picorv32_core_cpuregs_reg[11][18]   <wb_clk_i (rise)>
	     bit 639     picorv32_core_cpuregs_reg[11][19]   <wb_clk_i (rise)>
	     bit 640     picorv32_core_cpuregs_reg[11][20]   <wb_clk_i (rise)>
	     bit 641     picorv32_core_cpuregs_reg[11][21]   <wb_clk_i (rise)>
	     bit 642     picorv32_core_cpuregs_reg[11][22]   <wb_clk_i (rise)>
	     bit 643     picorv32_core_cpuregs_reg[11][23]   <wb_clk_i (rise)>
	     bit 644     picorv32_core_cpuregs_reg[11][24]   <wb_clk_i (rise)>
	     bit 645     picorv32_core_cpuregs_reg[11][25]   <wb_clk_i (rise)>
	     bit 646     picorv32_core_cpuregs_reg[11][26]   <wb_clk_i (rise)>
	     bit 647     picorv32_core_cpuregs_reg[11][27]   <wb_clk_i (rise)>
	     bit 648     picorv32_core_cpuregs_reg[11][28]   <wb_clk_i (rise)>
	     bit 649     picorv32_core_cpuregs_reg[11][29]   <wb_clk_i (rise)>
	     bit 650     picorv32_core_cpuregs_reg[11][30]   <wb_clk_i (rise)>
	     bit 651     picorv32_core_cpuregs_reg[11][31]   <wb_clk_i (rise)>
	     bit 652     picorv32_core_cpuregs_reg[12][0]   <wb_clk_i (rise)>
	     bit 653     picorv32_core_cpuregs_reg[12][1]   <wb_clk_i (rise)>
	     bit 654     picorv32_core_cpuregs_reg[12][2]   <wb_clk_i (rise)>
	     bit 655     picorv32_core_cpuregs_reg[12][3]   <wb_clk_i (rise)>
	     bit 656     picorv32_core_cpuregs_reg[12][4]   <wb_clk_i (rise)>
	     bit 657     picorv32_core_cpuregs_reg[12][5]   <wb_clk_i (rise)>
	     bit 658     picorv32_core_cpuregs_reg[12][6]   <wb_clk_i (rise)>
	     bit 659     picorv32_core_cpuregs_reg[12][7]   <wb_clk_i (rise)>
	     bit 660     picorv32_core_cpuregs_reg[12][8]   <wb_clk_i (rise)>
	     bit 661     picorv32_core_cpuregs_reg[12][9]   <wb_clk_i (rise)>
	     bit 662     picorv32_core_cpuregs_reg[12][10]   <wb_clk_i (rise)>
	     bit 663     picorv32_core_cpuregs_reg[12][11]   <wb_clk_i (rise)>
	     bit 664     picorv32_core_cpuregs_reg[12][12]   <wb_clk_i (rise)>
	     bit 665     picorv32_core_cpuregs_reg[12][13]   <wb_clk_i (rise)>
	     bit 666     picorv32_core_cpuregs_reg[12][14]   <wb_clk_i (rise)>
	     bit 667     picorv32_core_cpuregs_reg[12][15]   <wb_clk_i (rise)>
	     bit 668     picorv32_core_cpuregs_reg[12][16]   <wb_clk_i (rise)>
	     bit 669     picorv32_core_cpuregs_reg[12][17]   <wb_clk_i (rise)>
	     bit 670     picorv32_core_cpuregs_reg[12][18]   <wb_clk_i (rise)>
	     bit 671     picorv32_core_cpuregs_reg[12][19]   <wb_clk_i (rise)>
	     bit 672     picorv32_core_cpuregs_reg[12][20]   <wb_clk_i (rise)>
	     bit 673     picorv32_core_cpuregs_reg[12][21]   <wb_clk_i (rise)>
	     bit 674     picorv32_core_cpuregs_reg[12][22]   <wb_clk_i (rise)>
	     bit 675     picorv32_core_cpuregs_reg[12][23]   <wb_clk_i (rise)>
	     bit 676     picorv32_core_cpuregs_reg[12][24]   <wb_clk_i (rise)>
	     bit 677     picorv32_core_cpuregs_reg[12][25]   <wb_clk_i (rise)>
	     bit 678     picorv32_core_cpuregs_reg[12][26]   <wb_clk_i (rise)>
	     bit 679     picorv32_core_cpuregs_reg[12][27]   <wb_clk_i (rise)>
	     bit 680     picorv32_core_cpuregs_reg[12][28]   <wb_clk_i (rise)>
	     bit 681     picorv32_core_cpuregs_reg[12][29]   <wb_clk_i (rise)>
	     bit 682     picorv32_core_cpuregs_reg[12][30]   <wb_clk_i (rise)>
	     bit 683     picorv32_core_cpuregs_reg[12][31]   <wb_clk_i (rise)>
	     bit 684     picorv32_core_cpuregs_reg[13][0]   <wb_clk_i (rise)>
	     bit 685     picorv32_core_cpuregs_reg[13][1]   <wb_clk_i (rise)>
	     bit 686     picorv32_core_cpuregs_reg[13][2]   <wb_clk_i (rise)>
	     bit 687     picorv32_core_cpuregs_reg[13][3]   <wb_clk_i (rise)>
	     bit 688     picorv32_core_cpuregs_reg[13][4]   <wb_clk_i (rise)>
	     bit 689     picorv32_core_cpuregs_reg[13][5]   <wb_clk_i (rise)>
	     bit 690     picorv32_core_cpuregs_reg[13][6]   <wb_clk_i (rise)>
	     bit 691     picorv32_core_cpuregs_reg[13][7]   <wb_clk_i (rise)>
	     bit 692     picorv32_core_cpuregs_reg[13][8]   <wb_clk_i (rise)>
	     bit 693     picorv32_core_cpuregs_reg[13][9]   <wb_clk_i (rise)>
	     bit 694     picorv32_core_cpuregs_reg[13][10]   <wb_clk_i (rise)>
	     bit 695     picorv32_core_cpuregs_reg[13][11]   <wb_clk_i (rise)>
	     bit 696     picorv32_core_cpuregs_reg[13][12]   <wb_clk_i (rise)>
	     bit 697     picorv32_core_cpuregs_reg[13][13]   <wb_clk_i (rise)>
	     bit 698     picorv32_core_cpuregs_reg[13][14]   <wb_clk_i (rise)>
	     bit 699     picorv32_core_cpuregs_reg[13][15]   <wb_clk_i (rise)>
	     bit 700     picorv32_core_cpuregs_reg[13][16]   <wb_clk_i (rise)>
	     bit 701     picorv32_core_cpuregs_reg[13][17]   <wb_clk_i (rise)>
	     bit 702     picorv32_core_cpuregs_reg[13][18]   <wb_clk_i (rise)>
	     bit 703     picorv32_core_cpuregs_reg[13][19]   <wb_clk_i (rise)>
	     bit 704     picorv32_core_cpuregs_reg[13][20]   <wb_clk_i (rise)>
	     bit 705     picorv32_core_cpuregs_reg[13][21]   <wb_clk_i (rise)>
	     bit 706     picorv32_core_cpuregs_reg[13][22]   <wb_clk_i (rise)>
	     bit 707     picorv32_core_cpuregs_reg[13][23]   <wb_clk_i (rise)>
	     bit 708     picorv32_core_cpuregs_reg[13][24]   <wb_clk_i (rise)>
	     bit 709     picorv32_core_cpuregs_reg[13][25]   <wb_clk_i (rise)>
	     bit 710     picorv32_core_cpuregs_reg[13][26]   <wb_clk_i (rise)>
	     bit 711     picorv32_core_cpuregs_reg[13][27]   <wb_clk_i (rise)>
	     bit 712     picorv32_core_cpuregs_reg[13][28]   <wb_clk_i (rise)>
	     bit 713     picorv32_core_cpuregs_reg[13][29]   <wb_clk_i (rise)>
	     bit 714     picorv32_core_cpuregs_reg[13][30]   <wb_clk_i (rise)>
	     bit 715     picorv32_core_cpuregs_reg[13][31]   <wb_clk_i (rise)>
	     bit 716     picorv32_core_cpuregs_reg[14][0]   <wb_clk_i (rise)>
	     bit 717     picorv32_core_cpuregs_reg[14][1]   <wb_clk_i (rise)>
	     bit 718     picorv32_core_cpuregs_reg[14][2]   <wb_clk_i (rise)>
	     bit 719     picorv32_core_cpuregs_reg[14][3]   <wb_clk_i (rise)>
	     bit 720     picorv32_core_cpuregs_reg[14][4]   <wb_clk_i (rise)>
	     bit 721     picorv32_core_cpuregs_reg[14][5]   <wb_clk_i (rise)>
	     bit 722     picorv32_core_cpuregs_reg[14][6]   <wb_clk_i (rise)>
	     bit 723     picorv32_core_cpuregs_reg[14][7]   <wb_clk_i (rise)>
	     bit 724     picorv32_core_cpuregs_reg[14][8]   <wb_clk_i (rise)>
	     bit 725     picorv32_core_cpuregs_reg[14][9]   <wb_clk_i (rise)>
	     bit 726     picorv32_core_cpuregs_reg[14][10]   <wb_clk_i (rise)>
	     bit 727     picorv32_core_cpuregs_reg[14][11]   <wb_clk_i (rise)>
	     bit 728     picorv32_core_cpuregs_reg[14][12]   <wb_clk_i (rise)>
	     bit 729     picorv32_core_cpuregs_reg[14][13]   <wb_clk_i (rise)>
	     bit 730     picorv32_core_cpuregs_reg[14][14]   <wb_clk_i (rise)>
	     bit 731     picorv32_core_cpuregs_reg[14][15]   <wb_clk_i (rise)>
	     bit 732     picorv32_core_cpuregs_reg[14][16]   <wb_clk_i (rise)>
	     bit 733     picorv32_core_cpuregs_reg[14][17]   <wb_clk_i (rise)>
	     bit 734     picorv32_core_cpuregs_reg[14][18]   <wb_clk_i (rise)>
	     bit 735     picorv32_core_cpuregs_reg[14][19]   <wb_clk_i (rise)>
	     bit 736     picorv32_core_cpuregs_reg[14][20]   <wb_clk_i (rise)>
	     bit 737     picorv32_core_cpuregs_reg[14][21]   <wb_clk_i (rise)>
	     bit 738     picorv32_core_cpuregs_reg[14][22]   <wb_clk_i (rise)>
	     bit 739     picorv32_core_cpuregs_reg[14][23]   <wb_clk_i (rise)>
	     bit 740     picorv32_core_cpuregs_reg[14][24]   <wb_clk_i (rise)>
	     bit 741     picorv32_core_cpuregs_reg[14][25]   <wb_clk_i (rise)>
	     bit 742     picorv32_core_cpuregs_reg[14][26]   <wb_clk_i (rise)>
	     bit 743     picorv32_core_cpuregs_reg[14][27]   <wb_clk_i (rise)>
	     bit 744     picorv32_core_cpuregs_reg[14][28]   <wb_clk_i (rise)>
	     bit 745     picorv32_core_cpuregs_reg[14][29]   <wb_clk_i (rise)>
	     bit 746     picorv32_core_cpuregs_reg[14][30]   <wb_clk_i (rise)>
	     bit 747     picorv32_core_cpuregs_reg[14][31]   <wb_clk_i (rise)>
	     bit 748     picorv32_core_cpuregs_reg[15][0]   <wb_clk_i (rise)>
	     bit 749     picorv32_core_cpuregs_reg[15][1]   <wb_clk_i (rise)>
	     bit 750     picorv32_core_cpuregs_reg[15][2]   <wb_clk_i (rise)>
	     bit 751     picorv32_core_cpuregs_reg[15][3]   <wb_clk_i (rise)>
	     bit 752     picorv32_core_cpuregs_reg[15][4]   <wb_clk_i (rise)>
	     bit 753     picorv32_core_cpuregs_reg[15][5]   <wb_clk_i (rise)>
	     bit 754     picorv32_core_cpuregs_reg[15][6]   <wb_clk_i (rise)>
	     bit 755     picorv32_core_cpuregs_reg[15][7]   <wb_clk_i (rise)>
	     bit 756     picorv32_core_cpuregs_reg[15][8]   <wb_clk_i (rise)>
	     bit 757     picorv32_core_cpuregs_reg[15][9]   <wb_clk_i (rise)>
	     bit 758     picorv32_core_cpuregs_reg[15][10]   <wb_clk_i (rise)>
	     bit 759     picorv32_core_cpuregs_reg[15][11]   <wb_clk_i (rise)>
	     bit 760     picorv32_core_cpuregs_reg[15][12]   <wb_clk_i (rise)>
	     bit 761     picorv32_core_cpuregs_reg[15][13]   <wb_clk_i (rise)>
	     bit 762     picorv32_core_cpuregs_reg[15][14]   <wb_clk_i (rise)>
	     bit 763     picorv32_core_cpuregs_reg[15][15]   <wb_clk_i (rise)>
	     bit 764     picorv32_core_cpuregs_reg[15][16]   <wb_clk_i (rise)>
	     bit 765     picorv32_core_cpuregs_reg[15][17]   <wb_clk_i (rise)>
	     bit 766     picorv32_core_cpuregs_reg[15][18]   <wb_clk_i (rise)>
	     bit 767     picorv32_core_cpuregs_reg[15][19]   <wb_clk_i (rise)>
	     bit 768     picorv32_core_cpuregs_reg[15][20]   <wb_clk_i (rise)>
	     bit 769     picorv32_core_cpuregs_reg[15][21]   <wb_clk_i (rise)>
	     bit 770     picorv32_core_cpuregs_reg[15][22]   <wb_clk_i (rise)>
	     bit 771     picorv32_core_cpuregs_reg[15][23]   <wb_clk_i (rise)>
	     bit 772     picorv32_core_cpuregs_reg[15][24]   <wb_clk_i (rise)>
	     bit 773     picorv32_core_cpuregs_reg[15][25]   <wb_clk_i (rise)>
	     bit 774     picorv32_core_cpuregs_reg[15][26]   <wb_clk_i (rise)>
	     bit 775     picorv32_core_cpuregs_reg[15][27]   <wb_clk_i (rise)>
	     bit 776     picorv32_core_cpuregs_reg[15][28]   <wb_clk_i (rise)>
	     bit 777     picorv32_core_cpuregs_reg[15][29]   <wb_clk_i (rise)>
	     bit 778     picorv32_core_cpuregs_reg[15][30]   <wb_clk_i (rise)>
	     bit 779     picorv32_core_cpuregs_reg[15][31]   <wb_clk_i (rise)>
	     bit 780     picorv32_core_cpuregs_reg[16][0]   <wb_clk_i (rise)>
	     bit 781     picorv32_core_cpuregs_reg[16][1]   <wb_clk_i (rise)>
	     bit 782     picorv32_core_cpuregs_reg[16][2]   <wb_clk_i (rise)>
	     bit 783     picorv32_core_cpuregs_reg[16][3]   <wb_clk_i (rise)>
	     bit 784     picorv32_core_cpuregs_reg[16][4]   <wb_clk_i (rise)>
	     bit 785     picorv32_core_cpuregs_reg[16][5]   <wb_clk_i (rise)>
	     bit 786     picorv32_core_cpuregs_reg[16][6]   <wb_clk_i (rise)>
	     bit 787     picorv32_core_cpuregs_reg[16][7]   <wb_clk_i (rise)>
	     bit 788     picorv32_core_cpuregs_reg[16][8]   <wb_clk_i (rise)>
	     bit 789     picorv32_core_cpuregs_reg[16][9]   <wb_clk_i (rise)>
	     bit 790     picorv32_core_cpuregs_reg[16][10]   <wb_clk_i (rise)>
	     bit 791     picorv32_core_cpuregs_reg[16][11]   <wb_clk_i (rise)>
	     bit 792     picorv32_core_cpuregs_reg[16][12]   <wb_clk_i (rise)>
	     bit 793     picorv32_core_cpuregs_reg[16][13]   <wb_clk_i (rise)>
	     bit 794     picorv32_core_cpuregs_reg[16][14]   <wb_clk_i (rise)>
	     bit 795     picorv32_core_cpuregs_reg[16][15]   <wb_clk_i (rise)>
	     bit 796     picorv32_core_cpuregs_reg[16][16]   <wb_clk_i (rise)>
	     bit 797     picorv32_core_cpuregs_reg[16][17]   <wb_clk_i (rise)>
	     bit 798     picorv32_core_cpuregs_reg[16][18]   <wb_clk_i (rise)>
	     bit 799     picorv32_core_cpuregs_reg[16][19]   <wb_clk_i (rise)>
	     bit 800     picorv32_core_cpuregs_reg[16][20]   <wb_clk_i (rise)>
	     bit 801     picorv32_core_cpuregs_reg[16][21]   <wb_clk_i (rise)>
	     bit 802     picorv32_core_cpuregs_reg[16][22]   <wb_clk_i (rise)>
	     bit 803     picorv32_core_cpuregs_reg[16][23]   <wb_clk_i (rise)>
	     bit 804     picorv32_core_cpuregs_reg[16][24]   <wb_clk_i (rise)>
	     bit 805     picorv32_core_cpuregs_reg[16][25]   <wb_clk_i (rise)>
	     bit 806     picorv32_core_cpuregs_reg[16][26]   <wb_clk_i (rise)>
	     bit 807     picorv32_core_cpuregs_reg[16][27]   <wb_clk_i (rise)>
	     bit 808     picorv32_core_cpuregs_reg[16][28]   <wb_clk_i (rise)>
	     bit 809     picorv32_core_cpuregs_reg[16][29]   <wb_clk_i (rise)>
	     bit 810     picorv32_core_cpuregs_reg[16][30]   <wb_clk_i (rise)>
	     bit 811     picorv32_core_cpuregs_reg[16][31]   <wb_clk_i (rise)>
	     bit 812     picorv32_core_cpuregs_reg[17][0]   <wb_clk_i (rise)>
	     bit 813     picorv32_core_cpuregs_reg[17][1]   <wb_clk_i (rise)>
	     bit 814     picorv32_core_cpuregs_reg[17][2]   <wb_clk_i (rise)>
	     bit 815     picorv32_core_cpuregs_reg[17][3]   <wb_clk_i (rise)>
	     bit 816     picorv32_core_cpuregs_reg[17][4]   <wb_clk_i (rise)>
	     bit 817     picorv32_core_cpuregs_reg[17][5]   <wb_clk_i (rise)>
	     bit 818     picorv32_core_cpuregs_reg[17][6]   <wb_clk_i (rise)>
	     bit 819     picorv32_core_cpuregs_reg[17][7]   <wb_clk_i (rise)>
	     bit 820     picorv32_core_cpuregs_reg[17][8]   <wb_clk_i (rise)>
	     bit 821     picorv32_core_cpuregs_reg[17][9]   <wb_clk_i (rise)>
	     bit 822     picorv32_core_cpuregs_reg[17][10]   <wb_clk_i (rise)>
	     bit 823     picorv32_core_cpuregs_reg[17][11]   <wb_clk_i (rise)>
	     bit 824     picorv32_core_cpuregs_reg[17][12]   <wb_clk_i (rise)>
	     bit 825     picorv32_core_cpuregs_reg[17][13]   <wb_clk_i (rise)>
	     bit 826     picorv32_core_cpuregs_reg[17][14]   <wb_clk_i (rise)>
	     bit 827     picorv32_core_cpuregs_reg[17][15]   <wb_clk_i (rise)>
	     bit 828     picorv32_core_cpuregs_reg[17][16]   <wb_clk_i (rise)>
	     bit 829     picorv32_core_cpuregs_reg[17][17]   <wb_clk_i (rise)>
	     bit 830     picorv32_core_cpuregs_reg[17][18]   <wb_clk_i (rise)>
	     bit 831     picorv32_core_cpuregs_reg[17][19]   <wb_clk_i (rise)>
	     bit 832     picorv32_core_cpuregs_reg[17][20]   <wb_clk_i (rise)>
	     bit 833     picorv32_core_cpuregs_reg[17][21]   <wb_clk_i (rise)>
	     bit 834     picorv32_core_cpuregs_reg[17][22]   <wb_clk_i (rise)>
	     bit 835     picorv32_core_cpuregs_reg[17][23]   <wb_clk_i (rise)>
	     bit 836     picorv32_core_cpuregs_reg[17][24]   <wb_clk_i (rise)>
	     bit 837     picorv32_core_cpuregs_reg[17][25]   <wb_clk_i (rise)>
	     bit 838     picorv32_core_cpuregs_reg[17][26]   <wb_clk_i (rise)>
	     bit 839     picorv32_core_cpuregs_reg[17][27]   <wb_clk_i (rise)>
	     bit 840     picorv32_core_cpuregs_reg[17][28]   <wb_clk_i (rise)>
	     bit 841     picorv32_core_cpuregs_reg[17][29]   <wb_clk_i (rise)>
	     bit 842     picorv32_core_cpuregs_reg[17][30]   <wb_clk_i (rise)>
	     bit 843     picorv32_core_cpuregs_reg[17][31]   <wb_clk_i (rise)>
	     bit 844     picorv32_core_cpuregs_reg[18][0]   <wb_clk_i (rise)>
	     bit 845     picorv32_core_cpuregs_reg[18][1]   <wb_clk_i (rise)>
	     bit 846     picorv32_core_cpuregs_reg[18][2]   <wb_clk_i (rise)>
	     bit 847     picorv32_core_cpuregs_reg[18][3]   <wb_clk_i (rise)>
	     bit 848     picorv32_core_cpuregs_reg[18][4]   <wb_clk_i (rise)>
	     bit 849     picorv32_core_cpuregs_reg[18][5]   <wb_clk_i (rise)>
	     bit 850     picorv32_core_cpuregs_reg[18][6]   <wb_clk_i (rise)>
	     bit 851     picorv32_core_cpuregs_reg[18][7]   <wb_clk_i (rise)>
	     bit 852     picorv32_core_cpuregs_reg[18][8]   <wb_clk_i (rise)>
	     bit 853     picorv32_core_cpuregs_reg[18][9]   <wb_clk_i (rise)>
	     bit 854     picorv32_core_cpuregs_reg[18][10]   <wb_clk_i (rise)>
	     bit 855     picorv32_core_cpuregs_reg[18][11]   <wb_clk_i (rise)>
	     bit 856     picorv32_core_cpuregs_reg[18][12]   <wb_clk_i (rise)>
	     bit 857     picorv32_core_cpuregs_reg[18][13]   <wb_clk_i (rise)>
	     bit 858     picorv32_core_cpuregs_reg[18][14]   <wb_clk_i (rise)>
	     bit 859     picorv32_core_cpuregs_reg[18][15]   <wb_clk_i (rise)>
	     bit 860     picorv32_core_cpuregs_reg[18][16]   <wb_clk_i (rise)>
	     bit 861     picorv32_core_cpuregs_reg[18][17]   <wb_clk_i (rise)>
	     bit 862     picorv32_core_cpuregs_reg[18][18]   <wb_clk_i (rise)>
	     bit 863     picorv32_core_cpuregs_reg[18][19]   <wb_clk_i (rise)>
	     bit 864     picorv32_core_cpuregs_reg[18][20]   <wb_clk_i (rise)>
	     bit 865     picorv32_core_cpuregs_reg[18][21]   <wb_clk_i (rise)>
	     bit 866     picorv32_core_cpuregs_reg[18][22]   <wb_clk_i (rise)>
	     bit 867     picorv32_core_cpuregs_reg[18][23]   <wb_clk_i (rise)>
	     bit 868     picorv32_core_cpuregs_reg[18][24]   <wb_clk_i (rise)>
	     bit 869     picorv32_core_cpuregs_reg[18][25]   <wb_clk_i (rise)>
	     bit 870     picorv32_core_cpuregs_reg[18][26]   <wb_clk_i (rise)>
	     bit 871     picorv32_core_cpuregs_reg[18][27]   <wb_clk_i (rise)>
	     bit 872     picorv32_core_cpuregs_reg[18][28]   <wb_clk_i (rise)>
	     bit 873     picorv32_core_cpuregs_reg[18][29]   <wb_clk_i (rise)>
	     bit 874     picorv32_core_cpuregs_reg[18][30]   <wb_clk_i (rise)>
	     bit 875     picorv32_core_cpuregs_reg[18][31]   <wb_clk_i (rise)>
	     bit 876     picorv32_core_cpuregs_reg[19][0]   <wb_clk_i (rise)>
	     bit 877     picorv32_core_cpuregs_reg[19][1]   <wb_clk_i (rise)>
	     bit 878     picorv32_core_cpuregs_reg[19][2]   <wb_clk_i (rise)>
	     bit 879     picorv32_core_cpuregs_reg[19][3]   <wb_clk_i (rise)>
	     bit 880     picorv32_core_cpuregs_reg[19][4]   <wb_clk_i (rise)>
	     bit 881     picorv32_core_cpuregs_reg[19][5]   <wb_clk_i (rise)>
	     bit 882     picorv32_core_cpuregs_reg[19][6]   <wb_clk_i (rise)>
	     bit 883     picorv32_core_cpuregs_reg[19][7]   <wb_clk_i (rise)>
	     bit 884     picorv32_core_cpuregs_reg[19][8]   <wb_clk_i (rise)>
	     bit 885     picorv32_core_cpuregs_reg[19][9]   <wb_clk_i (rise)>
	     bit 886     picorv32_core_cpuregs_reg[19][10]   <wb_clk_i (rise)>
	     bit 887     picorv32_core_cpuregs_reg[19][11]   <wb_clk_i (rise)>
	     bit 888     picorv32_core_cpuregs_reg[19][12]   <wb_clk_i (rise)>
	     bit 889     picorv32_core_cpuregs_reg[19][13]   <wb_clk_i (rise)>
	     bit 890     picorv32_core_cpuregs_reg[19][14]   <wb_clk_i (rise)>
	     bit 891     picorv32_core_cpuregs_reg[19][15]   <wb_clk_i (rise)>
	     bit 892     picorv32_core_cpuregs_reg[19][16]   <wb_clk_i (rise)>
	     bit 893     picorv32_core_cpuregs_reg[19][17]   <wb_clk_i (rise)>
	     bit 894     picorv32_core_cpuregs_reg[19][18]   <wb_clk_i (rise)>
	     bit 895     picorv32_core_cpuregs_reg[19][19]   <wb_clk_i (rise)>
	     bit 896     picorv32_core_cpuregs_reg[19][20]   <wb_clk_i (rise)>
	     bit 897     picorv32_core_cpuregs_reg[19][21]   <wb_clk_i (rise)>
	     bit 898     picorv32_core_cpuregs_reg[19][22]   <wb_clk_i (rise)>
	     bit 899     picorv32_core_cpuregs_reg[19][23]   <wb_clk_i (rise)>
	     bit 900     picorv32_core_cpuregs_reg[19][24]   <wb_clk_i (rise)>
	     bit 901     picorv32_core_cpuregs_reg[19][25]   <wb_clk_i (rise)>
	     bit 902     picorv32_core_cpuregs_reg[19][26]   <wb_clk_i (rise)>
	     bit 903     picorv32_core_cpuregs_reg[19][27]   <wb_clk_i (rise)>
	     bit 904     picorv32_core_cpuregs_reg[19][28]   <wb_clk_i (rise)>
	     bit 905     picorv32_core_cpuregs_reg[19][29]   <wb_clk_i (rise)>
	     bit 906     picorv32_core_cpuregs_reg[19][30]   <wb_clk_i (rise)>
	     bit 907     picorv32_core_cpuregs_reg[19][31]   <wb_clk_i (rise)>
	     bit 908     picorv32_core_cpuregs_reg[20][0]   <wb_clk_i (rise)>
	     bit 909     picorv32_core_cpuregs_reg[20][1]   <wb_clk_i (rise)>
	     bit 910     picorv32_core_cpuregs_reg[20][2]   <wb_clk_i (rise)>
	     bit 911     picorv32_core_cpuregs_reg[20][3]   <wb_clk_i (rise)>
	     bit 912     picorv32_core_cpuregs_reg[20][4]   <wb_clk_i (rise)>
	     bit 913     picorv32_core_cpuregs_reg[20][5]   <wb_clk_i (rise)>
	     bit 914     picorv32_core_cpuregs_reg[20][6]   <wb_clk_i (rise)>
	     bit 915     picorv32_core_cpuregs_reg[20][7]   <wb_clk_i (rise)>
	     bit 916     picorv32_core_cpuregs_reg[20][8]   <wb_clk_i (rise)>
	     bit 917     picorv32_core_cpuregs_reg[20][9]   <wb_clk_i (rise)>
	     bit 918     picorv32_core_cpuregs_reg[20][10]   <wb_clk_i (rise)>
	     bit 919     picorv32_core_cpuregs_reg[20][11]   <wb_clk_i (rise)>
	     bit 920     picorv32_core_cpuregs_reg[20][12]   <wb_clk_i (rise)>
	     bit 921     picorv32_core_cpuregs_reg[20][13]   <wb_clk_i (rise)>
	     bit 922     picorv32_core_cpuregs_reg[20][14]   <wb_clk_i (rise)>
	     bit 923     picorv32_core_cpuregs_reg[20][15]   <wb_clk_i (rise)>
	     bit 924     picorv32_core_cpuregs_reg[20][16]   <wb_clk_i (rise)>
	     bit 925     picorv32_core_cpuregs_reg[20][17]   <wb_clk_i (rise)>
	     bit 926     picorv32_core_cpuregs_reg[20][18]   <wb_clk_i (rise)>
	     bit 927     picorv32_core_cpuregs_reg[20][19]   <wb_clk_i (rise)>
	     bit 928     picorv32_core_cpuregs_reg[20][20]   <wb_clk_i (rise)>
	     bit 929     picorv32_core_cpuregs_reg[20][21]   <wb_clk_i (rise)>
	     bit 930     picorv32_core_cpuregs_reg[20][22]   <wb_clk_i (rise)>
	     bit 931     picorv32_core_cpuregs_reg[20][23]   <wb_clk_i (rise)>
	     bit 932     picorv32_core_cpuregs_reg[20][24]   <wb_clk_i (rise)>
	     bit 933     picorv32_core_cpuregs_reg[20][25]   <wb_clk_i (rise)>
	     bit 934     picorv32_core_cpuregs_reg[20][26]   <wb_clk_i (rise)>
	     bit 935     picorv32_core_cpuregs_reg[20][27]   <wb_clk_i (rise)>
	     bit 936     picorv32_core_cpuregs_reg[20][28]   <wb_clk_i (rise)>
	     bit 937     picorv32_core_cpuregs_reg[20][29]   <wb_clk_i (rise)>
	     bit 938     picorv32_core_cpuregs_reg[20][30]   <wb_clk_i (rise)>
	     bit 939     picorv32_core_cpuregs_reg[20][31]   <wb_clk_i (rise)>
	     bit 940     picorv32_core_cpuregs_reg[21][0]   <wb_clk_i (rise)>
	     bit 941     picorv32_core_cpuregs_reg[21][1]   <wb_clk_i (rise)>
	     bit 942     picorv32_core_cpuregs_reg[21][2]   <wb_clk_i (rise)>
	     bit 943     picorv32_core_cpuregs_reg[21][3]   <wb_clk_i (rise)>
	     bit 944     picorv32_core_cpuregs_reg[21][4]   <wb_clk_i (rise)>
	     bit 945     picorv32_core_cpuregs_reg[21][5]   <wb_clk_i (rise)>
	     bit 946     picorv32_core_cpuregs_reg[21][6]   <wb_clk_i (rise)>
	     bit 947     picorv32_core_cpuregs_reg[21][7]   <wb_clk_i (rise)>
	     bit 948     picorv32_core_cpuregs_reg[21][8]   <wb_clk_i (rise)>
	     bit 949     picorv32_core_cpuregs_reg[21][9]   <wb_clk_i (rise)>
	     bit 950     picorv32_core_cpuregs_reg[21][10]   <wb_clk_i (rise)>
	     bit 951     picorv32_core_cpuregs_reg[21][11]   <wb_clk_i (rise)>
	     bit 952     picorv32_core_cpuregs_reg[21][12]   <wb_clk_i (rise)>
	     bit 953     picorv32_core_cpuregs_reg[21][13]   <wb_clk_i (rise)>
	     bit 954     picorv32_core_cpuregs_reg[21][14]   <wb_clk_i (rise)>
	     bit 955     picorv32_core_cpuregs_reg[21][15]   <wb_clk_i (rise)>
	     bit 956     picorv32_core_cpuregs_reg[21][16]   <wb_clk_i (rise)>
	     bit 957     picorv32_core_cpuregs_reg[21][17]   <wb_clk_i (rise)>
	     bit 958     picorv32_core_cpuregs_reg[21][18]   <wb_clk_i (rise)>
	     bit 959     picorv32_core_cpuregs_reg[21][19]   <wb_clk_i (rise)>
	     bit 960     picorv32_core_cpuregs_reg[21][20]   <wb_clk_i (rise)>
	     bit 961     picorv32_core_cpuregs_reg[21][21]   <wb_clk_i (rise)>
	     bit 962     picorv32_core_cpuregs_reg[21][22]   <wb_clk_i (rise)>
	     bit 963     picorv32_core_cpuregs_reg[21][23]   <wb_clk_i (rise)>
	     bit 964     picorv32_core_cpuregs_reg[21][24]   <wb_clk_i (rise)>
	     bit 965     picorv32_core_cpuregs_reg[21][25]   <wb_clk_i (rise)>
	     bit 966     picorv32_core_cpuregs_reg[21][26]   <wb_clk_i (rise)>
	     bit 967     picorv32_core_cpuregs_reg[21][27]   <wb_clk_i (rise)>
	     bit 968     picorv32_core_cpuregs_reg[21][28]   <wb_clk_i (rise)>
	     bit 969     picorv32_core_cpuregs_reg[21][29]   <wb_clk_i (rise)>
	     bit 970     picorv32_core_cpuregs_reg[21][30]   <wb_clk_i (rise)>
	     bit 971     picorv32_core_cpuregs_reg[21][31]   <wb_clk_i (rise)>
	     bit 972     picorv32_core_cpuregs_reg[22][0]   <wb_clk_i (rise)>
	     bit 973     picorv32_core_cpuregs_reg[22][1]   <wb_clk_i (rise)>
	     bit 974     picorv32_core_cpuregs_reg[22][2]   <wb_clk_i (rise)>
	     bit 975     picorv32_core_cpuregs_reg[22][3]   <wb_clk_i (rise)>
	     bit 976     picorv32_core_cpuregs_reg[22][4]   <wb_clk_i (rise)>
	     bit 977     picorv32_core_cpuregs_reg[22][5]   <wb_clk_i (rise)>
	     bit 978     picorv32_core_cpuregs_reg[22][6]   <wb_clk_i (rise)>
	     bit 979     picorv32_core_cpuregs_reg[22][7]   <wb_clk_i (rise)>
	     bit 980     picorv32_core_cpuregs_reg[22][8]   <wb_clk_i (rise)>
	     bit 981     picorv32_core_cpuregs_reg[22][9]   <wb_clk_i (rise)>
	     bit 982     picorv32_core_cpuregs_reg[22][10]   <wb_clk_i (rise)>
	     bit 983     picorv32_core_cpuregs_reg[22][11]   <wb_clk_i (rise)>
	     bit 984     picorv32_core_cpuregs_reg[22][12]   <wb_clk_i (rise)>
	     bit 985     picorv32_core_cpuregs_reg[22][13]   <wb_clk_i (rise)>
	     bit 986     picorv32_core_cpuregs_reg[22][14]   <wb_clk_i (rise)>
	     bit 987     picorv32_core_cpuregs_reg[22][15]   <wb_clk_i (rise)>
	     bit 988     picorv32_core_cpuregs_reg[22][16]   <wb_clk_i (rise)>
	     bit 989     picorv32_core_cpuregs_reg[22][17]   <wb_clk_i (rise)>
	     bit 990     picorv32_core_cpuregs_reg[22][18]   <wb_clk_i (rise)>
	     bit 991     picorv32_core_cpuregs_reg[22][19]   <wb_clk_i (rise)>
	     bit 992     picorv32_core_cpuregs_reg[22][20]   <wb_clk_i (rise)>
	     bit 993     picorv32_core_cpuregs_reg[22][21]   <wb_clk_i (rise)>
	     bit 994     picorv32_core_cpuregs_reg[22][22]   <wb_clk_i (rise)>
	     bit 995     picorv32_core_cpuregs_reg[22][23]   <wb_clk_i (rise)>
	     bit 996     picorv32_core_cpuregs_reg[22][24]   <wb_clk_i (rise)>
	     bit 997     picorv32_core_cpuregs_reg[22][25]   <wb_clk_i (rise)>
	     bit 998     picorv32_core_cpuregs_reg[22][26]   <wb_clk_i (rise)>
	     bit 999     picorv32_core_cpuregs_reg[22][27]   <wb_clk_i (rise)>
	     bit 1000     picorv32_core_cpuregs_reg[22][28]   <wb_clk_i (rise)>
	     bit 1001     picorv32_core_cpuregs_reg[22][29]   <wb_clk_i (rise)>
	     bit 1002     picorv32_core_cpuregs_reg[22][30]   <wb_clk_i (rise)>
	     bit 1003     picorv32_core_cpuregs_reg[22][31]   <wb_clk_i (rise)>
	     bit 1004     picorv32_core_cpuregs_reg[23][0]   <wb_clk_i (rise)>
	     bit 1005     picorv32_core_cpuregs_reg[23][1]   <wb_clk_i (rise)>
	     bit 1006     picorv32_core_cpuregs_reg[23][2]   <wb_clk_i (rise)>
	     bit 1007     picorv32_core_cpuregs_reg[23][3]   <wb_clk_i (rise)>
	     bit 1008     picorv32_core_cpuregs_reg[23][4]   <wb_clk_i (rise)>
	     bit 1009     picorv32_core_cpuregs_reg[23][5]   <wb_clk_i (rise)>
	     bit 1010     picorv32_core_cpuregs_reg[23][6]   <wb_clk_i (rise)>
	     bit 1011     picorv32_core_cpuregs_reg[23][7]   <wb_clk_i (rise)>
	     bit 1012     picorv32_core_cpuregs_reg[23][8]   <wb_clk_i (rise)>
	     bit 1013     picorv32_core_cpuregs_reg[23][9]   <wb_clk_i (rise)>
	     bit 1014     picorv32_core_cpuregs_reg[23][10]   <wb_clk_i (rise)>
	     bit 1015     picorv32_core_cpuregs_reg[23][11]   <wb_clk_i (rise)>
	     bit 1016     picorv32_core_cpuregs_reg[23][12]   <wb_clk_i (rise)>
	     bit 1017     picorv32_core_cpuregs_reg[23][13]   <wb_clk_i (rise)>
	     bit 1018     picorv32_core_cpuregs_reg[23][14]   <wb_clk_i (rise)>
	     bit 1019     picorv32_core_cpuregs_reg[23][15]   <wb_clk_i (rise)>
	     bit 1020     picorv32_core_cpuregs_reg[23][16]   <wb_clk_i (rise)>
	     bit 1021     picorv32_core_cpuregs_reg[23][17]   <wb_clk_i (rise)>
	     bit 1022     picorv32_core_cpuregs_reg[23][18]   <wb_clk_i (rise)>
	     bit 1023     picorv32_core_cpuregs_reg[23][19]   <wb_clk_i (rise)>
	     bit 1024     picorv32_core_cpuregs_reg[23][20]   <wb_clk_i (rise)>
	     bit 1025     picorv32_core_cpuregs_reg[23][21]   <wb_clk_i (rise)>
	     bit 1026     picorv32_core_cpuregs_reg[23][22]   <wb_clk_i (rise)>
	     bit 1027     picorv32_core_cpuregs_reg[23][23]   <wb_clk_i (rise)>
	     bit 1028     picorv32_core_cpuregs_reg[23][24]   <wb_clk_i (rise)>
	     bit 1029     picorv32_core_cpuregs_reg[23][25]   <wb_clk_i (rise)>
	     bit 1030     picorv32_core_cpuregs_reg[23][26]   <wb_clk_i (rise)>
	     bit 1031     picorv32_core_cpuregs_reg[23][27]   <wb_clk_i (rise)>
	     bit 1032     picorv32_core_cpuregs_reg[23][28]   <wb_clk_i (rise)>
	     bit 1033     picorv32_core_cpuregs_reg[23][29]   <wb_clk_i (rise)>
	     bit 1034     picorv32_core_cpuregs_reg[23][30]   <wb_clk_i (rise)>
	     bit 1035     picorv32_core_cpuregs_reg[23][31]   <wb_clk_i (rise)>
	     bit 1036     picorv32_core_cpuregs_reg[24][0]   <wb_clk_i (rise)>
	     bit 1037     picorv32_core_cpuregs_reg[24][1]   <wb_clk_i (rise)>
	     bit 1038     picorv32_core_cpuregs_reg[24][2]   <wb_clk_i (rise)>
	     bit 1039     picorv32_core_cpuregs_reg[24][3]   <wb_clk_i (rise)>
	     bit 1040     picorv32_core_cpuregs_reg[24][4]   <wb_clk_i (rise)>
	     bit 1041     picorv32_core_cpuregs_reg[24][5]   <wb_clk_i (rise)>
	     bit 1042     picorv32_core_cpuregs_reg[24][6]   <wb_clk_i (rise)>
	     bit 1043     picorv32_core_cpuregs_reg[24][7]   <wb_clk_i (rise)>
	     bit 1044     picorv32_core_cpuregs_reg[24][8]   <wb_clk_i (rise)>
	     bit 1045     picorv32_core_cpuregs_reg[24][9]   <wb_clk_i (rise)>
	     bit 1046     picorv32_core_cpuregs_reg[24][10]   <wb_clk_i (rise)>
	     bit 1047     picorv32_core_cpuregs_reg[24][11]   <wb_clk_i (rise)>
	     bit 1048     picorv32_core_cpuregs_reg[24][12]   <wb_clk_i (rise)>
	     bit 1049     picorv32_core_cpuregs_reg[24][13]   <wb_clk_i (rise)>
	     bit 1050     picorv32_core_cpuregs_reg[24][14]   <wb_clk_i (rise)>
	     bit 1051     picorv32_core_cpuregs_reg[24][15]   <wb_clk_i (rise)>
	     bit 1052     picorv32_core_cpuregs_reg[24][16]   <wb_clk_i (rise)>
	     bit 1053     picorv32_core_cpuregs_reg[24][17]   <wb_clk_i (rise)>
	     bit 1054     picorv32_core_cpuregs_reg[24][18]   <wb_clk_i (rise)>
	     bit 1055     picorv32_core_cpuregs_reg[24][19]   <wb_clk_i (rise)>
	     bit 1056     picorv32_core_cpuregs_reg[24][20]   <wb_clk_i (rise)>
	     bit 1057     picorv32_core_cpuregs_reg[24][21]   <wb_clk_i (rise)>
	     bit 1058     picorv32_core_cpuregs_reg[24][22]   <wb_clk_i (rise)>
	     bit 1059     picorv32_core_cpuregs_reg[24][23]   <wb_clk_i (rise)>
	     bit 1060     picorv32_core_cpuregs_reg[24][24]   <wb_clk_i (rise)>
	     bit 1061     picorv32_core_cpuregs_reg[24][25]   <wb_clk_i (rise)>
	     bit 1062     picorv32_core_cpuregs_reg[24][26]   <wb_clk_i (rise)>
	     bit 1063     picorv32_core_cpuregs_reg[24][27]   <wb_clk_i (rise)>
	     bit 1064     picorv32_core_cpuregs_reg[24][28]   <wb_clk_i (rise)>
	     bit 1065     picorv32_core_cpuregs_reg[24][29]   <wb_clk_i (rise)>
	     bit 1066     picorv32_core_cpuregs_reg[24][30]   <wb_clk_i (rise)>
	     bit 1067     picorv32_core_cpuregs_reg[24][31]   <wb_clk_i (rise)>
	     bit 1068     picorv32_core_cpuregs_reg[25][0]   <wb_clk_i (rise)>
	     bit 1069     picorv32_core_cpuregs_reg[25][1]   <wb_clk_i (rise)>
	     bit 1070     picorv32_core_cpuregs_reg[25][2]   <wb_clk_i (rise)>
	     bit 1071     picorv32_core_cpuregs_reg[25][3]   <wb_clk_i (rise)>
	     bit 1072     picorv32_core_cpuregs_reg[25][4]   <wb_clk_i (rise)>
	     bit 1073     picorv32_core_cpuregs_reg[25][5]   <wb_clk_i (rise)>
	     bit 1074     picorv32_core_cpuregs_reg[25][6]   <wb_clk_i (rise)>
	     bit 1075     picorv32_core_cpuregs_reg[25][7]   <wb_clk_i (rise)>
	     bit 1076     picorv32_core_cpuregs_reg[25][8]   <wb_clk_i (rise)>
	     bit 1077     picorv32_core_cpuregs_reg[25][9]   <wb_clk_i (rise)>
	     bit 1078     picorv32_core_cpuregs_reg[25][10]   <wb_clk_i (rise)>
	     bit 1079     picorv32_core_cpuregs_reg[25][11]   <wb_clk_i (rise)>
	     bit 1080     picorv32_core_cpuregs_reg[25][12]   <wb_clk_i (rise)>
	     bit 1081     picorv32_core_cpuregs_reg[25][13]   <wb_clk_i (rise)>
	     bit 1082     picorv32_core_cpuregs_reg[25][14]   <wb_clk_i (rise)>
	     bit 1083     picorv32_core_cpuregs_reg[25][15]   <wb_clk_i (rise)>
	     bit 1084     picorv32_core_cpuregs_reg[25][16]   <wb_clk_i (rise)>
	     bit 1085     picorv32_core_cpuregs_reg[25][17]   <wb_clk_i (rise)>
	     bit 1086     picorv32_core_cpuregs_reg[25][18]   <wb_clk_i (rise)>
	     bit 1087     picorv32_core_cpuregs_reg[25][19]   <wb_clk_i (rise)>
	     bit 1088     picorv32_core_cpuregs_reg[25][20]   <wb_clk_i (rise)>
	     bit 1089     picorv32_core_cpuregs_reg[25][21]   <wb_clk_i (rise)>
	     bit 1090     picorv32_core_cpuregs_reg[25][22]   <wb_clk_i (rise)>
	     bit 1091     picorv32_core_cpuregs_reg[25][23]   <wb_clk_i (rise)>
	     bit 1092     picorv32_core_cpuregs_reg[25][24]   <wb_clk_i (rise)>
	     bit 1093     picorv32_core_cpuregs_reg[25][25]   <wb_clk_i (rise)>
	     bit 1094     picorv32_core_cpuregs_reg[25][26]   <wb_clk_i (rise)>
	     bit 1095     picorv32_core_cpuregs_reg[25][27]   <wb_clk_i (rise)>
	     bit 1096     picorv32_core_cpuregs_reg[25][28]   <wb_clk_i (rise)>
	     bit 1097     picorv32_core_cpuregs_reg[25][29]   <wb_clk_i (rise)>
	     bit 1098     picorv32_core_cpuregs_reg[25][30]   <wb_clk_i (rise)>
	     bit 1099     picorv32_core_cpuregs_reg[25][31]   <wb_clk_i (rise)>
	     bit 1100     picorv32_core_cpuregs_reg[26][0]   <wb_clk_i (rise)>
	     bit 1101     picorv32_core_cpuregs_reg[26][1]   <wb_clk_i (rise)>
	     bit 1102     picorv32_core_cpuregs_reg[26][2]   <wb_clk_i (rise)>
	     bit 1103     picorv32_core_cpuregs_reg[26][3]   <wb_clk_i (rise)>
	     bit 1104     picorv32_core_cpuregs_reg[26][4]   <wb_clk_i (rise)>
	     bit 1105     picorv32_core_cpuregs_reg[26][5]   <wb_clk_i (rise)>
	     bit 1106     picorv32_core_cpuregs_reg[26][6]   <wb_clk_i (rise)>
	     bit 1107     picorv32_core_cpuregs_reg[26][7]   <wb_clk_i (rise)>
	     bit 1108     picorv32_core_cpuregs_reg[26][8]   <wb_clk_i (rise)>
	     bit 1109     picorv32_core_cpuregs_reg[26][9]   <wb_clk_i (rise)>
	     bit 1110     picorv32_core_cpuregs_reg[26][10]   <wb_clk_i (rise)>
	     bit 1111     picorv32_core_cpuregs_reg[26][11]   <wb_clk_i (rise)>
	     bit 1112     picorv32_core_cpuregs_reg[26][12]   <wb_clk_i (rise)>
	     bit 1113     picorv32_core_cpuregs_reg[26][13]   <wb_clk_i (rise)>
	     bit 1114     picorv32_core_cpuregs_reg[26][14]   <wb_clk_i (rise)>
	     bit 1115     picorv32_core_cpuregs_reg[26][15]   <wb_clk_i (rise)>
	     bit 1116     picorv32_core_cpuregs_reg[26][16]   <wb_clk_i (rise)>
	     bit 1117     picorv32_core_cpuregs_reg[26][17]   <wb_clk_i (rise)>
	     bit 1118     picorv32_core_cpuregs_reg[26][18]   <wb_clk_i (rise)>
	     bit 1119     picorv32_core_cpuregs_reg[26][19]   <wb_clk_i (rise)>
	     bit 1120     picorv32_core_cpuregs_reg[26][20]   <wb_clk_i (rise)>
	     bit 1121     picorv32_core_cpuregs_reg[26][21]   <wb_clk_i (rise)>
	     bit 1122     picorv32_core_cpuregs_reg[26][22]   <wb_clk_i (rise)>
	     bit 1123     picorv32_core_cpuregs_reg[26][23]   <wb_clk_i (rise)>
	     bit 1124     picorv32_core_cpuregs_reg[26][24]   <wb_clk_i (rise)>
	     bit 1125     picorv32_core_cpuregs_reg[26][25]   <wb_clk_i (rise)>
	     bit 1126     picorv32_core_cpuregs_reg[26][26]   <wb_clk_i (rise)>
	     bit 1127     picorv32_core_cpuregs_reg[26][27]   <wb_clk_i (rise)>
	     bit 1128     picorv32_core_cpuregs_reg[26][28]   <wb_clk_i (rise)>
	     bit 1129     picorv32_core_cpuregs_reg[26][29]   <wb_clk_i (rise)>
	     bit 1130     picorv32_core_cpuregs_reg[26][30]   <wb_clk_i (rise)>
	     bit 1131     picorv32_core_cpuregs_reg[26][31]   <wb_clk_i (rise)>
	     bit 1132     picorv32_core_cpuregs_reg[27][0]   <wb_clk_i (rise)>
	     bit 1133     picorv32_core_cpuregs_reg[27][1]   <wb_clk_i (rise)>
	     bit 1134     picorv32_core_cpuregs_reg[27][2]   <wb_clk_i (rise)>
	     bit 1135     picorv32_core_cpuregs_reg[27][3]   <wb_clk_i (rise)>
	     bit 1136     picorv32_core_cpuregs_reg[27][4]   <wb_clk_i (rise)>
	     bit 1137     picorv32_core_cpuregs_reg[27][5]   <wb_clk_i (rise)>
	     bit 1138     picorv32_core_cpuregs_reg[27][6]   <wb_clk_i (rise)>
	     bit 1139     picorv32_core_cpuregs_reg[27][7]   <wb_clk_i (rise)>
	     bit 1140     picorv32_core_cpuregs_reg[27][8]   <wb_clk_i (rise)>
	     bit 1141     picorv32_core_cpuregs_reg[27][9]   <wb_clk_i (rise)>
	     bit 1142     picorv32_core_cpuregs_reg[27][10]   <wb_clk_i (rise)>
	     bit 1143     picorv32_core_cpuregs_reg[27][11]   <wb_clk_i (rise)>
	     bit 1144     picorv32_core_cpuregs_reg[27][12]   <wb_clk_i (rise)>
	     bit 1145     picorv32_core_cpuregs_reg[27][13]   <wb_clk_i (rise)>
	     bit 1146     picorv32_core_cpuregs_reg[27][14]   <wb_clk_i (rise)>
	     bit 1147     picorv32_core_cpuregs_reg[27][15]   <wb_clk_i (rise)>
	     bit 1148     picorv32_core_cpuregs_reg[27][16]   <wb_clk_i (rise)>
	     bit 1149     picorv32_core_cpuregs_reg[27][17]   <wb_clk_i (rise)>
	     bit 1150     picorv32_core_cpuregs_reg[27][18]   <wb_clk_i (rise)>
	     bit 1151     picorv32_core_cpuregs_reg[27][19]   <wb_clk_i (rise)>
	     bit 1152     picorv32_core_cpuregs_reg[27][20]   <wb_clk_i (rise)>
	     bit 1153     picorv32_core_cpuregs_reg[27][21]   <wb_clk_i (rise)>
	     bit 1154     picorv32_core_cpuregs_reg[27][22]   <wb_clk_i (rise)>
	     bit 1155     picorv32_core_cpuregs_reg[27][23]   <wb_clk_i (rise)>
	     bit 1156     picorv32_core_cpuregs_reg[27][24]   <wb_clk_i (rise)>
	     bit 1157     picorv32_core_cpuregs_reg[27][25]   <wb_clk_i (rise)>
	     bit 1158     picorv32_core_cpuregs_reg[27][26]   <wb_clk_i (rise)>
	     bit 1159     picorv32_core_cpuregs_reg[27][27]   <wb_clk_i (rise)>
	     bit 1160     picorv32_core_cpuregs_reg[27][28]   <wb_clk_i (rise)>
	     bit 1161     picorv32_core_cpuregs_reg[27][29]   <wb_clk_i (rise)>
	     bit 1162     picorv32_core_cpuregs_reg[27][30]   <wb_clk_i (rise)>
	     bit 1163     picorv32_core_cpuregs_reg[27][31]   <wb_clk_i (rise)>
	     bit 1164     picorv32_core_cpuregs_reg[28][0]   <wb_clk_i (rise)>
	     bit 1165     picorv32_core_cpuregs_reg[28][1]   <wb_clk_i (rise)>
	     bit 1166     picorv32_core_cpuregs_reg[28][2]   <wb_clk_i (rise)>
	     bit 1167     picorv32_core_cpuregs_reg[28][3]   <wb_clk_i (rise)>
	     bit 1168     picorv32_core_cpuregs_reg[28][4]   <wb_clk_i (rise)>
	     bit 1169     picorv32_core_cpuregs_reg[28][5]   <wb_clk_i (rise)>
	     bit 1170     picorv32_core_cpuregs_reg[28][6]   <wb_clk_i (rise)>
	     bit 1171     picorv32_core_cpuregs_reg[28][7]   <wb_clk_i (rise)>
	     bit 1172     picorv32_core_cpuregs_reg[28][8]   <wb_clk_i (rise)>
	     bit 1173     picorv32_core_cpuregs_reg[28][9]   <wb_clk_i (rise)>
	     bit 1174     picorv32_core_cpuregs_reg[28][10]   <wb_clk_i (rise)>
	     bit 1175     picorv32_core_cpuregs_reg[28][11]   <wb_clk_i (rise)>
	     bit 1176     picorv32_core_cpuregs_reg[28][12]   <wb_clk_i (rise)>
	     bit 1177     picorv32_core_cpuregs_reg[28][13]   <wb_clk_i (rise)>
	     bit 1178     picorv32_core_cpuregs_reg[28][14]   <wb_clk_i (rise)>
	     bit 1179     picorv32_core_cpuregs_reg[28][15]   <wb_clk_i (rise)>
	     bit 1180     picorv32_core_cpuregs_reg[28][16]   <wb_clk_i (rise)>
	     bit 1181     picorv32_core_cpuregs_reg[28][17]   <wb_clk_i (rise)>
	     bit 1182     picorv32_core_cpuregs_reg[28][18]   <wb_clk_i (rise)>
	     bit 1183     picorv32_core_cpuregs_reg[28][19]   <wb_clk_i (rise)>
	     bit 1184     picorv32_core_cpuregs_reg[28][20]   <wb_clk_i (rise)>
	     bit 1185     picorv32_core_cpuregs_reg[28][21]   <wb_clk_i (rise)>
	     bit 1186     picorv32_core_cpuregs_reg[28][22]   <wb_clk_i (rise)>
	     bit 1187     picorv32_core_cpuregs_reg[28][23]   <wb_clk_i (rise)>
	     bit 1188     picorv32_core_cpuregs_reg[28][24]   <wb_clk_i (rise)>
	     bit 1189     picorv32_core_cpuregs_reg[28][25]   <wb_clk_i (rise)>
	     bit 1190     picorv32_core_cpuregs_reg[28][26]   <wb_clk_i (rise)>
	     bit 1191     picorv32_core_cpuregs_reg[28][27]   <wb_clk_i (rise)>
	     bit 1192     picorv32_core_cpuregs_reg[28][28]   <wb_clk_i (rise)>
	     bit 1193     picorv32_core_cpuregs_reg[28][29]   <wb_clk_i (rise)>
	     bit 1194     picorv32_core_cpuregs_reg[28][30]   <wb_clk_i (rise)>
	     bit 1195     picorv32_core_cpuregs_reg[28][31]   <wb_clk_i (rise)>
	     bit 1196     picorv32_core_cpuregs_reg[29][0]   <wb_clk_i (rise)>
	     bit 1197     picorv32_core_cpuregs_reg[29][1]   <wb_clk_i (rise)>
	     bit 1198     picorv32_core_cpuregs_reg[29][2]   <wb_clk_i (rise)>
	     bit 1199     picorv32_core_cpuregs_reg[29][3]   <wb_clk_i (rise)>
	     bit 1200     picorv32_core_cpuregs_reg[29][4]   <wb_clk_i (rise)>
	     bit 1201     picorv32_core_cpuregs_reg[29][5]   <wb_clk_i (rise)>
	     bit 1202     picorv32_core_cpuregs_reg[29][6]   <wb_clk_i (rise)>
	     bit 1203     picorv32_core_cpuregs_reg[29][7]   <wb_clk_i (rise)>
	     bit 1204     picorv32_core_cpuregs_reg[29][8]   <wb_clk_i (rise)>
	     bit 1205     picorv32_core_cpuregs_reg[29][9]   <wb_clk_i (rise)>
	     bit 1206     picorv32_core_cpuregs_reg[29][10]   <wb_clk_i (rise)>
	     bit 1207     picorv32_core_cpuregs_reg[29][11]   <wb_clk_i (rise)>
	     bit 1208     picorv32_core_cpuregs_reg[29][12]   <wb_clk_i (rise)>
	     bit 1209     picorv32_core_cpuregs_reg[29][13]   <wb_clk_i (rise)>
	     bit 1210     picorv32_core_cpuregs_reg[29][14]   <wb_clk_i (rise)>
	     bit 1211     picorv32_core_cpuregs_reg[29][15]   <wb_clk_i (rise)>
	     bit 1212     picorv32_core_cpuregs_reg[29][16]   <wb_clk_i (rise)>
	     bit 1213     picorv32_core_cpuregs_reg[29][17]   <wb_clk_i (rise)>
	     bit 1214     picorv32_core_cpuregs_reg[29][18]   <wb_clk_i (rise)>
	     bit 1215     picorv32_core_cpuregs_reg[29][19]   <wb_clk_i (rise)>
	     bit 1216     picorv32_core_cpuregs_reg[29][20]   <wb_clk_i (rise)>
	     bit 1217     picorv32_core_cpuregs_reg[29][21]   <wb_clk_i (rise)>
	     bit 1218     picorv32_core_cpuregs_reg[29][22]   <wb_clk_i (rise)>
	     bit 1219     picorv32_core_cpuregs_reg[29][23]   <wb_clk_i (rise)>
	     bit 1220     picorv32_core_cpuregs_reg[29][24]   <wb_clk_i (rise)>
	     bit 1221     picorv32_core_cpuregs_reg[29][25]   <wb_clk_i (rise)>
	     bit 1222     picorv32_core_cpuregs_reg[29][26]   <wb_clk_i (rise)>
	     bit 1223     picorv32_core_cpuregs_reg[29][27]   <wb_clk_i (rise)>
	     bit 1224     picorv32_core_cpuregs_reg[29][28]   <wb_clk_i (rise)>
	     bit 1225     picorv32_core_cpuregs_reg[29][29]   <wb_clk_i (rise)>
	     bit 1226     picorv32_core_cpuregs_reg[29][30]   <wb_clk_i (rise)>
	     bit 1227     picorv32_core_cpuregs_reg[29][31]   <wb_clk_i (rise)>
	     bit 1228     picorv32_core_cpuregs_reg[30][0]   <wb_clk_i (rise)>
	     bit 1229     picorv32_core_cpuregs_reg[30][1]   <wb_clk_i (rise)>
	     bit 1230     picorv32_core_cpuregs_reg[30][2]   <wb_clk_i (rise)>
	     bit 1231     picorv32_core_cpuregs_reg[30][3]   <wb_clk_i (rise)>
	     bit 1232     picorv32_core_cpuregs_reg[30][4]   <wb_clk_i (rise)>
	     bit 1233     picorv32_core_cpuregs_reg[30][5]   <wb_clk_i (rise)>
	     bit 1234     picorv32_core_cpuregs_reg[30][6]   <wb_clk_i (rise)>
	     bit 1235     picorv32_core_cpuregs_reg[30][7]   <wb_clk_i (rise)>
	     bit 1236     picorv32_core_cpuregs_reg[30][8]   <wb_clk_i (rise)>
	     bit 1237     picorv32_core_cpuregs_reg[30][9]   <wb_clk_i (rise)>
	     bit 1238     picorv32_core_cpuregs_reg[30][10]   <wb_clk_i (rise)>
	     bit 1239     picorv32_core_cpuregs_reg[30][11]   <wb_clk_i (rise)>
	     bit 1240     picorv32_core_cpuregs_reg[30][12]   <wb_clk_i (rise)>
	     bit 1241     picorv32_core_cpuregs_reg[30][13]   <wb_clk_i (rise)>
	     bit 1242     picorv32_core_cpuregs_reg[30][14]   <wb_clk_i (rise)>
	     bit 1243     picorv32_core_cpuregs_reg[30][15]   <wb_clk_i (rise)>
	     bit 1244     picorv32_core_cpuregs_reg[30][16]   <wb_clk_i (rise)>
	     bit 1245     picorv32_core_cpuregs_reg[30][17]   <wb_clk_i (rise)>
	     bit 1246     picorv32_core_cpuregs_reg[30][18]   <wb_clk_i (rise)>
	     bit 1247     picorv32_core_cpuregs_reg[30][19]   <wb_clk_i (rise)>
	     bit 1248     picorv32_core_cpuregs_reg[30][20]   <wb_clk_i (rise)>
	     bit 1249     picorv32_core_cpuregs_reg[30][21]   <wb_clk_i (rise)>
	     bit 1250     picorv32_core_cpuregs_reg[30][22]   <wb_clk_i (rise)>
	     bit 1251     picorv32_core_cpuregs_reg[30][23]   <wb_clk_i (rise)>
	     bit 1252     picorv32_core_cpuregs_reg[30][24]   <wb_clk_i (rise)>
	     bit 1253     picorv32_core_cpuregs_reg[30][25]   <wb_clk_i (rise)>
	     bit 1254     picorv32_core_cpuregs_reg[30][26]   <wb_clk_i (rise)>
	     bit 1255     picorv32_core_cpuregs_reg[30][27]   <wb_clk_i (rise)>
	     bit 1256     picorv32_core_cpuregs_reg[30][28]   <wb_clk_i (rise)>
	     bit 1257     picorv32_core_cpuregs_reg[30][29]   <wb_clk_i (rise)>
	     bit 1258     picorv32_core_cpuregs_reg[30][30]   <wb_clk_i (rise)>
	     bit 1259     picorv32_core_cpuregs_reg[30][31]   <wb_clk_i (rise)>
	     bit 1260     picorv32_core_cpuregs_reg[31][0]   <wb_clk_i (rise)>
	     bit 1261     picorv32_core_cpuregs_reg[31][1]   <wb_clk_i (rise)>
	     bit 1262     picorv32_core_cpuregs_reg[31][2]   <wb_clk_i (rise)>
	     bit 1263     picorv32_core_cpuregs_reg[31][3]   <wb_clk_i (rise)>
	     bit 1264     picorv32_core_cpuregs_reg[31][4]   <wb_clk_i (rise)>
	     bit 1265     picorv32_core_cpuregs_reg[31][5]   <wb_clk_i (rise)>
	     bit 1266     picorv32_core_cpuregs_reg[31][6]   <wb_clk_i (rise)>
	     bit 1267     picorv32_core_cpuregs_reg[31][7]   <wb_clk_i (rise)>
	     bit 1268     picorv32_core_cpuregs_reg[31][8]   <wb_clk_i (rise)>
	     bit 1269     picorv32_core_cpuregs_reg[31][9]   <wb_clk_i (rise)>
	     bit 1270     picorv32_core_cpuregs_reg[31][10]   <wb_clk_i (rise)>
	     bit 1271     picorv32_core_cpuregs_reg[31][11]   <wb_clk_i (rise)>
	     bit 1272     picorv32_core_cpuregs_reg[31][12]   <wb_clk_i (rise)>
	     bit 1273     picorv32_core_cpuregs_reg[31][13]   <wb_clk_i (rise)>
	     bit 1274     picorv32_core_cpuregs_reg[31][14]   <wb_clk_i (rise)>
	     bit 1275     picorv32_core_cpuregs_reg[31][15]   <wb_clk_i (rise)>
	     bit 1276     picorv32_core_cpuregs_reg[31][16]   <wb_clk_i (rise)>
	     bit 1277     picorv32_core_cpuregs_reg[31][17]   <wb_clk_i (rise)>
	     bit 1278     picorv32_core_cpuregs_reg[31][18]   <wb_clk_i (rise)>
	     bit 1279     picorv32_core_cpuregs_reg[31][19]   <wb_clk_i (rise)>
	     bit 1280     picorv32_core_cpuregs_reg[31][20]   <wb_clk_i (rise)>
	     bit 1281     picorv32_core_cpuregs_reg[31][21]   <wb_clk_i (rise)>
	     bit 1282     picorv32_core_cpuregs_reg[31][22]   <wb_clk_i (rise)>
	     bit 1283     picorv32_core_cpuregs_reg[31][23]   <wb_clk_i (rise)>
	     bit 1284     picorv32_core_cpuregs_reg[31][24]   <wb_clk_i (rise)>
	     bit 1285     picorv32_core_cpuregs_reg[31][25]   <wb_clk_i (rise)>
	     bit 1286     picorv32_core_cpuregs_reg[31][26]   <wb_clk_i (rise)>
	     bit 1287     picorv32_core_cpuregs_reg[31][27]   <wb_clk_i (rise)>
	     bit 1288     picorv32_core_cpuregs_reg[31][28]   <wb_clk_i (rise)>
	     bit 1289     picorv32_core_cpuregs_reg[31][29]   <wb_clk_i (rise)>
	     bit 1290     picorv32_core_cpuregs_reg[31][30]   <wb_clk_i (rise)>
	     bit 1291     picorv32_core_cpuregs_reg[31][31]   <wb_clk_i (rise)>
	     bit 1292     picorv32_core_cpuregs_reg[32][0]   <wb_clk_i (rise)>
	     bit 1293     picorv32_core_cpuregs_reg[32][1]   <wb_clk_i (rise)>
	     bit 1294     picorv32_core_cpuregs_reg[32][2]   <wb_clk_i (rise)>
	     bit 1295     picorv32_core_cpuregs_reg[32][3]   <wb_clk_i (rise)>
	     bit 1296     picorv32_core_cpuregs_reg[32][4]   <wb_clk_i (rise)>
	     bit 1297     picorv32_core_cpuregs_reg[32][5]   <wb_clk_i (rise)>
	     bit 1298     picorv32_core_cpuregs_reg[32][6]   <wb_clk_i (rise)>
	     bit 1299     picorv32_core_cpuregs_reg[32][7]   <wb_clk_i (rise)>
	     bit 1300     picorv32_core_cpuregs_reg[32][8]   <wb_clk_i (rise)>
	     bit 1301     picorv32_core_cpuregs_reg[32][9]   <wb_clk_i (rise)>
	     bit 1302     picorv32_core_cpuregs_reg[32][10]   <wb_clk_i (rise)>
	     bit 1303     picorv32_core_cpuregs_reg[32][11]   <wb_clk_i (rise)>
	     bit 1304     picorv32_core_cpuregs_reg[32][12]   <wb_clk_i (rise)>
	     bit 1305     picorv32_core_cpuregs_reg[32][13]   <wb_clk_i (rise)>
	     bit 1306     picorv32_core_cpuregs_reg[32][14]   <wb_clk_i (rise)>
	     bit 1307     picorv32_core_cpuregs_reg[32][15]   <wb_clk_i (rise)>
	     bit 1308     picorv32_core_cpuregs_reg[32][16]   <wb_clk_i (rise)>
	     bit 1309     picorv32_core_cpuregs_reg[32][17]   <wb_clk_i (rise)>
	     bit 1310     picorv32_core_cpuregs_reg[32][18]   <wb_clk_i (rise)>
	     bit 1311     picorv32_core_cpuregs_reg[32][19]   <wb_clk_i (rise)>
	     bit 1312     picorv32_core_cpuregs_reg[32][20]   <wb_clk_i (rise)>
	     bit 1313     picorv32_core_cpuregs_reg[32][21]   <wb_clk_i (rise)>
	     bit 1314     picorv32_core_cpuregs_reg[32][22]   <wb_clk_i (rise)>
	     bit 1315     picorv32_core_cpuregs_reg[32][23]   <wb_clk_i (rise)>
	     bit 1316     picorv32_core_cpuregs_reg[32][24]   <wb_clk_i (rise)>
	     bit 1317     picorv32_core_cpuregs_reg[32][25]   <wb_clk_i (rise)>
	     bit 1318     picorv32_core_cpuregs_reg[32][26]   <wb_clk_i (rise)>
	     bit 1319     picorv32_core_cpuregs_reg[32][27]   <wb_clk_i (rise)>
	     bit 1320     picorv32_core_cpuregs_reg[32][28]   <wb_clk_i (rise)>
	     bit 1321     picorv32_core_cpuregs_reg[32][29]   <wb_clk_i (rise)>
	     bit 1322     picorv32_core_cpuregs_reg[32][30]   <wb_clk_i (rise)>
	     bit 1323     picorv32_core_cpuregs_reg[32][31]   <wb_clk_i (rise)>
	     bit 1324     picorv32_core_cpuregs_reg[33][0]   <wb_clk_i (rise)>
	     bit 1325     picorv32_core_cpuregs_reg[33][1]   <wb_clk_i (rise)>
	     bit 1326     picorv32_core_cpuregs_reg[33][2]   <wb_clk_i (rise)>
	     bit 1327     picorv32_core_cpuregs_reg[33][3]   <wb_clk_i (rise)>
	     bit 1328     picorv32_core_cpuregs_reg[33][4]   <wb_clk_i (rise)>
	     bit 1329     picorv32_core_cpuregs_reg[33][5]   <wb_clk_i (rise)>
	     bit 1330     picorv32_core_cpuregs_reg[33][6]   <wb_clk_i (rise)>
	     bit 1331     picorv32_core_cpuregs_reg[33][7]   <wb_clk_i (rise)>
	     bit 1332     picorv32_core_cpuregs_reg[33][8]   <wb_clk_i (rise)>
	     bit 1333     picorv32_core_cpuregs_reg[33][9]   <wb_clk_i (rise)>
	     bit 1334     picorv32_core_cpuregs_reg[33][10]   <wb_clk_i (rise)>
	     bit 1335     picorv32_core_cpuregs_reg[33][11]   <wb_clk_i (rise)>
	     bit 1336     picorv32_core_cpuregs_reg[33][12]   <wb_clk_i (rise)>
	     bit 1337     picorv32_core_cpuregs_reg[33][13]   <wb_clk_i (rise)>
	     bit 1338     picorv32_core_cpuregs_reg[33][14]   <wb_clk_i (rise)>
	     bit 1339     picorv32_core_cpuregs_reg[33][15]   <wb_clk_i (rise)>
	     bit 1340     picorv32_core_cpuregs_reg[33][16]   <wb_clk_i (rise)>
	     bit 1341     picorv32_core_cpuregs_reg[33][17]   <wb_clk_i (rise)>
	     bit 1342     picorv32_core_cpuregs_reg[33][18]   <wb_clk_i (rise)>
	     bit 1343     picorv32_core_cpuregs_reg[33][19]   <wb_clk_i (rise)>
	     bit 1344     picorv32_core_cpuregs_reg[33][20]   <wb_clk_i (rise)>
	     bit 1345     picorv32_core_cpuregs_reg[33][21]   <wb_clk_i (rise)>
	     bit 1346     picorv32_core_cpuregs_reg[33][22]   <wb_clk_i (rise)>
	     bit 1347     picorv32_core_cpuregs_reg[33][23]   <wb_clk_i (rise)>
	     bit 1348     picorv32_core_cpuregs_reg[33][24]   <wb_clk_i (rise)>
	     bit 1349     picorv32_core_cpuregs_reg[33][25]   <wb_clk_i (rise)>
	     bit 1350     picorv32_core_cpuregs_reg[33][26]   <wb_clk_i (rise)>
	     bit 1351     picorv32_core_cpuregs_reg[33][27]   <wb_clk_i (rise)>
	     bit 1352     picorv32_core_cpuregs_reg[33][28]   <wb_clk_i (rise)>
	     bit 1353     picorv32_core_cpuregs_reg[33][29]   <wb_clk_i (rise)>
	     bit 1354     picorv32_core_cpuregs_reg[33][30]   <wb_clk_i (rise)>
	     bit 1355     picorv32_core_cpuregs_reg[33][31]   <wb_clk_i (rise)>
	     bit 1356     picorv32_core_cpuregs_reg[34][0]   <wb_clk_i (rise)>
	     bit 1357     picorv32_core_cpuregs_reg[34][1]   <wb_clk_i (rise)>
	     bit 1358     picorv32_core_cpuregs_reg[34][2]   <wb_clk_i (rise)>
	     bit 1359     picorv32_core_cpuregs_reg[34][3]   <wb_clk_i (rise)>
	     bit 1360     picorv32_core_cpuregs_reg[34][4]   <wb_clk_i (rise)>
	     bit 1361     picorv32_core_cpuregs_reg[34][5]   <wb_clk_i (rise)>
	     bit 1362     picorv32_core_cpuregs_reg[34][6]   <wb_clk_i (rise)>
	     bit 1363     picorv32_core_cpuregs_reg[34][7]   <wb_clk_i (rise)>
	     bit 1364     picorv32_core_cpuregs_reg[34][8]   <wb_clk_i (rise)>
	     bit 1365     picorv32_core_cpuregs_reg[34][9]   <wb_clk_i (rise)>
	     bit 1366     picorv32_core_cpuregs_reg[34][10]   <wb_clk_i (rise)>
	     bit 1367     picorv32_core_cpuregs_reg[34][11]   <wb_clk_i (rise)>
	     bit 1368     picorv32_core_cpuregs_reg[34][12]   <wb_clk_i (rise)>
	     bit 1369     picorv32_core_cpuregs_reg[34][13]   <wb_clk_i (rise)>
	     bit 1370     picorv32_core_cpuregs_reg[34][14]   <wb_clk_i (rise)>
	     bit 1371     picorv32_core_cpuregs_reg[34][15]   <wb_clk_i (rise)>
	     bit 1372     picorv32_core_cpuregs_reg[34][16]   <wb_clk_i (rise)>
	     bit 1373     picorv32_core_cpuregs_reg[34][17]   <wb_clk_i (rise)>
	     bit 1374     picorv32_core_cpuregs_reg[34][18]   <wb_clk_i (rise)>
	     bit 1375     picorv32_core_cpuregs_reg[34][19]   <wb_clk_i (rise)>
	     bit 1376     picorv32_core_cpuregs_reg[34][20]   <wb_clk_i (rise)>
	     bit 1377     picorv32_core_cpuregs_reg[34][21]   <wb_clk_i (rise)>
	     bit 1378     picorv32_core_cpuregs_reg[34][22]   <wb_clk_i (rise)>
	     bit 1379     picorv32_core_cpuregs_reg[34][23]   <wb_clk_i (rise)>
	     bit 1380     picorv32_core_cpuregs_reg[34][24]   <wb_clk_i (rise)>
	     bit 1381     picorv32_core_cpuregs_reg[34][25]   <wb_clk_i (rise)>
	     bit 1382     picorv32_core_cpuregs_reg[34][26]   <wb_clk_i (rise)>
	     bit 1383     picorv32_core_cpuregs_reg[34][27]   <wb_clk_i (rise)>
	     bit 1384     picorv32_core_cpuregs_reg[34][28]   <wb_clk_i (rise)>
	     bit 1385     picorv32_core_cpuregs_reg[34][29]   <wb_clk_i (rise)>
	     bit 1386     picorv32_core_cpuregs_reg[34][30]   <wb_clk_i (rise)>
	     bit 1387     picorv32_core_cpuregs_reg[34][31]   <wb_clk_i (rise)>
	     bit 1388     picorv32_core_cpuregs_reg[35][0]   <wb_clk_i (rise)>
	     bit 1389     picorv32_core_cpuregs_reg[35][1]   <wb_clk_i (rise)>
	     bit 1390     picorv32_core_cpuregs_reg[35][2]   <wb_clk_i (rise)>
	     bit 1391     picorv32_core_cpuregs_reg[35][3]   <wb_clk_i (rise)>
	     bit 1392     picorv32_core_cpuregs_reg[35][4]   <wb_clk_i (rise)>
	     bit 1393     picorv32_core_cpuregs_reg[35][5]   <wb_clk_i (rise)>
	     bit 1394     picorv32_core_cpuregs_reg[35][6]   <wb_clk_i (rise)>
	     bit 1395     picorv32_core_cpuregs_reg[35][7]   <wb_clk_i (rise)>
	     bit 1396     picorv32_core_cpuregs_reg[35][8]   <wb_clk_i (rise)>
	     bit 1397     picorv32_core_cpuregs_reg[35][9]   <wb_clk_i (rise)>
	     bit 1398     picorv32_core_cpuregs_reg[35][10]   <wb_clk_i (rise)>
	     bit 1399     picorv32_core_cpuregs_reg[35][11]   <wb_clk_i (rise)>
	     bit 1400     picorv32_core_cpuregs_reg[35][12]   <wb_clk_i (rise)>
	     bit 1401     picorv32_core_cpuregs_reg[35][13]   <wb_clk_i (rise)>
	     bit 1402     picorv32_core_cpuregs_reg[35][14]   <wb_clk_i (rise)>
	     bit 1403     picorv32_core_cpuregs_reg[35][15]   <wb_clk_i (rise)>
	     bit 1404     picorv32_core_cpuregs_reg[35][16]   <wb_clk_i (rise)>
	     bit 1405     picorv32_core_cpuregs_reg[35][17]   <wb_clk_i (rise)>
	     bit 1406     picorv32_core_cpuregs_reg[35][18]   <wb_clk_i (rise)>
	     bit 1407     picorv32_core_cpuregs_reg[35][19]   <wb_clk_i (rise)>
	     bit 1408     picorv32_core_cpuregs_reg[35][20]   <wb_clk_i (rise)>
	     bit 1409     picorv32_core_cpuregs_reg[35][21]   <wb_clk_i (rise)>
	     bit 1410     picorv32_core_cpuregs_reg[35][22]   <wb_clk_i (rise)>
	     bit 1411     picorv32_core_cpuregs_reg[35][23]   <wb_clk_i (rise)>
	     bit 1412     picorv32_core_cpuregs_reg[35][24]   <wb_clk_i (rise)>
	     bit 1413     picorv32_core_cpuregs_reg[35][25]   <wb_clk_i (rise)>
	     bit 1414     picorv32_core_cpuregs_reg[35][26]   <wb_clk_i (rise)>
	     bit 1415     picorv32_core_cpuregs_reg[35][27]   <wb_clk_i (rise)>
	     bit 1416     picorv32_core_cpuregs_reg[35][28]   <wb_clk_i (rise)>
	     bit 1417     picorv32_core_cpuregs_reg[35][29]   <wb_clk_i (rise)>
	     bit 1418     picorv32_core_cpuregs_reg[35][30]   <wb_clk_i (rise)>
	     bit 1419     picorv32_core_cpuregs_reg[35][31]   <wb_clk_i (rise)>
	     bit 1420     picorv32_core_decoded_imm_j_reg[1]   <wb_clk_i (rise)>
	     bit 1421     picorv32_core_decoded_imm_j_reg[2]   <wb_clk_i (rise)>
	     bit 1422     picorv32_core_decoded_imm_j_reg[3]   <wb_clk_i (rise)>
	     bit 1423     picorv32_core_decoded_imm_j_reg[4]   <wb_clk_i (rise)>
	     bit 1424     picorv32_core_decoded_imm_j_reg[5]   <wb_clk_i (rise)>
	     bit 1425     picorv32_core_decoded_imm_j_reg[6]   <wb_clk_i (rise)>
	     bit 1426     picorv32_core_decoded_imm_j_reg[7]   <wb_clk_i (rise)>
	     bit 1427     picorv32_core_decoded_imm_j_reg[8]   <wb_clk_i (rise)>
	     bit 1428     picorv32_core_decoded_imm_j_reg[9]   <wb_clk_i (rise)>
	     bit 1429     picorv32_core_decoded_imm_j_reg[10]   <wb_clk_i (rise)>
	     bit 1430     picorv32_core_decoded_imm_j_reg[11]   <wb_clk_i (rise)>
	     bit 1431     picorv32_core_decoded_imm_j_reg[12]   <wb_clk_i (rise)>
	     bit 1432     picorv32_core_decoded_imm_j_reg[13]   <wb_clk_i (rise)>
	     bit 1433     picorv32_core_decoded_imm_j_reg[14]   <wb_clk_i (rise)>
	     bit 1434     picorv32_core_decoded_imm_j_reg[15]   <wb_clk_i (rise)>
	     bit 1435     picorv32_core_decoded_imm_j_reg[16]   <wb_clk_i (rise)>
	     bit 1436     picorv32_core_decoded_imm_j_reg[17]   <wb_clk_i (rise)>
	     bit 1437     picorv32_core_decoded_imm_j_reg[18]   <wb_clk_i (rise)>
	     bit 1438     picorv32_core_decoded_imm_j_reg[19]   <wb_clk_i (rise)>
	     bit 1439     picorv32_core_decoded_imm_j_reg[20]   <wb_clk_i (rise)>
	     bit 1440     picorv32_core_decoded_imm_reg[0]   <wb_clk_i (rise)>
	     bit 1441     picorv32_core_decoded_imm_reg[1]   <wb_clk_i (rise)>
	     bit 1442     picorv32_core_decoded_imm_reg[2]   <wb_clk_i (rise)>
	     bit 1443     picorv32_core_decoded_imm_reg[3]   <wb_clk_i (rise)>
	     bit 1444     picorv32_core_decoded_imm_reg[4]   <wb_clk_i (rise)>
	     bit 1445     picorv32_core_decoded_imm_reg[5]   <wb_clk_i (rise)>
	     bit 1446     picorv32_core_decoded_imm_reg[6]   <wb_clk_i (rise)>
	     bit 1447     picorv32_core_decoded_imm_reg[7]   <wb_clk_i (rise)>
	     bit 1448     picorv32_core_decoded_imm_reg[8]   <wb_clk_i (rise)>
	     bit 1449     picorv32_core_decoded_imm_reg[9]   <wb_clk_i (rise)>
	     bit 1450     picorv32_core_decoded_imm_reg[10]   <wb_clk_i (rise)>
	     bit 1451     picorv32_core_decoded_imm_reg[11]   <wb_clk_i (rise)>
	     bit 1452     picorv32_core_decoded_imm_reg[12]   <wb_clk_i (rise)>
	     bit 1453     picorv32_core_decoded_imm_reg[13]   <wb_clk_i (rise)>
	     bit 1454     picorv32_core_decoded_imm_reg[14]   <wb_clk_i (rise)>
	     bit 1455     picorv32_core_decoded_imm_reg[15]   <wb_clk_i (rise)>
	     bit 1456     picorv32_core_decoded_imm_reg[16]   <wb_clk_i (rise)>
	     bit 1457     picorv32_core_decoded_imm_reg[17]   <wb_clk_i (rise)>
	     bit 1458     picorv32_core_decoded_imm_reg[18]   <wb_clk_i (rise)>
	     bit 1459     picorv32_core_decoded_imm_reg[19]   <wb_clk_i (rise)>
	     bit 1460     picorv32_core_decoded_imm_reg[20]   <wb_clk_i (rise)>
	     bit 1461     picorv32_core_decoded_imm_reg[21]   <wb_clk_i (rise)>
	     bit 1462     picorv32_core_decoded_imm_reg[22]   <wb_clk_i (rise)>
	     bit 1463     picorv32_core_decoded_imm_reg[23]   <wb_clk_i (rise)>
	     bit 1464     picorv32_core_decoded_imm_reg[24]   <wb_clk_i (rise)>
	     bit 1465     picorv32_core_decoded_imm_reg[25]   <wb_clk_i (rise)>
	     bit 1466     picorv32_core_decoded_imm_reg[26]   <wb_clk_i (rise)>
	     bit 1467     picorv32_core_decoded_imm_reg[27]   <wb_clk_i (rise)>
	     bit 1468     picorv32_core_decoded_imm_reg[28]   <wb_clk_i (rise)>
	     bit 1469     picorv32_core_decoded_imm_reg[29]   <wb_clk_i (rise)>
	     bit 1470     picorv32_core_decoded_imm_reg[30]   <wb_clk_i (rise)>
	     bit 1471     picorv32_core_decoded_imm_reg[31]   <wb_clk_i (rise)>
	     bit 1472     picorv32_core_decoded_rd_reg[0]   <wb_clk_i (rise)>
	     bit 1473     picorv32_core_decoded_rd_reg[1]   <wb_clk_i (rise)>
	     bit 1474     picorv32_core_decoded_rd_reg[2]   <wb_clk_i (rise)>
	     bit 1475     picorv32_core_decoded_rd_reg[3]   <wb_clk_i (rise)>
	     bit 1476     picorv32_core_decoded_rd_reg[4]   <wb_clk_i (rise)>
	     bit 1477     picorv32_core_decoded_rs1_reg[0]   <wb_clk_i (rise)>
	     bit 1478     picorv32_core_decoded_rs1_reg[1]   <wb_clk_i (rise)>
	     bit 1479     picorv32_core_decoded_rs1_reg[2]   <wb_clk_i (rise)>
	     bit 1480     picorv32_core_decoded_rs1_reg[3]   <wb_clk_i (rise)>
	     bit 1481     picorv32_core_decoded_rs1_reg[4]   <wb_clk_i (rise)>
	     bit 1482     picorv32_core_decoded_rs1_reg[5]   <wb_clk_i (rise)>
	     bit 1483     picorv32_core_decoder_pseudo_trigger_reg   <wb_clk_i (rise)>
	     bit 1484     picorv32_core_decoder_trigger_reg   <wb_clk_i (rise)>
	     bit 1485     picorv32_core_do_waitirq_reg   <wb_clk_i (rise)>
	     bit 1486     picorv32_core_eoi_reg[0]   <wb_clk_i (rise)>
	     bit 1487     picorv32_core_eoi_reg[1]   <wb_clk_i (rise)>
	     bit 1488     picorv32_core_eoi_reg[2]   <wb_clk_i (rise)>
	     bit 1489     picorv32_core_eoi_reg[3]   <wb_clk_i (rise)>
	     bit 1490     picorv32_core_eoi_reg[4]   <wb_clk_i (rise)>
	     bit 1491     picorv32_core_eoi_reg[5]   <wb_clk_i (rise)>
	     bit 1492     picorv32_core_eoi_reg[6]   <wb_clk_i (rise)>
	     bit 1493     picorv32_core_eoi_reg[7]   <wb_clk_i (rise)>
	     bit 1494     picorv32_core_eoi_reg[8]   <wb_clk_i (rise)>
	     bit 1495     picorv32_core_eoi_reg[9]   <wb_clk_i (rise)>
	     bit 1496     picorv32_core_eoi_reg[10]   <wb_clk_i (rise)>
	     bit 1497     picorv32_core_eoi_reg[11]   <wb_clk_i (rise)>
	     bit 1498     picorv32_core_eoi_reg[12]   <wb_clk_i (rise)>
	     bit 1499     picorv32_core_eoi_reg[13]   <wb_clk_i (rise)>
	     bit 1500     picorv32_core_eoi_reg[14]   <wb_clk_i (rise)>
	     bit 1501     picorv32_core_eoi_reg[15]   <wb_clk_i (rise)>
	     bit 1502     picorv32_core_eoi_reg[16]   <wb_clk_i (rise)>
	     bit 1503     picorv32_core_eoi_reg[17]   <wb_clk_i (rise)>
	     bit 1504     picorv32_core_eoi_reg[18]   <wb_clk_i (rise)>
	     bit 1505     picorv32_core_eoi_reg[19]   <wb_clk_i (rise)>
	     bit 1506     picorv32_core_eoi_reg[20]   <wb_clk_i (rise)>
	     bit 1507     picorv32_core_eoi_reg[21]   <wb_clk_i (rise)>
	     bit 1508     picorv32_core_eoi_reg[22]   <wb_clk_i (rise)>
	     bit 1509     picorv32_core_eoi_reg[23]   <wb_clk_i (rise)>
	     bit 1510     picorv32_core_eoi_reg[24]   <wb_clk_i (rise)>
	     bit 1511     picorv32_core_eoi_reg[25]   <wb_clk_i (rise)>
	     bit 1512     picorv32_core_eoi_reg[26]   <wb_clk_i (rise)>
	     bit 1513     picorv32_core_eoi_reg[27]   <wb_clk_i (rise)>
	     bit 1514     picorv32_core_eoi_reg[28]   <wb_clk_i (rise)>
	     bit 1515     picorv32_core_eoi_reg[29]   <wb_clk_i (rise)>
	     bit 1516     picorv32_core_eoi_reg[30]   <wb_clk_i (rise)>
	     bit 1517     picorv32_core_eoi_reg[31]   <wb_clk_i (rise)>
	     bit 1518     picorv32_core_genblk1.pcpi_mul_active_reg[0]   <wb_clk_i (rise)>
	     bit 1519     picorv32_core_genblk1.pcpi_mul_active_reg[1]   <wb_clk_i (rise)>
	     bit 1520     picorv32_core_genblk1.pcpi_mul_rd_reg[0]   <wb_clk_i (rise)>
	     bit 1521     picorv32_core_genblk1.pcpi_mul_rd_reg[1]   <wb_clk_i (rise)>
	     bit 1522     picorv32_core_genblk1.pcpi_mul_rd_reg[2]   <wb_clk_i (rise)>
	     bit 1523     picorv32_core_genblk1.pcpi_mul_rd_reg[3]   <wb_clk_i (rise)>
	     bit 1524     picorv32_core_genblk1.pcpi_mul_rd_reg[4]   <wb_clk_i (rise)>
	     bit 1525     picorv32_core_genblk1.pcpi_mul_rd_reg[5]   <wb_clk_i (rise)>
	     bit 1526     picorv32_core_genblk1.pcpi_mul_rd_reg[6]   <wb_clk_i (rise)>
	     bit 1527     picorv32_core_genblk1.pcpi_mul_rd_reg[7]   <wb_clk_i (rise)>
	     bit 1528     picorv32_core_genblk1.pcpi_mul_rd_reg[8]   <wb_clk_i (rise)>
	     bit 1529     picorv32_core_genblk1.pcpi_mul_rd_reg[9]   <wb_clk_i (rise)>
	     bit 1530     picorv32_core_genblk1.pcpi_mul_rd_reg[10]   <wb_clk_i (rise)>
	     bit 1531     picorv32_core_genblk1.pcpi_mul_rd_reg[11]   <wb_clk_i (rise)>
	     bit 1532     picorv32_core_genblk1.pcpi_mul_rd_reg[12]   <wb_clk_i (rise)>
	     bit 1533     picorv32_core_genblk1.pcpi_mul_rd_reg[13]   <wb_clk_i (rise)>
	     bit 1534     picorv32_core_genblk1.pcpi_mul_rd_reg[14]   <wb_clk_i (rise)>
	     bit 1535     picorv32_core_genblk1.pcpi_mul_rd_reg[15]   <wb_clk_i (rise)>
	     bit 1536     picorv32_core_genblk1.pcpi_mul_rd_reg[16]   <wb_clk_i (rise)>
	     bit 1537     picorv32_core_genblk1.pcpi_mul_rd_reg[17]   <wb_clk_i (rise)>
	     bit 1538     picorv32_core_genblk1.pcpi_mul_rd_reg[18]   <wb_clk_i (rise)>
	     bit 1539     picorv32_core_genblk1.pcpi_mul_rd_reg[19]   <wb_clk_i (rise)>
	     bit 1540     picorv32_core_genblk1.pcpi_mul_rd_reg[20]   <wb_clk_i (rise)>
	     bit 1541     picorv32_core_genblk1.pcpi_mul_rd_reg[21]   <wb_clk_i (rise)>
	     bit 1542     picorv32_core_genblk1.pcpi_mul_rd_reg[22]   <wb_clk_i (rise)>
	     bit 1543     picorv32_core_genblk1.pcpi_mul_rd_reg[23]   <wb_clk_i (rise)>
	     bit 1544     picorv32_core_genblk1.pcpi_mul_rd_reg[24]   <wb_clk_i (rise)>
	     bit 1545     picorv32_core_genblk1.pcpi_mul_rd_reg[25]   <wb_clk_i (rise)>
	     bit 1546     picorv32_core_genblk1.pcpi_mul_rd_reg[26]   <wb_clk_i (rise)>
	     bit 1547     picorv32_core_genblk1.pcpi_mul_rd_reg[27]   <wb_clk_i (rise)>
	     bit 1548     picorv32_core_genblk1.pcpi_mul_rd_reg[28]   <wb_clk_i (rise)>
	     bit 1549     picorv32_core_genblk1.pcpi_mul_rd_reg[29]   <wb_clk_i (rise)>
	     bit 1550     picorv32_core_genblk1.pcpi_mul_rd_reg[30]   <wb_clk_i (rise)>
	     bit 1551     picorv32_core_genblk1.pcpi_mul_rd_reg[31]   <wb_clk_i (rise)>
	     bit 1552     picorv32_core_genblk1.pcpi_mul_rd_reg[32]   <wb_clk_i (rise)>
	     bit 1553     picorv32_core_genblk1.pcpi_mul_rd_reg[33]   <wb_clk_i (rise)>
	     bit 1554     picorv32_core_genblk1.pcpi_mul_rd_reg[34]   <wb_clk_i (rise)>
	     bit 1555     picorv32_core_genblk1.pcpi_mul_rd_reg[35]   <wb_clk_i (rise)>
	     bit 1556     picorv32_core_genblk1.pcpi_mul_rd_reg[36]   <wb_clk_i (rise)>
	     bit 1557     picorv32_core_genblk1.pcpi_mul_rd_reg[37]   <wb_clk_i (rise)>
	     bit 1558     picorv32_core_genblk1.pcpi_mul_rd_reg[38]   <wb_clk_i (rise)>
	     bit 1559     picorv32_core_genblk1.pcpi_mul_rd_reg[39]   <wb_clk_i (rise)>
	     bit 1560     picorv32_core_genblk1.pcpi_mul_rd_reg[40]   <wb_clk_i (rise)>
	     bit 1561     picorv32_core_genblk1.pcpi_mul_rd_reg[41]   <wb_clk_i (rise)>
	     bit 1562     picorv32_core_genblk1.pcpi_mul_rd_reg[42]   <wb_clk_i (rise)>
	     bit 1563     picorv32_core_genblk1.pcpi_mul_rd_reg[43]   <wb_clk_i (rise)>
	     bit 1564     picorv32_core_genblk1.pcpi_mul_rd_reg[44]   <wb_clk_i (rise)>
	     bit 1565     picorv32_core_genblk1.pcpi_mul_rd_reg[45]   <wb_clk_i (rise)>
	     bit 1566     picorv32_core_genblk1.pcpi_mul_rd_reg[46]   <wb_clk_i (rise)>
	     bit 1567     picorv32_core_genblk1.pcpi_mul_rd_reg[47]   <wb_clk_i (rise)>
	     bit 1568     picorv32_core_genblk1.pcpi_mul_rd_reg[48]   <wb_clk_i (rise)>
	     bit 1569     picorv32_core_genblk1.pcpi_mul_rd_reg[49]   <wb_clk_i (rise)>
	     bit 1570     picorv32_core_genblk1.pcpi_mul_rd_reg[50]   <wb_clk_i (rise)>
	     bit 1571     picorv32_core_genblk1.pcpi_mul_rd_reg[51]   <wb_clk_i (rise)>
	     bit 1572     picorv32_core_genblk1.pcpi_mul_rd_reg[52]   <wb_clk_i (rise)>
	     bit 1573     picorv32_core_genblk1.pcpi_mul_rd_reg[53]   <wb_clk_i (rise)>
	     bit 1574     picorv32_core_genblk1.pcpi_mul_rd_reg[54]   <wb_clk_i (rise)>
	     bit 1575     picorv32_core_genblk1.pcpi_mul_rd_reg[55]   <wb_clk_i (rise)>
	     bit 1576     picorv32_core_genblk1.pcpi_mul_rd_reg[56]   <wb_clk_i (rise)>
	     bit 1577     picorv32_core_genblk1.pcpi_mul_rd_reg[57]   <wb_clk_i (rise)>
	     bit 1578     picorv32_core_genblk1.pcpi_mul_rd_reg[58]   <wb_clk_i (rise)>
	     bit 1579     picorv32_core_genblk1.pcpi_mul_rd_reg[59]   <wb_clk_i (rise)>
	     bit 1580     picorv32_core_genblk1.pcpi_mul_rd_reg[60]   <wb_clk_i (rise)>
	     bit 1581     picorv32_core_genblk1.pcpi_mul_rd_reg[61]   <wb_clk_i (rise)>
	     bit 1582     picorv32_core_genblk1.pcpi_mul_rd_reg[62]   <wb_clk_i (rise)>
	     bit 1583     picorv32_core_genblk1.pcpi_mul_rd_reg[63]   <wb_clk_i (rise)>
	     bit 1584     picorv32_core_genblk1.pcpi_mul_rs1_reg[0]   <wb_clk_i (rise)>
	     bit 1585     picorv32_core_genblk1.pcpi_mul_rs1_reg[1]   <wb_clk_i (rise)>
	     bit 1586     picorv32_core_genblk1.pcpi_mul_rs1_reg[2]   <wb_clk_i (rise)>
	     bit 1587     picorv32_core_genblk1.pcpi_mul_rs1_reg[3]   <wb_clk_i (rise)>
	     bit 1588     picorv32_core_genblk1.pcpi_mul_rs1_reg[4]   <wb_clk_i (rise)>
	     bit 1589     picorv32_core_genblk1.pcpi_mul_rs1_reg[5]   <wb_clk_i (rise)>
	     bit 1590     picorv32_core_genblk1.pcpi_mul_rs1_reg[6]   <wb_clk_i (rise)>
	     bit 1591     picorv32_core_genblk1.pcpi_mul_rs1_reg[7]   <wb_clk_i (rise)>
	     bit 1592     picorv32_core_genblk1.pcpi_mul_rs1_reg[8]   <wb_clk_i (rise)>
	     bit 1593     picorv32_core_genblk1.pcpi_mul_rs1_reg[9]   <wb_clk_i (rise)>
	     bit 1594     picorv32_core_genblk1.pcpi_mul_rs1_reg[10]   <wb_clk_i (rise)>
	     bit 1595     picorv32_core_genblk1.pcpi_mul_rs1_reg[11]   <wb_clk_i (rise)>
	     bit 1596     picorv32_core_genblk1.pcpi_mul_rs1_reg[12]   <wb_clk_i (rise)>
	     bit 1597     picorv32_core_genblk1.pcpi_mul_rs1_reg[13]   <wb_clk_i (rise)>
	     bit 1598     picorv32_core_genblk1.pcpi_mul_rs1_reg[14]   <wb_clk_i (rise)>
	     bit 1599     picorv32_core_genblk1.pcpi_mul_rs1_reg[15]   <wb_clk_i (rise)>
	     bit 1600     picorv32_core_genblk1.pcpi_mul_rs1_reg[16]   <wb_clk_i (rise)>
	     bit 1601     picorv32_core_genblk1.pcpi_mul_rs1_reg[17]   <wb_clk_i (rise)>
	     bit 1602     picorv32_core_genblk1.pcpi_mul_rs1_reg[18]   <wb_clk_i (rise)>
	     bit 1603     picorv32_core_genblk1.pcpi_mul_rs1_reg[19]   <wb_clk_i (rise)>
	     bit 1604     picorv32_core_genblk1.pcpi_mul_rs1_reg[20]   <wb_clk_i (rise)>
	     bit 1605     picorv32_core_genblk1.pcpi_mul_rs1_reg[21]   <wb_clk_i (rise)>
	     bit 1606     picorv32_core_genblk1.pcpi_mul_rs1_reg[22]   <wb_clk_i (rise)>
	     bit 1607     picorv32_core_genblk1.pcpi_mul_rs1_reg[23]   <wb_clk_i (rise)>
	     bit 1608     picorv32_core_genblk1.pcpi_mul_rs1_reg[24]   <wb_clk_i (rise)>
	     bit 1609     picorv32_core_genblk1.pcpi_mul_rs1_reg[25]   <wb_clk_i (rise)>
	     bit 1610     picorv32_core_genblk1.pcpi_mul_rs1_reg[26]   <wb_clk_i (rise)>
	     bit 1611     picorv32_core_genblk1.pcpi_mul_rs1_reg[27]   <wb_clk_i (rise)>
	     bit 1612     picorv32_core_genblk1.pcpi_mul_rs1_reg[28]   <wb_clk_i (rise)>
	     bit 1613     picorv32_core_genblk1.pcpi_mul_rs1_reg[29]   <wb_clk_i (rise)>
	     bit 1614     picorv32_core_genblk1.pcpi_mul_rs1_reg[30]   <wb_clk_i (rise)>
	     bit 1615     picorv32_core_genblk1.pcpi_mul_rs1_reg[31]   <wb_clk_i (rise)>
	     bit 1616     picorv32_core_genblk1.pcpi_mul_rs1_reg[32]   <wb_clk_i (rise)>
	     bit 1617     picorv32_core_genblk1.pcpi_mul_rs2_reg[0]   <wb_clk_i (rise)>
	     bit 1618     picorv32_core_genblk1.pcpi_mul_rs2_reg[1]   <wb_clk_i (rise)>
	     bit 1619     picorv32_core_genblk1.pcpi_mul_rs2_reg[2]   <wb_clk_i (rise)>
	     bit 1620     picorv32_core_genblk1.pcpi_mul_rs2_reg[3]   <wb_clk_i (rise)>
	     bit 1621     picorv32_core_genblk1.pcpi_mul_rs2_reg[4]   <wb_clk_i (rise)>
	     bit 1622     picorv32_core_genblk1.pcpi_mul_rs2_reg[5]   <wb_clk_i (rise)>
	     bit 1623     picorv32_core_genblk1.pcpi_mul_rs2_reg[6]   <wb_clk_i (rise)>
	     bit 1624     picorv32_core_genblk1.pcpi_mul_rs2_reg[7]   <wb_clk_i (rise)>
	     bit 1625     picorv32_core_genblk1.pcpi_mul_rs2_reg[8]   <wb_clk_i (rise)>
	     bit 1626     picorv32_core_genblk1.pcpi_mul_rs2_reg[9]   <wb_clk_i (rise)>
	     bit 1627     picorv32_core_genblk1.pcpi_mul_rs2_reg[10]   <wb_clk_i (rise)>
	     bit 1628     picorv32_core_genblk1.pcpi_mul_rs2_reg[11]   <wb_clk_i (rise)>
	     bit 1629     picorv32_core_genblk1.pcpi_mul_rs2_reg[12]   <wb_clk_i (rise)>
	     bit 1630     picorv32_core_genblk1.pcpi_mul_rs2_reg[13]   <wb_clk_i (rise)>
	     bit 1631     picorv32_core_genblk1.pcpi_mul_rs2_reg[14]   <wb_clk_i (rise)>
	     bit 1632     picorv32_core_genblk1.pcpi_mul_rs2_reg[15]   <wb_clk_i (rise)>
	     bit 1633     picorv32_core_genblk1.pcpi_mul_rs2_reg[16]   <wb_clk_i (rise)>
	     bit 1634     picorv32_core_genblk1.pcpi_mul_rs2_reg[17]   <wb_clk_i (rise)>
	     bit 1635     picorv32_core_genblk1.pcpi_mul_rs2_reg[18]   <wb_clk_i (rise)>
	     bit 1636     picorv32_core_genblk1.pcpi_mul_rs2_reg[19]   <wb_clk_i (rise)>
	     bit 1637     picorv32_core_genblk1.pcpi_mul_rs2_reg[20]   <wb_clk_i (rise)>
	     bit 1638     picorv32_core_genblk1.pcpi_mul_rs2_reg[21]   <wb_clk_i (rise)>
	     bit 1639     picorv32_core_genblk1.pcpi_mul_rs2_reg[22]   <wb_clk_i (rise)>
	     bit 1640     picorv32_core_genblk1.pcpi_mul_rs2_reg[23]   <wb_clk_i (rise)>
	     bit 1641     picorv32_core_genblk1.pcpi_mul_rs2_reg[24]   <wb_clk_i (rise)>
	     bit 1642     picorv32_core_genblk1.pcpi_mul_rs2_reg[25]   <wb_clk_i (rise)>
	     bit 1643     picorv32_core_genblk1.pcpi_mul_rs2_reg[26]   <wb_clk_i (rise)>
	     bit 1644     picorv32_core_genblk1.pcpi_mul_rs2_reg[27]   <wb_clk_i (rise)>
	     bit 1645     picorv32_core_genblk1.pcpi_mul_rs2_reg[28]   <wb_clk_i (rise)>
	     bit 1646     picorv32_core_genblk1.pcpi_mul_rs2_reg[29]   <wb_clk_i (rise)>
	     bit 1647     picorv32_core_genblk1.pcpi_mul_rs2_reg[30]   <wb_clk_i (rise)>
	     bit 1648     picorv32_core_genblk1.pcpi_mul_rs2_reg[31]   <wb_clk_i (rise)>
	     bit 1649     picorv32_core_genblk1.pcpi_mul_rs2_reg[32]   <wb_clk_i (rise)>
	     bit 1650     picorv32_core_genblk1.pcpi_mul_shift_out_reg   <wb_clk_i (rise)>
	     bit 1651     picorv32_core_genblk2.pcpi_div_dividend_reg[0]   <wb_clk_i (rise)>
	     bit 1652     picorv32_core_genblk2.pcpi_div_dividend_reg[1]   <wb_clk_i (rise)>
	     bit 1653     picorv32_core_genblk2.pcpi_div_dividend_reg[2]   <wb_clk_i (rise)>
	     bit 1654     picorv32_core_genblk2.pcpi_div_dividend_reg[3]   <wb_clk_i (rise)>
	     bit 1655     picorv32_core_genblk2.pcpi_div_dividend_reg[4]   <wb_clk_i (rise)>
	     bit 1656     picorv32_core_genblk2.pcpi_div_dividend_reg[5]   <wb_clk_i (rise)>
	     bit 1657     picorv32_core_genblk2.pcpi_div_dividend_reg[6]   <wb_clk_i (rise)>
	     bit 1658     picorv32_core_genblk2.pcpi_div_dividend_reg[7]   <wb_clk_i (rise)>
	     bit 1659     picorv32_core_genblk2.pcpi_div_dividend_reg[8]   <wb_clk_i (rise)>
	     bit 1660     picorv32_core_genblk2.pcpi_div_dividend_reg[9]   <wb_clk_i (rise)>
	     bit 1661     picorv32_core_genblk2.pcpi_div_dividend_reg[10]   <wb_clk_i (rise)>
	     bit 1662     picorv32_core_genblk2.pcpi_div_dividend_reg[11]   <wb_clk_i (rise)>
	     bit 1663     picorv32_core_genblk2.pcpi_div_dividend_reg[12]   <wb_clk_i (rise)>
	     bit 1664     picorv32_core_genblk2.pcpi_div_dividend_reg[13]   <wb_clk_i (rise)>
	     bit 1665     picorv32_core_genblk2.pcpi_div_dividend_reg[14]   <wb_clk_i (rise)>
	     bit 1666     picorv32_core_genblk2.pcpi_div_dividend_reg[15]   <wb_clk_i (rise)>
	     bit 1667     picorv32_core_genblk2.pcpi_div_dividend_reg[16]   <wb_clk_i (rise)>
	     bit 1668     picorv32_core_genblk2.pcpi_div_dividend_reg[17]   <wb_clk_i (rise)>
	     bit 1669     picorv32_core_genblk2.pcpi_div_dividend_reg[18]   <wb_clk_i (rise)>
	     bit 1670     picorv32_core_genblk2.pcpi_div_dividend_reg[19]   <wb_clk_i (rise)>
	     bit 1671     picorv32_core_genblk2.pcpi_div_dividend_reg[20]   <wb_clk_i (rise)>
	     bit 1672     picorv32_core_genblk2.pcpi_div_dividend_reg[21]   <wb_clk_i (rise)>
	     bit 1673     picorv32_core_genblk2.pcpi_div_dividend_reg[22]   <wb_clk_i (rise)>
	     bit 1674     picorv32_core_genblk2.pcpi_div_dividend_reg[23]   <wb_clk_i (rise)>
	     bit 1675     picorv32_core_genblk2.pcpi_div_dividend_reg[24]   <wb_clk_i (rise)>
	     bit 1676     picorv32_core_genblk2.pcpi_div_dividend_reg[25]   <wb_clk_i (rise)>
	     bit 1677     picorv32_core_genblk2.pcpi_div_dividend_reg[26]   <wb_clk_i (rise)>
	     bit 1678     picorv32_core_genblk2.pcpi_div_dividend_reg[27]   <wb_clk_i (rise)>
	     bit 1679     picorv32_core_genblk2.pcpi_div_dividend_reg[28]   <wb_clk_i (rise)>
	     bit 1680     picorv32_core_genblk2.pcpi_div_dividend_reg[29]   <wb_clk_i (rise)>
	     bit 1681     picorv32_core_genblk2.pcpi_div_dividend_reg[30]   <wb_clk_i (rise)>
	     bit 1682     picorv32_core_genblk2.pcpi_div_dividend_reg[31]   <wb_clk_i (rise)>
	     bit 1683     picorv32_core_genblk2.pcpi_div_divisor_reg[0]   <wb_clk_i (rise)>
	     bit 1684     picorv32_core_genblk2.pcpi_div_divisor_reg[1]   <wb_clk_i (rise)>
	     bit 1685     picorv32_core_genblk2.pcpi_div_divisor_reg[2]   <wb_clk_i (rise)>
	     bit 1686     picorv32_core_genblk2.pcpi_div_divisor_reg[3]   <wb_clk_i (rise)>
	     bit 1687     picorv32_core_genblk2.pcpi_div_divisor_reg[4]   <wb_clk_i (rise)>
	     bit 1688     picorv32_core_genblk2.pcpi_div_divisor_reg[5]   <wb_clk_i (rise)>
	     bit 1689     picorv32_core_genblk2.pcpi_div_divisor_reg[6]   <wb_clk_i (rise)>
	     bit 1690     picorv32_core_genblk2.pcpi_div_divisor_reg[7]   <wb_clk_i (rise)>
	     bit 1691     picorv32_core_genblk2.pcpi_div_divisor_reg[8]   <wb_clk_i (rise)>
	     bit 1692     picorv32_core_genblk2.pcpi_div_divisor_reg[9]   <wb_clk_i (rise)>
	     bit 1693     picorv32_core_genblk2.pcpi_div_divisor_reg[10]   <wb_clk_i (rise)>
	     bit 1694     picorv32_core_genblk2.pcpi_div_divisor_reg[11]   <wb_clk_i (rise)>
	     bit 1695     picorv32_core_genblk2.pcpi_div_divisor_reg[12]   <wb_clk_i (rise)>
	     bit 1696     picorv32_core_genblk2.pcpi_div_divisor_reg[13]   <wb_clk_i (rise)>
	     bit 1697     picorv32_core_genblk2.pcpi_div_divisor_reg[14]   <wb_clk_i (rise)>
	     bit 1698     picorv32_core_genblk2.pcpi_div_divisor_reg[15]   <wb_clk_i (rise)>
	     bit 1699     picorv32_core_genblk2.pcpi_div_divisor_reg[16]   <wb_clk_i (rise)>
	     bit 1700     picorv32_core_genblk2.pcpi_div_divisor_reg[17]   <wb_clk_i (rise)>
	     bit 1701     picorv32_core_genblk2.pcpi_div_divisor_reg[18]   <wb_clk_i (rise)>
	     bit 1702     picorv32_core_genblk2.pcpi_div_divisor_reg[19]   <wb_clk_i (rise)>
	     bit 1703     picorv32_core_genblk2.pcpi_div_divisor_reg[20]   <wb_clk_i (rise)>
	     bit 1704     picorv32_core_genblk2.pcpi_div_divisor_reg[21]   <wb_clk_i (rise)>
	     bit 1705     picorv32_core_genblk2.pcpi_div_divisor_reg[22]   <wb_clk_i (rise)>
	     bit 1706     picorv32_core_genblk2.pcpi_div_divisor_reg[23]   <wb_clk_i (rise)>
	     bit 1707     picorv32_core_genblk2.pcpi_div_divisor_reg[24]   <wb_clk_i (rise)>
	     bit 1708     picorv32_core_genblk2.pcpi_div_divisor_reg[25]   <wb_clk_i (rise)>
	     bit 1709     picorv32_core_genblk2.pcpi_div_divisor_reg[26]   <wb_clk_i (rise)>
	     bit 1710     picorv32_core_genblk2.pcpi_div_divisor_reg[27]   <wb_clk_i (rise)>
	     bit 1711     picorv32_core_genblk2.pcpi_div_divisor_reg[28]   <wb_clk_i (rise)>
	     bit 1712     picorv32_core_genblk2.pcpi_div_divisor_reg[29]   <wb_clk_i (rise)>
	     bit 1713     picorv32_core_genblk2.pcpi_div_divisor_reg[30]   <wb_clk_i (rise)>
	     bit 1714     picorv32_core_genblk2.pcpi_div_divisor_reg[31]   <wb_clk_i (rise)>
	     bit 1715     picorv32_core_genblk2.pcpi_div_divisor_reg[32]   <wb_clk_i (rise)>
	     bit 1716     picorv32_core_genblk2.pcpi_div_divisor_reg[33]   <wb_clk_i (rise)>
	     bit 1717     picorv32_core_genblk2.pcpi_div_divisor_reg[34]   <wb_clk_i (rise)>
	     bit 1718     picorv32_core_genblk2.pcpi_div_divisor_reg[35]   <wb_clk_i (rise)>
	     bit 1719     picorv32_core_genblk2.pcpi_div_divisor_reg[36]   <wb_clk_i (rise)>
	     bit 1720     picorv32_core_genblk2.pcpi_div_divisor_reg[37]   <wb_clk_i (rise)>
	     bit 1721     picorv32_core_genblk2.pcpi_div_divisor_reg[38]   <wb_clk_i (rise)>
	     bit 1722     picorv32_core_genblk2.pcpi_div_divisor_reg[39]   <wb_clk_i (rise)>
	     bit 1723     picorv32_core_genblk2.pcpi_div_divisor_reg[40]   <wb_clk_i (rise)>
	     bit 1724     picorv32_core_genblk2.pcpi_div_divisor_reg[41]   <wb_clk_i (rise)>
	     bit 1725     picorv32_core_genblk2.pcpi_div_divisor_reg[42]   <wb_clk_i (rise)>
	     bit 1726     picorv32_core_genblk2.pcpi_div_divisor_reg[43]   <wb_clk_i (rise)>
	     bit 1727     picorv32_core_genblk2.pcpi_div_divisor_reg[44]   <wb_clk_i (rise)>
	     bit 1728     picorv32_core_genblk2.pcpi_div_divisor_reg[45]   <wb_clk_i (rise)>
	     bit 1729     picorv32_core_genblk2.pcpi_div_divisor_reg[46]   <wb_clk_i (rise)>
	     bit 1730     picorv32_core_genblk2.pcpi_div_divisor_reg[47]   <wb_clk_i (rise)>
	     bit 1731     picorv32_core_genblk2.pcpi_div_divisor_reg[48]   <wb_clk_i (rise)>
	     bit 1732     picorv32_core_genblk2.pcpi_div_divisor_reg[49]   <wb_clk_i (rise)>
	     bit 1733     picorv32_core_genblk2.pcpi_div_divisor_reg[50]   <wb_clk_i (rise)>
	     bit 1734     picorv32_core_genblk2.pcpi_div_divisor_reg[51]   <wb_clk_i (rise)>
	     bit 1735     picorv32_core_genblk2.pcpi_div_divisor_reg[52]   <wb_clk_i (rise)>
	     bit 1736     picorv32_core_genblk2.pcpi_div_divisor_reg[53]   <wb_clk_i (rise)>
	     bit 1737     picorv32_core_genblk2.pcpi_div_divisor_reg[54]   <wb_clk_i (rise)>
	     bit 1738     picorv32_core_genblk2.pcpi_div_divisor_reg[55]   <wb_clk_i (rise)>
	     bit 1739     picorv32_core_genblk2.pcpi_div_divisor_reg[56]   <wb_clk_i (rise)>
	     bit 1740     picorv32_core_genblk2.pcpi_div_divisor_reg[57]   <wb_clk_i (rise)>
	     bit 1741     picorv32_core_genblk2.pcpi_div_divisor_reg[58]   <wb_clk_i (rise)>
	     bit 1742     picorv32_core_genblk2.pcpi_div_divisor_reg[59]   <wb_clk_i (rise)>
	     bit 1743     picorv32_core_genblk2.pcpi_div_divisor_reg[60]   <wb_clk_i (rise)>
	     bit 1744     picorv32_core_genblk2.pcpi_div_divisor_reg[61]   <wb_clk_i (rise)>
	     bit 1745     picorv32_core_genblk2.pcpi_div_divisor_reg[62]   <wb_clk_i (rise)>
	     bit 1746     picorv32_core_genblk2.pcpi_div_instr_div_reg   <wb_clk_i (rise)>
	     bit 1747     picorv32_core_genblk2.pcpi_div_instr_divu_reg   <wb_clk_i (rise)>
	     bit 1748     picorv32_core_genblk2.pcpi_div_instr_rem_reg   <wb_clk_i (rise)>
	     bit 1749     picorv32_core_genblk2.pcpi_div_instr_remu_reg   <wb_clk_i (rise)>
	     bit 1750     picorv32_core_genblk2.pcpi_div_outsign_reg   <wb_clk_i (rise)>
	     bit 1751     picorv32_core_genblk2.pcpi_div_pcpi_rd_reg[0]   <wb_clk_i (rise)>
	     bit 1752     picorv32_core_genblk2.pcpi_div_pcpi_rd_reg[1]   <wb_clk_i (rise)>
	     bit 1753     picorv32_core_genblk2.pcpi_div_pcpi_rd_reg[2]   <wb_clk_i (rise)>
	     bit 1754     picorv32_core_genblk2.pcpi_div_pcpi_rd_reg[3]   <wb_clk_i (rise)>
	     bit 1755     picorv32_core_genblk2.pcpi_div_pcpi_rd_reg[4]   <wb_clk_i (rise)>
	     bit 1756     picorv32_core_genblk2.pcpi_div_pcpi_rd_reg[5]   <wb_clk_i (rise)>
	     bit 1757     picorv32_core_genblk2.pcpi_div_pcpi_rd_reg[6]   <wb_clk_i (rise)>
	     bit 1758     picorv32_core_genblk2.pcpi_div_pcpi_rd_reg[7]   <wb_clk_i (rise)>
	     bit 1759     picorv32_core_genblk2.pcpi_div_pcpi_rd_reg[8]   <wb_clk_i (rise)>
	     bit 1760     picorv32_core_genblk2.pcpi_div_pcpi_rd_reg[9]   <wb_clk_i (rise)>
	     bit 1761     picorv32_core_genblk2.pcpi_div_pcpi_rd_reg[10]   <wb_clk_i (rise)>
	     bit 1762     picorv32_core_genblk2.pcpi_div_pcpi_rd_reg[11]   <wb_clk_i (rise)>
	     bit 1763     picorv32_core_genblk2.pcpi_div_pcpi_rd_reg[12]   <wb_clk_i (rise)>
	     bit 1764     picorv32_core_genblk2.pcpi_div_pcpi_rd_reg[13]   <wb_clk_i (rise)>
	     bit 1765     picorv32_core_genblk2.pcpi_div_pcpi_rd_reg[14]   <wb_clk_i (rise)>
	     bit 1766     picorv32_core_genblk2.pcpi_div_pcpi_rd_reg[15]   <wb_clk_i (rise)>
	     bit 1767     picorv32_core_genblk2.pcpi_div_pcpi_rd_reg[16]   <wb_clk_i (rise)>
	     bit 1768     picorv32_core_genblk2.pcpi_div_pcpi_rd_reg[17]   <wb_clk_i (rise)>
	     bit 1769     picorv32_core_genblk2.pcpi_div_pcpi_rd_reg[18]   <wb_clk_i (rise)>
	     bit 1770     picorv32_core_genblk2.pcpi_div_pcpi_rd_reg[19]   <wb_clk_i (rise)>
	     bit 1771     picorv32_core_genblk2.pcpi_div_pcpi_rd_reg[20]   <wb_clk_i (rise)>
	     bit 1772     picorv32_core_genblk2.pcpi_div_pcpi_rd_reg[21]   <wb_clk_i (rise)>
	     bit 1773     picorv32_core_genblk2.pcpi_div_pcpi_rd_reg[22]   <wb_clk_i (rise)>
	     bit 1774     picorv32_core_genblk2.pcpi_div_pcpi_rd_reg[23]   <wb_clk_i (rise)>
	     bit 1775     picorv32_core_genblk2.pcpi_div_pcpi_rd_reg[24]   <wb_clk_i (rise)>
	     bit 1776     picorv32_core_genblk2.pcpi_div_pcpi_rd_reg[25]   <wb_clk_i (rise)>
	     bit 1777     picorv32_core_genblk2.pcpi_div_pcpi_rd_reg[26]   <wb_clk_i (rise)>
	     bit 1778     picorv32_core_genblk2.pcpi_div_pcpi_rd_reg[27]   <wb_clk_i (rise)>
	     bit 1779     picorv32_core_genblk2.pcpi_div_pcpi_rd_reg[28]   <wb_clk_i (rise)>
	     bit 1780     picorv32_core_genblk2.pcpi_div_pcpi_rd_reg[29]   <wb_clk_i (rise)>
	     bit 1781     picorv32_core_genblk2.pcpi_div_pcpi_rd_reg[30]   <wb_clk_i (rise)>
	     bit 1782     picorv32_core_genblk2.pcpi_div_pcpi_rd_reg[31]   <wb_clk_i (rise)>
	     bit 1783     picorv32_core_genblk2.pcpi_div_pcpi_ready_reg   <wb_clk_i (rise)>
	     bit 1784     picorv32_core_genblk2.pcpi_div_pcpi_wait_q_reg   <wb_clk_i (rise)>
	     bit 1785     picorv32_core_genblk2.pcpi_div_pcpi_wait_reg   <wb_clk_i (rise)>
	     bit 1786     picorv32_core_genblk2.pcpi_div_quotient_msk_reg[0]   <wb_clk_i (rise)>
	     bit 1787     picorv32_core_genblk2.pcpi_div_quotient_msk_reg[1]   <wb_clk_i (rise)>
	     bit 1788     picorv32_core_genblk2.pcpi_div_quotient_msk_reg[2]   <wb_clk_i (rise)>
	     bit 1789     picorv32_core_genblk2.pcpi_div_quotient_msk_reg[3]   <wb_clk_i (rise)>
	     bit 1790     picorv32_core_genblk2.pcpi_div_quotient_msk_reg[4]   <wb_clk_i (rise)>
	     bit 1791     picorv32_core_genblk2.pcpi_div_quotient_msk_reg[5]   <wb_clk_i (rise)>
	     bit 1792     picorv32_core_genblk2.pcpi_div_quotient_msk_reg[6]   <wb_clk_i (rise)>
	     bit 1793     picorv32_core_genblk2.pcpi_div_quotient_msk_reg[7]   <wb_clk_i (rise)>
	     bit 1794     picorv32_core_genblk2.pcpi_div_quotient_msk_reg[8]   <wb_clk_i (rise)>
	     bit 1795     picorv32_core_genblk2.pcpi_div_quotient_msk_reg[9]   <wb_clk_i (rise)>
	     bit 1796     picorv32_core_genblk2.pcpi_div_quotient_msk_reg[10]   <wb_clk_i (rise)>
	     bit 1797     picorv32_core_genblk2.pcpi_div_quotient_msk_reg[11]   <wb_clk_i (rise)>
	     bit 1798     picorv32_core_genblk2.pcpi_div_quotient_msk_reg[12]   <wb_clk_i (rise)>
	     bit 1799     picorv32_core_genblk2.pcpi_div_quotient_msk_reg[13]   <wb_clk_i (rise)>
	     bit 1800     picorv32_core_genblk2.pcpi_div_quotient_msk_reg[14]   <wb_clk_i (rise)>
	     bit 1801     picorv32_core_genblk2.pcpi_div_quotient_msk_reg[15]   <wb_clk_i (rise)>
	     bit 1802     picorv32_core_genblk2.pcpi_div_quotient_msk_reg[16]   <wb_clk_i (rise)>
	     bit 1803     picorv32_core_genblk2.pcpi_div_quotient_msk_reg[17]   <wb_clk_i (rise)>
	     bit 1804     picorv32_core_genblk2.pcpi_div_quotient_msk_reg[18]   <wb_clk_i (rise)>
	     bit 1805     picorv32_core_genblk2.pcpi_div_quotient_msk_reg[19]   <wb_clk_i (rise)>
	     bit 1806     picorv32_core_genblk2.pcpi_div_quotient_msk_reg[20]   <wb_clk_i (rise)>
	     bit 1807     picorv32_core_genblk2.pcpi_div_quotient_msk_reg[21]   <wb_clk_i (rise)>
	     bit 1808     picorv32_core_genblk2.pcpi_div_quotient_msk_reg[22]   <wb_clk_i (rise)>
	     bit 1809     picorv32_core_genblk2.pcpi_div_quotient_msk_reg[23]   <wb_clk_i (rise)>
	     bit 1810     picorv32_core_genblk2.pcpi_div_quotient_msk_reg[24]   <wb_clk_i (rise)>
	     bit 1811     picorv32_core_genblk2.pcpi_div_quotient_msk_reg[25]   <wb_clk_i (rise)>
	     bit 1812     picorv32_core_genblk2.pcpi_div_quotient_msk_reg[26]   <wb_clk_i (rise)>
	     bit 1813     picorv32_core_genblk2.pcpi_div_quotient_msk_reg[27]   <wb_clk_i (rise)>
	     bit 1814     picorv32_core_genblk2.pcpi_div_quotient_msk_reg[28]   <wb_clk_i (rise)>
	     bit 1815     picorv32_core_genblk2.pcpi_div_quotient_msk_reg[29]   <wb_clk_i (rise)>
	     bit 1816     picorv32_core_genblk2.pcpi_div_quotient_msk_reg[30]   <wb_clk_i (rise)>
	     bit 1817     picorv32_core_genblk2.pcpi_div_quotient_msk_reg[31]   <wb_clk_i (rise)>
	     bit 1818     picorv32_core_genblk2.pcpi_div_quotient_reg[0]   <wb_clk_i (rise)>
	     bit 1819     picorv32_core_genblk2.pcpi_div_quotient_reg[1]   <wb_clk_i (rise)>
	     bit 1820     picorv32_core_genblk2.pcpi_div_quotient_reg[2]   <wb_clk_i (rise)>
	     bit 1821     picorv32_core_genblk2.pcpi_div_quotient_reg[3]   <wb_clk_i (rise)>
	     bit 1822     picorv32_core_genblk2.pcpi_div_quotient_reg[4]   <wb_clk_i (rise)>
	     bit 1823     picorv32_core_genblk2.pcpi_div_quotient_reg[5]   <wb_clk_i (rise)>
	     bit 1824     picorv32_core_genblk2.pcpi_div_quotient_reg[6]   <wb_clk_i (rise)>
	     bit 1825     picorv32_core_genblk2.pcpi_div_quotient_reg[7]   <wb_clk_i (rise)>
	     bit 1826     picorv32_core_genblk2.pcpi_div_quotient_reg[8]   <wb_clk_i (rise)>
	     bit 1827     picorv32_core_genblk2.pcpi_div_quotient_reg[9]   <wb_clk_i (rise)>
	     bit 1828     picorv32_core_genblk2.pcpi_div_quotient_reg[10]   <wb_clk_i (rise)>
	     bit 1829     picorv32_core_genblk2.pcpi_div_quotient_reg[11]   <wb_clk_i (rise)>
	     bit 1830     picorv32_core_genblk2.pcpi_div_quotient_reg[12]   <wb_clk_i (rise)>
	     bit 1831     picorv32_core_genblk2.pcpi_div_quotient_reg[13]   <wb_clk_i (rise)>
	     bit 1832     picorv32_core_genblk2.pcpi_div_quotient_reg[14]   <wb_clk_i (rise)>
	     bit 1833     picorv32_core_genblk2.pcpi_div_quotient_reg[15]   <wb_clk_i (rise)>
	     bit 1834     picorv32_core_genblk2.pcpi_div_quotient_reg[16]   <wb_clk_i (rise)>
	     bit 1835     picorv32_core_genblk2.pcpi_div_quotient_reg[17]   <wb_clk_i (rise)>
	     bit 1836     picorv32_core_genblk2.pcpi_div_quotient_reg[18]   <wb_clk_i (rise)>
	     bit 1837     picorv32_core_genblk2.pcpi_div_quotient_reg[19]   <wb_clk_i (rise)>
	     bit 1838     picorv32_core_genblk2.pcpi_div_quotient_reg[20]   <wb_clk_i (rise)>
	     bit 1839     picorv32_core_genblk2.pcpi_div_quotient_reg[21]   <wb_clk_i (rise)>
	     bit 1840     picorv32_core_genblk2.pcpi_div_quotient_reg[22]   <wb_clk_i (rise)>
	     bit 1841     picorv32_core_genblk2.pcpi_div_quotient_reg[23]   <wb_clk_i (rise)>
	     bit 1842     picorv32_core_genblk2.pcpi_div_quotient_reg[24]   <wb_clk_i (rise)>
	     bit 1843     picorv32_core_genblk2.pcpi_div_quotient_reg[25]   <wb_clk_i (rise)>
	     bit 1844     picorv32_core_genblk2.pcpi_div_quotient_reg[26]   <wb_clk_i (rise)>
	     bit 1845     picorv32_core_genblk2.pcpi_div_quotient_reg[27]   <wb_clk_i (rise)>
	     bit 1846     picorv32_core_genblk2.pcpi_div_quotient_reg[28]   <wb_clk_i (rise)>
	     bit 1847     picorv32_core_genblk2.pcpi_div_quotient_reg[29]   <wb_clk_i (rise)>
	     bit 1848     picorv32_core_genblk2.pcpi_div_quotient_reg[30]   <wb_clk_i (rise)>
	     bit 1849     picorv32_core_genblk2.pcpi_div_quotient_reg[31]   <wb_clk_i (rise)>
	     bit 1850     picorv32_core_genblk2.pcpi_div_running_reg   <wb_clk_i (rise)>
	     bit 1851     picorv32_core_instr_add_reg   <wb_clk_i (rise)>
	     bit 1852     picorv32_core_instr_addi_reg   <wb_clk_i (rise)>
	     bit 1853     picorv32_core_instr_and_reg   <wb_clk_i (rise)>
	     bit 1854     picorv32_core_instr_andi_reg   <wb_clk_i (rise)>
	     bit 1855     picorv32_core_instr_auipc_reg   <wb_clk_i (rise)>
	     bit 1856     picorv32_core_instr_beq_reg   <wb_clk_i (rise)>
	     bit 1857     picorv32_core_instr_bge_reg   <wb_clk_i (rise)>
	     bit 1858     picorv32_core_instr_bgeu_reg   <wb_clk_i (rise)>
	     bit 1859     picorv32_core_instr_blt_reg   <wb_clk_i (rise)>
	     bit 1860     picorv32_core_instr_bltu_reg   <wb_clk_i (rise)>
	     bit 1861     picorv32_core_instr_bne_reg   <wb_clk_i (rise)>
	     bit 1862     picorv32_core_instr_ecall_ebreak_reg   <wb_clk_i (rise)>
	     bit 1863     picorv32_core_instr_fence_reg   <wb_clk_i (rise)>
	     bit 1864     picorv32_core_instr_getq_reg   <wb_clk_i (rise)>
	     bit 1865     picorv32_core_instr_jal_reg   <wb_clk_i (rise)>
	     bit 1866     picorv32_core_instr_jalr_reg   <wb_clk_i (rise)>
	     bit 1867     picorv32_core_instr_lb_reg   <wb_clk_i (rise)>
	     bit 1868     picorv32_core_instr_lbu_reg   <wb_clk_i (rise)>
	     bit 1869     picorv32_core_instr_lh_reg   <wb_clk_i (rise)>
	     bit 1870     picorv32_core_instr_lhu_reg   <wb_clk_i (rise)>
	     bit 1871     picorv32_core_instr_lui_reg   <wb_clk_i (rise)>
	     bit 1872     picorv32_core_instr_lw_reg   <wb_clk_i (rise)>
	     bit 1873     picorv32_core_instr_maskirq_reg   <wb_clk_i (rise)>
	     bit 1874     picorv32_core_instr_or_reg   <wb_clk_i (rise)>
	     bit 1875     picorv32_core_instr_ori_reg   <wb_clk_i (rise)>
	     bit 1876     picorv32_core_instr_rdcycle_reg   <wb_clk_i (rise)>
	     bit 1877     picorv32_core_instr_rdcycleh_reg   <wb_clk_i (rise)>
	     bit 1878     picorv32_core_instr_rdinstr_reg   <wb_clk_i (rise)>
	     bit 1879     picorv32_core_instr_rdinstrh_reg   <wb_clk_i (rise)>
	     bit 1880     picorv32_core_instr_retirq_reg   <wb_clk_i (rise)>
	     bit 1881     picorv32_core_instr_sb_reg   <wb_clk_i (rise)>
	     bit 1882     picorv32_core_instr_setq_reg   <wb_clk_i (rise)>
	     bit 1883     picorv32_core_instr_sh_reg   <wb_clk_i (rise)>
	     bit 1884     picorv32_core_instr_sll_reg   <wb_clk_i (rise)>
	     bit 1885     picorv32_core_instr_slli_reg   <wb_clk_i (rise)>
	     bit 1886     picorv32_core_instr_slt_reg   <wb_clk_i (rise)>
	     bit 1887     picorv32_core_instr_slti_reg   <wb_clk_i (rise)>
	     bit 1888     picorv32_core_instr_sltiu_reg   <wb_clk_i (rise)>
	     bit 1889     picorv32_core_instr_sltu_reg   <wb_clk_i (rise)>
	     bit 1890     picorv32_core_instr_sra_reg   <wb_clk_i (rise)>
	     bit 1891     picorv32_core_instr_srai_reg   <wb_clk_i (rise)>
	     bit 1892     picorv32_core_instr_srl_reg   <wb_clk_i (rise)>
	     bit 1893     picorv32_core_instr_srli_reg   <wb_clk_i (rise)>
	     bit 1894     picorv32_core_instr_sub_reg   <wb_clk_i (rise)>
	     bit 1895     picorv32_core_instr_sw_reg   <wb_clk_i (rise)>
	     bit 1896     picorv32_core_instr_timer_reg   <wb_clk_i (rise)>
	     bit 1897     picorv32_core_instr_waitirq_reg   <wb_clk_i (rise)>
	     bit 1898     picorv32_core_instr_xor_reg   <wb_clk_i (rise)>
	     bit 1899     picorv32_core_instr_xori_reg   <wb_clk_i (rise)>
	     bit 1900     picorv32_core_irq_active_reg   <wb_clk_i (rise)>
	     bit 1901     picorv32_core_irq_delay_reg   <wb_clk_i (rise)>
	     bit 1902     picorv32_core_irq_mask_reg[0]   <wb_clk_i (rise)>
	     bit 1903     picorv32_core_irq_mask_reg[1]   <wb_clk_i (rise)>
	     bit 1904     picorv32_core_irq_mask_reg[2]   <wb_clk_i (rise)>
	     bit 1905     picorv32_core_irq_mask_reg[3]   <wb_clk_i (rise)>
	     bit 1906     picorv32_core_irq_mask_reg[4]   <wb_clk_i (rise)>
	     bit 1907     picorv32_core_irq_mask_reg[5]   <wb_clk_i (rise)>
	     bit 1908     picorv32_core_irq_mask_reg[6]   <wb_clk_i (rise)>
	     bit 1909     picorv32_core_irq_mask_reg[7]   <wb_clk_i (rise)>
	     bit 1910     picorv32_core_irq_mask_reg[8]   <wb_clk_i (rise)>
	     bit 1911     picorv32_core_irq_mask_reg[9]   <wb_clk_i (rise)>
	     bit 1912     picorv32_core_irq_mask_reg[10]   <wb_clk_i (rise)>
	     bit 1913     picorv32_core_irq_mask_reg[11]   <wb_clk_i (rise)>
	     bit 1914     picorv32_core_irq_mask_reg[12]   <wb_clk_i (rise)>
	     bit 1915     picorv32_core_irq_mask_reg[13]   <wb_clk_i (rise)>
	     bit 1916     picorv32_core_irq_mask_reg[14]   <wb_clk_i (rise)>
	     bit 1917     picorv32_core_irq_mask_reg[15]   <wb_clk_i (rise)>
	     bit 1918     picorv32_core_irq_mask_reg[16]   <wb_clk_i (rise)>
	     bit 1919     picorv32_core_irq_mask_reg[17]   <wb_clk_i (rise)>
	     bit 1920     picorv32_core_irq_mask_reg[18]   <wb_clk_i (rise)>
	     bit 1921     picorv32_core_irq_mask_reg[19]   <wb_clk_i (rise)>
	     bit 1922     picorv32_core_irq_mask_reg[20]   <wb_clk_i (rise)>
	     bit 1923     picorv32_core_irq_mask_reg[21]   <wb_clk_i (rise)>
	     bit 1924     picorv32_core_irq_mask_reg[22]   <wb_clk_i (rise)>
	     bit 1925     picorv32_core_irq_mask_reg[23]   <wb_clk_i (rise)>
	     bit 1926     picorv32_core_irq_mask_reg[24]   <wb_clk_i (rise)>
	     bit 1927     picorv32_core_irq_mask_reg[25]   <wb_clk_i (rise)>
	     bit 1928     picorv32_core_irq_mask_reg[26]   <wb_clk_i (rise)>
	     bit 1929     picorv32_core_irq_mask_reg[27]   <wb_clk_i (rise)>
	     bit 1930     picorv32_core_irq_mask_reg[28]   <wb_clk_i (rise)>
	     bit 1931     picorv32_core_irq_mask_reg[29]   <wb_clk_i (rise)>
	     bit 1932     picorv32_core_irq_mask_reg[30]   <wb_clk_i (rise)>
	     bit 1933     picorv32_core_irq_mask_reg[31]   <wb_clk_i (rise)>
	     bit 1934     picorv32_core_irq_pending_reg[0]   <wb_clk_i (rise)>
	     bit 1935     picorv32_core_irq_pending_reg[1]   <wb_clk_i (rise)>
	     bit 1936     picorv32_core_irq_pending_reg[2]   <wb_clk_i (rise)>
	     bit 1937     picorv32_core_irq_pending_reg[3]   <wb_clk_i (rise)>
	     bit 1938     picorv32_core_irq_pending_reg[4]   <wb_clk_i (rise)>
	     bit 1939     picorv32_core_irq_pending_reg[5]   <wb_clk_i (rise)>
	     bit 1940     picorv32_core_irq_pending_reg[6]   <wb_clk_i (rise)>
	     bit 1941     picorv32_core_irq_pending_reg[7]   <wb_clk_i (rise)>
	     bit 1942     picorv32_core_irq_pending_reg[8]   <wb_clk_i (rise)>
	     bit 1943     picorv32_core_irq_pending_reg[9]   <wb_clk_i (rise)>
	     bit 1944     picorv32_core_irq_pending_reg[10]   <wb_clk_i (rise)>
	     bit 1945     picorv32_core_irq_pending_reg[11]   <wb_clk_i (rise)>
	     bit 1946     picorv32_core_irq_pending_reg[12]   <wb_clk_i (rise)>
	     bit 1947     picorv32_core_irq_pending_reg[13]   <wb_clk_i (rise)>
	     bit 1948     picorv32_core_irq_pending_reg[14]   <wb_clk_i (rise)>
	     bit 1949     picorv32_core_irq_pending_reg[15]   <wb_clk_i (rise)>
	     bit 1950     picorv32_core_irq_pending_reg[16]   <wb_clk_i (rise)>
	     bit 1951     picorv32_core_irq_pending_reg[17]   <wb_clk_i (rise)>
	     bit 1952     picorv32_core_irq_pending_reg[18]   <wb_clk_i (rise)>
	     bit 1953     picorv32_core_irq_pending_reg[19]   <wb_clk_i (rise)>
	     bit 1954     picorv32_core_irq_pending_reg[20]   <wb_clk_i (rise)>
	     bit 1955     picorv32_core_irq_pending_reg[21]   <wb_clk_i (rise)>
	     bit 1956     picorv32_core_irq_pending_reg[22]   <wb_clk_i (rise)>
	     bit 1957     picorv32_core_irq_pending_reg[23]   <wb_clk_i (rise)>
	     bit 1958     picorv32_core_irq_pending_reg[24]   <wb_clk_i (rise)>
	     bit 1959     picorv32_core_irq_pending_reg[25]   <wb_clk_i (rise)>
	     bit 1960     picorv32_core_irq_pending_reg[26]   <wb_clk_i (rise)>
	     bit 1961     picorv32_core_irq_pending_reg[27]   <wb_clk_i (rise)>
	     bit 1962     picorv32_core_irq_pending_reg[28]   <wb_clk_i (rise)>
	     bit 1963     picorv32_core_irq_pending_reg[29]   <wb_clk_i (rise)>
	     bit 1964     picorv32_core_irq_pending_reg[30]   <wb_clk_i (rise)>
	     bit 1965     picorv32_core_irq_pending_reg[31]   <wb_clk_i (rise)>
	     bit 1966     picorv32_core_irq_state_reg[0]   <wb_clk_i (rise)>
	     bit 1967     picorv32_core_irq_state_reg[1]   <wb_clk_i (rise)>
	     bit 1968     picorv32_core_is_alu_reg_imm_reg   <wb_clk_i (rise)>
	     bit 1969     picorv32_core_is_alu_reg_reg_reg   <wb_clk_i (rise)>
	     bit 1970     picorv32_core_is_beq_bne_blt_bge_bltu_bgeu_reg   <wb_clk_i (rise)>
	     bit 1971     picorv32_core_is_compare_reg   <wb_clk_i (rise)>
	     bit 1972     picorv32_core_is_jalr_addi_slti_sltiu_xori_ori_andi_reg   <wb_clk_i (rise)>
	     bit 1973     picorv32_core_is_lb_lh_lw_lbu_lhu_reg   <wb_clk_i (rise)>
	     bit 1974     picorv32_core_is_lbu_lhu_lw_reg   <wb_clk_i (rise)>
	     bit 1975     picorv32_core_is_lui_auipc_jal_jalr_addi_add_sub_reg   <wb_clk_i (rise)>
	     bit 1976     picorv32_core_is_lui_auipc_jal_reg   <wb_clk_i (rise)>
	     bit 1977     picorv32_core_is_sb_sh_sw_reg   <wb_clk_i (rise)>
	     bit 1978     picorv32_core_is_slli_srli_srai_reg   <wb_clk_i (rise)>
	     bit 1979     picorv32_core_is_slti_blt_slt_reg   <wb_clk_i (rise)>
	     bit 1980     picorv32_core_is_sltiu_bltu_sltu_reg   <wb_clk_i (rise)>
	     bit 1981     picorv32_core_latched_branch_reg   <wb_clk_i (rise)>
	     bit 1982     picorv32_core_latched_is_lb_reg   <wb_clk_i (rise)>
	     bit 1983     picorv32_core_latched_is_lh_reg   <wb_clk_i (rise)>
	     bit 1984     picorv32_core_latched_is_lu_reg   <wb_clk_i (rise)>
	     bit 1985     picorv32_core_latched_rd_reg[0]   <wb_clk_i (rise)>
	     bit 1986     picorv32_core_latched_rd_reg[1]   <wb_clk_i (rise)>
	     bit 1987     picorv32_core_latched_rd_reg[2]   <wb_clk_i (rise)>
	     bit 1988     picorv32_core_latched_rd_reg[3]   <wb_clk_i (rise)>
	     bit 1989     picorv32_core_latched_rd_reg[4]   <wb_clk_i (rise)>
	     bit 1990     picorv32_core_latched_rd_reg[5]   <wb_clk_i (rise)>
	     bit 1991     picorv32_core_latched_stalu_reg   <wb_clk_i (rise)>
	     bit 1992     picorv32_core_latched_store_reg   <wb_clk_i (rise)>
	     bit 1993     picorv32_core_mem_addr_reg[2]   <wb_clk_i (rise)>
	     bit 1994     picorv32_core_mem_addr_reg[3]   <wb_clk_i (rise)>
	     bit 1995     picorv32_core_mem_addr_reg[4]   <wb_clk_i (rise)>
	     bit 1996     picorv32_core_mem_addr_reg[5]   <wb_clk_i (rise)>
	     bit 1997     picorv32_core_mem_addr_reg[6]   <wb_clk_i (rise)>
	     bit 1998     picorv32_core_mem_addr_reg[7]   <wb_clk_i (rise)>
	     bit 1999     picorv32_core_mem_addr_reg[8]   <wb_clk_i (rise)>
	     bit 2000     picorv32_core_mem_addr_reg[9]   <wb_clk_i (rise)>
	     bit 2001     picorv32_core_mem_addr_reg[10]   <wb_clk_i (rise)>
	     bit 2002     picorv32_core_mem_addr_reg[11]   <wb_clk_i (rise)>
	     bit 2003     picorv32_core_mem_addr_reg[12]   <wb_clk_i (rise)>
	     bit 2004     picorv32_core_mem_addr_reg[13]   <wb_clk_i (rise)>
	     bit 2005     picorv32_core_mem_addr_reg[14]   <wb_clk_i (rise)>
	     bit 2006     picorv32_core_mem_addr_reg[15]   <wb_clk_i (rise)>
	     bit 2007     picorv32_core_mem_addr_reg[16]   <wb_clk_i (rise)>
	     bit 2008     picorv32_core_mem_addr_reg[17]   <wb_clk_i (rise)>
	     bit 2009     picorv32_core_mem_addr_reg[18]   <wb_clk_i (rise)>
	     bit 2010     picorv32_core_mem_addr_reg[19]   <wb_clk_i (rise)>
	     bit 2011     picorv32_core_mem_addr_reg[20]   <wb_clk_i (rise)>
	     bit 2012     picorv32_core_mem_addr_reg[21]   <wb_clk_i (rise)>
	     bit 2013     picorv32_core_mem_addr_reg[22]   <wb_clk_i (rise)>
	     bit 2014     picorv32_core_mem_addr_reg[23]   <wb_clk_i (rise)>
	     bit 2015     picorv32_core_mem_addr_reg[24]   <wb_clk_i (rise)>
	     bit 2016     picorv32_core_mem_addr_reg[25]   <wb_clk_i (rise)>
	     bit 2017     picorv32_core_mem_addr_reg[26]   <wb_clk_i (rise)>
	     bit 2018     picorv32_core_mem_addr_reg[27]   <wb_clk_i (rise)>
	     bit 2019     picorv32_core_mem_addr_reg[28]   <wb_clk_i (rise)>
	     bit 2020     picorv32_core_mem_addr_reg[29]   <wb_clk_i (rise)>
	     bit 2021     picorv32_core_mem_addr_reg[30]   <wb_clk_i (rise)>
	     bit 2022     picorv32_core_mem_addr_reg[31]   <wb_clk_i (rise)>
	     bit 2023     picorv32_core_mem_do_prefetch_reg   <wb_clk_i (rise)>
	     bit 2024     picorv32_core_mem_do_rdata_reg   <wb_clk_i (rise)>
	     bit 2025     picorv32_core_mem_do_rinst_reg   <wb_clk_i (rise)>
	     bit 2026     picorv32_core_mem_do_wdata_reg   <wb_clk_i (rise)>
	     bit 2027     picorv32_core_mem_instr_reg   <wb_clk_i (rise)>
	     bit 2028     picorv32_core_mem_rdata_q_reg[0]   <wb_clk_i (rise)>
	     bit 2029     picorv32_core_mem_rdata_q_reg[1]   <wb_clk_i (rise)>
	     bit 2030     picorv32_core_mem_rdata_q_reg[2]   <wb_clk_i (rise)>
	     bit 2031     picorv32_core_mem_rdata_q_reg[3]   <wb_clk_i (rise)>
	     bit 2032     picorv32_core_mem_rdata_q_reg[4]   <wb_clk_i (rise)>
	     bit 2033     picorv32_core_mem_rdata_q_reg[5]   <wb_clk_i (rise)>
	     bit 2034     picorv32_core_mem_rdata_q_reg[6]   <wb_clk_i (rise)>
	     bit 2035     picorv32_core_mem_rdata_q_reg[7]   <wb_clk_i (rise)>
	     bit 2036     picorv32_core_mem_rdata_q_reg[8]   <wb_clk_i (rise)>
	     bit 2037     picorv32_core_mem_rdata_q_reg[9]   <wb_clk_i (rise)>
	     bit 2038     picorv32_core_mem_rdata_q_reg[10]   <wb_clk_i (rise)>
	     bit 2039     picorv32_core_mem_rdata_q_reg[11]   <wb_clk_i (rise)>
	     bit 2040     picorv32_core_mem_rdata_q_reg[12]   <wb_clk_i (rise)>
	     bit 2041     picorv32_core_mem_rdata_q_reg[13]   <wb_clk_i (rise)>
	     bit 2042     picorv32_core_mem_rdata_q_reg[14]   <wb_clk_i (rise)>
	     bit 2043     picorv32_core_mem_rdata_q_reg[15]   <wb_clk_i (rise)>
	     bit 2044     picorv32_core_mem_rdata_q_reg[16]   <wb_clk_i (rise)>
	     bit 2045     picorv32_core_mem_rdata_q_reg[17]   <wb_clk_i (rise)>
	     bit 2046     picorv32_core_mem_rdata_q_reg[18]   <wb_clk_i (rise)>
	     bit 2047     picorv32_core_mem_rdata_q_reg[19]   <wb_clk_i (rise)>
	     bit 2048     picorv32_core_mem_rdata_q_reg[20]   <wb_clk_i (rise)>
	     bit 2049     picorv32_core_mem_rdata_q_reg[21]   <wb_clk_i (rise)>
	     bit 2050     picorv32_core_mem_rdata_q_reg[22]   <wb_clk_i (rise)>
	     bit 2051     picorv32_core_mem_rdata_q_reg[23]   <wb_clk_i (rise)>
	     bit 2052     picorv32_core_mem_rdata_q_reg[24]   <wb_clk_i (rise)>
	     bit 2053     picorv32_core_mem_rdata_q_reg[25]   <wb_clk_i (rise)>
	     bit 2054     picorv32_core_mem_rdata_q_reg[26]   <wb_clk_i (rise)>
	     bit 2055     picorv32_core_mem_rdata_q_reg[27]   <wb_clk_i (rise)>
	     bit 2056     picorv32_core_mem_rdata_q_reg[28]   <wb_clk_i (rise)>
	     bit 2057     picorv32_core_mem_rdata_q_reg[29]   <wb_clk_i (rise)>
	     bit 2058     picorv32_core_mem_rdata_q_reg[30]   <wb_clk_i (rise)>
	     bit 2059     picorv32_core_mem_rdata_q_reg[31]   <wb_clk_i (rise)>
	     bit 2060     picorv32_core_mem_state_reg[0]   <wb_clk_i (rise)>
	     bit 2061     picorv32_core_mem_state_reg[1]   <wb_clk_i (rise)>
	     bit 2062     picorv32_core_mem_valid_reg   <wb_clk_i (rise)>
	     bit 2063     picorv32_core_mem_wdata_reg[0]   <wb_clk_i (rise)>
	     bit 2064     picorv32_core_mem_wdata_reg[1]   <wb_clk_i (rise)>
	     bit 2065     picorv32_core_mem_wdata_reg[2]   <wb_clk_i (rise)>
	     bit 2066     picorv32_core_mem_wdata_reg[3]   <wb_clk_i (rise)>
	     bit 2067     picorv32_core_mem_wdata_reg[4]   <wb_clk_i (rise)>
	     bit 2068     picorv32_core_mem_wdata_reg[5]   <wb_clk_i (rise)>
	     bit 2069     picorv32_core_mem_wdata_reg[6]   <wb_clk_i (rise)>
	     bit 2070     picorv32_core_mem_wdata_reg[7]   <wb_clk_i (rise)>
	     bit 2071     picorv32_core_mem_wdata_reg[8]   <wb_clk_i (rise)>
	     bit 2072     picorv32_core_mem_wdata_reg[9]   <wb_clk_i (rise)>
	     bit 2073     picorv32_core_mem_wdata_reg[10]   <wb_clk_i (rise)>
	     bit 2074     picorv32_core_mem_wdata_reg[11]   <wb_clk_i (rise)>
	     bit 2075     picorv32_core_mem_wdata_reg[12]   <wb_clk_i (rise)>
	     bit 2076     picorv32_core_mem_wdata_reg[13]   <wb_clk_i (rise)>
	     bit 2077     picorv32_core_mem_wdata_reg[14]   <wb_clk_i (rise)>
	     bit 2078     picorv32_core_mem_wdata_reg[15]   <wb_clk_i (rise)>
	     bit 2079     picorv32_core_mem_wdata_reg[16]   <wb_clk_i (rise)>
	     bit 2080     picorv32_core_mem_wdata_reg[17]   <wb_clk_i (rise)>
	     bit 2081     picorv32_core_mem_wdata_reg[18]   <wb_clk_i (rise)>
	     bit 2082     picorv32_core_mem_wdata_reg[19]   <wb_clk_i (rise)>
	     bit 2083     picorv32_core_mem_wdata_reg[20]   <wb_clk_i (rise)>
	     bit 2084     picorv32_core_mem_wdata_reg[21]   <wb_clk_i (rise)>
	     bit 2085     picorv32_core_mem_wdata_reg[22]   <wb_clk_i (rise)>
	     bit 2086     picorv32_core_mem_wdata_reg[23]   <wb_clk_i (rise)>
	     bit 2087     picorv32_core_mem_wdata_reg[24]   <wb_clk_i (rise)>
	     bit 2088     picorv32_core_mem_wdata_reg[25]   <wb_clk_i (rise)>
	     bit 2089     picorv32_core_mem_wdata_reg[26]   <wb_clk_i (rise)>
	     bit 2090     picorv32_core_mem_wdata_reg[27]   <wb_clk_i (rise)>
	     bit 2091     picorv32_core_mem_wdata_reg[28]   <wb_clk_i (rise)>
	     bit 2092     picorv32_core_mem_wdata_reg[29]   <wb_clk_i (rise)>
	     bit 2093     picorv32_core_mem_wdata_reg[30]   <wb_clk_i (rise)>
	     bit 2094     picorv32_core_mem_wdata_reg[31]   <wb_clk_i (rise)>
	     bit 2095     picorv32_core_mem_wordsize_reg[0]   <wb_clk_i (rise)>
	     bit 2096     picorv32_core_mem_wordsize_reg[1]   <wb_clk_i (rise)>
	     bit 2097     picorv32_core_mem_wstrb_reg[0]   <wb_clk_i (rise)>
	     bit 2098     picorv32_core_mem_wstrb_reg[1]   <wb_clk_i (rise)>
	     bit 2099     picorv32_core_mem_wstrb_reg[2]   <wb_clk_i (rise)>
	     bit 2100     picorv32_core_mem_wstrb_reg[3]   <wb_clk_i (rise)>
	     bit 2101     picorv32_core_pcpi_insn_reg[0]   <wb_clk_i (rise)>
	     bit 2102     picorv32_core_pcpi_insn_reg[1]   <wb_clk_i (rise)>
	     bit 2103     picorv32_core_pcpi_insn_reg[2]   <wb_clk_i (rise)>
	     bit 2104     picorv32_core_pcpi_insn_reg[3]   <wb_clk_i (rise)>
	     bit 2105     picorv32_core_pcpi_insn_reg[4]   <wb_clk_i (rise)>
	     bit 2106     picorv32_core_pcpi_insn_reg[5]   <wb_clk_i (rise)>
	     bit 2107     picorv32_core_pcpi_insn_reg[6]   <wb_clk_i (rise)>
	     bit 2108     picorv32_core_pcpi_insn_reg[7]   <wb_clk_i (rise)>
	     bit 2109     picorv32_core_pcpi_insn_reg[8]   <wb_clk_i (rise)>
	     bit 2110     picorv32_core_pcpi_insn_reg[9]   <wb_clk_i (rise)>
	     bit 2111     picorv32_core_pcpi_insn_reg[10]   <wb_clk_i (rise)>
	     bit 2112     picorv32_core_pcpi_insn_reg[11]   <wb_clk_i (rise)>
	     bit 2113     picorv32_core_pcpi_insn_reg[12]   <wb_clk_i (rise)>
	     bit 2114     picorv32_core_pcpi_insn_reg[13]   <wb_clk_i (rise)>
	     bit 2115     picorv32_core_pcpi_insn_reg[14]   <wb_clk_i (rise)>
	     bit 2116     picorv32_core_pcpi_insn_reg[15]   <wb_clk_i (rise)>
	     bit 2117     picorv32_core_pcpi_insn_reg[16]   <wb_clk_i (rise)>
	     bit 2118     picorv32_core_pcpi_insn_reg[17]   <wb_clk_i (rise)>
	     bit 2119     picorv32_core_pcpi_insn_reg[18]   <wb_clk_i (rise)>
	     bit 2120     picorv32_core_pcpi_insn_reg[19]   <wb_clk_i (rise)>
	     bit 2121     picorv32_core_pcpi_insn_reg[20]   <wb_clk_i (rise)>
	     bit 2122     picorv32_core_pcpi_insn_reg[21]   <wb_clk_i (rise)>
	     bit 2123     picorv32_core_pcpi_insn_reg[22]   <wb_clk_i (rise)>
	     bit 2124     picorv32_core_pcpi_insn_reg[23]   <wb_clk_i (rise)>
	     bit 2125     picorv32_core_pcpi_insn_reg[24]   <wb_clk_i (rise)>
	     bit 2126     picorv32_core_pcpi_insn_reg[25]   <wb_clk_i (rise)>
	     bit 2127     picorv32_core_pcpi_insn_reg[26]   <wb_clk_i (rise)>
	     bit 2128     picorv32_core_pcpi_insn_reg[27]   <wb_clk_i (rise)>
	     bit 2129     picorv32_core_pcpi_insn_reg[28]   <wb_clk_i (rise)>
	     bit 2130     picorv32_core_pcpi_insn_reg[29]   <wb_clk_i (rise)>
	     bit 2131     picorv32_core_pcpi_insn_reg[30]   <wb_clk_i (rise)>
	     bit 2132     picorv32_core_pcpi_insn_reg[31]   <wb_clk_i (rise)>
	     bit 2133     picorv32_core_pcpi_timeout_counter_reg[0]   <wb_clk_i (rise)>
	     bit 2134     picorv32_core_pcpi_timeout_counter_reg[1]   <wb_clk_i (rise)>
	     bit 2135     picorv32_core_pcpi_timeout_counter_reg[2]   <wb_clk_i (rise)>
	     bit 2136     picorv32_core_pcpi_timeout_counter_reg[3]   <wb_clk_i (rise)>
	     bit 2137     picorv32_core_pcpi_timeout_reg   <wb_clk_i (rise)>
	     bit 2138     picorv32_core_pcpi_valid_reg   <wb_clk_i (rise)>
	     bit 2139     picorv32_core_reg_next_pc_reg[1]   <wb_clk_i (rise)>
	     bit 2140     picorv32_core_reg_next_pc_reg[2]   <wb_clk_i (rise)>
	     bit 2141     picorv32_core_reg_next_pc_reg[3]   <wb_clk_i (rise)>
	     bit 2142     picorv32_core_reg_next_pc_reg[4]   <wb_clk_i (rise)>
	     bit 2143     picorv32_core_reg_next_pc_reg[5]   <wb_clk_i (rise)>
	     bit 2144     picorv32_core_reg_next_pc_reg[6]   <wb_clk_i (rise)>
	     bit 2145     picorv32_core_reg_next_pc_reg[7]   <wb_clk_i (rise)>
	     bit 2146     picorv32_core_reg_next_pc_reg[8]   <wb_clk_i (rise)>
	     bit 2147     picorv32_core_reg_next_pc_reg[9]   <wb_clk_i (rise)>
	     bit 2148     picorv32_core_reg_next_pc_reg[10]   <wb_clk_i (rise)>
	     bit 2149     picorv32_core_reg_next_pc_reg[11]   <wb_clk_i (rise)>
	     bit 2150     picorv32_core_reg_next_pc_reg[12]   <wb_clk_i (rise)>
	     bit 2151     picorv32_core_reg_next_pc_reg[13]   <wb_clk_i (rise)>
	     bit 2152     picorv32_core_reg_next_pc_reg[14]   <wb_clk_i (rise)>
	     bit 2153     picorv32_core_reg_next_pc_reg[15]   <wb_clk_i (rise)>
	     bit 2154     picorv32_core_reg_next_pc_reg[16]   <wb_clk_i (rise)>
	     bit 2155     picorv32_core_reg_next_pc_reg[17]   <wb_clk_i (rise)>
	     bit 2156     picorv32_core_reg_next_pc_reg[18]   <wb_clk_i (rise)>
	     bit 2157     picorv32_core_reg_next_pc_reg[19]   <wb_clk_i (rise)>
	     bit 2158     picorv32_core_reg_next_pc_reg[20]   <wb_clk_i (rise)>
	     bit 2159     picorv32_core_reg_next_pc_reg[21]   <wb_clk_i (rise)>
	     bit 2160     picorv32_core_reg_next_pc_reg[22]   <wb_clk_i (rise)>
	     bit 2161     picorv32_core_reg_next_pc_reg[23]   <wb_clk_i (rise)>
	     bit 2162     picorv32_core_reg_next_pc_reg[24]   <wb_clk_i (rise)>
	     bit 2163     picorv32_core_reg_next_pc_reg[25]   <wb_clk_i (rise)>
	     bit 2164     picorv32_core_reg_next_pc_reg[26]   <wb_clk_i (rise)>
	     bit 2165     picorv32_core_reg_next_pc_reg[27]   <wb_clk_i (rise)>
	     bit 2166     picorv32_core_reg_next_pc_reg[28]   <wb_clk_i (rise)>
	     bit 2167     picorv32_core_reg_next_pc_reg[29]   <wb_clk_i (rise)>
	     bit 2168     picorv32_core_reg_next_pc_reg[30]   <wb_clk_i (rise)>
	     bit 2169     picorv32_core_reg_next_pc_reg[31]   <wb_clk_i (rise)>
	     bit 2170     picorv32_core_reg_op1_reg[0]   <wb_clk_i (rise)>
	     bit 2171     picorv32_core_reg_op1_reg[1]   <wb_clk_i (rise)>
	     bit 2172     picorv32_core_reg_op1_reg[2]   <wb_clk_i (rise)>
	     bit 2173     picorv32_core_reg_op1_reg[3]   <wb_clk_i (rise)>
	     bit 2174     picorv32_core_reg_op1_reg[4]   <wb_clk_i (rise)>
	     bit 2175     picorv32_core_reg_op1_reg[5]   <wb_clk_i (rise)>
	     bit 2176     picorv32_core_reg_op1_reg[6]   <wb_clk_i (rise)>
	     bit 2177     picorv32_core_reg_op1_reg[7]   <wb_clk_i (rise)>
	     bit 2178     picorv32_core_reg_op1_reg[8]   <wb_clk_i (rise)>
	     bit 2179     picorv32_core_reg_op1_reg[9]   <wb_clk_i (rise)>
	     bit 2180     picorv32_core_reg_op1_reg[10]   <wb_clk_i (rise)>
	     bit 2181     picorv32_core_reg_op1_reg[11]   <wb_clk_i (rise)>
	     bit 2182     picorv32_core_reg_op1_reg[12]   <wb_clk_i (rise)>
	     bit 2183     picorv32_core_reg_op1_reg[13]   <wb_clk_i (rise)>
	     bit 2184     picorv32_core_reg_op1_reg[14]   <wb_clk_i (rise)>
	     bit 2185     picorv32_core_reg_op1_reg[15]   <wb_clk_i (rise)>
	     bit 2186     picorv32_core_reg_op1_reg[16]   <wb_clk_i (rise)>
	     bit 2187     picorv32_core_reg_op1_reg[17]   <wb_clk_i (rise)>
	     bit 2188     picorv32_core_reg_op1_reg[18]   <wb_clk_i (rise)>
	     bit 2189     picorv32_core_reg_op1_reg[19]   <wb_clk_i (rise)>
	     bit 2190     picorv32_core_reg_op1_reg[20]   <wb_clk_i (rise)>
	     bit 2191     picorv32_core_reg_op1_reg[21]   <wb_clk_i (rise)>
	     bit 2192     picorv32_core_reg_op1_reg[22]   <wb_clk_i (rise)>
	     bit 2193     picorv32_core_reg_op1_reg[23]   <wb_clk_i (rise)>
	     bit 2194     picorv32_core_reg_op1_reg[24]   <wb_clk_i (rise)>
	     bit 2195     picorv32_core_reg_op1_reg[25]   <wb_clk_i (rise)>
	     bit 2196     picorv32_core_reg_op1_reg[26]   <wb_clk_i (rise)>
	     bit 2197     picorv32_core_reg_op1_reg[27]   <wb_clk_i (rise)>
	     bit 2198     picorv32_core_reg_op1_reg[28]   <wb_clk_i (rise)>
	     bit 2199     picorv32_core_reg_op1_reg[29]   <wb_clk_i (rise)>
	     bit 2200     picorv32_core_reg_op1_reg[30]   <wb_clk_i (rise)>
	     bit 2201     picorv32_core_reg_op1_reg[31]   <wb_clk_i (rise)>
	     bit 2202     picorv32_core_reg_op2_reg[0]   <wb_clk_i (rise)>
	     bit 2203     picorv32_core_reg_op2_reg[1]   <wb_clk_i (rise)>
	     bit 2204     picorv32_core_reg_op2_reg[2]   <wb_clk_i (rise)>
	     bit 2205     picorv32_core_reg_op2_reg[3]   <wb_clk_i (rise)>
	     bit 2206     picorv32_core_reg_op2_reg[4]   <wb_clk_i (rise)>
	     bit 2207     picorv32_core_reg_op2_reg[5]   <wb_clk_i (rise)>
	     bit 2208     picorv32_core_reg_op2_reg[6]   <wb_clk_i (rise)>
	     bit 2209     picorv32_core_reg_op2_reg[7]   <wb_clk_i (rise)>
	     bit 2210     picorv32_core_reg_op2_reg[8]   <wb_clk_i (rise)>
	     bit 2211     picorv32_core_reg_op2_reg[9]   <wb_clk_i (rise)>
	     bit 2212     picorv32_core_reg_op2_reg[10]   <wb_clk_i (rise)>
	     bit 2213     picorv32_core_reg_op2_reg[11]   <wb_clk_i (rise)>
	     bit 2214     picorv32_core_reg_op2_reg[12]   <wb_clk_i (rise)>
	     bit 2215     picorv32_core_reg_op2_reg[13]   <wb_clk_i (rise)>
	     bit 2216     picorv32_core_reg_op2_reg[14]   <wb_clk_i (rise)>
	     bit 2217     picorv32_core_reg_op2_reg[15]   <wb_clk_i (rise)>
	     bit 2218     picorv32_core_reg_op2_reg[16]   <wb_clk_i (rise)>
	     bit 2219     picorv32_core_reg_op2_reg[17]   <wb_clk_i (rise)>
	     bit 2220     picorv32_core_reg_op2_reg[18]   <wb_clk_i (rise)>
	     bit 2221     picorv32_core_reg_op2_reg[19]   <wb_clk_i (rise)>
	     bit 2222     picorv32_core_reg_op2_reg[20]   <wb_clk_i (rise)>
	     bit 2223     picorv32_core_reg_op2_reg[21]   <wb_clk_i (rise)>
	     bit 2224     picorv32_core_reg_op2_reg[22]   <wb_clk_i (rise)>
	     bit 2225     picorv32_core_reg_op2_reg[23]   <wb_clk_i (rise)>
	     bit 2226     picorv32_core_reg_op2_reg[24]   <wb_clk_i (rise)>
	     bit 2227     picorv32_core_reg_op2_reg[25]   <wb_clk_i (rise)>
	     bit 2228     picorv32_core_reg_op2_reg[26]   <wb_clk_i (rise)>
	     bit 2229     picorv32_core_reg_op2_reg[27]   <wb_clk_i (rise)>
	     bit 2230     picorv32_core_reg_op2_reg[28]   <wb_clk_i (rise)>
	     bit 2231     picorv32_core_reg_op2_reg[29]   <wb_clk_i (rise)>
	     bit 2232     picorv32_core_reg_op2_reg[30]   <wb_clk_i (rise)>
	     bit 2233     picorv32_core_reg_op2_reg[31]   <wb_clk_i (rise)>
	     bit 2234     picorv32_core_reg_out_reg[0]   <wb_clk_i (rise)>
	     bit 2235     picorv32_core_reg_out_reg[1]   <wb_clk_i (rise)>
	     bit 2236     picorv32_core_reg_out_reg[2]   <wb_clk_i (rise)>
	     bit 2237     picorv32_core_reg_out_reg[3]   <wb_clk_i (rise)>
	     bit 2238     picorv32_core_reg_out_reg[4]   <wb_clk_i (rise)>
	     bit 2239     picorv32_core_reg_out_reg[5]   <wb_clk_i (rise)>
	     bit 2240     picorv32_core_reg_out_reg[6]   <wb_clk_i (rise)>
	     bit 2241     picorv32_core_reg_out_reg[7]   <wb_clk_i (rise)>
	     bit 2242     picorv32_core_reg_out_reg[8]   <wb_clk_i (rise)>
	     bit 2243     picorv32_core_reg_out_reg[9]   <wb_clk_i (rise)>
	     bit 2244     picorv32_core_reg_out_reg[10]   <wb_clk_i (rise)>
	     bit 2245     picorv32_core_reg_out_reg[11]   <wb_clk_i (rise)>
	     bit 2246     picorv32_core_reg_out_reg[12]   <wb_clk_i (rise)>
	     bit 2247     picorv32_core_reg_out_reg[13]   <wb_clk_i (rise)>
	     bit 2248     picorv32_core_reg_out_reg[14]   <wb_clk_i (rise)>
	     bit 2249     picorv32_core_reg_out_reg[15]   <wb_clk_i (rise)>
	     bit 2250     picorv32_core_reg_out_reg[16]   <wb_clk_i (rise)>
	     bit 2251     picorv32_core_reg_out_reg[17]   <wb_clk_i (rise)>
	     bit 2252     picorv32_core_reg_out_reg[18]   <wb_clk_i (rise)>
	     bit 2253     picorv32_core_reg_out_reg[19]   <wb_clk_i (rise)>
	     bit 2254     picorv32_core_reg_out_reg[20]   <wb_clk_i (rise)>
	     bit 2255     picorv32_core_reg_out_reg[21]   <wb_clk_i (rise)>
	     bit 2256     picorv32_core_reg_out_reg[22]   <wb_clk_i (rise)>
	     bit 2257     picorv32_core_reg_out_reg[23]   <wb_clk_i (rise)>
	     bit 2258     picorv32_core_reg_out_reg[24]   <wb_clk_i (rise)>
	     bit 2259     picorv32_core_reg_out_reg[25]   <wb_clk_i (rise)>
	     bit 2260     picorv32_core_reg_out_reg[26]   <wb_clk_i (rise)>
	     bit 2261     picorv32_core_reg_out_reg[27]   <wb_clk_i (rise)>
	     bit 2262     picorv32_core_reg_out_reg[28]   <wb_clk_i (rise)>
	     bit 2263     picorv32_core_reg_out_reg[29]   <wb_clk_i (rise)>
	     bit 2264     picorv32_core_reg_out_reg[30]   <wb_clk_i (rise)>
	     bit 2265     picorv32_core_reg_out_reg[31]   <wb_clk_i (rise)>
	     bit 2266     picorv32_core_reg_pc_reg[1]   <wb_clk_i (rise)>
	     bit 2267     picorv32_core_reg_pc_reg[2]   <wb_clk_i (rise)>
	     bit 2268     picorv32_core_reg_pc_reg[3]   <wb_clk_i (rise)>
	     bit 2269     picorv32_core_reg_pc_reg[4]   <wb_clk_i (rise)>
	     bit 2270     picorv32_core_reg_pc_reg[5]   <wb_clk_i (rise)>
	     bit 2271     picorv32_core_reg_pc_reg[6]   <wb_clk_i (rise)>
	     bit 2272     picorv32_core_reg_pc_reg[7]   <wb_clk_i (rise)>
	     bit 2273     picorv32_core_reg_pc_reg[8]   <wb_clk_i (rise)>
	     bit 2274     picorv32_core_reg_pc_reg[9]   <wb_clk_i (rise)>
	     bit 2275     picorv32_core_reg_pc_reg[10]   <wb_clk_i (rise)>
	     bit 2276     picorv32_core_reg_pc_reg[11]   <wb_clk_i (rise)>
	     bit 2277     picorv32_core_reg_pc_reg[12]   <wb_clk_i (rise)>
	     bit 2278     picorv32_core_reg_pc_reg[13]   <wb_clk_i (rise)>
	     bit 2279     picorv32_core_reg_pc_reg[14]   <wb_clk_i (rise)>
	     bit 2280     picorv32_core_reg_pc_reg[15]   <wb_clk_i (rise)>
	     bit 2281     picorv32_core_reg_pc_reg[16]   <wb_clk_i (rise)>
	     bit 2282     picorv32_core_reg_pc_reg[17]   <wb_clk_i (rise)>
	     bit 2283     picorv32_core_reg_pc_reg[18]   <wb_clk_i (rise)>
	     bit 2284     picorv32_core_reg_pc_reg[19]   <wb_clk_i (rise)>
	     bit 2285     picorv32_core_reg_pc_reg[20]   <wb_clk_i (rise)>
	     bit 2286     picorv32_core_reg_pc_reg[21]   <wb_clk_i (rise)>
	     bit 2287     picorv32_core_reg_pc_reg[22]   <wb_clk_i (rise)>
	     bit 2288     picorv32_core_reg_pc_reg[23]   <wb_clk_i (rise)>
	     bit 2289     picorv32_core_reg_pc_reg[24]   <wb_clk_i (rise)>
	     bit 2290     picorv32_core_reg_pc_reg[25]   <wb_clk_i (rise)>
	     bit 2291     picorv32_core_reg_pc_reg[26]   <wb_clk_i (rise)>
	     bit 2292     picorv32_core_reg_pc_reg[27]   <wb_clk_i (rise)>
	     bit 2293     picorv32_core_reg_pc_reg[28]   <wb_clk_i (rise)>
	     bit 2294     picorv32_core_reg_pc_reg[29]   <wb_clk_i (rise)>
	     bit 2295     picorv32_core_reg_pc_reg[30]   <wb_clk_i (rise)>
	     bit 2296     picorv32_core_reg_pc_reg[31]   <wb_clk_i (rise)>
	     bit 2297     picorv32_core_timer_reg[0]   <wb_clk_i (rise)>
	     bit 2298     picorv32_core_timer_reg[1]   <wb_clk_i (rise)>
	     bit 2299     picorv32_core_timer_reg[2]   <wb_clk_i (rise)>
	     bit 2300     picorv32_core_timer_reg[3]   <wb_clk_i (rise)>
	     bit 2301     picorv32_core_timer_reg[4]   <wb_clk_i (rise)>
	     bit 2302     picorv32_core_timer_reg[5]   <wb_clk_i (rise)>
	     bit 2303     picorv32_core_timer_reg[6]   <wb_clk_i (rise)>
	     bit 2304     picorv32_core_timer_reg[7]   <wb_clk_i (rise)>
	     bit 2305     picorv32_core_timer_reg[8]   <wb_clk_i (rise)>
	     bit 2306     picorv32_core_timer_reg[9]   <wb_clk_i (rise)>
	     bit 2307     picorv32_core_timer_reg[10]   <wb_clk_i (rise)>
	     bit 2308     picorv32_core_timer_reg[11]   <wb_clk_i (rise)>
	     bit 2309     picorv32_core_timer_reg[12]   <wb_clk_i (rise)>
	     bit 2310     picorv32_core_timer_reg[13]   <wb_clk_i (rise)>
	     bit 2311     picorv32_core_timer_reg[14]   <wb_clk_i (rise)>
	     bit 2312     picorv32_core_timer_reg[15]   <wb_clk_i (rise)>
	     bit 2313     picorv32_core_timer_reg[16]   <wb_clk_i (rise)>
	     bit 2314     picorv32_core_timer_reg[17]   <wb_clk_i (rise)>
	     bit 2315     picorv32_core_timer_reg[18]   <wb_clk_i (rise)>
	     bit 2316     picorv32_core_timer_reg[19]   <wb_clk_i (rise)>
	     bit 2317     picorv32_core_timer_reg[20]   <wb_clk_i (rise)>
	     bit 2318     picorv32_core_timer_reg[21]   <wb_clk_i (rise)>
	     bit 2319     picorv32_core_timer_reg[22]   <wb_clk_i (rise)>
	     bit 2320     picorv32_core_timer_reg[23]   <wb_clk_i (rise)>
	     bit 2321     picorv32_core_timer_reg[24]   <wb_clk_i (rise)>
	     bit 2322     picorv32_core_timer_reg[25]   <wb_clk_i (rise)>
	     bit 2323     picorv32_core_timer_reg[26]   <wb_clk_i (rise)>
	     bit 2324     picorv32_core_timer_reg[27]   <wb_clk_i (rise)>
	     bit 2325     picorv32_core_timer_reg[28]   <wb_clk_i (rise)>
	     bit 2326     picorv32_core_timer_reg[29]   <wb_clk_i (rise)>
	     bit 2327     picorv32_core_timer_reg[30]   <wb_clk_i (rise)>
	     bit 2328     picorv32_core_timer_reg[31]   <wb_clk_i (rise)>
	     bit 2329     picorv32_core_trap_reg   <wb_clk_i (rise)>
	     bit 2330     state_reg[0]   <wb_clk_i (rise)>
	     bit 2331     state_reg[1]   <wb_clk_i (rise)>
	     bit 2332     wbm_adr_o_reg[2]   <wb_clk_i (rise)>
	     bit 2333     wbm_adr_o_reg[3]   <wb_clk_i (rise)>
	     bit 2334     wbm_adr_o_reg[4]   <wb_clk_i (rise)>
	     bit 2335     wbm_adr_o_reg[5]   <wb_clk_i (rise)>
	     bit 2336     wbm_adr_o_reg[6]   <wb_clk_i (rise)>
	     bit 2337     wbm_adr_o_reg[7]   <wb_clk_i (rise)>
	     bit 2338     wbm_adr_o_reg[8]   <wb_clk_i (rise)>
	     bit 2339     wbm_adr_o_reg[9]   <wb_clk_i (rise)>
	     bit 2340     wbm_adr_o_reg[10]   <wb_clk_i (rise)>
	     bit 2341     wbm_adr_o_reg[11]   <wb_clk_i (rise)>
	     bit 2342     wbm_adr_o_reg[12]   <wb_clk_i (rise)>
	     bit 2343     wbm_adr_o_reg[13]   <wb_clk_i (rise)>
	     bit 2344     wbm_adr_o_reg[14]   <wb_clk_i (rise)>
	     bit 2345     wbm_adr_o_reg[15]   <wb_clk_i (rise)>
	     bit 2346     wbm_adr_o_reg[16]   <wb_clk_i (rise)>
	     bit 2347     wbm_adr_o_reg[17]   <wb_clk_i (rise)>
	     bit 2348     wbm_adr_o_reg[18]   <wb_clk_i (rise)>
	     bit 2349     wbm_adr_o_reg[19]   <wb_clk_i (rise)>
	     bit 2350     wbm_adr_o_reg[20]   <wb_clk_i (rise)>
	     bit 2351     wbm_adr_o_reg[21]   <wb_clk_i (rise)>
	     bit 2352     wbm_adr_o_reg[22]   <wb_clk_i (rise)>
	     bit 2353     wbm_adr_o_reg[23]   <wb_clk_i (rise)>
	     bit 2354     wbm_adr_o_reg[24]   <wb_clk_i (rise)>
	     bit 2355     wbm_adr_o_reg[25]   <wb_clk_i (rise)>
	     bit 2356     wbm_adr_o_reg[26]   <wb_clk_i (rise)>
	     bit 2357     wbm_adr_o_reg[27]   <wb_clk_i (rise)>
	     bit 2358     wbm_adr_o_reg[28]   <wb_clk_i (rise)>
	     bit 2359     wbm_adr_o_reg[29]   <wb_clk_i (rise)>
	     bit 2360     wbm_adr_o_reg[30]   <wb_clk_i (rise)>
	     bit 2361     wbm_adr_o_reg[31]   <wb_clk_i (rise)>
	     bit 2362     wbm_cyc_o_reg   <wb_clk_i (rise)>
	     bit 2363     wbm_dat_o_reg[0]   <wb_clk_i (rise)>
	     bit 2364     wbm_dat_o_reg[1]   <wb_clk_i (rise)>
	     bit 2365     wbm_dat_o_reg[2]   <wb_clk_i (rise)>
	     bit 2366     wbm_dat_o_reg[3]   <wb_clk_i (rise)>
	     bit 2367     wbm_dat_o_reg[4]   <wb_clk_i (rise)>
	     bit 2368     wbm_dat_o_reg[5]   <wb_clk_i (rise)>
	     bit 2369     wbm_dat_o_reg[6]   <wb_clk_i (rise)>
	     bit 2370     wbm_dat_o_reg[7]   <wb_clk_i (rise)>
	     bit 2371     wbm_dat_o_reg[8]   <wb_clk_i (rise)>
	     bit 2372     wbm_dat_o_reg[9]   <wb_clk_i (rise)>
	     bit 2373     wbm_dat_o_reg[10]   <wb_clk_i (rise)>
	     bit 2374     wbm_dat_o_reg[11]   <wb_clk_i (rise)>
	     bit 2375     wbm_dat_o_reg[12]   <wb_clk_i (rise)>
	     bit 2376     wbm_dat_o_reg[13]   <wb_clk_i (rise)>
	     bit 2377     wbm_dat_o_reg[14]   <wb_clk_i (rise)>
	     bit 2378     wbm_dat_o_reg[15]   <wb_clk_i (rise)>
	     bit 2379     wbm_dat_o_reg[16]   <wb_clk_i (rise)>
	     bit 2380     wbm_dat_o_reg[17]   <wb_clk_i (rise)>
	     bit 2381     wbm_dat_o_reg[18]   <wb_clk_i (rise)>
	     bit 2382     wbm_dat_o_reg[19]   <wb_clk_i (rise)>
	     bit 2383     wbm_dat_o_reg[20]   <wb_clk_i (rise)>
	     bit 2384     wbm_dat_o_reg[21]   <wb_clk_i (rise)>
	     bit 2385     wbm_dat_o_reg[22]   <wb_clk_i (rise)>
	     bit 2386     wbm_dat_o_reg[23]   <wb_clk_i (rise)>
	     bit 2387     wbm_dat_o_reg[24]   <wb_clk_i (rise)>
	     bit 2388     wbm_dat_o_reg[25]   <wb_clk_i (rise)>
	     bit 2389     wbm_dat_o_reg[26]   <wb_clk_i (rise)>
	     bit 2390     wbm_dat_o_reg[27]   <wb_clk_i (rise)>
	     bit 2391     wbm_dat_o_reg[28]   <wb_clk_i (rise)>
	     bit 2392     wbm_dat_o_reg[29]   <wb_clk_i (rise)>
	     bit 2393     wbm_dat_o_reg[30]   <wb_clk_i (rise)>
	     bit 2394     wbm_dat_o_reg[31]   <wb_clk_i (rise)>
	     bit 2395     wbm_sel_o_reg[0]   <wb_clk_i (rise)>
	     bit 2396     wbm_sel_o_reg[1]   <wb_clk_i (rise)>
	     bit 2397     wbm_sel_o_reg[2]   <wb_clk_i (rise)>
	     bit 2398     wbm_sel_o_reg[3]   <wb_clk_i (rise)>
	     bit 2399     wbm_we_o_reg   <wb_clk_i (rise)>
Processing 1 scan chains in 'muxed_scan' style.
Default shift enable signal is 'se': 'port:picorv32_wb/se' active high.
1
@genus:design:picorv32_wb 37> connect_scan_chains -auto_create_chains
  Starting DFT Scan Configuration for module 'picorv32_wb' in 'normal' mode, with physical flow OFF 
  Configuring 1 chains for 2399 scan f/f 
  Configured 1 chains for Domain: 'wb_clk_i', edge: 'rising'
  	 top_chain (scan_in -> scan_out) has 2399 registers; Domain:wb_clk_i, edge: rising
  Processing 1 scan chains in 'muxed_scan' style.
  Default shift enable signal is 'se': 'port:picorv32_wb/se' active high.
Mapping DFT logic introduced by scan chain connection...
Mapping DFT logic done.
1
@genus:design:picorv32_wb 38> 
@genus:design:picorv32_wb 38> syn_opt
Current PLE settings:

Aspect ratio        : 1.000
Shrink factor       : 1.000
Scale of res/length : 1.000
Scale of cap/length : 1.000
Net derating factor : 1.000
Thermal factor      : 1.000
Via Resistance      : 6.600 ohm (from qrc_tech_file)
Site size           : 1.910 um (from lef [tech+cell])

                                   Capacitance  
  Layer                             / Length         Data source:
Name        Direction Utilization  (pF/micron)       qrc_tech_file
------------------------------------------------
METAL_1         H         0.00        0.000210  
METAL_2         V         1.00        0.000174  
METAL_3         H         1.00        0.000174  
METAL_4         V         1.00        0.000174  
METAL_5         H         1.00        0.000174  
METAL_6         V         1.00        0.000174  
METAL_7         H         1.00        0.000175  
METAL_8         V         1.00        0.000176  
METAL_9         H         1.00        0.001240  
METAL_10        V         1.00        0.000529  
METAL_11        H         1.00        0.000686  

                                    Resistance   
  Layer                              / Length         Data source:
Name        Direction Utilization  (ohm/micron)       qrc_tech_file
-------------------------------------------------
METAL_1         H         0.00         1.226667  
METAL_2         V         1.00         0.755000  
METAL_3         H         1.00         0.755000  
METAL_4         V         1.00         0.755000  
METAL_5         H         1.00         0.755000  
METAL_6         V         1.00         0.755000  
METAL_7         H         1.00         0.755000  
METAL_8         V         1.00         0.267500  
METAL_9         H         1.00         0.267500  
METAL_10        V         1.00         0.097273  
METAL_11        H         1.00         0.095455  

                                        Area     
  Layer                               / Length        Data source:
Name        Direction Utilization     (micron)        lef_library
-------------------------------------------------
Metal1          H         0.00         0.060000  
Metal2          V         1.00         0.080000  
Metal3          H         1.00         0.080000  
Metal4          V         1.00         0.080000  
Metal5          H         1.00         0.080000  
Metal6          V         1.00         0.080000  
Metal7          H         1.00         0.080000  
Metal8          V         1.00         0.080000  
Metal9          H         1.00         0.080000  
Metal10         V         1.00         0.220000  
Metal11         H         1.00         0.220000  

Info    : Incrementally optimizing. [SYNTH-7]
        : Incrementally optimizing 'picorv32_wb' using 'high' effort.
 
Incremental optimization status
===============================
                                   Group   
                                  Tot Wrst     Total - - DRC Totals - -
                           Total  Weighted      Neg      Max       Max 
Operation                   Area   Slacks      Slack    Trans      Cap 
 init_iopt                 55903        0         0         0        0
-------------------------------------------------------------------------------
 const_prop                55903        0         0         0        0
 simp_cc_inputs            55892        0         0         0        0
-------------------------------------------------------------------------------
 hi_fo_buf                 56467        0         0         0        0

           Trick     Calls     Accepts   Attempts    Time(secs) 
-----------------------------------------------------------
       hi_fo_buf         1  (        1 /        1 )  0.74

 
Incremental optimization status
===============================
                                   Group   
                                  Tot Wrst     Total - - DRC Totals - -
                           Total  Weighted      Neg      Max       Max 
Operation                   Area   Slacks      Slack    Trans      Cap 
 init_delay                56467        0         0         0        0

           Trick     Calls     Accepts   Attempts    Time(secs) 
-----------------------------------------------------------
        crit_msz         0  (        0 /        0 )  0.00
       crit_upsz         0  (        0 /        0 )  0.00
       crit_slew         0  (        0 /        0 )  0.00
        setup_dn         0  (        0 /        0 )  0.00
    plc_bal_star         0  (        0 /        0 )  0.00
     drc_buftimb         0  (        0 /        0 )  0.00
          plc_st         0  (        0 /        0 )  0.00
    plc_st_fence         0  (        0 /        0 )  0.00
        plc_star         0  (        0 /        0 )  0.00
      plc_laf_st         0  (        0 /        0 )  0.00
 plc_laf_st_fence         0  (        0 /        0 )  0.00
     drc_buftims         0  (        0 /        0 )  0.00
   plc_laf_lo_st         0  (        0 /        0 )  0.00
       plc_lo_st         0  (        0 /        0 )  0.00
            fopt         0  (        0 /        0 )  0.00
       crit_swap         0  (        0 /        0 )  0.00
       mux2_swap         0  (        0 /        0 )  0.00
       crit_dnsz         0  (        0 /        0 )  0.00
       load_swap         0  (        0 /        0 )  0.00
            fopt         0  (        0 /        0 )  0.00
        setup_dn         0  (        0 /        0 )  0.00
       load_isol         0  (        0 /        0 )  0.00
       load_isol         0  (        0 /        0 )  0.00
        move_for         0  (        0 /        0 )  0.00
        move_for         0  (        0 /        0 )  0.00
          rem_bi         0  (        0 /        0 )  0.00
         offload         0  (        0 /        0 )  0.00
          rem_bi         0  (        0 /        0 )  0.00
         offload         0  (        0 /        0 )  0.00
           phase         0  (        0 /        0 )  0.00
        in_phase         0  (        0 /        0 )  0.00
       merge_bit         0  (        0 /        0 )  0.00
     merge_idrvr         0  (        0 /        0 )  0.00
     merge_iload         0  (        0 /        0 )  0.00
    merge_idload         0  (        0 /        0 )  0.00
      merge_drvr         0  (        0 /        0 )  0.00
      merge_load         0  (        0 /        0 )  0.00
          decomp         0  (        0 /        0 )  0.00
        p_decomp         0  (        0 /        0 )  0.00
        levelize         0  (        0 /        0 )  0.00
        mb_split         0  (        0 /        0 )  0.00
             dup         0  (        0 /        0 )  0.00
      mux_retime         0  (        0 /        0 )  0.00
         buf2inv         0  (        0 /        0 )  0.00
             exp         0  (        0 /        0 )  0.00
       gate_deco         0  (        0 /        0 )  0.00
       gcomp_tim         0  (        0 /        0 )  0.00
  inv_pair_2_buf         0  (        0 /        0 )  0.00


           Trick     Calls     Accepts   Attempts    Time(secs) 
-----------------------------------------------------------
         crr_220         0  (        0 /        0 )  0.00
        crr_glob         0  (        0 /        0 )  0.00
         crr_200         0  (        0 /        0 )  0.00
        crr_glob         0  (        0 /        0 )  0.00
         crr_300         0  (        0 /        0 )  0.00
        crr_glob         0  (        0 /        0 )  0.00
         crr_400         0  (        0 /        0 )  0.00
        crr_glob         0  (        0 /        0 )  0.00
         crr_111         0  (        0 /        0 )  0.00
        crr_glob         0  (        0 /        0 )  0.00
         crr_210         0  (        0 /        0 )  0.00
        crr_glob         0  (        0 /        0 )  0.00
         crr_110         0  (        0 /        0 )  0.00
        crr_glob         0  (        0 /        0 )  0.00
         crr_101         0  (        0 /        0 )  0.00
        crr_glob         0  (        0 /        0 )  0.00
         crr_201         0  (        0 /        0 )  0.00
        crr_glob         0  (        0 /        0 )  0.00
         crr_211         0  (        0 /        0 )  0.00
        crr_glob         0  (        0 /        0 )  0.00
        crit_msz         0  (        0 /        0 )  0.00
       crit_upsz         0  (        0 /        0 )  0.00
       crit_slew         0  (        0 /        0 )  0.00
        setup_dn         0  (        0 /        0 )  0.00
    plc_bal_star         0  (        0 /        0 )  0.00
     drc_buftimb         0  (        0 /        0 )  0.00
          plc_st         0  (        0 /        0 )  0.00
    plc_st_fence         0  (        0 /        0 )  0.00
        plc_star         0  (        0 /        0 )  0.00
      plc_laf_st         0  (        0 /        0 )  0.00
 plc_laf_st_fence         0  (        0 /        0 )  0.00
     drc_buftims         0  (        0 /        0 )  0.00
       plc_lo_st         0  (        0 /        0 )  0.00
            fopt         0  (        0 /        0 )  0.00
       crit_swap         0  (        0 /        0 )  0.00
       mux2_swap         0  (        0 /        0 )  0.00
       crit_dnsz         0  (        0 /        0 )  0.00
       load_swap         0  (        0 /        0 )  0.00
            fopt         0  (        0 /        0 )  0.00
        setup_dn         0  (        0 /        0 )  0.00
       load_isol         0  (        0 /        0 )  0.00
       load_isol         0  (        0 /        0 )  0.00
        move_for         0  (        0 /        0 )  0.00
        move_for         0  (        0 /        0 )  0.00
          rem_bi         0  (        0 /        0 )  0.00
         offload         0  (        0 /        0 )  0.00
          rem_bi         0  (        0 /        0 )  0.00
         offload         0  (        0 /        0 )  0.00
       merge_bit         0  (        0 /        0 )  0.00
     merge_idrvr         0  (        0 /        0 )  0.00
     merge_iload         0  (        0 /        0 )  0.00
    merge_idload         0  (        0 /        0 )  0.00
      merge_drvr         0  (        0 /        0 )  0.00
      merge_load         0  (        0 /        0 )  0.00
           phase         0  (        0 /        0 )  0.00
          decomp         0  (        0 /        0 )  0.00
        p_decomp         0  (        0 /        0 )  0.00
        levelize         0  (        0 /        0 )  0.00
        mb_split         0  (        0 /        0 )  0.00
        in_phase         0  (        0 /        0 )  0.00
             dup         0  (        0 /        0 )  0.00
      mux_retime         0  (        0 /        0 )  0.00
         buf2inv         0  (        0 /        0 )  0.00
             exp         0  (        0 /        0 )  0.00
       gate_deco         0  (        0 /        0 )  0.00
       gcomp_tim         0  (        0 /        0 )  0.00
  inv_pair_2_buf         0  (        0 /        0 )  0.00
 init_drc                  56467        0         0         0        0

           Trick     Calls     Accepts   Attempts    Time(secs) 
-----------------------------------------------------------
          plc_st         0  (        0 /        0 )  0.00
        plc_star         0  (        0 /        0 )  0.00
        drc_bufs         0  (        0 /        0 )  0.00
        drc_fopt         0  (        0 /        0 )  0.00
        drc_bufb         0  (        0 /        0 )  0.00
      simple_buf         0  (        0 /        0 )  0.00
             dup         0  (        0 /        0 )  0.00
       crit_dnsz         0  (        0 /        0 )  0.00
       crit_upsz         0  (        0 /        0 )  0.00
       crit_slew         0  (        0 /        0 )  0.00


           Trick     Calls     Accepts   Attempts    Time(secs) 
-----------------------------------------------------------
          plc_st         0  (        0 /        0 )  0.00
        plc_star         0  (        0 /        0 )  0.00
      drc_buf_sp         0  (        0 /        0 )  0.00
        drc_bufs         0  (        0 /        0 )  0.00
        drc_fopt         0  (        0 /        0 )  0.00
        drc_bufb         0  (        0 /        0 )  0.00
      simple_buf         0  (        0 /        0 )  0.00
             dup         0  (        0 /        0 )  0.00
       crit_dnsz         0  (        0 /        0 )  0.00
       crit_upsz         0  (        0 /        0 )  0.00


           Trick     Calls     Accepts   Attempts    Time(secs) 
-----------------------------------------------------------
          plc_st         0  (        0 /        0 )  0.00
        plc_star         0  (        0 /        0 )  0.00
      drc_buf_sp         0  (        0 /        0 )  0.00
        drc_bufs         0  (        0 /        0 )  0.00
        drc_fopt         0  (        0 /        0 )  0.00
        drc_bufb         0  (        0 /        0 )  0.00
             dup         0  (        0 /        0 )  0.00
       crit_dnsz         0  (        0 /        0 )  0.00
       crit_upsz         0  (        0 /        0 )  0.00

 init_tns                  56467        0         0         0        0

           Trick     Calls     Accepts   Attempts    Time(secs) 
-----------------------------------------------------------
            fopt         0  (        0 /        0 )  0.00
    plc_bal_star         0  (        0 /        0 )  0.00
     drc_buftimb         0  (        0 /        0 )  0.00
     drc_buftims         0  (        0 /        0 )  0.00
        crit_msz         0  (        0 /        0 )  0.00
       crit_upsz         0  (        0 /        0 )  0.00
   plc_laf_lo_st         0  (        0 /        0 )  0.00
       plc_lo_st         0  (        0 /        0 )  0.00
       crit_swap         0  (        0 /        0 )  0.00
       mux2_swap         0  (        0 /        0 )  0.00
       crit_dnsz         0  (        0 /        0 )  0.00
       load_swap         0  (        0 /        0 )  0.00
            fopt         0  (        0 /        0 )  0.00
        setup_dn         0  (        0 /        0 )  0.00
       load_isol         0  (        0 /        0 )  0.00
       load_isol         0  (        0 /        0 )  0.00
        move_for         0  (        0 /        0 )  0.00
        move_for         0  (        0 /        0 )  0.00
          rem_bi         0  (        0 /        0 )  0.00
         offload         0  (        0 /        0 )  0.00
          rem_bi         0  (        0 /        0 )  0.00
         offload         0  (        0 /        0 )  0.00
       merge_bit         0  (        0 /        0 )  0.00
     merge_idrvr         0  (        0 /        0 )  0.00
     merge_iload         0  (        0 /        0 )  0.00
    merge_idload         0  (        0 /        0 )  0.00
      merge_drvr         0  (        0 /        0 )  0.00
      merge_load         0  (        0 /        0 )  0.00
           phase         0  (        0 /        0 )  0.00
          decomp         0  (        0 /        0 )  0.00
        p_decomp         0  (        0 /        0 )  0.00
        levelize         0  (        0 /        0 )  0.00
        mb_split         0  (        0 /        0 )  0.00
             dup         0  (        0 /        0 )  0.00
      mux_retime         0  (        0 /        0 )  0.00
       crr_local         0  (        0 /        0 )  0.00
         buf2inv         0  (        0 /        0 )  0.00

 init_area                 56467        0         0         0        0
 undup                     56380        0         0         0        0
 rem_buf                   56004        0         0         0        0
 rem_inv                   55878        0         0         0        0
 merge_bi                  55624        0         0         0        0
 io_phase                  55579        0         0         0        0
 gate_comp                 55577        0         0         0        0
 glob_area                 55574        0         0         0        0
 area_down                 55501        0         0         0        0
 gate_deco_area            55489        0         0         0        0
 rem_buf                   55404        0         0         0        0

           Trick     Calls     Accepts   Attempts    Time(secs) 
-----------------------------------------------------------
           undup        35  (       35 /       35 )  0.18
         rem_buf       137  (       95 /       95 )  0.82
         rem_inv        28  (       27 /       27 )  0.26
        merge_bi       102  (       94 /       94 )  0.58
      rem_inv_qb         0  (        0 /        0 )  0.00
    seq_res_area         0  (        0 /        0 )  0.01
        io_phase        32  (       32 /       32 )  0.20
       gate_comp        17  (        1 /        1 )  1.02
       gcomp_mog         0  (        0 /        0 )  0.25
       glob_area        74  (       10 /       74 )  0.42
       area_down       109  (       29 /       29 )  1.80
      size_n_buf        13  (        0 /        0 )  0.50
  gate_deco_area         9  (        9 /        9 )  0.09
         rem_buf        33  (       28 /       28 )  0.23
         rem_inv         1  (        0 /        0 )  0.01
        merge_bi         0  (        0 /        0 )  0.04
      rem_inv_qb         0  (        0 /        0 )  0.00

 
Incremental optimization status
===============================
                                   Group   
                                  Tot Wrst     Total - - DRC Totals - -
                           Total  Weighted      Neg      Max       Max 
Operation                   Area   Slacks      Slack    Trans      Cap 
 init_delay                55404        0         0         0        0

           Trick     Calls     Accepts   Attempts    Time(secs) 
-----------------------------------------------------------
         crr_220         0  (        0 /        0 )  0.00
        crr_glob         0  (        0 /        0 )  0.00
         crr_200         0  (        0 /        0 )  0.00
        crr_glob         0  (        0 /        0 )  0.00
         crr_300         0  (        0 /        0 )  0.00
        crr_glob         0  (        0 /        0 )  0.00
         crr_400         0  (        0 /        0 )  0.00
        crr_glob         0  (        0 /        0 )  0.00
         crr_111         0  (        0 /        0 )  0.00
        crr_glob         0  (        0 /        0 )  0.00
         crr_210         0  (        0 /        0 )  0.00
        crr_glob         0  (        0 /        0 )  0.00
         crr_110         0  (        0 /        0 )  0.00
        crr_glob         0  (        0 /        0 )  0.00
         crr_101         0  (        0 /        0 )  0.00
        crr_glob         0  (        0 /        0 )  0.00
         crr_201         0  (        0 /        0 )  0.00
        crr_glob         0  (        0 /        0 )  0.00
         crr_211         0  (        0 /        0 )  0.00
        crr_glob         0  (        0 /        0 )  0.00
        crit_msz         0  (        0 /        0 )  0.00
       crit_upsz         0  (        0 /        0 )  0.00
       crit_slew         0  (        0 /        0 )  0.00
        setup_dn         0  (        0 /        0 )  0.00
    plc_bal_star         0  (        0 /        0 )  0.00
     drc_buftimb         0  (        0 /        0 )  0.00
          plc_st         0  (        0 /        0 )  0.00
    plc_st_fence         0  (        0 /        0 )  0.00
        plc_star         0  (        0 /        0 )  0.00
      plc_laf_st         0  (        0 /        0 )  0.00
 plc_laf_st_fence         0  (        0 /        0 )  0.00
     drc_buftims         0  (        0 /        0 )  0.00
       plc_lo_st         0  (        0 /        0 )  0.00
            fopt         0  (        0 /        0 )  0.00
       crit_swap         0  (        0 /        0 )  0.00
       mux2_swap         0  (        0 /        0 )  0.00
       crit_dnsz         0  (        0 /        0 )  0.00
       load_swap         0  (        0 /        0 )  0.00
            fopt         0  (        0 /        0 )  0.00
        setup_dn         0  (        0 /        0 )  0.00
       load_isol         0  (        0 /        0 )  0.00
       load_isol         0  (        0 /        0 )  0.00
        move_for         0  (        0 /        0 )  0.00
        move_for         0  (        0 /        0 )  0.00
          rem_bi         0  (        0 /        0 )  0.00
         offload         0  (        0 /        0 )  0.00
          rem_bi         0  (        0 /        0 )  0.00
         offload         0  (        0 /        0 )  0.00
       merge_bit         0  (        0 /        0 )  0.00
     merge_idrvr         0  (        0 /        0 )  0.00
     merge_iload         0  (        0 /        0 )  0.00
    merge_idload         0  (        0 /        0 )  0.00
      merge_drvr         0  (        0 /        0 )  0.00
      merge_load         0  (        0 /        0 )  0.00
           phase         0  (        0 /        0 )  0.00
          decomp         0  (        0 /        0 )  0.00
        p_decomp         0  (        0 /        0 )  0.00
        levelize         0  (        0 /        0 )  0.00
        mb_split         0  (        0 /        0 )  0.00
        in_phase         0  (        0 /        0 )  0.00
             dup         0  (        0 /        0 )  0.00
      mux_retime         0  (        0 /        0 )  0.00
         buf2inv         0  (        0 /        0 )  0.00
             exp         0  (        0 /        0 )  0.00
       gate_deco         0  (        0 /        0 )  0.00
       gcomp_tim         0  (        0 /        0 )  0.00
  inv_pair_2_buf         0  (        0 /        0 )  0.00
 init_drc                  55404        0         0         0        0

           Trick     Calls     Accepts   Attempts    Time(secs) 
-----------------------------------------------------------
          plc_st         0  (        0 /        0 )  0.00
        plc_star         0  (        0 /        0 )  0.00
        drc_bufs         0  (        0 /        0 )  0.00
        drc_fopt         0  (        0 /        0 )  0.00
        drc_bufb         0  (        0 /        0 )  0.00
      simple_buf         0  (        0 /        0 )  0.00
             dup         0  (        0 /        0 )  0.00
       crit_dnsz         0  (        0 /        0 )  0.00
       crit_upsz         0  (        0 /        0 )  0.00
       crit_slew         0  (        0 /        0 )  0.00


           Trick     Calls     Accepts   Attempts    Time(secs) 
-----------------------------------------------------------
          plc_st         0  (        0 /        0 )  0.00
        plc_star         0  (        0 /        0 )  0.00
        drc_bufs         0  (        0 /        0 )  0.00
        drc_fopt         0  (        0 /        0 )  0.00
        drc_bufb         0  (        0 /        0 )  0.00
      simple_buf         0  (        0 /        0 )  0.00
             dup         0  (        0 /        0 )  0.00
       crit_dnsz         0  (        0 /        0 )  0.00
       crit_upsz         0  (        0 /        0 )  0.00


           Trick     Calls     Accepts   Attempts    Time(secs) 
-----------------------------------------------------------
          plc_st         0  (        0 /        0 )  0.00
        plc_star         0  (        0 /        0 )  0.00
        drc_bufs         0  (        0 /        0 )  0.00
        drc_fopt         0  (        0 /        0 )  0.00
        drc_bufb         0  (        0 /        0 )  0.00
             dup         0  (        0 /        0 )  0.00
       crit_dnsz         0  (        0 /        0 )  0.00
       crit_upsz         0  (        0 /        0 )  0.00

 init_tns                  55404        0         0         0        0

           Trick     Calls     Accepts   Attempts    Time(secs) 
-----------------------------------------------------------
            fopt         0  (        0 /        0 )  0.00
    plc_bal_star         0  (        0 /        0 )  0.00
     drc_buftimb         0  (        0 /        0 )  0.00
     drc_buftims         0  (        0 /        0 )  0.00
        crit_msz         0  (        0 /        0 )  0.00
       crit_upsz         0  (        0 /        0 )  0.00
   plc_laf_lo_st         0  (        0 /        0 )  0.00
       plc_lo_st         0  (        0 /        0 )  0.00
       crit_swap         0  (        0 /        0 )  0.00
       mux2_swap         0  (        0 /        0 )  0.00
       crit_dnsz         0  (        0 /        0 )  0.00
       load_swap         0  (        0 /        0 )  0.00
            fopt         0  (        0 /        0 )  0.00
        setup_dn         0  (        0 /        0 )  0.00
       load_isol         0  (        0 /        0 )  0.00
       load_isol         0  (        0 /        0 )  0.00
        move_for         0  (        0 /        0 )  0.00
        move_for         0  (        0 /        0 )  0.00
          rem_bi         0  (        0 /        0 )  0.00
         offload         0  (        0 /        0 )  0.00
          rem_bi         0  (        0 /        0 )  0.00
         offload         0  (        0 /        0 )  0.00
       merge_bit         0  (        0 /        0 )  0.00
     merge_idrvr         0  (        0 /        0 )  0.00
     merge_iload         0  (        0 /        0 )  0.00
    merge_idload         0  (        0 /        0 )  0.00
      merge_drvr         0  (        0 /        0 )  0.00
      merge_load         0  (        0 /        0 )  0.00
           phase         0  (        0 /        0 )  0.00
          decomp         0  (        0 /        0 )  0.00
        p_decomp         0  (        0 /        0 )  0.00
        levelize         0  (        0 /        0 )  0.00
        mb_split         0  (        0 /        0 )  0.00
             dup         0  (        0 /        0 )  0.00
      mux_retime         0  (        0 /        0 )  0.00
       crr_local         0  (        0 /        0 )  0.00
         buf2inv         0  (        0 /        0 )  0.00

 init_area                 55404        0         0         0        0
 undup                     55277        0         0         0        0
 merge_bi                  55276        0         0         0        0
 area_down                 55265        0         0         0        0

           Trick     Calls     Accepts   Attempts    Time(secs) 
-----------------------------------------------------------
           undup        31  (       31 /       31 )  0.15
         rem_buf         5  (        0 /        0 )  0.01
         rem_inv         1  (        0 /        0 )  0.01
        merge_bi         1  (        1 /        1 )  0.03
      rem_inv_qb         0  (        0 /        0 )  0.00
        io_phase         0  (        0 /        0 )  0.01
       gate_comp        16  (        0 /        0 )  0.93
       gcomp_mog         0  (        0 /        0 )  0.23
       glob_area        50  (        0 /       50 )  0.28
       area_down        96  (       12 /       12 )  1.23
      size_n_buf         1  (        0 /        0 )  0.10
  gate_deco_area         0  (        0 /        0 )  0.00

 
Incremental optimization status
===============================
                                   Group   
                                  Tot Wrst     Total - - DRC Totals - -
                           Total  Weighted      Neg      Max       Max 
Operation                   Area   Slacks      Slack    Trans      Cap 
 init_delay                55265        0         0         0        0

           Trick     Calls     Accepts   Attempts    Time(secs) 
-----------------------------------------------------------
        crit_msz         0  (        0 /        0 )  0.00
       crit_upsz         0  (        0 /        0 )  0.00
       crit_slew         0  (        0 /        0 )  0.00
        setup_dn         0  (        0 /        0 )  0.00
    plc_bal_star         0  (        0 /        0 )  0.00
     drc_buftimb         0  (        0 /        0 )  0.00
          plc_st         0  (        0 /        0 )  0.00
    plc_st_fence         0  (        0 /        0 )  0.00
        plc_star         0  (        0 /        0 )  0.00
      plc_laf_st         0  (        0 /        0 )  0.00
 plc_laf_st_fence         0  (        0 /        0 )  0.00
     drc_buftims         0  (        0 /        0 )  0.00
   plc_laf_lo_st         0  (        0 /        0 )  0.00
       plc_lo_st         0  (        0 /        0 )  0.00
            fopt         0  (        0 /        0 )  0.00
       crit_swap         0  (        0 /        0 )  0.00
       mux2_swap         0  (        0 /        0 )  0.00
       crit_dnsz         0  (        0 /        0 )  0.00
       load_swap         0  (        0 /        0 )  0.00
            fopt         0  (        0 /        0 )  0.00
        setup_dn         0  (        0 /        0 )  0.00
       load_isol         0  (        0 /        0 )  0.00
       load_isol         0  (        0 /        0 )  0.00
        move_for         0  (        0 /        0 )  0.00
        move_for         0  (        0 /        0 )  0.00
          rem_bi         0  (        0 /        0 )  0.00
         offload         0  (        0 /        0 )  0.00
          rem_bi         0  (        0 /        0 )  0.00
         offload         0  (        0 /        0 )  0.00
           phase         0  (        0 /        0 )  0.00
        in_phase         0  (        0 /        0 )  0.00
       merge_bit         0  (        0 /        0 )  0.00
     merge_idrvr         0  (        0 /        0 )  0.00
     merge_iload         0  (        0 /        0 )  0.00
    merge_idload         0  (        0 /        0 )  0.00
      merge_drvr         0  (        0 /        0 )  0.00
      merge_load         0  (        0 /        0 )  0.00
          decomp         0  (        0 /        0 )  0.00
        p_decomp         0  (        0 /        0 )  0.00
        levelize         0  (        0 /        0 )  0.00
        mb_split         0  (        0 /        0 )  0.00
             dup         0  (        0 /        0 )  0.00
      mux_retime         0  (        0 /        0 )  0.00
         buf2inv         0  (        0 /        0 )  0.00
             exp         0  (        0 /        0 )  0.00
       gate_deco         0  (        0 /        0 )  0.00
       gcomp_tim         0  (        0 /        0 )  0.00
  inv_pair_2_buf         0  (        0 /        0 )  0.00

 init_drc                  55265        0         0         0        0

           Trick     Calls     Accepts   Attempts    Time(secs) 
-----------------------------------------------------------
          plc_st         0  (        0 /        0 )  0.00
        plc_star         0  (        0 /        0 )  0.00
        drc_bufs         0  (        0 /        0 )  0.00
        drc_fopt         0  (        0 /        0 )  0.00
        drc_bufb         0  (        0 /        0 )  0.00
      simple_buf         0  (        0 /        0 )  0.00
             dup         0  (        0 /        0 )  0.00
       crit_dnsz         0  (        0 /        0 )  0.00
       crit_upsz         0  (        0 /        0 )  0.00
       crit_slew         0  (        0 /        0 )  0.00


           Trick     Calls     Accepts   Attempts    Time(secs) 
-----------------------------------------------------------
          plc_st         0  (        0 /        0 )  0.00
        plc_star         0  (        0 /        0 )  0.00
        drc_bufs         0  (        0 /        0 )  0.00
        drc_fopt         0  (        0 /        0 )  0.00
        drc_bufb         0  (        0 /        0 )  0.00
      simple_buf         0  (        0 /        0 )  0.00
             dup         0  (        0 /        0 )  0.00
       crit_dnsz         0  (        0 /        0 )  0.00
       crit_upsz         0  (        0 /        0 )  0.00


           Trick     Calls     Accepts   Attempts    Time(secs) 
-----------------------------------------------------------
          plc_st         0  (        0 /        0 )  0.00
        plc_star         0  (        0 /        0 )  0.00
        drc_bufs         0  (        0 /        0 )  0.00
        drc_fopt         0  (        0 /        0 )  0.00
        drc_bufb         0  (        0 /        0 )  0.00
             dup         0  (        0 /        0 )  0.00
       crit_dnsz         0  (        0 /        0 )  0.00
       crit_upsz         0  (        0 /        0 )  0.00

==================================
Stage : incr_opt 
==================================
  =================
   Message Summary
  =================
------------------------------------------------------
|   Id    |  Sev   |Count |      Message Text        |
------------------------------------------------------
| CFM-1   |Info    |    1 |Wrote dofile.             |
| CFM-5   |Info    |    1 |Wrote formal verification |
|         |        |      | information.             |
| CFM-209 |Warning |    1 |Multiple LEC pin          |
|         |        |      | constraints added to the |
|         |        |      | dofile.                  |
|         |        |      |The constraints needed to |
|         |        |      | disable test mode are    |
|         |        |      | not trivial. It is       |
|         |        |      | possible that some valid |
|         |        |      | functional modes will be |
|         |        |      | excluded from the formal |
|         |        |      | verification process.    |
|         |        |      | Review the constraints   |
|         |        |      | to ensure they are all   |
|         |        |      | expected and             |
|         |        |      | appropriate.             |
| CFM-655 |Warning |    1 |Writing DFT constraints   |
|         |        |      | in the dofile.           |
|         |        |      |Carefully review the      |
|         |        |      | constraints to ensure    |
|         |        |      | that functional logic is |
|         |        |      | not excluded from        |
|         |        |      | verification.            |
| CPI-506 |Warning |    1 |Command                   |
|         |        |      | 'commit_power_intent'    |
|         |        |      | cannot proceed as there  |
|         |        |      | is no power intent       |
|         |        |      | loaded.                  |
| DFT-100 |Info    |    2 |Added DFT object.         |
| GLO-51  |Info    |   13 |Hierarchical instance     |
|         |        |      | automatically ungrouped. |
|         |        |      |Hierarchical instances    |
|         |        |      | can be automatically     |
|         |        |      | ungrouped to allow for   |
|         |        |      | better area or timing    |
|         |        |      | optimization. To prevent |
|         |        |      | this ungroup, set the    |
|         |        |      | root-level attribute     |
|         |        |      | 'auto_ungroup' to        |
|         |        |      | 'none'. You can also     |
|         |        |      | prevent individual       |
|         |        |      | ungroup with setting the |
|         |        |      | attribute 'ungroup_ok'   |
|         |        |      | of instances or modules  |
|         |        |      | to 'false'.              |
| LBR-155 |Info    |  264 |Mismatch in unateness     |
|         |        |      | between 'timing_sense'   |
|         |        |      | attribute and the        |
|         |        |      | function.                |
|         |        |      |The 'timing_sense'        |
|         |        |      | attribute will be        |
|         |        |      | respected.               |
| PA-7    |Info    |    4 |Resetting power analysis  |
|         |        |      | results.                 |
|         |        |      |All computed switching    |
|         |        |      | activities are removed.  |
| ST-112  |Info    |    7 |A super-threading server  |
|         |        |      | has been shut down       |
|         |        |      | normally.                |
|         |        |      |A super-threaded          |
|         |        |      | optimization is complete |
|         |        |      | and a CPU server was     |
|         |        |      | successfully shut down.  |
| SYNTH-5 |Info    |    1 |Done mapping.             |
| SYNTH-7 |Info    |    1 |Incrementally optimizing. |
| TUI-32  |Warning |    1 |This attribute will be    |
|         |        |      | obsolete in a next major |
|         |        |      | release.                 |
------------------------------------------------------
Info    : Done incrementally optimizing. [SYNTH-8]
        : Done incrementally optimizing 'picorv32_wb'.
      flow.cputime  flow.realtime  timing.setup.tns  timing.setup.wns  snapshot
UM:*                                                                   syn_opt
@genus:design:picorv32_wb 39> exec mkdir -p reports
@genus:design:picorv32_wb 40> 
@genus:design:picorv32_wb 40> # === TASK 6 CHANGE: DFT REPORTS ===
@genus:design:picorv32_wb 41> report_scan_chains > reports/scan_chains.rpt
@genus:design:picorv32_wb 42> report_scan_setup > reports/scan_setup.rpt
@genus:design:picorv32_wb 43> 
@genus:design:picorv32_wb 43> # Standard Reports
@genus:design:picorv32_wb 44> report_timing > reports/timing_summary.rpt
@genus:design:picorv32_wb 45> report_area -summary > reports/area.rpt
@genus:design:picorv32_wb 46> report_power > reports/power.rpt
Info    : Joules engine is used. [RPT-16]
        : Joules engine is being used for the command report_power.
Info   : ACTP-0001 [ACTPInfo] Activity propagation started for stim#0 netlist
       : picorv32_wb
Info   : ACTP-0009 [ACTPInfo] Activity Propagation Progress Report :   0%   1%   2%   3%   4%   5%   6%   7%   8%   9%  10%  11%  12%  13%  14%  15%  16%  17%  18%  19%  20%  21%  22%  23%  24%  25%  26%  27%  28%  29%  30%  31%  32%  33%  34%  35%  36%  37%  38%  39%  40%  41%  42%  43%  44%  45%  46%  47%  48%  49%  50%  51%  52%  53%  54%  55%  56%  57%  58%  59%  60%  61%  62%  63%  64%  65%  66%  67%  68%  69%  70%  71%  72%  73%  74%  75%  76%  77%  78%  79%  80%  81%  82%  83%  84%  85%  86%  87%  88%  89%  90%  91%  92%  93%  94%  95%  96%  97%  98%  99% 100%
Info   : ACTP-0001 Activity propagation ended for stim#0
Info   : PWRA-0001 [PwrInfo] compute_power effective options 
       : -mode : vectorless
       : -skip_propagation : 1
       : -frequency_scaling_factor : 1.0
       : -use_clock_freq : stim
       : -stim :/stim#0
       : -fromGenus : 1
Info   : ACTP-0001 Timing initialization started
Info   : ACTP-0001 Timing initialization ended
Info   : PWRA-0002 [PwrInfo] Skipping activity propagation due to -skip_ap
       : option....
Warning: PWRA-0302 [PwrWarn] Frequency scaling is not applicable for vectorless
       : flow. Ignoring frequency scaling.
Warning: PWRA-0304 [PwrWarn] -stim option is not applicable with vectorless mode
       : of power analysis, ignored this option.
Info   : PWRA-0002 Started 'vectorless' power computation.
Info   : PWRA-0009 [PwrInfo] Power Computation Progress Report :   9%  18%  27%  36%  45%  54%  63%  72%  81%  90% 100%
Info   : PWRA-0002 Finished power computation.
Info   : PWRA-0007 [PwrInfo] Completed successfully.
       : Info=6, Warn=2, Error=0, Fatal=0
Output file: reports/power.rpt
@genus:design:picorv32_wb 47> report_gates > reports/gates.rpt
@genus:design:picorv32_wb 48> write_scandef > picorv32.scandef
@genus:design:picorv32_wb 49> 
@genus:design:picorv32_wb 49> # Output design
@genus:design:picorv32_wb 50> write_design -innovus picorv32_wb
Warning : This command will be obsolete in a next major release. [TUI-37]
        : Option '-innovus' is being obsoleted. Use 'write_db -common' for saving design databases to operate with other Cadence tools. Use 'write_design' in future releases for saving files for operations with non-Cadence tools.

(write_design): Writing Innovus content. Constraint interface is: 'mmmc2'
(write_design): Writing Genus content. Constraint interface is 'smsc'
Warning : Attribute design_process_node is not set for this design. [PHYS-1011]
        : Missing data.
        : When attribute design_process_node is not set to an appropriate integer value >=5 and <=250, then Innovus will assume its own default value for the design process node. See the Innovus setDesignMode -process <> command for more information about what this setting does.
Exporting design data for 'picorv32_wb' to genus_invs_des/genus...
%# Begin write_design (11/30 18:56:53, mem=1526.34M)
      flow.cputime  flow.realtime  timing.setup.tns  timing.setup.wns  snapshot
UM:*                                                                   write_design
No loop breaker instances found (cdn_loop_breaker).
File genus_invs_des/genus.mmmc.tcl has been written.
Finished SDC export (command execution time mm:ss (real) = 00:00).
Info: file genus_invs_des/genus.default_emulate_constraint_mode.sdc has been written
Info: file genus_invs_des/genus.default_emulate_constraint_mode.sdc has been written

Number of user defined NDR nets found: 0

Number of NDR nets found: 0
Number of nets with minimum layer assignments: 0

** To load the database source genus_invs_des/genus.invs_setup.tcl in an Innovus session.
** To load the database source genus_invs_des/genus.genus_setup.tcl in an Genus(TM) Synthesis Solution session.
Finished exporting design data for 'picorv32_wb' (command execution time mm:ss cpu = 00:03, real = 00:07).
.
%# End write_design (11/30 18:57:00, total cpu=10:00:03, real=10:00:07, peak res=1527.70M, current mem=1525.34M)
@genus:design:picorv32_wb 51> 
@genus:design:picorv32_wb 51> exit

Lic Summary:
[19:03:33.424352] Cdslmd servers: tracker05
[19:03:33.424363] Feature usage summary:
[19:03:33.424368] Genus_Synthesis

Normal exit.