###############################################################
#  Generated by:      Cadence Innovus 21.35-s114_1
#  OS:                Linux x86_64(Host ID cn90.it.auth.gr)
#  Generated on:      Mon Dec  8 12:40:19 2025
#  Design:            picorv32_pads
#  Command:           report_timing -path_group reg2reg -check_type setup -max_paths 50 > reports/postRouting/setup_reg2reg.rpt
###############################################################
Path 1: MET Setup Check with Pin core/picorv32_core_genblk1.pcpi_mul_rs1_
reg[32]/CK 
Endpoint:   core/picorv32_core_genblk1.pcpi_mul_rs1_reg[32]/D (^) checked with  
leading edge of 'clk'
Beginpoint: core/picorv32_core_pcpi_valid_reg/Q               (^) triggered by  
leading edge of 'clk'
Path Groups: {reg2reg}
Analysis View: analysis1
Other End Arrival Time          0.000
- Setup                         0.027
+ Phase Shift                   4.000
- Uncertainty                   0.020
= Required Time                 3.953
- Arrival Time                  2.896
= Slack Time                    1.057
     Clock Rise Edge                 0.000
     + Clock Network Latency (Prop)  0.000
     = Beginpoint Arrival Time       0.000
     +---------------------------------------------------------------------------------------------------------+ 
     |                     Instance                     |     Arc     |   Cell    | Delay | Arrival | Required | 
     |                                                  |             |           |       |  Time   |   Time   | 
     |--------------------------------------------------+-------------+-----------+-------+---------+----------| 
     | core/picorv32_core_pcpi_valid_reg                | CK ^        |           |       |   0.000 |    1.057 | 
     | core/picorv32_core_pcpi_valid_reg                | CK ^ -> Q ^ | DFFQX4    | 0.713 |   0.713 |    1.769 | 
     | core/picorv32_core_g88445__5526                  | AN ^ -> Y ^ | NOR4BX1   | 1.414 |   2.127 |    3.184 | 
     | core/FE_OFC279_picorv32_core_n_114150            | A ^ -> Y ^  | BUFX2     | 0.104 |   2.231 |    3.287 | 
     | core/picorv32_core_g88393__6131                  | D ^ -> Y v  | NAND4BX1  | 0.085 |   2.316 |    3.373 | 
     | core/FE_OFC898_picorv32_core_n_114025            | A v -> Y ^  | INVX1     | 0.071 |   2.387 |    3.443 | 
     | core/FE_OFC899_picorv32_core_n_114025            | A ^ -> Y v  | INVX1     | 0.075 |   2.462 |    3.518 | 
     | core/picorv32_core_g88383__8428                  | B v -> Y ^  | NOR2X1    | 0.068 |   2.530 |    3.586 | 
     | core/picorv32_core_g88373__1666                  | C ^ -> Y v  | NAND4X8   | 0.089 |   2.619 |    3.676 | 
     | core/picorv32_core_g88368__9315                  | AN v -> Y v | NAND2BX1  | 0.046 |   2.665 |    3.722 | 
     | core/picorv32_core_g195394                       | B v -> Y v  | OR2X1     | 0.044 |   2.709 |    3.766 | 
     | core/FE_RC_594_0                                 | A v -> Y v  | BUFX12    | 0.028 |   2.737 |    3.793 | 
     | core/FE_OCPC804_FE_OFN447_picorv32_core_n_198793 | A v -> Y ^  | CLKINVX20 | 0.034 |   2.771 |    3.827 | 
     | core/FE_OCPC805_FE_OFN447_picorv32_core_n_198793 | A ^ -> Y v  | CLKINVX20 | 0.058 |   2.829 |    3.886 | 
     | core/FE_RC_1335_0                                | B v -> Y ^  | NAND2X8   | 0.043 |   2.872 |    3.929 | 
     | core/FE_RC_1333_0                                | B ^ -> Y v  | NAND2BX2  | 0.013 |   2.886 |    3.942 | 
     | core/FE_OFC983_FE_RN_321_0                       | A v -> Y ^  | INVX3     | 0.010 |   2.896 |    3.952 | 
     | core/picorv32_core_genblk1.pcpi_mul_rs1_reg[32]  | D ^         | EDFFX2    | 0.000 |   2.896 |    3.953 | 
     +---------------------------------------------------------------------------------------------------------+ 
Path 2: MET Setup Check with Pin core/picorv32_core_genblk1.pcpi_mul_rs2_
reg[32]/CK 
Endpoint:   core/picorv32_core_genblk1.pcpi_mul_rs2_reg[32]/D (^) checked with  
leading edge of 'clk'
Beginpoint: core/picorv32_core_pcpi_valid_reg/Q               (^) triggered by  
leading edge of 'clk'
Path Groups: {reg2reg}
Analysis View: analysis1
Other End Arrival Time          0.000
- Setup                         0.016
+ Phase Shift                   4.000
- Uncertainty                   0.020
= Required Time                 3.964
- Arrival Time                  2.890
= Slack Time                    1.073
     Clock Rise Edge                 0.000
     + Clock Network Latency (Prop)  0.000
     = Beginpoint Arrival Time       0.000
     +--------------------------------------------------------------------------------------------------------+ 
     |                    Instance                     |     Arc     |   Cell    | Delay | Arrival | Required | 
     |                                                 |             |           |       |  Time   |   Time   | 
     |-------------------------------------------------+-------------+-----------+-------+---------+----------| 
     | core/picorv32_core_pcpi_valid_reg               | CK ^        |           |       |   0.000 |    1.073 | 
     | core/picorv32_core_pcpi_valid_reg               | CK ^ -> Q ^ | DFFQX4    | 0.713 |   0.713 |    1.786 | 
     | core/picorv32_core_g88445__5526                 | AN ^ -> Y ^ | NOR4BX1   | 1.414 |   2.127 |    3.200 | 
     | core/FE_OFC279_picorv32_core_n_114150           | A ^ -> Y ^  | BUFX2     | 0.104 |   2.231 |    3.304 | 
     | core/picorv32_core_g88393__6131                 | D ^ -> Y v  | NAND4BX1  | 0.085 |   2.316 |    3.389 | 
     | core/FE_OFC898_picorv32_core_n_114025           | A v -> Y ^  | INVX1     | 0.071 |   2.387 |    3.460 | 
     | core/FE_OFC899_picorv32_core_n_114025           | A ^ -> Y v  | INVX1     | 0.075 |   2.462 |    3.535 | 
     | core/picorv32_core_g88383__8428                 | B v -> Y ^  | NOR2X1    | 0.068 |   2.530 |    3.603 | 
     | core/picorv32_core_g88373__1666                 | C ^ -> Y v  | NAND4X8   | 0.089 |   2.619 |    3.692 | 
     | core/FE_OFC668_picorv32_core_n_74743            | A v -> Y ^  | CLKINVX6  | 0.029 |   2.648 |    3.722 | 
     | core/picorv32_core_g88371__2346                 | C ^ -> Y v  | NAND3BX4  | 0.035 |   2.683 |    3.756 | 
     | core/FE_OCPC810_picorv32_core_n_12747           | A v -> Y ^  | CLKINVX20 | 0.028 |   2.711 |    3.785 | 
     | core/FE_OCPC811_picorv32_core_n_12747           | A ^ -> Y v  | CLKINVX20 | 0.052 |   2.763 |    3.836 | 
     | core/FE_OCPC812_picorv32_core_n_12747           | A v -> Y ^  | CLKINVX20 | 0.032 |   2.795 |    3.868 | 
     | core/FE_OCPC813_picorv32_core_n_12747           | A ^ -> Y v  | CLKINVX20 | 0.028 |   2.823 |    3.897 | 
     | core/picorv32_core_g194429                      | AN v -> Y v | NAND3BX1  | 0.045 |   2.869 |    3.942 | 
     | core/FE_RC_588_0                                | B v -> Y ^  | NAND2BX2  | 0.022 |   2.890 |    3.964 | 
     | core/picorv32_core_genblk1.pcpi_mul_rs2_reg[32] | D ^         | DFFX2     | 0.000 |   2.890 |    3.964 | 
     +--------------------------------------------------------------------------------------------------------+ 
Path 3: MET Setup Check with Pin core/picorv32_core_genblk1.pcpi_mul_rs2_
reg[26]/CK 
Endpoint:   core/picorv32_core_genblk1.pcpi_mul_rs2_reg[26]/E (^) checked with  
leading edge of 'clk'
Beginpoint: core/picorv32_core_pcpi_valid_reg/Q               (^) triggered by  
leading edge of 'clk'
Path Groups: {reg2reg}
Analysis View: analysis1
Other End Arrival Time          0.000
- Setup                         0.034
+ Phase Shift                   4.000
- Uncertainty                   0.020
= Required Time                 3.946
- Arrival Time                  2.850
= Slack Time                    1.096
     Clock Rise Edge                 0.000
     + Clock Network Latency (Prop)  0.000
     = Beginpoint Arrival Time       0.000
     +-----------------------------------------------------------------------------------------------------------+ 
     |                      Instance                      |     Arc     |   Cell    | Delay | Arrival | Required | 
     |                                                    |             |           |       |  Time   |   Time   | 
     |----------------------------------------------------+-------------+-----------+-------+---------+----------| 
     | core/picorv32_core_pcpi_valid_reg                  | CK ^        |           |       |   0.000 |    1.096 | 
     | core/picorv32_core_pcpi_valid_reg                  | CK ^ -> Q ^ | DFFQX4    | 0.713 |   0.713 |    1.808 | 
     | core/picorv32_core_g88445__5526                    | AN ^ -> Y ^ | NOR4BX1   | 1.414 |   2.127 |    3.223 | 
     | core/FE_OFC279_picorv32_core_n_114150              | A ^ -> Y ^  | BUFX2     | 0.104 |   2.231 |    3.326 | 
     | core/picorv32_core_g88393__6131                    | D ^ -> Y v  | NAND4BX1  | 0.085 |   2.316 |    3.412 | 
     | core/FE_OFC898_picorv32_core_n_114025              | A v -> Y ^  | INVX1     | 0.071 |   2.387 |    3.482 | 
     | core/FE_OFC899_picorv32_core_n_114025              | A ^ -> Y v  | INVX1     | 0.075 |   2.462 |    3.557 | 
     | core/picorv32_core_g88383__8428                    | B v -> Y ^  | NOR2X1    | 0.068 |   2.530 |    3.625 | 
     | core/picorv32_core_g88373__1666                    | C ^ -> Y v  | NAND4X8   | 0.089 |   2.619 |    3.715 | 
     | core/FE_OFC668_picorv32_core_n_74743               | A v -> Y ^  | CLKINVX6  | 0.029 |   2.648 |    3.744 | 
     | core/FE_OFC669_picorv32_core_n_74743               | A ^ -> Y v  | CLKINVX12 | 0.018 |   2.667 |    3.762 | 
     | core/FE_OCPC814_FE_OFN430_picorv32_core_n_109700   | A v -> Y ^  | CLKINVX20 | 0.029 |   2.696 |    3.792 | 
     | core/FE_OCPC815_FE_OFN430_picorv32_core_n_109700   | A ^ -> Y v  | CLKINVX12 | 0.027 |   2.723 |    3.818 | 
     | core/FE_OFC863_FE_OCPN201761_FE_OFN430_picorv32_co | A v -> Y ^  | CLKINVX20 | 0.031 |   2.754 |    3.849 | 
     | re_n_109700                                        |             |           |       |         |          | 
     | core/FE_RC_1436_0                                  | B ^ -> Y v  | NAND2X6   | 0.054 |   2.807 |    3.903 | 
     | core/FE_RC_1432_0                                  | A v -> Y ^  | NOR2X8    | 0.036 |   2.844 |    3.939 | 
     | core/picorv32_core_genblk1.pcpi_mul_rs2_reg[26]    | E ^         | EDFFX4    | 0.007 |   2.850 |    3.946 | 
     +-----------------------------------------------------------------------------------------------------------+ 
Path 4: MET Setup Check with Pin core/picorv32_core_genblk1.pcpi_mul_rs2_
reg[20]/CK 
Endpoint:   core/picorv32_core_genblk1.pcpi_mul_rs2_reg[20]/E (^) checked with  
leading edge of 'clk'
Beginpoint: core/picorv32_core_pcpi_valid_reg/Q               (^) triggered by  
leading edge of 'clk'
Path Groups: {reg2reg}
Analysis View: analysis1
Other End Arrival Time          0.000
- Setup                         0.034
+ Phase Shift                   4.000
- Uncertainty                   0.020
= Required Time                 3.946
- Arrival Time                  2.850
= Slack Time                    1.096
     Clock Rise Edge                 0.000
     + Clock Network Latency (Prop)  0.000
     = Beginpoint Arrival Time       0.000
     +-----------------------------------------------------------------------------------------------------------+ 
     |                      Instance                      |     Arc     |   Cell    | Delay | Arrival | Required | 
     |                                                    |             |           |       |  Time   |   Time   | 
     |----------------------------------------------------+-------------+-----------+-------+---------+----------| 
     | core/picorv32_core_pcpi_valid_reg                  | CK ^        |           |       |   0.000 |    1.096 | 
     | core/picorv32_core_pcpi_valid_reg                  | CK ^ -> Q ^ | DFFQX4    | 0.713 |   0.713 |    1.809 | 
     | core/picorv32_core_g88445__5526                    | AN ^ -> Y ^ | NOR4BX1   | 1.414 |   2.127 |    3.223 | 
     | core/FE_OFC279_picorv32_core_n_114150              | A ^ -> Y ^  | BUFX2     | 0.104 |   2.231 |    3.327 | 
     | core/picorv32_core_g88393__6131                    | D ^ -> Y v  | NAND4BX1  | 0.085 |   2.316 |    3.412 | 
     | core/FE_OFC898_picorv32_core_n_114025              | A v -> Y ^  | INVX1     | 0.071 |   2.387 |    3.483 | 
     | core/FE_OFC899_picorv32_core_n_114025              | A ^ -> Y v  | INVX1     | 0.075 |   2.462 |    3.558 | 
     | core/picorv32_core_g88383__8428                    | B v -> Y ^  | NOR2X1    | 0.068 |   2.530 |    3.626 | 
     | core/picorv32_core_g88373__1666                    | C ^ -> Y v  | NAND4X8   | 0.089 |   2.619 |    3.715 | 
     | core/FE_OFC668_picorv32_core_n_74743               | A v -> Y ^  | CLKINVX6  | 0.029 |   2.648 |    3.744 | 
     | core/FE_OFC669_picorv32_core_n_74743               | A ^ -> Y v  | CLKINVX12 | 0.018 |   2.667 |    3.763 | 
     | core/FE_OCPC814_FE_OFN430_picorv32_core_n_109700   | A v -> Y ^  | CLKINVX20 | 0.029 |   2.696 |    3.792 | 
     | core/FE_OCPC815_FE_OFN430_picorv32_core_n_109700   | A ^ -> Y v  | CLKINVX12 | 0.027 |   2.723 |    3.819 | 
     | core/FE_OFC863_FE_OCPN201761_FE_OFN430_picorv32_co | A v -> Y ^  | CLKINVX20 | 0.031 |   2.754 |    3.850 | 
     | re_n_109700                                        |             |           |       |         |          | 
     | core/FE_RC_1436_0                                  | B ^ -> Y v  | NAND2X6   | 0.054 |   2.807 |    3.903 | 
     | core/FE_RC_1432_0                                  | A v -> Y ^  | NOR2X8    | 0.036 |   2.844 |    3.940 | 
     | core/picorv32_core_genblk1.pcpi_mul_rs2_reg[20]    | E ^         | EDFFX4    | 0.006 |   2.850 |    3.946 | 
     +-----------------------------------------------------------------------------------------------------------+ 
Path 5: MET Setup Check with Pin core/picorv32_core_genblk1.pcpi_mul_rs2_
reg[14]/CK 
Endpoint:   core/picorv32_core_genblk1.pcpi_mul_rs2_reg[14]/E (^) checked with  
leading edge of 'clk'
Beginpoint: core/picorv32_core_pcpi_valid_reg/Q               (^) triggered by  
leading edge of 'clk'
Path Groups: {reg2reg}
Analysis View: analysis1
Other End Arrival Time          0.000
- Setup                         0.034
+ Phase Shift                   4.000
- Uncertainty                   0.020
= Required Time                 3.946
- Arrival Time                  2.850
= Slack Time                    1.096
     Clock Rise Edge                 0.000
     + Clock Network Latency (Prop)  0.000
     = Beginpoint Arrival Time       0.000
     +-----------------------------------------------------------------------------------------------------------+ 
     |                      Instance                      |     Arc     |   Cell    | Delay | Arrival | Required | 
     |                                                    |             |           |       |  Time   |   Time   | 
     |----------------------------------------------------+-------------+-----------+-------+---------+----------| 
     | core/picorv32_core_pcpi_valid_reg                  | CK ^        |           |       |   0.000 |    1.096 | 
     | core/picorv32_core_pcpi_valid_reg                  | CK ^ -> Q ^ | DFFQX4    | 0.713 |   0.713 |    1.809 | 
     | core/picorv32_core_g88445__5526                    | AN ^ -> Y ^ | NOR4BX1   | 1.414 |   2.127 |    3.223 | 
     | core/FE_OFC279_picorv32_core_n_114150              | A ^ -> Y ^  | BUFX2     | 0.104 |   2.231 |    3.327 | 
     | core/picorv32_core_g88393__6131                    | D ^ -> Y v  | NAND4BX1  | 0.085 |   2.316 |    3.412 | 
     | core/FE_OFC898_picorv32_core_n_114025              | A v -> Y ^  | INVX1     | 0.071 |   2.387 |    3.483 | 
     | core/FE_OFC899_picorv32_core_n_114025              | A ^ -> Y v  | INVX1     | 0.075 |   2.462 |    3.558 | 
     | core/picorv32_core_g88383__8428                    | B v -> Y ^  | NOR2X1    | 0.068 |   2.530 |    3.626 | 
     | core/picorv32_core_g88373__1666                    | C ^ -> Y v  | NAND4X8   | 0.089 |   2.619 |    3.715 | 
     | core/FE_OFC668_picorv32_core_n_74743               | A v -> Y ^  | CLKINVX6  | 0.029 |   2.648 |    3.745 | 
     | core/FE_OFC669_picorv32_core_n_74743               | A ^ -> Y v  | CLKINVX12 | 0.018 |   2.667 |    3.763 | 
     | core/FE_OCPC814_FE_OFN430_picorv32_core_n_109700   | A v -> Y ^  | CLKINVX20 | 0.029 |   2.696 |    3.792 | 
     | core/FE_OCPC815_FE_OFN430_picorv32_core_n_109700   | A ^ -> Y v  | CLKINVX12 | 0.027 |   2.723 |    3.819 | 
     | core/FE_OFC863_FE_OCPN201761_FE_OFN430_picorv32_co | A v -> Y ^  | CLKINVX20 | 0.031 |   2.754 |    3.850 | 
     | re_n_109700                                        |             |           |       |         |          | 
     | core/FE_RC_1436_0                                  | B ^ -> Y v  | NAND2X6   | 0.054 |   2.807 |    3.904 | 
     | core/FE_RC_1432_0                                  | A v -> Y ^  | NOR2X8    | 0.036 |   2.844 |    3.940 | 
     | core/picorv32_core_genblk1.pcpi_mul_rs2_reg[14]    | E ^         | EDFFX4    | 0.006 |   2.850 |    3.946 | 
     +-----------------------------------------------------------------------------------------------------------+ 
Path 6: MET Setup Check with Pin core/picorv32_core_genblk1.pcpi_mul_rs2_
reg[22]/CK 
Endpoint:   core/picorv32_core_genblk1.pcpi_mul_rs2_reg[22]/E (^) checked with  
leading edge of 'clk'
Beginpoint: core/picorv32_core_pcpi_valid_reg/Q               (^) triggered by  
leading edge of 'clk'
Path Groups: {reg2reg}
Analysis View: analysis1
Other End Arrival Time          0.000
- Setup                         0.032
+ Phase Shift                   4.000
- Uncertainty                   0.020
= Required Time                 3.948
- Arrival Time                  2.850
= Slack Time                    1.098
     Clock Rise Edge                 0.000
     + Clock Network Latency (Prop)  0.000
     = Beginpoint Arrival Time       0.000
     +-----------------------------------------------------------------------------------------------------------+ 
     |                      Instance                      |     Arc     |   Cell    | Delay | Arrival | Required | 
     |                                                    |             |           |       |  Time   |   Time   | 
     |----------------------------------------------------+-------------+-----------+-------+---------+----------| 
     | core/picorv32_core_pcpi_valid_reg                  | CK ^        |           |       |   0.000 |    1.098 | 
     | core/picorv32_core_pcpi_valid_reg                  | CK ^ -> Q ^ | DFFQX4    | 0.713 |   0.713 |    1.811 | 
     | core/picorv32_core_g88445__5526                    | AN ^ -> Y ^ | NOR4BX1   | 1.414 |   2.127 |    3.225 | 
     | core/FE_OFC279_picorv32_core_n_114150              | A ^ -> Y ^  | BUFX2     | 0.104 |   2.231 |    3.329 | 
     | core/picorv32_core_g88393__6131                    | D ^ -> Y v  | NAND4BX1  | 0.085 |   2.316 |    3.414 | 
     | core/FE_OFC898_picorv32_core_n_114025              | A v -> Y ^  | INVX1     | 0.071 |   2.387 |    3.485 | 
     | core/FE_OFC899_picorv32_core_n_114025              | A ^ -> Y v  | INVX1     | 0.075 |   2.462 |    3.560 | 
     | core/picorv32_core_g88383__8428                    | B v -> Y ^  | NOR2X1    | 0.068 |   2.530 |    3.628 | 
     | core/picorv32_core_g88373__1666                    | C ^ -> Y v  | NAND4X8   | 0.089 |   2.619 |    3.717 | 
     | core/FE_OFC668_picorv32_core_n_74743               | A v -> Y ^  | CLKINVX6  | 0.029 |   2.648 |    3.746 | 
     | core/FE_OFC669_picorv32_core_n_74743               | A ^ -> Y v  | CLKINVX12 | 0.018 |   2.667 |    3.764 | 
     | core/FE_OCPC814_FE_OFN430_picorv32_core_n_109700   | A v -> Y ^  | CLKINVX20 | 0.029 |   2.696 |    3.794 | 
     | core/FE_OCPC815_FE_OFN430_picorv32_core_n_109700   | A ^ -> Y v  | CLKINVX12 | 0.027 |   2.723 |    3.821 | 
     | core/FE_OFC863_FE_OCPN201761_FE_OFN430_picorv32_co | A v -> Y ^  | CLKINVX20 | 0.031 |   2.754 |    3.851 | 
     | re_n_109700                                        |             |           |       |         |          | 
     | core/FE_RC_1436_0                                  | B ^ -> Y v  | NAND2X6   | 0.054 |   2.807 |    3.905 | 
     | core/FE_RC_1432_0                                  | A v -> Y ^  | NOR2X8    | 0.036 |   2.844 |    3.942 | 
     | core/picorv32_core_genblk1.pcpi_mul_rs2_reg[22]    | E ^         | EDFFHQX8  | 0.007 |   2.850 |    3.948 | 
     +-----------------------------------------------------------------------------------------------------------+ 
Path 7: MET Setup Check with Pin core/picorv32_core_genblk1.pcpi_mul_rs2_
reg[30]/CK 
Endpoint:   core/picorv32_core_genblk1.pcpi_mul_rs2_reg[30]/E (^) checked with  
leading edge of 'clk'
Beginpoint: core/picorv32_core_pcpi_valid_reg/Q               (^) triggered by  
leading edge of 'clk'
Path Groups: {reg2reg}
Analysis View: analysis1
Other End Arrival Time          0.000
- Setup                         0.032
+ Phase Shift                   4.000
- Uncertainty                   0.020
= Required Time                 3.948
- Arrival Time                  2.850
= Slack Time                    1.098
     Clock Rise Edge                 0.000
     + Clock Network Latency (Prop)  0.000
     = Beginpoint Arrival Time       0.000
     +-----------------------------------------------------------------------------------------------------------+ 
     |                      Instance                      |     Arc     |   Cell    | Delay | Arrival | Required | 
     |                                                    |             |           |       |  Time   |   Time   | 
     |----------------------------------------------------+-------------+-----------+-------+---------+----------| 
     | core/picorv32_core_pcpi_valid_reg                  | CK ^        |           |       |   0.000 |    1.098 | 
     | core/picorv32_core_pcpi_valid_reg                  | CK ^ -> Q ^ | DFFQX4    | 0.713 |   0.713 |    1.811 | 
     | core/picorv32_core_g88445__5526                    | AN ^ -> Y ^ | NOR4BX1   | 1.414 |   2.127 |    3.225 | 
     | core/FE_OFC279_picorv32_core_n_114150              | A ^ -> Y ^  | BUFX2     | 0.104 |   2.231 |    3.329 | 
     | core/picorv32_core_g88393__6131                    | D ^ -> Y v  | NAND4BX1  | 0.085 |   2.316 |    3.414 | 
     | core/FE_OFC898_picorv32_core_n_114025              | A v -> Y ^  | INVX1     | 0.071 |   2.387 |    3.485 | 
     | core/FE_OFC899_picorv32_core_n_114025              | A ^ -> Y v  | INVX1     | 0.075 |   2.462 |    3.560 | 
     | core/picorv32_core_g88383__8428                    | B v -> Y ^  | NOR2X1    | 0.068 |   2.530 |    3.628 | 
     | core/picorv32_core_g88373__1666                    | C ^ -> Y v  | NAND4X8   | 0.089 |   2.619 |    3.717 | 
     | core/FE_OFC668_picorv32_core_n_74743               | A v -> Y ^  | CLKINVX6  | 0.029 |   2.648 |    3.746 | 
     | core/FE_OFC669_picorv32_core_n_74743               | A ^ -> Y v  | CLKINVX12 | 0.018 |   2.667 |    3.765 | 
     | core/FE_OCPC814_FE_OFN430_picorv32_core_n_109700   | A v -> Y ^  | CLKINVX20 | 0.029 |   2.696 |    3.794 | 
     | core/FE_OCPC815_FE_OFN430_picorv32_core_n_109700   | A ^ -> Y v  | CLKINVX12 | 0.027 |   2.723 |    3.821 | 
     | core/FE_OFC863_FE_OCPN201761_FE_OFN430_picorv32_co | A v -> Y ^  | CLKINVX20 | 0.031 |   2.754 |    3.852 | 
     | re_n_109700                                        |             |           |       |         |          | 
     | core/FE_RC_1436_0                                  | B ^ -> Y v  | NAND2X6   | 0.054 |   2.807 |    3.905 | 
     | core/FE_RC_1432_0                                  | A v -> Y ^  | NOR2X8    | 0.036 |   2.844 |    3.942 | 
     | core/picorv32_core_genblk1.pcpi_mul_rs2_reg[30]    | E ^         | EDFFHQX8  | 0.007 |   2.850 |    3.948 | 
     +-----------------------------------------------------------------------------------------------------------+ 
Path 8: MET Setup Check with Pin core/picorv32_core_genblk1.pcpi_mul_rs2_
reg[18]/CK 
Endpoint:   core/picorv32_core_genblk1.pcpi_mul_rs2_reg[18]/E (^) checked with  
leading edge of 'clk'
Beginpoint: core/picorv32_core_pcpi_valid_reg/Q               (^) triggered by  
leading edge of 'clk'
Path Groups: {reg2reg}
Analysis View: analysis1
Other End Arrival Time          0.000
- Setup                         0.032
+ Phase Shift                   4.000
- Uncertainty                   0.020
= Required Time                 3.948
- Arrival Time                  2.850
= Slack Time                    1.098
     Clock Rise Edge                 0.000
     + Clock Network Latency (Prop)  0.000
     = Beginpoint Arrival Time       0.000
     +-----------------------------------------------------------------------------------------------------------+ 
     |                      Instance                      |     Arc     |   Cell    | Delay | Arrival | Required | 
     |                                                    |             |           |       |  Time   |   Time   | 
     |----------------------------------------------------+-------------+-----------+-------+---------+----------| 
     | core/picorv32_core_pcpi_valid_reg                  | CK ^        |           |       |   0.000 |    1.098 | 
     | core/picorv32_core_pcpi_valid_reg                  | CK ^ -> Q ^ | DFFQX4    | 0.713 |   0.713 |    1.811 | 
     | core/picorv32_core_g88445__5526                    | AN ^ -> Y ^ | NOR4BX1   | 1.414 |   2.127 |    3.225 | 
     | core/FE_OFC279_picorv32_core_n_114150              | A ^ -> Y ^  | BUFX2     | 0.104 |   2.231 |    3.329 | 
     | core/picorv32_core_g88393__6131                    | D ^ -> Y v  | NAND4BX1  | 0.085 |   2.316 |    3.414 | 
     | core/FE_OFC898_picorv32_core_n_114025              | A v -> Y ^  | INVX1     | 0.071 |   2.387 |    3.485 | 
     | core/FE_OFC899_picorv32_core_n_114025              | A ^ -> Y v  | INVX1     | 0.075 |   2.462 |    3.560 | 
     | core/picorv32_core_g88383__8428                    | B v -> Y ^  | NOR2X1    | 0.068 |   2.530 |    3.628 | 
     | core/picorv32_core_g88373__1666                    | C ^ -> Y v  | NAND4X8   | 0.089 |   2.619 |    3.717 | 
     | core/FE_OFC668_picorv32_core_n_74743               | A v -> Y ^  | CLKINVX6  | 0.029 |   2.648 |    3.746 | 
     | core/FE_OFC669_picorv32_core_n_74743               | A ^ -> Y v  | CLKINVX12 | 0.018 |   2.667 |    3.765 | 
     | core/FE_OCPC814_FE_OFN430_picorv32_core_n_109700   | A v -> Y ^  | CLKINVX20 | 0.029 |   2.696 |    3.794 | 
     | core/FE_OCPC815_FE_OFN430_picorv32_core_n_109700   | A ^ -> Y v  | CLKINVX12 | 0.027 |   2.723 |    3.821 | 
     | core/FE_OFC863_FE_OCPN201761_FE_OFN430_picorv32_co | A v -> Y ^  | CLKINVX20 | 0.031 |   2.754 |    3.852 | 
     | re_n_109700                                        |             |           |       |         |          | 
     | core/FE_RC_1436_0                                  | B ^ -> Y v  | NAND2X6   | 0.054 |   2.807 |    3.905 | 
     | core/FE_RC_1432_0                                  | A v -> Y ^  | NOR2X8    | 0.036 |   2.844 |    3.942 | 
     | core/picorv32_core_genblk1.pcpi_mul_rs2_reg[18]    | E ^         | EDFFHQX8  | 0.007 |   2.850 |    3.948 | 
     +-----------------------------------------------------------------------------------------------------------+ 
Path 9: MET Setup Check with Pin core/picorv32_core_genblk1.pcpi_mul_rs2_
reg[16]/CK 
Endpoint:   core/picorv32_core_genblk1.pcpi_mul_rs2_reg[16]/E (^) checked with  
leading edge of 'clk'
Beginpoint: core/picorv32_core_pcpi_valid_reg/Q               (^) triggered by  
leading edge of 'clk'
Path Groups: {reg2reg}
Analysis View: analysis1
Other End Arrival Time          0.000
- Setup                         0.032
+ Phase Shift                   4.000
- Uncertainty                   0.020
= Required Time                 3.948
- Arrival Time                  2.850
= Slack Time                    1.098
     Clock Rise Edge                 0.000
     + Clock Network Latency (Prop)  0.000
     = Beginpoint Arrival Time       0.000
     +-----------------------------------------------------------------------------------------------------------+ 
     |                      Instance                      |     Arc     |   Cell    | Delay | Arrival | Required | 
     |                                                    |             |           |       |  Time   |   Time   | 
     |----------------------------------------------------+-------------+-----------+-------+---------+----------| 
     | core/picorv32_core_pcpi_valid_reg                  | CK ^        |           |       |   0.000 |    1.098 | 
     | core/picorv32_core_pcpi_valid_reg                  | CK ^ -> Q ^ | DFFQX4    | 0.713 |   0.713 |    1.811 | 
     | core/picorv32_core_g88445__5526                    | AN ^ -> Y ^ | NOR4BX1   | 1.414 |   2.127 |    3.225 | 
     | core/FE_OFC279_picorv32_core_n_114150              | A ^ -> Y ^  | BUFX2     | 0.104 |   2.231 |    3.329 | 
     | core/picorv32_core_g88393__6131                    | D ^ -> Y v  | NAND4BX1  | 0.085 |   2.316 |    3.414 | 
     | core/FE_OFC898_picorv32_core_n_114025              | A v -> Y ^  | INVX1     | 0.071 |   2.387 |    3.485 | 
     | core/FE_OFC899_picorv32_core_n_114025              | A ^ -> Y v  | INVX1     | 0.075 |   2.462 |    3.560 | 
     | core/picorv32_core_g88383__8428                    | B v -> Y ^  | NOR2X1    | 0.068 |   2.530 |    3.628 | 
     | core/picorv32_core_g88373__1666                    | C ^ -> Y v  | NAND4X8   | 0.089 |   2.619 |    3.717 | 
     | core/FE_OFC668_picorv32_core_n_74743               | A v -> Y ^  | CLKINVX6  | 0.029 |   2.648 |    3.747 | 
     | core/FE_OFC669_picorv32_core_n_74743               | A ^ -> Y v  | CLKINVX12 | 0.018 |   2.667 |    3.765 | 
     | core/FE_OCPC814_FE_OFN430_picorv32_core_n_109700   | A v -> Y ^  | CLKINVX20 | 0.029 |   2.696 |    3.794 | 
     | core/FE_OCPC815_FE_OFN430_picorv32_core_n_109700   | A ^ -> Y v  | CLKINVX12 | 0.027 |   2.723 |    3.821 | 
     | core/FE_OFC863_FE_OCPN201761_FE_OFN430_picorv32_co | A v -> Y ^  | CLKINVX20 | 0.031 |   2.754 |    3.852 | 
     | re_n_109700                                        |             |           |       |         |          | 
     | core/FE_RC_1436_0                                  | B ^ -> Y v  | NAND2X6   | 0.054 |   2.807 |    3.905 | 
     | core/FE_RC_1432_0                                  | A v -> Y ^  | NOR2X8    | 0.036 |   2.844 |    3.942 | 
     | core/picorv32_core_genblk1.pcpi_mul_rs2_reg[16]    | E ^         | EDFFHQX8  | 0.006 |   2.850 |    3.948 | 
     +-----------------------------------------------------------------------------------------------------------+ 
Path 10: MET Setup Check with Pin core/picorv32_core_genblk1.pcpi_mul_rs2_
reg[12]/CK 
Endpoint:   core/picorv32_core_genblk1.pcpi_mul_rs2_reg[12]/E (^) checked with  
leading edge of 'clk'
Beginpoint: core/picorv32_core_pcpi_valid_reg/Q               (^) triggered by  
leading edge of 'clk'
Path Groups: {reg2reg}
Analysis View: analysis1
Other End Arrival Time          0.000
- Setup                         0.032
+ Phase Shift                   4.000
- Uncertainty                   0.020
= Required Time                 3.948
- Arrival Time                  2.850
= Slack Time                    1.098
     Clock Rise Edge                 0.000
     + Clock Network Latency (Prop)  0.000
     = Beginpoint Arrival Time       0.000
     +-----------------------------------------------------------------------------------------------------------+ 
     |                      Instance                      |     Arc     |   Cell    | Delay | Arrival | Required | 
     |                                                    |             |           |       |  Time   |   Time   | 
     |----------------------------------------------------+-------------+-----------+-------+---------+----------| 
     | core/picorv32_core_pcpi_valid_reg                  | CK ^        |           |       |   0.000 |    1.098 | 
     | core/picorv32_core_pcpi_valid_reg                  | CK ^ -> Q ^ | DFFQX4    | 0.713 |   0.713 |    1.811 | 
     | core/picorv32_core_g88445__5526                    | AN ^ -> Y ^ | NOR4BX1   | 1.414 |   2.127 |    3.226 | 
     | core/FE_OFC279_picorv32_core_n_114150              | A ^ -> Y ^  | BUFX2     | 0.104 |   2.231 |    3.329 | 
     | core/picorv32_core_g88393__6131                    | D ^ -> Y v  | NAND4BX1  | 0.085 |   2.316 |    3.414 | 
     | core/FE_OFC898_picorv32_core_n_114025              | A v -> Y ^  | INVX1     | 0.071 |   2.387 |    3.485 | 
     | core/FE_OFC899_picorv32_core_n_114025              | A ^ -> Y v  | INVX1     | 0.075 |   2.462 |    3.560 | 
     | core/picorv32_core_g88383__8428                    | B v -> Y ^  | NOR2X1    | 0.068 |   2.530 |    3.628 | 
     | core/picorv32_core_g88373__1666                    | C ^ -> Y v  | NAND4X8   | 0.089 |   2.619 |    3.718 | 
     | core/FE_OFC668_picorv32_core_n_74743               | A v -> Y ^  | CLKINVX6  | 0.029 |   2.648 |    3.747 | 
     | core/FE_OFC669_picorv32_core_n_74743               | A ^ -> Y v  | CLKINVX12 | 0.018 |   2.667 |    3.765 | 
     | core/FE_OCPC814_FE_OFN430_picorv32_core_n_109700   | A v -> Y ^  | CLKINVX20 | 0.029 |   2.696 |    3.794 | 
     | core/FE_OCPC815_FE_OFN430_picorv32_core_n_109700   | A ^ -> Y v  | CLKINVX12 | 0.027 |   2.723 |    3.821 | 
     | core/FE_OFC863_FE_OCPN201761_FE_OFN430_picorv32_co | A v -> Y ^  | CLKINVX20 | 0.031 |   2.754 |    3.852 | 
     | re_n_109700                                        |             |           |       |         |          | 
     | core/FE_RC_1436_0                                  | B ^ -> Y v  | NAND2X6   | 0.054 |   2.807 |    3.906 | 
     | core/FE_RC_1432_0                                  | A v -> Y ^  | NOR2X8    | 0.036 |   2.844 |    3.942 | 
     | core/picorv32_core_genblk1.pcpi_mul_rs2_reg[12]    | E ^         | EDFFHQX8  | 0.006 |   2.850 |    3.948 | 
     +-----------------------------------------------------------------------------------------------------------+ 
Path 11: MET Setup Check with Pin core/picorv32_core_genblk1.pcpi_mul_rs2_
reg[29]/CK 
Endpoint:   core/picorv32_core_genblk1.pcpi_mul_rs2_reg[29]/S0 (^) checked with 
leading edge of 'clk'
Beginpoint: core/picorv32_core_pcpi_valid_reg/Q                (^) triggered by 
leading edge of 'clk'
Path Groups: {reg2reg}
Analysis View: analysis1
Other End Arrival Time          0.000
- Setup                         0.030
+ Phase Shift                   4.000
- Uncertainty                   0.020
= Required Time                 3.950
- Arrival Time                  2.850
= Slack Time                    1.099
     Clock Rise Edge                 0.000
     + Clock Network Latency (Prop)  0.000
     = Beginpoint Arrival Time       0.000
     +-----------------------------------------------------------------------------------------------------------+ 
     |                      Instance                      |     Arc     |   Cell    | Delay | Arrival | Required | 
     |                                                    |             |           |       |  Time   |   Time   | 
     |----------------------------------------------------+-------------+-----------+-------+---------+----------| 
     | core/picorv32_core_pcpi_valid_reg                  | CK ^        |           |       |   0.000 |    1.099 | 
     | core/picorv32_core_pcpi_valid_reg                  | CK ^ -> Q ^ | DFFQX4    | 0.713 |   0.713 |    1.812 | 
     | core/picorv32_core_g88445__5526                    | AN ^ -> Y ^ | NOR4BX1   | 1.414 |   2.127 |    3.226 | 
     | core/FE_OFC279_picorv32_core_n_114150              | A ^ -> Y ^  | BUFX2     | 0.104 |   2.231 |    3.330 | 
     | core/picorv32_core_g88393__6131                    | D ^ -> Y v  | NAND4BX1  | 0.085 |   2.316 |    3.415 | 
     | core/FE_OFC898_picorv32_core_n_114025              | A v -> Y ^  | INVX1     | 0.071 |   2.387 |    3.486 | 
     | core/FE_OFC899_picorv32_core_n_114025              | A ^ -> Y v  | INVX1     | 0.075 |   2.462 |    3.561 | 
     | core/picorv32_core_g88383__8428                    | B v -> Y ^  | NOR2X1    | 0.068 |   2.530 |    3.629 | 
     | core/picorv32_core_g88373__1666                    | C ^ -> Y v  | NAND4X8   | 0.089 |   2.619 |    3.718 | 
     | core/FE_OFC668_picorv32_core_n_74743               | A v -> Y ^  | CLKINVX6  | 0.029 |   2.648 |    3.748 | 
     | core/FE_OFC669_picorv32_core_n_74743               | A ^ -> Y v  | CLKINVX12 | 0.018 |   2.667 |    3.766 | 
     | core/FE_OCPC814_FE_OFN430_picorv32_core_n_109700   | A v -> Y ^  | CLKINVX20 | 0.029 |   2.696 |    3.795 | 
     | core/FE_OCPC815_FE_OFN430_picorv32_core_n_109700   | A ^ -> Y v  | CLKINVX12 | 0.027 |   2.723 |    3.822 | 
     | core/FE_OFC863_FE_OCPN201761_FE_OFN430_picorv32_co | A v -> Y ^  | CLKINVX20 | 0.031 |   2.754 |    3.853 | 
     | re_n_109700                                        |             |           |       |         |          | 
     | core/FE_RC_1436_0                                  | B ^ -> Y v  | NAND2X6   | 0.054 |   2.807 |    3.907 | 
     | core/FE_RC_1432_0                                  | A v -> Y ^  | NOR2X8    | 0.036 |   2.844 |    3.943 | 
     | core/picorv32_core_genblk1.pcpi_mul_rs2_reg[29]    | S0 ^        | MDFFHQX1  | 0.007 |   2.850 |    3.950 | 
     +-----------------------------------------------------------------------------------------------------------+ 
Path 12: MET Setup Check with Pin core/picorv32_core_genblk1.pcpi_mul_rs2_
reg[27]/CK 
Endpoint:   core/picorv32_core_genblk1.pcpi_mul_rs2_reg[27]/S0 (^) checked with 
leading edge of 'clk'
Beginpoint: core/picorv32_core_pcpi_valid_reg/Q                (^) triggered by 
leading edge of 'clk'
Path Groups: {reg2reg}
Analysis View: analysis1
Other End Arrival Time          0.000
- Setup                         0.030
+ Phase Shift                   4.000
- Uncertainty                   0.020
= Required Time                 3.950
- Arrival Time                  2.850
= Slack Time                    1.099
     Clock Rise Edge                 0.000
     + Clock Network Latency (Prop)  0.000
     = Beginpoint Arrival Time       0.000
     +-----------------------------------------------------------------------------------------------------------+ 
     |                      Instance                      |     Arc     |   Cell    | Delay | Arrival | Required | 
     |                                                    |             |           |       |  Time   |   Time   | 
     |----------------------------------------------------+-------------+-----------+-------+---------+----------| 
     | core/picorv32_core_pcpi_valid_reg                  | CK ^        |           |       |   0.000 |    1.099 | 
     | core/picorv32_core_pcpi_valid_reg                  | CK ^ -> Q ^ | DFFQX4    | 0.713 |   0.713 |    1.812 | 
     | core/picorv32_core_g88445__5526                    | AN ^ -> Y ^ | NOR4BX1   | 1.414 |   2.127 |    3.226 | 
     | core/FE_OFC279_picorv32_core_n_114150              | A ^ -> Y ^  | BUFX2     | 0.104 |   2.231 |    3.330 | 
     | core/picorv32_core_g88393__6131                    | D ^ -> Y v  | NAND4BX1  | 0.085 |   2.316 |    3.415 | 
     | core/FE_OFC898_picorv32_core_n_114025              | A v -> Y ^  | INVX1     | 0.071 |   2.387 |    3.486 | 
     | core/FE_OFC899_picorv32_core_n_114025              | A ^ -> Y v  | INVX1     | 0.075 |   2.462 |    3.561 | 
     | core/picorv32_core_g88383__8428                    | B v -> Y ^  | NOR2X1    | 0.068 |   2.530 |    3.629 | 
     | core/picorv32_core_g88373__1666                    | C ^ -> Y v  | NAND4X8   | 0.089 |   2.619 |    3.718 | 
     | core/FE_OFC668_picorv32_core_n_74743               | A v -> Y ^  | CLKINVX6  | 0.029 |   2.648 |    3.748 | 
     | core/FE_OFC669_picorv32_core_n_74743               | A ^ -> Y v  | CLKINVX12 | 0.018 |   2.667 |    3.766 | 
     | core/FE_OCPC814_FE_OFN430_picorv32_core_n_109700   | A v -> Y ^  | CLKINVX20 | 0.029 |   2.696 |    3.795 | 
     | core/FE_OCPC815_FE_OFN430_picorv32_core_n_109700   | A ^ -> Y v  | CLKINVX12 | 0.027 |   2.723 |    3.822 | 
     | core/FE_OFC863_FE_OCPN201761_FE_OFN430_picorv32_co | A v -> Y ^  | CLKINVX20 | 0.031 |   2.754 |    3.853 | 
     | re_n_109700                                        |             |           |       |         |          | 
     | core/FE_RC_1436_0                                  | B ^ -> Y v  | NAND2X6   | 0.054 |   2.807 |    3.907 | 
     | core/FE_RC_1432_0                                  | A v -> Y ^  | NOR2X8    | 0.036 |   2.844 |    3.943 | 
     | core/picorv32_core_genblk1.pcpi_mul_rs2_reg[27]    | S0 ^        | MDFFHQX1  | 0.007 |   2.850 |    3.950 | 
     +-----------------------------------------------------------------------------------------------------------+ 
Path 13: MET Setup Check with Pin core/picorv32_core_genblk1.pcpi_mul_rs2_
reg[25]/CK 
Endpoint:   core/picorv32_core_genblk1.pcpi_mul_rs2_reg[25]/S0 (^) checked with 
leading edge of 'clk'
Beginpoint: core/picorv32_core_pcpi_valid_reg/Q                (^) triggered by 
leading edge of 'clk'
Path Groups: {reg2reg}
Analysis View: analysis1
Other End Arrival Time          0.000
- Setup                         0.030
+ Phase Shift                   4.000
- Uncertainty                   0.020
= Required Time                 3.950
- Arrival Time                  2.850
= Slack Time                    1.099
     Clock Rise Edge                 0.000
     + Clock Network Latency (Prop)  0.000
     = Beginpoint Arrival Time       0.000
     +-----------------------------------------------------------------------------------------------------------+ 
     |                      Instance                      |     Arc     |   Cell    | Delay | Arrival | Required | 
     |                                                    |             |           |       |  Time   |   Time   | 
     |----------------------------------------------------+-------------+-----------+-------+---------+----------| 
     | core/picorv32_core_pcpi_valid_reg                  | CK ^        |           |       |   0.000 |    1.099 | 
     | core/picorv32_core_pcpi_valid_reg                  | CK ^ -> Q ^ | DFFQX4    | 0.713 |   0.713 |    1.812 | 
     | core/picorv32_core_g88445__5526                    | AN ^ -> Y ^ | NOR4BX1   | 1.414 |   2.127 |    3.226 | 
     | core/FE_OFC279_picorv32_core_n_114150              | A ^ -> Y ^  | BUFX2     | 0.104 |   2.231 |    3.330 | 
     | core/picorv32_core_g88393__6131                    | D ^ -> Y v  | NAND4BX1  | 0.085 |   2.316 |    3.415 | 
     | core/FE_OFC898_picorv32_core_n_114025              | A v -> Y ^  | INVX1     | 0.071 |   2.387 |    3.486 | 
     | core/FE_OFC899_picorv32_core_n_114025              | A ^ -> Y v  | INVX1     | 0.075 |   2.462 |    3.561 | 
     | core/picorv32_core_g88383__8428                    | B v -> Y ^  | NOR2X1    | 0.068 |   2.530 |    3.629 | 
     | core/picorv32_core_g88373__1666                    | C ^ -> Y v  | NAND4X8   | 0.089 |   2.619 |    3.718 | 
     | core/FE_OFC668_picorv32_core_n_74743               | A v -> Y ^  | CLKINVX6  | 0.029 |   2.648 |    3.748 | 
     | core/FE_OFC669_picorv32_core_n_74743               | A ^ -> Y v  | CLKINVX12 | 0.018 |   2.667 |    3.766 | 
     | core/FE_OCPC814_FE_OFN430_picorv32_core_n_109700   | A v -> Y ^  | CLKINVX20 | 0.029 |   2.696 |    3.795 | 
     | core/FE_OCPC815_FE_OFN430_picorv32_core_n_109700   | A ^ -> Y v  | CLKINVX12 | 0.027 |   2.723 |    3.822 | 
     | core/FE_OFC863_FE_OCPN201761_FE_OFN430_picorv32_co | A v -> Y ^  | CLKINVX20 | 0.031 |   2.754 |    3.853 | 
     | re_n_109700                                        |             |           |       |         |          | 
     | core/FE_RC_1436_0                                  | B ^ -> Y v  | NAND2X6   | 0.054 |   2.807 |    3.907 | 
     | core/FE_RC_1432_0                                  | A v -> Y ^  | NOR2X8    | 0.036 |   2.844 |    3.943 | 
     | core/picorv32_core_genblk1.pcpi_mul_rs2_reg[25]    | S0 ^        | MDFFHQX1  | 0.007 |   2.850 |    3.950 | 
     +-----------------------------------------------------------------------------------------------------------+ 
Path 14: MET Setup Check with Pin core/picorv32_core_genblk1.pcpi_mul_rs2_
reg[21]/CK 
Endpoint:   core/picorv32_core_genblk1.pcpi_mul_rs2_reg[21]/S0 (^) checked with 
leading edge of 'clk'
Beginpoint: core/picorv32_core_pcpi_valid_reg/Q                (^) triggered by 
leading edge of 'clk'
Path Groups: {reg2reg}
Analysis View: analysis1
Other End Arrival Time          0.000
- Setup                         0.030
+ Phase Shift                   4.000
- Uncertainty                   0.020
= Required Time                 3.950
- Arrival Time                  2.850
= Slack Time                    1.099
     Clock Rise Edge                 0.000
     + Clock Network Latency (Prop)  0.000
     = Beginpoint Arrival Time       0.000
     +-----------------------------------------------------------------------------------------------------------+ 
     |                      Instance                      |     Arc     |   Cell    | Delay | Arrival | Required | 
     |                                                    |             |           |       |  Time   |   Time   | 
     |----------------------------------------------------+-------------+-----------+-------+---------+----------| 
     | core/picorv32_core_pcpi_valid_reg                  | CK ^        |           |       |   0.000 |    1.099 | 
     | core/picorv32_core_pcpi_valid_reg                  | CK ^ -> Q ^ | DFFQX4    | 0.713 |   0.713 |    1.812 | 
     | core/picorv32_core_g88445__5526                    | AN ^ -> Y ^ | NOR4BX1   | 1.414 |   2.127 |    3.226 | 
     | core/FE_OFC279_picorv32_core_n_114150              | A ^ -> Y ^  | BUFX2     | 0.104 |   2.231 |    3.330 | 
     | core/picorv32_core_g88393__6131                    | D ^ -> Y v  | NAND4BX1  | 0.085 |   2.316 |    3.415 | 
     | core/FE_OFC898_picorv32_core_n_114025              | A v -> Y ^  | INVX1     | 0.071 |   2.387 |    3.486 | 
     | core/FE_OFC899_picorv32_core_n_114025              | A ^ -> Y v  | INVX1     | 0.075 |   2.462 |    3.561 | 
     | core/picorv32_core_g88383__8428                    | B v -> Y ^  | NOR2X1    | 0.068 |   2.530 |    3.629 | 
     | core/picorv32_core_g88373__1666                    | C ^ -> Y v  | NAND4X8   | 0.089 |   2.619 |    3.718 | 
     | core/FE_OFC668_picorv32_core_n_74743               | A v -> Y ^  | CLKINVX6  | 0.029 |   2.648 |    3.748 | 
     | core/FE_OFC669_picorv32_core_n_74743               | A ^ -> Y v  | CLKINVX12 | 0.018 |   2.667 |    3.766 | 
     | core/FE_OCPC814_FE_OFN430_picorv32_core_n_109700   | A v -> Y ^  | CLKINVX20 | 0.029 |   2.696 |    3.795 | 
     | core/FE_OCPC815_FE_OFN430_picorv32_core_n_109700   | A ^ -> Y v  | CLKINVX12 | 0.027 |   2.723 |    3.822 | 
     | core/FE_OFC863_FE_OCPN201761_FE_OFN430_picorv32_co | A v -> Y ^  | CLKINVX20 | 0.031 |   2.754 |    3.853 | 
     | re_n_109700                                        |             |           |       |         |          | 
     | core/FE_RC_1436_0                                  | B ^ -> Y v  | NAND2X6   | 0.054 |   2.807 |    3.907 | 
     | core/FE_RC_1432_0                                  | A v -> Y ^  | NOR2X8    | 0.036 |   2.844 |    3.943 | 
     | core/picorv32_core_genblk1.pcpi_mul_rs2_reg[21]    | S0 ^        | MDFFHQX1  | 0.007 |   2.850 |    3.950 | 
     +-----------------------------------------------------------------------------------------------------------+ 
Path 15: MET Setup Check with Pin core/picorv32_core_genblk1.pcpi_mul_rs2_
reg[23]/CK 
Endpoint:   core/picorv32_core_genblk1.pcpi_mul_rs2_reg[23]/S0 (^) checked with 
leading edge of 'clk'
Beginpoint: core/picorv32_core_pcpi_valid_reg/Q                (^) triggered by 
leading edge of 'clk'
Path Groups: {reg2reg}
Analysis View: analysis1
Other End Arrival Time          0.000
- Setup                         0.030
+ Phase Shift                   4.000
- Uncertainty                   0.020
= Required Time                 3.950
- Arrival Time                  2.850
= Slack Time                    1.099
     Clock Rise Edge                 0.000
     + Clock Network Latency (Prop)  0.000
     = Beginpoint Arrival Time       0.000
     +-----------------------------------------------------------------------------------------------------------+ 
     |                      Instance                      |     Arc     |   Cell    | Delay | Arrival | Required | 
     |                                                    |             |           |       |  Time   |   Time   | 
     |----------------------------------------------------+-------------+-----------+-------+---------+----------| 
     | core/picorv32_core_pcpi_valid_reg                  | CK ^        |           |       |   0.000 |    1.099 | 
     | core/picorv32_core_pcpi_valid_reg                  | CK ^ -> Q ^ | DFFQX4    | 0.713 |   0.713 |    1.812 | 
     | core/picorv32_core_g88445__5526                    | AN ^ -> Y ^ | NOR4BX1   | 1.414 |   2.127 |    3.227 | 
     | core/FE_OFC279_picorv32_core_n_114150              | A ^ -> Y ^  | BUFX2     | 0.104 |   2.231 |    3.330 | 
     | core/picorv32_core_g88393__6131                    | D ^ -> Y v  | NAND4BX1  | 0.085 |   2.316 |    3.415 | 
     | core/FE_OFC898_picorv32_core_n_114025              | A v -> Y ^  | INVX1     | 0.071 |   2.387 |    3.486 | 
     | core/FE_OFC899_picorv32_core_n_114025              | A ^ -> Y v  | INVX1     | 0.075 |   2.462 |    3.561 | 
     | core/picorv32_core_g88383__8428                    | B v -> Y ^  | NOR2X1    | 0.068 |   2.530 |    3.629 | 
     | core/picorv32_core_g88373__1666                    | C ^ -> Y v  | NAND4X8   | 0.089 |   2.619 |    3.719 | 
     | core/FE_OFC668_picorv32_core_n_74743               | A v -> Y ^  | CLKINVX6  | 0.029 |   2.648 |    3.748 | 
     | core/FE_OFC669_picorv32_core_n_74743               | A ^ -> Y v  | CLKINVX12 | 0.018 |   2.667 |    3.766 | 
     | core/FE_OCPC814_FE_OFN430_picorv32_core_n_109700   | A v -> Y ^  | CLKINVX20 | 0.029 |   2.696 |    3.795 | 
     | core/FE_OCPC815_FE_OFN430_picorv32_core_n_109700   | A ^ -> Y v  | CLKINVX12 | 0.027 |   2.723 |    3.822 | 
     | core/FE_OFC863_FE_OCPN201761_FE_OFN430_picorv32_co | A v -> Y ^  | CLKINVX20 | 0.031 |   2.754 |    3.853 | 
     | re_n_109700                                        |             |           |       |         |          | 
     | core/FE_RC_1436_0                                  | B ^ -> Y v  | NAND2X6   | 0.054 |   2.807 |    3.907 | 
     | core/FE_RC_1432_0                                  | A v -> Y ^  | NOR2X8    | 0.036 |   2.844 |    3.943 | 
     | core/picorv32_core_genblk1.pcpi_mul_rs2_reg[23]    | S0 ^        | MDFFHQX1  | 0.007 |   2.850 |    3.950 | 
     +-----------------------------------------------------------------------------------------------------------+ 
Path 16: MET Setup Check with Pin core/picorv32_core_genblk1.pcpi_mul_rs2_
reg[31]/CK 
Endpoint:   core/picorv32_core_genblk1.pcpi_mul_rs2_reg[31]/S0 (^) checked with 
leading edge of 'clk'
Beginpoint: core/picorv32_core_pcpi_valid_reg/Q                (^) triggered by 
leading edge of 'clk'
Path Groups: {reg2reg}
Analysis View: analysis1
Other End Arrival Time          0.000
- Setup                         0.030
+ Phase Shift                   4.000
- Uncertainty                   0.020
= Required Time                 3.950
- Arrival Time                  2.850
= Slack Time                    1.100
     Clock Rise Edge                 0.000
     + Clock Network Latency (Prop)  0.000
     = Beginpoint Arrival Time       0.000
     +-----------------------------------------------------------------------------------------------------------+ 
     |                      Instance                      |     Arc     |   Cell    | Delay | Arrival | Required | 
     |                                                    |             |           |       |  Time   |   Time   | 
     |----------------------------------------------------+-------------+-----------+-------+---------+----------| 
     | core/picorv32_core_pcpi_valid_reg                  | CK ^        |           |       |   0.000 |    1.100 | 
     | core/picorv32_core_pcpi_valid_reg                  | CK ^ -> Q ^ | DFFQX4    | 0.713 |   0.713 |    1.812 | 
     | core/picorv32_core_g88445__5526                    | AN ^ -> Y ^ | NOR4BX1   | 1.414 |   2.127 |    3.227 | 
     | core/FE_OFC279_picorv32_core_n_114150              | A ^ -> Y ^  | BUFX2     | 0.104 |   2.231 |    3.330 | 
     | core/picorv32_core_g88393__6131                    | D ^ -> Y v  | NAND4BX1  | 0.085 |   2.316 |    3.415 | 
     | core/FE_OFC898_picorv32_core_n_114025              | A v -> Y ^  | INVX1     | 0.071 |   2.387 |    3.486 | 
     | core/FE_OFC899_picorv32_core_n_114025              | A ^ -> Y v  | INVX1     | 0.075 |   2.462 |    3.561 | 
     | core/picorv32_core_g88383__8428                    | B v -> Y ^  | NOR2X1    | 0.068 |   2.530 |    3.629 | 
     | core/picorv32_core_g88373__1666                    | C ^ -> Y v  | NAND4X8   | 0.089 |   2.619 |    3.719 | 
     | core/FE_OFC668_picorv32_core_n_74743               | A v -> Y ^  | CLKINVX6  | 0.029 |   2.648 |    3.748 | 
     | core/FE_OFC669_picorv32_core_n_74743               | A ^ -> Y v  | CLKINVX12 | 0.018 |   2.667 |    3.766 | 
     | core/FE_OCPC814_FE_OFN430_picorv32_core_n_109700   | A v -> Y ^  | CLKINVX20 | 0.029 |   2.696 |    3.795 | 
     | core/FE_OCPC815_FE_OFN430_picorv32_core_n_109700   | A ^ -> Y v  | CLKINVX12 | 0.027 |   2.723 |    3.822 | 
     | core/FE_OFC863_FE_OCPN201761_FE_OFN430_picorv32_co | A v -> Y ^  | CLKINVX20 | 0.031 |   2.754 |    3.853 | 
     | re_n_109700                                        |             |           |       |         |          | 
     | core/FE_RC_1436_0                                  | B ^ -> Y v  | NAND2X6   | 0.054 |   2.807 |    3.907 | 
     | core/FE_RC_1432_0                                  | A v -> Y ^  | NOR2X8    | 0.036 |   2.844 |    3.943 | 
     | core/picorv32_core_genblk1.pcpi_mul_rs2_reg[31]    | S0 ^        | MDFFHQX1  | 0.006 |   2.850 |    3.950 | 
     +-----------------------------------------------------------------------------------------------------------+ 
Path 17: MET Setup Check with Pin core/picorv32_core_genblk1.pcpi_mul_rs2_
reg[19]/CK 
Endpoint:   core/picorv32_core_genblk1.pcpi_mul_rs2_reg[19]/S0 (^) checked with 
leading edge of 'clk'
Beginpoint: core/picorv32_core_pcpi_valid_reg/Q                (^) triggered by 
leading edge of 'clk'
Path Groups: {reg2reg}
Analysis View: analysis1
Other End Arrival Time          0.000
- Setup                         0.030
+ Phase Shift                   4.000
- Uncertainty                   0.020
= Required Time                 3.950
- Arrival Time                  2.850
= Slack Time                    1.100
     Clock Rise Edge                 0.000
     + Clock Network Latency (Prop)  0.000
     = Beginpoint Arrival Time       0.000
     +-----------------------------------------------------------------------------------------------------------+ 
     |                      Instance                      |     Arc     |   Cell    | Delay | Arrival | Required | 
     |                                                    |             |           |       |  Time   |   Time   | 
     |----------------------------------------------------+-------------+-----------+-------+---------+----------| 
     | core/picorv32_core_pcpi_valid_reg                  | CK ^        |           |       |   0.000 |    1.100 | 
     | core/picorv32_core_pcpi_valid_reg                  | CK ^ -> Q ^ | DFFQX4    | 0.713 |   0.713 |    1.812 | 
     | core/picorv32_core_g88445__5526                    | AN ^ -> Y ^ | NOR4BX1   | 1.414 |   2.127 |    3.227 | 
     | core/FE_OFC279_picorv32_core_n_114150              | A ^ -> Y ^  | BUFX2     | 0.104 |   2.231 |    3.330 | 
     | core/picorv32_core_g88393__6131                    | D ^ -> Y v  | NAND4BX1  | 0.085 |   2.316 |    3.416 | 
     | core/FE_OFC898_picorv32_core_n_114025              | A v -> Y ^  | INVX1     | 0.071 |   2.387 |    3.486 | 
     | core/FE_OFC899_picorv32_core_n_114025              | A ^ -> Y v  | INVX1     | 0.075 |   2.462 |    3.561 | 
     | core/picorv32_core_g88383__8428                    | B v -> Y ^  | NOR2X1    | 0.068 |   2.530 |    3.629 | 
     | core/picorv32_core_g88373__1666                    | C ^ -> Y v  | NAND4X8   | 0.089 |   2.619 |    3.719 | 
     | core/FE_OFC668_picorv32_core_n_74743               | A v -> Y ^  | CLKINVX6  | 0.029 |   2.648 |    3.748 | 
     | core/FE_OFC669_picorv32_core_n_74743               | A ^ -> Y v  | CLKINVX12 | 0.018 |   2.667 |    3.766 | 
     | core/FE_OCPC814_FE_OFN430_picorv32_core_n_109700   | A v -> Y ^  | CLKINVX20 | 0.029 |   2.696 |    3.796 | 
     | core/FE_OCPC815_FE_OFN430_picorv32_core_n_109700   | A ^ -> Y v  | CLKINVX12 | 0.027 |   2.723 |    3.822 | 
     | core/FE_OFC863_FE_OCPN201761_FE_OFN430_picorv32_co | A v -> Y ^  | CLKINVX20 | 0.031 |   2.754 |    3.853 | 
     | re_n_109700                                        |             |           |       |         |          | 
     | core/FE_RC_1436_0                                  | B ^ -> Y v  | NAND2X6   | 0.054 |   2.807 |    3.907 | 
     | core/FE_RC_1432_0                                  | A v -> Y ^  | NOR2X8    | 0.036 |   2.844 |    3.943 | 
     | core/picorv32_core_genblk1.pcpi_mul_rs2_reg[19]    | S0 ^        | MDFFHQX1  | 0.006 |   2.850 |    3.950 | 
     +-----------------------------------------------------------------------------------------------------------+ 
Path 18: MET Setup Check with Pin core/picorv32_core_genblk1.pcpi_mul_rs2_
reg[17]/CK 
Endpoint:   core/picorv32_core_genblk1.pcpi_mul_rs2_reg[17]/S0 (^) checked with 
leading edge of 'clk'
Beginpoint: core/picorv32_core_pcpi_valid_reg/Q                (^) triggered by 
leading edge of 'clk'
Path Groups: {reg2reg}
Analysis View: analysis1
Other End Arrival Time          0.000
- Setup                         0.030
+ Phase Shift                   4.000
- Uncertainty                   0.020
= Required Time                 3.950
- Arrival Time                  2.850
= Slack Time                    1.100
     Clock Rise Edge                 0.000
     + Clock Network Latency (Prop)  0.000
     = Beginpoint Arrival Time       0.000
     +-----------------------------------------------------------------------------------------------------------+ 
     |                      Instance                      |     Arc     |   Cell    | Delay | Arrival | Required | 
     |                                                    |             |           |       |  Time   |   Time   | 
     |----------------------------------------------------+-------------+-----------+-------+---------+----------| 
     | core/picorv32_core_pcpi_valid_reg                  | CK ^        |           |       |   0.000 |    1.100 | 
     | core/picorv32_core_pcpi_valid_reg                  | CK ^ -> Q ^ | DFFQX4    | 0.713 |   0.713 |    1.813 | 
     | core/picorv32_core_g88445__5526                    | AN ^ -> Y ^ | NOR4BX1   | 1.414 |   2.127 |    3.227 | 
     | core/FE_OFC279_picorv32_core_n_114150              | A ^ -> Y ^  | BUFX2     | 0.104 |   2.231 |    3.330 | 
     | core/picorv32_core_g88393__6131                    | D ^ -> Y v  | NAND4BX1  | 0.085 |   2.316 |    3.416 | 
     | core/FE_OFC898_picorv32_core_n_114025              | A v -> Y ^  | INVX1     | 0.071 |   2.387 |    3.487 | 
     | core/FE_OFC899_picorv32_core_n_114025              | A ^ -> Y v  | INVX1     | 0.075 |   2.462 |    3.562 | 
     | core/picorv32_core_g88383__8428                    | B v -> Y ^  | NOR2X1    | 0.068 |   2.530 |    3.629 | 
     | core/picorv32_core_g88373__1666                    | C ^ -> Y v  | NAND4X8   | 0.089 |   2.619 |    3.719 | 
     | core/FE_OFC668_picorv32_core_n_74743               | A v -> Y ^  | CLKINVX6  | 0.029 |   2.648 |    3.748 | 
     | core/FE_OFC669_picorv32_core_n_74743               | A ^ -> Y v  | CLKINVX12 | 0.018 |   2.667 |    3.766 | 
     | core/FE_OCPC814_FE_OFN430_picorv32_core_n_109700   | A v -> Y ^  | CLKINVX20 | 0.029 |   2.696 |    3.796 | 
     | core/FE_OCPC815_FE_OFN430_picorv32_core_n_109700   | A ^ -> Y v  | CLKINVX12 | 0.027 |   2.723 |    3.823 | 
     | core/FE_OFC863_FE_OCPN201761_FE_OFN430_picorv32_co | A v -> Y ^  | CLKINVX20 | 0.031 |   2.754 |    3.853 | 
     | re_n_109700                                        |             |           |       |         |          | 
     | core/FE_RC_1436_0                                  | B ^ -> Y v  | NAND2X6   | 0.054 |   2.807 |    3.907 | 
     | core/FE_RC_1432_0                                  | A v -> Y ^  | NOR2X8    | 0.036 |   2.844 |    3.943 | 
     | core/picorv32_core_genblk1.pcpi_mul_rs2_reg[17]    | S0 ^        | MDFFHQX1  | 0.006 |   2.850 |    3.950 | 
     +-----------------------------------------------------------------------------------------------------------+ 
Path 19: MET Setup Check with Pin core/picorv32_core_genblk1.pcpi_mul_rs2_
reg[28]/CK 
Endpoint:   core/picorv32_core_genblk1.pcpi_mul_rs2_reg[28]/E (^) checked with  
leading edge of 'clk'
Beginpoint: core/picorv32_core_pcpi_valid_reg/Q               (^) triggered by  
leading edge of 'clk'
Path Groups: {reg2reg}
Analysis View: analysis1
Other End Arrival Time          0.000
- Setup                         0.030
+ Phase Shift                   4.000
- Uncertainty                   0.020
= Required Time                 3.950
- Arrival Time                  2.850
= Slack Time                    1.100
     Clock Rise Edge                 0.000
     + Clock Network Latency (Prop)  0.000
     = Beginpoint Arrival Time       0.000
     +-----------------------------------------------------------------------------------------------------------+ 
     |                      Instance                      |     Arc     |   Cell    | Delay | Arrival | Required | 
     |                                                    |             |           |       |  Time   |   Time   | 
     |----------------------------------------------------+-------------+-----------+-------+---------+----------| 
     | core/picorv32_core_pcpi_valid_reg                  | CK ^        |           |       |   0.000 |    1.100 | 
     | core/picorv32_core_pcpi_valid_reg                  | CK ^ -> Q ^ | DFFQX4    | 0.713 |   0.713 |    1.813 | 
     | core/picorv32_core_g88445__5526                    | AN ^ -> Y ^ | NOR4BX1   | 1.414 |   2.127 |    3.227 | 
     | core/FE_OFC279_picorv32_core_n_114150              | A ^ -> Y ^  | BUFX2     | 0.104 |   2.231 |    3.330 | 
     | core/picorv32_core_g88393__6131                    | D ^ -> Y v  | NAND4BX1  | 0.085 |   2.316 |    3.416 | 
     | core/FE_OFC898_picorv32_core_n_114025              | A v -> Y ^  | INVX1     | 0.071 |   2.387 |    3.487 | 
     | core/FE_OFC899_picorv32_core_n_114025              | A ^ -> Y v  | INVX1     | 0.075 |   2.462 |    3.562 | 
     | core/picorv32_core_g88383__8428                    | B v -> Y ^  | NOR2X1    | 0.068 |   2.530 |    3.629 | 
     | core/picorv32_core_g88373__1666                    | C ^ -> Y v  | NAND4X8   | 0.089 |   2.619 |    3.719 | 
     | core/FE_OFC668_picorv32_core_n_74743               | A v -> Y ^  | CLKINVX6  | 0.029 |   2.648 |    3.748 | 
     | core/FE_OFC669_picorv32_core_n_74743               | A ^ -> Y v  | CLKINVX12 | 0.018 |   2.667 |    3.766 | 
     | core/FE_OCPC814_FE_OFN430_picorv32_core_n_109700   | A v -> Y ^  | CLKINVX20 | 0.029 |   2.696 |    3.796 | 
     | core/FE_OCPC815_FE_OFN430_picorv32_core_n_109700   | A ^ -> Y v  | CLKINVX12 | 0.027 |   2.723 |    3.823 | 
     | core/FE_OFC863_FE_OCPN201761_FE_OFN430_picorv32_co | A v -> Y ^  | CLKINVX20 | 0.031 |   2.754 |    3.853 | 
     | re_n_109700                                        |             |           |       |         |          | 
     | core/FE_RC_1436_0                                  | B ^ -> Y v  | NAND2X6   | 0.054 |   2.807 |    3.907 | 
     | core/FE_RC_1432_0                                  | A v -> Y ^  | NOR2X8    | 0.036 |   2.844 |    3.943 | 
     | core/picorv32_core_genblk1.pcpi_mul_rs2_reg[28]    | E ^         | EDFFHQX1  | 0.007 |   2.850 |    3.950 | 
     +-----------------------------------------------------------------------------------------------------------+ 
Path 20: MET Setup Check with Pin core/picorv32_core_genblk1.pcpi_mul_rs2_
reg[24]/CK 
Endpoint:   core/picorv32_core_genblk1.pcpi_mul_rs2_reg[24]/E (^) checked with  
leading edge of 'clk'
Beginpoint: core/picorv32_core_pcpi_valid_reg/Q               (^) triggered by  
leading edge of 'clk'
Path Groups: {reg2reg}
Analysis View: analysis1
Other End Arrival Time          0.000
- Setup                         0.030
+ Phase Shift                   4.000
- Uncertainty                   0.020
= Required Time                 3.950
- Arrival Time                  2.850
= Slack Time                    1.100
     Clock Rise Edge                 0.000
     + Clock Network Latency (Prop)  0.000
     = Beginpoint Arrival Time       0.000
     +-----------------------------------------------------------------------------------------------------------+ 
     |                      Instance                      |     Arc     |   Cell    | Delay | Arrival | Required | 
     |                                                    |             |           |       |  Time   |   Time   | 
     |----------------------------------------------------+-------------+-----------+-------+---------+----------| 
     | core/picorv32_core_pcpi_valid_reg                  | CK ^        |           |       |   0.000 |    1.100 | 
     | core/picorv32_core_pcpi_valid_reg                  | CK ^ -> Q ^ | DFFQX4    | 0.713 |   0.713 |    1.813 | 
     | core/picorv32_core_g88445__5526                    | AN ^ -> Y ^ | NOR4BX1   | 1.414 |   2.127 |    3.227 | 
     | core/FE_OFC279_picorv32_core_n_114150              | A ^ -> Y ^  | BUFX2     | 0.104 |   2.231 |    3.330 | 
     | core/picorv32_core_g88393__6131                    | D ^ -> Y v  | NAND4BX1  | 0.085 |   2.316 |    3.416 | 
     | core/FE_OFC898_picorv32_core_n_114025              | A v -> Y ^  | INVX1     | 0.071 |   2.387 |    3.487 | 
     | core/FE_OFC899_picorv32_core_n_114025              | A ^ -> Y v  | INVX1     | 0.075 |   2.462 |    3.562 | 
     | core/picorv32_core_g88383__8428                    | B v -> Y ^  | NOR2X1    | 0.068 |   2.530 |    3.629 | 
     | core/picorv32_core_g88373__1666                    | C ^ -> Y v  | NAND4X8   | 0.089 |   2.619 |    3.719 | 
     | core/FE_OFC668_picorv32_core_n_74743               | A v -> Y ^  | CLKINVX6  | 0.029 |   2.648 |    3.748 | 
     | core/FE_OFC669_picorv32_core_n_74743               | A ^ -> Y v  | CLKINVX12 | 0.018 |   2.667 |    3.766 | 
     | core/FE_OCPC814_FE_OFN430_picorv32_core_n_109700   | A v -> Y ^  | CLKINVX20 | 0.029 |   2.696 |    3.796 | 
     | core/FE_OCPC815_FE_OFN430_picorv32_core_n_109700   | A ^ -> Y v  | CLKINVX12 | 0.027 |   2.723 |    3.823 | 
     | core/FE_OFC863_FE_OCPN201761_FE_OFN430_picorv32_co | A v -> Y ^  | CLKINVX20 | 0.031 |   2.754 |    3.853 | 
     | re_n_109700                                        |             |           |       |         |          | 
     | core/FE_RC_1436_0                                  | B ^ -> Y v  | NAND2X6   | 0.054 |   2.807 |    3.907 | 
     | core/FE_RC_1432_0                                  | A v -> Y ^  | NOR2X8    | 0.036 |   2.844 |    3.943 | 
     | core/picorv32_core_genblk1.pcpi_mul_rs2_reg[24]    | E ^         | EDFFHQX1  | 0.007 |   2.850 |    3.950 | 
     +-----------------------------------------------------------------------------------------------------------+ 
Path 21: MET Setup Check with Pin core/picorv32_core_genblk1.pcpi_mul_rs2_
reg[15]/CK 
Endpoint:   core/picorv32_core_genblk1.pcpi_mul_rs2_reg[15]/S0 (^) checked with 
leading edge of 'clk'
Beginpoint: core/picorv32_core_pcpi_valid_reg/Q                (^) triggered by 
leading edge of 'clk'
Path Groups: {reg2reg}
Analysis View: analysis1
Other End Arrival Time          0.000
- Setup                         0.030
+ Phase Shift                   4.000
- Uncertainty                   0.020
= Required Time                 3.950
- Arrival Time                  2.850
= Slack Time                    1.100
     Clock Rise Edge                 0.000
     + Clock Network Latency (Prop)  0.000
     = Beginpoint Arrival Time       0.000
     +-----------------------------------------------------------------------------------------------------------+ 
     |                      Instance                      |     Arc     |   Cell    | Delay | Arrival | Required | 
     |                                                    |             |           |       |  Time   |   Time   | 
     |----------------------------------------------------+-------------+-----------+-------+---------+----------| 
     | core/picorv32_core_pcpi_valid_reg                  | CK ^        |           |       |   0.000 |    1.100 | 
     | core/picorv32_core_pcpi_valid_reg                  | CK ^ -> Q ^ | DFFQX4    | 0.713 |   0.713 |    1.813 | 
     | core/picorv32_core_g88445__5526                    | AN ^ -> Y ^ | NOR4BX1   | 1.414 |   2.127 |    3.227 | 
     | core/FE_OFC279_picorv32_core_n_114150              | A ^ -> Y ^  | BUFX2     | 0.104 |   2.231 |    3.331 | 
     | core/picorv32_core_g88393__6131                    | D ^ -> Y v  | NAND4BX1  | 0.085 |   2.316 |    3.416 | 
     | core/FE_OFC898_picorv32_core_n_114025              | A v -> Y ^  | INVX1     | 0.071 |   2.387 |    3.487 | 
     | core/FE_OFC899_picorv32_core_n_114025              | A ^ -> Y v  | INVX1     | 0.075 |   2.462 |    3.562 | 
     | core/picorv32_core_g88383__8428                    | B v -> Y ^  | NOR2X1    | 0.068 |   2.530 |    3.630 | 
     | core/picorv32_core_g88373__1666                    | C ^ -> Y v  | NAND4X8   | 0.089 |   2.619 |    3.719 | 
     | core/FE_OFC668_picorv32_core_n_74743               | A v -> Y ^  | CLKINVX6  | 0.029 |   2.648 |    3.748 | 
     | core/FE_OFC669_picorv32_core_n_74743               | A ^ -> Y v  | CLKINVX12 | 0.018 |   2.667 |    3.766 | 
     | core/FE_OCPC814_FE_OFN430_picorv32_core_n_109700   | A v -> Y ^  | CLKINVX20 | 0.029 |   2.696 |    3.796 | 
     | core/FE_OCPC815_FE_OFN430_picorv32_core_n_109700   | A ^ -> Y v  | CLKINVX12 | 0.027 |   2.723 |    3.823 | 
     | core/FE_OFC863_FE_OCPN201761_FE_OFN430_picorv32_co | A v -> Y ^  | CLKINVX20 | 0.031 |   2.754 |    3.853 | 
     | re_n_109700                                        |             |           |       |         |          | 
     | core/FE_RC_1436_0                                  | B ^ -> Y v  | NAND2X6   | 0.054 |   2.807 |    3.907 | 
     | core/FE_RC_1432_0                                  | A v -> Y ^  | NOR2X8    | 0.036 |   2.844 |    3.944 | 
     | core/picorv32_core_genblk1.pcpi_mul_rs2_reg[15]    | S0 ^        | MDFFHQX1  | 0.006 |   2.850 |    3.950 | 
     +-----------------------------------------------------------------------------------------------------------+ 
Path 22: MET Setup Check with Pin core/picorv32_core_genblk1.pcpi_mul_rs2_
reg[13]/CK 
Endpoint:   core/picorv32_core_genblk1.pcpi_mul_rs2_reg[13]/S0 (^) checked with 
leading edge of 'clk'
Beginpoint: core/picorv32_core_pcpi_valid_reg/Q                (^) triggered by 
leading edge of 'clk'
Path Groups: {reg2reg}
Analysis View: analysis1
Other End Arrival Time          0.000
- Setup                         0.030
+ Phase Shift                   4.000
- Uncertainty                   0.020
= Required Time                 3.950
- Arrival Time                  2.850
= Slack Time                    1.100
     Clock Rise Edge                 0.000
     + Clock Network Latency (Prop)  0.000
     = Beginpoint Arrival Time       0.000
     +-----------------------------------------------------------------------------------------------------------+ 
     |                      Instance                      |     Arc     |   Cell    | Delay | Arrival | Required | 
     |                                                    |             |           |       |  Time   |   Time   | 
     |----------------------------------------------------+-------------+-----------+-------+---------+----------| 
     | core/picorv32_core_pcpi_valid_reg                  | CK ^        |           |       |   0.000 |    1.100 | 
     | core/picorv32_core_pcpi_valid_reg                  | CK ^ -> Q ^ | DFFQX4    | 0.713 |   0.713 |    1.813 | 
     | core/picorv32_core_g88445__5526                    | AN ^ -> Y ^ | NOR4BX1   | 1.414 |   2.127 |    3.227 | 
     | core/FE_OFC279_picorv32_core_n_114150              | A ^ -> Y ^  | BUFX2     | 0.104 |   2.231 |    3.331 | 
     | core/picorv32_core_g88393__6131                    | D ^ -> Y v  | NAND4BX1  | 0.085 |   2.316 |    3.416 | 
     | core/FE_OFC898_picorv32_core_n_114025              | A v -> Y ^  | INVX1     | 0.071 |   2.387 |    3.487 | 
     | core/FE_OFC899_picorv32_core_n_114025              | A ^ -> Y v  | INVX1     | 0.075 |   2.462 |    3.562 | 
     | core/picorv32_core_g88383__8428                    | B v -> Y ^  | NOR2X1    | 0.068 |   2.530 |    3.630 | 
     | core/picorv32_core_g88373__1666                    | C ^ -> Y v  | NAND4X8   | 0.089 |   2.619 |    3.719 | 
     | core/FE_OFC668_picorv32_core_n_74743               | A v -> Y ^  | CLKINVX6  | 0.029 |   2.648 |    3.748 | 
     | core/FE_OFC669_picorv32_core_n_74743               | A ^ -> Y v  | CLKINVX12 | 0.018 |   2.667 |    3.767 | 
     | core/FE_OCPC814_FE_OFN430_picorv32_core_n_109700   | A v -> Y ^  | CLKINVX20 | 0.029 |   2.696 |    3.796 | 
     | core/FE_OCPC815_FE_OFN430_picorv32_core_n_109700   | A ^ -> Y v  | CLKINVX12 | 0.027 |   2.723 |    3.823 | 
     | core/FE_OFC863_FE_OCPN201761_FE_OFN430_picorv32_co | A v -> Y ^  | CLKINVX20 | 0.031 |   2.754 |    3.854 | 
     | re_n_109700                                        |             |           |       |         |          | 
     | core/FE_RC_1436_0                                  | B ^ -> Y v  | NAND2X6   | 0.054 |   2.807 |    3.907 | 
     | core/FE_RC_1432_0                                  | A v -> Y ^  | NOR2X8    | 0.036 |   2.844 |    3.944 | 
     | core/picorv32_core_genblk1.pcpi_mul_rs2_reg[13]    | S0 ^        | MDFFHQX1  | 0.006 |   2.850 |    3.950 | 
     +-----------------------------------------------------------------------------------------------------------+ 
Path 23: MET Setup Check with Pin core/picorv32_core_genblk1.pcpi_mul_rs1_
reg[7]/CK 
Endpoint:   core/picorv32_core_genblk1.pcpi_mul_rs1_reg[7]/E (^) checked with  
leading edge of 'clk'
Beginpoint: core/picorv32_core_pcpi_valid_reg/Q              (^) triggered by  
leading edge of 'clk'
Path Groups: {reg2reg}
Analysis View: analysis1
Other End Arrival Time          0.000
- Setup                         0.028
+ Phase Shift                   4.000
- Uncertainty                   0.020
= Required Time                 3.952
- Arrival Time                  2.840
= Slack Time                    1.112
     Clock Rise Edge                 0.000
     + Clock Network Latency (Prop)  0.000
     = Beginpoint Arrival Time       0.000
     +------------------------------------------------------------------------------------------------------------+ 
     |                      Instance                      |     Arc     |    Cell    | Delay | Arrival | Required | 
     |                                                    |             |            |       |  Time   |   Time   | 
     |----------------------------------------------------+-------------+------------+-------+---------+----------| 
     | core/picorv32_core_pcpi_valid_reg                  | CK ^        |            |       |   0.000 |    1.112 | 
     | core/picorv32_core_pcpi_valid_reg                  | CK ^ -> Q ^ | DFFQX4     | 0.713 |   0.713 |    1.825 | 
     | core/picorv32_core_g88445__5526                    | AN ^ -> Y ^ | NOR4BX1    | 1.414 |   2.127 |    3.239 | 
     | core/FE_OFC279_picorv32_core_n_114150              | A ^ -> Y ^  | BUFX2      | 0.104 |   2.231 |    3.342 | 
     | core/picorv32_core_g88393__6131                    | D ^ -> Y v  | NAND4BX1   | 0.085 |   2.316 |    3.428 | 
     | core/FE_OFC898_picorv32_core_n_114025              | A v -> Y ^  | INVX1      | 0.071 |   2.387 |    3.499 | 
     | core/FE_OFC899_picorv32_core_n_114025              | A ^ -> Y v  | INVX1      | 0.075 |   2.462 |    3.574 | 
     | core/picorv32_core_g88383__8428                    | B v -> Y ^  | NOR2X1     | 0.068 |   2.530 |    3.641 | 
     | core/picorv32_core_g88373__1666                    | C ^ -> Y v  | NAND4X8    | 0.089 |   2.619 |    3.731 | 
     | core/FE_OFC668_picorv32_core_n_74743               | A v -> Y ^  | CLKINVX6   | 0.029 |   2.648 |    3.760 | 
     | core/FE_OFC669_picorv32_core_n_74743               | A ^ -> Y v  | CLKINVX12  | 0.018 |   2.667 |    3.778 | 
     | core/FE_OCPC814_FE_OFN430_picorv32_core_n_109700   | A v -> Y ^  | CLKINVX20  | 0.029 |   2.696 |    3.808 | 
     | core/FE_OCPC815_FE_OFN430_picorv32_core_n_109700   | A ^ -> Y v  | CLKINVX12  | 0.027 |   2.723 |    3.835 | 
     | core/FE_OFC863_FE_OCPN201761_FE_OFN430_picorv32_co | A v -> Y ^  | CLKINVX20  | 0.031 |   2.754 |    3.865 | 
     | re_n_109700                                        |             |            |       |         |          | 
     | core/FE_RC_1434_0                                  | B ^ -> Y ^  | CLKAND2X12 | 0.056 |   2.809 |    3.921 | 
     | core/FE_OFC649_picorv32_core_n_197565_dup          | A ^ -> Y v  | CLKINVX6   | 0.015 |   2.824 |    3.936 | 
     | core/FE_OFC834_FE_RN_16                            | A v -> Y ^  | CLKINVX8   | 0.014 |   2.838 |    3.950 | 
     | core/picorv32_core_genblk1.pcpi_mul_rs1_reg[7]     | E ^         | EDFFX4     | 0.002 |   2.840 |    3.952 | 
     +------------------------------------------------------------------------------------------------------------+ 
Path 24: MET Setup Check with Pin core/picorv32_core_genblk1.pcpi_mul_rs1_
reg[3]/CK 
Endpoint:   core/picorv32_core_genblk1.pcpi_mul_rs1_reg[3]/E (^) checked with  
leading edge of 'clk'
Beginpoint: core/picorv32_core_pcpi_valid_reg/Q              (^) triggered by  
leading edge of 'clk'
Path Groups: {reg2reg}
Analysis View: analysis1
Other End Arrival Time          0.000
- Setup                         0.028
+ Phase Shift                   4.000
- Uncertainty                   0.020
= Required Time                 3.952
- Arrival Time                  2.840
= Slack Time                    1.112
     Clock Rise Edge                 0.000
     + Clock Network Latency (Prop)  0.000
     = Beginpoint Arrival Time       0.000
     +------------------------------------------------------------------------------------------------------------+ 
     |                      Instance                      |     Arc     |    Cell    | Delay | Arrival | Required | 
     |                                                    |             |            |       |  Time   |   Time   | 
     |----------------------------------------------------+-------------+------------+-------+---------+----------| 
     | core/picorv32_core_pcpi_valid_reg                  | CK ^        |            |       |   0.000 |    1.112 | 
     | core/picorv32_core_pcpi_valid_reg                  | CK ^ -> Q ^ | DFFQX4     | 0.713 |   0.713 |    1.825 | 
     | core/picorv32_core_g88445__5526                    | AN ^ -> Y ^ | NOR4BX1    | 1.414 |   2.127 |    3.239 | 
     | core/FE_OFC279_picorv32_core_n_114150              | A ^ -> Y ^  | BUFX2      | 0.104 |   2.231 |    3.342 | 
     | core/picorv32_core_g88393__6131                    | D ^ -> Y v  | NAND4BX1   | 0.085 |   2.316 |    3.428 | 
     | core/FE_OFC898_picorv32_core_n_114025              | A v -> Y ^  | INVX1      | 0.071 |   2.387 |    3.499 | 
     | core/FE_OFC899_picorv32_core_n_114025              | A ^ -> Y v  | INVX1      | 0.075 |   2.462 |    3.574 | 
     | core/picorv32_core_g88383__8428                    | B v -> Y ^  | NOR2X1     | 0.068 |   2.530 |    3.641 | 
     | core/picorv32_core_g88373__1666                    | C ^ -> Y v  | NAND4X8    | 0.089 |   2.619 |    3.731 | 
     | core/FE_OFC668_picorv32_core_n_74743               | A v -> Y ^  | CLKINVX6   | 0.029 |   2.648 |    3.760 | 
     | core/FE_OFC669_picorv32_core_n_74743               | A ^ -> Y v  | CLKINVX12  | 0.018 |   2.667 |    3.778 | 
     | core/FE_OCPC814_FE_OFN430_picorv32_core_n_109700   | A v -> Y ^  | CLKINVX20  | 0.029 |   2.696 |    3.808 | 
     | core/FE_OCPC815_FE_OFN430_picorv32_core_n_109700   | A ^ -> Y v  | CLKINVX12  | 0.027 |   2.723 |    3.835 | 
     | core/FE_OFC863_FE_OCPN201761_FE_OFN430_picorv32_co | A v -> Y ^  | CLKINVX20  | 0.031 |   2.754 |    3.865 | 
     | re_n_109700                                        |             |            |       |         |          | 
     | core/FE_RC_1434_0                                  | B ^ -> Y ^  | CLKAND2X12 | 0.056 |   2.809 |    3.921 | 
     | core/FE_OFC649_picorv32_core_n_197565_dup          | A ^ -> Y v  | CLKINVX6   | 0.015 |   2.824 |    3.936 | 
     | core/FE_OFC834_FE_RN_16                            | A v -> Y ^  | CLKINVX8   | 0.014 |   2.838 |    3.950 | 
     | core/picorv32_core_genblk1.pcpi_mul_rs1_reg[3]     | E ^         | EDFFX4     | 0.002 |   2.840 |    3.952 | 
     +------------------------------------------------------------------------------------------------------------+ 
Path 25: MET Setup Check with Pin core/picorv32_core_genblk1.pcpi_mul_rs1_
reg[5]/CK 
Endpoint:   core/picorv32_core_genblk1.pcpi_mul_rs1_reg[5]/E (^) checked with  
leading edge of 'clk'
Beginpoint: core/picorv32_core_pcpi_valid_reg/Q              (^) triggered by  
leading edge of 'clk'
Path Groups: {reg2reg}
Analysis View: analysis1
Other End Arrival Time          0.000
- Setup                         0.028
+ Phase Shift                   4.000
- Uncertainty                   0.020
= Required Time                 3.952
- Arrival Time                  2.840
= Slack Time                    1.112
     Clock Rise Edge                 0.000
     + Clock Network Latency (Prop)  0.000
     = Beginpoint Arrival Time       0.000
     +------------------------------------------------------------------------------------------------------------+ 
     |                      Instance                      |     Arc     |    Cell    | Delay | Arrival | Required | 
     |                                                    |             |            |       |  Time   |   Time   | 
     |----------------------------------------------------+-------------+------------+-------+---------+----------| 
     | core/picorv32_core_pcpi_valid_reg                  | CK ^        |            |       |   0.000 |    1.112 | 
     | core/picorv32_core_pcpi_valid_reg                  | CK ^ -> Q ^ | DFFQX4     | 0.713 |   0.713 |    1.825 | 
     | core/picorv32_core_g88445__5526                    | AN ^ -> Y ^ | NOR4BX1    | 1.414 |   2.127 |    3.239 | 
     | core/FE_OFC279_picorv32_core_n_114150              | A ^ -> Y ^  | BUFX2      | 0.104 |   2.231 |    3.342 | 
     | core/picorv32_core_g88393__6131                    | D ^ -> Y v  | NAND4BX1   | 0.085 |   2.316 |    3.428 | 
     | core/FE_OFC898_picorv32_core_n_114025              | A v -> Y ^  | INVX1      | 0.071 |   2.387 |    3.499 | 
     | core/FE_OFC899_picorv32_core_n_114025              | A ^ -> Y v  | INVX1      | 0.075 |   2.462 |    3.574 | 
     | core/picorv32_core_g88383__8428                    | B v -> Y ^  | NOR2X1     | 0.068 |   2.530 |    3.641 | 
     | core/picorv32_core_g88373__1666                    | C ^ -> Y v  | NAND4X8    | 0.089 |   2.619 |    3.731 | 
     | core/FE_OFC668_picorv32_core_n_74743               | A v -> Y ^  | CLKINVX6   | 0.029 |   2.648 |    3.760 | 
     | core/FE_OFC669_picorv32_core_n_74743               | A ^ -> Y v  | CLKINVX12  | 0.018 |   2.667 |    3.778 | 
     | core/FE_OCPC814_FE_OFN430_picorv32_core_n_109700   | A v -> Y ^  | CLKINVX20  | 0.029 |   2.696 |    3.808 | 
     | core/FE_OCPC815_FE_OFN430_picorv32_core_n_109700   | A ^ -> Y v  | CLKINVX12  | 0.027 |   2.723 |    3.835 | 
     | core/FE_OFC863_FE_OCPN201761_FE_OFN430_picorv32_co | A v -> Y ^  | CLKINVX20  | 0.031 |   2.754 |    3.865 | 
     | re_n_109700                                        |             |            |       |         |          | 
     | core/FE_RC_1434_0                                  | B ^ -> Y ^  | CLKAND2X12 | 0.056 |   2.809 |    3.921 | 
     | core/FE_OFC649_picorv32_core_n_197565_dup          | A ^ -> Y v  | CLKINVX6   | 0.015 |   2.824 |    3.936 | 
     | core/FE_OFC834_FE_RN_16                            | A v -> Y ^  | CLKINVX8   | 0.014 |   2.838 |    3.950 | 
     | core/picorv32_core_genblk1.pcpi_mul_rs1_reg[5]     | E ^         | EDFFX4     | 0.002 |   2.840 |    3.952 | 
     +------------------------------------------------------------------------------------------------------------+ 
Path 26: MET Setup Check with Pin core/picorv32_core_genblk1.pcpi_mul_rs1_
reg[4]/CK 
Endpoint:   core/picorv32_core_genblk1.pcpi_mul_rs1_reg[4]/E (^) checked with  
leading edge of 'clk'
Beginpoint: core/picorv32_core_pcpi_valid_reg/Q              (^) triggered by  
leading edge of 'clk'
Path Groups: {reg2reg}
Analysis View: analysis1
Other End Arrival Time          0.000
- Setup                         0.028
+ Phase Shift                   4.000
- Uncertainty                   0.020
= Required Time                 3.952
- Arrival Time                  2.840
= Slack Time                    1.112
     Clock Rise Edge                 0.000
     + Clock Network Latency (Prop)  0.000
     = Beginpoint Arrival Time       0.000
     +------------------------------------------------------------------------------------------------------------+ 
     |                      Instance                      |     Arc     |    Cell    | Delay | Arrival | Required | 
     |                                                    |             |            |       |  Time   |   Time   | 
     |----------------------------------------------------+-------------+------------+-------+---------+----------| 
     | core/picorv32_core_pcpi_valid_reg                  | CK ^        |            |       |   0.000 |    1.112 | 
     | core/picorv32_core_pcpi_valid_reg                  | CK ^ -> Q ^ | DFFQX4     | 0.713 |   0.713 |    1.825 | 
     | core/picorv32_core_g88445__5526                    | AN ^ -> Y ^ | NOR4BX1    | 1.414 |   2.127 |    3.239 | 
     | core/FE_OFC279_picorv32_core_n_114150              | A ^ -> Y ^  | BUFX2      | 0.104 |   2.231 |    3.342 | 
     | core/picorv32_core_g88393__6131                    | D ^ -> Y v  | NAND4BX1   | 0.085 |   2.316 |    3.428 | 
     | core/FE_OFC898_picorv32_core_n_114025              | A v -> Y ^  | INVX1      | 0.071 |   2.387 |    3.499 | 
     | core/FE_OFC899_picorv32_core_n_114025              | A ^ -> Y v  | INVX1      | 0.075 |   2.462 |    3.574 | 
     | core/picorv32_core_g88383__8428                    | B v -> Y ^  | NOR2X1     | 0.068 |   2.530 |    3.641 | 
     | core/picorv32_core_g88373__1666                    | C ^ -> Y v  | NAND4X8    | 0.089 |   2.619 |    3.731 | 
     | core/FE_OFC668_picorv32_core_n_74743               | A v -> Y ^  | CLKINVX6   | 0.029 |   2.648 |    3.760 | 
     | core/FE_OFC669_picorv32_core_n_74743               | A ^ -> Y v  | CLKINVX12  | 0.018 |   2.667 |    3.778 | 
     | core/FE_OCPC814_FE_OFN430_picorv32_core_n_109700   | A v -> Y ^  | CLKINVX20  | 0.029 |   2.696 |    3.808 | 
     | core/FE_OCPC815_FE_OFN430_picorv32_core_n_109700   | A ^ -> Y v  | CLKINVX12  | 0.027 |   2.723 |    3.835 | 
     | core/FE_OFC863_FE_OCPN201761_FE_OFN430_picorv32_co | A v -> Y ^  | CLKINVX20  | 0.031 |   2.754 |    3.865 | 
     | re_n_109700                                        |             |            |       |         |          | 
     | core/FE_RC_1434_0                                  | B ^ -> Y ^  | CLKAND2X12 | 0.056 |   2.809 |    3.921 | 
     | core/FE_OFC649_picorv32_core_n_197565_dup          | A ^ -> Y v  | CLKINVX6   | 0.015 |   2.824 |    3.936 | 
     | core/FE_OFC834_FE_RN_16                            | A v -> Y ^  | CLKINVX8   | 0.014 |   2.838 |    3.950 | 
     | core/picorv32_core_genblk1.pcpi_mul_rs1_reg[4]     | E ^         | EDFFX4     | 0.002 |   2.840 |    3.952 | 
     +------------------------------------------------------------------------------------------------------------+ 
Path 27: MET Setup Check with Pin core/picorv32_core_genblk1.pcpi_mul_rs1_
reg[6]/CK 
Endpoint:   core/picorv32_core_genblk1.pcpi_mul_rs1_reg[6]/E (^) checked with  
leading edge of 'clk'
Beginpoint: core/picorv32_core_pcpi_valid_reg/Q              (^) triggered by  
leading edge of 'clk'
Path Groups: {reg2reg}
Analysis View: analysis1
Other End Arrival Time          0.000
- Setup                         0.028
+ Phase Shift                   4.000
- Uncertainty                   0.020
= Required Time                 3.952
- Arrival Time                  2.840
= Slack Time                    1.112
     Clock Rise Edge                 0.000
     + Clock Network Latency (Prop)  0.000
     = Beginpoint Arrival Time       0.000
     +------------------------------------------------------------------------------------------------------------+ 
     |                      Instance                      |     Arc     |    Cell    | Delay | Arrival | Required | 
     |                                                    |             |            |       |  Time   |   Time   | 
     |----------------------------------------------------+-------------+------------+-------+---------+----------| 
     | core/picorv32_core_pcpi_valid_reg                  | CK ^        |            |       |   0.000 |    1.112 | 
     | core/picorv32_core_pcpi_valid_reg                  | CK ^ -> Q ^ | DFFQX4     | 0.713 |   0.713 |    1.825 | 
     | core/picorv32_core_g88445__5526                    | AN ^ -> Y ^ | NOR4BX1    | 1.414 |   2.127 |    3.239 | 
     | core/FE_OFC279_picorv32_core_n_114150              | A ^ -> Y ^  | BUFX2      | 0.104 |   2.231 |    3.342 | 
     | core/picorv32_core_g88393__6131                    | D ^ -> Y v  | NAND4BX1   | 0.085 |   2.316 |    3.428 | 
     | core/FE_OFC898_picorv32_core_n_114025              | A v -> Y ^  | INVX1      | 0.071 |   2.387 |    3.499 | 
     | core/FE_OFC899_picorv32_core_n_114025              | A ^ -> Y v  | INVX1      | 0.075 |   2.462 |    3.574 | 
     | core/picorv32_core_g88383__8428                    | B v -> Y ^  | NOR2X1     | 0.068 |   2.530 |    3.641 | 
     | core/picorv32_core_g88373__1666                    | C ^ -> Y v  | NAND4X8    | 0.089 |   2.619 |    3.731 | 
     | core/FE_OFC668_picorv32_core_n_74743               | A v -> Y ^  | CLKINVX6   | 0.029 |   2.648 |    3.760 | 
     | core/FE_OFC669_picorv32_core_n_74743               | A ^ -> Y v  | CLKINVX12  | 0.018 |   2.667 |    3.778 | 
     | core/FE_OCPC814_FE_OFN430_picorv32_core_n_109700   | A v -> Y ^  | CLKINVX20  | 0.029 |   2.696 |    3.808 | 
     | core/FE_OCPC815_FE_OFN430_picorv32_core_n_109700   | A ^ -> Y v  | CLKINVX12  | 0.027 |   2.723 |    3.835 | 
     | core/FE_OFC863_FE_OCPN201761_FE_OFN430_picorv32_co | A v -> Y ^  | CLKINVX20  | 0.031 |   2.754 |    3.865 | 
     | re_n_109700                                        |             |            |       |         |          | 
     | core/FE_RC_1434_0                                  | B ^ -> Y ^  | CLKAND2X12 | 0.056 |   2.809 |    3.921 | 
     | core/FE_OFC649_picorv32_core_n_197565_dup          | A ^ -> Y v  | CLKINVX6   | 0.015 |   2.824 |    3.936 | 
     | core/FE_OFC834_FE_RN_16                            | A v -> Y ^  | CLKINVX8   | 0.014 |   2.838 |    3.950 | 
     | core/picorv32_core_genblk1.pcpi_mul_rs1_reg[6]     | E ^         | EDFFX4     | 0.002 |   2.840 |    3.952 | 
     +------------------------------------------------------------------------------------------------------------+ 
Path 28: MET Setup Check with Pin core/picorv32_core_genblk1.pcpi_mul_rs1_
reg[10]/CK 
Endpoint:   core/picorv32_core_genblk1.pcpi_mul_rs1_reg[10]/E (^) checked with  
leading edge of 'clk'
Beginpoint: core/picorv32_core_pcpi_valid_reg/Q               (^) triggered by  
leading edge of 'clk'
Path Groups: {reg2reg}
Analysis View: analysis1
Other End Arrival Time          0.000
- Setup                         0.028
+ Phase Shift                   4.000
- Uncertainty                   0.020
= Required Time                 3.952
- Arrival Time                  2.840
= Slack Time                    1.112
     Clock Rise Edge                 0.000
     + Clock Network Latency (Prop)  0.000
     = Beginpoint Arrival Time       0.000
     +------------------------------------------------------------------------------------------------------------+ 
     |                      Instance                      |     Arc     |    Cell    | Delay | Arrival | Required | 
     |                                                    |             |            |       |  Time   |   Time   | 
     |----------------------------------------------------+-------------+------------+-------+---------+----------| 
     | core/picorv32_core_pcpi_valid_reg                  | CK ^        |            |       |   0.000 |    1.112 | 
     | core/picorv32_core_pcpi_valid_reg                  | CK ^ -> Q ^ | DFFQX4     | 0.713 |   0.713 |    1.825 | 
     | core/picorv32_core_g88445__5526                    | AN ^ -> Y ^ | NOR4BX1    | 1.414 |   2.127 |    3.239 | 
     | core/FE_OFC279_picorv32_core_n_114150              | A ^ -> Y ^  | BUFX2      | 0.104 |   2.231 |    3.343 | 
     | core/picorv32_core_g88393__6131                    | D ^ -> Y v  | NAND4BX1   | 0.085 |   2.316 |    3.428 | 
     | core/FE_OFC898_picorv32_core_n_114025              | A v -> Y ^  | INVX1      | 0.071 |   2.387 |    3.499 | 
     | core/FE_OFC899_picorv32_core_n_114025              | A ^ -> Y v  | INVX1      | 0.075 |   2.462 |    3.574 | 
     | core/picorv32_core_g88383__8428                    | B v -> Y ^  | NOR2X1     | 0.068 |   2.530 |    3.642 | 
     | core/picorv32_core_g88373__1666                    | C ^ -> Y v  | NAND4X8    | 0.089 |   2.619 |    3.731 | 
     | core/FE_OFC668_picorv32_core_n_74743               | A v -> Y ^  | CLKINVX6   | 0.029 |   2.648 |    3.760 | 
     | core/FE_OFC669_picorv32_core_n_74743               | A ^ -> Y v  | CLKINVX12  | 0.018 |   2.667 |    3.778 | 
     | core/FE_OCPC814_FE_OFN430_picorv32_core_n_109700   | A v -> Y ^  | CLKINVX20  | 0.029 |   2.696 |    3.808 | 
     | core/FE_OCPC815_FE_OFN430_picorv32_core_n_109700   | A ^ -> Y v  | CLKINVX12  | 0.027 |   2.723 |    3.835 | 
     | core/FE_OFC863_FE_OCPN201761_FE_OFN430_picorv32_co | A v -> Y ^  | CLKINVX20  | 0.031 |   2.754 |    3.865 | 
     | re_n_109700                                        |             |            |       |         |          | 
     | core/FE_RC_1434_0                                  | B ^ -> Y ^  | CLKAND2X12 | 0.056 |   2.809 |    3.921 | 
     | core/FE_OFC649_picorv32_core_n_197565_dup          | A ^ -> Y v  | CLKINVX6   | 0.015 |   2.824 |    3.936 | 
     | core/FE_OFC834_FE_RN_16                            | A v -> Y ^  | CLKINVX8   | 0.014 |   2.838 |    3.950 | 
     | core/picorv32_core_genblk1.pcpi_mul_rs1_reg[10]    | E ^         | EDFFX4     | 0.002 |   2.840 |    3.952 | 
     +------------------------------------------------------------------------------------------------------------+ 
Path 29: MET Setup Check with Pin core/picorv32_core_genblk1.pcpi_mul_rs1_
reg[8]/CK 
Endpoint:   core/picorv32_core_genblk1.pcpi_mul_rs1_reg[8]/E (^) checked with  
leading edge of 'clk'
Beginpoint: core/picorv32_core_pcpi_valid_reg/Q              (^) triggered by  
leading edge of 'clk'
Path Groups: {reg2reg}
Analysis View: analysis1
Other End Arrival Time          0.000
- Setup                         0.028
+ Phase Shift                   4.000
- Uncertainty                   0.020
= Required Time                 3.952
- Arrival Time                  2.840
= Slack Time                    1.112
     Clock Rise Edge                 0.000
     + Clock Network Latency (Prop)  0.000
     = Beginpoint Arrival Time       0.000
     +------------------------------------------------------------------------------------------------------------+ 
     |                      Instance                      |     Arc     |    Cell    | Delay | Arrival | Required | 
     |                                                    |             |            |       |  Time   |   Time   | 
     |----------------------------------------------------+-------------+------------+-------+---------+----------| 
     | core/picorv32_core_pcpi_valid_reg                  | CK ^        |            |       |   0.000 |    1.112 | 
     | core/picorv32_core_pcpi_valid_reg                  | CK ^ -> Q ^ | DFFQX4     | 0.713 |   0.713 |    1.825 | 
     | core/picorv32_core_g88445__5526                    | AN ^ -> Y ^ | NOR4BX1    | 1.414 |   2.127 |    3.239 | 
     | core/FE_OFC279_picorv32_core_n_114150              | A ^ -> Y ^  | BUFX2      | 0.104 |   2.231 |    3.343 | 
     | core/picorv32_core_g88393__6131                    | D ^ -> Y v  | NAND4BX1   | 0.085 |   2.316 |    3.428 | 
     | core/FE_OFC898_picorv32_core_n_114025              | A v -> Y ^  | INVX1      | 0.071 |   2.387 |    3.499 | 
     | core/FE_OFC899_picorv32_core_n_114025              | A ^ -> Y v  | INVX1      | 0.075 |   2.462 |    3.574 | 
     | core/picorv32_core_g88383__8428                    | B v -> Y ^  | NOR2X1     | 0.068 |   2.530 |    3.642 | 
     | core/picorv32_core_g88373__1666                    | C ^ -> Y v  | NAND4X8    | 0.089 |   2.619 |    3.731 | 
     | core/FE_OFC668_picorv32_core_n_74743               | A v -> Y ^  | CLKINVX6   | 0.029 |   2.648 |    3.760 | 
     | core/FE_OFC669_picorv32_core_n_74743               | A ^ -> Y v  | CLKINVX12  | 0.018 |   2.667 |    3.778 | 
     | core/FE_OCPC814_FE_OFN430_picorv32_core_n_109700   | A v -> Y ^  | CLKINVX20  | 0.029 |   2.696 |    3.808 | 
     | core/FE_OCPC815_FE_OFN430_picorv32_core_n_109700   | A ^ -> Y v  | CLKINVX12  | 0.027 |   2.723 |    3.835 | 
     | core/FE_OFC863_FE_OCPN201761_FE_OFN430_picorv32_co | A v -> Y ^  | CLKINVX20  | 0.031 |   2.754 |    3.865 | 
     | re_n_109700                                        |             |            |       |         |          | 
     | core/FE_RC_1434_0                                  | B ^ -> Y ^  | CLKAND2X12 | 0.056 |   2.809 |    3.921 | 
     | core/FE_OFC649_picorv32_core_n_197565_dup          | A ^ -> Y v  | CLKINVX6   | 0.015 |   2.824 |    3.936 | 
     | core/FE_OFC834_FE_RN_16                            | A v -> Y ^  | CLKINVX8   | 0.014 |   2.838 |    3.950 | 
     | core/picorv32_core_genblk1.pcpi_mul_rs1_reg[8]     | E ^         | EDFFX4     | 0.002 |   2.840 |    3.952 | 
     +------------------------------------------------------------------------------------------------------------+ 
Path 30: MET Setup Check with Pin core/picorv32_core_genblk1.pcpi_mul_rs1_
reg[2]/CK 
Endpoint:   core/picorv32_core_genblk1.pcpi_mul_rs1_reg[2]/E (^) checked with  
leading edge of 'clk'
Beginpoint: core/picorv32_core_pcpi_valid_reg/Q              (^) triggered by  
leading edge of 'clk'
Path Groups: {reg2reg}
Analysis View: analysis1
Other End Arrival Time          0.000
- Setup                         0.028
+ Phase Shift                   4.000
- Uncertainty                   0.020
= Required Time                 3.952
- Arrival Time                  2.840
= Slack Time                    1.112
     Clock Rise Edge                 0.000
     + Clock Network Latency (Prop)  0.000
     = Beginpoint Arrival Time       0.000
     +------------------------------------------------------------------------------------------------------------+ 
     |                      Instance                      |     Arc     |    Cell    | Delay | Arrival | Required | 
     |                                                    |             |            |       |  Time   |   Time   | 
     |----------------------------------------------------+-------------+------------+-------+---------+----------| 
     | core/picorv32_core_pcpi_valid_reg                  | CK ^        |            |       |   0.000 |    1.112 | 
     | core/picorv32_core_pcpi_valid_reg                  | CK ^ -> Q ^ | DFFQX4     | 0.713 |   0.713 |    1.825 | 
     | core/picorv32_core_g88445__5526                    | AN ^ -> Y ^ | NOR4BX1    | 1.414 |   2.127 |    3.239 | 
     | core/FE_OFC279_picorv32_core_n_114150              | A ^ -> Y ^  | BUFX2      | 0.104 |   2.231 |    3.343 | 
     | core/picorv32_core_g88393__6131                    | D ^ -> Y v  | NAND4BX1   | 0.085 |   2.316 |    3.428 | 
     | core/FE_OFC898_picorv32_core_n_114025              | A v -> Y ^  | INVX1      | 0.071 |   2.387 |    3.499 | 
     | core/FE_OFC899_picorv32_core_n_114025              | A ^ -> Y v  | INVX1      | 0.075 |   2.462 |    3.574 | 
     | core/picorv32_core_g88383__8428                    | B v -> Y ^  | NOR2X1     | 0.068 |   2.530 |    3.642 | 
     | core/picorv32_core_g88373__1666                    | C ^ -> Y v  | NAND4X8    | 0.089 |   2.619 |    3.731 | 
     | core/FE_OFC668_picorv32_core_n_74743               | A v -> Y ^  | CLKINVX6   | 0.029 |   2.648 |    3.760 | 
     | core/FE_OFC669_picorv32_core_n_74743               | A ^ -> Y v  | CLKINVX12  | 0.018 |   2.667 |    3.779 | 
     | core/FE_OCPC814_FE_OFN430_picorv32_core_n_109700   | A v -> Y ^  | CLKINVX20  | 0.029 |   2.696 |    3.808 | 
     | core/FE_OCPC815_FE_OFN430_picorv32_core_n_109700   | A ^ -> Y v  | CLKINVX12  | 0.027 |   2.723 |    3.835 | 
     | core/FE_OFC863_FE_OCPN201761_FE_OFN430_picorv32_co | A v -> Y ^  | CLKINVX20  | 0.031 |   2.754 |    3.866 | 
     | re_n_109700                                        |             |            |       |         |          | 
     | core/FE_RC_1434_0                                  | B ^ -> Y ^  | CLKAND2X12 | 0.056 |   2.809 |    3.921 | 
     | core/FE_OFC649_picorv32_core_n_197565_dup          | A ^ -> Y v  | CLKINVX6   | 0.015 |   2.824 |    3.936 | 
     | core/FE_OFC834_FE_RN_16                            | A v -> Y ^  | CLKINVX8   | 0.014 |   2.838 |    3.950 | 
     | core/picorv32_core_genblk1.pcpi_mul_rs1_reg[2]     | E ^         | EDFFX4     | 0.002 |   2.840 |    3.952 | 
     +------------------------------------------------------------------------------------------------------------+ 
Path 31: MET Setup Check with Pin core/picorv32_core_genblk1.pcpi_mul_rs1_
reg[9]/CK 
Endpoint:   core/picorv32_core_genblk1.pcpi_mul_rs1_reg[9]/E (^) checked with  
leading edge of 'clk'
Beginpoint: core/picorv32_core_pcpi_valid_reg/Q              (^) triggered by  
leading edge of 'clk'
Path Groups: {reg2reg}
Analysis View: analysis1
Other End Arrival Time          0.000
- Setup                         0.028
+ Phase Shift                   4.000
- Uncertainty                   0.020
= Required Time                 3.952
- Arrival Time                  2.840
= Slack Time                    1.112
     Clock Rise Edge                 0.000
     + Clock Network Latency (Prop)  0.000
     = Beginpoint Arrival Time       0.000
     +------------------------------------------------------------------------------------------------------------+ 
     |                      Instance                      |     Arc     |    Cell    | Delay | Arrival | Required | 
     |                                                    |             |            |       |  Time   |   Time   | 
     |----------------------------------------------------+-------------+------------+-------+---------+----------| 
     | core/picorv32_core_pcpi_valid_reg                  | CK ^        |            |       |   0.000 |    1.112 | 
     | core/picorv32_core_pcpi_valid_reg                  | CK ^ -> Q ^ | DFFQX4     | 0.713 |   0.713 |    1.825 | 
     | core/picorv32_core_g88445__5526                    | AN ^ -> Y ^ | NOR4BX1    | 1.414 |   2.127 |    3.239 | 
     | core/FE_OFC279_picorv32_core_n_114150              | A ^ -> Y ^  | BUFX2      | 0.104 |   2.231 |    3.343 | 
     | core/picorv32_core_g88393__6131                    | D ^ -> Y v  | NAND4BX1   | 0.085 |   2.316 |    3.428 | 
     | core/FE_OFC898_picorv32_core_n_114025              | A v -> Y ^  | INVX1      | 0.071 |   2.387 |    3.499 | 
     | core/FE_OFC899_picorv32_core_n_114025              | A ^ -> Y v  | INVX1      | 0.075 |   2.462 |    3.574 | 
     | core/picorv32_core_g88383__8428                    | B v -> Y ^  | NOR2X1     | 0.068 |   2.530 |    3.642 | 
     | core/picorv32_core_g88373__1666                    | C ^ -> Y v  | NAND4X8    | 0.089 |   2.619 |    3.731 | 
     | core/FE_OFC668_picorv32_core_n_74743               | A v -> Y ^  | CLKINVX6   | 0.029 |   2.648 |    3.760 | 
     | core/FE_OFC669_picorv32_core_n_74743               | A ^ -> Y v  | CLKINVX12  | 0.018 |   2.667 |    3.779 | 
     | core/FE_OCPC814_FE_OFN430_picorv32_core_n_109700   | A v -> Y ^  | CLKINVX20  | 0.029 |   2.696 |    3.808 | 
     | core/FE_OCPC815_FE_OFN430_picorv32_core_n_109700   | A ^ -> Y v  | CLKINVX12  | 0.027 |   2.723 |    3.835 | 
     | core/FE_OFC863_FE_OCPN201761_FE_OFN430_picorv32_co | A v -> Y ^  | CLKINVX20  | 0.031 |   2.754 |    3.866 | 
     | re_n_109700                                        |             |            |       |         |          | 
     | core/FE_RC_1434_0                                  | B ^ -> Y ^  | CLKAND2X12 | 0.056 |   2.809 |    3.921 | 
     | core/FE_OFC649_picorv32_core_n_197565_dup          | A ^ -> Y v  | CLKINVX6   | 0.015 |   2.824 |    3.936 | 
     | core/FE_OFC834_FE_RN_16                            | A v -> Y ^  | CLKINVX8   | 0.014 |   2.838 |    3.950 | 
     | core/picorv32_core_genblk1.pcpi_mul_rs1_reg[9]     | E ^         | EDFFX4     | 0.002 |   2.840 |    3.952 | 
     +------------------------------------------------------------------------------------------------------------+ 
Path 32: MET Setup Check with Pin core/picorv32_core_genblk1.pcpi_mul_rs1_
reg[14]/CK 
Endpoint:   core/picorv32_core_genblk1.pcpi_mul_rs1_reg[14]/E (^) checked with  
leading edge of 'clk'
Beginpoint: core/picorv32_core_pcpi_valid_reg/Q               (^) triggered by  
leading edge of 'clk'
Path Groups: {reg2reg}
Analysis View: analysis1
Other End Arrival Time          0.000
- Setup                         0.028
+ Phase Shift                   4.000
- Uncertainty                   0.020
= Required Time                 3.952
- Arrival Time                  2.840
= Slack Time                    1.112
     Clock Rise Edge                 0.000
     + Clock Network Latency (Prop)  0.000
     = Beginpoint Arrival Time       0.000
     +------------------------------------------------------------------------------------------------------------+ 
     |                      Instance                      |     Arc     |    Cell    | Delay | Arrival | Required | 
     |                                                    |             |            |       |  Time   |   Time   | 
     |----------------------------------------------------+-------------+------------+-------+---------+----------| 
     | core/picorv32_core_pcpi_valid_reg                  | CK ^        |            |       |   0.000 |    1.112 | 
     | core/picorv32_core_pcpi_valid_reg                  | CK ^ -> Q ^ | DFFQX4     | 0.713 |   0.713 |    1.825 | 
     | core/picorv32_core_g88445__5526                    | AN ^ -> Y ^ | NOR4BX1    | 1.414 |   2.127 |    3.239 | 
     | core/FE_OFC279_picorv32_core_n_114150              | A ^ -> Y ^  | BUFX2      | 0.104 |   2.231 |    3.343 | 
     | core/picorv32_core_g88393__6131                    | D ^ -> Y v  | NAND4BX1   | 0.085 |   2.316 |    3.428 | 
     | core/FE_OFC898_picorv32_core_n_114025              | A v -> Y ^  | INVX1      | 0.071 |   2.387 |    3.499 | 
     | core/FE_OFC899_picorv32_core_n_114025              | A ^ -> Y v  | INVX1      | 0.075 |   2.462 |    3.574 | 
     | core/picorv32_core_g88383__8428                    | B v -> Y ^  | NOR2X1     | 0.068 |   2.530 |    3.642 | 
     | core/picorv32_core_g88373__1666                    | C ^ -> Y v  | NAND4X8    | 0.089 |   2.619 |    3.731 | 
     | core/FE_OFC668_picorv32_core_n_74743               | A v -> Y ^  | CLKINVX6   | 0.029 |   2.648 |    3.760 | 
     | core/FE_OFC669_picorv32_core_n_74743               | A ^ -> Y v  | CLKINVX12  | 0.018 |   2.667 |    3.779 | 
     | core/FE_OCPC814_FE_OFN430_picorv32_core_n_109700   | A v -> Y ^  | CLKINVX20  | 0.029 |   2.696 |    3.808 | 
     | core/FE_OCPC815_FE_OFN430_picorv32_core_n_109700   | A ^ -> Y v  | CLKINVX12  | 0.027 |   2.723 |    3.835 | 
     | core/FE_OFC863_FE_OCPN201761_FE_OFN430_picorv32_co | A v -> Y ^  | CLKINVX20  | 0.031 |   2.754 |    3.866 | 
     | re_n_109700                                        |             |            |       |         |          | 
     | core/FE_RC_1434_0                                  | B ^ -> Y ^  | CLKAND2X12 | 0.056 |   2.809 |    3.921 | 
     | core/FE_OFC649_picorv32_core_n_197565_dup          | A ^ -> Y v  | CLKINVX6   | 0.015 |   2.824 |    3.936 | 
     | core/FE_OFC834_FE_RN_16                            | A v -> Y ^  | CLKINVX8   | 0.014 |   2.838 |    3.950 | 
     | core/picorv32_core_genblk1.pcpi_mul_rs1_reg[14]    | E ^         | EDFFX4     | 0.002 |   2.840 |    3.952 | 
     +------------------------------------------------------------------------------------------------------------+ 
Path 33: MET Setup Check with Pin core/picorv32_core_genblk1.pcpi_mul_rs1_
reg[13]/CK 
Endpoint:   core/picorv32_core_genblk1.pcpi_mul_rs1_reg[13]/E (^) checked with  
leading edge of 'clk'
Beginpoint: core/picorv32_core_pcpi_valid_reg/Q               (^) triggered by  
leading edge of 'clk'
Path Groups: {reg2reg}
Analysis View: analysis1
Other End Arrival Time          0.000
- Setup                         0.028
+ Phase Shift                   4.000
- Uncertainty                   0.020
= Required Time                 3.952
- Arrival Time                  2.840
= Slack Time                    1.112
     Clock Rise Edge                 0.000
     + Clock Network Latency (Prop)  0.000
     = Beginpoint Arrival Time       0.000
     +------------------------------------------------------------------------------------------------------------+ 
     |                      Instance                      |     Arc     |    Cell    | Delay | Arrival | Required | 
     |                                                    |             |            |       |  Time   |   Time   | 
     |----------------------------------------------------+-------------+------------+-------+---------+----------| 
     | core/picorv32_core_pcpi_valid_reg                  | CK ^        |            |       |   0.000 |    1.112 | 
     | core/picorv32_core_pcpi_valid_reg                  | CK ^ -> Q ^ | DFFQX4     | 0.713 |   0.713 |    1.825 | 
     | core/picorv32_core_g88445__5526                    | AN ^ -> Y ^ | NOR4BX1    | 1.414 |   2.127 |    3.239 | 
     | core/FE_OFC279_picorv32_core_n_114150              | A ^ -> Y ^  | BUFX2      | 0.104 |   2.231 |    3.343 | 
     | core/picorv32_core_g88393__6131                    | D ^ -> Y v  | NAND4BX1   | 0.085 |   2.316 |    3.428 | 
     | core/FE_OFC898_picorv32_core_n_114025              | A v -> Y ^  | INVX1      | 0.071 |   2.387 |    3.499 | 
     | core/FE_OFC899_picorv32_core_n_114025              | A ^ -> Y v  | INVX1      | 0.075 |   2.462 |    3.574 | 
     | core/picorv32_core_g88383__8428                    | B v -> Y ^  | NOR2X1     | 0.068 |   2.530 |    3.642 | 
     | core/picorv32_core_g88373__1666                    | C ^ -> Y v  | NAND4X8    | 0.089 |   2.619 |    3.731 | 
     | core/FE_OFC668_picorv32_core_n_74743               | A v -> Y ^  | CLKINVX6   | 0.029 |   2.648 |    3.760 | 
     | core/FE_OFC669_picorv32_core_n_74743               | A ^ -> Y v  | CLKINVX12  | 0.018 |   2.667 |    3.779 | 
     | core/FE_OCPC814_FE_OFN430_picorv32_core_n_109700   | A v -> Y ^  | CLKINVX20  | 0.029 |   2.696 |    3.808 | 
     | core/FE_OCPC815_FE_OFN430_picorv32_core_n_109700   | A ^ -> Y v  | CLKINVX12  | 0.027 |   2.723 |    3.835 | 
     | core/FE_OFC863_FE_OCPN201761_FE_OFN430_picorv32_co | A v -> Y ^  | CLKINVX20  | 0.031 |   2.754 |    3.866 | 
     | re_n_109700                                        |             |            |       |         |          | 
     | core/FE_RC_1434_0                                  | B ^ -> Y ^  | CLKAND2X12 | 0.056 |   2.809 |    3.921 | 
     | core/FE_OFC649_picorv32_core_n_197565_dup          | A ^ -> Y v  | CLKINVX6   | 0.015 |   2.824 |    3.936 | 
     | core/FE_OFC834_FE_RN_16                            | A v -> Y ^  | CLKINVX8   | 0.014 |   2.838 |    3.950 | 
     | core/picorv32_core_genblk1.pcpi_mul_rs1_reg[13]    | E ^         | EDFFX4     | 0.002 |   2.840 |    3.952 | 
     +------------------------------------------------------------------------------------------------------------+ 
Path 34: MET Setup Check with Pin core/picorv32_core_genblk1.pcpi_mul_rs1_
reg[1]/CK 
Endpoint:   core/picorv32_core_genblk1.pcpi_mul_rs1_reg[1]/E (^) checked with  
leading edge of 'clk'
Beginpoint: core/picorv32_core_pcpi_valid_reg/Q              (^) triggered by  
leading edge of 'clk'
Path Groups: {reg2reg}
Analysis View: analysis1
Other End Arrival Time          0.000
- Setup                         0.028
+ Phase Shift                   4.000
- Uncertainty                   0.020
= Required Time                 3.952
- Arrival Time                  2.840
= Slack Time                    1.112
     Clock Rise Edge                 0.000
     + Clock Network Latency (Prop)  0.000
     = Beginpoint Arrival Time       0.000
     +------------------------------------------------------------------------------------------------------------+ 
     |                      Instance                      |     Arc     |    Cell    | Delay | Arrival | Required | 
     |                                                    |             |            |       |  Time   |   Time   | 
     |----------------------------------------------------+-------------+------------+-------+---------+----------| 
     | core/picorv32_core_pcpi_valid_reg                  | CK ^        |            |       |   0.000 |    1.112 | 
     | core/picorv32_core_pcpi_valid_reg                  | CK ^ -> Q ^ | DFFQX4     | 0.713 |   0.713 |    1.825 | 
     | core/picorv32_core_g88445__5526                    | AN ^ -> Y ^ | NOR4BX1    | 1.414 |   2.127 |    3.239 | 
     | core/FE_OFC279_picorv32_core_n_114150              | A ^ -> Y ^  | BUFX2      | 0.104 |   2.231 |    3.343 | 
     | core/picorv32_core_g88393__6131                    | D ^ -> Y v  | NAND4BX1   | 0.085 |   2.316 |    3.428 | 
     | core/FE_OFC898_picorv32_core_n_114025              | A v -> Y ^  | INVX1      | 0.071 |   2.387 |    3.499 | 
     | core/FE_OFC899_picorv32_core_n_114025              | A ^ -> Y v  | INVX1      | 0.075 |   2.462 |    3.574 | 
     | core/picorv32_core_g88383__8428                    | B v -> Y ^  | NOR2X1     | 0.068 |   2.530 |    3.642 | 
     | core/picorv32_core_g88373__1666                    | C ^ -> Y v  | NAND4X8    | 0.089 |   2.619 |    3.731 | 
     | core/FE_OFC668_picorv32_core_n_74743               | A v -> Y ^  | CLKINVX6   | 0.029 |   2.648 |    3.760 | 
     | core/FE_OFC669_picorv32_core_n_74743               | A ^ -> Y v  | CLKINVX12  | 0.018 |   2.667 |    3.779 | 
     | core/FE_OCPC814_FE_OFN430_picorv32_core_n_109700   | A v -> Y ^  | CLKINVX20  | 0.029 |   2.696 |    3.808 | 
     | core/FE_OCPC815_FE_OFN430_picorv32_core_n_109700   | A ^ -> Y v  | CLKINVX12  | 0.027 |   2.723 |    3.835 | 
     | core/FE_OFC863_FE_OCPN201761_FE_OFN430_picorv32_co | A v -> Y ^  | CLKINVX20  | 0.031 |   2.754 |    3.866 | 
     | re_n_109700                                        |             |            |       |         |          | 
     | core/FE_RC_1434_0                                  | B ^ -> Y ^  | CLKAND2X12 | 0.056 |   2.809 |    3.921 | 
     | core/FE_OFC649_picorv32_core_n_197565_dup          | A ^ -> Y v  | CLKINVX6   | 0.015 |   2.824 |    3.936 | 
     | core/FE_OFC834_FE_RN_16                            | A v -> Y ^  | CLKINVX8   | 0.014 |   2.838 |    3.950 | 
     | core/picorv32_core_genblk1.pcpi_mul_rs1_reg[1]     | E ^         | EDFFX4     | 0.002 |   2.840 |    3.952 | 
     +------------------------------------------------------------------------------------------------------------+ 
Path 35: MET Setup Check with Pin core/picorv32_core_genblk1.pcpi_mul_rs1_
reg[12]/CK 
Endpoint:   core/picorv32_core_genblk1.pcpi_mul_rs1_reg[12]/E (^) checked with  
leading edge of 'clk'
Beginpoint: core/picorv32_core_pcpi_valid_reg/Q               (^) triggered by  
leading edge of 'clk'
Path Groups: {reg2reg}
Analysis View: analysis1
Other End Arrival Time          0.000
- Setup                         0.028
+ Phase Shift                   4.000
- Uncertainty                   0.020
= Required Time                 3.952
- Arrival Time                  2.840
= Slack Time                    1.112
     Clock Rise Edge                 0.000
     + Clock Network Latency (Prop)  0.000
     = Beginpoint Arrival Time       0.000
     +------------------------------------------------------------------------------------------------------------+ 
     |                      Instance                      |     Arc     |    Cell    | Delay | Arrival | Required | 
     |                                                    |             |            |       |  Time   |   Time   | 
     |----------------------------------------------------+-------------+------------+-------+---------+----------| 
     | core/picorv32_core_pcpi_valid_reg                  | CK ^        |            |       |   0.000 |    1.112 | 
     | core/picorv32_core_pcpi_valid_reg                  | CK ^ -> Q ^ | DFFQX4     | 0.713 |   0.713 |    1.825 | 
     | core/picorv32_core_g88445__5526                    | AN ^ -> Y ^ | NOR4BX1    | 1.414 |   2.127 |    3.239 | 
     | core/FE_OFC279_picorv32_core_n_114150              | A ^ -> Y ^  | BUFX2      | 0.104 |   2.231 |    3.343 | 
     | core/picorv32_core_g88393__6131                    | D ^ -> Y v  | NAND4BX1   | 0.085 |   2.316 |    3.428 | 
     | core/FE_OFC898_picorv32_core_n_114025              | A v -> Y ^  | INVX1      | 0.071 |   2.387 |    3.499 | 
     | core/FE_OFC899_picorv32_core_n_114025              | A ^ -> Y v  | INVX1      | 0.075 |   2.462 |    3.574 | 
     | core/picorv32_core_g88383__8428                    | B v -> Y ^  | NOR2X1     | 0.068 |   2.530 |    3.642 | 
     | core/picorv32_core_g88373__1666                    | C ^ -> Y v  | NAND4X8    | 0.089 |   2.619 |    3.731 | 
     | core/FE_OFC668_picorv32_core_n_74743               | A v -> Y ^  | CLKINVX6   | 0.029 |   2.648 |    3.760 | 
     | core/FE_OFC669_picorv32_core_n_74743               | A ^ -> Y v  | CLKINVX12  | 0.018 |   2.667 |    3.779 | 
     | core/FE_OCPC814_FE_OFN430_picorv32_core_n_109700   | A v -> Y ^  | CLKINVX20  | 0.029 |   2.696 |    3.808 | 
     | core/FE_OCPC815_FE_OFN430_picorv32_core_n_109700   | A ^ -> Y v  | CLKINVX12  | 0.027 |   2.723 |    3.835 | 
     | core/FE_OFC863_FE_OCPN201761_FE_OFN430_picorv32_co | A v -> Y ^  | CLKINVX20  | 0.031 |   2.754 |    3.866 | 
     | re_n_109700                                        |             |            |       |         |          | 
     | core/FE_RC_1434_0                                  | B ^ -> Y ^  | CLKAND2X12 | 0.056 |   2.809 |    3.922 | 
     | core/FE_OFC649_picorv32_core_n_197565_dup          | A ^ -> Y v  | CLKINVX6   | 0.015 |   2.824 |    3.936 | 
     | core/FE_OFC834_FE_RN_16                            | A v -> Y ^  | CLKINVX8   | 0.014 |   2.838 |    3.950 | 
     | core/picorv32_core_genblk1.pcpi_mul_rs1_reg[12]    | E ^         | EDFFX4     | 0.002 |   2.840 |    3.952 | 
     +------------------------------------------------------------------------------------------------------------+ 
Path 36: MET Setup Check with Pin core/picorv32_core_genblk1.pcpi_mul_rs1_
reg[11]/CK 
Endpoint:   core/picorv32_core_genblk1.pcpi_mul_rs1_reg[11]/E (^) checked with  
leading edge of 'clk'
Beginpoint: core/picorv32_core_pcpi_valid_reg/Q               (^) triggered by  
leading edge of 'clk'
Path Groups: {reg2reg}
Analysis View: analysis1
Other End Arrival Time          0.000
- Setup                         0.028
+ Phase Shift                   4.000
- Uncertainty                   0.020
= Required Time                 3.952
- Arrival Time                  2.840
= Slack Time                    1.112
     Clock Rise Edge                 0.000
     + Clock Network Latency (Prop)  0.000
     = Beginpoint Arrival Time       0.000
     +------------------------------------------------------------------------------------------------------------+ 
     |                      Instance                      |     Arc     |    Cell    | Delay | Arrival | Required | 
     |                                                    |             |            |       |  Time   |   Time   | 
     |----------------------------------------------------+-------------+------------+-------+---------+----------| 
     | core/picorv32_core_pcpi_valid_reg                  | CK ^        |            |       |   0.000 |    1.112 | 
     | core/picorv32_core_pcpi_valid_reg                  | CK ^ -> Q ^ | DFFQX4     | 0.713 |   0.713 |    1.825 | 
     | core/picorv32_core_g88445__5526                    | AN ^ -> Y ^ | NOR4BX1    | 1.414 |   2.127 |    3.239 | 
     | core/FE_OFC279_picorv32_core_n_114150              | A ^ -> Y ^  | BUFX2      | 0.104 |   2.231 |    3.343 | 
     | core/picorv32_core_g88393__6131                    | D ^ -> Y v  | NAND4BX1   | 0.085 |   2.316 |    3.428 | 
     | core/FE_OFC898_picorv32_core_n_114025              | A v -> Y ^  | INVX1      | 0.071 |   2.387 |    3.499 | 
     | core/FE_OFC899_picorv32_core_n_114025              | A ^ -> Y v  | INVX1      | 0.075 |   2.462 |    3.574 | 
     | core/picorv32_core_g88383__8428                    | B v -> Y ^  | NOR2X1     | 0.068 |   2.530 |    3.642 | 
     | core/picorv32_core_g88373__1666                    | C ^ -> Y v  | NAND4X8    | 0.089 |   2.619 |    3.731 | 
     | core/FE_OFC668_picorv32_core_n_74743               | A v -> Y ^  | CLKINVX6   | 0.029 |   2.648 |    3.760 | 
     | core/FE_OFC669_picorv32_core_n_74743               | A ^ -> Y v  | CLKINVX12  | 0.018 |   2.667 |    3.779 | 
     | core/FE_OCPC814_FE_OFN430_picorv32_core_n_109700   | A v -> Y ^  | CLKINVX20  | 0.029 |   2.696 |    3.808 | 
     | core/FE_OCPC815_FE_OFN430_picorv32_core_n_109700   | A ^ -> Y v  | CLKINVX12  | 0.027 |   2.723 |    3.835 | 
     | core/FE_OFC863_FE_OCPN201761_FE_OFN430_picorv32_co | A v -> Y ^  | CLKINVX20  | 0.031 |   2.754 |    3.866 | 
     | re_n_109700                                        |             |            |       |         |          | 
     | core/FE_RC_1434_0                                  | B ^ -> Y ^  | CLKAND2X12 | 0.056 |   2.809 |    3.922 | 
     | core/FE_OFC649_picorv32_core_n_197565_dup          | A ^ -> Y v  | CLKINVX6   | 0.015 |   2.824 |    3.936 | 
     | core/FE_OFC834_FE_RN_16                            | A v -> Y ^  | CLKINVX8   | 0.014 |   2.838 |    3.950 | 
     | core/picorv32_core_genblk1.pcpi_mul_rs1_reg[11]    | E ^         | EDFFX4     | 0.002 |   2.840 |    3.952 | 
     +------------------------------------------------------------------------------------------------------------+ 
Path 37: MET Setup Check with Pin core/picorv32_core_genblk1.pcpi_mul_rs1_
reg[17]/CK 
Endpoint:   core/picorv32_core_genblk1.pcpi_mul_rs1_reg[17]/E (^) checked with  
leading edge of 'clk'
Beginpoint: core/picorv32_core_pcpi_valid_reg/Q               (^) triggered by  
leading edge of 'clk'
Path Groups: {reg2reg}
Analysis View: analysis1
Other End Arrival Time          0.000
- Setup                         0.028
+ Phase Shift                   4.000
- Uncertainty                   0.020
= Required Time                 3.952
- Arrival Time                  2.840
= Slack Time                    1.112
     Clock Rise Edge                 0.000
     + Clock Network Latency (Prop)  0.000
     = Beginpoint Arrival Time       0.000
     +------------------------------------------------------------------------------------------------------------+ 
     |                      Instance                      |     Arc     |    Cell    | Delay | Arrival | Required | 
     |                                                    |             |            |       |  Time   |   Time   | 
     |----------------------------------------------------+-------------+------------+-------+---------+----------| 
     | core/picorv32_core_pcpi_valid_reg                  | CK ^        |            |       |   0.000 |    1.112 | 
     | core/picorv32_core_pcpi_valid_reg                  | CK ^ -> Q ^ | DFFQX4     | 0.713 |   0.713 |    1.825 | 
     | core/picorv32_core_g88445__5526                    | AN ^ -> Y ^ | NOR4BX1    | 1.414 |   2.127 |    3.239 | 
     | core/FE_OFC279_picorv32_core_n_114150              | A ^ -> Y ^  | BUFX2      | 0.104 |   2.231 |    3.343 | 
     | core/picorv32_core_g88393__6131                    | D ^ -> Y v  | NAND4BX1   | 0.085 |   2.316 |    3.428 | 
     | core/FE_OFC898_picorv32_core_n_114025              | A v -> Y ^  | INVX1      | 0.071 |   2.387 |    3.499 | 
     | core/FE_OFC899_picorv32_core_n_114025              | A ^ -> Y v  | INVX1      | 0.075 |   2.462 |    3.574 | 
     | core/picorv32_core_g88383__8428                    | B v -> Y ^  | NOR2X1     | 0.068 |   2.530 |    3.642 | 
     | core/picorv32_core_g88373__1666                    | C ^ -> Y v  | NAND4X8    | 0.089 |   2.619 |    3.731 | 
     | core/FE_OFC668_picorv32_core_n_74743               | A v -> Y ^  | CLKINVX6   | 0.029 |   2.648 |    3.761 | 
     | core/FE_OFC669_picorv32_core_n_74743               | A ^ -> Y v  | CLKINVX12  | 0.018 |   2.667 |    3.779 | 
     | core/FE_OCPC814_FE_OFN430_picorv32_core_n_109700   | A v -> Y ^  | CLKINVX20  | 0.029 |   2.696 |    3.808 | 
     | core/FE_OCPC815_FE_OFN430_picorv32_core_n_109700   | A ^ -> Y v  | CLKINVX12  | 0.027 |   2.723 |    3.835 | 
     | core/FE_OFC863_FE_OCPN201761_FE_OFN430_picorv32_co | A v -> Y ^  | CLKINVX20  | 0.031 |   2.754 |    3.866 | 
     | re_n_109700                                        |             |            |       |         |          | 
     | core/FE_RC_1434_0                                  | B ^ -> Y ^  | CLKAND2X12 | 0.056 |   2.809 |    3.922 | 
     | core/FE_OFC649_picorv32_core_n_197565_dup          | A ^ -> Y v  | CLKINVX6   | 0.015 |   2.824 |    3.936 | 
     | core/FE_OFC834_FE_RN_16                            | A v -> Y ^  | CLKINVX8   | 0.014 |   2.838 |    3.951 | 
     | core/picorv32_core_genblk1.pcpi_mul_rs1_reg[17]    | E ^         | EDFFX4     | 0.001 |   2.840 |    3.952 | 
     +------------------------------------------------------------------------------------------------------------+ 
Path 38: MET Setup Check with Pin core/picorv32_core_genblk1.pcpi_mul_rs1_
reg[16]/CK 
Endpoint:   core/picorv32_core_genblk1.pcpi_mul_rs1_reg[16]/E (^) checked with  
leading edge of 'clk'
Beginpoint: core/picorv32_core_pcpi_valid_reg/Q               (^) triggered by  
leading edge of 'clk'
Path Groups: {reg2reg}
Analysis View: analysis1
Other End Arrival Time          0.000
- Setup                         0.028
+ Phase Shift                   4.000
- Uncertainty                   0.020
= Required Time                 3.952
- Arrival Time                  2.840
= Slack Time                    1.112
     Clock Rise Edge                 0.000
     + Clock Network Latency (Prop)  0.000
     = Beginpoint Arrival Time       0.000
     +------------------------------------------------------------------------------------------------------------+ 
     |                      Instance                      |     Arc     |    Cell    | Delay | Arrival | Required | 
     |                                                    |             |            |       |  Time   |   Time   | 
     |----------------------------------------------------+-------------+------------+-------+---------+----------| 
     | core/picorv32_core_pcpi_valid_reg                  | CK ^        |            |       |   0.000 |    1.112 | 
     | core/picorv32_core_pcpi_valid_reg                  | CK ^ -> Q ^ | DFFQX4     | 0.713 |   0.713 |    1.825 | 
     | core/picorv32_core_g88445__5526                    | AN ^ -> Y ^ | NOR4BX1    | 1.414 |   2.127 |    3.239 | 
     | core/FE_OFC279_picorv32_core_n_114150              | A ^ -> Y ^  | BUFX2      | 0.104 |   2.231 |    3.343 | 
     | core/picorv32_core_g88393__6131                    | D ^ -> Y v  | NAND4BX1   | 0.085 |   2.316 |    3.428 | 
     | core/FE_OFC898_picorv32_core_n_114025              | A v -> Y ^  | INVX1      | 0.071 |   2.387 |    3.499 | 
     | core/FE_OFC899_picorv32_core_n_114025              | A ^ -> Y v  | INVX1      | 0.075 |   2.462 |    3.574 | 
     | core/picorv32_core_g88383__8428                    | B v -> Y ^  | NOR2X1     | 0.068 |   2.530 |    3.642 | 
     | core/picorv32_core_g88373__1666                    | C ^ -> Y v  | NAND4X8    | 0.089 |   2.619 |    3.731 | 
     | core/FE_OFC668_picorv32_core_n_74743               | A v -> Y ^  | CLKINVX6   | 0.029 |   2.648 |    3.761 | 
     | core/FE_OFC669_picorv32_core_n_74743               | A ^ -> Y v  | CLKINVX12  | 0.018 |   2.667 |    3.779 | 
     | core/FE_OCPC814_FE_OFN430_picorv32_core_n_109700   | A v -> Y ^  | CLKINVX20  | 0.029 |   2.696 |    3.808 | 
     | core/FE_OCPC815_FE_OFN430_picorv32_core_n_109700   | A ^ -> Y v  | CLKINVX12  | 0.027 |   2.723 |    3.835 | 
     | core/FE_OFC863_FE_OCPN201761_FE_OFN430_picorv32_co | A v -> Y ^  | CLKINVX20  | 0.031 |   2.754 |    3.866 | 
     | re_n_109700                                        |             |            |       |         |          | 
     | core/FE_RC_1434_0                                  | B ^ -> Y ^  | CLKAND2X12 | 0.056 |   2.809 |    3.922 | 
     | core/FE_OFC649_picorv32_core_n_197565_dup          | A ^ -> Y v  | CLKINVX6   | 0.015 |   2.824 |    3.936 | 
     | core/FE_OFC834_FE_RN_16                            | A v -> Y ^  | CLKINVX8   | 0.014 |   2.838 |    3.951 | 
     | core/picorv32_core_genblk1.pcpi_mul_rs1_reg[16]    | E ^         | EDFFX4     | 0.001 |   2.840 |    3.952 | 
     +------------------------------------------------------------------------------------------------------------+ 
Path 39: MET Setup Check with Pin core/picorv32_core_genblk1.pcpi_mul_rs1_
reg[18]/CK 
Endpoint:   core/picorv32_core_genblk1.pcpi_mul_rs1_reg[18]/E (^) checked with  
leading edge of 'clk'
Beginpoint: core/picorv32_core_pcpi_valid_reg/Q               (^) triggered by  
leading edge of 'clk'
Path Groups: {reg2reg}
Analysis View: analysis1
Other End Arrival Time          0.000
- Setup                         0.028
+ Phase Shift                   4.000
- Uncertainty                   0.020
= Required Time                 3.952
- Arrival Time                  2.840
= Slack Time                    1.112
     Clock Rise Edge                 0.000
     + Clock Network Latency (Prop)  0.000
     = Beginpoint Arrival Time       0.000
     +------------------------------------------------------------------------------------------------------------+ 
     |                      Instance                      |     Arc     |    Cell    | Delay | Arrival | Required | 
     |                                                    |             |            |       |  Time   |   Time   | 
     |----------------------------------------------------+-------------+------------+-------+---------+----------| 
     | core/picorv32_core_pcpi_valid_reg                  | CK ^        |            |       |   0.000 |    1.112 | 
     | core/picorv32_core_pcpi_valid_reg                  | CK ^ -> Q ^ | DFFQX4     | 0.713 |   0.713 |    1.825 | 
     | core/picorv32_core_g88445__5526                    | AN ^ -> Y ^ | NOR4BX1    | 1.414 |   2.127 |    3.239 | 
     | core/FE_OFC279_picorv32_core_n_114150              | A ^ -> Y ^  | BUFX2      | 0.104 |   2.231 |    3.343 | 
     | core/picorv32_core_g88393__6131                    | D ^ -> Y v  | NAND4BX1   | 0.085 |   2.316 |    3.428 | 
     | core/FE_OFC898_picorv32_core_n_114025              | A v -> Y ^  | INVX1      | 0.071 |   2.387 |    3.499 | 
     | core/FE_OFC899_picorv32_core_n_114025              | A ^ -> Y v  | INVX1      | 0.075 |   2.462 |    3.574 | 
     | core/picorv32_core_g88383__8428                    | B v -> Y ^  | NOR2X1     | 0.068 |   2.530 |    3.642 | 
     | core/picorv32_core_g88373__1666                    | C ^ -> Y v  | NAND4X8    | 0.089 |   2.619 |    3.731 | 
     | core/FE_OFC668_picorv32_core_n_74743               | A v -> Y ^  | CLKINVX6   | 0.029 |   2.648 |    3.761 | 
     | core/FE_OFC669_picorv32_core_n_74743               | A ^ -> Y v  | CLKINVX12  | 0.018 |   2.667 |    3.779 | 
     | core/FE_OCPC814_FE_OFN430_picorv32_core_n_109700   | A v -> Y ^  | CLKINVX20  | 0.029 |   2.696 |    3.808 | 
     | core/FE_OCPC815_FE_OFN430_picorv32_core_n_109700   | A ^ -> Y v  | CLKINVX12  | 0.027 |   2.723 |    3.835 | 
     | core/FE_OFC863_FE_OCPN201761_FE_OFN430_picorv32_co | A v -> Y ^  | CLKINVX20  | 0.031 |   2.754 |    3.866 | 
     | re_n_109700                                        |             |            |       |         |          | 
     | core/FE_RC_1434_0                                  | B ^ -> Y ^  | CLKAND2X12 | 0.056 |   2.809 |    3.922 | 
     | core/FE_OFC649_picorv32_core_n_197565_dup          | A ^ -> Y v  | CLKINVX6   | 0.015 |   2.824 |    3.936 | 
     | core/FE_OFC834_FE_RN_16                            | A v -> Y ^  | CLKINVX8   | 0.014 |   2.838 |    3.951 | 
     | core/picorv32_core_genblk1.pcpi_mul_rs1_reg[18]    | E ^         | EDFFX4     | 0.001 |   2.840 |    3.952 | 
     +------------------------------------------------------------------------------------------------------------+ 
Path 40: MET Setup Check with Pin core/picorv32_core_genblk1.pcpi_mul_rs1_
reg[19]/CK 
Endpoint:   core/picorv32_core_genblk1.pcpi_mul_rs1_reg[19]/E (^) checked with  
leading edge of 'clk'
Beginpoint: core/picorv32_core_pcpi_valid_reg/Q               (^) triggered by  
leading edge of 'clk'
Path Groups: {reg2reg}
Analysis View: analysis1
Other End Arrival Time          0.000
- Setup                         0.028
+ Phase Shift                   4.000
- Uncertainty                   0.020
= Required Time                 3.952
- Arrival Time                  2.840
= Slack Time                    1.112
     Clock Rise Edge                 0.000
     + Clock Network Latency (Prop)  0.000
     = Beginpoint Arrival Time       0.000
     +------------------------------------------------------------------------------------------------------------+ 
     |                      Instance                      |     Arc     |    Cell    | Delay | Arrival | Required | 
     |                                                    |             |            |       |  Time   |   Time   | 
     |----------------------------------------------------+-------------+------------+-------+---------+----------| 
     | core/picorv32_core_pcpi_valid_reg                  | CK ^        |            |       |   0.000 |    1.112 | 
     | core/picorv32_core_pcpi_valid_reg                  | CK ^ -> Q ^ | DFFQX4     | 0.713 |   0.713 |    1.825 | 
     | core/picorv32_core_g88445__5526                    | AN ^ -> Y ^ | NOR4BX1    | 1.414 |   2.127 |    3.239 | 
     | core/FE_OFC279_picorv32_core_n_114150              | A ^ -> Y ^  | BUFX2      | 0.104 |   2.231 |    3.343 | 
     | core/picorv32_core_g88393__6131                    | D ^ -> Y v  | NAND4BX1   | 0.085 |   2.316 |    3.428 | 
     | core/FE_OFC898_picorv32_core_n_114025              | A v -> Y ^  | INVX1      | 0.071 |   2.387 |    3.499 | 
     | core/FE_OFC899_picorv32_core_n_114025              | A ^ -> Y v  | INVX1      | 0.075 |   2.462 |    3.574 | 
     | core/picorv32_core_g88383__8428                    | B v -> Y ^  | NOR2X1     | 0.068 |   2.530 |    3.642 | 
     | core/picorv32_core_g88373__1666                    | C ^ -> Y v  | NAND4X8    | 0.089 |   2.619 |    3.731 | 
     | core/FE_OFC668_picorv32_core_n_74743               | A v -> Y ^  | CLKINVX6   | 0.029 |   2.648 |    3.761 | 
     | core/FE_OFC669_picorv32_core_n_74743               | A ^ -> Y v  | CLKINVX12  | 0.018 |   2.667 |    3.779 | 
     | core/FE_OCPC814_FE_OFN430_picorv32_core_n_109700   | A v -> Y ^  | CLKINVX20  | 0.029 |   2.696 |    3.808 | 
     | core/FE_OCPC815_FE_OFN430_picorv32_core_n_109700   | A ^ -> Y v  | CLKINVX12  | 0.027 |   2.723 |    3.835 | 
     | core/FE_OFC863_FE_OCPN201761_FE_OFN430_picorv32_co | A v -> Y ^  | CLKINVX20  | 0.031 |   2.754 |    3.866 | 
     | re_n_109700                                        |             |            |       |         |          | 
     | core/FE_RC_1434_0                                  | B ^ -> Y ^  | CLKAND2X12 | 0.056 |   2.809 |    3.922 | 
     | core/FE_OFC649_picorv32_core_n_197565_dup          | A ^ -> Y v  | CLKINVX6   | 0.015 |   2.824 |    3.936 | 
     | core/FE_OFC834_FE_RN_16                            | A v -> Y ^  | CLKINVX8   | 0.014 |   2.838 |    3.951 | 
     | core/picorv32_core_genblk1.pcpi_mul_rs1_reg[19]    | E ^         | EDFFX4     | 0.001 |   2.840 |    3.952 | 
     +------------------------------------------------------------------------------------------------------------+ 
Path 41: MET Setup Check with Pin core/picorv32_core_genblk1.pcpi_mul_rs1_
reg[15]/CK 
Endpoint:   core/picorv32_core_genblk1.pcpi_mul_rs1_reg[15]/E (^) checked with  
leading edge of 'clk'
Beginpoint: core/picorv32_core_pcpi_valid_reg/Q               (^) triggered by  
leading edge of 'clk'
Path Groups: {reg2reg}
Analysis View: analysis1
Other End Arrival Time          0.000
- Setup                         0.028
+ Phase Shift                   4.000
- Uncertainty                   0.020
= Required Time                 3.952
- Arrival Time                  2.840
= Slack Time                    1.112
     Clock Rise Edge                 0.000
     + Clock Network Latency (Prop)  0.000
     = Beginpoint Arrival Time       0.000
     +------------------------------------------------------------------------------------------------------------+ 
     |                      Instance                      |     Arc     |    Cell    | Delay | Arrival | Required | 
     |                                                    |             |            |       |  Time   |   Time   | 
     |----------------------------------------------------+-------------+------------+-------+---------+----------| 
     | core/picorv32_core_pcpi_valid_reg                  | CK ^        |            |       |   0.000 |    1.112 | 
     | core/picorv32_core_pcpi_valid_reg                  | CK ^ -> Q ^ | DFFQX4     | 0.713 |   0.713 |    1.825 | 
     | core/picorv32_core_g88445__5526                    | AN ^ -> Y ^ | NOR4BX1    | 1.414 |   2.127 |    3.239 | 
     | core/FE_OFC279_picorv32_core_n_114150              | A ^ -> Y ^  | BUFX2      | 0.104 |   2.231 |    3.343 | 
     | core/picorv32_core_g88393__6131                    | D ^ -> Y v  | NAND4BX1   | 0.085 |   2.316 |    3.428 | 
     | core/FE_OFC898_picorv32_core_n_114025              | A v -> Y ^  | INVX1      | 0.071 |   2.387 |    3.499 | 
     | core/FE_OFC899_picorv32_core_n_114025              | A ^ -> Y v  | INVX1      | 0.075 |   2.462 |    3.574 | 
     | core/picorv32_core_g88383__8428                    | B v -> Y ^  | NOR2X1     | 0.068 |   2.530 |    3.642 | 
     | core/picorv32_core_g88373__1666                    | C ^ -> Y v  | NAND4X8    | 0.089 |   2.619 |    3.731 | 
     | core/FE_OFC668_picorv32_core_n_74743               | A v -> Y ^  | CLKINVX6   | 0.029 |   2.648 |    3.761 | 
     | core/FE_OFC669_picorv32_core_n_74743               | A ^ -> Y v  | CLKINVX12  | 0.018 |   2.667 |    3.779 | 
     | core/FE_OCPC814_FE_OFN430_picorv32_core_n_109700   | A v -> Y ^  | CLKINVX20  | 0.029 |   2.696 |    3.808 | 
     | core/FE_OCPC815_FE_OFN430_picorv32_core_n_109700   | A ^ -> Y v  | CLKINVX12  | 0.027 |   2.723 |    3.835 | 
     | core/FE_OFC863_FE_OCPN201761_FE_OFN430_picorv32_co | A v -> Y ^  | CLKINVX20  | 0.031 |   2.754 |    3.866 | 
     | re_n_109700                                        |             |            |       |         |          | 
     | core/FE_RC_1434_0                                  | B ^ -> Y ^  | CLKAND2X12 | 0.056 |   2.809 |    3.922 | 
     | core/FE_OFC649_picorv32_core_n_197565_dup          | A ^ -> Y v  | CLKINVX6   | 0.015 |   2.824 |    3.936 | 
     | core/FE_OFC834_FE_RN_16                            | A v -> Y ^  | CLKINVX8   | 0.014 |   2.838 |    3.951 | 
     | core/picorv32_core_genblk1.pcpi_mul_rs1_reg[15]    | E ^         | EDFFX4     | 0.001 |   2.840 |    3.952 | 
     +------------------------------------------------------------------------------------------------------------+ 
Path 42: MET Setup Check with Pin core/picorv32_core_genblk1.pcpi_mul_rs1_
reg[21]/CK 
Endpoint:   core/picorv32_core_genblk1.pcpi_mul_rs1_reg[21]/E (^) checked with  
leading edge of 'clk'
Beginpoint: core/picorv32_core_pcpi_valid_reg/Q               (^) triggered by  
leading edge of 'clk'
Path Groups: {reg2reg}
Analysis View: analysis1
Other End Arrival Time          0.000
- Setup                         0.028
+ Phase Shift                   4.000
- Uncertainty                   0.020
= Required Time                 3.952
- Arrival Time                  2.840
= Slack Time                    1.112
     Clock Rise Edge                 0.000
     + Clock Network Latency (Prop)  0.000
     = Beginpoint Arrival Time       0.000
     +------------------------------------------------------------------------------------------------------------+ 
     |                      Instance                      |     Arc     |    Cell    | Delay | Arrival | Required | 
     |                                                    |             |            |       |  Time   |   Time   | 
     |----------------------------------------------------+-------------+------------+-------+---------+----------| 
     | core/picorv32_core_pcpi_valid_reg                  | CK ^        |            |       |   0.000 |    1.112 | 
     | core/picorv32_core_pcpi_valid_reg                  | CK ^ -> Q ^ | DFFQX4     | 0.713 |   0.713 |    1.825 | 
     | core/picorv32_core_g88445__5526                    | AN ^ -> Y ^ | NOR4BX1    | 1.414 |   2.127 |    3.240 | 
     | core/FE_OFC279_picorv32_core_n_114150              | A ^ -> Y ^  | BUFX2      | 0.104 |   2.231 |    3.343 | 
     | core/picorv32_core_g88393__6131                    | D ^ -> Y v  | NAND4BX1   | 0.085 |   2.316 |    3.428 | 
     | core/FE_OFC898_picorv32_core_n_114025              | A v -> Y ^  | INVX1      | 0.071 |   2.387 |    3.499 | 
     | core/FE_OFC899_picorv32_core_n_114025              | A ^ -> Y v  | INVX1      | 0.075 |   2.462 |    3.574 | 
     | core/picorv32_core_g88383__8428                    | B v -> Y ^  | NOR2X1     | 0.068 |   2.530 |    3.642 | 
     | core/picorv32_core_g88373__1666                    | C ^ -> Y v  | NAND4X8    | 0.089 |   2.619 |    3.732 | 
     | core/FE_OFC668_picorv32_core_n_74743               | A v -> Y ^  | CLKINVX6   | 0.029 |   2.648 |    3.761 | 
     | core/FE_OFC669_picorv32_core_n_74743               | A ^ -> Y v  | CLKINVX12  | 0.018 |   2.667 |    3.779 | 
     | core/FE_OCPC814_FE_OFN430_picorv32_core_n_109700   | A v -> Y ^  | CLKINVX20  | 0.029 |   2.696 |    3.808 | 
     | core/FE_OCPC815_FE_OFN430_picorv32_core_n_109700   | A ^ -> Y v  | CLKINVX12  | 0.027 |   2.723 |    3.835 | 
     | core/FE_OFC863_FE_OCPN201761_FE_OFN430_picorv32_co | A v -> Y ^  | CLKINVX20  | 0.031 |   2.754 |    3.866 | 
     | re_n_109700                                        |             |            |       |         |          | 
     | core/FE_RC_1434_0                                  | B ^ -> Y ^  | CLKAND2X12 | 0.056 |   2.809 |    3.922 | 
     | core/FE_OFC649_picorv32_core_n_197565_dup          | A ^ -> Y v  | CLKINVX6   | 0.015 |   2.824 |    3.937 | 
     | core/FE_OFC834_FE_RN_16                            | A v -> Y ^  | CLKINVX8   | 0.014 |   2.838 |    3.951 | 
     | core/picorv32_core_genblk1.pcpi_mul_rs1_reg[21]    | E ^         | EDFFX4     | 0.001 |   2.840 |    3.952 | 
     +------------------------------------------------------------------------------------------------------------+ 
Path 43: MET Setup Check with Pin core/picorv32_core_genblk1.pcpi_mul_rs1_
reg[20]/CK 
Endpoint:   core/picorv32_core_genblk1.pcpi_mul_rs1_reg[20]/E (^) checked with  
leading edge of 'clk'
Beginpoint: core/picorv32_core_pcpi_valid_reg/Q               (^) triggered by  
leading edge of 'clk'
Path Groups: {reg2reg}
Analysis View: analysis1
Other End Arrival Time          0.000
- Setup                         0.028
+ Phase Shift                   4.000
- Uncertainty                   0.020
= Required Time                 3.952
- Arrival Time                  2.840
= Slack Time                    1.112
     Clock Rise Edge                 0.000
     + Clock Network Latency (Prop)  0.000
     = Beginpoint Arrival Time       0.000
     +------------------------------------------------------------------------------------------------------------+ 
     |                      Instance                      |     Arc     |    Cell    | Delay | Arrival | Required | 
     |                                                    |             |            |       |  Time   |   Time   | 
     |----------------------------------------------------+-------------+------------+-------+---------+----------| 
     | core/picorv32_core_pcpi_valid_reg                  | CK ^        |            |       |   0.000 |    1.112 | 
     | core/picorv32_core_pcpi_valid_reg                  | CK ^ -> Q ^ | DFFQX4     | 0.713 |   0.713 |    1.825 | 
     | core/picorv32_core_g88445__5526                    | AN ^ -> Y ^ | NOR4BX1    | 1.414 |   2.127 |    3.240 | 
     | core/FE_OFC279_picorv32_core_n_114150              | A ^ -> Y ^  | BUFX2      | 0.104 |   2.231 |    3.343 | 
     | core/picorv32_core_g88393__6131                    | D ^ -> Y v  | NAND4BX1   | 0.085 |   2.316 |    3.428 | 
     | core/FE_OFC898_picorv32_core_n_114025              | A v -> Y ^  | INVX1      | 0.071 |   2.387 |    3.499 | 
     | core/FE_OFC899_picorv32_core_n_114025              | A ^ -> Y v  | INVX1      | 0.075 |   2.462 |    3.574 | 
     | core/picorv32_core_g88383__8428                    | B v -> Y ^  | NOR2X1     | 0.068 |   2.530 |    3.642 | 
     | core/picorv32_core_g88373__1666                    | C ^ -> Y v  | NAND4X8    | 0.089 |   2.619 |    3.732 | 
     | core/FE_OFC668_picorv32_core_n_74743               | A v -> Y ^  | CLKINVX6   | 0.029 |   2.648 |    3.761 | 
     | core/FE_OFC669_picorv32_core_n_74743               | A ^ -> Y v  | CLKINVX12  | 0.018 |   2.667 |    3.779 | 
     | core/FE_OCPC814_FE_OFN430_picorv32_core_n_109700   | A v -> Y ^  | CLKINVX20  | 0.029 |   2.696 |    3.808 | 
     | core/FE_OCPC815_FE_OFN430_picorv32_core_n_109700   | A ^ -> Y v  | CLKINVX12  | 0.027 |   2.723 |    3.835 | 
     | core/FE_OFC863_FE_OCPN201761_FE_OFN430_picorv32_co | A v -> Y ^  | CLKINVX20  | 0.031 |   2.754 |    3.866 | 
     | re_n_109700                                        |             |            |       |         |          | 
     | core/FE_RC_1434_0                                  | B ^ -> Y ^  | CLKAND2X12 | 0.056 |   2.809 |    3.922 | 
     | core/FE_OFC649_picorv32_core_n_197565_dup          | A ^ -> Y v  | CLKINVX6   | 0.015 |   2.824 |    3.937 | 
     | core/FE_OFC834_FE_RN_16                            | A v -> Y ^  | CLKINVX8   | 0.014 |   2.838 |    3.951 | 
     | core/picorv32_core_genblk1.pcpi_mul_rs1_reg[20]    | E ^         | EDFFX4     | 0.001 |   2.840 |    3.952 | 
     +------------------------------------------------------------------------------------------------------------+ 
Path 44: MET Setup Check with Pin core/picorv32_core_genblk1.pcpi_mul_rs1_
reg[28]/CK 
Endpoint:   core/picorv32_core_genblk1.pcpi_mul_rs1_reg[28]/E (^) checked with  
leading edge of 'clk'
Beginpoint: core/picorv32_core_pcpi_valid_reg/Q               (^) triggered by  
leading edge of 'clk'
Path Groups: {reg2reg}
Analysis View: analysis1
Other End Arrival Time          0.000
- Setup                         0.027
+ Phase Shift                   4.000
- Uncertainty                   0.020
= Required Time                 3.953
- Arrival Time                  2.836
= Slack Time                    1.117
     Clock Rise Edge                 0.000
     + Clock Network Latency (Prop)  0.000
     = Beginpoint Arrival Time       0.000
     +------------------------------------------------------------------------------------------------------------+ 
     |                      Instance                      |     Arc     |    Cell    | Delay | Arrival | Required | 
     |                                                    |             |            |       |  Time   |   Time   | 
     |----------------------------------------------------+-------------+------------+-------+---------+----------| 
     | core/picorv32_core_pcpi_valid_reg                  | CK ^        |            |       |   0.000 |    1.117 | 
     | core/picorv32_core_pcpi_valid_reg                  | CK ^ -> Q ^ | DFFQX4     | 0.713 |   0.713 |    1.830 | 
     | core/picorv32_core_g88445__5526                    | AN ^ -> Y ^ | NOR4BX1    | 1.414 |   2.127 |    3.244 | 
     | core/FE_OFC279_picorv32_core_n_114150              | A ^ -> Y ^  | BUFX2      | 0.104 |   2.231 |    3.348 | 
     | core/picorv32_core_g88393__6131                    | D ^ -> Y v  | NAND4BX1   | 0.085 |   2.316 |    3.433 | 
     | core/FE_OFC898_picorv32_core_n_114025              | A v -> Y ^  | INVX1      | 0.071 |   2.387 |    3.504 | 
     | core/FE_OFC899_picorv32_core_n_114025              | A ^ -> Y v  | INVX1      | 0.075 |   2.462 |    3.579 | 
     | core/picorv32_core_g88383__8428                    | B v -> Y ^  | NOR2X1     | 0.068 |   2.530 |    3.647 | 
     | core/picorv32_core_g88373__1666                    | C ^ -> Y v  | NAND4X8    | 0.089 |   2.619 |    3.736 | 
     | core/FE_OFC668_picorv32_core_n_74743               | A v -> Y ^  | CLKINVX6   | 0.029 |   2.648 |    3.766 | 
     | core/FE_OFC669_picorv32_core_n_74743               | A ^ -> Y v  | CLKINVX12  | 0.018 |   2.667 |    3.784 | 
     | core/FE_OCPC814_FE_OFN430_picorv32_core_n_109700   | A v -> Y ^  | CLKINVX20  | 0.029 |   2.696 |    3.813 | 
     | core/FE_OCPC815_FE_OFN430_picorv32_core_n_109700   | A ^ -> Y v  | CLKINVX12  | 0.027 |   2.723 |    3.840 | 
     | core/FE_OFC863_FE_OCPN201761_FE_OFN430_picorv32_co | A v -> Y ^  | CLKINVX20  | 0.031 |   2.754 |    3.871 | 
     | re_n_109700                                        |             |            |       |         |          | 
     | core/FE_RC_1434_0                                  | B ^ -> Y ^  | CLKAND2X12 | 0.056 |   2.809 |    3.927 | 
     | core/FE_OFC649_picorv32_core_n_197565_dup          | A ^ -> Y v  | CLKINVX6   | 0.015 |   2.824 |    3.941 | 
     | core/FE_OFC835_FE_RN_16                            | A v -> Y ^  | CLKINVX6   | 0.011 |   2.835 |    3.953 | 
     | core/picorv32_core_genblk1.pcpi_mul_rs1_reg[28]    | E ^         | EDFFX4     | 0.000 |   2.836 |    3.953 | 
     +------------------------------------------------------------------------------------------------------------+ 
Path 45: MET Setup Check with Pin core/picorv32_core_genblk1.pcpi_mul_rs2_
reg[8]/CK 
Endpoint:   core/picorv32_core_genblk1.pcpi_mul_rs2_reg[8]/E (^) checked with  
leading edge of 'clk'
Beginpoint: core/picorv32_core_pcpi_valid_reg/Q              (^) triggered by  
leading edge of 'clk'
Path Groups: {reg2reg}
Analysis View: analysis1
Other End Arrival Time          0.000
- Setup                         0.027
+ Phase Shift                   4.000
- Uncertainty                   0.020
= Required Time                 3.953
- Arrival Time                  2.836
= Slack Time                    1.117
     Clock Rise Edge                 0.000
     + Clock Network Latency (Prop)  0.000
     = Beginpoint Arrival Time       0.000
     +------------------------------------------------------------------------------------------------------------+ 
     |                      Instance                      |     Arc     |    Cell    | Delay | Arrival | Required | 
     |                                                    |             |            |       |  Time   |   Time   | 
     |----------------------------------------------------+-------------+------------+-------+---------+----------| 
     | core/picorv32_core_pcpi_valid_reg                  | CK ^        |            |       |   0.000 |    1.117 | 
     | core/picorv32_core_pcpi_valid_reg                  | CK ^ -> Q ^ | DFFQX4     | 0.713 |   0.713 |    1.830 | 
     | core/picorv32_core_g88445__5526                    | AN ^ -> Y ^ | NOR4BX1    | 1.414 |   2.127 |    3.244 | 
     | core/FE_OFC279_picorv32_core_n_114150              | A ^ -> Y ^  | BUFX2      | 0.104 |   2.231 |    3.348 | 
     | core/picorv32_core_g88393__6131                    | D ^ -> Y v  | NAND4BX1   | 0.085 |   2.316 |    3.433 | 
     | core/FE_OFC898_picorv32_core_n_114025              | A v -> Y ^  | INVX1      | 0.071 |   2.387 |    3.504 | 
     | core/FE_OFC899_picorv32_core_n_114025              | A ^ -> Y v  | INVX1      | 0.075 |   2.462 |    3.579 | 
     | core/picorv32_core_g88383__8428                    | B v -> Y ^  | NOR2X1     | 0.068 |   2.530 |    3.647 | 
     | core/picorv32_core_g88373__1666                    | C ^ -> Y v  | NAND4X8    | 0.089 |   2.619 |    3.736 | 
     | core/FE_OFC668_picorv32_core_n_74743               | A v -> Y ^  | CLKINVX6   | 0.029 |   2.648 |    3.766 | 
     | core/FE_OFC669_picorv32_core_n_74743               | A ^ -> Y v  | CLKINVX12  | 0.018 |   2.667 |    3.784 | 
     | core/FE_OCPC814_FE_OFN430_picorv32_core_n_109700   | A v -> Y ^  | CLKINVX20  | 0.029 |   2.696 |    3.813 | 
     | core/FE_OCPC815_FE_OFN430_picorv32_core_n_109700   | A ^ -> Y v  | CLKINVX12  | 0.027 |   2.723 |    3.840 | 
     | core/FE_OFC863_FE_OCPN201761_FE_OFN430_picorv32_co | A v -> Y ^  | CLKINVX20  | 0.031 |   2.754 |    3.871 | 
     | re_n_109700                                        |             |            |       |         |          | 
     | core/FE_RC_1434_0                                  | B ^ -> Y ^  | CLKAND2X12 | 0.056 |   2.809 |    3.927 | 
     | core/FE_OFC649_picorv32_core_n_197565_dup          | A ^ -> Y v  | CLKINVX6   | 0.015 |   2.824 |    3.941 | 
     | core/FE_OFC835_FE_RN_16                            | A v -> Y ^  | CLKINVX6   | 0.011 |   2.835 |    3.953 | 
     | core/picorv32_core_genblk1.pcpi_mul_rs2_reg[8]     | E ^         | EDFFX4     | 0.000 |   2.836 |    3.953 | 
     +------------------------------------------------------------------------------------------------------------+ 
Path 46: MET Setup Check with Pin core/picorv32_core_genblk1.pcpi_mul_rs2_
reg[2]/CK 
Endpoint:   core/picorv32_core_genblk1.pcpi_mul_rs2_reg[2]/E (^) checked with  
leading edge of 'clk'
Beginpoint: core/picorv32_core_pcpi_valid_reg/Q              (^) triggered by  
leading edge of 'clk'
Path Groups: {reg2reg}
Analysis View: analysis1
Other End Arrival Time          0.000
- Setup                         0.027
+ Phase Shift                   4.000
- Uncertainty                   0.020
= Required Time                 3.953
- Arrival Time                  2.836
= Slack Time                    1.117
     Clock Rise Edge                 0.000
     + Clock Network Latency (Prop)  0.000
     = Beginpoint Arrival Time       0.000
     +------------------------------------------------------------------------------------------------------------+ 
     |                      Instance                      |     Arc     |    Cell    | Delay | Arrival | Required | 
     |                                                    |             |            |       |  Time   |   Time   | 
     |----------------------------------------------------+-------------+------------+-------+---------+----------| 
     | core/picorv32_core_pcpi_valid_reg                  | CK ^        |            |       |   0.000 |    1.117 | 
     | core/picorv32_core_pcpi_valid_reg                  | CK ^ -> Q ^ | DFFQX4     | 0.713 |   0.713 |    1.830 | 
     | core/picorv32_core_g88445__5526                    | AN ^ -> Y ^ | NOR4BX1    | 1.414 |   2.127 |    3.244 | 
     | core/FE_OFC279_picorv32_core_n_114150              | A ^ -> Y ^  | BUFX2      | 0.104 |   2.231 |    3.348 | 
     | core/picorv32_core_g88393__6131                    | D ^ -> Y v  | NAND4BX1   | 0.085 |   2.316 |    3.433 | 
     | core/FE_OFC898_picorv32_core_n_114025              | A v -> Y ^  | INVX1      | 0.071 |   2.387 |    3.504 | 
     | core/FE_OFC899_picorv32_core_n_114025              | A ^ -> Y v  | INVX1      | 0.075 |   2.462 |    3.579 | 
     | core/picorv32_core_g88383__8428                    | B v -> Y ^  | NOR2X1     | 0.068 |   2.530 |    3.647 | 
     | core/picorv32_core_g88373__1666                    | C ^ -> Y v  | NAND4X8    | 0.089 |   2.619 |    3.736 | 
     | core/FE_OFC668_picorv32_core_n_74743               | A v -> Y ^  | CLKINVX6   | 0.029 |   2.648 |    3.766 | 
     | core/FE_OFC669_picorv32_core_n_74743               | A ^ -> Y v  | CLKINVX12  | 0.018 |   2.667 |    3.784 | 
     | core/FE_OCPC814_FE_OFN430_picorv32_core_n_109700   | A v -> Y ^  | CLKINVX20  | 0.029 |   2.696 |    3.813 | 
     | core/FE_OCPC815_FE_OFN430_picorv32_core_n_109700   | A ^ -> Y v  | CLKINVX12  | 0.027 |   2.723 |    3.840 | 
     | core/FE_OFC863_FE_OCPN201761_FE_OFN430_picorv32_co | A v -> Y ^  | CLKINVX20  | 0.031 |   2.754 |    3.871 | 
     | re_n_109700                                        |             |            |       |         |          | 
     | core/FE_RC_1434_0                                  | B ^ -> Y ^  | CLKAND2X12 | 0.056 |   2.809 |    3.927 | 
     | core/FE_OFC649_picorv32_core_n_197565_dup          | A ^ -> Y v  | CLKINVX6   | 0.015 |   2.824 |    3.941 | 
     | core/FE_OFC835_FE_RN_16                            | A v -> Y ^  | CLKINVX6   | 0.011 |   2.835 |    3.953 | 
     | core/picorv32_core_genblk1.pcpi_mul_rs2_reg[2]     | E ^         | EDFFX4     | 0.000 |   2.836 |    3.953 | 
     +------------------------------------------------------------------------------------------------------------+ 
Path 47: MET Setup Check with Pin core/picorv32_core_genblk1.pcpi_mul_rs1_
reg[26]/CK 
Endpoint:   core/picorv32_core_genblk1.pcpi_mul_rs1_reg[26]/E (^) checked with  
leading edge of 'clk'
Beginpoint: core/picorv32_core_pcpi_valid_reg/Q               (^) triggered by  
leading edge of 'clk'
Path Groups: {reg2reg}
Analysis View: analysis1
Other End Arrival Time          0.000
- Setup                         0.027
+ Phase Shift                   4.000
- Uncertainty                   0.020
= Required Time                 3.953
- Arrival Time                  2.836
= Slack Time                    1.117
     Clock Rise Edge                 0.000
     + Clock Network Latency (Prop)  0.000
     = Beginpoint Arrival Time       0.000
     +------------------------------------------------------------------------------------------------------------+ 
     |                      Instance                      |     Arc     |    Cell    | Delay | Arrival | Required | 
     |                                                    |             |            |       |  Time   |   Time   | 
     |----------------------------------------------------+-------------+------------+-------+---------+----------| 
     | core/picorv32_core_pcpi_valid_reg                  | CK ^        |            |       |   0.000 |    1.117 | 
     | core/picorv32_core_pcpi_valid_reg                  | CK ^ -> Q ^ | DFFQX4     | 0.713 |   0.713 |    1.830 | 
     | core/picorv32_core_g88445__5526                    | AN ^ -> Y ^ | NOR4BX1    | 1.414 |   2.127 |    3.245 | 
     | core/FE_OFC279_picorv32_core_n_114150              | A ^ -> Y ^  | BUFX2      | 0.104 |   2.231 |    3.348 | 
     | core/picorv32_core_g88393__6131                    | D ^ -> Y v  | NAND4BX1   | 0.085 |   2.316 |    3.433 | 
     | core/FE_OFC898_picorv32_core_n_114025              | A v -> Y ^  | INVX1      | 0.071 |   2.387 |    3.504 | 
     | core/FE_OFC899_picorv32_core_n_114025              | A ^ -> Y v  | INVX1      | 0.075 |   2.462 |    3.579 | 
     | core/picorv32_core_g88383__8428                    | B v -> Y ^  | NOR2X1     | 0.068 |   2.530 |    3.647 | 
     | core/picorv32_core_g88373__1666                    | C ^ -> Y v  | NAND4X8    | 0.089 |   2.619 |    3.737 | 
     | core/FE_OFC668_picorv32_core_n_74743               | A v -> Y ^  | CLKINVX6   | 0.029 |   2.648 |    3.766 | 
     | core/FE_OFC669_picorv32_core_n_74743               | A ^ -> Y v  | CLKINVX12  | 0.018 |   2.667 |    3.784 | 
     | core/FE_OCPC814_FE_OFN430_picorv32_core_n_109700   | A v -> Y ^  | CLKINVX20  | 0.029 |   2.696 |    3.813 | 
     | core/FE_OCPC815_FE_OFN430_picorv32_core_n_109700   | A ^ -> Y v  | CLKINVX12  | 0.027 |   2.723 |    3.840 | 
     | core/FE_OFC863_FE_OCPN201761_FE_OFN430_picorv32_co | A v -> Y ^  | CLKINVX20  | 0.031 |   2.754 |    3.871 | 
     | re_n_109700                                        |             |            |       |         |          | 
     | core/FE_RC_1434_0                                  | B ^ -> Y ^  | CLKAND2X12 | 0.056 |   2.809 |    3.927 | 
     | core/FE_OFC648_picorv32_core_n_197565              | A ^ -> Y ^  | BUFX12     | 0.026 |   2.835 |    3.953 | 
     | core/picorv32_core_genblk1.pcpi_mul_rs1_reg[26]    | E ^         | EDFFX4     | 0.001 |   2.836 |    3.953 | 
     +------------------------------------------------------------------------------------------------------------+ 
Path 48: MET Setup Check with Pin core/picorv32_core_genblk1.pcpi_mul_rs1_
reg[27]/CK 
Endpoint:   core/picorv32_core_genblk1.pcpi_mul_rs1_reg[27]/E (^) checked with  
leading edge of 'clk'
Beginpoint: core/picorv32_core_pcpi_valid_reg/Q               (^) triggered by  
leading edge of 'clk'
Path Groups: {reg2reg}
Analysis View: analysis1
Other End Arrival Time          0.000
- Setup                         0.027
+ Phase Shift                   4.000
- Uncertainty                   0.020
= Required Time                 3.953
- Arrival Time                  2.836
= Slack Time                    1.117
     Clock Rise Edge                 0.000
     + Clock Network Latency (Prop)  0.000
     = Beginpoint Arrival Time       0.000
     +------------------------------------------------------------------------------------------------------------+ 
     |                      Instance                      |     Arc     |    Cell    | Delay | Arrival | Required | 
     |                                                    |             |            |       |  Time   |   Time   | 
     |----------------------------------------------------+-------------+------------+-------+---------+----------| 
     | core/picorv32_core_pcpi_valid_reg                  | CK ^        |            |       |   0.000 |    1.117 | 
     | core/picorv32_core_pcpi_valid_reg                  | CK ^ -> Q ^ | DFFQX4     | 0.713 |   0.713 |    1.830 | 
     | core/picorv32_core_g88445__5526                    | AN ^ -> Y ^ | NOR4BX1    | 1.414 |   2.127 |    3.245 | 
     | core/FE_OFC279_picorv32_core_n_114150              | A ^ -> Y ^  | BUFX2      | 0.104 |   2.231 |    3.348 | 
     | core/picorv32_core_g88393__6131                    | D ^ -> Y v  | NAND4BX1   | 0.085 |   2.316 |    3.433 | 
     | core/FE_OFC898_picorv32_core_n_114025              | A v -> Y ^  | INVX1      | 0.071 |   2.387 |    3.504 | 
     | core/FE_OFC899_picorv32_core_n_114025              | A ^ -> Y v  | INVX1      | 0.075 |   2.462 |    3.579 | 
     | core/picorv32_core_g88383__8428                    | B v -> Y ^  | NOR2X1     | 0.068 |   2.530 |    3.647 | 
     | core/picorv32_core_g88373__1666                    | C ^ -> Y v  | NAND4X8    | 0.089 |   2.619 |    3.737 | 
     | core/FE_OFC668_picorv32_core_n_74743               | A v -> Y ^  | CLKINVX6   | 0.029 |   2.648 |    3.766 | 
     | core/FE_OFC669_picorv32_core_n_74743               | A ^ -> Y v  | CLKINVX12  | 0.018 |   2.667 |    3.784 | 
     | core/FE_OCPC814_FE_OFN430_picorv32_core_n_109700   | A v -> Y ^  | CLKINVX20  | 0.029 |   2.696 |    3.813 | 
     | core/FE_OCPC815_FE_OFN430_picorv32_core_n_109700   | A ^ -> Y v  | CLKINVX12  | 0.027 |   2.723 |    3.840 | 
     | core/FE_OFC863_FE_OCPN201761_FE_OFN430_picorv32_co | A v -> Y ^  | CLKINVX20  | 0.031 |   2.754 |    3.871 | 
     | re_n_109700                                        |             |            |       |         |          | 
     | core/FE_RC_1434_0                                  | B ^ -> Y ^  | CLKAND2X12 | 0.056 |   2.809 |    3.927 | 
     | core/FE_OFC648_picorv32_core_n_197565              | A ^ -> Y ^  | BUFX12     | 0.026 |   2.835 |    3.953 | 
     | core/picorv32_core_genblk1.pcpi_mul_rs1_reg[27]    | E ^         | EDFFX4     | 0.001 |   2.836 |    3.953 | 
     +------------------------------------------------------------------------------------------------------------+ 
Path 49: MET Setup Check with Pin core/picorv32_core_genblk1.pcpi_mul_rs1_
reg[25]/CK 
Endpoint:   core/picorv32_core_genblk1.pcpi_mul_rs1_reg[25]/E (^) checked with  
leading edge of 'clk'
Beginpoint: core/picorv32_core_pcpi_valid_reg/Q               (^) triggered by  
leading edge of 'clk'
Path Groups: {reg2reg}
Analysis View: analysis1
Other End Arrival Time          0.000
- Setup                         0.027
+ Phase Shift                   4.000
- Uncertainty                   0.020
= Required Time                 3.953
- Arrival Time                  2.836
= Slack Time                    1.117
     Clock Rise Edge                 0.000
     + Clock Network Latency (Prop)  0.000
     = Beginpoint Arrival Time       0.000
     +------------------------------------------------------------------------------------------------------------+ 
     |                      Instance                      |     Arc     |    Cell    | Delay | Arrival | Required | 
     |                                                    |             |            |       |  Time   |   Time   | 
     |----------------------------------------------------+-------------+------------+-------+---------+----------| 
     | core/picorv32_core_pcpi_valid_reg                  | CK ^        |            |       |   0.000 |    1.117 | 
     | core/picorv32_core_pcpi_valid_reg                  | CK ^ -> Q ^ | DFFQX4     | 0.713 |   0.713 |    1.830 | 
     | core/picorv32_core_g88445__5526                    | AN ^ -> Y ^ | NOR4BX1    | 1.414 |   2.127 |    3.245 | 
     | core/FE_OFC279_picorv32_core_n_114150              | A ^ -> Y ^  | BUFX2      | 0.104 |   2.231 |    3.348 | 
     | core/picorv32_core_g88393__6131                    | D ^ -> Y v  | NAND4BX1   | 0.085 |   2.316 |    3.433 | 
     | core/FE_OFC898_picorv32_core_n_114025              | A v -> Y ^  | INVX1      | 0.071 |   2.387 |    3.504 | 
     | core/FE_OFC899_picorv32_core_n_114025              | A ^ -> Y v  | INVX1      | 0.075 |   2.462 |    3.579 | 
     | core/picorv32_core_g88383__8428                    | B v -> Y ^  | NOR2X1     | 0.068 |   2.530 |    3.647 | 
     | core/picorv32_core_g88373__1666                    | C ^ -> Y v  | NAND4X8    | 0.089 |   2.619 |    3.737 | 
     | core/FE_OFC668_picorv32_core_n_74743               | A v -> Y ^  | CLKINVX6   | 0.029 |   2.648 |    3.766 | 
     | core/FE_OFC669_picorv32_core_n_74743               | A ^ -> Y v  | CLKINVX12  | 0.018 |   2.667 |    3.784 | 
     | core/FE_OCPC814_FE_OFN430_picorv32_core_n_109700   | A v -> Y ^  | CLKINVX20  | 0.029 |   2.696 |    3.813 | 
     | core/FE_OCPC815_FE_OFN430_picorv32_core_n_109700   | A ^ -> Y v  | CLKINVX12  | 0.027 |   2.723 |    3.840 | 
     | core/FE_OFC863_FE_OCPN201761_FE_OFN430_picorv32_co | A v -> Y ^  | CLKINVX20  | 0.031 |   2.754 |    3.871 | 
     | re_n_109700                                        |             |            |       |         |          | 
     | core/FE_RC_1434_0                                  | B ^ -> Y ^  | CLKAND2X12 | 0.056 |   2.809 |    3.927 | 
     | core/FE_OFC648_picorv32_core_n_197565              | A ^ -> Y ^  | BUFX12     | 0.026 |   2.835 |    3.953 | 
     | core/picorv32_core_genblk1.pcpi_mul_rs1_reg[25]    | E ^         | EDFFX4     | 0.001 |   2.836 |    3.953 | 
     +------------------------------------------------------------------------------------------------------------+ 
Path 50: MET Setup Check with Pin core/picorv32_core_genblk1.pcpi_mul_rs1_
reg[31]/CK 
Endpoint:   core/picorv32_core_genblk1.pcpi_mul_rs1_reg[31]/E (^) checked with  
leading edge of 'clk'
Beginpoint: core/picorv32_core_pcpi_valid_reg/Q               (^) triggered by  
leading edge of 'clk'
Path Groups: {reg2reg}
Analysis View: analysis1
Other End Arrival Time          0.000
- Setup                         0.027
+ Phase Shift                   4.000
- Uncertainty                   0.020
= Required Time                 3.953
- Arrival Time                  2.836
= Slack Time                    1.117
     Clock Rise Edge                 0.000
     + Clock Network Latency (Prop)  0.000
     = Beginpoint Arrival Time       0.000
     +------------------------------------------------------------------------------------------------------------+ 
     |                      Instance                      |     Arc     |    Cell    | Delay | Arrival | Required | 
     |                                                    |             |            |       |  Time   |   Time   | 
     |----------------------------------------------------+-------------+------------+-------+---------+----------| 
     | core/picorv32_core_pcpi_valid_reg                  | CK ^        |            |       |   0.000 |    1.117 | 
     | core/picorv32_core_pcpi_valid_reg                  | CK ^ -> Q ^ | DFFQX4     | 0.713 |   0.713 |    1.830 | 
     | core/picorv32_core_g88445__5526                    | AN ^ -> Y ^ | NOR4BX1    | 1.414 |   2.127 |    3.245 | 
     | core/FE_OFC279_picorv32_core_n_114150              | A ^ -> Y ^  | BUFX2      | 0.104 |   2.231 |    3.348 | 
     | core/picorv32_core_g88393__6131                    | D ^ -> Y v  | NAND4BX1   | 0.085 |   2.316 |    3.433 | 
     | core/FE_OFC898_picorv32_core_n_114025              | A v -> Y ^  | INVX1      | 0.071 |   2.387 |    3.504 | 
     | core/FE_OFC899_picorv32_core_n_114025              | A ^ -> Y v  | INVX1      | 0.075 |   2.462 |    3.579 | 
     | core/picorv32_core_g88383__8428                    | B v -> Y ^  | NOR2X1     | 0.068 |   2.530 |    3.647 | 
     | core/picorv32_core_g88373__1666                    | C ^ -> Y v  | NAND4X8    | 0.089 |   2.619 |    3.737 | 
     | core/FE_OFC668_picorv32_core_n_74743               | A v -> Y ^  | CLKINVX6   | 0.029 |   2.648 |    3.766 | 
     | core/FE_OFC669_picorv32_core_n_74743               | A ^ -> Y v  | CLKINVX12  | 0.018 |   2.667 |    3.784 | 
     | core/FE_OCPC814_FE_OFN430_picorv32_core_n_109700   | A v -> Y ^  | CLKINVX20  | 0.029 |   2.696 |    3.813 | 
     | core/FE_OCPC815_FE_OFN430_picorv32_core_n_109700   | A ^ -> Y v  | CLKINVX12  | 0.027 |   2.723 |    3.840 | 
     | core/FE_OFC863_FE_OCPN201761_FE_OFN430_picorv32_co | A v -> Y ^  | CLKINVX20  | 0.031 |   2.754 |    3.871 | 
     | re_n_109700                                        |             |            |       |         |          | 
     | core/FE_RC_1434_0                                  | B ^ -> Y ^  | CLKAND2X12 | 0.056 |   2.809 |    3.927 | 
     | core/FE_OFC649_picorv32_core_n_197565_dup          | A ^ -> Y v  | CLKINVX6   | 0.015 |   2.824 |    3.942 | 
     | core/FE_OFC835_FE_RN_16                            | A v -> Y ^  | CLKINVX6   | 0.011 |   2.835 |    3.953 | 
     | core/picorv32_core_genblk1.pcpi_mul_rs1_reg[31]    | E ^         | EDFFX4     | 0.000 |   2.836 |    3.953 | 
     +------------------------------------------------------------------------------------------------------------+ 

