###############################################################
#  Generated by:      Cadence Innovus 21.35-s114_1
#  OS:                Linux x86_64(Host ID cn89.it.auth.gr)
#  Generated on:      Thu Nov 27 16:26:47 2025
#  Design:            picorv32_wb
#  Command:           report_timing -path_group reg2reg -check_type setup -max_paths 50 > reports/postCTS/setup_reg2reg.rpt
###############################################################
Path 1: MET Setup Check with Pin picorv32_core_genblk1.pcpi_mul_rd_reg[63]/CK 
Endpoint:   picorv32_core_genblk1.pcpi_mul_rd_reg[63]/D (^) checked with  
leading edge of 'clk'
Beginpoint: picorv32_core_genblk1.pcpi_mul_rs2_reg[5]/Q (^) triggered by  
leading edge of 'clk'
Path Groups: {reg2reg}
Analysis View: analysis1
Other End Arrival Time          0.003
- Setup                         0.013
+ Phase Shift                   4.000
- Uncertainty                   0.020
= Required Time                 3.970
- Arrival Time                  2.558
= Slack Time                    1.413
     Clock Rise Edge                 0.000
     + Clock Network Latency (Prop)  0.002
     = Beginpoint Arrival Time       0.002
     +-----------------------------------------------------------------------------------------------------------+ 
     |                      Instance                      |     Arc      |   Cell   | Delay | Arrival | Required | 
     |                                                    |              |          |       |  Time   |   Time   | 
     |----------------------------------------------------+--------------+----------+-------+---------+----------| 
     | picorv32_core_genblk1.pcpi_mul_rs2_reg[5]          | CK ^         |          |       |   0.002 |    1.415 | 
     | picorv32_core_genblk1.pcpi_mul_rs2_reg[5]          | CK ^ -> Q ^  | MDFFHQX1 | 0.132 |   0.134 |    1.547 | 
     | picorv32_core_genblk1.pcpi_mul_mul_2371_47_g14046  | A ^ -> Y v   | INVX1    | 0.055 |   0.190 |    1.602 | 
     | picorv32_core_genblk1.pcpi_mul_mul_2371_47_g13987  | B v -> Y ^   | XNOR2X1  | 0.031 |   0.221 |    1.633 | 
     | picorv32_core_genblk1.pcpi_mul_mul_2371_47_g13897  | A ^ -> Y ^   | OR2X1    | 0.082 |   0.303 |    1.716 | 
     | picorv32_core_genblk1.pcpi_mul_mul_2371_47_g13890  | A ^ -> Y v   | INVX1    | 0.053 |   0.356 |    1.768 | 
     | picorv32_core_genblk1.pcpi_mul_mul_2371_47_g13740  | A1 v -> Y ^  | OAI21X1  | 0.029 |   0.384 |    1.797 | 
     | picorv32_core_genblk1.pcpi_mul_mul_2371_47_g13494  | B ^ -> Y ^   | XNOR2X1  | 0.025 |   0.409 |    1.822 | 
     | picorv32_core_genblk1.pcpi_mul_mul_2371_47_g13440  | B ^ -> S v   | ADDHX1   | 0.031 |   0.440 |    1.853 | 
     | picorv32_core_genblk1.pcpi_mul_mul_2371_47_cdnfadd | A v -> CO v  | ADDFX1   | 0.036 |   0.476 |    1.889 | 
     | 3                                                  |              |          |       |         |          | 
     | picorv32_core_genblk1.pcpi_mul_mul_2371_47_cdnfadd | CI v -> CO v | ADDFX1   | 0.035 |   0.511 |    1.924 | 
     | 4                                                  |              |          |       |         |          | 
     | picorv32_core_genblk1.pcpi_mul_mul_2371_47_cdnfadd | CI v -> CO v | ADDFX1   | 0.035 |   0.546 |    1.958 | 
     | 5                                                  |              |          |       |         |          | 
     | picorv32_core_genblk1.pcpi_mul_mul_2371_47_cdnfadd | CI v -> CO v | ADDFX1   | 0.034 |   0.580 |    1.992 | 
     | 6                                                  |              |          |       |         |          | 
     | picorv32_core_genblk1.pcpi_mul_mul_2371_47_cdnfadd | CI v -> CO v | ADDFX1   | 0.034 |   0.614 |    2.026 | 
     | 7                                                  |              |          |       |         |          | 
     | picorv32_core_genblk1.pcpi_mul_mul_2371_47_cdnfadd | CI v -> CO v | ADDFX1   | 0.034 |   0.648 |    2.061 | 
     | 8                                                  |              |          |       |         |          | 
     | picorv32_core_genblk1.pcpi_mul_mul_2371_47_cdnfadd | CI v -> CO v | ADDFX1   | 0.034 |   0.682 |    2.095 | 
     | 9                                                  |              |          |       |         |          | 
     | picorv32_core_genblk1.pcpi_mul_mul_2371_47_cdnfadd | CI v -> CO v | ADDFX1   | 0.034 |   0.716 |    2.129 | 
     | 10                                                 |              |          |       |         |          | 
     | picorv32_core_genblk1.pcpi_mul_mul_2371_47_cdnfadd | CI v -> CO v | ADDFX1   | 0.034 |   0.750 |    2.162 | 
     | 11                                                 |              |          |       |         |          | 
     | picorv32_core_genblk1.pcpi_mul_mul_2371_47_cdnfadd | CI v -> CO v | ADDFX1   | 0.035 |   0.784 |    2.197 | 
     | 12                                                 |              |          |       |         |          | 
     | picorv32_core_genblk1.pcpi_mul_mul_2371_47_cdnfadd | CI v -> CO v | ADDFX1   | 0.034 |   0.818 |    2.231 | 
     | 13                                                 |              |          |       |         |          | 
     | picorv32_core_genblk1.pcpi_mul_mul_2371_47_cdnfadd | CI v -> CO v | ADDFX1   | 0.034 |   0.852 |    2.265 | 
     | 14                                                 |              |          |       |         |          | 
     | picorv32_core_genblk1.pcpi_mul_mul_2371_47_cdnfadd | CI v -> CO v | ADDFX1   | 0.033 |   0.886 |    2.298 | 
     | 15                                                 |              |          |       |         |          | 
     | picorv32_core_genblk1.pcpi_mul_mul_2371_47_cdnfadd | CI v -> CO v | ADDFX1   | 0.034 |   0.919 |    2.332 | 
     | 16                                                 |              |          |       |         |          | 
     | picorv32_core_genblk1.pcpi_mul_mul_2371_47_cdnfadd | CI v -> CO v | ADDFX1   | 0.034 |   0.953 |    2.366 | 
     | 17                                                 |              |          |       |         |          | 
     | picorv32_core_genblk1.pcpi_mul_mul_2371_47_cdnfadd | CI v -> CO v | ADDFX1   | 0.034 |   0.987 |    2.399 | 
     | 18                                                 |              |          |       |         |          | 
     | picorv32_core_genblk1.pcpi_mul_mul_2371_47_cdnfadd | CI v -> CO v | ADDFX1   | 0.034 |   1.021 |    2.434 | 
     | 19                                                 |              |          |       |         |          | 
     | picorv32_core_genblk1.pcpi_mul_mul_2371_47_cdnfadd | CI v -> CO v | ADDFX1   | 0.035 |   1.056 |    2.468 | 
     | 20                                                 |              |          |       |         |          | 
     | picorv32_core_genblk1.pcpi_mul_mul_2371_47_cdnfadd | CI v -> CO v | ADDFX1   | 0.034 |   1.090 |    2.503 | 
     | 21                                                 |              |          |       |         |          | 
     | picorv32_core_genblk1.pcpi_mul_mul_2371_47_cdnfadd | CI v -> CO v | ADDFX1   | 0.034 |   1.124 |    2.537 | 
     | 22                                                 |              |          |       |         |          | 
     | picorv32_core_genblk1.pcpi_mul_mul_2371_47_cdnfadd | CI v -> CO v | ADDFX1   | 0.034 |   1.158 |    2.571 | 
     | 23                                                 |              |          |       |         |          | 
     | picorv32_core_genblk1.pcpi_mul_mul_2371_47_cdnfadd | CI v -> CO v | ADDFX1   | 0.036 |   1.194 |    2.606 | 
     | 24                                                 |              |          |       |         |          | 
     | picorv32_core_genblk1.pcpi_mul_mul_2371_47_cdnfadd | CI v -> CO v | ADDFX1   | 0.035 |   1.229 |    2.641 | 
     | 25                                                 |              |          |       |         |          | 
     | picorv32_core_genblk1.pcpi_mul_mul_2371_47_cdnfadd | CI v -> CO v | ADDFX1   | 0.033 |   1.262 |    2.674 | 
     | 26                                                 |              |          |       |         |          | 
     | picorv32_core_genblk1.pcpi_mul_mul_2371_47_cdnfadd | CI v -> CO v | ADDFX1   | 0.034 |   1.296 |    2.709 | 
     | 27                                                 |              |          |       |         |          | 
     | picorv32_core_genblk1.pcpi_mul_mul_2371_47_cdnfadd | CI v -> CO v | ADDFX1   | 0.034 |   1.330 |    2.743 | 
     | 28                                                 |              |          |       |         |          | 
     | picorv32_core_genblk1.pcpi_mul_mul_2371_47_cdnfadd | CI v -> CO v | ADDFX1   | 0.035 |   1.365 |    2.777 | 
     | 29                                                 |              |          |       |         |          | 
     | picorv32_core_genblk1.pcpi_mul_mul_2371_47_cdnfadd | CI v -> CO v | ADDFX1   | 0.035 |   1.400 |    2.812 | 
     | 30                                                 |              |          |       |         |          | 
     | picorv32_core_genblk1.pcpi_mul_mul_2371_47_cdnfadd | CI v -> CO v | ADDFX1   | 0.039 |   1.439 |    2.852 | 
     | 31                                                 |              |          |       |         |          | 
     | picorv32_core_genblk1.pcpi_mul_mul_2371_47_cdnfadd | CI v -> CO v | ADDFX1   | 0.036 |   1.476 |    2.888 | 
     | 32                                                 |              |          |       |         |          | 
     | picorv32_core_genblk1.pcpi_mul_mul_2371_47_cdnfadd | CI v -> CO v | ADDFX1   | 0.035 |   1.510 |    2.923 | 
     | 33                                                 |              |          |       |         |          | 
     | picorv32_core_genblk1.pcpi_mul_mul_2371_47_cdnfadd | CI v -> CO v | ADDFX1   | 0.035 |   1.545 |    2.958 | 
     | 34                                                 |              |          |       |         |          | 
     | picorv32_core_genblk1.pcpi_mul_mul_2371_47_cdnfadd | CI v -> CO v | ADDFX1   | 0.034 |   1.580 |    2.992 | 
     | 35                                                 |              |          |       |         |          | 
     | picorv32_core_genblk1.pcpi_mul_mul_2371_47_cdnfadd | CI v -> CO v | ADDFX1   | 0.034 |   1.613 |    3.026 | 
     | 36                                                 |              |          |       |         |          | 
     | picorv32_core_genblk1.pcpi_mul_mul_2371_47_cdnfadd | CI v -> CO v | ADDFX1   | 0.034 |   1.647 |    3.059 | 
     | 37                                                 |              |          |       |         |          | 
     | picorv32_core_genblk1.pcpi_mul_mul_2371_47_cdnfadd | CI v -> CO v | ADDFX1   | 0.033 |   1.680 |    3.093 | 
     | 38                                                 |              |          |       |         |          | 
     | picorv32_core_genblk1.pcpi_mul_mul_2371_47_cdnfadd | CI v -> CO v | ADDFX1   | 0.034 |   1.714 |    3.126 | 
     | 39                                                 |              |          |       |         |          | 
     | picorv32_core_genblk1.pcpi_mul_mul_2371_47_cdnfadd | CI v -> CO v | ADDFX1   | 0.033 |   1.747 |    3.160 | 
     | 40                                                 |              |          |       |         |          | 
     | picorv32_core_genblk1.pcpi_mul_mul_2371_47_cdnfadd | CI v -> CO v | ADDFX1   | 0.034 |   1.781 |    3.193 | 
     | 41                                                 |              |          |       |         |          | 
     | picorv32_core_genblk1.pcpi_mul_mul_2371_47_cdnfadd | CI v -> CO v | ADDFX1   | 0.034 |   1.815 |    3.228 | 
     | 42                                                 |              |          |       |         |          | 
     | picorv32_core_genblk1.pcpi_mul_mul_2371_47_cdnfadd | CI v -> CO v | ADDFX1   | 0.035 |   1.850 |    3.263 | 
     | 43                                                 |              |          |       |         |          | 
     | picorv32_core_genblk1.pcpi_mul_mul_2371_47_cdnfadd | CI v -> CO v | ADDFX1   | 0.035 |   1.885 |    3.298 | 
     | 44                                                 |              |          |       |         |          | 
     | picorv32_core_genblk1.pcpi_mul_mul_2371_47_cdnfadd | CI v -> CO v | ADDFX1   | 0.035 |   1.920 |    3.332 | 
     | 45                                                 |              |          |       |         |          | 
     | picorv32_core_genblk1.pcpi_mul_mul_2371_47_cdnfadd | CI v -> CO v | ADDFX1   | 0.035 |   1.955 |    3.368 | 
     | 46                                                 |              |          |       |         |          | 
     | picorv32_core_genblk1.pcpi_mul_mul_2371_47_cdnfadd | CI v -> CO v | ADDFX1   | 0.034 |   1.989 |    3.401 | 
     | 47                                                 |              |          |       |         |          | 
     | picorv32_core_genblk1.pcpi_mul_mul_2371_47_cdnfadd | CI v -> CO v | ADDFX1   | 0.036 |   2.025 |    3.437 | 
     | 48                                                 |              |          |       |         |          | 
     | picorv32_core_genblk1.pcpi_mul_mul_2371_47_cdnfadd | CI v -> CO v | ADDFX1   | 0.035 |   2.060 |    3.472 | 
     | 49                                                 |              |          |       |         |          | 
     | picorv32_core_genblk1.pcpi_mul_mul_2371_47_cdnfadd | CI v -> CO v | ADDFX1   | 0.034 |   2.094 |    3.506 | 
     | 50                                                 |              |          |       |         |          | 
     | picorv32_core_genblk1.pcpi_mul_mul_2371_47_cdnfadd | CI v -> CO v | ADDFX1   | 0.035 |   2.129 |    3.541 | 
     | 51                                                 |              |          |       |         |          | 
     | picorv32_core_genblk1.pcpi_mul_mul_2371_47_cdnfadd | CI v -> CO v | ADDFX1   | 0.034 |   2.163 |    3.575 | 
     | 52                                                 |              |          |       |         |          | 
     | picorv32_core_genblk1.pcpi_mul_mul_2371_47_cdnfadd | CI v -> CO v | ADDFX1   | 0.035 |   2.198 |    3.610 | 
     | 53                                                 |              |          |       |         |          | 
     | picorv32_core_genblk1.pcpi_mul_mul_2371_47_cdnfadd | CI v -> CO v | ADDFX1   | 0.037 |   2.234 |    3.647 | 
     | 54                                                 |              |          |       |         |          | 
     | picorv32_core_genblk1.pcpi_mul_mul_2371_47_cdnfadd | CI v -> CO v | ADDFX1   | 0.034 |   2.268 |    3.681 | 
     | 55                                                 |              |          |       |         |          | 
     | picorv32_core_genblk1.pcpi_mul_mul_2371_47_cdnfadd | CI v -> CO v | ADDFX1   | 0.034 |   2.303 |    3.715 | 
     | 56                                                 |              |          |       |         |          | 
     | picorv32_core_genblk1.pcpi_mul_mul_2371_47_cdnfadd | CI v -> CO v | ADDFX1   | 0.034 |   2.337 |    3.749 | 
     | 57                                                 |              |          |       |         |          | 
     | picorv32_core_genblk1.pcpi_mul_mul_2371_47_cdnfadd | CI v -> CO v | ADDFX1   | 0.034 |   2.371 |    3.783 | 
     | 58                                                 |              |          |       |         |          | 
     | picorv32_core_genblk1.pcpi_mul_mul_2371_47_cdnfadd | CI v -> CO v | ADDFX1   | 0.034 |   2.405 |    3.817 | 
     | 59                                                 |              |          |       |         |          | 
     | picorv32_core_genblk1.pcpi_mul_mul_2371_47_cdnfadd | CI v -> CO v | ADDFX1   | 0.034 |   2.439 |    3.851 | 
     | 60                                                 |              |          |       |         |          | 
     | picorv32_core_genblk1.pcpi_mul_mul_2371_47_cdnfadd | CI v -> CO v | ADDFX1   | 0.034 |   2.473 |    3.886 | 
     | 61                                                 |              |          |       |         |          | 
     | picorv32_core_genblk1.pcpi_mul_mul_2371_47_cdnfadd | CI v -> CO v | ADDFX1   | 0.035 |   2.508 |    3.920 | 
     | 62                                                 |              |          |       |         |          | 
     | picorv32_core_genblk1.pcpi_mul_mul_2371_47_g14137  | CI v -> S ^  | ADDFX1   | 0.050 |   2.558 |    3.970 | 
     | picorv32_core_genblk1.pcpi_mul_rd_reg[63]          | D ^          | DFFQXL   | 0.000 |   2.558 |    3.970 | 
     +-----------------------------------------------------------------------------------------------------------+ 
Path 2: MET Setup Check with Pin picorv32_core_genblk1.pcpi_mul_rd_reg[62]/CK 
Endpoint:   picorv32_core_genblk1.pcpi_mul_rd_reg[62]/D (^) checked with  
leading edge of 'clk'
Beginpoint: picorv32_core_genblk1.pcpi_mul_rs2_reg[5]/Q (^) triggered by  
leading edge of 'clk'
Path Groups: {reg2reg}
Analysis View: analysis1
Other End Arrival Time          0.004
- Setup                         0.013
+ Phase Shift                   4.000
- Uncertainty                   0.020
= Required Time                 3.971
- Arrival Time                  2.521
= Slack Time                    1.450
     Clock Rise Edge                 0.000
     + Clock Network Latency (Prop)  0.002
     = Beginpoint Arrival Time       0.002
     +-----------------------------------------------------------------------------------------------------------+ 
     |                      Instance                      |     Arc      |   Cell   | Delay | Arrival | Required | 
     |                                                    |              |          |       |  Time   |   Time   | 
     |----------------------------------------------------+--------------+----------+-------+---------+----------| 
     | picorv32_core_genblk1.pcpi_mul_rs2_reg[5]          | CK ^         |          |       |   0.002 |    1.452 | 
     | picorv32_core_genblk1.pcpi_mul_rs2_reg[5]          | CK ^ -> Q ^  | MDFFHQX1 | 0.132 |   0.134 |    1.584 | 
     | picorv32_core_genblk1.pcpi_mul_mul_2371_47_g14046  | A ^ -> Y v   | INVX1    | 0.055 |   0.190 |    1.640 | 
     | picorv32_core_genblk1.pcpi_mul_mul_2371_47_g13987  | B v -> Y ^   | XNOR2X1  | 0.031 |   0.221 |    1.671 | 
     | picorv32_core_genblk1.pcpi_mul_mul_2371_47_g13897  | A ^ -> Y ^   | OR2X1    | 0.082 |   0.303 |    1.753 | 
     | picorv32_core_genblk1.pcpi_mul_mul_2371_47_g13890  | A ^ -> Y v   | INVX1    | 0.053 |   0.356 |    1.806 | 
     | picorv32_core_genblk1.pcpi_mul_mul_2371_47_g13740  | A1 v -> Y ^  | OAI21X1  | 0.029 |   0.384 |    1.834 | 
     | picorv32_core_genblk1.pcpi_mul_mul_2371_47_g13494  | B ^ -> Y ^   | XNOR2X1  | 0.025 |   0.409 |    1.859 | 
     | picorv32_core_genblk1.pcpi_mul_mul_2371_47_g13440  | B ^ -> S v   | ADDHX1   | 0.031 |   0.440 |    1.890 | 
     | picorv32_core_genblk1.pcpi_mul_mul_2371_47_cdnfadd | A v -> CO v  | ADDFX1   | 0.036 |   0.476 |    1.926 | 
     | 3                                                  |              |          |       |         |          | 
     | picorv32_core_genblk1.pcpi_mul_mul_2371_47_cdnfadd | CI v -> CO v | ADDFX1   | 0.035 |   0.511 |    1.961 | 
     | 4                                                  |              |          |       |         |          | 
     | picorv32_core_genblk1.pcpi_mul_mul_2371_47_cdnfadd | CI v -> CO v | ADDFX1   | 0.035 |   0.546 |    1.996 | 
     | 5                                                  |              |          |       |         |          | 
     | picorv32_core_genblk1.pcpi_mul_mul_2371_47_cdnfadd | CI v -> CO v | ADDFX1   | 0.034 |   0.580 |    2.030 | 
     | 6                                                  |              |          |       |         |          | 
     | picorv32_core_genblk1.pcpi_mul_mul_2371_47_cdnfadd | CI v -> CO v | ADDFX1   | 0.034 |   0.614 |    2.064 | 
     | 7                                                  |              |          |       |         |          | 
     | picorv32_core_genblk1.pcpi_mul_mul_2371_47_cdnfadd | CI v -> CO v | ADDFX1   | 0.034 |   0.648 |    2.098 | 
     | 8                                                  |              |          |       |         |          | 
     | picorv32_core_genblk1.pcpi_mul_mul_2371_47_cdnfadd | CI v -> CO v | ADDFX1   | 0.034 |   0.682 |    2.132 | 
     | 9                                                  |              |          |       |         |          | 
     | picorv32_core_genblk1.pcpi_mul_mul_2371_47_cdnfadd | CI v -> CO v | ADDFX1   | 0.034 |   0.716 |    2.166 | 
     | 10                                                 |              |          |       |         |          | 
     | picorv32_core_genblk1.pcpi_mul_mul_2371_47_cdnfadd | CI v -> CO v | ADDFX1   | 0.034 |   0.750 |    2.200 | 
     | 11                                                 |              |          |       |         |          | 
     | picorv32_core_genblk1.pcpi_mul_mul_2371_47_cdnfadd | CI v -> CO v | ADDFX1   | 0.035 |   0.784 |    2.234 | 
     | 12                                                 |              |          |       |         |          | 
     | picorv32_core_genblk1.pcpi_mul_mul_2371_47_cdnfadd | CI v -> CO v | ADDFX1   | 0.034 |   0.818 |    2.268 | 
     | 13                                                 |              |          |       |         |          | 
     | picorv32_core_genblk1.pcpi_mul_mul_2371_47_cdnfadd | CI v -> CO v | ADDFX1   | 0.034 |   0.852 |    2.302 | 
     | 14                                                 |              |          |       |         |          | 
     | picorv32_core_genblk1.pcpi_mul_mul_2371_47_cdnfadd | CI v -> CO v | ADDFX1   | 0.033 |   0.886 |    2.336 | 
     | 15                                                 |              |          |       |         |          | 
     | picorv32_core_genblk1.pcpi_mul_mul_2371_47_cdnfadd | CI v -> CO v | ADDFX1   | 0.034 |   0.919 |    2.369 | 
     | 16                                                 |              |          |       |         |          | 
     | picorv32_core_genblk1.pcpi_mul_mul_2371_47_cdnfadd | CI v -> CO v | ADDFX1   | 0.034 |   0.953 |    2.403 | 
     | 17                                                 |              |          |       |         |          | 
     | picorv32_core_genblk1.pcpi_mul_mul_2371_47_cdnfadd | CI v -> CO v | ADDFX1   | 0.034 |   0.987 |    2.437 | 
     | 18                                                 |              |          |       |         |          | 
     | picorv32_core_genblk1.pcpi_mul_mul_2371_47_cdnfadd | CI v -> CO v | ADDFX1   | 0.034 |   1.021 |    2.471 | 
     | 19                                                 |              |          |       |         |          | 
     | picorv32_core_genblk1.pcpi_mul_mul_2371_47_cdnfadd | CI v -> CO v | ADDFX1   | 0.035 |   1.056 |    2.506 | 
     | 20                                                 |              |          |       |         |          | 
     | picorv32_core_genblk1.pcpi_mul_mul_2371_47_cdnfadd | CI v -> CO v | ADDFX1   | 0.034 |   1.090 |    2.540 | 
     | 21                                                 |              |          |       |         |          | 
     | picorv32_core_genblk1.pcpi_mul_mul_2371_47_cdnfadd | CI v -> CO v | ADDFX1   | 0.034 |   1.124 |    2.574 | 
     | 22                                                 |              |          |       |         |          | 
     | picorv32_core_genblk1.pcpi_mul_mul_2371_47_cdnfadd | CI v -> CO v | ADDFX1   | 0.034 |   1.158 |    2.608 | 
     | 23                                                 |              |          |       |         |          | 
     | picorv32_core_genblk1.pcpi_mul_mul_2371_47_cdnfadd | CI v -> CO v | ADDFX1   | 0.036 |   1.194 |    2.644 | 
     | 24                                                 |              |          |       |         |          | 
     | picorv32_core_genblk1.pcpi_mul_mul_2371_47_cdnfadd | CI v -> CO v | ADDFX1   | 0.035 |   1.229 |    2.679 | 
     | 25                                                 |              |          |       |         |          | 
     | picorv32_core_genblk1.pcpi_mul_mul_2371_47_cdnfadd | CI v -> CO v | ADDFX1   | 0.033 |   1.262 |    2.712 | 
     | 26                                                 |              |          |       |         |          | 
     | picorv32_core_genblk1.pcpi_mul_mul_2371_47_cdnfadd | CI v -> CO v | ADDFX1   | 0.034 |   1.296 |    2.746 | 
     | 27                                                 |              |          |       |         |          | 
     | picorv32_core_genblk1.pcpi_mul_mul_2371_47_cdnfadd | CI v -> CO v | ADDFX1   | 0.034 |   1.330 |    2.780 | 
     | 28                                                 |              |          |       |         |          | 
     | picorv32_core_genblk1.pcpi_mul_mul_2371_47_cdnfadd | CI v -> CO v | ADDFX1   | 0.035 |   1.365 |    2.815 | 
     | 29                                                 |              |          |       |         |          | 
     | picorv32_core_genblk1.pcpi_mul_mul_2371_47_cdnfadd | CI v -> CO v | ADDFX1   | 0.035 |   1.400 |    2.850 | 
     | 30                                                 |              |          |       |         |          | 
     | picorv32_core_genblk1.pcpi_mul_mul_2371_47_cdnfadd | CI v -> CO v | ADDFX1   | 0.039 |   1.439 |    2.889 | 
     | 31                                                 |              |          |       |         |          | 
     | picorv32_core_genblk1.pcpi_mul_mul_2371_47_cdnfadd | CI v -> CO v | ADDFX1   | 0.036 |   1.476 |    2.926 | 
     | 32                                                 |              |          |       |         |          | 
     | picorv32_core_genblk1.pcpi_mul_mul_2371_47_cdnfadd | CI v -> CO v | ADDFX1   | 0.035 |   1.510 |    2.960 | 
     | 33                                                 |              |          |       |         |          | 
     | picorv32_core_genblk1.pcpi_mul_mul_2371_47_cdnfadd | CI v -> CO v | ADDFX1   | 0.035 |   1.545 |    2.995 | 
     | 34                                                 |              |          |       |         |          | 
     | picorv32_core_genblk1.pcpi_mul_mul_2371_47_cdnfadd | CI v -> CO v | ADDFX1   | 0.034 |   1.580 |    3.030 | 
     | 35                                                 |              |          |       |         |          | 
     | picorv32_core_genblk1.pcpi_mul_mul_2371_47_cdnfadd | CI v -> CO v | ADDFX1   | 0.034 |   1.613 |    3.063 | 
     | 36                                                 |              |          |       |         |          | 
     | picorv32_core_genblk1.pcpi_mul_mul_2371_47_cdnfadd | CI v -> CO v | ADDFX1   | 0.034 |   1.647 |    3.097 | 
     | 37                                                 |              |          |       |         |          | 
     | picorv32_core_genblk1.pcpi_mul_mul_2371_47_cdnfadd | CI v -> CO v | ADDFX1   | 0.033 |   1.680 |    3.130 | 
     | 38                                                 |              |          |       |         |          | 
     | picorv32_core_genblk1.pcpi_mul_mul_2371_47_cdnfadd | CI v -> CO v | ADDFX1   | 0.034 |   1.714 |    3.164 | 
     | 39                                                 |              |          |       |         |          | 
     | picorv32_core_genblk1.pcpi_mul_mul_2371_47_cdnfadd | CI v -> CO v | ADDFX1   | 0.033 |   1.747 |    3.197 | 
     | 40                                                 |              |          |       |         |          | 
     | picorv32_core_genblk1.pcpi_mul_mul_2371_47_cdnfadd | CI v -> CO v | ADDFX1   | 0.034 |   1.781 |    3.231 | 
     | 41                                                 |              |          |       |         |          | 
     | picorv32_core_genblk1.pcpi_mul_mul_2371_47_cdnfadd | CI v -> CO v | ADDFX1   | 0.034 |   1.815 |    3.265 | 
     | 42                                                 |              |          |       |         |          | 
     | picorv32_core_genblk1.pcpi_mul_mul_2371_47_cdnfadd | CI v -> CO v | ADDFX1   | 0.035 |   1.850 |    3.300 | 
     | 43                                                 |              |          |       |         |          | 
     | picorv32_core_genblk1.pcpi_mul_mul_2371_47_cdnfadd | CI v -> CO v | ADDFX1   | 0.035 |   1.885 |    3.335 | 
     | 44                                                 |              |          |       |         |          | 
     | picorv32_core_genblk1.pcpi_mul_mul_2371_47_cdnfadd | CI v -> CO v | ADDFX1   | 0.035 |   1.920 |    3.370 | 
     | 45                                                 |              |          |       |         |          | 
     | picorv32_core_genblk1.pcpi_mul_mul_2371_47_cdnfadd | CI v -> CO v | ADDFX1   | 0.035 |   1.955 |    3.405 | 
     | 46                                                 |              |          |       |         |          | 
     | picorv32_core_genblk1.pcpi_mul_mul_2371_47_cdnfadd | CI v -> CO v | ADDFX1   | 0.034 |   1.989 |    3.439 | 
     | 47                                                 |              |          |       |         |          | 
     | picorv32_core_genblk1.pcpi_mul_mul_2371_47_cdnfadd | CI v -> CO v | ADDFX1   | 0.036 |   2.025 |    3.475 | 
     | 48                                                 |              |          |       |         |          | 
     | picorv32_core_genblk1.pcpi_mul_mul_2371_47_cdnfadd | CI v -> CO v | ADDFX1   | 0.035 |   2.060 |    3.510 | 
     | 49                                                 |              |          |       |         |          | 
     | picorv32_core_genblk1.pcpi_mul_mul_2371_47_cdnfadd | CI v -> CO v | ADDFX1   | 0.034 |   2.094 |    3.544 | 
     | 50                                                 |              |          |       |         |          | 
     | picorv32_core_genblk1.pcpi_mul_mul_2371_47_cdnfadd | CI v -> CO v | ADDFX1   | 0.035 |   2.129 |    3.579 | 
     | 51                                                 |              |          |       |         |          | 
     | picorv32_core_genblk1.pcpi_mul_mul_2371_47_cdnfadd | CI v -> CO v | ADDFX1   | 0.034 |   2.163 |    3.613 | 
     | 52                                                 |              |          |       |         |          | 
     | picorv32_core_genblk1.pcpi_mul_mul_2371_47_cdnfadd | CI v -> CO v | ADDFX1   | 0.035 |   2.198 |    3.648 | 
     | 53                                                 |              |          |       |         |          | 
     | picorv32_core_genblk1.pcpi_mul_mul_2371_47_cdnfadd | CI v -> CO v | ADDFX1   | 0.037 |   2.234 |    3.684 | 
     | 54                                                 |              |          |       |         |          | 
     | picorv32_core_genblk1.pcpi_mul_mul_2371_47_cdnfadd | CI v -> CO v | ADDFX1   | 0.034 |   2.268 |    3.718 | 
     | 55                                                 |              |          |       |         |          | 
     | picorv32_core_genblk1.pcpi_mul_mul_2371_47_cdnfadd | CI v -> CO v | ADDFX1   | 0.034 |   2.303 |    3.753 | 
     | 56                                                 |              |          |       |         |          | 
     | picorv32_core_genblk1.pcpi_mul_mul_2371_47_cdnfadd | CI v -> CO v | ADDFX1   | 0.034 |   2.337 |    3.787 | 
     | 57                                                 |              |          |       |         |          | 
     | picorv32_core_genblk1.pcpi_mul_mul_2371_47_cdnfadd | CI v -> CO v | ADDFX1   | 0.034 |   2.371 |    3.821 | 
     | 58                                                 |              |          |       |         |          | 
     | picorv32_core_genblk1.pcpi_mul_mul_2371_47_cdnfadd | CI v -> CO v | ADDFX1   | 0.034 |   2.405 |    3.855 | 
     | 59                                                 |              |          |       |         |          | 
     | picorv32_core_genblk1.pcpi_mul_mul_2371_47_cdnfadd | CI v -> CO v | ADDFX1   | 0.034 |   2.439 |    3.889 | 
     | 60                                                 |              |          |       |         |          | 
     | picorv32_core_genblk1.pcpi_mul_mul_2371_47_cdnfadd | CI v -> CO v | ADDFX1   | 0.034 |   2.473 |    3.923 | 
     | 61                                                 |              |          |       |         |          | 
     | picorv32_core_genblk1.pcpi_mul_mul_2371_47_cdnfadd | CI v -> S ^  | ADDFX1   | 0.048 |   2.521 |    3.971 | 
     | 62                                                 |              |          |       |         |          | 
     | picorv32_core_genblk1.pcpi_mul_rd_reg[62]          | D ^          | DFFQXL   | 0.000 |   2.521 |    3.971 | 
     +-----------------------------------------------------------------------------------------------------------+ 
Path 3: MET Setup Check with Pin picorv32_core_genblk1.pcpi_mul_rd_reg[61]/CK 
Endpoint:   picorv32_core_genblk1.pcpi_mul_rd_reg[61]/D (^) checked with  
leading edge of 'clk'
Beginpoint: picorv32_core_genblk1.pcpi_mul_rs2_reg[5]/Q (^) triggered by  
leading edge of 'clk'
Path Groups: {reg2reg}
Analysis View: analysis1
Other End Arrival Time          0.004
- Setup                         0.013
+ Phase Shift                   4.000
- Uncertainty                   0.020
= Required Time                 3.971
- Arrival Time                  2.487
= Slack Time                    1.484
     Clock Rise Edge                 0.000
     + Clock Network Latency (Prop)  0.002
     = Beginpoint Arrival Time       0.002
     +-----------------------------------------------------------------------------------------------------------+ 
     |                      Instance                      |     Arc      |   Cell   | Delay | Arrival | Required | 
     |                                                    |              |          |       |  Time   |   Time   | 
     |----------------------------------------------------+--------------+----------+-------+---------+----------| 
     | picorv32_core_genblk1.pcpi_mul_rs2_reg[5]          | CK ^         |          |       |   0.002 |    1.487 | 
     | picorv32_core_genblk1.pcpi_mul_rs2_reg[5]          | CK ^ -> Q ^  | MDFFHQX1 | 0.132 |   0.134 |    1.619 | 
     | picorv32_core_genblk1.pcpi_mul_mul_2371_47_g14046  | A ^ -> Y v   | INVX1    | 0.055 |   0.190 |    1.674 | 
     | picorv32_core_genblk1.pcpi_mul_mul_2371_47_g13987  | B v -> Y ^   | XNOR2X1  | 0.031 |   0.221 |    1.705 | 
     | picorv32_core_genblk1.pcpi_mul_mul_2371_47_g13897  | A ^ -> Y ^   | OR2X1    | 0.082 |   0.303 |    1.787 | 
     | picorv32_core_genblk1.pcpi_mul_mul_2371_47_g13890  | A ^ -> Y v   | INVX1    | 0.053 |   0.356 |    1.840 | 
     | picorv32_core_genblk1.pcpi_mul_mul_2371_47_g13740  | A1 v -> Y ^  | OAI21X1  | 0.029 |   0.384 |    1.869 | 
     | picorv32_core_genblk1.pcpi_mul_mul_2371_47_g13494  | B ^ -> Y ^   | XNOR2X1  | 0.025 |   0.409 |    1.894 | 
     | picorv32_core_genblk1.pcpi_mul_mul_2371_47_g13440  | B ^ -> S v   | ADDHX1   | 0.031 |   0.440 |    1.925 | 
     | picorv32_core_genblk1.pcpi_mul_mul_2371_47_cdnfadd | A v -> CO v  | ADDFX1   | 0.036 |   0.476 |    1.961 | 
     | 3                                                  |              |          |       |         |          | 
     | picorv32_core_genblk1.pcpi_mul_mul_2371_47_cdnfadd | CI v -> CO v | ADDFX1   | 0.035 |   0.511 |    1.995 | 
     | 4                                                  |              |          |       |         |          | 
     | picorv32_core_genblk1.pcpi_mul_mul_2371_47_cdnfadd | CI v -> CO v | ADDFX1   | 0.035 |   0.546 |    2.030 | 
     | 5                                                  |              |          |       |         |          | 
     | picorv32_core_genblk1.pcpi_mul_mul_2371_47_cdnfadd | CI v -> CO v | ADDFX1   | 0.034 |   0.580 |    2.064 | 
     | 6                                                  |              |          |       |         |          | 
     | picorv32_core_genblk1.pcpi_mul_mul_2371_47_cdnfadd | CI v -> CO v | ADDFX1   | 0.034 |   0.614 |    2.098 | 
     | 7                                                  |              |          |       |         |          | 
     | picorv32_core_genblk1.pcpi_mul_mul_2371_47_cdnfadd | CI v -> CO v | ADDFX1   | 0.034 |   0.648 |    2.132 | 
     | 8                                                  |              |          |       |         |          | 
     | picorv32_core_genblk1.pcpi_mul_mul_2371_47_cdnfadd | CI v -> CO v | ADDFX1   | 0.034 |   0.682 |    2.166 | 
     | 9                                                  |              |          |       |         |          | 
     | picorv32_core_genblk1.pcpi_mul_mul_2371_47_cdnfadd | CI v -> CO v | ADDFX1   | 0.034 |   0.716 |    2.201 | 
     | 10                                                 |              |          |       |         |          | 
     | picorv32_core_genblk1.pcpi_mul_mul_2371_47_cdnfadd | CI v -> CO v | ADDFX1   | 0.034 |   0.750 |    2.234 | 
     | 11                                                 |              |          |       |         |          | 
     | picorv32_core_genblk1.pcpi_mul_mul_2371_47_cdnfadd | CI v -> CO v | ADDFX1   | 0.035 |   0.784 |    2.269 | 
     | 12                                                 |              |          |       |         |          | 
     | picorv32_core_genblk1.pcpi_mul_mul_2371_47_cdnfadd | CI v -> CO v | ADDFX1   | 0.034 |   0.818 |    2.302 | 
     | 13                                                 |              |          |       |         |          | 
     | picorv32_core_genblk1.pcpi_mul_mul_2371_47_cdnfadd | CI v -> CO v | ADDFX1   | 0.034 |   0.852 |    2.336 | 
     | 14                                                 |              |          |       |         |          | 
     | picorv32_core_genblk1.pcpi_mul_mul_2371_47_cdnfadd | CI v -> CO v | ADDFX1   | 0.033 |   0.886 |    2.370 | 
     | 15                                                 |              |          |       |         |          | 
     | picorv32_core_genblk1.pcpi_mul_mul_2371_47_cdnfadd | CI v -> CO v | ADDFX1   | 0.034 |   0.919 |    2.404 | 
     | 16                                                 |              |          |       |         |          | 
     | picorv32_core_genblk1.pcpi_mul_mul_2371_47_cdnfadd | CI v -> CO v | ADDFX1   | 0.034 |   0.953 |    2.437 | 
     | 17                                                 |              |          |       |         |          | 
     | picorv32_core_genblk1.pcpi_mul_mul_2371_47_cdnfadd | CI v -> CO v | ADDFX1   | 0.034 |   0.987 |    2.471 | 
     | 18                                                 |              |          |       |         |          | 
     | picorv32_core_genblk1.pcpi_mul_mul_2371_47_cdnfadd | CI v -> CO v | ADDFX1   | 0.034 |   1.021 |    2.506 | 
     | 19                                                 |              |          |       |         |          | 
     | picorv32_core_genblk1.pcpi_mul_mul_2371_47_cdnfadd | CI v -> CO v | ADDFX1   | 0.035 |   1.056 |    2.540 | 
     | 20                                                 |              |          |       |         |          | 
     | picorv32_core_genblk1.pcpi_mul_mul_2371_47_cdnfadd | CI v -> CO v | ADDFX1   | 0.034 |   1.090 |    2.574 | 
     | 21                                                 |              |          |       |         |          | 
     | picorv32_core_genblk1.pcpi_mul_mul_2371_47_cdnfadd | CI v -> CO v | ADDFX1   | 0.034 |   1.124 |    2.609 | 
     | 22                                                 |              |          |       |         |          | 
     | picorv32_core_genblk1.pcpi_mul_mul_2371_47_cdnfadd | CI v -> CO v | ADDFX1   | 0.034 |   1.158 |    2.643 | 
     | 23                                                 |              |          |       |         |          | 
     | picorv32_core_genblk1.pcpi_mul_mul_2371_47_cdnfadd | CI v -> CO v | ADDFX1   | 0.036 |   1.194 |    2.678 | 
     | 24                                                 |              |          |       |         |          | 
     | picorv32_core_genblk1.pcpi_mul_mul_2371_47_cdnfadd | CI v -> CO v | ADDFX1   | 0.035 |   1.229 |    2.713 | 
     | 25                                                 |              |          |       |         |          | 
     | picorv32_core_genblk1.pcpi_mul_mul_2371_47_cdnfadd | CI v -> CO v | ADDFX1   | 0.033 |   1.262 |    2.746 | 
     | 26                                                 |              |          |       |         |          | 
     | picorv32_core_genblk1.pcpi_mul_mul_2371_47_cdnfadd | CI v -> CO v | ADDFX1   | 0.034 |   1.296 |    2.781 | 
     | 27                                                 |              |          |       |         |          | 
     | picorv32_core_genblk1.pcpi_mul_mul_2371_47_cdnfadd | CI v -> CO v | ADDFX1   | 0.034 |   1.330 |    2.815 | 
     | 28                                                 |              |          |       |         |          | 
     | picorv32_core_genblk1.pcpi_mul_mul_2371_47_cdnfadd | CI v -> CO v | ADDFX1   | 0.035 |   1.365 |    2.849 | 
     | 29                                                 |              |          |       |         |          | 
     | picorv32_core_genblk1.pcpi_mul_mul_2371_47_cdnfadd | CI v -> CO v | ADDFX1   | 0.035 |   1.400 |    2.884 | 
     | 30                                                 |              |          |       |         |          | 
     | picorv32_core_genblk1.pcpi_mul_mul_2371_47_cdnfadd | CI v -> CO v | ADDFX1   | 0.039 |   1.439 |    2.923 | 
     | 31                                                 |              |          |       |         |          | 
     | picorv32_core_genblk1.pcpi_mul_mul_2371_47_cdnfadd | CI v -> CO v | ADDFX1   | 0.036 |   1.476 |    2.960 | 
     | 32                                                 |              |          |       |         |          | 
     | picorv32_core_genblk1.pcpi_mul_mul_2371_47_cdnfadd | CI v -> CO v | ADDFX1   | 0.035 |   1.510 |    2.995 | 
     | 33                                                 |              |          |       |         |          | 
     | picorv32_core_genblk1.pcpi_mul_mul_2371_47_cdnfadd | CI v -> CO v | ADDFX1   | 0.035 |   1.545 |    3.030 | 
     | 34                                                 |              |          |       |         |          | 
     | picorv32_core_genblk1.pcpi_mul_mul_2371_47_cdnfadd | CI v -> CO v | ADDFX1   | 0.034 |   1.580 |    3.064 | 
     | 35                                                 |              |          |       |         |          | 
     | picorv32_core_genblk1.pcpi_mul_mul_2371_47_cdnfadd | CI v -> CO v | ADDFX1   | 0.034 |   1.613 |    3.097 | 
     | 36                                                 |              |          |       |         |          | 
     | picorv32_core_genblk1.pcpi_mul_mul_2371_47_cdnfadd | CI v -> CO v | ADDFX1   | 0.034 |   1.647 |    3.131 | 
     | 37                                                 |              |          |       |         |          | 
     | picorv32_core_genblk1.pcpi_mul_mul_2371_47_cdnfadd | CI v -> CO v | ADDFX1   | 0.033 |   1.680 |    3.164 | 
     | 38                                                 |              |          |       |         |          | 
     | picorv32_core_genblk1.pcpi_mul_mul_2371_47_cdnfadd | CI v -> CO v | ADDFX1   | 0.034 |   1.714 |    3.198 | 
     | 39                                                 |              |          |       |         |          | 
     | picorv32_core_genblk1.pcpi_mul_mul_2371_47_cdnfadd | CI v -> CO v | ADDFX1   | 0.033 |   1.747 |    3.231 | 
     | 40                                                 |              |          |       |         |          | 
     | picorv32_core_genblk1.pcpi_mul_mul_2371_47_cdnfadd | CI v -> CO v | ADDFX1   | 0.034 |   1.781 |    3.265 | 
     | 41                                                 |              |          |       |         |          | 
     | picorv32_core_genblk1.pcpi_mul_mul_2371_47_cdnfadd | CI v -> CO v | ADDFX1   | 0.034 |   1.815 |    3.299 | 
     | 42                                                 |              |          |       |         |          | 
     | picorv32_core_genblk1.pcpi_mul_mul_2371_47_cdnfadd | CI v -> CO v | ADDFX1   | 0.035 |   1.850 |    3.334 | 
     | 43                                                 |              |          |       |         |          | 
     | picorv32_core_genblk1.pcpi_mul_mul_2371_47_cdnfadd | CI v -> CO v | ADDFX1   | 0.035 |   1.885 |    3.370 | 
     | 44                                                 |              |          |       |         |          | 
     | picorv32_core_genblk1.pcpi_mul_mul_2371_47_cdnfadd | CI v -> CO v | ADDFX1   | 0.035 |   1.920 |    3.404 | 
     | 45                                                 |              |          |       |         |          | 
     | picorv32_core_genblk1.pcpi_mul_mul_2371_47_cdnfadd | CI v -> CO v | ADDFX1   | 0.035 |   1.955 |    3.439 | 
     | 46                                                 |              |          |       |         |          | 
     | picorv32_core_genblk1.pcpi_mul_mul_2371_47_cdnfadd | CI v -> CO v | ADDFX1   | 0.034 |   1.989 |    3.473 | 
     | 47                                                 |              |          |       |         |          | 
     | picorv32_core_genblk1.pcpi_mul_mul_2371_47_cdnfadd | CI v -> CO v | ADDFX1   | 0.036 |   2.025 |    3.509 | 
     | 48                                                 |              |          |       |         |          | 
     | picorv32_core_genblk1.pcpi_mul_mul_2371_47_cdnfadd | CI v -> CO v | ADDFX1   | 0.035 |   2.060 |    3.544 | 
     | 49                                                 |              |          |       |         |          | 
     | picorv32_core_genblk1.pcpi_mul_mul_2371_47_cdnfadd | CI v -> CO v | ADDFX1   | 0.034 |   2.094 |    3.578 | 
     | 50                                                 |              |          |       |         |          | 
     | picorv32_core_genblk1.pcpi_mul_mul_2371_47_cdnfadd | CI v -> CO v | ADDFX1   | 0.035 |   2.129 |    3.613 | 
     | 51                                                 |              |          |       |         |          | 
     | picorv32_core_genblk1.pcpi_mul_mul_2371_47_cdnfadd | CI v -> CO v | ADDFX1   | 0.034 |   2.163 |    3.647 | 
     | 52                                                 |              |          |       |         |          | 
     | picorv32_core_genblk1.pcpi_mul_mul_2371_47_cdnfadd | CI v -> CO v | ADDFX1   | 0.035 |   2.198 |    3.682 | 
     | 53                                                 |              |          |       |         |          | 
     | picorv32_core_genblk1.pcpi_mul_mul_2371_47_cdnfadd | CI v -> CO v | ADDFX1   | 0.037 |   2.234 |    3.718 | 
     | 54                                                 |              |          |       |         |          | 
     | picorv32_core_genblk1.pcpi_mul_mul_2371_47_cdnfadd | CI v -> CO v | ADDFX1   | 0.034 |   2.268 |    3.753 | 
     | 55                                                 |              |          |       |         |          | 
     | picorv32_core_genblk1.pcpi_mul_mul_2371_47_cdnfadd | CI v -> CO v | ADDFX1   | 0.034 |   2.303 |    3.787 | 
     | 56                                                 |              |          |       |         |          | 
     | picorv32_core_genblk1.pcpi_mul_mul_2371_47_cdnfadd | CI v -> CO v | ADDFX1   | 0.034 |   2.337 |    3.821 | 
     | 57                                                 |              |          |       |         |          | 
     | picorv32_core_genblk1.pcpi_mul_mul_2371_47_cdnfadd | CI v -> CO v | ADDFX1   | 0.034 |   2.371 |    3.855 | 
     | 58                                                 |              |          |       |         |          | 
     | picorv32_core_genblk1.pcpi_mul_mul_2371_47_cdnfadd | CI v -> CO v | ADDFX1   | 0.034 |   2.405 |    3.889 | 
     | 59                                                 |              |          |       |         |          | 
     | picorv32_core_genblk1.pcpi_mul_mul_2371_47_cdnfadd | CI v -> CO v | ADDFX1   | 0.034 |   2.439 |    3.923 | 
     | 60                                                 |              |          |       |         |          | 
     | picorv32_core_genblk1.pcpi_mul_mul_2371_47_cdnfadd | CI v -> S ^  | ADDFX1   | 0.048 |   2.487 |    3.971 | 
     | 61                                                 |              |          |       |         |          | 
     | picorv32_core_genblk1.pcpi_mul_rd_reg[61]          | D ^          | DFFQXL   | 0.000 |   2.487 |    3.971 | 
     +-----------------------------------------------------------------------------------------------------------+ 
Path 4: MET Setup Check with Pin picorv32_core_genblk1.pcpi_mul_rd_reg[60]/CK 
Endpoint:   picorv32_core_genblk1.pcpi_mul_rd_reg[60]/D (^) checked with  
leading edge of 'clk'
Beginpoint: picorv32_core_genblk1.pcpi_mul_rs2_reg[5]/Q (^) triggered by  
leading edge of 'clk'
Path Groups: {reg2reg}
Analysis View: analysis1
Other End Arrival Time          0.004
- Setup                         0.013
+ Phase Shift                   4.000
- Uncertainty                   0.020
= Required Time                 3.971
- Arrival Time                  2.455
= Slack Time                    1.516
     Clock Rise Edge                 0.000
     + Clock Network Latency (Prop)  0.002
     = Beginpoint Arrival Time       0.002
     +-----------------------------------------------------------------------------------------------------------+ 
     |                      Instance                      |     Arc      |   Cell   | Delay | Arrival | Required | 
     |                                                    |              |          |       |  Time   |   Time   | 
     |----------------------------------------------------+--------------+----------+-------+---------+----------| 
     | picorv32_core_genblk1.pcpi_mul_rs2_reg[5]          | CK ^         |          |       |   0.002 |    1.518 | 
     | picorv32_core_genblk1.pcpi_mul_rs2_reg[5]          | CK ^ -> Q ^  | MDFFHQX1 | 0.132 |   0.134 |    1.651 | 
     | picorv32_core_genblk1.pcpi_mul_mul_2371_47_g14046  | A ^ -> Y v   | INVX1    | 0.055 |   0.190 |    1.706 | 
     | picorv32_core_genblk1.pcpi_mul_mul_2371_47_g13987  | B v -> Y ^   | XNOR2X1  | 0.031 |   0.221 |    1.737 | 
     | picorv32_core_genblk1.pcpi_mul_mul_2371_47_g13897  | A ^ -> Y ^   | OR2X1    | 0.082 |   0.303 |    1.819 | 
     | picorv32_core_genblk1.pcpi_mul_mul_2371_47_g13890  | A ^ -> Y v   | INVX1    | 0.053 |   0.356 |    1.872 | 
     | picorv32_core_genblk1.pcpi_mul_mul_2371_47_g13740  | A1 v -> Y ^  | OAI21X1  | 0.029 |   0.384 |    1.901 | 
     | picorv32_core_genblk1.pcpi_mul_mul_2371_47_g13494  | B ^ -> Y ^   | XNOR2X1  | 0.025 |   0.409 |    1.925 | 
     | picorv32_core_genblk1.pcpi_mul_mul_2371_47_g13440  | B ^ -> S v   | ADDHX1   | 0.031 |   0.440 |    1.957 | 
     | picorv32_core_genblk1.pcpi_mul_mul_2371_47_cdnfadd | A v -> CO v  | ADDFX1   | 0.036 |   0.476 |    1.993 | 
     | 3                                                  |              |          |       |         |          | 
     | picorv32_core_genblk1.pcpi_mul_mul_2371_47_cdnfadd | CI v -> CO v | ADDFX1   | 0.035 |   0.511 |    2.027 | 
     | 4                                                  |              |          |       |         |          | 
     | picorv32_core_genblk1.pcpi_mul_mul_2371_47_cdnfadd | CI v -> CO v | ADDFX1   | 0.035 |   0.546 |    2.062 | 
     | 5                                                  |              |          |       |         |          | 
     | picorv32_core_genblk1.pcpi_mul_mul_2371_47_cdnfadd | CI v -> CO v | ADDFX1   | 0.034 |   0.580 |    2.096 | 
     | 6                                                  |              |          |       |         |          | 
     | picorv32_core_genblk1.pcpi_mul_mul_2371_47_cdnfadd | CI v -> CO v | ADDFX1   | 0.034 |   0.614 |    2.130 | 
     | 7                                                  |              |          |       |         |          | 
     | picorv32_core_genblk1.pcpi_mul_mul_2371_47_cdnfadd | CI v -> CO v | ADDFX1   | 0.034 |   0.648 |    2.164 | 
     | 8                                                  |              |          |       |         |          | 
     | picorv32_core_genblk1.pcpi_mul_mul_2371_47_cdnfadd | CI v -> CO v | ADDFX1   | 0.034 |   0.682 |    2.198 | 
     | 9                                                  |              |          |       |         |          | 
     | picorv32_core_genblk1.pcpi_mul_mul_2371_47_cdnfadd | CI v -> CO v | ADDFX1   | 0.034 |   0.716 |    2.232 | 
     | 10                                                 |              |          |       |         |          | 
     | picorv32_core_genblk1.pcpi_mul_mul_2371_47_cdnfadd | CI v -> CO v | ADDFX1   | 0.034 |   0.750 |    2.266 | 
     | 11                                                 |              |          |       |         |          | 
     | picorv32_core_genblk1.pcpi_mul_mul_2371_47_cdnfadd | CI v -> CO v | ADDFX1   | 0.035 |   0.784 |    2.301 | 
     | 12                                                 |              |          |       |         |          | 
     | picorv32_core_genblk1.pcpi_mul_mul_2371_47_cdnfadd | CI v -> CO v | ADDFX1   | 0.034 |   0.818 |    2.334 | 
     | 13                                                 |              |          |       |         |          | 
     | picorv32_core_genblk1.pcpi_mul_mul_2371_47_cdnfadd | CI v -> CO v | ADDFX1   | 0.034 |   0.852 |    2.368 | 
     | 14                                                 |              |          |       |         |          | 
     | picorv32_core_genblk1.pcpi_mul_mul_2371_47_cdnfadd | CI v -> CO v | ADDFX1   | 0.033 |   0.886 |    2.402 | 
     | 15                                                 |              |          |       |         |          | 
     | picorv32_core_genblk1.pcpi_mul_mul_2371_47_cdnfadd | CI v -> CO v | ADDFX1   | 0.034 |   0.919 |    2.436 | 
     | 16                                                 |              |          |       |         |          | 
     | picorv32_core_genblk1.pcpi_mul_mul_2371_47_cdnfadd | CI v -> CO v | ADDFX1   | 0.034 |   0.953 |    2.469 | 
     | 17                                                 |              |          |       |         |          | 
     | picorv32_core_genblk1.pcpi_mul_mul_2371_47_cdnfadd | CI v -> CO v | ADDFX1   | 0.034 |   0.987 |    2.503 | 
     | 18                                                 |              |          |       |         |          | 
     | picorv32_core_genblk1.pcpi_mul_mul_2371_47_cdnfadd | CI v -> CO v | ADDFX1   | 0.034 |   1.021 |    2.538 | 
     | 19                                                 |              |          |       |         |          | 
     | picorv32_core_genblk1.pcpi_mul_mul_2371_47_cdnfadd | CI v -> CO v | ADDFX1   | 0.035 |   1.056 |    2.572 | 
     | 20                                                 |              |          |       |         |          | 
     | picorv32_core_genblk1.pcpi_mul_mul_2371_47_cdnfadd | CI v -> CO v | ADDFX1   | 0.034 |   1.090 |    2.606 | 
     | 21                                                 |              |          |       |         |          | 
     | picorv32_core_genblk1.pcpi_mul_mul_2371_47_cdnfadd | CI v -> CO v | ADDFX1   | 0.034 |   1.124 |    2.641 | 
     | 22                                                 |              |          |       |         |          | 
     | picorv32_core_genblk1.pcpi_mul_mul_2371_47_cdnfadd | CI v -> CO v | ADDFX1   | 0.034 |   1.158 |    2.674 | 
     | 23                                                 |              |          |       |         |          | 
     | picorv32_core_genblk1.pcpi_mul_mul_2371_47_cdnfadd | CI v -> CO v | ADDFX1   | 0.036 |   1.194 |    2.710 | 
     | 24                                                 |              |          |       |         |          | 
     | picorv32_core_genblk1.pcpi_mul_mul_2371_47_cdnfadd | CI v -> CO v | ADDFX1   | 0.035 |   1.229 |    2.745 | 
     | 25                                                 |              |          |       |         |          | 
     | picorv32_core_genblk1.pcpi_mul_mul_2371_47_cdnfadd | CI v -> CO v | ADDFX1   | 0.033 |   1.262 |    2.778 | 
     | 26                                                 |              |          |       |         |          | 
     | picorv32_core_genblk1.pcpi_mul_mul_2371_47_cdnfadd | CI v -> CO v | ADDFX1   | 0.034 |   1.296 |    2.812 | 
     | 27                                                 |              |          |       |         |          | 
     | picorv32_core_genblk1.pcpi_mul_mul_2371_47_cdnfadd | CI v -> CO v | ADDFX1   | 0.034 |   1.330 |    2.847 | 
     | 28                                                 |              |          |       |         |          | 
     | picorv32_core_genblk1.pcpi_mul_mul_2371_47_cdnfadd | CI v -> CO v | ADDFX1   | 0.035 |   1.365 |    2.881 | 
     | 29                                                 |              |          |       |         |          | 
     | picorv32_core_genblk1.pcpi_mul_mul_2371_47_cdnfadd | CI v -> CO v | ADDFX1   | 0.035 |   1.400 |    2.916 | 
     | 30                                                 |              |          |       |         |          | 
     | picorv32_core_genblk1.pcpi_mul_mul_2371_47_cdnfadd | CI v -> CO v | ADDFX1   | 0.039 |   1.439 |    2.955 | 
     | 31                                                 |              |          |       |         |          | 
     | picorv32_core_genblk1.pcpi_mul_mul_2371_47_cdnfadd | CI v -> CO v | ADDFX1   | 0.036 |   1.476 |    2.992 | 
     | 32                                                 |              |          |       |         |          | 
     | picorv32_core_genblk1.pcpi_mul_mul_2371_47_cdnfadd | CI v -> CO v | ADDFX1   | 0.035 |   1.510 |    3.027 | 
     | 33                                                 |              |          |       |         |          | 
     | picorv32_core_genblk1.pcpi_mul_mul_2371_47_cdnfadd | CI v -> CO v | ADDFX1   | 0.035 |   1.545 |    3.062 | 
     | 34                                                 |              |          |       |         |          | 
     | picorv32_core_genblk1.pcpi_mul_mul_2371_47_cdnfadd | CI v -> CO v | ADDFX1   | 0.034 |   1.580 |    3.096 | 
     | 35                                                 |              |          |       |         |          | 
     | picorv32_core_genblk1.pcpi_mul_mul_2371_47_cdnfadd | CI v -> CO v | ADDFX1   | 0.034 |   1.613 |    3.129 | 
     | 36                                                 |              |          |       |         |          | 
     | picorv32_core_genblk1.pcpi_mul_mul_2371_47_cdnfadd | CI v -> CO v | ADDFX1   | 0.034 |   1.647 |    3.163 | 
     | 37                                                 |              |          |       |         |          | 
     | picorv32_core_genblk1.pcpi_mul_mul_2371_47_cdnfadd | CI v -> CO v | ADDFX1   | 0.033 |   1.680 |    3.196 | 
     | 38                                                 |              |          |       |         |          | 
     | picorv32_core_genblk1.pcpi_mul_mul_2371_47_cdnfadd | CI v -> CO v | ADDFX1   | 0.034 |   1.714 |    3.230 | 
     | 39                                                 |              |          |       |         |          | 
     | picorv32_core_genblk1.pcpi_mul_mul_2371_47_cdnfadd | CI v -> CO v | ADDFX1   | 0.033 |   1.747 |    3.263 | 
     | 40                                                 |              |          |       |         |          | 
     | picorv32_core_genblk1.pcpi_mul_mul_2371_47_cdnfadd | CI v -> CO v | ADDFX1   | 0.034 |   1.781 |    3.297 | 
     | 41                                                 |              |          |       |         |          | 
     | picorv32_core_genblk1.pcpi_mul_mul_2371_47_cdnfadd | CI v -> CO v | ADDFX1   | 0.034 |   1.815 |    3.331 | 
     | 42                                                 |              |          |       |         |          | 
     | picorv32_core_genblk1.pcpi_mul_mul_2371_47_cdnfadd | CI v -> CO v | ADDFX1   | 0.035 |   1.850 |    3.366 | 
     | 43                                                 |              |          |       |         |          | 
     | picorv32_core_genblk1.pcpi_mul_mul_2371_47_cdnfadd | CI v -> CO v | ADDFX1   | 0.035 |   1.885 |    3.401 | 
     | 44                                                 |              |          |       |         |          | 
     | picorv32_core_genblk1.pcpi_mul_mul_2371_47_cdnfadd | CI v -> CO v | ADDFX1   | 0.035 |   1.920 |    3.436 | 
     | 45                                                 |              |          |       |         |          | 
     | picorv32_core_genblk1.pcpi_mul_mul_2371_47_cdnfadd | CI v -> CO v | ADDFX1   | 0.035 |   1.955 |    3.471 | 
     | 46                                                 |              |          |       |         |          | 
     | picorv32_core_genblk1.pcpi_mul_mul_2371_47_cdnfadd | CI v -> CO v | ADDFX1   | 0.034 |   1.989 |    3.505 | 
     | 47                                                 |              |          |       |         |          | 
     | picorv32_core_genblk1.pcpi_mul_mul_2371_47_cdnfadd | CI v -> CO v | ADDFX1   | 0.036 |   2.025 |    3.541 | 
     | 48                                                 |              |          |       |         |          | 
     | picorv32_core_genblk1.pcpi_mul_mul_2371_47_cdnfadd | CI v -> CO v | ADDFX1   | 0.035 |   2.060 |    3.576 | 
     | 49                                                 |              |          |       |         |          | 
     | picorv32_core_genblk1.pcpi_mul_mul_2371_47_cdnfadd | CI v -> CO v | ADDFX1   | 0.034 |   2.094 |    3.610 | 
     | 50                                                 |              |          |       |         |          | 
     | picorv32_core_genblk1.pcpi_mul_mul_2371_47_cdnfadd | CI v -> CO v | ADDFX1   | 0.035 |   2.129 |    3.645 | 
     | 51                                                 |              |          |       |         |          | 
     | picorv32_core_genblk1.pcpi_mul_mul_2371_47_cdnfadd | CI v -> CO v | ADDFX1   | 0.034 |   2.163 |    3.679 | 
     | 52                                                 |              |          |       |         |          | 
     | picorv32_core_genblk1.pcpi_mul_mul_2371_47_cdnfadd | CI v -> CO v | ADDFX1   | 0.035 |   2.198 |    3.714 | 
     | 53                                                 |              |          |       |         |          | 
     | picorv32_core_genblk1.pcpi_mul_mul_2371_47_cdnfadd | CI v -> CO v | ADDFX1   | 0.037 |   2.234 |    3.750 | 
     | 54                                                 |              |          |       |         |          | 
     | picorv32_core_genblk1.pcpi_mul_mul_2371_47_cdnfadd | CI v -> CO v | ADDFX1   | 0.034 |   2.268 |    3.785 | 
     | 55                                                 |              |          |       |         |          | 
     | picorv32_core_genblk1.pcpi_mul_mul_2371_47_cdnfadd | CI v -> CO v | ADDFX1   | 0.034 |   2.303 |    3.819 | 
     | 56                                                 |              |          |       |         |          | 
     | picorv32_core_genblk1.pcpi_mul_mul_2371_47_cdnfadd | CI v -> CO v | ADDFX1   | 0.034 |   2.337 |    3.853 | 
     | 57                                                 |              |          |       |         |          | 
     | picorv32_core_genblk1.pcpi_mul_mul_2371_47_cdnfadd | CI v -> CO v | ADDFX1   | 0.034 |   2.371 |    3.887 | 
     | 58                                                 |              |          |       |         |          | 
     | picorv32_core_genblk1.pcpi_mul_mul_2371_47_cdnfadd | CI v -> CO v | ADDFX1   | 0.034 |   2.405 |    3.921 | 
     | 59                                                 |              |          |       |         |          | 
     | picorv32_core_genblk1.pcpi_mul_mul_2371_47_cdnfadd | CI v -> S ^  | ADDFX1   | 0.050 |   2.455 |    3.971 | 
     | 60                                                 |              |          |       |         |          | 
     | picorv32_core_genblk1.pcpi_mul_rd_reg[60]          | D ^          | DFFQXL   | 0.000 |   2.455 |    3.971 | 
     +-----------------------------------------------------------------------------------------------------------+ 
Path 5: MET Setup Check with Pin picorv32_core_genblk1.pcpi_mul_rd_reg[59]/CK 
Endpoint:   picorv32_core_genblk1.pcpi_mul_rd_reg[59]/D (^) checked with  
leading edge of 'clk'
Beginpoint: picorv32_core_genblk1.pcpi_mul_rs2_reg[5]/Q (^) triggered by  
leading edge of 'clk'
Path Groups: {reg2reg}
Analysis View: analysis1
Other End Arrival Time          0.004
- Setup                         0.013
+ Phase Shift                   4.000
- Uncertainty                   0.020
= Required Time                 3.971
- Arrival Time                  2.421
= Slack Time                    1.550
     Clock Rise Edge                 0.000
     + Clock Network Latency (Prop)  0.002
     = Beginpoint Arrival Time       0.002
     +-----------------------------------------------------------------------------------------------------------+ 
     |                      Instance                      |     Arc      |   Cell   | Delay | Arrival | Required | 
     |                                                    |              |          |       |  Time   |   Time   | 
     |----------------------------------------------------+--------------+----------+-------+---------+----------| 
     | picorv32_core_genblk1.pcpi_mul_rs2_reg[5]          | CK ^         |          |       |   0.002 |    1.553 | 
     | picorv32_core_genblk1.pcpi_mul_rs2_reg[5]          | CK ^ -> Q ^  | MDFFHQX1 | 0.132 |   0.134 |    1.685 | 
     | picorv32_core_genblk1.pcpi_mul_mul_2371_47_g14046  | A ^ -> Y v   | INVX1    | 0.055 |   0.190 |    1.740 | 
     | picorv32_core_genblk1.pcpi_mul_mul_2371_47_g13987  | B v -> Y ^   | XNOR2X1  | 0.031 |   0.221 |    1.771 | 
     | picorv32_core_genblk1.pcpi_mul_mul_2371_47_g13897  | A ^ -> Y ^   | OR2X1    | 0.082 |   0.303 |    1.853 | 
     | picorv32_core_genblk1.pcpi_mul_mul_2371_47_g13890  | A ^ -> Y v   | INVX1    | 0.053 |   0.356 |    1.906 | 
     | picorv32_core_genblk1.pcpi_mul_mul_2371_47_g13740  | A1 v -> Y ^  | OAI21X1  | 0.029 |   0.384 |    1.935 | 
     | picorv32_core_genblk1.pcpi_mul_mul_2371_47_g13494  | B ^ -> Y ^   | XNOR2X1  | 0.025 |   0.409 |    1.960 | 
     | picorv32_core_genblk1.pcpi_mul_mul_2371_47_g13440  | B ^ -> S v   | ADDHX1   | 0.031 |   0.440 |    1.991 | 
     | picorv32_core_genblk1.pcpi_mul_mul_2371_47_cdnfadd | A v -> CO v  | ADDFX1   | 0.036 |   0.476 |    2.027 | 
     | 3                                                  |              |          |       |         |          | 
     | picorv32_core_genblk1.pcpi_mul_mul_2371_47_cdnfadd | CI v -> CO v | ADDFX1   | 0.035 |   0.511 |    2.061 | 
     | 4                                                  |              |          |       |         |          | 
     | picorv32_core_genblk1.pcpi_mul_mul_2371_47_cdnfadd | CI v -> CO v | ADDFX1   | 0.035 |   0.546 |    2.096 | 
     | 5                                                  |              |          |       |         |          | 
     | picorv32_core_genblk1.pcpi_mul_mul_2371_47_cdnfadd | CI v -> CO v | ADDFX1   | 0.034 |   0.580 |    2.130 | 
     | 6                                                  |              |          |       |         |          | 
     | picorv32_core_genblk1.pcpi_mul_mul_2371_47_cdnfadd | CI v -> CO v | ADDFX1   | 0.034 |   0.614 |    2.164 | 
     | 7                                                  |              |          |       |         |          | 
     | picorv32_core_genblk1.pcpi_mul_mul_2371_47_cdnfadd | CI v -> CO v | ADDFX1   | 0.034 |   0.648 |    2.198 | 
     | 8                                                  |              |          |       |         |          | 
     | picorv32_core_genblk1.pcpi_mul_mul_2371_47_cdnfadd | CI v -> CO v | ADDFX1   | 0.034 |   0.682 |    2.232 | 
     | 9                                                  |              |          |       |         |          | 
     | picorv32_core_genblk1.pcpi_mul_mul_2371_47_cdnfadd | CI v -> CO v | ADDFX1   | 0.034 |   0.716 |    2.267 | 
     | 10                                                 |              |          |       |         |          | 
     | picorv32_core_genblk1.pcpi_mul_mul_2371_47_cdnfadd | CI v -> CO v | ADDFX1   | 0.034 |   0.750 |    2.300 | 
     | 11                                                 |              |          |       |         |          | 
     | picorv32_core_genblk1.pcpi_mul_mul_2371_47_cdnfadd | CI v -> CO v | ADDFX1   | 0.035 |   0.784 |    2.335 | 
     | 12                                                 |              |          |       |         |          | 
     | picorv32_core_genblk1.pcpi_mul_mul_2371_47_cdnfadd | CI v -> CO v | ADDFX1   | 0.034 |   0.818 |    2.368 | 
     | 13                                                 |              |          |       |         |          | 
     | picorv32_core_genblk1.pcpi_mul_mul_2371_47_cdnfadd | CI v -> CO v | ADDFX1   | 0.034 |   0.852 |    2.402 | 
     | 14                                                 |              |          |       |         |          | 
     | picorv32_core_genblk1.pcpi_mul_mul_2371_47_cdnfadd | CI v -> CO v | ADDFX1   | 0.033 |   0.886 |    2.436 | 
     | 15                                                 |              |          |       |         |          | 
     | picorv32_core_genblk1.pcpi_mul_mul_2371_47_cdnfadd | CI v -> CO v | ADDFX1   | 0.034 |   0.919 |    2.470 | 
     | 16                                                 |              |          |       |         |          | 
     | picorv32_core_genblk1.pcpi_mul_mul_2371_47_cdnfadd | CI v -> CO v | ADDFX1   | 0.034 |   0.953 |    2.503 | 
     | 17                                                 |              |          |       |         |          | 
     | picorv32_core_genblk1.pcpi_mul_mul_2371_47_cdnfadd | CI v -> CO v | ADDFX1   | 0.034 |   0.987 |    2.537 | 
     | 18                                                 |              |          |       |         |          | 
     | picorv32_core_genblk1.pcpi_mul_mul_2371_47_cdnfadd | CI v -> CO v | ADDFX1   | 0.034 |   1.021 |    2.572 | 
     | 19                                                 |              |          |       |         |          | 
     | picorv32_core_genblk1.pcpi_mul_mul_2371_47_cdnfadd | CI v -> CO v | ADDFX1   | 0.035 |   1.056 |    2.606 | 
     | 20                                                 |              |          |       |         |          | 
     | picorv32_core_genblk1.pcpi_mul_mul_2371_47_cdnfadd | CI v -> CO v | ADDFX1   | 0.034 |   1.090 |    2.640 | 
     | 21                                                 |              |          |       |         |          | 
     | picorv32_core_genblk1.pcpi_mul_mul_2371_47_cdnfadd | CI v -> CO v | ADDFX1   | 0.034 |   1.124 |    2.675 | 
     | 22                                                 |              |          |       |         |          | 
     | picorv32_core_genblk1.pcpi_mul_mul_2371_47_cdnfadd | CI v -> CO v | ADDFX1   | 0.034 |   1.158 |    2.709 | 
     | 23                                                 |              |          |       |         |          | 
     | picorv32_core_genblk1.pcpi_mul_mul_2371_47_cdnfadd | CI v -> CO v | ADDFX1   | 0.036 |   1.194 |    2.744 | 
     | 24                                                 |              |          |       |         |          | 
     | picorv32_core_genblk1.pcpi_mul_mul_2371_47_cdnfadd | CI v -> CO v | ADDFX1   | 0.035 |   1.229 |    2.779 | 
     | 25                                                 |              |          |       |         |          | 
     | picorv32_core_genblk1.pcpi_mul_mul_2371_47_cdnfadd | CI v -> CO v | ADDFX1   | 0.033 |   1.262 |    2.812 | 
     | 26                                                 |              |          |       |         |          | 
     | picorv32_core_genblk1.pcpi_mul_mul_2371_47_cdnfadd | CI v -> CO v | ADDFX1   | 0.034 |   1.296 |    2.847 | 
     | 27                                                 |              |          |       |         |          | 
     | picorv32_core_genblk1.pcpi_mul_mul_2371_47_cdnfadd | CI v -> CO v | ADDFX1   | 0.034 |   1.330 |    2.881 | 
     | 28                                                 |              |          |       |         |          | 
     | picorv32_core_genblk1.pcpi_mul_mul_2371_47_cdnfadd | CI v -> CO v | ADDFX1   | 0.035 |   1.365 |    2.915 | 
     | 29                                                 |              |          |       |         |          | 
     | picorv32_core_genblk1.pcpi_mul_mul_2371_47_cdnfadd | CI v -> CO v | ADDFX1   | 0.035 |   1.400 |    2.950 | 
     | 30                                                 |              |          |       |         |          | 
     | picorv32_core_genblk1.pcpi_mul_mul_2371_47_cdnfadd | CI v -> CO v | ADDFX1   | 0.039 |   1.439 |    2.989 | 
     | 31                                                 |              |          |       |         |          | 
     | picorv32_core_genblk1.pcpi_mul_mul_2371_47_cdnfadd | CI v -> CO v | ADDFX1   | 0.036 |   1.476 |    3.026 | 
     | 32                                                 |              |          |       |         |          | 
     | picorv32_core_genblk1.pcpi_mul_mul_2371_47_cdnfadd | CI v -> CO v | ADDFX1   | 0.035 |   1.510 |    3.061 | 
     | 33                                                 |              |          |       |         |          | 
     | picorv32_core_genblk1.pcpi_mul_mul_2371_47_cdnfadd | CI v -> CO v | ADDFX1   | 0.035 |   1.545 |    3.096 | 
     | 34                                                 |              |          |       |         |          | 
     | picorv32_core_genblk1.pcpi_mul_mul_2371_47_cdnfadd | CI v -> CO v | ADDFX1   | 0.034 |   1.580 |    3.130 | 
     | 35                                                 |              |          |       |         |          | 
     | picorv32_core_genblk1.pcpi_mul_mul_2371_47_cdnfadd | CI v -> CO v | ADDFX1   | 0.034 |   1.613 |    3.163 | 
     | 36                                                 |              |          |       |         |          | 
     | picorv32_core_genblk1.pcpi_mul_mul_2371_47_cdnfadd | CI v -> CO v | ADDFX1   | 0.034 |   1.647 |    3.197 | 
     | 37                                                 |              |          |       |         |          | 
     | picorv32_core_genblk1.pcpi_mul_mul_2371_47_cdnfadd | CI v -> CO v | ADDFX1   | 0.033 |   1.680 |    3.230 | 
     | 38                                                 |              |          |       |         |          | 
     | picorv32_core_genblk1.pcpi_mul_mul_2371_47_cdnfadd | CI v -> CO v | ADDFX1   | 0.034 |   1.714 |    3.264 | 
     | 39                                                 |              |          |       |         |          | 
     | picorv32_core_genblk1.pcpi_mul_mul_2371_47_cdnfadd | CI v -> CO v | ADDFX1   | 0.033 |   1.747 |    3.297 | 
     | 40                                                 |              |          |       |         |          | 
     | picorv32_core_genblk1.pcpi_mul_mul_2371_47_cdnfadd | CI v -> CO v | ADDFX1   | 0.034 |   1.781 |    3.331 | 
     | 41                                                 |              |          |       |         |          | 
     | picorv32_core_genblk1.pcpi_mul_mul_2371_47_cdnfadd | CI v -> CO v | ADDFX1   | 0.034 |   1.815 |    3.365 | 
     | 42                                                 |              |          |       |         |          | 
     | picorv32_core_genblk1.pcpi_mul_mul_2371_47_cdnfadd | CI v -> CO v | ADDFX1   | 0.035 |   1.850 |    3.400 | 
     | 43                                                 |              |          |       |         |          | 
     | picorv32_core_genblk1.pcpi_mul_mul_2371_47_cdnfadd | CI v -> CO v | ADDFX1   | 0.035 |   1.885 |    3.436 | 
     | 44                                                 |              |          |       |         |          | 
     | picorv32_core_genblk1.pcpi_mul_mul_2371_47_cdnfadd | CI v -> CO v | ADDFX1   | 0.035 |   1.920 |    3.470 | 
     | 45                                                 |              |          |       |         |          | 
     | picorv32_core_genblk1.pcpi_mul_mul_2371_47_cdnfadd | CI v -> CO v | ADDFX1   | 0.035 |   1.955 |    3.505 | 
     | 46                                                 |              |          |       |         |          | 
     | picorv32_core_genblk1.pcpi_mul_mul_2371_47_cdnfadd | CI v -> CO v | ADDFX1   | 0.034 |   1.989 |    3.539 | 
     | 47                                                 |              |          |       |         |          | 
     | picorv32_core_genblk1.pcpi_mul_mul_2371_47_cdnfadd | CI v -> CO v | ADDFX1   | 0.036 |   2.025 |    3.575 | 
     | 48                                                 |              |          |       |         |          | 
     | picorv32_core_genblk1.pcpi_mul_mul_2371_47_cdnfadd | CI v -> CO v | ADDFX1   | 0.035 |   2.060 |    3.610 | 
     | 49                                                 |              |          |       |         |          | 
     | picorv32_core_genblk1.pcpi_mul_mul_2371_47_cdnfadd | CI v -> CO v | ADDFX1   | 0.034 |   2.094 |    3.644 | 
     | 50                                                 |              |          |       |         |          | 
     | picorv32_core_genblk1.pcpi_mul_mul_2371_47_cdnfadd | CI v -> CO v | ADDFX1   | 0.035 |   2.129 |    3.679 | 
     | 51                                                 |              |          |       |         |          | 
     | picorv32_core_genblk1.pcpi_mul_mul_2371_47_cdnfadd | CI v -> CO v | ADDFX1   | 0.034 |   2.163 |    3.713 | 
     | 52                                                 |              |          |       |         |          | 
     | picorv32_core_genblk1.pcpi_mul_mul_2371_47_cdnfadd | CI v -> CO v | ADDFX1   | 0.035 |   2.198 |    3.748 | 
     | 53                                                 |              |          |       |         |          | 
     | picorv32_core_genblk1.pcpi_mul_mul_2371_47_cdnfadd | CI v -> CO v | ADDFX1   | 0.037 |   2.234 |    3.784 | 
     | 54                                                 |              |          |       |         |          | 
     | picorv32_core_genblk1.pcpi_mul_mul_2371_47_cdnfadd | CI v -> CO v | ADDFX1   | 0.034 |   2.268 |    3.819 | 
     | 55                                                 |              |          |       |         |          | 
     | picorv32_core_genblk1.pcpi_mul_mul_2371_47_cdnfadd | CI v -> CO v | ADDFX1   | 0.034 |   2.303 |    3.853 | 
     | 56                                                 |              |          |       |         |          | 
     | picorv32_core_genblk1.pcpi_mul_mul_2371_47_cdnfadd | CI v -> CO v | ADDFX1   | 0.034 |   2.337 |    3.887 | 
     | 57                                                 |              |          |       |         |          | 
     | picorv32_core_genblk1.pcpi_mul_mul_2371_47_cdnfadd | CI v -> CO v | ADDFX1   | 0.034 |   2.371 |    3.921 | 
     | 58                                                 |              |          |       |         |          | 
     | picorv32_core_genblk1.pcpi_mul_mul_2371_47_cdnfadd | CI v -> S ^  | ADDFX1   | 0.050 |   2.421 |    3.971 | 
     | 59                                                 |              |          |       |         |          | 
     | picorv32_core_genblk1.pcpi_mul_rd_reg[59]          | D ^          | DFFQXL   | 0.000 |   2.421 |    3.971 | 
     +-----------------------------------------------------------------------------------------------------------+ 
Path 6: MET Setup Check with Pin picorv32_core_genblk1.pcpi_mul_rd_reg[58]/CK 
Endpoint:   picorv32_core_genblk1.pcpi_mul_rd_reg[58]/D (^) checked with  
leading edge of 'clk'
Beginpoint: picorv32_core_genblk1.pcpi_mul_rs2_reg[5]/Q (^) triggered by  
leading edge of 'clk'
Path Groups: {reg2reg}
Analysis View: analysis1
Other End Arrival Time          0.004
- Setup                         0.013
+ Phase Shift                   4.000
- Uncertainty                   0.020
= Required Time                 3.971
- Arrival Time                  2.386
= Slack Time                    1.585
     Clock Rise Edge                 0.000
     + Clock Network Latency (Prop)  0.002
     = Beginpoint Arrival Time       0.002
     +-----------------------------------------------------------------------------------------------------------+ 
     |                      Instance                      |     Arc      |   Cell   | Delay | Arrival | Required | 
     |                                                    |              |          |       |  Time   |   Time   | 
     |----------------------------------------------------+--------------+----------+-------+---------+----------| 
     | picorv32_core_genblk1.pcpi_mul_rs2_reg[5]          | CK ^         |          |       |   0.002 |    1.588 | 
     | picorv32_core_genblk1.pcpi_mul_rs2_reg[5]          | CK ^ -> Q ^  | MDFFHQX1 | 0.132 |   0.134 |    1.720 | 
     | picorv32_core_genblk1.pcpi_mul_mul_2371_47_g14046  | A ^ -> Y v   | INVX1    | 0.055 |   0.190 |    1.775 | 
     | picorv32_core_genblk1.pcpi_mul_mul_2371_47_g13987  | B v -> Y ^   | XNOR2X1  | 0.031 |   0.221 |    1.806 | 
     | picorv32_core_genblk1.pcpi_mul_mul_2371_47_g13897  | A ^ -> Y ^   | OR2X1    | 0.082 |   0.303 |    1.889 | 
     | picorv32_core_genblk1.pcpi_mul_mul_2371_47_g13890  | A ^ -> Y v   | INVX1    | 0.053 |   0.356 |    1.941 | 
     | picorv32_core_genblk1.pcpi_mul_mul_2371_47_g13740  | A1 v -> Y ^  | OAI21X1  | 0.029 |   0.384 |    1.970 | 
     | picorv32_core_genblk1.pcpi_mul_mul_2371_47_g13494  | B ^ -> Y ^   | XNOR2X1  | 0.025 |   0.409 |    1.995 | 
     | picorv32_core_genblk1.pcpi_mul_mul_2371_47_g13440  | B ^ -> S v   | ADDHX1   | 0.031 |   0.440 |    2.026 | 
     | picorv32_core_genblk1.pcpi_mul_mul_2371_47_cdnfadd | A v -> CO v  | ADDFX1   | 0.036 |   0.476 |    2.062 | 
     | 3                                                  |              |          |       |         |          | 
     | picorv32_core_genblk1.pcpi_mul_mul_2371_47_cdnfadd | CI v -> CO v | ADDFX1   | 0.035 |   0.511 |    2.096 | 
     | 4                                                  |              |          |       |         |          | 
     | picorv32_core_genblk1.pcpi_mul_mul_2371_47_cdnfadd | CI v -> CO v | ADDFX1   | 0.035 |   0.546 |    2.131 | 
     | 5                                                  |              |          |       |         |          | 
     | picorv32_core_genblk1.pcpi_mul_mul_2371_47_cdnfadd | CI v -> CO v | ADDFX1   | 0.034 |   0.580 |    2.165 | 
     | 6                                                  |              |          |       |         |          | 
     | picorv32_core_genblk1.pcpi_mul_mul_2371_47_cdnfadd | CI v -> CO v | ADDFX1   | 0.034 |   0.614 |    2.199 | 
     | 7                                                  |              |          |       |         |          | 
     | picorv32_core_genblk1.pcpi_mul_mul_2371_47_cdnfadd | CI v -> CO v | ADDFX1   | 0.034 |   0.648 |    2.233 | 
     | 8                                                  |              |          |       |         |          | 
     | picorv32_core_genblk1.pcpi_mul_mul_2371_47_cdnfadd | CI v -> CO v | ADDFX1   | 0.034 |   0.682 |    2.267 | 
     | 9                                                  |              |          |       |         |          | 
     | picorv32_core_genblk1.pcpi_mul_mul_2371_47_cdnfadd | CI v -> CO v | ADDFX1   | 0.034 |   0.716 |    2.302 | 
     | 10                                                 |              |          |       |         |          | 
     | picorv32_core_genblk1.pcpi_mul_mul_2371_47_cdnfadd | CI v -> CO v | ADDFX1   | 0.034 |   0.750 |    2.335 | 
     | 11                                                 |              |          |       |         |          | 
     | picorv32_core_genblk1.pcpi_mul_mul_2371_47_cdnfadd | CI v -> CO v | ADDFX1   | 0.035 |   0.784 |    2.370 | 
     | 12                                                 |              |          |       |         |          | 
     | picorv32_core_genblk1.pcpi_mul_mul_2371_47_cdnfadd | CI v -> CO v | ADDFX1   | 0.034 |   0.818 |    2.403 | 
     | 13                                                 |              |          |       |         |          | 
     | picorv32_core_genblk1.pcpi_mul_mul_2371_47_cdnfadd | CI v -> CO v | ADDFX1   | 0.034 |   0.852 |    2.438 | 
     | 14                                                 |              |          |       |         |          | 
     | picorv32_core_genblk1.pcpi_mul_mul_2371_47_cdnfadd | CI v -> CO v | ADDFX1   | 0.033 |   0.886 |    2.471 | 
     | 15                                                 |              |          |       |         |          | 
     | picorv32_core_genblk1.pcpi_mul_mul_2371_47_cdnfadd | CI v -> CO v | ADDFX1   | 0.034 |   0.919 |    2.505 | 
     | 16                                                 |              |          |       |         |          | 
     | picorv32_core_genblk1.pcpi_mul_mul_2371_47_cdnfadd | CI v -> CO v | ADDFX1   | 0.034 |   0.953 |    2.539 | 
     | 17                                                 |              |          |       |         |          | 
     | picorv32_core_genblk1.pcpi_mul_mul_2371_47_cdnfadd | CI v -> CO v | ADDFX1   | 0.034 |   0.987 |    2.572 | 
     | 18                                                 |              |          |       |         |          | 
     | picorv32_core_genblk1.pcpi_mul_mul_2371_47_cdnfadd | CI v -> CO v | ADDFX1   | 0.034 |   1.021 |    2.607 | 
     | 19                                                 |              |          |       |         |          | 
     | picorv32_core_genblk1.pcpi_mul_mul_2371_47_cdnfadd | CI v -> CO v | ADDFX1   | 0.035 |   1.056 |    2.641 | 
     | 20                                                 |              |          |       |         |          | 
     | picorv32_core_genblk1.pcpi_mul_mul_2371_47_cdnfadd | CI v -> CO v | ADDFX1   | 0.034 |   1.090 |    2.676 | 
     | 21                                                 |              |          |       |         |          | 
     | picorv32_core_genblk1.pcpi_mul_mul_2371_47_cdnfadd | CI v -> CO v | ADDFX1   | 0.034 |   1.124 |    2.710 | 
     | 22                                                 |              |          |       |         |          | 
     | picorv32_core_genblk1.pcpi_mul_mul_2371_47_cdnfadd | CI v -> CO v | ADDFX1   | 0.034 |   1.158 |    2.744 | 
     | 23                                                 |              |          |       |         |          | 
     | picorv32_core_genblk1.pcpi_mul_mul_2371_47_cdnfadd | CI v -> CO v | ADDFX1   | 0.036 |   1.194 |    2.779 | 
     | 24                                                 |              |          |       |         |          | 
     | picorv32_core_genblk1.pcpi_mul_mul_2371_47_cdnfadd | CI v -> CO v | ADDFX1   | 0.035 |   1.229 |    2.814 | 
     | 25                                                 |              |          |       |         |          | 
     | picorv32_core_genblk1.pcpi_mul_mul_2371_47_cdnfadd | CI v -> CO v | ADDFX1   | 0.033 |   1.262 |    2.847 | 
     | 26                                                 |              |          |       |         |          | 
     | picorv32_core_genblk1.pcpi_mul_mul_2371_47_cdnfadd | CI v -> CO v | ADDFX1   | 0.034 |   1.296 |    2.882 | 
     | 27                                                 |              |          |       |         |          | 
     | picorv32_core_genblk1.pcpi_mul_mul_2371_47_cdnfadd | CI v -> CO v | ADDFX1   | 0.034 |   1.330 |    2.916 | 
     | 28                                                 |              |          |       |         |          | 
     | picorv32_core_genblk1.pcpi_mul_mul_2371_47_cdnfadd | CI v -> CO v | ADDFX1   | 0.035 |   1.365 |    2.950 | 
     | 29                                                 |              |          |       |         |          | 
     | picorv32_core_genblk1.pcpi_mul_mul_2371_47_cdnfadd | CI v -> CO v | ADDFX1   | 0.035 |   1.400 |    2.985 | 
     | 30                                                 |              |          |       |         |          | 
     | picorv32_core_genblk1.pcpi_mul_mul_2371_47_cdnfadd | CI v -> CO v | ADDFX1   | 0.039 |   1.439 |    3.025 | 
     | 31                                                 |              |          |       |         |          | 
     | picorv32_core_genblk1.pcpi_mul_mul_2371_47_cdnfadd | CI v -> CO v | ADDFX1   | 0.036 |   1.476 |    3.061 | 
     | 32                                                 |              |          |       |         |          | 
     | picorv32_core_genblk1.pcpi_mul_mul_2371_47_cdnfadd | CI v -> CO v | ADDFX1   | 0.035 |   1.510 |    3.096 | 
     | 33                                                 |              |          |       |         |          | 
     | picorv32_core_genblk1.pcpi_mul_mul_2371_47_cdnfadd | CI v -> CO v | ADDFX1   | 0.035 |   1.545 |    3.131 | 
     | 34                                                 |              |          |       |         |          | 
     | picorv32_core_genblk1.pcpi_mul_mul_2371_47_cdnfadd | CI v -> CO v | ADDFX1   | 0.034 |   1.580 |    3.165 | 
     | 35                                                 |              |          |       |         |          | 
     | picorv32_core_genblk1.pcpi_mul_mul_2371_47_cdnfadd | CI v -> CO v | ADDFX1   | 0.034 |   1.613 |    3.199 | 
     | 36                                                 |              |          |       |         |          | 
     | picorv32_core_genblk1.pcpi_mul_mul_2371_47_cdnfadd | CI v -> CO v | ADDFX1   | 0.034 |   1.647 |    3.232 | 
     | 37                                                 |              |          |       |         |          | 
     | picorv32_core_genblk1.pcpi_mul_mul_2371_47_cdnfadd | CI v -> CO v | ADDFX1   | 0.033 |   1.680 |    3.266 | 
     | 38                                                 |              |          |       |         |          | 
     | picorv32_core_genblk1.pcpi_mul_mul_2371_47_cdnfadd | CI v -> CO v | ADDFX1   | 0.034 |   1.714 |    3.299 | 
     | 39                                                 |              |          |       |         |          | 
     | picorv32_core_genblk1.pcpi_mul_mul_2371_47_cdnfadd | CI v -> CO v | ADDFX1   | 0.033 |   1.747 |    3.333 | 
     | 40                                                 |              |          |       |         |          | 
     | picorv32_core_genblk1.pcpi_mul_mul_2371_47_cdnfadd | CI v -> CO v | ADDFX1   | 0.034 |   1.781 |    3.366 | 
     | 41                                                 |              |          |       |         |          | 
     | picorv32_core_genblk1.pcpi_mul_mul_2371_47_cdnfadd | CI v -> CO v | ADDFX1   | 0.034 |   1.815 |    3.401 | 
     | 42                                                 |              |          |       |         |          | 
     | picorv32_core_genblk1.pcpi_mul_mul_2371_47_cdnfadd | CI v -> CO v | ADDFX1   | 0.035 |   1.850 |    3.436 | 
     | 43                                                 |              |          |       |         |          | 
     | picorv32_core_genblk1.pcpi_mul_mul_2371_47_cdnfadd | CI v -> CO v | ADDFX1   | 0.035 |   1.885 |    3.471 | 
     | 44                                                 |              |          |       |         |          | 
     | picorv32_core_genblk1.pcpi_mul_mul_2371_47_cdnfadd | CI v -> CO v | ADDFX1   | 0.035 |   1.920 |    3.505 | 
     | 45                                                 |              |          |       |         |          | 
     | picorv32_core_genblk1.pcpi_mul_mul_2371_47_cdnfadd | CI v -> CO v | ADDFX1   | 0.035 |   1.955 |    3.541 | 
     | 46                                                 |              |          |       |         |          | 
     | picorv32_core_genblk1.pcpi_mul_mul_2371_47_cdnfadd | CI v -> CO v | ADDFX1   | 0.034 |   1.989 |    3.574 | 
     | 47                                                 |              |          |       |         |          | 
     | picorv32_core_genblk1.pcpi_mul_mul_2371_47_cdnfadd | CI v -> CO v | ADDFX1   | 0.036 |   2.025 |    3.610 | 
     | 48                                                 |              |          |       |         |          | 
     | picorv32_core_genblk1.pcpi_mul_mul_2371_47_cdnfadd | CI v -> CO v | ADDFX1   | 0.035 |   2.060 |    3.645 | 
     | 49                                                 |              |          |       |         |          | 
     | picorv32_core_genblk1.pcpi_mul_mul_2371_47_cdnfadd | CI v -> CO v | ADDFX1   | 0.034 |   2.094 |    3.679 | 
     | 50                                                 |              |          |       |         |          | 
     | picorv32_core_genblk1.pcpi_mul_mul_2371_47_cdnfadd | CI v -> CO v | ADDFX1   | 0.035 |   2.129 |    3.714 | 
     | 51                                                 |              |          |       |         |          | 
     | picorv32_core_genblk1.pcpi_mul_mul_2371_47_cdnfadd | CI v -> CO v | ADDFX1   | 0.034 |   2.163 |    3.748 | 
     | 52                                                 |              |          |       |         |          | 
     | picorv32_core_genblk1.pcpi_mul_mul_2371_47_cdnfadd | CI v -> CO v | ADDFX1   | 0.035 |   2.198 |    3.783 | 
     | 53                                                 |              |          |       |         |          | 
     | picorv32_core_genblk1.pcpi_mul_mul_2371_47_cdnfadd | CI v -> CO v | ADDFX1   | 0.037 |   2.234 |    3.820 | 
     | 54                                                 |              |          |       |         |          | 
     | picorv32_core_genblk1.pcpi_mul_mul_2371_47_cdnfadd | CI v -> CO v | ADDFX1   | 0.034 |   2.268 |    3.854 | 
     | 55                                                 |              |          |       |         |          | 
     | picorv32_core_genblk1.pcpi_mul_mul_2371_47_cdnfadd | CI v -> CO v | ADDFX1   | 0.034 |   2.303 |    3.888 | 
     | 56                                                 |              |          |       |         |          | 
     | picorv32_core_genblk1.pcpi_mul_mul_2371_47_cdnfadd | CI v -> CO v | ADDFX1   | 0.034 |   2.337 |    3.922 | 
     | 57                                                 |              |          |       |         |          | 
     | picorv32_core_genblk1.pcpi_mul_mul_2371_47_cdnfadd | CI v -> S ^  | ADDFX1   | 0.049 |   2.386 |    3.971 | 
     | 58                                                 |              |          |       |         |          | 
     | picorv32_core_genblk1.pcpi_mul_rd_reg[58]          | D ^          | DFFQXL   | 0.000 |   2.386 |    3.971 | 
     +-----------------------------------------------------------------------------------------------------------+ 
Path 7: MET Setup Check with Pin picorv32_core_genblk1.pcpi_mul_rd_reg[57]/CK 
Endpoint:   picorv32_core_genblk1.pcpi_mul_rd_reg[57]/D (^) checked with  
leading edge of 'clk'
Beginpoint: picorv32_core_genblk1.pcpi_mul_rs2_reg[5]/Q (^) triggered by  
leading edge of 'clk'
Path Groups: {reg2reg}
Analysis View: analysis1
Other End Arrival Time          0.004
- Setup                         0.013
+ Phase Shift                   4.000
- Uncertainty                   0.020
= Required Time                 3.971
- Arrival Time                  2.354
= Slack Time                    1.617
     Clock Rise Edge                 0.000
     + Clock Network Latency (Prop)  0.002
     = Beginpoint Arrival Time       0.002
     +-----------------------------------------------------------------------------------------------------------+ 
     |                      Instance                      |     Arc      |   Cell   | Delay | Arrival | Required | 
     |                                                    |              |          |       |  Time   |   Time   | 
     |----------------------------------------------------+--------------+----------+-------+---------+----------| 
     | picorv32_core_genblk1.pcpi_mul_rs2_reg[5]          | CK ^         |          |       |   0.002 |    1.619 | 
     | picorv32_core_genblk1.pcpi_mul_rs2_reg[5]          | CK ^ -> Q ^  | MDFFHQX1 | 0.132 |   0.134 |    1.751 | 
     | picorv32_core_genblk1.pcpi_mul_mul_2371_47_g14046  | A ^ -> Y v   | INVX1    | 0.055 |   0.190 |    1.806 | 
     | picorv32_core_genblk1.pcpi_mul_mul_2371_47_g13987  | B v -> Y ^   | XNOR2X1  | 0.031 |   0.221 |    1.837 | 
     | picorv32_core_genblk1.pcpi_mul_mul_2371_47_g13897  | A ^ -> Y ^   | OR2X1    | 0.082 |   0.303 |    1.920 | 
     | picorv32_core_genblk1.pcpi_mul_mul_2371_47_g13890  | A ^ -> Y v   | INVX1    | 0.053 |   0.356 |    1.972 | 
     | picorv32_core_genblk1.pcpi_mul_mul_2371_47_g13740  | A1 v -> Y ^  | OAI21X1  | 0.029 |   0.384 |    2.001 | 
     | picorv32_core_genblk1.pcpi_mul_mul_2371_47_g13494  | B ^ -> Y ^   | XNOR2X1  | 0.025 |   0.409 |    2.026 | 
     | picorv32_core_genblk1.pcpi_mul_mul_2371_47_g13440  | B ^ -> S v   | ADDHX1   | 0.031 |   0.440 |    2.057 | 
     | picorv32_core_genblk1.pcpi_mul_mul_2371_47_cdnfadd | A v -> CO v  | ADDFX1   | 0.036 |   0.476 |    2.093 | 
     | 3                                                  |              |          |       |         |          | 
     | picorv32_core_genblk1.pcpi_mul_mul_2371_47_cdnfadd | CI v -> CO v | ADDFX1   | 0.035 |   0.511 |    2.128 | 
     | 4                                                  |              |          |       |         |          | 
     | picorv32_core_genblk1.pcpi_mul_mul_2371_47_cdnfadd | CI v -> CO v | ADDFX1   | 0.035 |   0.546 |    2.162 | 
     | 5                                                  |              |          |       |         |          | 
     | picorv32_core_genblk1.pcpi_mul_mul_2371_47_cdnfadd | CI v -> CO v | ADDFX1   | 0.034 |   0.580 |    2.196 | 
     | 6                                                  |              |          |       |         |          | 
     | picorv32_core_genblk1.pcpi_mul_mul_2371_47_cdnfadd | CI v -> CO v | ADDFX1   | 0.034 |   0.614 |    2.230 | 
     | 7                                                  |              |          |       |         |          | 
     | picorv32_core_genblk1.pcpi_mul_mul_2371_47_cdnfadd | CI v -> CO v | ADDFX1   | 0.034 |   0.648 |    2.265 | 
     | 8                                                  |              |          |       |         |          | 
     | picorv32_core_genblk1.pcpi_mul_mul_2371_47_cdnfadd | CI v -> CO v | ADDFX1   | 0.034 |   0.682 |    2.299 | 
     | 9                                                  |              |          |       |         |          | 
     | picorv32_core_genblk1.pcpi_mul_mul_2371_47_cdnfadd | CI v -> CO v | ADDFX1   | 0.034 |   0.716 |    2.333 | 
     | 10                                                 |              |          |       |         |          | 
     | picorv32_core_genblk1.pcpi_mul_mul_2371_47_cdnfadd | CI v -> CO v | ADDFX1   | 0.034 |   0.750 |    2.366 | 
     | 11                                                 |              |          |       |         |          | 
     | picorv32_core_genblk1.pcpi_mul_mul_2371_47_cdnfadd | CI v -> CO v | ADDFX1   | 0.035 |   0.784 |    2.401 | 
     | 12                                                 |              |          |       |         |          | 
     | picorv32_core_genblk1.pcpi_mul_mul_2371_47_cdnfadd | CI v -> CO v | ADDFX1   | 0.034 |   0.818 |    2.435 | 
     | 13                                                 |              |          |       |         |          | 
     | picorv32_core_genblk1.pcpi_mul_mul_2371_47_cdnfadd | CI v -> CO v | ADDFX1   | 0.034 |   0.852 |    2.469 | 
     | 14                                                 |              |          |       |         |          | 
     | picorv32_core_genblk1.pcpi_mul_mul_2371_47_cdnfadd | CI v -> CO v | ADDFX1   | 0.033 |   0.886 |    2.502 | 
     | 15                                                 |              |          |       |         |          | 
     | picorv32_core_genblk1.pcpi_mul_mul_2371_47_cdnfadd | CI v -> CO v | ADDFX1   | 0.034 |   0.919 |    2.536 | 
     | 16                                                 |              |          |       |         |          | 
     | picorv32_core_genblk1.pcpi_mul_mul_2371_47_cdnfadd | CI v -> CO v | ADDFX1   | 0.034 |   0.953 |    2.570 | 
     | 17                                                 |              |          |       |         |          | 
     | picorv32_core_genblk1.pcpi_mul_mul_2371_47_cdnfadd | CI v -> CO v | ADDFX1   | 0.034 |   0.987 |    2.603 | 
     | 18                                                 |              |          |       |         |          | 
     | picorv32_core_genblk1.pcpi_mul_mul_2371_47_cdnfadd | CI v -> CO v | ADDFX1   | 0.034 |   1.021 |    2.638 | 
     | 19                                                 |              |          |       |         |          | 
     | picorv32_core_genblk1.pcpi_mul_mul_2371_47_cdnfadd | CI v -> CO v | ADDFX1   | 0.035 |   1.056 |    2.672 | 
     | 20                                                 |              |          |       |         |          | 
     | picorv32_core_genblk1.pcpi_mul_mul_2371_47_cdnfadd | CI v -> CO v | ADDFX1   | 0.034 |   1.090 |    2.707 | 
     | 21                                                 |              |          |       |         |          | 
     | picorv32_core_genblk1.pcpi_mul_mul_2371_47_cdnfadd | CI v -> CO v | ADDFX1   | 0.034 |   1.124 |    2.741 | 
     | 22                                                 |              |          |       |         |          | 
     | picorv32_core_genblk1.pcpi_mul_mul_2371_47_cdnfadd | CI v -> CO v | ADDFX1   | 0.034 |   1.158 |    2.775 | 
     | 23                                                 |              |          |       |         |          | 
     | picorv32_core_genblk1.pcpi_mul_mul_2371_47_cdnfadd | CI v -> CO v | ADDFX1   | 0.036 |   1.194 |    2.810 | 
     | 24                                                 |              |          |       |         |          | 
     | picorv32_core_genblk1.pcpi_mul_mul_2371_47_cdnfadd | CI v -> CO v | ADDFX1   | 0.035 |   1.229 |    2.845 | 
     | 25                                                 |              |          |       |         |          | 
     | picorv32_core_genblk1.pcpi_mul_mul_2371_47_cdnfadd | CI v -> CO v | ADDFX1   | 0.033 |   1.262 |    2.878 | 
     | 26                                                 |              |          |       |         |          | 
     | picorv32_core_genblk1.pcpi_mul_mul_2371_47_cdnfadd | CI v -> CO v | ADDFX1   | 0.034 |   1.296 |    2.913 | 
     | 27                                                 |              |          |       |         |          | 
     | picorv32_core_genblk1.pcpi_mul_mul_2371_47_cdnfadd | CI v -> CO v | ADDFX1   | 0.034 |   1.330 |    2.947 | 
     | 28                                                 |              |          |       |         |          | 
     | picorv32_core_genblk1.pcpi_mul_mul_2371_47_cdnfadd | CI v -> CO v | ADDFX1   | 0.035 |   1.365 |    2.981 | 
     | 29                                                 |              |          |       |         |          | 
     | picorv32_core_genblk1.pcpi_mul_mul_2371_47_cdnfadd | CI v -> CO v | ADDFX1   | 0.035 |   1.400 |    3.016 | 
     | 30                                                 |              |          |       |         |          | 
     | picorv32_core_genblk1.pcpi_mul_mul_2371_47_cdnfadd | CI v -> CO v | ADDFX1   | 0.039 |   1.439 |    3.056 | 
     | 31                                                 |              |          |       |         |          | 
     | picorv32_core_genblk1.pcpi_mul_mul_2371_47_cdnfadd | CI v -> CO v | ADDFX1   | 0.036 |   1.476 |    3.092 | 
     | 32                                                 |              |          |       |         |          | 
     | picorv32_core_genblk1.pcpi_mul_mul_2371_47_cdnfadd | CI v -> CO v | ADDFX1   | 0.035 |   1.510 |    3.127 | 
     | 33                                                 |              |          |       |         |          | 
     | picorv32_core_genblk1.pcpi_mul_mul_2371_47_cdnfadd | CI v -> CO v | ADDFX1   | 0.035 |   1.545 |    3.162 | 
     | 34                                                 |              |          |       |         |          | 
     | picorv32_core_genblk1.pcpi_mul_mul_2371_47_cdnfadd | CI v -> CO v | ADDFX1   | 0.034 |   1.580 |    3.196 | 
     | 35                                                 |              |          |       |         |          | 
     | picorv32_core_genblk1.pcpi_mul_mul_2371_47_cdnfadd | CI v -> CO v | ADDFX1   | 0.034 |   1.613 |    3.230 | 
     | 36                                                 |              |          |       |         |          | 
     | picorv32_core_genblk1.pcpi_mul_mul_2371_47_cdnfadd | CI v -> CO v | ADDFX1   | 0.034 |   1.647 |    3.263 | 
     | 37                                                 |              |          |       |         |          | 
     | picorv32_core_genblk1.pcpi_mul_mul_2371_47_cdnfadd | CI v -> CO v | ADDFX1   | 0.033 |   1.680 |    3.297 | 
     | 38                                                 |              |          |       |         |          | 
     | picorv32_core_genblk1.pcpi_mul_mul_2371_47_cdnfadd | CI v -> CO v | ADDFX1   | 0.034 |   1.714 |    3.330 | 
     | 39                                                 |              |          |       |         |          | 
     | picorv32_core_genblk1.pcpi_mul_mul_2371_47_cdnfadd | CI v -> CO v | ADDFX1   | 0.033 |   1.747 |    3.364 | 
     | 40                                                 |              |          |       |         |          | 
     | picorv32_core_genblk1.pcpi_mul_mul_2371_47_cdnfadd | CI v -> CO v | ADDFX1   | 0.034 |   1.781 |    3.397 | 
     | 41                                                 |              |          |       |         |          | 
     | picorv32_core_genblk1.pcpi_mul_mul_2371_47_cdnfadd | CI v -> CO v | ADDFX1   | 0.034 |   1.815 |    3.432 | 
     | 42                                                 |              |          |       |         |          | 
     | picorv32_core_genblk1.pcpi_mul_mul_2371_47_cdnfadd | CI v -> CO v | ADDFX1   | 0.035 |   1.850 |    3.467 | 
     | 43                                                 |              |          |       |         |          | 
     | picorv32_core_genblk1.pcpi_mul_mul_2371_47_cdnfadd | CI v -> CO v | ADDFX1   | 0.035 |   1.885 |    3.502 | 
     | 44                                                 |              |          |       |         |          | 
     | picorv32_core_genblk1.pcpi_mul_mul_2371_47_cdnfadd | CI v -> CO v | ADDFX1   | 0.035 |   1.920 |    3.536 | 
     | 45                                                 |              |          |       |         |          | 
     | picorv32_core_genblk1.pcpi_mul_mul_2371_47_cdnfadd | CI v -> CO v | ADDFX1   | 0.035 |   1.955 |    3.572 | 
     | 46                                                 |              |          |       |         |          | 
     | picorv32_core_genblk1.pcpi_mul_mul_2371_47_cdnfadd | CI v -> CO v | ADDFX1   | 0.034 |   1.989 |    3.605 | 
     | 47                                                 |              |          |       |         |          | 
     | picorv32_core_genblk1.pcpi_mul_mul_2371_47_cdnfadd | CI v -> CO v | ADDFX1   | 0.036 |   2.025 |    3.641 | 
     | 48                                                 |              |          |       |         |          | 
     | picorv32_core_genblk1.pcpi_mul_mul_2371_47_cdnfadd | CI v -> CO v | ADDFX1   | 0.035 |   2.060 |    3.676 | 
     | 49                                                 |              |          |       |         |          | 
     | picorv32_core_genblk1.pcpi_mul_mul_2371_47_cdnfadd | CI v -> CO v | ADDFX1   | 0.034 |   2.094 |    3.710 | 
     | 50                                                 |              |          |       |         |          | 
     | picorv32_core_genblk1.pcpi_mul_mul_2371_47_cdnfadd | CI v -> CO v | ADDFX1   | 0.035 |   2.129 |    3.745 | 
     | 51                                                 |              |          |       |         |          | 
     | picorv32_core_genblk1.pcpi_mul_mul_2371_47_cdnfadd | CI v -> CO v | ADDFX1   | 0.034 |   2.163 |    3.779 | 
     | 52                                                 |              |          |       |         |          | 
     | picorv32_core_genblk1.pcpi_mul_mul_2371_47_cdnfadd | CI v -> CO v | ADDFX1   | 0.035 |   2.198 |    3.814 | 
     | 53                                                 |              |          |       |         |          | 
     | picorv32_core_genblk1.pcpi_mul_mul_2371_47_cdnfadd | CI v -> CO v | ADDFX1   | 0.037 |   2.234 |    3.851 | 
     | 54                                                 |              |          |       |         |          | 
     | picorv32_core_genblk1.pcpi_mul_mul_2371_47_cdnfadd | CI v -> CO v | ADDFX1   | 0.034 |   2.268 |    3.885 | 
     | 55                                                 |              |          |       |         |          | 
     | picorv32_core_genblk1.pcpi_mul_mul_2371_47_cdnfadd | CI v -> CO v | ADDFX1   | 0.034 |   2.303 |    3.919 | 
     | 56                                                 |              |          |       |         |          | 
     | picorv32_core_genblk1.pcpi_mul_mul_2371_47_cdnfadd | CI v -> S ^  | ADDFX1   | 0.051 |   2.354 |    3.971 | 
     | 57                                                 |              |          |       |         |          | 
     | picorv32_core_genblk1.pcpi_mul_rd_reg[57]          | D ^          | DFFQXL   | 0.000 |   2.354 |    3.971 | 
     +-----------------------------------------------------------------------------------------------------------+ 
Path 8: MET Setup Check with Pin picorv32_core_genblk1.pcpi_mul_rd_reg[56]/CK 
Endpoint:   picorv32_core_genblk1.pcpi_mul_rd_reg[56]/D (^) checked with  
leading edge of 'clk'
Beginpoint: picorv32_core_genblk1.pcpi_mul_rs2_reg[5]/Q (^) triggered by  
leading edge of 'clk'
Path Groups: {reg2reg}
Analysis View: analysis1
Other End Arrival Time          0.004
- Setup                         0.014
+ Phase Shift                   4.000
- Uncertainty                   0.020
= Required Time                 3.970
- Arrival Time                  2.322
= Slack Time                    1.648
     Clock Rise Edge                 0.000
     + Clock Network Latency (Prop)  0.002
     = Beginpoint Arrival Time       0.002
     +-----------------------------------------------------------------------------------------------------------+ 
     |                      Instance                      |     Arc      |   Cell   | Delay | Arrival | Required | 
     |                                                    |              |          |       |  Time   |   Time   | 
     |----------------------------------------------------+--------------+----------+-------+---------+----------| 
     | picorv32_core_genblk1.pcpi_mul_rs2_reg[5]          | CK ^         |          |       |   0.002 |    1.650 | 
     | picorv32_core_genblk1.pcpi_mul_rs2_reg[5]          | CK ^ -> Q ^  | MDFFHQX1 | 0.132 |   0.134 |    1.783 | 
     | picorv32_core_genblk1.pcpi_mul_mul_2371_47_g14046  | A ^ -> Y v   | INVX1    | 0.055 |   0.190 |    1.838 | 
     | picorv32_core_genblk1.pcpi_mul_mul_2371_47_g13987  | B v -> Y ^   | XNOR2X1  | 0.031 |   0.221 |    1.869 | 
     | picorv32_core_genblk1.pcpi_mul_mul_2371_47_g13897  | A ^ -> Y ^   | OR2X1    | 0.082 |   0.303 |    1.951 | 
     | picorv32_core_genblk1.pcpi_mul_mul_2371_47_g13890  | A ^ -> Y v   | INVX1    | 0.053 |   0.356 |    2.004 | 
     | picorv32_core_genblk1.pcpi_mul_mul_2371_47_g13740  | A1 v -> Y ^  | OAI21X1  | 0.029 |   0.384 |    2.033 | 
     | picorv32_core_genblk1.pcpi_mul_mul_2371_47_g13494  | B ^ -> Y ^   | XNOR2X1  | 0.025 |   0.409 |    2.057 | 
     | picorv32_core_genblk1.pcpi_mul_mul_2371_47_g13440  | B ^ -> S v   | ADDHX1   | 0.031 |   0.440 |    2.089 | 
     | picorv32_core_genblk1.pcpi_mul_mul_2371_47_cdnfadd | A v -> CO v  | ADDFX1   | 0.036 |   0.476 |    2.125 | 
     | 3                                                  |              |          |       |         |          | 
     | picorv32_core_genblk1.pcpi_mul_mul_2371_47_cdnfadd | CI v -> CO v | ADDFX1   | 0.035 |   0.511 |    2.159 | 
     | 4                                                  |              |          |       |         |          | 
     | picorv32_core_genblk1.pcpi_mul_mul_2371_47_cdnfadd | CI v -> CO v | ADDFX1   | 0.035 |   0.546 |    2.194 | 
     | 5                                                  |              |          |       |         |          | 
     | picorv32_core_genblk1.pcpi_mul_mul_2371_47_cdnfadd | CI v -> CO v | ADDFX1   | 0.034 |   0.580 |    2.228 | 
     | 6                                                  |              |          |       |         |          | 
     | picorv32_core_genblk1.pcpi_mul_mul_2371_47_cdnfadd | CI v -> CO v | ADDFX1   | 0.034 |   0.614 |    2.262 | 
     | 7                                                  |              |          |       |         |          | 
     | picorv32_core_genblk1.pcpi_mul_mul_2371_47_cdnfadd | CI v -> CO v | ADDFX1   | 0.034 |   0.648 |    2.296 | 
     | 8                                                  |              |          |       |         |          | 
     | picorv32_core_genblk1.pcpi_mul_mul_2371_47_cdnfadd | CI v -> CO v | ADDFX1   | 0.034 |   0.682 |    2.330 | 
     | 9                                                  |              |          |       |         |          | 
     | picorv32_core_genblk1.pcpi_mul_mul_2371_47_cdnfadd | CI v -> CO v | ADDFX1   | 0.034 |   0.716 |    2.364 | 
     | 10                                                 |              |          |       |         |          | 
     | picorv32_core_genblk1.pcpi_mul_mul_2371_47_cdnfadd | CI v -> CO v | ADDFX1   | 0.034 |   0.750 |    2.398 | 
     | 11                                                 |              |          |       |         |          | 
     | picorv32_core_genblk1.pcpi_mul_mul_2371_47_cdnfadd | CI v -> CO v | ADDFX1   | 0.035 |   0.784 |    2.433 | 
     | 12                                                 |              |          |       |         |          | 
     | picorv32_core_genblk1.pcpi_mul_mul_2371_47_cdnfadd | CI v -> CO v | ADDFX1   | 0.034 |   0.818 |    2.466 | 
     | 13                                                 |              |          |       |         |          | 
     | picorv32_core_genblk1.pcpi_mul_mul_2371_47_cdnfadd | CI v -> CO v | ADDFX1   | 0.034 |   0.852 |    2.500 | 
     | 14                                                 |              |          |       |         |          | 
     | picorv32_core_genblk1.pcpi_mul_mul_2371_47_cdnfadd | CI v -> CO v | ADDFX1   | 0.033 |   0.886 |    2.534 | 
     | 15                                                 |              |          |       |         |          | 
     | picorv32_core_genblk1.pcpi_mul_mul_2371_47_cdnfadd | CI v -> CO v | ADDFX1   | 0.034 |   0.919 |    2.568 | 
     | 16                                                 |              |          |       |         |          | 
     | picorv32_core_genblk1.pcpi_mul_mul_2371_47_cdnfadd | CI v -> CO v | ADDFX1   | 0.034 |   0.953 |    2.601 | 
     | 17                                                 |              |          |       |         |          | 
     | picorv32_core_genblk1.pcpi_mul_mul_2371_47_cdnfadd | CI v -> CO v | ADDFX1   | 0.034 |   0.987 |    2.635 | 
     | 18                                                 |              |          |       |         |          | 
     | picorv32_core_genblk1.pcpi_mul_mul_2371_47_cdnfadd | CI v -> CO v | ADDFX1   | 0.034 |   1.021 |    2.670 | 
     | 19                                                 |              |          |       |         |          | 
     | picorv32_core_genblk1.pcpi_mul_mul_2371_47_cdnfadd | CI v -> CO v | ADDFX1   | 0.035 |   1.056 |    2.704 | 
     | 20                                                 |              |          |       |         |          | 
     | picorv32_core_genblk1.pcpi_mul_mul_2371_47_cdnfadd | CI v -> CO v | ADDFX1   | 0.034 |   1.090 |    2.738 | 
     | 21                                                 |              |          |       |         |          | 
     | picorv32_core_genblk1.pcpi_mul_mul_2371_47_cdnfadd | CI v -> CO v | ADDFX1   | 0.034 |   1.124 |    2.773 | 
     | 22                                                 |              |          |       |         |          | 
     | picorv32_core_genblk1.pcpi_mul_mul_2371_47_cdnfadd | CI v -> CO v | ADDFX1   | 0.034 |   1.158 |    2.806 | 
     | 23                                                 |              |          |       |         |          | 
     | picorv32_core_genblk1.pcpi_mul_mul_2371_47_cdnfadd | CI v -> CO v | ADDFX1   | 0.036 |   1.194 |    2.842 | 
     | 24                                                 |              |          |       |         |          | 
     | picorv32_core_genblk1.pcpi_mul_mul_2371_47_cdnfadd | CI v -> CO v | ADDFX1   | 0.035 |   1.229 |    2.877 | 
     | 25                                                 |              |          |       |         |          | 
     | picorv32_core_genblk1.pcpi_mul_mul_2371_47_cdnfadd | CI v -> CO v | ADDFX1   | 0.033 |   1.262 |    2.910 | 
     | 26                                                 |              |          |       |         |          | 
     | picorv32_core_genblk1.pcpi_mul_mul_2371_47_cdnfadd | CI v -> CO v | ADDFX1   | 0.034 |   1.296 |    2.944 | 
     | 27                                                 |              |          |       |         |          | 
     | picorv32_core_genblk1.pcpi_mul_mul_2371_47_cdnfadd | CI v -> CO v | ADDFX1   | 0.034 |   1.330 |    2.979 | 
     | 28                                                 |              |          |       |         |          | 
     | picorv32_core_genblk1.pcpi_mul_mul_2371_47_cdnfadd | CI v -> CO v | ADDFX1   | 0.035 |   1.365 |    3.013 | 
     | 29                                                 |              |          |       |         |          | 
     | picorv32_core_genblk1.pcpi_mul_mul_2371_47_cdnfadd | CI v -> CO v | ADDFX1   | 0.035 |   1.400 |    3.048 | 
     | 30                                                 |              |          |       |         |          | 
     | picorv32_core_genblk1.pcpi_mul_mul_2371_47_cdnfadd | CI v -> CO v | ADDFX1   | 0.039 |   1.439 |    3.087 | 
     | 31                                                 |              |          |       |         |          | 
     | picorv32_core_genblk1.pcpi_mul_mul_2371_47_cdnfadd | CI v -> CO v | ADDFX1   | 0.036 |   1.476 |    3.124 | 
     | 32                                                 |              |          |       |         |          | 
     | picorv32_core_genblk1.pcpi_mul_mul_2371_47_cdnfadd | CI v -> CO v | ADDFX1   | 0.035 |   1.510 |    3.159 | 
     | 33                                                 |              |          |       |         |          | 
     | picorv32_core_genblk1.pcpi_mul_mul_2371_47_cdnfadd | CI v -> CO v | ADDFX1   | 0.035 |   1.545 |    3.194 | 
     | 34                                                 |              |          |       |         |          | 
     | picorv32_core_genblk1.pcpi_mul_mul_2371_47_cdnfadd | CI v -> CO v | ADDFX1   | 0.034 |   1.580 |    3.228 | 
     | 35                                                 |              |          |       |         |          | 
     | picorv32_core_genblk1.pcpi_mul_mul_2371_47_cdnfadd | CI v -> CO v | ADDFX1   | 0.034 |   1.613 |    3.261 | 
     | 36                                                 |              |          |       |         |          | 
     | picorv32_core_genblk1.pcpi_mul_mul_2371_47_cdnfadd | CI v -> CO v | ADDFX1   | 0.034 |   1.647 |    3.295 | 
     | 37                                                 |              |          |       |         |          | 
     | picorv32_core_genblk1.pcpi_mul_mul_2371_47_cdnfadd | CI v -> CO v | ADDFX1   | 0.033 |   1.680 |    3.328 | 
     | 38                                                 |              |          |       |         |          | 
     | picorv32_core_genblk1.pcpi_mul_mul_2371_47_cdnfadd | CI v -> CO v | ADDFX1   | 0.034 |   1.714 |    3.362 | 
     | 39                                                 |              |          |       |         |          | 
     | picorv32_core_genblk1.pcpi_mul_mul_2371_47_cdnfadd | CI v -> CO v | ADDFX1   | 0.033 |   1.747 |    3.395 | 
     | 40                                                 |              |          |       |         |          | 
     | picorv32_core_genblk1.pcpi_mul_mul_2371_47_cdnfadd | CI v -> CO v | ADDFX1   | 0.034 |   1.781 |    3.429 | 
     | 41                                                 |              |          |       |         |          | 
     | picorv32_core_genblk1.pcpi_mul_mul_2371_47_cdnfadd | CI v -> CO v | ADDFX1   | 0.034 |   1.815 |    3.463 | 
     | 42                                                 |              |          |       |         |          | 
     | picorv32_core_genblk1.pcpi_mul_mul_2371_47_cdnfadd | CI v -> CO v | ADDFX1   | 0.035 |   1.850 |    3.498 | 
     | 43                                                 |              |          |       |         |          | 
     | picorv32_core_genblk1.pcpi_mul_mul_2371_47_cdnfadd | CI v -> CO v | ADDFX1   | 0.035 |   1.885 |    3.533 | 
     | 44                                                 |              |          |       |         |          | 
     | picorv32_core_genblk1.pcpi_mul_mul_2371_47_cdnfadd | CI v -> CO v | ADDFX1   | 0.035 |   1.920 |    3.568 | 
     | 45                                                 |              |          |       |         |          | 
     | picorv32_core_genblk1.pcpi_mul_mul_2371_47_cdnfadd | CI v -> CO v | ADDFX1   | 0.035 |   1.955 |    3.603 | 
     | 46                                                 |              |          |       |         |          | 
     | picorv32_core_genblk1.pcpi_mul_mul_2371_47_cdnfadd | CI v -> CO v | ADDFX1   | 0.034 |   1.989 |    3.637 | 
     | 47                                                 |              |          |       |         |          | 
     | picorv32_core_genblk1.pcpi_mul_mul_2371_47_cdnfadd | CI v -> CO v | ADDFX1   | 0.036 |   2.025 |    3.673 | 
     | 48                                                 |              |          |       |         |          | 
     | picorv32_core_genblk1.pcpi_mul_mul_2371_47_cdnfadd | CI v -> CO v | ADDFX1   | 0.035 |   2.060 |    3.708 | 
     | 49                                                 |              |          |       |         |          | 
     | picorv32_core_genblk1.pcpi_mul_mul_2371_47_cdnfadd | CI v -> CO v | ADDFX1   | 0.034 |   2.094 |    3.742 | 
     | 50                                                 |              |          |       |         |          | 
     | picorv32_core_genblk1.pcpi_mul_mul_2371_47_cdnfadd | CI v -> CO v | ADDFX1   | 0.035 |   2.129 |    3.777 | 
     | 51                                                 |              |          |       |         |          | 
     | picorv32_core_genblk1.pcpi_mul_mul_2371_47_cdnfadd | CI v -> CO v | ADDFX1   | 0.034 |   2.163 |    3.811 | 
     | 52                                                 |              |          |       |         |          | 
     | picorv32_core_genblk1.pcpi_mul_mul_2371_47_cdnfadd | CI v -> CO v | ADDFX1   | 0.035 |   2.198 |    3.846 | 
     | 53                                                 |              |          |       |         |          | 
     | picorv32_core_genblk1.pcpi_mul_mul_2371_47_cdnfadd | CI v -> CO v | ADDFX1   | 0.037 |   2.234 |    3.882 | 
     | 54                                                 |              |          |       |         |          | 
     | picorv32_core_genblk1.pcpi_mul_mul_2371_47_cdnfadd | CI v -> CO v | ADDFX1   | 0.034 |   2.268 |    3.917 | 
     | 55                                                 |              |          |       |         |          | 
     | picorv32_core_genblk1.pcpi_mul_mul_2371_47_cdnfadd | CI v -> S ^  | ADDFX1   | 0.053 |   2.322 |    3.970 | 
     | 56                                                 |              |          |       |         |          | 
     | picorv32_core_genblk1.pcpi_mul_rd_reg[56]          | D ^          | DFFQXL   | 0.000 |   2.322 |    3.970 | 
     +-----------------------------------------------------------------------------------------------------------+ 
Path 9: MET Setup Check with Pin picorv32_core_genblk1.pcpi_mul_rd_reg[55]/CK 
Endpoint:   picorv32_core_genblk1.pcpi_mul_rd_reg[55]/D (^) checked with  
leading edge of 'clk'
Beginpoint: picorv32_core_genblk1.pcpi_mul_rs2_reg[5]/Q (^) triggered by  
leading edge of 'clk'
Path Groups: {reg2reg}
Analysis View: analysis1
Other End Arrival Time          0.004
- Setup                         0.013
+ Phase Shift                   4.000
- Uncertainty                   0.020
= Required Time                 3.970
- Arrival Time                  2.288
= Slack Time                    1.682
     Clock Rise Edge                 0.000
     + Clock Network Latency (Prop)  0.002
     = Beginpoint Arrival Time       0.002
     +-----------------------------------------------------------------------------------------------------------+ 
     |                      Instance                      |     Arc      |   Cell   | Delay | Arrival | Required | 
     |                                                    |              |          |       |  Time   |   Time   | 
     |----------------------------------------------------+--------------+----------+-------+---------+----------| 
     | picorv32_core_genblk1.pcpi_mul_rs2_reg[5]          | CK ^         |          |       |   0.002 |    1.685 | 
     | picorv32_core_genblk1.pcpi_mul_rs2_reg[5]          | CK ^ -> Q ^  | MDFFHQX1 | 0.132 |   0.134 |    1.817 | 
     | picorv32_core_genblk1.pcpi_mul_mul_2371_47_g14046  | A ^ -> Y v   | INVX1    | 0.055 |   0.190 |    1.872 | 
     | picorv32_core_genblk1.pcpi_mul_mul_2371_47_g13987  | B v -> Y ^   | XNOR2X1  | 0.031 |   0.221 |    1.903 | 
     | picorv32_core_genblk1.pcpi_mul_mul_2371_47_g13897  | A ^ -> Y ^   | OR2X1    | 0.082 |   0.303 |    1.985 | 
     | picorv32_core_genblk1.pcpi_mul_mul_2371_47_g13890  | A ^ -> Y v   | INVX1    | 0.053 |   0.356 |    2.038 | 
     | picorv32_core_genblk1.pcpi_mul_mul_2371_47_g13740  | A1 v -> Y ^  | OAI21X1  | 0.029 |   0.384 |    2.067 | 
     | picorv32_core_genblk1.pcpi_mul_mul_2371_47_g13494  | B ^ -> Y ^   | XNOR2X1  | 0.025 |   0.409 |    2.092 | 
     | picorv32_core_genblk1.pcpi_mul_mul_2371_47_g13440  | B ^ -> S v   | ADDHX1   | 0.031 |   0.440 |    2.123 | 
     | picorv32_core_genblk1.pcpi_mul_mul_2371_47_cdnfadd | A v -> CO v  | ADDFX1   | 0.036 |   0.476 |    2.159 | 
     | 3                                                  |              |          |       |         |          | 
     | picorv32_core_genblk1.pcpi_mul_mul_2371_47_cdnfadd | CI v -> CO v | ADDFX1   | 0.035 |   0.511 |    2.193 | 
     | 4                                                  |              |          |       |         |          | 
     | picorv32_core_genblk1.pcpi_mul_mul_2371_47_cdnfadd | CI v -> CO v | ADDFX1   | 0.035 |   0.546 |    2.228 | 
     | 5                                                  |              |          |       |         |          | 
     | picorv32_core_genblk1.pcpi_mul_mul_2371_47_cdnfadd | CI v -> CO v | ADDFX1   | 0.034 |   0.580 |    2.262 | 
     | 6                                                  |              |          |       |         |          | 
     | picorv32_core_genblk1.pcpi_mul_mul_2371_47_cdnfadd | CI v -> CO v | ADDFX1   | 0.034 |   0.614 |    2.296 | 
     | 7                                                  |              |          |       |         |          | 
     | picorv32_core_genblk1.pcpi_mul_mul_2371_47_cdnfadd | CI v -> CO v | ADDFX1   | 0.034 |   0.648 |    2.330 | 
     | 8                                                  |              |          |       |         |          | 
     | picorv32_core_genblk1.pcpi_mul_mul_2371_47_cdnfadd | CI v -> CO v | ADDFX1   | 0.034 |   0.682 |    2.364 | 
     | 9                                                  |              |          |       |         |          | 
     | picorv32_core_genblk1.pcpi_mul_mul_2371_47_cdnfadd | CI v -> CO v | ADDFX1   | 0.034 |   0.716 |    2.399 | 
     | 10                                                 |              |          |       |         |          | 
     | picorv32_core_genblk1.pcpi_mul_mul_2371_47_cdnfadd | CI v -> CO v | ADDFX1   | 0.034 |   0.750 |    2.432 | 
     | 11                                                 |              |          |       |         |          | 
     | picorv32_core_genblk1.pcpi_mul_mul_2371_47_cdnfadd | CI v -> CO v | ADDFX1   | 0.035 |   0.784 |    2.467 | 
     | 12                                                 |              |          |       |         |          | 
     | picorv32_core_genblk1.pcpi_mul_mul_2371_47_cdnfadd | CI v -> CO v | ADDFX1   | 0.034 |   0.818 |    2.500 | 
     | 13                                                 |              |          |       |         |          | 
     | picorv32_core_genblk1.pcpi_mul_mul_2371_47_cdnfadd | CI v -> CO v | ADDFX1   | 0.034 |   0.852 |    2.534 | 
     | 14                                                 |              |          |       |         |          | 
     | picorv32_core_genblk1.pcpi_mul_mul_2371_47_cdnfadd | CI v -> CO v | ADDFX1   | 0.033 |   0.886 |    2.568 | 
     | 15                                                 |              |          |       |         |          | 
     | picorv32_core_genblk1.pcpi_mul_mul_2371_47_cdnfadd | CI v -> CO v | ADDFX1   | 0.034 |   0.919 |    2.602 | 
     | 16                                                 |              |          |       |         |          | 
     | picorv32_core_genblk1.pcpi_mul_mul_2371_47_cdnfadd | CI v -> CO v | ADDFX1   | 0.034 |   0.953 |    2.635 | 
     | 17                                                 |              |          |       |         |          | 
     | picorv32_core_genblk1.pcpi_mul_mul_2371_47_cdnfadd | CI v -> CO v | ADDFX1   | 0.034 |   0.987 |    2.669 | 
     | 18                                                 |              |          |       |         |          | 
     | picorv32_core_genblk1.pcpi_mul_mul_2371_47_cdnfadd | CI v -> CO v | ADDFX1   | 0.034 |   1.021 |    2.704 | 
     | 19                                                 |              |          |       |         |          | 
     | picorv32_core_genblk1.pcpi_mul_mul_2371_47_cdnfadd | CI v -> CO v | ADDFX1   | 0.035 |   1.056 |    2.738 | 
     | 20                                                 |              |          |       |         |          | 
     | picorv32_core_genblk1.pcpi_mul_mul_2371_47_cdnfadd | CI v -> CO v | ADDFX1   | 0.034 |   1.090 |    2.772 | 
     | 21                                                 |              |          |       |         |          | 
     | picorv32_core_genblk1.pcpi_mul_mul_2371_47_cdnfadd | CI v -> CO v | ADDFX1   | 0.034 |   1.124 |    2.807 | 
     | 22                                                 |              |          |       |         |          | 
     | picorv32_core_genblk1.pcpi_mul_mul_2371_47_cdnfadd | CI v -> CO v | ADDFX1   | 0.034 |   1.158 |    2.841 | 
     | 23                                                 |              |          |       |         |          | 
     | picorv32_core_genblk1.pcpi_mul_mul_2371_47_cdnfadd | CI v -> CO v | ADDFX1   | 0.036 |   1.194 |    2.876 | 
     | 24                                                 |              |          |       |         |          | 
     | picorv32_core_genblk1.pcpi_mul_mul_2371_47_cdnfadd | CI v -> CO v | ADDFX1   | 0.035 |   1.229 |    2.911 | 
     | 25                                                 |              |          |       |         |          | 
     | picorv32_core_genblk1.pcpi_mul_mul_2371_47_cdnfadd | CI v -> CO v | ADDFX1   | 0.033 |   1.262 |    2.944 | 
     | 26                                                 |              |          |       |         |          | 
     | picorv32_core_genblk1.pcpi_mul_mul_2371_47_cdnfadd | CI v -> CO v | ADDFX1   | 0.034 |   1.296 |    2.979 | 
     | 27                                                 |              |          |       |         |          | 
     | picorv32_core_genblk1.pcpi_mul_mul_2371_47_cdnfadd | CI v -> CO v | ADDFX1   | 0.034 |   1.330 |    3.013 | 
     | 28                                                 |              |          |       |         |          | 
     | picorv32_core_genblk1.pcpi_mul_mul_2371_47_cdnfadd | CI v -> CO v | ADDFX1   | 0.035 |   1.365 |    3.047 | 
     | 29                                                 |              |          |       |         |          | 
     | picorv32_core_genblk1.pcpi_mul_mul_2371_47_cdnfadd | CI v -> CO v | ADDFX1   | 0.035 |   1.400 |    3.082 | 
     | 30                                                 |              |          |       |         |          | 
     | picorv32_core_genblk1.pcpi_mul_mul_2371_47_cdnfadd | CI v -> CO v | ADDFX1   | 0.039 |   1.439 |    3.121 | 
     | 31                                                 |              |          |       |         |          | 
     | picorv32_core_genblk1.pcpi_mul_mul_2371_47_cdnfadd | CI v -> CO v | ADDFX1   | 0.036 |   1.476 |    3.158 | 
     | 32                                                 |              |          |       |         |          | 
     | picorv32_core_genblk1.pcpi_mul_mul_2371_47_cdnfadd | CI v -> CO v | ADDFX1   | 0.035 |   1.510 |    3.193 | 
     | 33                                                 |              |          |       |         |          | 
     | picorv32_core_genblk1.pcpi_mul_mul_2371_47_cdnfadd | CI v -> CO v | ADDFX1   | 0.035 |   1.545 |    3.228 | 
     | 34                                                 |              |          |       |         |          | 
     | picorv32_core_genblk1.pcpi_mul_mul_2371_47_cdnfadd | CI v -> CO v | ADDFX1   | 0.034 |   1.580 |    3.262 | 
     | 35                                                 |              |          |       |         |          | 
     | picorv32_core_genblk1.pcpi_mul_mul_2371_47_cdnfadd | CI v -> CO v | ADDFX1   | 0.034 |   1.613 |    3.295 | 
     | 36                                                 |              |          |       |         |          | 
     | picorv32_core_genblk1.pcpi_mul_mul_2371_47_cdnfadd | CI v -> CO v | ADDFX1   | 0.034 |   1.647 |    3.329 | 
     | 37                                                 |              |          |       |         |          | 
     | picorv32_core_genblk1.pcpi_mul_mul_2371_47_cdnfadd | CI v -> CO v | ADDFX1   | 0.033 |   1.680 |    3.362 | 
     | 38                                                 |              |          |       |         |          | 
     | picorv32_core_genblk1.pcpi_mul_mul_2371_47_cdnfadd | CI v -> CO v | ADDFX1   | 0.034 |   1.714 |    3.396 | 
     | 39                                                 |              |          |       |         |          | 
     | picorv32_core_genblk1.pcpi_mul_mul_2371_47_cdnfadd | CI v -> CO v | ADDFX1   | 0.033 |   1.747 |    3.429 | 
     | 40                                                 |              |          |       |         |          | 
     | picorv32_core_genblk1.pcpi_mul_mul_2371_47_cdnfadd | CI v -> CO v | ADDFX1   | 0.034 |   1.781 |    3.463 | 
     | 41                                                 |              |          |       |         |          | 
     | picorv32_core_genblk1.pcpi_mul_mul_2371_47_cdnfadd | CI v -> CO v | ADDFX1   | 0.034 |   1.815 |    3.497 | 
     | 42                                                 |              |          |       |         |          | 
     | picorv32_core_genblk1.pcpi_mul_mul_2371_47_cdnfadd | CI v -> CO v | ADDFX1   | 0.035 |   1.850 |    3.532 | 
     | 43                                                 |              |          |       |         |          | 
     | picorv32_core_genblk1.pcpi_mul_mul_2371_47_cdnfadd | CI v -> CO v | ADDFX1   | 0.035 |   1.885 |    3.568 | 
     | 44                                                 |              |          |       |         |          | 
     | picorv32_core_genblk1.pcpi_mul_mul_2371_47_cdnfadd | CI v -> CO v | ADDFX1   | 0.035 |   1.920 |    3.602 | 
     | 45                                                 |              |          |       |         |          | 
     | picorv32_core_genblk1.pcpi_mul_mul_2371_47_cdnfadd | CI v -> CO v | ADDFX1   | 0.035 |   1.955 |    3.637 | 
     | 46                                                 |              |          |       |         |          | 
     | picorv32_core_genblk1.pcpi_mul_mul_2371_47_cdnfadd | CI v -> CO v | ADDFX1   | 0.034 |   1.989 |    3.671 | 
     | 47                                                 |              |          |       |         |          | 
     | picorv32_core_genblk1.pcpi_mul_mul_2371_47_cdnfadd | CI v -> CO v | ADDFX1   | 0.036 |   2.025 |    3.707 | 
     | 48                                                 |              |          |       |         |          | 
     | picorv32_core_genblk1.pcpi_mul_mul_2371_47_cdnfadd | CI v -> CO v | ADDFX1   | 0.035 |   2.060 |    3.742 | 
     | 49                                                 |              |          |       |         |          | 
     | picorv32_core_genblk1.pcpi_mul_mul_2371_47_cdnfadd | CI v -> CO v | ADDFX1   | 0.034 |   2.094 |    3.776 | 
     | 50                                                 |              |          |       |         |          | 
     | picorv32_core_genblk1.pcpi_mul_mul_2371_47_cdnfadd | CI v -> CO v | ADDFX1   | 0.035 |   2.129 |    3.811 | 
     | 51                                                 |              |          |       |         |          | 
     | picorv32_core_genblk1.pcpi_mul_mul_2371_47_cdnfadd | CI v -> CO v | ADDFX1   | 0.034 |   2.163 |    3.845 | 
     | 52                                                 |              |          |       |         |          | 
     | picorv32_core_genblk1.pcpi_mul_mul_2371_47_cdnfadd | CI v -> CO v | ADDFX1   | 0.035 |   2.198 |    3.880 | 
     | 53                                                 |              |          |       |         |          | 
     | picorv32_core_genblk1.pcpi_mul_mul_2371_47_cdnfadd | CI v -> CO v | ADDFX1   | 0.037 |   2.234 |    3.916 | 
     | 54                                                 |              |          |       |         |          | 
     | picorv32_core_genblk1.pcpi_mul_mul_2371_47_cdnfadd | CI v -> S ^  | ADDFX1   | 0.053 |   2.288 |    3.970 | 
     | 55                                                 |              |          |       |         |          | 
     | picorv32_core_genblk1.pcpi_mul_rd_reg[55]          | D ^          | DFFQXL   | 0.000 |   2.288 |    3.970 | 
     +-----------------------------------------------------------------------------------------------------------+ 
Path 10: MET Setup Check with Pin picorv32_core_genblk1.pcpi_mul_rd_reg[54]/CK 
Endpoint:   picorv32_core_genblk1.pcpi_mul_rd_reg[54]/D (^) checked with  
leading edge of 'clk'
Beginpoint: picorv32_core_genblk1.pcpi_mul_rs2_reg[5]/Q (^) triggered by  
leading edge of 'clk'
Path Groups: {reg2reg}
Analysis View: analysis1
Other End Arrival Time          0.003
- Setup                         0.013
+ Phase Shift                   4.000
- Uncertainty                   0.020
= Required Time                 3.970
- Arrival Time                  2.249
= Slack Time                    1.721
     Clock Rise Edge                 0.000
     + Clock Network Latency (Prop)  0.002
     = Beginpoint Arrival Time       0.002
     +-----------------------------------------------------------------------------------------------------------+ 
     |                      Instance                      |     Arc      |   Cell   | Delay | Arrival | Required | 
     |                                                    |              |          |       |  Time   |   Time   | 
     |----------------------------------------------------+--------------+----------+-------+---------+----------| 
     | picorv32_core_genblk1.pcpi_mul_rs2_reg[5]          | CK ^         |          |       |   0.002 |    1.723 | 
     | picorv32_core_genblk1.pcpi_mul_rs2_reg[5]          | CK ^ -> Q ^  | MDFFHQX1 | 0.132 |   0.134 |    1.856 | 
     | picorv32_core_genblk1.pcpi_mul_mul_2371_47_g14046  | A ^ -> Y v   | INVX1    | 0.055 |   0.190 |    1.911 | 
     | picorv32_core_genblk1.pcpi_mul_mul_2371_47_g13987  | B v -> Y ^   | XNOR2X1  | 0.031 |   0.221 |    1.942 | 
     | picorv32_core_genblk1.pcpi_mul_mul_2371_47_g13897  | A ^ -> Y ^   | OR2X1    | 0.082 |   0.303 |    2.024 | 
     | picorv32_core_genblk1.pcpi_mul_mul_2371_47_g13890  | A ^ -> Y v   | INVX1    | 0.053 |   0.356 |    2.077 | 
     | picorv32_core_genblk1.pcpi_mul_mul_2371_47_g13740  | A1 v -> Y ^  | OAI21X1  | 0.029 |   0.384 |    2.106 | 
     | picorv32_core_genblk1.pcpi_mul_mul_2371_47_g13494  | B ^ -> Y ^   | XNOR2X1  | 0.025 |   0.409 |    2.130 | 
     | picorv32_core_genblk1.pcpi_mul_mul_2371_47_g13440  | B ^ -> S v   | ADDHX1   | 0.031 |   0.440 |    2.161 | 
     | picorv32_core_genblk1.pcpi_mul_mul_2371_47_cdnfadd | A v -> CO v  | ADDFX1   | 0.036 |   0.476 |    2.197 | 
     | 3                                                  |              |          |       |         |          | 
     | picorv32_core_genblk1.pcpi_mul_mul_2371_47_cdnfadd | CI v -> CO v | ADDFX1   | 0.035 |   0.511 |    2.232 | 
     | 4                                                  |              |          |       |         |          | 
     | picorv32_core_genblk1.pcpi_mul_mul_2371_47_cdnfadd | CI v -> CO v | ADDFX1   | 0.035 |   0.546 |    2.267 | 
     | 5                                                  |              |          |       |         |          | 
     | picorv32_core_genblk1.pcpi_mul_mul_2371_47_cdnfadd | CI v -> CO v | ADDFX1   | 0.034 |   0.580 |    2.301 | 
     | 6                                                  |              |          |       |         |          | 
     | picorv32_core_genblk1.pcpi_mul_mul_2371_47_cdnfadd | CI v -> CO v | ADDFX1   | 0.034 |   0.614 |    2.335 | 
     | 7                                                  |              |          |       |         |          | 
     | picorv32_core_genblk1.pcpi_mul_mul_2371_47_cdnfadd | CI v -> CO v | ADDFX1   | 0.034 |   0.648 |    2.369 | 
     | 8                                                  |              |          |       |         |          | 
     | picorv32_core_genblk1.pcpi_mul_mul_2371_47_cdnfadd | CI v -> CO v | ADDFX1   | 0.034 |   0.682 |    2.403 | 
     | 9                                                  |              |          |       |         |          | 
     | picorv32_core_genblk1.pcpi_mul_mul_2371_47_cdnfadd | CI v -> CO v | ADDFX1   | 0.034 |   0.716 |    2.437 | 
     | 10                                                 |              |          |       |         |          | 
     | picorv32_core_genblk1.pcpi_mul_mul_2371_47_cdnfadd | CI v -> CO v | ADDFX1   | 0.034 |   0.750 |    2.471 | 
     | 11                                                 |              |          |       |         |          | 
     | picorv32_core_genblk1.pcpi_mul_mul_2371_47_cdnfadd | CI v -> CO v | ADDFX1   | 0.035 |   0.784 |    2.505 | 
     | 12                                                 |              |          |       |         |          | 
     | picorv32_core_genblk1.pcpi_mul_mul_2371_47_cdnfadd | CI v -> CO v | ADDFX1   | 0.034 |   0.818 |    2.539 | 
     | 13                                                 |              |          |       |         |          | 
     | picorv32_core_genblk1.pcpi_mul_mul_2371_47_cdnfadd | CI v -> CO v | ADDFX1   | 0.034 |   0.852 |    2.573 | 
     | 14                                                 |              |          |       |         |          | 
     | picorv32_core_genblk1.pcpi_mul_mul_2371_47_cdnfadd | CI v -> CO v | ADDFX1   | 0.033 |   0.886 |    2.607 | 
     | 15                                                 |              |          |       |         |          | 
     | picorv32_core_genblk1.pcpi_mul_mul_2371_47_cdnfadd | CI v -> CO v | ADDFX1   | 0.034 |   0.919 |    2.640 | 
     | 16                                                 |              |          |       |         |          | 
     | picorv32_core_genblk1.pcpi_mul_mul_2371_47_cdnfadd | CI v -> CO v | ADDFX1   | 0.034 |   0.953 |    2.674 | 
     | 17                                                 |              |          |       |         |          | 
     | picorv32_core_genblk1.pcpi_mul_mul_2371_47_cdnfadd | CI v -> CO v | ADDFX1   | 0.034 |   0.987 |    2.708 | 
     | 18                                                 |              |          |       |         |          | 
     | picorv32_core_genblk1.pcpi_mul_mul_2371_47_cdnfadd | CI v -> CO v | ADDFX1   | 0.034 |   1.021 |    2.742 | 
     | 19                                                 |              |          |       |         |          | 
     | picorv32_core_genblk1.pcpi_mul_mul_2371_47_cdnfadd | CI v -> CO v | ADDFX1   | 0.035 |   1.056 |    2.777 | 
     | 20                                                 |              |          |       |         |          | 
     | picorv32_core_genblk1.pcpi_mul_mul_2371_47_cdnfadd | CI v -> CO v | ADDFX1   | 0.034 |   1.090 |    2.811 | 
     | 21                                                 |              |          |       |         |          | 
     | picorv32_core_genblk1.pcpi_mul_mul_2371_47_cdnfadd | CI v -> CO v | ADDFX1   | 0.034 |   1.124 |    2.845 | 
     | 22                                                 |              |          |       |         |          | 
     | picorv32_core_genblk1.pcpi_mul_mul_2371_47_cdnfadd | CI v -> CO v | ADDFX1   | 0.034 |   1.158 |    2.879 | 
     | 23                                                 |              |          |       |         |          | 
     | picorv32_core_genblk1.pcpi_mul_mul_2371_47_cdnfadd | CI v -> CO v | ADDFX1   | 0.036 |   1.194 |    2.915 | 
     | 24                                                 |              |          |       |         |          | 
     | picorv32_core_genblk1.pcpi_mul_mul_2371_47_cdnfadd | CI v -> CO v | ADDFX1   | 0.035 |   1.229 |    2.950 | 
     | 25                                                 |              |          |       |         |          | 
     | picorv32_core_genblk1.pcpi_mul_mul_2371_47_cdnfadd | CI v -> CO v | ADDFX1   | 0.033 |   1.262 |    2.983 | 
     | 26                                                 |              |          |       |         |          | 
     | picorv32_core_genblk1.pcpi_mul_mul_2371_47_cdnfadd | CI v -> CO v | ADDFX1   | 0.034 |   1.296 |    3.017 | 
     | 27                                                 |              |          |       |         |          | 
     | picorv32_core_genblk1.pcpi_mul_mul_2371_47_cdnfadd | CI v -> CO v | ADDFX1   | 0.034 |   1.330 |    3.051 | 
     | 28                                                 |              |          |       |         |          | 
     | picorv32_core_genblk1.pcpi_mul_mul_2371_47_cdnfadd | CI v -> CO v | ADDFX1   | 0.035 |   1.365 |    3.086 | 
     | 29                                                 |              |          |       |         |          | 
     | picorv32_core_genblk1.pcpi_mul_mul_2371_47_cdnfadd | CI v -> CO v | ADDFX1   | 0.035 |   1.400 |    3.121 | 
     | 30                                                 |              |          |       |         |          | 
     | picorv32_core_genblk1.pcpi_mul_mul_2371_47_cdnfadd | CI v -> CO v | ADDFX1   | 0.039 |   1.439 |    3.160 | 
     | 31                                                 |              |          |       |         |          | 
     | picorv32_core_genblk1.pcpi_mul_mul_2371_47_cdnfadd | CI v -> CO v | ADDFX1   | 0.036 |   1.476 |    3.197 | 
     | 32                                                 |              |          |       |         |          | 
     | picorv32_core_genblk1.pcpi_mul_mul_2371_47_cdnfadd | CI v -> CO v | ADDFX1   | 0.035 |   1.510 |    3.231 | 
     | 33                                                 |              |          |       |         |          | 
     | picorv32_core_genblk1.pcpi_mul_mul_2371_47_cdnfadd | CI v -> CO v | ADDFX1   | 0.035 |   1.545 |    3.267 | 
     | 34                                                 |              |          |       |         |          | 
     | picorv32_core_genblk1.pcpi_mul_mul_2371_47_cdnfadd | CI v -> CO v | ADDFX1   | 0.034 |   1.580 |    3.301 | 
     | 35                                                 |              |          |       |         |          | 
     | picorv32_core_genblk1.pcpi_mul_mul_2371_47_cdnfadd | CI v -> CO v | ADDFX1   | 0.034 |   1.613 |    3.334 | 
     | 36                                                 |              |          |       |         |          | 
     | picorv32_core_genblk1.pcpi_mul_mul_2371_47_cdnfadd | CI v -> CO v | ADDFX1   | 0.034 |   1.647 |    3.368 | 
     | 37                                                 |              |          |       |         |          | 
     | picorv32_core_genblk1.pcpi_mul_mul_2371_47_cdnfadd | CI v -> CO v | ADDFX1   | 0.033 |   1.680 |    3.401 | 
     | 38                                                 |              |          |       |         |          | 
     | picorv32_core_genblk1.pcpi_mul_mul_2371_47_cdnfadd | CI v -> CO v | ADDFX1   | 0.034 |   1.714 |    3.435 | 
     | 39                                                 |              |          |       |         |          | 
     | picorv32_core_genblk1.pcpi_mul_mul_2371_47_cdnfadd | CI v -> CO v | ADDFX1   | 0.033 |   1.747 |    3.468 | 
     | 40                                                 |              |          |       |         |          | 
     | picorv32_core_genblk1.pcpi_mul_mul_2371_47_cdnfadd | CI v -> CO v | ADDFX1   | 0.034 |   1.781 |    3.502 | 
     | 41                                                 |              |          |       |         |          | 
     | picorv32_core_genblk1.pcpi_mul_mul_2371_47_cdnfadd | CI v -> CO v | ADDFX1   | 0.034 |   1.815 |    3.536 | 
     | 42                                                 |              |          |       |         |          | 
     | picorv32_core_genblk1.pcpi_mul_mul_2371_47_cdnfadd | CI v -> CO v | ADDFX1   | 0.035 |   1.850 |    3.571 | 
     | 43                                                 |              |          |       |         |          | 
     | picorv32_core_genblk1.pcpi_mul_mul_2371_47_cdnfadd | CI v -> CO v | ADDFX1   | 0.035 |   1.885 |    3.606 | 
     | 44                                                 |              |          |       |         |          | 
     | picorv32_core_genblk1.pcpi_mul_mul_2371_47_cdnfadd | CI v -> CO v | ADDFX1   | 0.035 |   1.920 |    3.641 | 
     | 45                                                 |              |          |       |         |          | 
     | picorv32_core_genblk1.pcpi_mul_mul_2371_47_cdnfadd | CI v -> CO v | ADDFX1   | 0.035 |   1.955 |    3.676 | 
     | 46                                                 |              |          |       |         |          | 
     | picorv32_core_genblk1.pcpi_mul_mul_2371_47_cdnfadd | CI v -> CO v | ADDFX1   | 0.034 |   1.989 |    3.710 | 
     | 47                                                 |              |          |       |         |          | 
     | picorv32_core_genblk1.pcpi_mul_mul_2371_47_cdnfadd | CI v -> CO v | ADDFX1   | 0.036 |   2.025 |    3.746 | 
     | 48                                                 |              |          |       |         |          | 
     | picorv32_core_genblk1.pcpi_mul_mul_2371_47_cdnfadd | CI v -> CO v | ADDFX1   | 0.035 |   2.060 |    3.781 | 
     | 49                                                 |              |          |       |         |          | 
     | picorv32_core_genblk1.pcpi_mul_mul_2371_47_cdnfadd | CI v -> CO v | ADDFX1   | 0.034 |   2.094 |    3.815 | 
     | 50                                                 |              |          |       |         |          | 
     | picorv32_core_genblk1.pcpi_mul_mul_2371_47_cdnfadd | CI v -> CO v | ADDFX1   | 0.035 |   2.129 |    3.850 | 
     | 51                                                 |              |          |       |         |          | 
     | picorv32_core_genblk1.pcpi_mul_mul_2371_47_cdnfadd | CI v -> CO v | ADDFX1   | 0.034 |   2.163 |    3.884 | 
     | 52                                                 |              |          |       |         |          | 
     | picorv32_core_genblk1.pcpi_mul_mul_2371_47_cdnfadd | CI v -> CO v | ADDFX1   | 0.035 |   2.198 |    3.919 | 
     | 53                                                 |              |          |       |         |          | 
     | picorv32_core_genblk1.pcpi_mul_mul_2371_47_cdnfadd | CI v -> S ^  | ADDFX1   | 0.051 |   2.249 |    3.970 | 
     | 54                                                 |              |          |       |         |          | 
     | picorv32_core_genblk1.pcpi_mul_rd_reg[54]          | D ^          | DFFQXL   | 0.000 |   2.249 |    3.970 | 
     +-----------------------------------------------------------------------------------------------------------+ 
Path 11: MET Setup Check with Pin picorv32_core_genblk1.pcpi_mul_rd_reg[53]/CK 
Endpoint:   picorv32_core_genblk1.pcpi_mul_rd_reg[53]/D (^) checked with  
leading edge of 'clk'
Beginpoint: picorv32_core_genblk1.pcpi_mul_rs2_reg[5]/Q (^) triggered by  
leading edge of 'clk'
Path Groups: {reg2reg}
Analysis View: analysis1
Other End Arrival Time          0.003
- Setup                         0.013
+ Phase Shift                   4.000
- Uncertainty                   0.020
= Required Time                 3.970
- Arrival Time                  2.214
= Slack Time                    1.757
     Clock Rise Edge                 0.000
     + Clock Network Latency (Prop)  0.002
     = Beginpoint Arrival Time       0.002
     +-----------------------------------------------------------------------------------------------------------+ 
     |                      Instance                      |     Arc      |   Cell   | Delay | Arrival | Required | 
     |                                                    |              |          |       |  Time   |   Time   | 
     |----------------------------------------------------+--------------+----------+-------+---------+----------| 
     | picorv32_core_genblk1.pcpi_mul_rs2_reg[5]          | CK ^         |          |       |   0.002 |    1.759 | 
     | picorv32_core_genblk1.pcpi_mul_rs2_reg[5]          | CK ^ -> Q ^  | MDFFHQX1 | 0.132 |   0.134 |    1.891 | 
     | picorv32_core_genblk1.pcpi_mul_mul_2371_47_g14046  | A ^ -> Y v   | INVX1    | 0.055 |   0.190 |    1.946 | 
     | picorv32_core_genblk1.pcpi_mul_mul_2371_47_g13987  | B v -> Y ^   | XNOR2X1  | 0.031 |   0.221 |    1.977 | 
     | picorv32_core_genblk1.pcpi_mul_mul_2371_47_g13897  | A ^ -> Y ^   | OR2X1    | 0.082 |   0.303 |    2.060 | 
     | picorv32_core_genblk1.pcpi_mul_mul_2371_47_g13890  | A ^ -> Y v   | INVX1    | 0.053 |   0.356 |    2.112 | 
     | picorv32_core_genblk1.pcpi_mul_mul_2371_47_g13740  | A1 v -> Y ^  | OAI21X1  | 0.029 |   0.384 |    2.141 | 
     | picorv32_core_genblk1.pcpi_mul_mul_2371_47_g13494  | B ^ -> Y ^   | XNOR2X1  | 0.025 |   0.409 |    2.166 | 
     | picorv32_core_genblk1.pcpi_mul_mul_2371_47_g13440  | B ^ -> S v   | ADDHX1   | 0.031 |   0.440 |    2.197 | 
     | picorv32_core_genblk1.pcpi_mul_mul_2371_47_cdnfadd | A v -> CO v  | ADDFX1   | 0.036 |   0.476 |    2.233 | 
     | 3                                                  |              |          |       |         |          | 
     | picorv32_core_genblk1.pcpi_mul_mul_2371_47_cdnfadd | CI v -> CO v | ADDFX1   | 0.035 |   0.511 |    2.268 | 
     | 4                                                  |              |          |       |         |          | 
     | picorv32_core_genblk1.pcpi_mul_mul_2371_47_cdnfadd | CI v -> CO v | ADDFX1   | 0.035 |   0.546 |    2.302 | 
     | 5                                                  |              |          |       |         |          | 
     | picorv32_core_genblk1.pcpi_mul_mul_2371_47_cdnfadd | CI v -> CO v | ADDFX1   | 0.034 |   0.580 |    2.336 | 
     | 6                                                  |              |          |       |         |          | 
     | picorv32_core_genblk1.pcpi_mul_mul_2371_47_cdnfadd | CI v -> CO v | ADDFX1   | 0.034 |   0.614 |    2.370 | 
     | 7                                                  |              |          |       |         |          | 
     | picorv32_core_genblk1.pcpi_mul_mul_2371_47_cdnfadd | CI v -> CO v | ADDFX1   | 0.034 |   0.648 |    2.405 | 
     | 8                                                  |              |          |       |         |          | 
     | picorv32_core_genblk1.pcpi_mul_mul_2371_47_cdnfadd | CI v -> CO v | ADDFX1   | 0.034 |   0.682 |    2.439 | 
     | 9                                                  |              |          |       |         |          | 
     | picorv32_core_genblk1.pcpi_mul_mul_2371_47_cdnfadd | CI v -> CO v | ADDFX1   | 0.034 |   0.716 |    2.473 | 
     | 10                                                 |              |          |       |         |          | 
     | picorv32_core_genblk1.pcpi_mul_mul_2371_47_cdnfadd | CI v -> CO v | ADDFX1   | 0.034 |   0.750 |    2.506 | 
     | 11                                                 |              |          |       |         |          | 
     | picorv32_core_genblk1.pcpi_mul_mul_2371_47_cdnfadd | CI v -> CO v | ADDFX1   | 0.035 |   0.784 |    2.541 | 
     | 12                                                 |              |          |       |         |          | 
     | picorv32_core_genblk1.pcpi_mul_mul_2371_47_cdnfadd | CI v -> CO v | ADDFX1   | 0.034 |   0.818 |    2.575 | 
     | 13                                                 |              |          |       |         |          | 
     | picorv32_core_genblk1.pcpi_mul_mul_2371_47_cdnfadd | CI v -> CO v | ADDFX1   | 0.034 |   0.852 |    2.609 | 
     | 14                                                 |              |          |       |         |          | 
     | picorv32_core_genblk1.pcpi_mul_mul_2371_47_cdnfadd | CI v -> CO v | ADDFX1   | 0.033 |   0.886 |    2.642 | 
     | 15                                                 |              |          |       |         |          | 
     | picorv32_core_genblk1.pcpi_mul_mul_2371_47_cdnfadd | CI v -> CO v | ADDFX1   | 0.034 |   0.919 |    2.676 | 
     | 16                                                 |              |          |       |         |          | 
     | picorv32_core_genblk1.pcpi_mul_mul_2371_47_cdnfadd | CI v -> CO v | ADDFX1   | 0.034 |   0.953 |    2.710 | 
     | 17                                                 |              |          |       |         |          | 
     | picorv32_core_genblk1.pcpi_mul_mul_2371_47_cdnfadd | CI v -> CO v | ADDFX1   | 0.034 |   0.987 |    2.743 | 
     | 18                                                 |              |          |       |         |          | 
     | picorv32_core_genblk1.pcpi_mul_mul_2371_47_cdnfadd | CI v -> CO v | ADDFX1   | 0.034 |   1.021 |    2.778 | 
     | 19                                                 |              |          |       |         |          | 
     | picorv32_core_genblk1.pcpi_mul_mul_2371_47_cdnfadd | CI v -> CO v | ADDFX1   | 0.035 |   1.056 |    2.812 | 
     | 20                                                 |              |          |       |         |          | 
     | picorv32_core_genblk1.pcpi_mul_mul_2371_47_cdnfadd | CI v -> CO v | ADDFX1   | 0.034 |   1.090 |    2.847 | 
     | 21                                                 |              |          |       |         |          | 
     | picorv32_core_genblk1.pcpi_mul_mul_2371_47_cdnfadd | CI v -> CO v | ADDFX1   | 0.034 |   1.124 |    2.881 | 
     | 22                                                 |              |          |       |         |          | 
     | picorv32_core_genblk1.pcpi_mul_mul_2371_47_cdnfadd | CI v -> CO v | ADDFX1   | 0.034 |   1.158 |    2.915 | 
     | 23                                                 |              |          |       |         |          | 
     | picorv32_core_genblk1.pcpi_mul_mul_2371_47_cdnfadd | CI v -> CO v | ADDFX1   | 0.036 |   1.194 |    2.950 | 
     | 24                                                 |              |          |       |         |          | 
     | picorv32_core_genblk1.pcpi_mul_mul_2371_47_cdnfadd | CI v -> CO v | ADDFX1   | 0.035 |   1.229 |    2.985 | 
     | 25                                                 |              |          |       |         |          | 
     | picorv32_core_genblk1.pcpi_mul_mul_2371_47_cdnfadd | CI v -> CO v | ADDFX1   | 0.033 |   1.262 |    3.018 | 
     | 26                                                 |              |          |       |         |          | 
     | picorv32_core_genblk1.pcpi_mul_mul_2371_47_cdnfadd | CI v -> CO v | ADDFX1   | 0.034 |   1.296 |    3.053 | 
     | 27                                                 |              |          |       |         |          | 
     | picorv32_core_genblk1.pcpi_mul_mul_2371_47_cdnfadd | CI v -> CO v | ADDFX1   | 0.034 |   1.330 |    3.087 | 
     | 28                                                 |              |          |       |         |          | 
     | picorv32_core_genblk1.pcpi_mul_mul_2371_47_cdnfadd | CI v -> CO v | ADDFX1   | 0.035 |   1.365 |    3.121 | 
     | 29                                                 |              |          |       |         |          | 
     | picorv32_core_genblk1.pcpi_mul_mul_2371_47_cdnfadd | CI v -> CO v | ADDFX1   | 0.035 |   1.400 |    3.156 | 
     | 30                                                 |              |          |       |         |          | 
     | picorv32_core_genblk1.pcpi_mul_mul_2371_47_cdnfadd | CI v -> CO v | ADDFX1   | 0.039 |   1.439 |    3.196 | 
     | 31                                                 |              |          |       |         |          | 
     | picorv32_core_genblk1.pcpi_mul_mul_2371_47_cdnfadd | CI v -> CO v | ADDFX1   | 0.036 |   1.476 |    3.232 | 
     | 32                                                 |              |          |       |         |          | 
     | picorv32_core_genblk1.pcpi_mul_mul_2371_47_cdnfadd | CI v -> CO v | ADDFX1   | 0.035 |   1.510 |    3.267 | 
     | 33                                                 |              |          |       |         |          | 
     | picorv32_core_genblk1.pcpi_mul_mul_2371_47_cdnfadd | CI v -> CO v | ADDFX1   | 0.035 |   1.545 |    3.302 | 
     | 34                                                 |              |          |       |         |          | 
     | picorv32_core_genblk1.pcpi_mul_mul_2371_47_cdnfadd | CI v -> CO v | ADDFX1   | 0.034 |   1.580 |    3.336 | 
     | 35                                                 |              |          |       |         |          | 
     | picorv32_core_genblk1.pcpi_mul_mul_2371_47_cdnfadd | CI v -> CO v | ADDFX1   | 0.034 |   1.613 |    3.370 | 
     | 36                                                 |              |          |       |         |          | 
     | picorv32_core_genblk1.pcpi_mul_mul_2371_47_cdnfadd | CI v -> CO v | ADDFX1   | 0.034 |   1.647 |    3.403 | 
     | 37                                                 |              |          |       |         |          | 
     | picorv32_core_genblk1.pcpi_mul_mul_2371_47_cdnfadd | CI v -> CO v | ADDFX1   | 0.033 |   1.680 |    3.437 | 
     | 38                                                 |              |          |       |         |          | 
     | picorv32_core_genblk1.pcpi_mul_mul_2371_47_cdnfadd | CI v -> CO v | ADDFX1   | 0.034 |   1.714 |    3.470 | 
     | 39                                                 |              |          |       |         |          | 
     | picorv32_core_genblk1.pcpi_mul_mul_2371_47_cdnfadd | CI v -> CO v | ADDFX1   | 0.033 |   1.747 |    3.504 | 
     | 40                                                 |              |          |       |         |          | 
     | picorv32_core_genblk1.pcpi_mul_mul_2371_47_cdnfadd | CI v -> CO v | ADDFX1   | 0.034 |   1.781 |    3.537 | 
     | 41                                                 |              |          |       |         |          | 
     | picorv32_core_genblk1.pcpi_mul_mul_2371_47_cdnfadd | CI v -> CO v | ADDFX1   | 0.034 |   1.815 |    3.572 | 
     | 42                                                 |              |          |       |         |          | 
     | picorv32_core_genblk1.pcpi_mul_mul_2371_47_cdnfadd | CI v -> CO v | ADDFX1   | 0.035 |   1.850 |    3.607 | 
     | 43                                                 |              |          |       |         |          | 
     | picorv32_core_genblk1.pcpi_mul_mul_2371_47_cdnfadd | CI v -> CO v | ADDFX1   | 0.035 |   1.885 |    3.642 | 
     | 44                                                 |              |          |       |         |          | 
     | picorv32_core_genblk1.pcpi_mul_mul_2371_47_cdnfadd | CI v -> CO v | ADDFX1   | 0.035 |   1.920 |    3.676 | 
     | 45                                                 |              |          |       |         |          | 
     | picorv32_core_genblk1.pcpi_mul_mul_2371_47_cdnfadd | CI v -> CO v | ADDFX1   | 0.035 |   1.955 |    3.712 | 
     | 46                                                 |              |          |       |         |          | 
     | picorv32_core_genblk1.pcpi_mul_mul_2371_47_cdnfadd | CI v -> CO v | ADDFX1   | 0.034 |   1.989 |    3.745 | 
     | 47                                                 |              |          |       |         |          | 
     | picorv32_core_genblk1.pcpi_mul_mul_2371_47_cdnfadd | CI v -> CO v | ADDFX1   | 0.036 |   2.025 |    3.781 | 
     | 48                                                 |              |          |       |         |          | 
     | picorv32_core_genblk1.pcpi_mul_mul_2371_47_cdnfadd | CI v -> CO v | ADDFX1   | 0.035 |   2.060 |    3.816 | 
     | 49                                                 |              |          |       |         |          | 
     | picorv32_core_genblk1.pcpi_mul_mul_2371_47_cdnfadd | CI v -> CO v | ADDFX1   | 0.034 |   2.094 |    3.850 | 
     | 50                                                 |              |          |       |         |          | 
     | picorv32_core_genblk1.pcpi_mul_mul_2371_47_cdnfadd | CI v -> CO v | ADDFX1   | 0.035 |   2.129 |    3.885 | 
     | 51                                                 |              |          |       |         |          | 
     | picorv32_core_genblk1.pcpi_mul_mul_2371_47_cdnfadd | CI v -> CO v | ADDFX1   | 0.034 |   2.163 |    3.919 | 
     | 52                                                 |              |          |       |         |          | 
     | picorv32_core_genblk1.pcpi_mul_mul_2371_47_cdnfadd | CI v -> S ^  | ADDFX1   | 0.051 |   2.214 |    3.970 | 
     | 53                                                 |              |          |       |         |          | 
     | picorv32_core_genblk1.pcpi_mul_rd_reg[53]          | D ^          | DFFQXL   | 0.000 |   2.214 |    3.970 | 
     +-----------------------------------------------------------------------------------------------------------+ 
Path 12: MET Setup Check with Pin picorv32_core_genblk1.pcpi_mul_rd_reg[52]/CK 
Endpoint:   picorv32_core_genblk1.pcpi_mul_rd_reg[52]/D (^) checked with  
leading edge of 'clk'
Beginpoint: picorv32_core_genblk1.pcpi_mul_rs2_reg[5]/Q (^) triggered by  
leading edge of 'clk'
Path Groups: {reg2reg}
Analysis View: analysis1
Other End Arrival Time          0.003
- Setup                         0.013
+ Phase Shift                   4.000
- Uncertainty                   0.020
= Required Time                 3.970
- Arrival Time                  2.180
= Slack Time                    1.790
     Clock Rise Edge                 0.000
     + Clock Network Latency (Prop)  0.002
     = Beginpoint Arrival Time       0.002
     +-----------------------------------------------------------------------------------------------------------+ 
     |                      Instance                      |     Arc      |   Cell   | Delay | Arrival | Required | 
     |                                                    |              |          |       |  Time   |   Time   | 
     |----------------------------------------------------+--------------+----------+-------+---------+----------| 
     | picorv32_core_genblk1.pcpi_mul_rs2_reg[5]          | CK ^         |          |       |   0.002 |    1.792 | 
     | picorv32_core_genblk1.pcpi_mul_rs2_reg[5]          | CK ^ -> Q ^  | MDFFHQX1 | 0.132 |   0.134 |    1.924 | 
     | picorv32_core_genblk1.pcpi_mul_mul_2371_47_g14046  | A ^ -> Y v   | INVX1    | 0.055 |   0.190 |    1.980 | 
     | picorv32_core_genblk1.pcpi_mul_mul_2371_47_g13987  | B v -> Y ^   | XNOR2X1  | 0.031 |   0.221 |    2.010 | 
     | picorv32_core_genblk1.pcpi_mul_mul_2371_47_g13897  | A ^ -> Y ^   | OR2X1    | 0.082 |   0.303 |    2.093 | 
     | picorv32_core_genblk1.pcpi_mul_mul_2371_47_g13890  | A ^ -> Y v   | INVX1    | 0.053 |   0.356 |    2.146 | 
     | picorv32_core_genblk1.pcpi_mul_mul_2371_47_g13740  | A1 v -> Y ^  | OAI21X1  | 0.029 |   0.384 |    2.174 | 
     | picorv32_core_genblk1.pcpi_mul_mul_2371_47_g13494  | B ^ -> Y ^   | XNOR2X1  | 0.025 |   0.409 |    2.199 | 
     | picorv32_core_genblk1.pcpi_mul_mul_2371_47_g13440  | B ^ -> S v   | ADDHX1   | 0.031 |   0.440 |    2.230 | 
     | picorv32_core_genblk1.pcpi_mul_mul_2371_47_cdnfadd | A v -> CO v  | ADDFX1   | 0.036 |   0.476 |    2.266 | 
     | 3                                                  |              |          |       |         |          | 
     | picorv32_core_genblk1.pcpi_mul_mul_2371_47_cdnfadd | CI v -> CO v | ADDFX1   | 0.035 |   0.511 |    2.301 | 
     | 4                                                  |              |          |       |         |          | 
     | picorv32_core_genblk1.pcpi_mul_mul_2371_47_cdnfadd | CI v -> CO v | ADDFX1   | 0.035 |   0.546 |    2.335 | 
     | 5                                                  |              |          |       |         |          | 
     | picorv32_core_genblk1.pcpi_mul_mul_2371_47_cdnfadd | CI v -> CO v | ADDFX1   | 0.034 |   0.580 |    2.369 | 
     | 6                                                  |              |          |       |         |          | 
     | picorv32_core_genblk1.pcpi_mul_mul_2371_47_cdnfadd | CI v -> CO v | ADDFX1   | 0.034 |   0.614 |    2.404 | 
     | 7                                                  |              |          |       |         |          | 
     | picorv32_core_genblk1.pcpi_mul_mul_2371_47_cdnfadd | CI v -> CO v | ADDFX1   | 0.034 |   0.648 |    2.438 | 
     | 8                                                  |              |          |       |         |          | 
     | picorv32_core_genblk1.pcpi_mul_mul_2371_47_cdnfadd | CI v -> CO v | ADDFX1   | 0.034 |   0.682 |    2.472 | 
     | 9                                                  |              |          |       |         |          | 
     | picorv32_core_genblk1.pcpi_mul_mul_2371_47_cdnfadd | CI v -> CO v | ADDFX1   | 0.034 |   0.716 |    2.506 | 
     | 10                                                 |              |          |       |         |          | 
     | picorv32_core_genblk1.pcpi_mul_mul_2371_47_cdnfadd | CI v -> CO v | ADDFX1   | 0.034 |   0.750 |    2.539 | 
     | 11                                                 |              |          |       |         |          | 
     | picorv32_core_genblk1.pcpi_mul_mul_2371_47_cdnfadd | CI v -> CO v | ADDFX1   | 0.035 |   0.784 |    2.574 | 
     | 12                                                 |              |          |       |         |          | 
     | picorv32_core_genblk1.pcpi_mul_mul_2371_47_cdnfadd | CI v -> CO v | ADDFX1   | 0.034 |   0.818 |    2.608 | 
     | 13                                                 |              |          |       |         |          | 
     | picorv32_core_genblk1.pcpi_mul_mul_2371_47_cdnfadd | CI v -> CO v | ADDFX1   | 0.034 |   0.852 |    2.642 | 
     | 14                                                 |              |          |       |         |          | 
     | picorv32_core_genblk1.pcpi_mul_mul_2371_47_cdnfadd | CI v -> CO v | ADDFX1   | 0.033 |   0.886 |    2.675 | 
     | 15                                                 |              |          |       |         |          | 
     | picorv32_core_genblk1.pcpi_mul_mul_2371_47_cdnfadd | CI v -> CO v | ADDFX1   | 0.034 |   0.919 |    2.709 | 
     | 16                                                 |              |          |       |         |          | 
     | picorv32_core_genblk1.pcpi_mul_mul_2371_47_cdnfadd | CI v -> CO v | ADDFX1   | 0.034 |   0.953 |    2.743 | 
     | 17                                                 |              |          |       |         |          | 
     | picorv32_core_genblk1.pcpi_mul_mul_2371_47_cdnfadd | CI v -> CO v | ADDFX1   | 0.034 |   0.987 |    2.777 | 
     | 18                                                 |              |          |       |         |          | 
     | picorv32_core_genblk1.pcpi_mul_mul_2371_47_cdnfadd | CI v -> CO v | ADDFX1   | 0.034 |   1.021 |    2.811 | 
     | 19                                                 |              |          |       |         |          | 
     | picorv32_core_genblk1.pcpi_mul_mul_2371_47_cdnfadd | CI v -> CO v | ADDFX1   | 0.035 |   1.056 |    2.846 | 
     | 20                                                 |              |          |       |         |          | 
     | picorv32_core_genblk1.pcpi_mul_mul_2371_47_cdnfadd | CI v -> CO v | ADDFX1   | 0.034 |   1.090 |    2.880 | 
     | 21                                                 |              |          |       |         |          | 
     | picorv32_core_genblk1.pcpi_mul_mul_2371_47_cdnfadd | CI v -> CO v | ADDFX1   | 0.034 |   1.124 |    2.914 | 
     | 22                                                 |              |          |       |         |          | 
     | picorv32_core_genblk1.pcpi_mul_mul_2371_47_cdnfadd | CI v -> CO v | ADDFX1   | 0.034 |   1.158 |    2.948 | 
     | 23                                                 |              |          |       |         |          | 
     | picorv32_core_genblk1.pcpi_mul_mul_2371_47_cdnfadd | CI v -> CO v | ADDFX1   | 0.036 |   1.194 |    2.983 | 
     | 24                                                 |              |          |       |         |          | 
     | picorv32_core_genblk1.pcpi_mul_mul_2371_47_cdnfadd | CI v -> CO v | ADDFX1   | 0.035 |   1.229 |    3.018 | 
     | 25                                                 |              |          |       |         |          | 
     | picorv32_core_genblk1.pcpi_mul_mul_2371_47_cdnfadd | CI v -> CO v | ADDFX1   | 0.033 |   1.262 |    3.052 | 
     | 26                                                 |              |          |       |         |          | 
     | picorv32_core_genblk1.pcpi_mul_mul_2371_47_cdnfadd | CI v -> CO v | ADDFX1   | 0.034 |   1.296 |    3.086 | 
     | 27                                                 |              |          |       |         |          | 
     | picorv32_core_genblk1.pcpi_mul_mul_2371_47_cdnfadd | CI v -> CO v | ADDFX1   | 0.034 |   1.330 |    3.120 | 
     | 28                                                 |              |          |       |         |          | 
     | picorv32_core_genblk1.pcpi_mul_mul_2371_47_cdnfadd | CI v -> CO v | ADDFX1   | 0.035 |   1.365 |    3.155 | 
     | 29                                                 |              |          |       |         |          | 
     | picorv32_core_genblk1.pcpi_mul_mul_2371_47_cdnfadd | CI v -> CO v | ADDFX1   | 0.035 |   1.400 |    3.190 | 
     | 30                                                 |              |          |       |         |          | 
     | picorv32_core_genblk1.pcpi_mul_mul_2371_47_cdnfadd | CI v -> CO v | ADDFX1   | 0.039 |   1.439 |    3.229 | 
     | 31                                                 |              |          |       |         |          | 
     | picorv32_core_genblk1.pcpi_mul_mul_2371_47_cdnfadd | CI v -> CO v | ADDFX1   | 0.036 |   1.476 |    3.265 | 
     | 32                                                 |              |          |       |         |          | 
     | picorv32_core_genblk1.pcpi_mul_mul_2371_47_cdnfadd | CI v -> CO v | ADDFX1   | 0.035 |   1.510 |    3.300 | 
     | 33                                                 |              |          |       |         |          | 
     | picorv32_core_genblk1.pcpi_mul_mul_2371_47_cdnfadd | CI v -> CO v | ADDFX1   | 0.035 |   1.545 |    3.335 | 
     | 34                                                 |              |          |       |         |          | 
     | picorv32_core_genblk1.pcpi_mul_mul_2371_47_cdnfadd | CI v -> CO v | ADDFX1   | 0.034 |   1.580 |    3.369 | 
     | 35                                                 |              |          |       |         |          | 
     | picorv32_core_genblk1.pcpi_mul_mul_2371_47_cdnfadd | CI v -> CO v | ADDFX1   | 0.034 |   1.613 |    3.403 | 
     | 36                                                 |              |          |       |         |          | 
     | picorv32_core_genblk1.pcpi_mul_mul_2371_47_cdnfadd | CI v -> CO v | ADDFX1   | 0.034 |   1.647 |    3.436 | 
     | 37                                                 |              |          |       |         |          | 
     | picorv32_core_genblk1.pcpi_mul_mul_2371_47_cdnfadd | CI v -> CO v | ADDFX1   | 0.033 |   1.680 |    3.470 | 
     | 38                                                 |              |          |       |         |          | 
     | picorv32_core_genblk1.pcpi_mul_mul_2371_47_cdnfadd | CI v -> CO v | ADDFX1   | 0.034 |   1.714 |    3.503 | 
     | 39                                                 |              |          |       |         |          | 
     | picorv32_core_genblk1.pcpi_mul_mul_2371_47_cdnfadd | CI v -> CO v | ADDFX1   | 0.033 |   1.747 |    3.537 | 
     | 40                                                 |              |          |       |         |          | 
     | picorv32_core_genblk1.pcpi_mul_mul_2371_47_cdnfadd | CI v -> CO v | ADDFX1   | 0.034 |   1.781 |    3.570 | 
     | 41                                                 |              |          |       |         |          | 
     | picorv32_core_genblk1.pcpi_mul_mul_2371_47_cdnfadd | CI v -> CO v | ADDFX1   | 0.034 |   1.815 |    3.605 | 
     | 42                                                 |              |          |       |         |          | 
     | picorv32_core_genblk1.pcpi_mul_mul_2371_47_cdnfadd | CI v -> CO v | ADDFX1   | 0.035 |   1.850 |    3.640 | 
     | 43                                                 |              |          |       |         |          | 
     | picorv32_core_genblk1.pcpi_mul_mul_2371_47_cdnfadd | CI v -> CO v | ADDFX1   | 0.035 |   1.885 |    3.675 | 
     | 44                                                 |              |          |       |         |          | 
     | picorv32_core_genblk1.pcpi_mul_mul_2371_47_cdnfadd | CI v -> CO v | ADDFX1   | 0.035 |   1.920 |    3.710 | 
     | 45                                                 |              |          |       |         |          | 
     | picorv32_core_genblk1.pcpi_mul_mul_2371_47_cdnfadd | CI v -> CO v | ADDFX1   | 0.035 |   1.955 |    3.745 | 
     | 46                                                 |              |          |       |         |          | 
     | picorv32_core_genblk1.pcpi_mul_mul_2371_47_cdnfadd | CI v -> CO v | ADDFX1   | 0.034 |   1.989 |    3.779 | 
     | 47                                                 |              |          |       |         |          | 
     | picorv32_core_genblk1.pcpi_mul_mul_2371_47_cdnfadd | CI v -> CO v | ADDFX1   | 0.036 |   2.025 |    3.814 | 
     | 48                                                 |              |          |       |         |          | 
     | picorv32_core_genblk1.pcpi_mul_mul_2371_47_cdnfadd | CI v -> CO v | ADDFX1   | 0.035 |   2.060 |    3.849 | 
     | 49                                                 |              |          |       |         |          | 
     | picorv32_core_genblk1.pcpi_mul_mul_2371_47_cdnfadd | CI v -> CO v | ADDFX1   | 0.034 |   2.094 |    3.883 | 
     | 50                                                 |              |          |       |         |          | 
     | picorv32_core_genblk1.pcpi_mul_mul_2371_47_cdnfadd | CI v -> CO v | ADDFX1   | 0.035 |   2.129 |    3.918 | 
     | 51                                                 |              |          |       |         |          | 
     | picorv32_core_genblk1.pcpi_mul_mul_2371_47_cdnfadd | CI v -> S ^  | ADDFX1   | 0.052 |   2.180 |    3.970 | 
     | 52                                                 |              |          |       |         |          | 
     | picorv32_core_genblk1.pcpi_mul_rd_reg[52]          | D ^          | DFFQXL   | 0.000 |   2.180 |    3.970 | 
     +-----------------------------------------------------------------------------------------------------------+ 
Path 13: MET Setup Check with Pin picorv32_core_genblk1.pcpi_mul_rd_reg[51]/CK 
Endpoint:   picorv32_core_genblk1.pcpi_mul_rd_reg[51]/D (^) checked with  
leading edge of 'clk'
Beginpoint: picorv32_core_genblk1.pcpi_mul_rs2_reg[5]/Q (^) triggered by  
leading edge of 'clk'
Path Groups: {reg2reg}
Analysis View: analysis1
Other End Arrival Time          0.003
- Setup                         0.013
+ Phase Shift                   4.000
- Uncertainty                   0.020
= Required Time                 3.970
- Arrival Time                  2.144
= Slack Time                    1.827
     Clock Rise Edge                 0.000
     + Clock Network Latency (Prop)  0.002
     = Beginpoint Arrival Time       0.002
     +-----------------------------------------------------------------------------------------------------------+ 
     |                      Instance                      |     Arc      |   Cell   | Delay | Arrival | Required | 
     |                                                    |              |          |       |  Time   |   Time   | 
     |----------------------------------------------------+--------------+----------+-------+---------+----------| 
     | picorv32_core_genblk1.pcpi_mul_rs2_reg[5]          | CK ^         |          |       |   0.002 |    1.829 | 
     | picorv32_core_genblk1.pcpi_mul_rs2_reg[5]          | CK ^ -> Q ^  | MDFFHQX1 | 0.132 |   0.134 |    1.961 | 
     | picorv32_core_genblk1.pcpi_mul_mul_2371_47_g14046  | A ^ -> Y v   | INVX1    | 0.055 |   0.190 |    2.017 | 
     | picorv32_core_genblk1.pcpi_mul_mul_2371_47_g13987  | B v -> Y ^   | XNOR2X1  | 0.031 |   0.221 |    2.047 | 
     | picorv32_core_genblk1.pcpi_mul_mul_2371_47_g13897  | A ^ -> Y ^   | OR2X1    | 0.082 |   0.303 |    2.130 | 
     | picorv32_core_genblk1.pcpi_mul_mul_2371_47_g13890  | A ^ -> Y v   | INVX1    | 0.053 |   0.356 |    2.183 | 
     | picorv32_core_genblk1.pcpi_mul_mul_2371_47_g13740  | A1 v -> Y ^  | OAI21X1  | 0.029 |   0.384 |    2.211 | 
     | picorv32_core_genblk1.pcpi_mul_mul_2371_47_g13494  | B ^ -> Y ^   | XNOR2X1  | 0.025 |   0.409 |    2.236 | 
     | picorv32_core_genblk1.pcpi_mul_mul_2371_47_g13440  | B ^ -> S v   | ADDHX1   | 0.031 |   0.440 |    2.267 | 
     | picorv32_core_genblk1.pcpi_mul_mul_2371_47_cdnfadd | A v -> CO v  | ADDFX1   | 0.036 |   0.476 |    2.303 | 
     | 3                                                  |              |          |       |         |          | 
     | picorv32_core_genblk1.pcpi_mul_mul_2371_47_cdnfadd | CI v -> CO v | ADDFX1   | 0.035 |   0.511 |    2.338 | 
     | 4                                                  |              |          |       |         |          | 
     | picorv32_core_genblk1.pcpi_mul_mul_2371_47_cdnfadd | CI v -> CO v | ADDFX1   | 0.035 |   0.546 |    2.372 | 
     | 5                                                  |              |          |       |         |          | 
     | picorv32_core_genblk1.pcpi_mul_mul_2371_47_cdnfadd | CI v -> CO v | ADDFX1   | 0.034 |   0.580 |    2.406 | 
     | 6                                                  |              |          |       |         |          | 
     | picorv32_core_genblk1.pcpi_mul_mul_2371_47_cdnfadd | CI v -> CO v | ADDFX1   | 0.034 |   0.614 |    2.441 | 
     | 7                                                  |              |          |       |         |          | 
     | picorv32_core_genblk1.pcpi_mul_mul_2371_47_cdnfadd | CI v -> CO v | ADDFX1   | 0.034 |   0.648 |    2.475 | 
     | 8                                                  |              |          |       |         |          | 
     | picorv32_core_genblk1.pcpi_mul_mul_2371_47_cdnfadd | CI v -> CO v | ADDFX1   | 0.034 |   0.682 |    2.509 | 
     | 9                                                  |              |          |       |         |          | 
     | picorv32_core_genblk1.pcpi_mul_mul_2371_47_cdnfadd | CI v -> CO v | ADDFX1   | 0.034 |   0.716 |    2.543 | 
     | 10                                                 |              |          |       |         |          | 
     | picorv32_core_genblk1.pcpi_mul_mul_2371_47_cdnfadd | CI v -> CO v | ADDFX1   | 0.034 |   0.750 |    2.577 | 
     | 11                                                 |              |          |       |         |          | 
     | picorv32_core_genblk1.pcpi_mul_mul_2371_47_cdnfadd | CI v -> CO v | ADDFX1   | 0.035 |   0.784 |    2.611 | 
     | 12                                                 |              |          |       |         |          | 
     | picorv32_core_genblk1.pcpi_mul_mul_2371_47_cdnfadd | CI v -> CO v | ADDFX1   | 0.034 |   0.818 |    2.645 | 
     | 13                                                 |              |          |       |         |          | 
     | picorv32_core_genblk1.pcpi_mul_mul_2371_47_cdnfadd | CI v -> CO v | ADDFX1   | 0.034 |   0.852 |    2.679 | 
     | 14                                                 |              |          |       |         |          | 
     | picorv32_core_genblk1.pcpi_mul_mul_2371_47_cdnfadd | CI v -> CO v | ADDFX1   | 0.033 |   0.886 |    2.712 | 
     | 15                                                 |              |          |       |         |          | 
     | picorv32_core_genblk1.pcpi_mul_mul_2371_47_cdnfadd | CI v -> CO v | ADDFX1   | 0.034 |   0.919 |    2.746 | 
     | 16                                                 |              |          |       |         |          | 
     | picorv32_core_genblk1.pcpi_mul_mul_2371_47_cdnfadd | CI v -> CO v | ADDFX1   | 0.034 |   0.953 |    2.780 | 
     | 17                                                 |              |          |       |         |          | 
     | picorv32_core_genblk1.pcpi_mul_mul_2371_47_cdnfadd | CI v -> CO v | ADDFX1   | 0.034 |   0.987 |    2.814 | 
     | 18                                                 |              |          |       |         |          | 
     | picorv32_core_genblk1.pcpi_mul_mul_2371_47_cdnfadd | CI v -> CO v | ADDFX1   | 0.034 |   1.021 |    2.848 | 
     | 19                                                 |              |          |       |         |          | 
     | picorv32_core_genblk1.pcpi_mul_mul_2371_47_cdnfadd | CI v -> CO v | ADDFX1   | 0.035 |   1.056 |    2.883 | 
     | 20                                                 |              |          |       |         |          | 
     | picorv32_core_genblk1.pcpi_mul_mul_2371_47_cdnfadd | CI v -> CO v | ADDFX1   | 0.034 |   1.090 |    2.917 | 
     | 21                                                 |              |          |       |         |          | 
     | picorv32_core_genblk1.pcpi_mul_mul_2371_47_cdnfadd | CI v -> CO v | ADDFX1   | 0.034 |   1.124 |    2.951 | 
     | 22                                                 |              |          |       |         |          | 
     | picorv32_core_genblk1.pcpi_mul_mul_2371_47_cdnfadd | CI v -> CO v | ADDFX1   | 0.034 |   1.158 |    2.985 | 
     | 23                                                 |              |          |       |         |          | 
     | picorv32_core_genblk1.pcpi_mul_mul_2371_47_cdnfadd | CI v -> CO v | ADDFX1   | 0.036 |   1.194 |    3.021 | 
     | 24                                                 |              |          |       |         |          | 
     | picorv32_core_genblk1.pcpi_mul_mul_2371_47_cdnfadd | CI v -> CO v | ADDFX1   | 0.035 |   1.229 |    3.055 | 
     | 25                                                 |              |          |       |         |          | 
     | picorv32_core_genblk1.pcpi_mul_mul_2371_47_cdnfadd | CI v -> CO v | ADDFX1   | 0.033 |   1.262 |    3.089 | 
     | 26                                                 |              |          |       |         |          | 
     | picorv32_core_genblk1.pcpi_mul_mul_2371_47_cdnfadd | CI v -> CO v | ADDFX1   | 0.034 |   1.296 |    3.123 | 
     | 27                                                 |              |          |       |         |          | 
     | picorv32_core_genblk1.pcpi_mul_mul_2371_47_cdnfadd | CI v -> CO v | ADDFX1   | 0.034 |   1.330 |    3.157 | 
     | 28                                                 |              |          |       |         |          | 
     | picorv32_core_genblk1.pcpi_mul_mul_2371_47_cdnfadd | CI v -> CO v | ADDFX1   | 0.035 |   1.365 |    3.192 | 
     | 29                                                 |              |          |       |         |          | 
     | picorv32_core_genblk1.pcpi_mul_mul_2371_47_cdnfadd | CI v -> CO v | ADDFX1   | 0.035 |   1.400 |    3.227 | 
     | 30                                                 |              |          |       |         |          | 
     | picorv32_core_genblk1.pcpi_mul_mul_2371_47_cdnfadd | CI v -> CO v | ADDFX1   | 0.039 |   1.439 |    3.266 | 
     | 31                                                 |              |          |       |         |          | 
     | picorv32_core_genblk1.pcpi_mul_mul_2371_47_cdnfadd | CI v -> CO v | ADDFX1   | 0.036 |   1.476 |    3.302 | 
     | 32                                                 |              |          |       |         |          | 
     | picorv32_core_genblk1.pcpi_mul_mul_2371_47_cdnfadd | CI v -> CO v | ADDFX1   | 0.035 |   1.510 |    3.337 | 
     | 33                                                 |              |          |       |         |          | 
     | picorv32_core_genblk1.pcpi_mul_mul_2371_47_cdnfadd | CI v -> CO v | ADDFX1   | 0.035 |   1.545 |    3.372 | 
     | 34                                                 |              |          |       |         |          | 
     | picorv32_core_genblk1.pcpi_mul_mul_2371_47_cdnfadd | CI v -> CO v | ADDFX1   | 0.034 |   1.580 |    3.406 | 
     | 35                                                 |              |          |       |         |          | 
     | picorv32_core_genblk1.pcpi_mul_mul_2371_47_cdnfadd | CI v -> CO v | ADDFX1   | 0.034 |   1.613 |    3.440 | 
     | 36                                                 |              |          |       |         |          | 
     | picorv32_core_genblk1.pcpi_mul_mul_2371_47_cdnfadd | CI v -> CO v | ADDFX1   | 0.034 |   1.647 |    3.473 | 
     | 37                                                 |              |          |       |         |          | 
     | picorv32_core_genblk1.pcpi_mul_mul_2371_47_cdnfadd | CI v -> CO v | ADDFX1   | 0.033 |   1.680 |    3.507 | 
     | 38                                                 |              |          |       |         |          | 
     | picorv32_core_genblk1.pcpi_mul_mul_2371_47_cdnfadd | CI v -> CO v | ADDFX1   | 0.034 |   1.714 |    3.541 | 
     | 39                                                 |              |          |       |         |          | 
     | picorv32_core_genblk1.pcpi_mul_mul_2371_47_cdnfadd | CI v -> CO v | ADDFX1   | 0.033 |   1.747 |    3.574 | 
     | 40                                                 |              |          |       |         |          | 
     | picorv32_core_genblk1.pcpi_mul_mul_2371_47_cdnfadd | CI v -> CO v | ADDFX1   | 0.034 |   1.781 |    3.608 | 
     | 41                                                 |              |          |       |         |          | 
     | picorv32_core_genblk1.pcpi_mul_mul_2371_47_cdnfadd | CI v -> CO v | ADDFX1   | 0.034 |   1.815 |    3.642 | 
     | 42                                                 |              |          |       |         |          | 
     | picorv32_core_genblk1.pcpi_mul_mul_2371_47_cdnfadd | CI v -> CO v | ADDFX1   | 0.035 |   1.850 |    3.677 | 
     | 43                                                 |              |          |       |         |          | 
     | picorv32_core_genblk1.pcpi_mul_mul_2371_47_cdnfadd | CI v -> CO v | ADDFX1   | 0.035 |   1.885 |    3.712 | 
     | 44                                                 |              |          |       |         |          | 
     | picorv32_core_genblk1.pcpi_mul_mul_2371_47_cdnfadd | CI v -> CO v | ADDFX1   | 0.035 |   1.920 |    3.747 | 
     | 45                                                 |              |          |       |         |          | 
     | picorv32_core_genblk1.pcpi_mul_mul_2371_47_cdnfadd | CI v -> CO v | ADDFX1   | 0.035 |   1.955 |    3.782 | 
     | 46                                                 |              |          |       |         |          | 
     | picorv32_core_genblk1.pcpi_mul_mul_2371_47_cdnfadd | CI v -> CO v | ADDFX1   | 0.034 |   1.989 |    3.816 | 
     | 47                                                 |              |          |       |         |          | 
     | picorv32_core_genblk1.pcpi_mul_mul_2371_47_cdnfadd | CI v -> CO v | ADDFX1   | 0.036 |   2.025 |    3.851 | 
     | 48                                                 |              |          |       |         |          | 
     | picorv32_core_genblk1.pcpi_mul_mul_2371_47_cdnfadd | CI v -> CO v | ADDFX1   | 0.035 |   2.060 |    3.886 | 
     | 49                                                 |              |          |       |         |          | 
     | picorv32_core_genblk1.pcpi_mul_mul_2371_47_cdnfadd | CI v -> CO v | ADDFX1   | 0.034 |   2.094 |    3.920 | 
     | 50                                                 |              |          |       |         |          | 
     | picorv32_core_genblk1.pcpi_mul_mul_2371_47_cdnfadd | CI v -> S ^  | ADDFX1   | 0.050 |   2.144 |    3.970 | 
     | 51                                                 |              |          |       |         |          | 
     | picorv32_core_genblk1.pcpi_mul_rd_reg[51]          | D ^          | DFFQXL   | 0.000 |   2.144 |    3.970 | 
     +-----------------------------------------------------------------------------------------------------------+ 
Path 14: MET Setup Check with Pin picorv32_core_genblk1.pcpi_mul_rd_reg[50]/CK 
Endpoint:   picorv32_core_genblk1.pcpi_mul_rd_reg[50]/D (^) checked with  
leading edge of 'clk'
Beginpoint: picorv32_core_genblk1.pcpi_mul_rs2_reg[5]/Q (^) triggered by  
leading edge of 'clk'
Path Groups: {reg2reg}
Analysis View: analysis1
Other End Arrival Time          0.003
- Setup                         0.013
+ Phase Shift                   4.000
- Uncertainty                   0.020
= Required Time                 3.970
- Arrival Time                  2.110
= Slack Time                    1.860
     Clock Rise Edge                 0.000
     + Clock Network Latency (Prop)  0.002
     = Beginpoint Arrival Time       0.002
     +-----------------------------------------------------------------------------------------------------------+ 
     |                      Instance                      |     Arc      |   Cell   | Delay | Arrival | Required | 
     |                                                    |              |          |       |  Time   |   Time   | 
     |----------------------------------------------------+--------------+----------+-------+---------+----------| 
     | picorv32_core_genblk1.pcpi_mul_rs2_reg[5]          | CK ^         |          |       |   0.002 |    1.862 | 
     | picorv32_core_genblk1.pcpi_mul_rs2_reg[5]          | CK ^ -> Q ^  | MDFFHQX1 | 0.132 |   0.134 |    1.995 | 
     | picorv32_core_genblk1.pcpi_mul_mul_2371_47_g14046  | A ^ -> Y v   | INVX1    | 0.055 |   0.190 |    2.050 | 
     | picorv32_core_genblk1.pcpi_mul_mul_2371_47_g13987  | B v -> Y ^   | XNOR2X1  | 0.031 |   0.221 |    2.081 | 
     | picorv32_core_genblk1.pcpi_mul_mul_2371_47_g13897  | A ^ -> Y ^   | OR2X1    | 0.082 |   0.303 |    2.163 | 
     | picorv32_core_genblk1.pcpi_mul_mul_2371_47_g13890  | A ^ -> Y v   | INVX1    | 0.053 |   0.356 |    2.216 | 
     | picorv32_core_genblk1.pcpi_mul_mul_2371_47_g13740  | A1 v -> Y ^  | OAI21X1  | 0.029 |   0.384 |    2.245 | 
     | picorv32_core_genblk1.pcpi_mul_mul_2371_47_g13494  | B ^ -> Y ^   | XNOR2X1  | 0.025 |   0.409 |    2.269 | 
     | picorv32_core_genblk1.pcpi_mul_mul_2371_47_g13440  | B ^ -> S v   | ADDHX1   | 0.031 |   0.440 |    2.300 | 
     | picorv32_core_genblk1.pcpi_mul_mul_2371_47_cdnfadd | A v -> CO v  | ADDFX1   | 0.036 |   0.476 |    2.336 | 
     | 3                                                  |              |          |       |         |          | 
     | picorv32_core_genblk1.pcpi_mul_mul_2371_47_cdnfadd | CI v -> CO v | ADDFX1   | 0.035 |   0.511 |    2.371 | 
     | 4                                                  |              |          |       |         |          | 
     | picorv32_core_genblk1.pcpi_mul_mul_2371_47_cdnfadd | CI v -> CO v | ADDFX1   | 0.035 |   0.546 |    2.406 | 
     | 5                                                  |              |          |       |         |          | 
     | picorv32_core_genblk1.pcpi_mul_mul_2371_47_cdnfadd | CI v -> CO v | ADDFX1   | 0.034 |   0.580 |    2.440 | 
     | 6                                                  |              |          |       |         |          | 
     | picorv32_core_genblk1.pcpi_mul_mul_2371_47_cdnfadd | CI v -> CO v | ADDFX1   | 0.034 |   0.614 |    2.474 | 
     | 7                                                  |              |          |       |         |          | 
     | picorv32_core_genblk1.pcpi_mul_mul_2371_47_cdnfadd | CI v -> CO v | ADDFX1   | 0.034 |   0.648 |    2.508 | 
     | 8                                                  |              |          |       |         |          | 
     | picorv32_core_genblk1.pcpi_mul_mul_2371_47_cdnfadd | CI v -> CO v | ADDFX1   | 0.034 |   0.682 |    2.542 | 
     | 9                                                  |              |          |       |         |          | 
     | picorv32_core_genblk1.pcpi_mul_mul_2371_47_cdnfadd | CI v -> CO v | ADDFX1   | 0.034 |   0.716 |    2.576 | 
     | 10                                                 |              |          |       |         |          | 
     | picorv32_core_genblk1.pcpi_mul_mul_2371_47_cdnfadd | CI v -> CO v | ADDFX1   | 0.034 |   0.750 |    2.610 | 
     | 11                                                 |              |          |       |         |          | 
     | picorv32_core_genblk1.pcpi_mul_mul_2371_47_cdnfadd | CI v -> CO v | ADDFX1   | 0.035 |   0.784 |    2.644 | 
     | 12                                                 |              |          |       |         |          | 
     | picorv32_core_genblk1.pcpi_mul_mul_2371_47_cdnfadd | CI v -> CO v | ADDFX1   | 0.034 |   0.818 |    2.678 | 
     | 13                                                 |              |          |       |         |          | 
     | picorv32_core_genblk1.pcpi_mul_mul_2371_47_cdnfadd | CI v -> CO v | ADDFX1   | 0.034 |   0.852 |    2.712 | 
     | 14                                                 |              |          |       |         |          | 
     | picorv32_core_genblk1.pcpi_mul_mul_2371_47_cdnfadd | CI v -> CO v | ADDFX1   | 0.033 |   0.886 |    2.746 | 
     | 15                                                 |              |          |       |         |          | 
     | picorv32_core_genblk1.pcpi_mul_mul_2371_47_cdnfadd | CI v -> CO v | ADDFX1   | 0.034 |   0.919 |    2.779 | 
     | 16                                                 |              |          |       |         |          | 
     | picorv32_core_genblk1.pcpi_mul_mul_2371_47_cdnfadd | CI v -> CO v | ADDFX1   | 0.034 |   0.953 |    2.813 | 
     | 17                                                 |              |          |       |         |          | 
     | picorv32_core_genblk1.pcpi_mul_mul_2371_47_cdnfadd | CI v -> CO v | ADDFX1   | 0.034 |   0.987 |    2.847 | 
     | 18                                                 |              |          |       |         |          | 
     | picorv32_core_genblk1.pcpi_mul_mul_2371_47_cdnfadd | CI v -> CO v | ADDFX1   | 0.034 |   1.021 |    2.881 | 
     | 19                                                 |              |          |       |         |          | 
     | picorv32_core_genblk1.pcpi_mul_mul_2371_47_cdnfadd | CI v -> CO v | ADDFX1   | 0.035 |   1.056 |    2.916 | 
     | 20                                                 |              |          |       |         |          | 
     | picorv32_core_genblk1.pcpi_mul_mul_2371_47_cdnfadd | CI v -> CO v | ADDFX1   | 0.034 |   1.090 |    2.950 | 
     | 21                                                 |              |          |       |         |          | 
     | picorv32_core_genblk1.pcpi_mul_mul_2371_47_cdnfadd | CI v -> CO v | ADDFX1   | 0.034 |   1.124 |    2.984 | 
     | 22                                                 |              |          |       |         |          | 
     | picorv32_core_genblk1.pcpi_mul_mul_2371_47_cdnfadd | CI v -> CO v | ADDFX1   | 0.034 |   1.158 |    3.018 | 
     | 23                                                 |              |          |       |         |          | 
     | picorv32_core_genblk1.pcpi_mul_mul_2371_47_cdnfadd | CI v -> CO v | ADDFX1   | 0.036 |   1.194 |    3.054 | 
     | 24                                                 |              |          |       |         |          | 
     | picorv32_core_genblk1.pcpi_mul_mul_2371_47_cdnfadd | CI v -> CO v | ADDFX1   | 0.035 |   1.229 |    3.089 | 
     | 25                                                 |              |          |       |         |          | 
     | picorv32_core_genblk1.pcpi_mul_mul_2371_47_cdnfadd | CI v -> CO v | ADDFX1   | 0.033 |   1.262 |    3.122 | 
     | 26                                                 |              |          |       |         |          | 
     | picorv32_core_genblk1.pcpi_mul_mul_2371_47_cdnfadd | CI v -> CO v | ADDFX1   | 0.034 |   1.296 |    3.156 | 
     | 27                                                 |              |          |       |         |          | 
     | picorv32_core_genblk1.pcpi_mul_mul_2371_47_cdnfadd | CI v -> CO v | ADDFX1   | 0.034 |   1.330 |    3.190 | 
     | 28                                                 |              |          |       |         |          | 
     | picorv32_core_genblk1.pcpi_mul_mul_2371_47_cdnfadd | CI v -> CO v | ADDFX1   | 0.035 |   1.365 |    3.225 | 
     | 29                                                 |              |          |       |         |          | 
     | picorv32_core_genblk1.pcpi_mul_mul_2371_47_cdnfadd | CI v -> CO v | ADDFX1   | 0.035 |   1.400 |    3.260 | 
     | 30                                                 |              |          |       |         |          | 
     | picorv32_core_genblk1.pcpi_mul_mul_2371_47_cdnfadd | CI v -> CO v | ADDFX1   | 0.039 |   1.439 |    3.299 | 
     | 31                                                 |              |          |       |         |          | 
     | picorv32_core_genblk1.pcpi_mul_mul_2371_47_cdnfadd | CI v -> CO v | ADDFX1   | 0.036 |   1.476 |    3.336 | 
     | 32                                                 |              |          |       |         |          | 
     | picorv32_core_genblk1.pcpi_mul_mul_2371_47_cdnfadd | CI v -> CO v | ADDFX1   | 0.035 |   1.510 |    3.370 | 
     | 33                                                 |              |          |       |         |          | 
     | picorv32_core_genblk1.pcpi_mul_mul_2371_47_cdnfadd | CI v -> CO v | ADDFX1   | 0.035 |   1.545 |    3.406 | 
     | 34                                                 |              |          |       |         |          | 
     | picorv32_core_genblk1.pcpi_mul_mul_2371_47_cdnfadd | CI v -> CO v | ADDFX1   | 0.034 |   1.580 |    3.440 | 
     | 35                                                 |              |          |       |         |          | 
     | picorv32_core_genblk1.pcpi_mul_mul_2371_47_cdnfadd | CI v -> CO v | ADDFX1   | 0.034 |   1.613 |    3.473 | 
     | 36                                                 |              |          |       |         |          | 
     | picorv32_core_genblk1.pcpi_mul_mul_2371_47_cdnfadd | CI v -> CO v | ADDFX1   | 0.034 |   1.647 |    3.507 | 
     | 37                                                 |              |          |       |         |          | 
     | picorv32_core_genblk1.pcpi_mul_mul_2371_47_cdnfadd | CI v -> CO v | ADDFX1   | 0.033 |   1.680 |    3.540 | 
     | 38                                                 |              |          |       |         |          | 
     | picorv32_core_genblk1.pcpi_mul_mul_2371_47_cdnfadd | CI v -> CO v | ADDFX1   | 0.034 |   1.714 |    3.574 | 
     | 39                                                 |              |          |       |         |          | 
     | picorv32_core_genblk1.pcpi_mul_mul_2371_47_cdnfadd | CI v -> CO v | ADDFX1   | 0.033 |   1.747 |    3.607 | 
     | 40                                                 |              |          |       |         |          | 
     | picorv32_core_genblk1.pcpi_mul_mul_2371_47_cdnfadd | CI v -> CO v | ADDFX1   | 0.034 |   1.781 |    3.641 | 
     | 41                                                 |              |          |       |         |          | 
     | picorv32_core_genblk1.pcpi_mul_mul_2371_47_cdnfadd | CI v -> CO v | ADDFX1   | 0.034 |   1.815 |    3.675 | 
     | 42                                                 |              |          |       |         |          | 
     | picorv32_core_genblk1.pcpi_mul_mul_2371_47_cdnfadd | CI v -> CO v | ADDFX1   | 0.035 |   1.850 |    3.710 | 
     | 43                                                 |              |          |       |         |          | 
     | picorv32_core_genblk1.pcpi_mul_mul_2371_47_cdnfadd | CI v -> CO v | ADDFX1   | 0.035 |   1.885 |    3.745 | 
     | 44                                                 |              |          |       |         |          | 
     | picorv32_core_genblk1.pcpi_mul_mul_2371_47_cdnfadd | CI v -> CO v | ADDFX1   | 0.035 |   1.920 |    3.780 | 
     | 45                                                 |              |          |       |         |          | 
     | picorv32_core_genblk1.pcpi_mul_mul_2371_47_cdnfadd | CI v -> CO v | ADDFX1   | 0.035 |   1.955 |    3.815 | 
     | 46                                                 |              |          |       |         |          | 
     | picorv32_core_genblk1.pcpi_mul_mul_2371_47_cdnfadd | CI v -> CO v | ADDFX1   | 0.034 |   1.989 |    3.849 | 
     | 47                                                 |              |          |       |         |          | 
     | picorv32_core_genblk1.pcpi_mul_mul_2371_47_cdnfadd | CI v -> CO v | ADDFX1   | 0.036 |   2.025 |    3.885 | 
     | 48                                                 |              |          |       |         |          | 
     | picorv32_core_genblk1.pcpi_mul_mul_2371_47_cdnfadd | CI v -> CO v | ADDFX1   | 0.035 |   2.060 |    3.920 | 
     | 49                                                 |              |          |       |         |          | 
     | picorv32_core_genblk1.pcpi_mul_mul_2371_47_cdnfadd | CI v -> S ^  | ADDFX1   | 0.051 |   2.110 |    3.970 | 
     | 50                                                 |              |          |       |         |          | 
     | picorv32_core_genblk1.pcpi_mul_rd_reg[50]          | D ^          | DFFQXL   | 0.000 |   2.110 |    3.970 | 
     +-----------------------------------------------------------------------------------------------------------+ 
Path 15: MET Setup Check with Pin picorv32_core_genblk1.pcpi_mul_rd_reg[49]/CK 
Endpoint:   picorv32_core_genblk1.pcpi_mul_rd_reg[49]/D (^) checked with  
leading edge of 'clk'
Beginpoint: picorv32_core_genblk1.pcpi_mul_rs2_reg[5]/Q (^) triggered by  
leading edge of 'clk'
Path Groups: {reg2reg}
Analysis View: analysis1
Other End Arrival Time          0.003
- Setup                         0.013
+ Phase Shift                   4.000
- Uncertainty                   0.020
= Required Time                 3.969
- Arrival Time                  2.076
= Slack Time                    1.893
     Clock Rise Edge                 0.000
     + Clock Network Latency (Prop)  0.002
     = Beginpoint Arrival Time       0.002
     +-----------------------------------------------------------------------------------------------------------+ 
     |                      Instance                      |     Arc      |   Cell   | Delay | Arrival | Required | 
     |                                                    |              |          |       |  Time   |   Time   | 
     |----------------------------------------------------+--------------+----------+-------+---------+----------| 
     | picorv32_core_genblk1.pcpi_mul_rs2_reg[5]          | CK ^         |          |       |   0.002 |    1.896 | 
     | picorv32_core_genblk1.pcpi_mul_rs2_reg[5]          | CK ^ -> Q ^  | MDFFHQX1 | 0.132 |   0.134 |    2.028 | 
     | picorv32_core_genblk1.pcpi_mul_mul_2371_47_g14046  | A ^ -> Y v   | INVX1    | 0.055 |   0.190 |    2.083 | 
     | picorv32_core_genblk1.pcpi_mul_mul_2371_47_g13987  | B v -> Y ^   | XNOR2X1  | 0.031 |   0.221 |    2.114 | 
     | picorv32_core_genblk1.pcpi_mul_mul_2371_47_g13897  | A ^ -> Y ^   | OR2X1    | 0.082 |   0.303 |    2.196 | 
     | picorv32_core_genblk1.pcpi_mul_mul_2371_47_g13890  | A ^ -> Y v   | INVX1    | 0.053 |   0.356 |    2.249 | 
     | picorv32_core_genblk1.pcpi_mul_mul_2371_47_g13740  | A1 v -> Y ^  | OAI21X1  | 0.029 |   0.384 |    2.278 | 
     | picorv32_core_genblk1.pcpi_mul_mul_2371_47_g13494  | B ^ -> Y ^   | XNOR2X1  | 0.025 |   0.409 |    2.303 | 
     | picorv32_core_genblk1.pcpi_mul_mul_2371_47_g13440  | B ^ -> S v   | ADDHX1   | 0.031 |   0.440 |    2.334 | 
     | picorv32_core_genblk1.pcpi_mul_mul_2371_47_cdnfadd | A v -> CO v  | ADDFX1   | 0.036 |   0.476 |    2.370 | 
     | 3                                                  |              |          |       |         |          | 
     | picorv32_core_genblk1.pcpi_mul_mul_2371_47_cdnfadd | CI v -> CO v | ADDFX1   | 0.035 |   0.511 |    2.404 | 
     | 4                                                  |              |          |       |         |          | 
     | picorv32_core_genblk1.pcpi_mul_mul_2371_47_cdnfadd | CI v -> CO v | ADDFX1   | 0.035 |   0.546 |    2.439 | 
     | 5                                                  |              |          |       |         |          | 
     | picorv32_core_genblk1.pcpi_mul_mul_2371_47_cdnfadd | CI v -> CO v | ADDFX1   | 0.034 |   0.580 |    2.473 | 
     | 6                                                  |              |          |       |         |          | 
     | picorv32_core_genblk1.pcpi_mul_mul_2371_47_cdnfadd | CI v -> CO v | ADDFX1   | 0.034 |   0.614 |    2.507 | 
     | 7                                                  |              |          |       |         |          | 
     | picorv32_core_genblk1.pcpi_mul_mul_2371_47_cdnfadd | CI v -> CO v | ADDFX1   | 0.034 |   0.648 |    2.541 | 
     | 8                                                  |              |          |       |         |          | 
     | picorv32_core_genblk1.pcpi_mul_mul_2371_47_cdnfadd | CI v -> CO v | ADDFX1   | 0.034 |   0.682 |    2.575 | 
     | 9                                                  |              |          |       |         |          | 
     | picorv32_core_genblk1.pcpi_mul_mul_2371_47_cdnfadd | CI v -> CO v | ADDFX1   | 0.034 |   0.716 |    2.610 | 
     | 10                                                 |              |          |       |         |          | 
     | picorv32_core_genblk1.pcpi_mul_mul_2371_47_cdnfadd | CI v -> CO v | ADDFX1   | 0.034 |   0.750 |    2.643 | 
     | 11                                                 |              |          |       |         |          | 
     | picorv32_core_genblk1.pcpi_mul_mul_2371_47_cdnfadd | CI v -> CO v | ADDFX1   | 0.035 |   0.784 |    2.678 | 
     | 12                                                 |              |          |       |         |          | 
     | picorv32_core_genblk1.pcpi_mul_mul_2371_47_cdnfadd | CI v -> CO v | ADDFX1   | 0.034 |   0.818 |    2.711 | 
     | 13                                                 |              |          |       |         |          | 
     | picorv32_core_genblk1.pcpi_mul_mul_2371_47_cdnfadd | CI v -> CO v | ADDFX1   | 0.034 |   0.852 |    2.745 | 
     | 14                                                 |              |          |       |         |          | 
     | picorv32_core_genblk1.pcpi_mul_mul_2371_47_cdnfadd | CI v -> CO v | ADDFX1   | 0.033 |   0.886 |    2.779 | 
     | 15                                                 |              |          |       |         |          | 
     | picorv32_core_genblk1.pcpi_mul_mul_2371_47_cdnfadd | CI v -> CO v | ADDFX1   | 0.034 |   0.919 |    2.813 | 
     | 16                                                 |              |          |       |         |          | 
     | picorv32_core_genblk1.pcpi_mul_mul_2371_47_cdnfadd | CI v -> CO v | ADDFX1   | 0.034 |   0.953 |    2.846 | 
     | 17                                                 |              |          |       |         |          | 
     | picorv32_core_genblk1.pcpi_mul_mul_2371_47_cdnfadd | CI v -> CO v | ADDFX1   | 0.034 |   0.987 |    2.880 | 
     | 18                                                 |              |          |       |         |          | 
     | picorv32_core_genblk1.pcpi_mul_mul_2371_47_cdnfadd | CI v -> CO v | ADDFX1   | 0.034 |   1.021 |    2.915 | 
     | 19                                                 |              |          |       |         |          | 
     | picorv32_core_genblk1.pcpi_mul_mul_2371_47_cdnfadd | CI v -> CO v | ADDFX1   | 0.035 |   1.056 |    2.949 | 
     | 20                                                 |              |          |       |         |          | 
     | picorv32_core_genblk1.pcpi_mul_mul_2371_47_cdnfadd | CI v -> CO v | ADDFX1   | 0.034 |   1.090 |    2.983 | 
     | 21                                                 |              |          |       |         |          | 
     | picorv32_core_genblk1.pcpi_mul_mul_2371_47_cdnfadd | CI v -> CO v | ADDFX1   | 0.034 |   1.124 |    3.018 | 
     | 22                                                 |              |          |       |         |          | 
     | picorv32_core_genblk1.pcpi_mul_mul_2371_47_cdnfadd | CI v -> CO v | ADDFX1   | 0.034 |   1.158 |    3.052 | 
     | 23                                                 |              |          |       |         |          | 
     | picorv32_core_genblk1.pcpi_mul_mul_2371_47_cdnfadd | CI v -> CO v | ADDFX1   | 0.036 |   1.194 |    3.087 | 
     | 24                                                 |              |          |       |         |          | 
     | picorv32_core_genblk1.pcpi_mul_mul_2371_47_cdnfadd | CI v -> CO v | ADDFX1   | 0.035 |   1.229 |    3.122 | 
     | 25                                                 |              |          |       |         |          | 
     | picorv32_core_genblk1.pcpi_mul_mul_2371_47_cdnfadd | CI v -> CO v | ADDFX1   | 0.033 |   1.262 |    3.155 | 
     | 26                                                 |              |          |       |         |          | 
     | picorv32_core_genblk1.pcpi_mul_mul_2371_47_cdnfadd | CI v -> CO v | ADDFX1   | 0.034 |   1.296 |    3.190 | 
     | 27                                                 |              |          |       |         |          | 
     | picorv32_core_genblk1.pcpi_mul_mul_2371_47_cdnfadd | CI v -> CO v | ADDFX1   | 0.034 |   1.330 |    3.224 | 
     | 28                                                 |              |          |       |         |          | 
     | picorv32_core_genblk1.pcpi_mul_mul_2371_47_cdnfadd | CI v -> CO v | ADDFX1   | 0.035 |   1.365 |    3.258 | 
     | 29                                                 |              |          |       |         |          | 
     | picorv32_core_genblk1.pcpi_mul_mul_2371_47_cdnfadd | CI v -> CO v | ADDFX1   | 0.035 |   1.400 |    3.293 | 
     | 30                                                 |              |          |       |         |          | 
     | picorv32_core_genblk1.pcpi_mul_mul_2371_47_cdnfadd | CI v -> CO v | ADDFX1   | 0.039 |   1.439 |    3.332 | 
     | 31                                                 |              |          |       |         |          | 
     | picorv32_core_genblk1.pcpi_mul_mul_2371_47_cdnfadd | CI v -> CO v | ADDFX1   | 0.036 |   1.476 |    3.369 | 
     | 32                                                 |              |          |       |         |          | 
     | picorv32_core_genblk1.pcpi_mul_mul_2371_47_cdnfadd | CI v -> CO v | ADDFX1   | 0.035 |   1.510 |    3.404 | 
     | 33                                                 |              |          |       |         |          | 
     | picorv32_core_genblk1.pcpi_mul_mul_2371_47_cdnfadd | CI v -> CO v | ADDFX1   | 0.035 |   1.545 |    3.439 | 
     | 34                                                 |              |          |       |         |          | 
     | picorv32_core_genblk1.pcpi_mul_mul_2371_47_cdnfadd | CI v -> CO v | ADDFX1   | 0.034 |   1.580 |    3.473 | 
     | 35                                                 |              |          |       |         |          | 
     | picorv32_core_genblk1.pcpi_mul_mul_2371_47_cdnfadd | CI v -> CO v | ADDFX1   | 0.034 |   1.613 |    3.506 | 
     | 36                                                 |              |          |       |         |          | 
     | picorv32_core_genblk1.pcpi_mul_mul_2371_47_cdnfadd | CI v -> CO v | ADDFX1   | 0.034 |   1.647 |    3.540 | 
     | 37                                                 |              |          |       |         |          | 
     | picorv32_core_genblk1.pcpi_mul_mul_2371_47_cdnfadd | CI v -> CO v | ADDFX1   | 0.033 |   1.680 |    3.573 | 
     | 38                                                 |              |          |       |         |          | 
     | picorv32_core_genblk1.pcpi_mul_mul_2371_47_cdnfadd | CI v -> CO v | ADDFX1   | 0.034 |   1.714 |    3.607 | 
     | 39                                                 |              |          |       |         |          | 
     | picorv32_core_genblk1.pcpi_mul_mul_2371_47_cdnfadd | CI v -> CO v | ADDFX1   | 0.033 |   1.747 |    3.640 | 
     | 40                                                 |              |          |       |         |          | 
     | picorv32_core_genblk1.pcpi_mul_mul_2371_47_cdnfadd | CI v -> CO v | ADDFX1   | 0.034 |   1.781 |    3.674 | 
     | 41                                                 |              |          |       |         |          | 
     | picorv32_core_genblk1.pcpi_mul_mul_2371_47_cdnfadd | CI v -> CO v | ADDFX1   | 0.034 |   1.815 |    3.708 | 
     | 42                                                 |              |          |       |         |          | 
     | picorv32_core_genblk1.pcpi_mul_mul_2371_47_cdnfadd | CI v -> CO v | ADDFX1   | 0.035 |   1.850 |    3.743 | 
     | 43                                                 |              |          |       |         |          | 
     | picorv32_core_genblk1.pcpi_mul_mul_2371_47_cdnfadd | CI v -> CO v | ADDFX1   | 0.035 |   1.885 |    3.779 | 
     | 44                                                 |              |          |       |         |          | 
     | picorv32_core_genblk1.pcpi_mul_mul_2371_47_cdnfadd | CI v -> CO v | ADDFX1   | 0.035 |   1.920 |    3.813 | 
     | 45                                                 |              |          |       |         |          | 
     | picorv32_core_genblk1.pcpi_mul_mul_2371_47_cdnfadd | CI v -> CO v | ADDFX1   | 0.035 |   1.955 |    3.848 | 
     | 46                                                 |              |          |       |         |          | 
     | picorv32_core_genblk1.pcpi_mul_mul_2371_47_cdnfadd | CI v -> CO v | ADDFX1   | 0.034 |   1.989 |    3.882 | 
     | 47                                                 |              |          |       |         |          | 
     | picorv32_core_genblk1.pcpi_mul_mul_2371_47_cdnfadd | CI v -> CO v | ADDFX1   | 0.036 |   2.025 |    3.918 | 
     | 48                                                 |              |          |       |         |          | 
     | picorv32_core_genblk1.pcpi_mul_mul_2371_47_cdnfadd | CI v -> S ^  | ADDFX1   | 0.052 |   2.076 |    3.969 | 
     | 49                                                 |              |          |       |         |          | 
     | picorv32_core_genblk1.pcpi_mul_rd_reg[49]          | D ^          | DFFQXL   | 0.000 |   2.076 |    3.969 | 
     +-----------------------------------------------------------------------------------------------------------+ 
Path 16: MET Setup Check with Pin picorv32_core_genblk1.pcpi_mul_rd_reg[48]/CK 
Endpoint:   picorv32_core_genblk1.pcpi_mul_rd_reg[48]/D (^) checked with  
leading edge of 'clk'
Beginpoint: picorv32_core_genblk1.pcpi_mul_rs2_reg[5]/Q (^) triggered by  
leading edge of 'clk'
Path Groups: {reg2reg}
Analysis View: analysis1
Other End Arrival Time          0.003
- Setup                         0.013
+ Phase Shift                   4.000
- Uncertainty                   0.020
= Required Time                 3.971
- Arrival Time                  2.038
= Slack Time                    1.933
     Clock Rise Edge                 0.000
     + Clock Network Latency (Prop)  0.002
     = Beginpoint Arrival Time       0.002
     +-----------------------------------------------------------------------------------------------------------+ 
     |                      Instance                      |     Arc      |   Cell   | Delay | Arrival | Required | 
     |                                                    |              |          |       |  Time   |   Time   | 
     |----------------------------------------------------+--------------+----------+-------+---------+----------| 
     | picorv32_core_genblk1.pcpi_mul_rs2_reg[5]          | CK ^         |          |       |   0.002 |    1.935 | 
     | picorv32_core_genblk1.pcpi_mul_rs2_reg[5]          | CK ^ -> Q ^  | MDFFHQX1 | 0.132 |   0.134 |    2.067 | 
     | picorv32_core_genblk1.pcpi_mul_mul_2371_47_g14046  | A ^ -> Y v   | INVX1    | 0.055 |   0.190 |    2.123 | 
     | picorv32_core_genblk1.pcpi_mul_mul_2371_47_g13987  | B v -> Y ^   | XNOR2X1  | 0.031 |   0.221 |    2.154 | 
     | picorv32_core_genblk1.pcpi_mul_mul_2371_47_g13897  | A ^ -> Y ^   | OR2X1    | 0.082 |   0.303 |    2.236 | 
     | picorv32_core_genblk1.pcpi_mul_mul_2371_47_g13890  | A ^ -> Y v   | INVX1    | 0.053 |   0.356 |    2.289 | 
     | picorv32_core_genblk1.pcpi_mul_mul_2371_47_g13740  | A1 v -> Y ^  | OAI21X1  | 0.029 |   0.384 |    2.317 | 
     | picorv32_core_genblk1.pcpi_mul_mul_2371_47_g13494  | B ^ -> Y ^   | XNOR2X1  | 0.025 |   0.409 |    2.342 | 
     | picorv32_core_genblk1.pcpi_mul_mul_2371_47_g13440  | B ^ -> S v   | ADDHX1   | 0.031 |   0.440 |    2.373 | 
     | picorv32_core_genblk1.pcpi_mul_mul_2371_47_cdnfadd | A v -> CO v  | ADDFX1   | 0.036 |   0.476 |    2.409 | 
     | 3                                                  |              |          |       |         |          | 
     | picorv32_core_genblk1.pcpi_mul_mul_2371_47_cdnfadd | CI v -> CO v | ADDFX1   | 0.035 |   0.511 |    2.444 | 
     | 4                                                  |              |          |       |         |          | 
     | picorv32_core_genblk1.pcpi_mul_mul_2371_47_cdnfadd | CI v -> CO v | ADDFX1   | 0.035 |   0.546 |    2.479 | 
     | 5                                                  |              |          |       |         |          | 
     | picorv32_core_genblk1.pcpi_mul_mul_2371_47_cdnfadd | CI v -> CO v | ADDFX1   | 0.034 |   0.580 |    2.512 | 
     | 6                                                  |              |          |       |         |          | 
     | picorv32_core_genblk1.pcpi_mul_mul_2371_47_cdnfadd | CI v -> CO v | ADDFX1   | 0.034 |   0.614 |    2.547 | 
     | 7                                                  |              |          |       |         |          | 
     | picorv32_core_genblk1.pcpi_mul_mul_2371_47_cdnfadd | CI v -> CO v | ADDFX1   | 0.034 |   0.648 |    2.581 | 
     | 8                                                  |              |          |       |         |          | 
     | picorv32_core_genblk1.pcpi_mul_mul_2371_47_cdnfadd | CI v -> CO v | ADDFX1   | 0.034 |   0.682 |    2.615 | 
     | 9                                                  |              |          |       |         |          | 
     | picorv32_core_genblk1.pcpi_mul_mul_2371_47_cdnfadd | CI v -> CO v | ADDFX1   | 0.034 |   0.716 |    2.649 | 
     | 10                                                 |              |          |       |         |          | 
     | picorv32_core_genblk1.pcpi_mul_mul_2371_47_cdnfadd | CI v -> CO v | ADDFX1   | 0.034 |   0.750 |    2.683 | 
     | 11                                                 |              |          |       |         |          | 
     | picorv32_core_genblk1.pcpi_mul_mul_2371_47_cdnfadd | CI v -> CO v | ADDFX1   | 0.035 |   0.784 |    2.717 | 
     | 12                                                 |              |          |       |         |          | 
     | picorv32_core_genblk1.pcpi_mul_mul_2371_47_cdnfadd | CI v -> CO v | ADDFX1   | 0.034 |   0.818 |    2.751 | 
     | 13                                                 |              |          |       |         |          | 
     | picorv32_core_genblk1.pcpi_mul_mul_2371_47_cdnfadd | CI v -> CO v | ADDFX1   | 0.034 |   0.852 |    2.785 | 
     | 14                                                 |              |          |       |         |          | 
     | picorv32_core_genblk1.pcpi_mul_mul_2371_47_cdnfadd | CI v -> CO v | ADDFX1   | 0.033 |   0.886 |    2.818 | 
     | 15                                                 |              |          |       |         |          | 
     | picorv32_core_genblk1.pcpi_mul_mul_2371_47_cdnfadd | CI v -> CO v | ADDFX1   | 0.034 |   0.919 |    2.852 | 
     | 16                                                 |              |          |       |         |          | 
     | picorv32_core_genblk1.pcpi_mul_mul_2371_47_cdnfadd | CI v -> CO v | ADDFX1   | 0.034 |   0.953 |    2.886 | 
     | 17                                                 |              |          |       |         |          | 
     | picorv32_core_genblk1.pcpi_mul_mul_2371_47_cdnfadd | CI v -> CO v | ADDFX1   | 0.034 |   0.987 |    2.920 | 
     | 18                                                 |              |          |       |         |          | 
     | picorv32_core_genblk1.pcpi_mul_mul_2371_47_cdnfadd | CI v -> CO v | ADDFX1   | 0.034 |   1.021 |    2.954 | 
     | 19                                                 |              |          |       |         |          | 
     | picorv32_core_genblk1.pcpi_mul_mul_2371_47_cdnfadd | CI v -> CO v | ADDFX1   | 0.035 |   1.056 |    2.989 | 
     | 20                                                 |              |          |       |         |          | 
     | picorv32_core_genblk1.pcpi_mul_mul_2371_47_cdnfadd | CI v -> CO v | ADDFX1   | 0.034 |   1.090 |    3.023 | 
     | 21                                                 |              |          |       |         |          | 
     | picorv32_core_genblk1.pcpi_mul_mul_2371_47_cdnfadd | CI v -> CO v | ADDFX1   | 0.034 |   1.124 |    3.057 | 
     | 22                                                 |              |          |       |         |          | 
     | picorv32_core_genblk1.pcpi_mul_mul_2371_47_cdnfadd | CI v -> CO v | ADDFX1   | 0.034 |   1.158 |    3.091 | 
     | 23                                                 |              |          |       |         |          | 
     | picorv32_core_genblk1.pcpi_mul_mul_2371_47_cdnfadd | CI v -> CO v | ADDFX1   | 0.036 |   1.194 |    3.127 | 
     | 24                                                 |              |          |       |         |          | 
     | picorv32_core_genblk1.pcpi_mul_mul_2371_47_cdnfadd | CI v -> CO v | ADDFX1   | 0.035 |   1.229 |    3.161 | 
     | 25                                                 |              |          |       |         |          | 
     | picorv32_core_genblk1.pcpi_mul_mul_2371_47_cdnfadd | CI v -> CO v | ADDFX1   | 0.033 |   1.262 |    3.195 | 
     | 26                                                 |              |          |       |         |          | 
     | picorv32_core_genblk1.pcpi_mul_mul_2371_47_cdnfadd | CI v -> CO v | ADDFX1   | 0.034 |   1.296 |    3.229 | 
     | 27                                                 |              |          |       |         |          | 
     | picorv32_core_genblk1.pcpi_mul_mul_2371_47_cdnfadd | CI v -> CO v | ADDFX1   | 0.034 |   1.330 |    3.263 | 
     | 28                                                 |              |          |       |         |          | 
     | picorv32_core_genblk1.pcpi_mul_mul_2371_47_cdnfadd | CI v -> CO v | ADDFX1   | 0.035 |   1.365 |    3.298 | 
     | 29                                                 |              |          |       |         |          | 
     | picorv32_core_genblk1.pcpi_mul_mul_2371_47_cdnfadd | CI v -> CO v | ADDFX1   | 0.035 |   1.400 |    3.333 | 
     | 30                                                 |              |          |       |         |          | 
     | picorv32_core_genblk1.pcpi_mul_mul_2371_47_cdnfadd | CI v -> CO v | ADDFX1   | 0.039 |   1.439 |    3.372 | 
     | 31                                                 |              |          |       |         |          | 
     | picorv32_core_genblk1.pcpi_mul_mul_2371_47_cdnfadd | CI v -> CO v | ADDFX1   | 0.036 |   1.476 |    3.408 | 
     | 32                                                 |              |          |       |         |          | 
     | picorv32_core_genblk1.pcpi_mul_mul_2371_47_cdnfadd | CI v -> CO v | ADDFX1   | 0.035 |   1.510 |    3.443 | 
     | 33                                                 |              |          |       |         |          | 
     | picorv32_core_genblk1.pcpi_mul_mul_2371_47_cdnfadd | CI v -> CO v | ADDFX1   | 0.035 |   1.545 |    3.478 | 
     | 34                                                 |              |          |       |         |          | 
     | picorv32_core_genblk1.pcpi_mul_mul_2371_47_cdnfadd | CI v -> CO v | ADDFX1   | 0.034 |   1.580 |    3.512 | 
     | 35                                                 |              |          |       |         |          | 
     | picorv32_core_genblk1.pcpi_mul_mul_2371_47_cdnfadd | CI v -> CO v | ADDFX1   | 0.034 |   1.613 |    3.546 | 
     | 36                                                 |              |          |       |         |          | 
     | picorv32_core_genblk1.pcpi_mul_mul_2371_47_cdnfadd | CI v -> CO v | ADDFX1   | 0.034 |   1.647 |    3.580 | 
     | 37                                                 |              |          |       |         |          | 
     | picorv32_core_genblk1.pcpi_mul_mul_2371_47_cdnfadd | CI v -> CO v | ADDFX1   | 0.033 |   1.680 |    3.613 | 
     | 38                                                 |              |          |       |         |          | 
     | picorv32_core_genblk1.pcpi_mul_mul_2371_47_cdnfadd | CI v -> CO v | ADDFX1   | 0.034 |   1.714 |    3.647 | 
     | 39                                                 |              |          |       |         |          | 
     | picorv32_core_genblk1.pcpi_mul_mul_2371_47_cdnfadd | CI v -> CO v | ADDFX1   | 0.033 |   1.747 |    3.680 | 
     | 40                                                 |              |          |       |         |          | 
     | picorv32_core_genblk1.pcpi_mul_mul_2371_47_cdnfadd | CI v -> CO v | ADDFX1   | 0.034 |   1.781 |    3.714 | 
     | 41                                                 |              |          |       |         |          | 
     | picorv32_core_genblk1.pcpi_mul_mul_2371_47_cdnfadd | CI v -> CO v | ADDFX1   | 0.034 |   1.815 |    3.748 | 
     | 42                                                 |              |          |       |         |          | 
     | picorv32_core_genblk1.pcpi_mul_mul_2371_47_cdnfadd | CI v -> CO v | ADDFX1   | 0.035 |   1.850 |    3.783 | 
     | 43                                                 |              |          |       |         |          | 
     | picorv32_core_genblk1.pcpi_mul_mul_2371_47_cdnfadd | CI v -> CO v | ADDFX1   | 0.035 |   1.885 |    3.818 | 
     | 44                                                 |              |          |       |         |          | 
     | picorv32_core_genblk1.pcpi_mul_mul_2371_47_cdnfadd | CI v -> CO v | ADDFX1   | 0.035 |   1.920 |    3.853 | 
     | 45                                                 |              |          |       |         |          | 
     | picorv32_core_genblk1.pcpi_mul_mul_2371_47_cdnfadd | CI v -> CO v | ADDFX1   | 0.035 |   1.955 |    3.888 | 
     | 46                                                 |              |          |       |         |          | 
     | picorv32_core_genblk1.pcpi_mul_mul_2371_47_cdnfadd | CI v -> CO v | ADDFX1   | 0.034 |   1.989 |    3.922 | 
     | 47                                                 |              |          |       |         |          | 
     | picorv32_core_genblk1.pcpi_mul_mul_2371_47_cdnfadd | CI v -> S ^  | ADDFX1   | 0.049 |   2.038 |    3.971 | 
     | 48                                                 |              |          |       |         |          | 
     | picorv32_core_genblk1.pcpi_mul_rd_reg[48]          | D ^          | DFFQXL   | 0.000 |   2.038 |    3.971 | 
     +-----------------------------------------------------------------------------------------------------------+ 
Path 17: MET Setup Check with Pin picorv32_core_genblk1.pcpi_mul_rd_reg[47]/CK 
Endpoint:   picorv32_core_genblk1.pcpi_mul_rd_reg[47]/D (^) checked with  
leading edge of 'clk'
Beginpoint: picorv32_core_genblk1.pcpi_mul_rs2_reg[5]/Q (^) triggered by  
leading edge of 'clk'
Path Groups: {reg2reg}
Analysis View: analysis1
Other End Arrival Time          0.002
- Setup                         0.013
+ Phase Shift                   4.000
- Uncertainty                   0.020
= Required Time                 3.969
- Arrival Time                  2.006
= Slack Time                    1.963
     Clock Rise Edge                 0.000
     + Clock Network Latency (Prop)  0.002
     = Beginpoint Arrival Time       0.002
     +-----------------------------------------------------------------------------------------------------------+ 
     |                      Instance                      |     Arc      |   Cell   | Delay | Arrival | Required | 
     |                                                    |              |          |       |  Time   |   Time   | 
     |----------------------------------------------------+--------------+----------+-------+---------+----------| 
     | picorv32_core_genblk1.pcpi_mul_rs2_reg[5]          | CK ^         |          |       |   0.002 |    1.965 | 
     | picorv32_core_genblk1.pcpi_mul_rs2_reg[5]          | CK ^ -> Q ^  | MDFFHQX1 | 0.132 |   0.134 |    2.097 | 
     | picorv32_core_genblk1.pcpi_mul_mul_2371_47_g14046  | A ^ -> Y v   | INVX1    | 0.055 |   0.190 |    2.153 | 
     | picorv32_core_genblk1.pcpi_mul_mul_2371_47_g13987  | B v -> Y ^   | XNOR2X1  | 0.031 |   0.221 |    2.184 | 
     | picorv32_core_genblk1.pcpi_mul_mul_2371_47_g13897  | A ^ -> Y ^   | OR2X1    | 0.082 |   0.303 |    2.266 | 
     | picorv32_core_genblk1.pcpi_mul_mul_2371_47_g13890  | A ^ -> Y v   | INVX1    | 0.053 |   0.356 |    2.319 | 
     | picorv32_core_genblk1.pcpi_mul_mul_2371_47_g13740  | A1 v -> Y ^  | OAI21X1  | 0.029 |   0.384 |    2.347 | 
     | picorv32_core_genblk1.pcpi_mul_mul_2371_47_g13494  | B ^ -> Y ^   | XNOR2X1  | 0.025 |   0.409 |    2.372 | 
     | picorv32_core_genblk1.pcpi_mul_mul_2371_47_g13440  | B ^ -> S v   | ADDHX1   | 0.031 |   0.440 |    2.403 | 
     | picorv32_core_genblk1.pcpi_mul_mul_2371_47_cdnfadd | A v -> CO v  | ADDFX1   | 0.036 |   0.476 |    2.439 | 
     | 3                                                  |              |          |       |         |          | 
     | picorv32_core_genblk1.pcpi_mul_mul_2371_47_cdnfadd | CI v -> CO v | ADDFX1   | 0.035 |   0.511 |    2.474 | 
     | 4                                                  |              |          |       |         |          | 
     | picorv32_core_genblk1.pcpi_mul_mul_2371_47_cdnfadd | CI v -> CO v | ADDFX1   | 0.035 |   0.546 |    2.509 | 
     | 5                                                  |              |          |       |         |          | 
     | picorv32_core_genblk1.pcpi_mul_mul_2371_47_cdnfadd | CI v -> CO v | ADDFX1   | 0.034 |   0.580 |    2.542 | 
     | 6                                                  |              |          |       |         |          | 
     | picorv32_core_genblk1.pcpi_mul_mul_2371_47_cdnfadd | CI v -> CO v | ADDFX1   | 0.034 |   0.614 |    2.577 | 
     | 7                                                  |              |          |       |         |          | 
     | picorv32_core_genblk1.pcpi_mul_mul_2371_47_cdnfadd | CI v -> CO v | ADDFX1   | 0.034 |   0.648 |    2.611 | 
     | 8                                                  |              |          |       |         |          | 
     | picorv32_core_genblk1.pcpi_mul_mul_2371_47_cdnfadd | CI v -> CO v | ADDFX1   | 0.034 |   0.682 |    2.645 | 
     | 9                                                  |              |          |       |         |          | 
     | picorv32_core_genblk1.pcpi_mul_mul_2371_47_cdnfadd | CI v -> CO v | ADDFX1   | 0.034 |   0.716 |    2.679 | 
     | 10                                                 |              |          |       |         |          | 
     | picorv32_core_genblk1.pcpi_mul_mul_2371_47_cdnfadd | CI v -> CO v | ADDFX1   | 0.034 |   0.750 |    2.713 | 
     | 11                                                 |              |          |       |         |          | 
     | picorv32_core_genblk1.pcpi_mul_mul_2371_47_cdnfadd | CI v -> CO v | ADDFX1   | 0.035 |   0.784 |    2.747 | 
     | 12                                                 |              |          |       |         |          | 
     | picorv32_core_genblk1.pcpi_mul_mul_2371_47_cdnfadd | CI v -> CO v | ADDFX1   | 0.034 |   0.818 |    2.781 | 
     | 13                                                 |              |          |       |         |          | 
     | picorv32_core_genblk1.pcpi_mul_mul_2371_47_cdnfadd | CI v -> CO v | ADDFX1   | 0.034 |   0.852 |    2.815 | 
     | 14                                                 |              |          |       |         |          | 
     | picorv32_core_genblk1.pcpi_mul_mul_2371_47_cdnfadd | CI v -> CO v | ADDFX1   | 0.033 |   0.886 |    2.848 | 
     | 15                                                 |              |          |       |         |          | 
     | picorv32_core_genblk1.pcpi_mul_mul_2371_47_cdnfadd | CI v -> CO v | ADDFX1   | 0.034 |   0.919 |    2.882 | 
     | 16                                                 |              |          |       |         |          | 
     | picorv32_core_genblk1.pcpi_mul_mul_2371_47_cdnfadd | CI v -> CO v | ADDFX1   | 0.034 |   0.953 |    2.916 | 
     | 17                                                 |              |          |       |         |          | 
     | picorv32_core_genblk1.pcpi_mul_mul_2371_47_cdnfadd | CI v -> CO v | ADDFX1   | 0.034 |   0.987 |    2.950 | 
     | 18                                                 |              |          |       |         |          | 
     | picorv32_core_genblk1.pcpi_mul_mul_2371_47_cdnfadd | CI v -> CO v | ADDFX1   | 0.034 |   1.021 |    2.984 | 
     | 19                                                 |              |          |       |         |          | 
     | picorv32_core_genblk1.pcpi_mul_mul_2371_47_cdnfadd | CI v -> CO v | ADDFX1   | 0.035 |   1.056 |    3.019 | 
     | 20                                                 |              |          |       |         |          | 
     | picorv32_core_genblk1.pcpi_mul_mul_2371_47_cdnfadd | CI v -> CO v | ADDFX1   | 0.034 |   1.090 |    3.053 | 
     | 21                                                 |              |          |       |         |          | 
     | picorv32_core_genblk1.pcpi_mul_mul_2371_47_cdnfadd | CI v -> CO v | ADDFX1   | 0.034 |   1.124 |    3.087 | 
     | 22                                                 |              |          |       |         |          | 
     | picorv32_core_genblk1.pcpi_mul_mul_2371_47_cdnfadd | CI v -> CO v | ADDFX1   | 0.034 |   1.158 |    3.121 | 
     | 23                                                 |              |          |       |         |          | 
     | picorv32_core_genblk1.pcpi_mul_mul_2371_47_cdnfadd | CI v -> CO v | ADDFX1   | 0.036 |   1.194 |    3.157 | 
     | 24                                                 |              |          |       |         |          | 
     | picorv32_core_genblk1.pcpi_mul_mul_2371_47_cdnfadd | CI v -> CO v | ADDFX1   | 0.035 |   1.229 |    3.191 | 
     | 25                                                 |              |          |       |         |          | 
     | picorv32_core_genblk1.pcpi_mul_mul_2371_47_cdnfadd | CI v -> CO v | ADDFX1   | 0.033 |   1.262 |    3.225 | 
     | 26                                                 |              |          |       |         |          | 
     | picorv32_core_genblk1.pcpi_mul_mul_2371_47_cdnfadd | CI v -> CO v | ADDFX1   | 0.034 |   1.296 |    3.259 | 
     | 27                                                 |              |          |       |         |          | 
     | picorv32_core_genblk1.pcpi_mul_mul_2371_47_cdnfadd | CI v -> CO v | ADDFX1   | 0.034 |   1.330 |    3.293 | 
     | 28                                                 |              |          |       |         |          | 
     | picorv32_core_genblk1.pcpi_mul_mul_2371_47_cdnfadd | CI v -> CO v | ADDFX1   | 0.035 |   1.365 |    3.328 | 
     | 29                                                 |              |          |       |         |          | 
     | picorv32_core_genblk1.pcpi_mul_mul_2371_47_cdnfadd | CI v -> CO v | ADDFX1   | 0.035 |   1.400 |    3.363 | 
     | 30                                                 |              |          |       |         |          | 
     | picorv32_core_genblk1.pcpi_mul_mul_2371_47_cdnfadd | CI v -> CO v | ADDFX1   | 0.039 |   1.439 |    3.402 | 
     | 31                                                 |              |          |       |         |          | 
     | picorv32_core_genblk1.pcpi_mul_mul_2371_47_cdnfadd | CI v -> CO v | ADDFX1   | 0.036 |   1.476 |    3.438 | 
     | 32                                                 |              |          |       |         |          | 
     | picorv32_core_genblk1.pcpi_mul_mul_2371_47_cdnfadd | CI v -> CO v | ADDFX1   | 0.035 |   1.510 |    3.473 | 
     | 33                                                 |              |          |       |         |          | 
     | picorv32_core_genblk1.pcpi_mul_mul_2371_47_cdnfadd | CI v -> CO v | ADDFX1   | 0.035 |   1.545 |    3.508 | 
     | 34                                                 |              |          |       |         |          | 
     | picorv32_core_genblk1.pcpi_mul_mul_2371_47_cdnfadd | CI v -> CO v | ADDFX1   | 0.034 |   1.580 |    3.542 | 
     | 35                                                 |              |          |       |         |          | 
     | picorv32_core_genblk1.pcpi_mul_mul_2371_47_cdnfadd | CI v -> CO v | ADDFX1   | 0.034 |   1.613 |    3.576 | 
     | 36                                                 |              |          |       |         |          | 
     | picorv32_core_genblk1.pcpi_mul_mul_2371_47_cdnfadd | CI v -> CO v | ADDFX1   | 0.034 |   1.647 |    3.610 | 
     | 37                                                 |              |          |       |         |          | 
     | picorv32_core_genblk1.pcpi_mul_mul_2371_47_cdnfadd | CI v -> CO v | ADDFX1   | 0.033 |   1.680 |    3.643 | 
     | 38                                                 |              |          |       |         |          | 
     | picorv32_core_genblk1.pcpi_mul_mul_2371_47_cdnfadd | CI v -> CO v | ADDFX1   | 0.034 |   1.714 |    3.677 | 
     | 39                                                 |              |          |       |         |          | 
     | picorv32_core_genblk1.pcpi_mul_mul_2371_47_cdnfadd | CI v -> CO v | ADDFX1   | 0.033 |   1.747 |    3.710 | 
     | 40                                                 |              |          |       |         |          | 
     | picorv32_core_genblk1.pcpi_mul_mul_2371_47_cdnfadd | CI v -> CO v | ADDFX1   | 0.034 |   1.781 |    3.744 | 
     | 41                                                 |              |          |       |         |          | 
     | picorv32_core_genblk1.pcpi_mul_mul_2371_47_cdnfadd | CI v -> CO v | ADDFX1   | 0.034 |   1.815 |    3.778 | 
     | 42                                                 |              |          |       |         |          | 
     | picorv32_core_genblk1.pcpi_mul_mul_2371_47_cdnfadd | CI v -> CO v | ADDFX1   | 0.035 |   1.850 |    3.813 | 
     | 43                                                 |              |          |       |         |          | 
     | picorv32_core_genblk1.pcpi_mul_mul_2371_47_cdnfadd | CI v -> CO v | ADDFX1   | 0.035 |   1.885 |    3.848 | 
     | 44                                                 |              |          |       |         |          | 
     | picorv32_core_genblk1.pcpi_mul_mul_2371_47_cdnfadd | CI v -> CO v | ADDFX1   | 0.035 |   1.920 |    3.883 | 
     | 45                                                 |              |          |       |         |          | 
     | picorv32_core_genblk1.pcpi_mul_mul_2371_47_cdnfadd | CI v -> CO v | ADDFX1   | 0.035 |   1.955 |    3.918 | 
     | 46                                                 |              |          |       |         |          | 
     | picorv32_core_genblk1.pcpi_mul_mul_2371_47_cdnfadd | CI v -> S ^  | ADDFX1   | 0.051 |   2.006 |    3.969 | 
     | 47                                                 |              |          |       |         |          | 
     | picorv32_core_genblk1.pcpi_mul_rd_reg[47]          | D ^          | DFFQXL   | 0.000 |   2.006 |    3.969 | 
     +-----------------------------------------------------------------------------------------------------------+ 
Path 18: MET Setup Check with Pin picorv32_core_genblk1.pcpi_mul_rd_reg[46]/CK 
Endpoint:   picorv32_core_genblk1.pcpi_mul_rd_reg[46]/D (^) checked with  
leading edge of 'clk'
Beginpoint: picorv32_core_genblk1.pcpi_mul_rs2_reg[5]/Q (^) triggered by  
leading edge of 'clk'
Path Groups: {reg2reg}
Analysis View: analysis1
Other End Arrival Time          0.002
- Setup                         0.013
+ Phase Shift                   4.000
- Uncertainty                   0.020
= Required Time                 3.969
- Arrival Time                  1.971
= Slack Time                    1.998
     Clock Rise Edge                 0.000
     + Clock Network Latency (Prop)  0.002
     = Beginpoint Arrival Time       0.002
     +-----------------------------------------------------------------------------------------------------------+ 
     |                      Instance                      |     Arc      |   Cell   | Delay | Arrival | Required | 
     |                                                    |              |          |       |  Time   |   Time   | 
     |----------------------------------------------------+--------------+----------+-------+---------+----------| 
     | picorv32_core_genblk1.pcpi_mul_rs2_reg[5]          | CK ^         |          |       |   0.002 |    2.000 | 
     | picorv32_core_genblk1.pcpi_mul_rs2_reg[5]          | CK ^ -> Q ^  | MDFFHQX1 | 0.132 |   0.134 |    2.132 | 
     | picorv32_core_genblk1.pcpi_mul_mul_2371_47_g14046  | A ^ -> Y v   | INVX1    | 0.055 |   0.190 |    2.188 | 
     | picorv32_core_genblk1.pcpi_mul_mul_2371_47_g13987  | B v -> Y ^   | XNOR2X1  | 0.031 |   0.221 |    2.218 | 
     | picorv32_core_genblk1.pcpi_mul_mul_2371_47_g13897  | A ^ -> Y ^   | OR2X1    | 0.082 |   0.303 |    2.301 | 
     | picorv32_core_genblk1.pcpi_mul_mul_2371_47_g13890  | A ^ -> Y v   | INVX1    | 0.053 |   0.356 |    2.354 | 
     | picorv32_core_genblk1.pcpi_mul_mul_2371_47_g13740  | A1 v -> Y ^  | OAI21X1  | 0.029 |   0.384 |    2.382 | 
     | picorv32_core_genblk1.pcpi_mul_mul_2371_47_g13494  | B ^ -> Y ^   | XNOR2X1  | 0.025 |   0.409 |    2.407 | 
     | picorv32_core_genblk1.pcpi_mul_mul_2371_47_g13440  | B ^ -> S v   | ADDHX1   | 0.031 |   0.440 |    2.438 | 
     | picorv32_core_genblk1.pcpi_mul_mul_2371_47_cdnfadd | A v -> CO v  | ADDFX1   | 0.036 |   0.476 |    2.474 | 
     | 3                                                  |              |          |       |         |          | 
     | picorv32_core_genblk1.pcpi_mul_mul_2371_47_cdnfadd | CI v -> CO v | ADDFX1   | 0.035 |   0.511 |    2.509 | 
     | 4                                                  |              |          |       |         |          | 
     | picorv32_core_genblk1.pcpi_mul_mul_2371_47_cdnfadd | CI v -> CO v | ADDFX1   | 0.035 |   0.546 |    2.543 | 
     | 5                                                  |              |          |       |         |          | 
     | picorv32_core_genblk1.pcpi_mul_mul_2371_47_cdnfadd | CI v -> CO v | ADDFX1   | 0.034 |   0.580 |    2.577 | 
     | 6                                                  |              |          |       |         |          | 
     | picorv32_core_genblk1.pcpi_mul_mul_2371_47_cdnfadd | CI v -> CO v | ADDFX1   | 0.034 |   0.614 |    2.612 | 
     | 7                                                  |              |          |       |         |          | 
     | picorv32_core_genblk1.pcpi_mul_mul_2371_47_cdnfadd | CI v -> CO v | ADDFX1   | 0.034 |   0.648 |    2.646 | 
     | 8                                                  |              |          |       |         |          | 
     | picorv32_core_genblk1.pcpi_mul_mul_2371_47_cdnfadd | CI v -> CO v | ADDFX1   | 0.034 |   0.682 |    2.680 | 
     | 9                                                  |              |          |       |         |          | 
     | picorv32_core_genblk1.pcpi_mul_mul_2371_47_cdnfadd | CI v -> CO v | ADDFX1   | 0.034 |   0.716 |    2.714 | 
     | 10                                                 |              |          |       |         |          | 
     | picorv32_core_genblk1.pcpi_mul_mul_2371_47_cdnfadd | CI v -> CO v | ADDFX1   | 0.034 |   0.750 |    2.748 | 
     | 11                                                 |              |          |       |         |          | 
     | picorv32_core_genblk1.pcpi_mul_mul_2371_47_cdnfadd | CI v -> CO v | ADDFX1   | 0.035 |   0.784 |    2.782 | 
     | 12                                                 |              |          |       |         |          | 
     | picorv32_core_genblk1.pcpi_mul_mul_2371_47_cdnfadd | CI v -> CO v | ADDFX1   | 0.034 |   0.818 |    2.816 | 
     | 13                                                 |              |          |       |         |          | 
     | picorv32_core_genblk1.pcpi_mul_mul_2371_47_cdnfadd | CI v -> CO v | ADDFX1   | 0.034 |   0.852 |    2.850 | 
     | 14                                                 |              |          |       |         |          | 
     | picorv32_core_genblk1.pcpi_mul_mul_2371_47_cdnfadd | CI v -> CO v | ADDFX1   | 0.033 |   0.886 |    2.883 | 
     | 15                                                 |              |          |       |         |          | 
     | picorv32_core_genblk1.pcpi_mul_mul_2371_47_cdnfadd | CI v -> CO v | ADDFX1   | 0.034 |   0.919 |    2.917 | 
     | 16                                                 |              |          |       |         |          | 
     | picorv32_core_genblk1.pcpi_mul_mul_2371_47_cdnfadd | CI v -> CO v | ADDFX1   | 0.034 |   0.953 |    2.951 | 
     | 17                                                 |              |          |       |         |          | 
     | picorv32_core_genblk1.pcpi_mul_mul_2371_47_cdnfadd | CI v -> CO v | ADDFX1   | 0.034 |   0.987 |    2.985 | 
     | 18                                                 |              |          |       |         |          | 
     | picorv32_core_genblk1.pcpi_mul_mul_2371_47_cdnfadd | CI v -> CO v | ADDFX1   | 0.034 |   1.021 |    3.019 | 
     | 19                                                 |              |          |       |         |          | 
     | picorv32_core_genblk1.pcpi_mul_mul_2371_47_cdnfadd | CI v -> CO v | ADDFX1   | 0.035 |   1.056 |    3.054 | 
     | 20                                                 |              |          |       |         |          | 
     | picorv32_core_genblk1.pcpi_mul_mul_2371_47_cdnfadd | CI v -> CO v | ADDFX1   | 0.034 |   1.090 |    3.088 | 
     | 21                                                 |              |          |       |         |          | 
     | picorv32_core_genblk1.pcpi_mul_mul_2371_47_cdnfadd | CI v -> CO v | ADDFX1   | 0.034 |   1.124 |    3.122 | 
     | 22                                                 |              |          |       |         |          | 
     | picorv32_core_genblk1.pcpi_mul_mul_2371_47_cdnfadd | CI v -> CO v | ADDFX1   | 0.034 |   1.158 |    3.156 | 
     | 23                                                 |              |          |       |         |          | 
     | picorv32_core_genblk1.pcpi_mul_mul_2371_47_cdnfadd | CI v -> CO v | ADDFX1   | 0.036 |   1.194 |    3.192 | 
     | 24                                                 |              |          |       |         |          | 
     | picorv32_core_genblk1.pcpi_mul_mul_2371_47_cdnfadd | CI v -> CO v | ADDFX1   | 0.035 |   1.229 |    3.226 | 
     | 25                                                 |              |          |       |         |          | 
     | picorv32_core_genblk1.pcpi_mul_mul_2371_47_cdnfadd | CI v -> CO v | ADDFX1   | 0.033 |   1.262 |    3.260 | 
     | 26                                                 |              |          |       |         |          | 
     | picorv32_core_genblk1.pcpi_mul_mul_2371_47_cdnfadd | CI v -> CO v | ADDFX1   | 0.034 |   1.296 |    3.294 | 
     | 27                                                 |              |          |       |         |          | 
     | picorv32_core_genblk1.pcpi_mul_mul_2371_47_cdnfadd | CI v -> CO v | ADDFX1   | 0.034 |   1.330 |    3.328 | 
     | 28                                                 |              |          |       |         |          | 
     | picorv32_core_genblk1.pcpi_mul_mul_2371_47_cdnfadd | CI v -> CO v | ADDFX1   | 0.035 |   1.365 |    3.363 | 
     | 29                                                 |              |          |       |         |          | 
     | picorv32_core_genblk1.pcpi_mul_mul_2371_47_cdnfadd | CI v -> CO v | ADDFX1   | 0.035 |   1.400 |    3.398 | 
     | 30                                                 |              |          |       |         |          | 
     | picorv32_core_genblk1.pcpi_mul_mul_2371_47_cdnfadd | CI v -> CO v | ADDFX1   | 0.039 |   1.439 |    3.437 | 
     | 31                                                 |              |          |       |         |          | 
     | picorv32_core_genblk1.pcpi_mul_mul_2371_47_cdnfadd | CI v -> CO v | ADDFX1   | 0.036 |   1.476 |    3.473 | 
     | 32                                                 |              |          |       |         |          | 
     | picorv32_core_genblk1.pcpi_mul_mul_2371_47_cdnfadd | CI v -> CO v | ADDFX1   | 0.035 |   1.510 |    3.508 | 
     | 33                                                 |              |          |       |         |          | 
     | picorv32_core_genblk1.pcpi_mul_mul_2371_47_cdnfadd | CI v -> CO v | ADDFX1   | 0.035 |   1.545 |    3.543 | 
     | 34                                                 |              |          |       |         |          | 
     | picorv32_core_genblk1.pcpi_mul_mul_2371_47_cdnfadd | CI v -> CO v | ADDFX1   | 0.034 |   1.580 |    3.577 | 
     | 35                                                 |              |          |       |         |          | 
     | picorv32_core_genblk1.pcpi_mul_mul_2371_47_cdnfadd | CI v -> CO v | ADDFX1   | 0.034 |   1.613 |    3.611 | 
     | 36                                                 |              |          |       |         |          | 
     | picorv32_core_genblk1.pcpi_mul_mul_2371_47_cdnfadd | CI v -> CO v | ADDFX1   | 0.034 |   1.647 |    3.644 | 
     | 37                                                 |              |          |       |         |          | 
     | picorv32_core_genblk1.pcpi_mul_mul_2371_47_cdnfadd | CI v -> CO v | ADDFX1   | 0.033 |   1.680 |    3.678 | 
     | 38                                                 |              |          |       |         |          | 
     | picorv32_core_genblk1.pcpi_mul_mul_2371_47_cdnfadd | CI v -> CO v | ADDFX1   | 0.034 |   1.714 |    3.712 | 
     | 39                                                 |              |          |       |         |          | 
     | picorv32_core_genblk1.pcpi_mul_mul_2371_47_cdnfadd | CI v -> CO v | ADDFX1   | 0.033 |   1.747 |    3.745 | 
     | 40                                                 |              |          |       |         |          | 
     | picorv32_core_genblk1.pcpi_mul_mul_2371_47_cdnfadd | CI v -> CO v | ADDFX1   | 0.034 |   1.781 |    3.779 | 
     | 41                                                 |              |          |       |         |          | 
     | picorv32_core_genblk1.pcpi_mul_mul_2371_47_cdnfadd | CI v -> CO v | ADDFX1   | 0.034 |   1.815 |    3.813 | 
     | 42                                                 |              |          |       |         |          | 
     | picorv32_core_genblk1.pcpi_mul_mul_2371_47_cdnfadd | CI v -> CO v | ADDFX1   | 0.035 |   1.850 |    3.848 | 
     | 43                                                 |              |          |       |         |          | 
     | picorv32_core_genblk1.pcpi_mul_mul_2371_47_cdnfadd | CI v -> CO v | ADDFX1   | 0.035 |   1.885 |    3.883 | 
     | 44                                                 |              |          |       |         |          | 
     | picorv32_core_genblk1.pcpi_mul_mul_2371_47_cdnfadd | CI v -> CO v | ADDFX1   | 0.035 |   1.920 |    3.918 | 
     | 45                                                 |              |          |       |         |          | 
     | picorv32_core_genblk1.pcpi_mul_mul_2371_47_cdnfadd | CI v -> S ^  | ADDFX1   | 0.051 |   1.971 |    3.969 | 
     | 46                                                 |              |          |       |         |          | 
     | picorv32_core_genblk1.pcpi_mul_rd_reg[46]          | D ^          | DFFQXL   | 0.000 |   1.971 |    3.969 | 
     +-----------------------------------------------------------------------------------------------------------+ 
Path 19: MET Setup Check with Pin picorv32_core_genblk1.pcpi_mul_rd_reg[45]/CK 
Endpoint:   picorv32_core_genblk1.pcpi_mul_rd_reg[45]/D (^) checked with  
leading edge of 'clk'
Beginpoint: picorv32_core_genblk1.pcpi_mul_rs2_reg[5]/Q (^) triggered by  
leading edge of 'clk'
Path Groups: {reg2reg}
Analysis View: analysis1
Other End Arrival Time          0.002
- Setup                         0.013
+ Phase Shift                   4.000
- Uncertainty                   0.020
= Required Time                 3.969
- Arrival Time                  1.937
= Slack Time                    2.032
     Clock Rise Edge                 0.000
     + Clock Network Latency (Prop)  0.002
     = Beginpoint Arrival Time       0.002
     +-----------------------------------------------------------------------------------------------------------+ 
     |                      Instance                      |     Arc      |   Cell   | Delay | Arrival | Required | 
     |                                                    |              |          |       |  Time   |   Time   | 
     |----------------------------------------------------+--------------+----------+-------+---------+----------| 
     | picorv32_core_genblk1.pcpi_mul_rs2_reg[5]          | CK ^         |          |       |   0.002 |    2.034 | 
     | picorv32_core_genblk1.pcpi_mul_rs2_reg[5]          | CK ^ -> Q ^  | MDFFHQX1 | 0.132 |   0.134 |    2.166 | 
     | picorv32_core_genblk1.pcpi_mul_mul_2371_47_g14046  | A ^ -> Y v   | INVX1    | 0.055 |   0.190 |    2.222 | 
     | picorv32_core_genblk1.pcpi_mul_mul_2371_47_g13987  | B v -> Y ^   | XNOR2X1  | 0.031 |   0.221 |    2.253 | 
     | picorv32_core_genblk1.pcpi_mul_mul_2371_47_g13897  | A ^ -> Y ^   | OR2X1    | 0.082 |   0.303 |    2.335 | 
     | picorv32_core_genblk1.pcpi_mul_mul_2371_47_g13890  | A ^ -> Y v   | INVX1    | 0.053 |   0.356 |    2.388 | 
     | picorv32_core_genblk1.pcpi_mul_mul_2371_47_g13740  | A1 v -> Y ^  | OAI21X1  | 0.029 |   0.384 |    2.416 | 
     | picorv32_core_genblk1.pcpi_mul_mul_2371_47_g13494  | B ^ -> Y ^   | XNOR2X1  | 0.025 |   0.409 |    2.441 | 
     | picorv32_core_genblk1.pcpi_mul_mul_2371_47_g13440  | B ^ -> S v   | ADDHX1   | 0.031 |   0.440 |    2.472 | 
     | picorv32_core_genblk1.pcpi_mul_mul_2371_47_cdnfadd | A v -> CO v  | ADDFX1   | 0.036 |   0.476 |    2.508 | 
     | 3                                                  |              |          |       |         |          | 
     | picorv32_core_genblk1.pcpi_mul_mul_2371_47_cdnfadd | CI v -> CO v | ADDFX1   | 0.035 |   0.511 |    2.543 | 
     | 4                                                  |              |          |       |         |          | 
     | picorv32_core_genblk1.pcpi_mul_mul_2371_47_cdnfadd | CI v -> CO v | ADDFX1   | 0.035 |   0.546 |    2.578 | 
     | 5                                                  |              |          |       |         |          | 
     | picorv32_core_genblk1.pcpi_mul_mul_2371_47_cdnfadd | CI v -> CO v | ADDFX1   | 0.034 |   0.580 |    2.611 | 
     | 6                                                  |              |          |       |         |          | 
     | picorv32_core_genblk1.pcpi_mul_mul_2371_47_cdnfadd | CI v -> CO v | ADDFX1   | 0.034 |   0.614 |    2.646 | 
     | 7                                                  |              |          |       |         |          | 
     | picorv32_core_genblk1.pcpi_mul_mul_2371_47_cdnfadd | CI v -> CO v | ADDFX1   | 0.034 |   0.648 |    2.680 | 
     | 8                                                  |              |          |       |         |          | 
     | picorv32_core_genblk1.pcpi_mul_mul_2371_47_cdnfadd | CI v -> CO v | ADDFX1   | 0.034 |   0.682 |    2.714 | 
     | 9                                                  |              |          |       |         |          | 
     | picorv32_core_genblk1.pcpi_mul_mul_2371_47_cdnfadd | CI v -> CO v | ADDFX1   | 0.034 |   0.716 |    2.748 | 
     | 10                                                 |              |          |       |         |          | 
     | picorv32_core_genblk1.pcpi_mul_mul_2371_47_cdnfadd | CI v -> CO v | ADDFX1   | 0.034 |   0.750 |    2.782 | 
     | 11                                                 |              |          |       |         |          | 
     | picorv32_core_genblk1.pcpi_mul_mul_2371_47_cdnfadd | CI v -> CO v | ADDFX1   | 0.035 |   0.784 |    2.816 | 
     | 12                                                 |              |          |       |         |          | 
     | picorv32_core_genblk1.pcpi_mul_mul_2371_47_cdnfadd | CI v -> CO v | ADDFX1   | 0.034 |   0.818 |    2.850 | 
     | 13                                                 |              |          |       |         |          | 
     | picorv32_core_genblk1.pcpi_mul_mul_2371_47_cdnfadd | CI v -> CO v | ADDFX1   | 0.034 |   0.852 |    2.884 | 
     | 14                                                 |              |          |       |         |          | 
     | picorv32_core_genblk1.pcpi_mul_mul_2371_47_cdnfadd | CI v -> CO v | ADDFX1   | 0.033 |   0.886 |    2.917 | 
     | 15                                                 |              |          |       |         |          | 
     | picorv32_core_genblk1.pcpi_mul_mul_2371_47_cdnfadd | CI v -> CO v | ADDFX1   | 0.034 |   0.919 |    2.951 | 
     | 16                                                 |              |          |       |         |          | 
     | picorv32_core_genblk1.pcpi_mul_mul_2371_47_cdnfadd | CI v -> CO v | ADDFX1   | 0.034 |   0.953 |    2.985 | 
     | 17                                                 |              |          |       |         |          | 
     | picorv32_core_genblk1.pcpi_mul_mul_2371_47_cdnfadd | CI v -> CO v | ADDFX1   | 0.034 |   0.987 |    3.019 | 
     | 18                                                 |              |          |       |         |          | 
     | picorv32_core_genblk1.pcpi_mul_mul_2371_47_cdnfadd | CI v -> CO v | ADDFX1   | 0.034 |   1.021 |    3.053 | 
     | 19                                                 |              |          |       |         |          | 
     | picorv32_core_genblk1.pcpi_mul_mul_2371_47_cdnfadd | CI v -> CO v | ADDFX1   | 0.035 |   1.056 |    3.088 | 
     | 20                                                 |              |          |       |         |          | 
     | picorv32_core_genblk1.pcpi_mul_mul_2371_47_cdnfadd | CI v -> CO v | ADDFX1   | 0.034 |   1.090 |    3.122 | 
     | 21                                                 |              |          |       |         |          | 
     | picorv32_core_genblk1.pcpi_mul_mul_2371_47_cdnfadd | CI v -> CO v | ADDFX1   | 0.034 |   1.124 |    3.156 | 
     | 22                                                 |              |          |       |         |          | 
     | picorv32_core_genblk1.pcpi_mul_mul_2371_47_cdnfadd | CI v -> CO v | ADDFX1   | 0.034 |   1.158 |    3.190 | 
     | 23                                                 |              |          |       |         |          | 
     | picorv32_core_genblk1.pcpi_mul_mul_2371_47_cdnfadd | CI v -> CO v | ADDFX1   | 0.036 |   1.194 |    3.226 | 
     | 24                                                 |              |          |       |         |          | 
     | picorv32_core_genblk1.pcpi_mul_mul_2371_47_cdnfadd | CI v -> CO v | ADDFX1   | 0.035 |   1.229 |    3.260 | 
     | 25                                                 |              |          |       |         |          | 
     | picorv32_core_genblk1.pcpi_mul_mul_2371_47_cdnfadd | CI v -> CO v | ADDFX1   | 0.033 |   1.262 |    3.294 | 
     | 26                                                 |              |          |       |         |          | 
     | picorv32_core_genblk1.pcpi_mul_mul_2371_47_cdnfadd | CI v -> CO v | ADDFX1   | 0.034 |   1.296 |    3.328 | 
     | 27                                                 |              |          |       |         |          | 
     | picorv32_core_genblk1.pcpi_mul_mul_2371_47_cdnfadd | CI v -> CO v | ADDFX1   | 0.034 |   1.330 |    3.362 | 
     | 28                                                 |              |          |       |         |          | 
     | picorv32_core_genblk1.pcpi_mul_mul_2371_47_cdnfadd | CI v -> CO v | ADDFX1   | 0.035 |   1.365 |    3.397 | 
     | 29                                                 |              |          |       |         |          | 
     | picorv32_core_genblk1.pcpi_mul_mul_2371_47_cdnfadd | CI v -> CO v | ADDFX1   | 0.035 |   1.400 |    3.432 | 
     | 30                                                 |              |          |       |         |          | 
     | picorv32_core_genblk1.pcpi_mul_mul_2371_47_cdnfadd | CI v -> CO v | ADDFX1   | 0.039 |   1.439 |    3.471 | 
     | 31                                                 |              |          |       |         |          | 
     | picorv32_core_genblk1.pcpi_mul_mul_2371_47_cdnfadd | CI v -> CO v | ADDFX1   | 0.036 |   1.476 |    3.507 | 
     | 32                                                 |              |          |       |         |          | 
     | picorv32_core_genblk1.pcpi_mul_mul_2371_47_cdnfadd | CI v -> CO v | ADDFX1   | 0.035 |   1.510 |    3.542 | 
     | 33                                                 |              |          |       |         |          | 
     | picorv32_core_genblk1.pcpi_mul_mul_2371_47_cdnfadd | CI v -> CO v | ADDFX1   | 0.035 |   1.545 |    3.577 | 
     | 34                                                 |              |          |       |         |          | 
     | picorv32_core_genblk1.pcpi_mul_mul_2371_47_cdnfadd | CI v -> CO v | ADDFX1   | 0.034 |   1.580 |    3.611 | 
     | 35                                                 |              |          |       |         |          | 
     | picorv32_core_genblk1.pcpi_mul_mul_2371_47_cdnfadd | CI v -> CO v | ADDFX1   | 0.034 |   1.613 |    3.645 | 
     | 36                                                 |              |          |       |         |          | 
     | picorv32_core_genblk1.pcpi_mul_mul_2371_47_cdnfadd | CI v -> CO v | ADDFX1   | 0.034 |   1.647 |    3.679 | 
     | 37                                                 |              |          |       |         |          | 
     | picorv32_core_genblk1.pcpi_mul_mul_2371_47_cdnfadd | CI v -> CO v | ADDFX1   | 0.033 |   1.680 |    3.712 | 
     | 38                                                 |              |          |       |         |          | 
     | picorv32_core_genblk1.pcpi_mul_mul_2371_47_cdnfadd | CI v -> CO v | ADDFX1   | 0.034 |   1.714 |    3.746 | 
     | 39                                                 |              |          |       |         |          | 
     | picorv32_core_genblk1.pcpi_mul_mul_2371_47_cdnfadd | CI v -> CO v | ADDFX1   | 0.033 |   1.747 |    3.779 | 
     | 40                                                 |              |          |       |         |          | 
     | picorv32_core_genblk1.pcpi_mul_mul_2371_47_cdnfadd | CI v -> CO v | ADDFX1   | 0.034 |   1.781 |    3.813 | 
     | 41                                                 |              |          |       |         |          | 
     | picorv32_core_genblk1.pcpi_mul_mul_2371_47_cdnfadd | CI v -> CO v | ADDFX1   | 0.034 |   1.815 |    3.847 | 
     | 42                                                 |              |          |       |         |          | 
     | picorv32_core_genblk1.pcpi_mul_mul_2371_47_cdnfadd | CI v -> CO v | ADDFX1   | 0.035 |   1.850 |    3.882 | 
     | 43                                                 |              |          |       |         |          | 
     | picorv32_core_genblk1.pcpi_mul_mul_2371_47_cdnfadd | CI v -> CO v | ADDFX1   | 0.035 |   1.885 |    3.917 | 
     | 44                                                 |              |          |       |         |          | 
     | picorv32_core_genblk1.pcpi_mul_mul_2371_47_cdnfadd | CI v -> S ^  | ADDFX1   | 0.051 |   1.937 |    3.968 | 
     | 45                                                 |              |          |       |         |          | 
     | picorv32_core_genblk1.pcpi_mul_rd_reg[45]          | D ^          | DFFQXL   | 0.000 |   1.937 |    3.969 | 
     +-----------------------------------------------------------------------------------------------------------+ 
Path 20: MET Setup Check with Pin picorv32_core_genblk1.pcpi_mul_rd_reg[44]/CK 
Endpoint:   picorv32_core_genblk1.pcpi_mul_rd_reg[44]/D (^) checked with  
leading edge of 'clk'
Beginpoint: picorv32_core_genblk1.pcpi_mul_rs2_reg[5]/Q (^) triggered by  
leading edge of 'clk'
Path Groups: {reg2reg}
Analysis View: analysis1
Other End Arrival Time          0.002
- Setup                         0.013
+ Phase Shift                   4.000
- Uncertainty                   0.020
= Required Time                 3.969
- Arrival Time                  1.899
= Slack Time                    2.070
     Clock Rise Edge                 0.000
     + Clock Network Latency (Prop)  0.002
     = Beginpoint Arrival Time       0.002
     +-----------------------------------------------------------------------------------------------------------+ 
     |                      Instance                      |     Arc      |   Cell   | Delay | Arrival | Required | 
     |                                                    |              |          |       |  Time   |   Time   | 
     |----------------------------------------------------+--------------+----------+-------+---------+----------| 
     | picorv32_core_genblk1.pcpi_mul_rs2_reg[5]          | CK ^         |          |       |   0.002 |    2.072 | 
     | picorv32_core_genblk1.pcpi_mul_rs2_reg[5]          | CK ^ -> Q ^  | MDFFHQX1 | 0.132 |   0.134 |    2.204 | 
     | picorv32_core_genblk1.pcpi_mul_mul_2371_47_g14046  | A ^ -> Y v   | INVX1    | 0.055 |   0.190 |    2.260 | 
     | picorv32_core_genblk1.pcpi_mul_mul_2371_47_g13987  | B v -> Y ^   | XNOR2X1  | 0.031 |   0.221 |    2.290 | 
     | picorv32_core_genblk1.pcpi_mul_mul_2371_47_g13897  | A ^ -> Y ^   | OR2X1    | 0.082 |   0.303 |    2.373 | 
     | picorv32_core_genblk1.pcpi_mul_mul_2371_47_g13890  | A ^ -> Y v   | INVX1    | 0.053 |   0.356 |    2.426 | 
     | picorv32_core_genblk1.pcpi_mul_mul_2371_47_g13740  | A1 v -> Y ^  | OAI21X1  | 0.029 |   0.384 |    2.454 | 
     | picorv32_core_genblk1.pcpi_mul_mul_2371_47_g13494  | B ^ -> Y ^   | XNOR2X1  | 0.025 |   0.409 |    2.479 | 
     | picorv32_core_genblk1.pcpi_mul_mul_2371_47_g13440  | B ^ -> S v   | ADDHX1   | 0.031 |   0.440 |    2.510 | 
     | picorv32_core_genblk1.pcpi_mul_mul_2371_47_cdnfadd | A v -> CO v  | ADDFX1   | 0.036 |   0.476 |    2.546 | 
     | 3                                                  |              |          |       |         |          | 
     | picorv32_core_genblk1.pcpi_mul_mul_2371_47_cdnfadd | CI v -> CO v | ADDFX1   | 0.035 |   0.511 |    2.581 | 
     | 4                                                  |              |          |       |         |          | 
     | picorv32_core_genblk1.pcpi_mul_mul_2371_47_cdnfadd | CI v -> CO v | ADDFX1   | 0.035 |   0.546 |    2.615 | 
     | 5                                                  |              |          |       |         |          | 
     | picorv32_core_genblk1.pcpi_mul_mul_2371_47_cdnfadd | CI v -> CO v | ADDFX1   | 0.034 |   0.580 |    2.649 | 
     | 6                                                  |              |          |       |         |          | 
     | picorv32_core_genblk1.pcpi_mul_mul_2371_47_cdnfadd | CI v -> CO v | ADDFX1   | 0.034 |   0.614 |    2.684 | 
     | 7                                                  |              |          |       |         |          | 
     | picorv32_core_genblk1.pcpi_mul_mul_2371_47_cdnfadd | CI v -> CO v | ADDFX1   | 0.034 |   0.648 |    2.718 | 
     | 8                                                  |              |          |       |         |          | 
     | picorv32_core_genblk1.pcpi_mul_mul_2371_47_cdnfadd | CI v -> CO v | ADDFX1   | 0.034 |   0.682 |    2.752 | 
     | 9                                                  |              |          |       |         |          | 
     | picorv32_core_genblk1.pcpi_mul_mul_2371_47_cdnfadd | CI v -> CO v | ADDFX1   | 0.034 |   0.716 |    2.786 | 
     | 10                                                 |              |          |       |         |          | 
     | picorv32_core_genblk1.pcpi_mul_mul_2371_47_cdnfadd | CI v -> CO v | ADDFX1   | 0.034 |   0.750 |    2.819 | 
     | 11                                                 |              |          |       |         |          | 
     | picorv32_core_genblk1.pcpi_mul_mul_2371_47_cdnfadd | CI v -> CO v | ADDFX1   | 0.035 |   0.784 |    2.854 | 
     | 12                                                 |              |          |       |         |          | 
     | picorv32_core_genblk1.pcpi_mul_mul_2371_47_cdnfadd | CI v -> CO v | ADDFX1   | 0.034 |   0.818 |    2.888 | 
     | 13                                                 |              |          |       |         |          | 
     | picorv32_core_genblk1.pcpi_mul_mul_2371_47_cdnfadd | CI v -> CO v | ADDFX1   | 0.034 |   0.852 |    2.922 | 
     | 14                                                 |              |          |       |         |          | 
     | picorv32_core_genblk1.pcpi_mul_mul_2371_47_cdnfadd | CI v -> CO v | ADDFX1   | 0.033 |   0.886 |    2.955 | 
     | 15                                                 |              |          |       |         |          | 
     | picorv32_core_genblk1.pcpi_mul_mul_2371_47_cdnfadd | CI v -> CO v | ADDFX1   | 0.034 |   0.919 |    2.989 | 
     | 16                                                 |              |          |       |         |          | 
     | picorv32_core_genblk1.pcpi_mul_mul_2371_47_cdnfadd | CI v -> CO v | ADDFX1   | 0.034 |   0.953 |    3.023 | 
     | 17                                                 |              |          |       |         |          | 
     | picorv32_core_genblk1.pcpi_mul_mul_2371_47_cdnfadd | CI v -> CO v | ADDFX1   | 0.034 |   0.987 |    3.057 | 
     | 18                                                 |              |          |       |         |          | 
     | picorv32_core_genblk1.pcpi_mul_mul_2371_47_cdnfadd | CI v -> CO v | ADDFX1   | 0.034 |   1.021 |    3.091 | 
     | 19                                                 |              |          |       |         |          | 
     | picorv32_core_genblk1.pcpi_mul_mul_2371_47_cdnfadd | CI v -> CO v | ADDFX1   | 0.035 |   1.056 |    3.126 | 
     | 20                                                 |              |          |       |         |          | 
     | picorv32_core_genblk1.pcpi_mul_mul_2371_47_cdnfadd | CI v -> CO v | ADDFX1   | 0.034 |   1.090 |    3.160 | 
     | 21                                                 |              |          |       |         |          | 
     | picorv32_core_genblk1.pcpi_mul_mul_2371_47_cdnfadd | CI v -> CO v | ADDFX1   | 0.034 |   1.124 |    3.194 | 
     | 22                                                 |              |          |       |         |          | 
     | picorv32_core_genblk1.pcpi_mul_mul_2371_47_cdnfadd | CI v -> CO v | ADDFX1   | 0.034 |   1.158 |    3.228 | 
     | 23                                                 |              |          |       |         |          | 
     | picorv32_core_genblk1.pcpi_mul_mul_2371_47_cdnfadd | CI v -> CO v | ADDFX1   | 0.036 |   1.194 |    3.263 | 
     | 24                                                 |              |          |       |         |          | 
     | picorv32_core_genblk1.pcpi_mul_mul_2371_47_cdnfadd | CI v -> CO v | ADDFX1   | 0.035 |   1.229 |    3.298 | 
     | 25                                                 |              |          |       |         |          | 
     | picorv32_core_genblk1.pcpi_mul_mul_2371_47_cdnfadd | CI v -> CO v | ADDFX1   | 0.033 |   1.262 |    3.332 | 
     | 26                                                 |              |          |       |         |          | 
     | picorv32_core_genblk1.pcpi_mul_mul_2371_47_cdnfadd | CI v -> CO v | ADDFX1   | 0.034 |   1.296 |    3.366 | 
     | 27                                                 |              |          |       |         |          | 
     | picorv32_core_genblk1.pcpi_mul_mul_2371_47_cdnfadd | CI v -> CO v | ADDFX1   | 0.034 |   1.330 |    3.400 | 
     | 28                                                 |              |          |       |         |          | 
     | picorv32_core_genblk1.pcpi_mul_mul_2371_47_cdnfadd | CI v -> CO v | ADDFX1   | 0.035 |   1.365 |    3.435 | 
     | 29                                                 |              |          |       |         |          | 
     | picorv32_core_genblk1.pcpi_mul_mul_2371_47_cdnfadd | CI v -> CO v | ADDFX1   | 0.035 |   1.400 |    3.470 | 
     | 30                                                 |              |          |       |         |          | 
     | picorv32_core_genblk1.pcpi_mul_mul_2371_47_cdnfadd | CI v -> CO v | ADDFX1   | 0.039 |   1.439 |    3.509 | 
     | 31                                                 |              |          |       |         |          | 
     | picorv32_core_genblk1.pcpi_mul_mul_2371_47_cdnfadd | CI v -> CO v | ADDFX1   | 0.036 |   1.476 |    3.545 | 
     | 32                                                 |              |          |       |         |          | 
     | picorv32_core_genblk1.pcpi_mul_mul_2371_47_cdnfadd | CI v -> CO v | ADDFX1   | 0.035 |   1.510 |    3.580 | 
     | 33                                                 |              |          |       |         |          | 
     | picorv32_core_genblk1.pcpi_mul_mul_2371_47_cdnfadd | CI v -> CO v | ADDFX1   | 0.035 |   1.545 |    3.615 | 
     | 34                                                 |              |          |       |         |          | 
     | picorv32_core_genblk1.pcpi_mul_mul_2371_47_cdnfadd | CI v -> CO v | ADDFX1   | 0.034 |   1.580 |    3.649 | 
     | 35                                                 |              |          |       |         |          | 
     | picorv32_core_genblk1.pcpi_mul_mul_2371_47_cdnfadd | CI v -> CO v | ADDFX1   | 0.034 |   1.613 |    3.683 | 
     | 36                                                 |              |          |       |         |          | 
     | picorv32_core_genblk1.pcpi_mul_mul_2371_47_cdnfadd | CI v -> CO v | ADDFX1   | 0.034 |   1.647 |    3.716 | 
     | 37                                                 |              |          |       |         |          | 
     | picorv32_core_genblk1.pcpi_mul_mul_2371_47_cdnfadd | CI v -> CO v | ADDFX1   | 0.033 |   1.680 |    3.750 | 
     | 38                                                 |              |          |       |         |          | 
     | picorv32_core_genblk1.pcpi_mul_mul_2371_47_cdnfadd | CI v -> CO v | ADDFX1   | 0.034 |   1.714 |    3.783 | 
     | 39                                                 |              |          |       |         |          | 
     | picorv32_core_genblk1.pcpi_mul_mul_2371_47_cdnfadd | CI v -> CO v | ADDFX1   | 0.033 |   1.747 |    3.817 | 
     | 40                                                 |              |          |       |         |          | 
     | picorv32_core_genblk1.pcpi_mul_mul_2371_47_cdnfadd | CI v -> CO v | ADDFX1   | 0.034 |   1.781 |    3.850 | 
     | 41                                                 |              |          |       |         |          | 
     | picorv32_core_genblk1.pcpi_mul_mul_2371_47_cdnfadd | CI v -> CO v | ADDFX1   | 0.034 |   1.815 |    3.885 | 
     | 42                                                 |              |          |       |         |          | 
     | picorv32_core_genblk1.pcpi_mul_mul_2371_47_cdnfadd | CI v -> CO v | ADDFX1   | 0.035 |   1.850 |    3.920 | 
     | 43                                                 |              |          |       |         |          | 
     | picorv32_core_genblk1.pcpi_mul_mul_2371_47_cdnfadd | CI v -> S ^  | ADDFX1   | 0.049 |   1.899 |    3.969 | 
     | 44                                                 |              |          |       |         |          | 
     | picorv32_core_genblk1.pcpi_mul_rd_reg[44]          | D ^          | DFFQXL   | 0.000 |   1.899 |    3.969 | 
     +-----------------------------------------------------------------------------------------------------------+ 
Path 21: MET Setup Check with Pin picorv32_core_genblk1.pcpi_mul_rd_reg[43]/CK 
Endpoint:   picorv32_core_genblk1.pcpi_mul_rd_reg[43]/D (^) checked with  
leading edge of 'clk'
Beginpoint: picorv32_core_genblk1.pcpi_mul_rs2_reg[5]/Q (^) triggered by  
leading edge of 'clk'
Path Groups: {reg2reg}
Analysis View: analysis1
Other End Arrival Time          0.002
- Setup                         0.013
+ Phase Shift                   4.000
- Uncertainty                   0.020
= Required Time                 3.969
- Arrival Time                  1.862
= Slack Time                    2.107
     Clock Rise Edge                 0.000
     + Clock Network Latency (Prop)  0.002
     = Beginpoint Arrival Time       0.002
     +-----------------------------------------------------------------------------------------------------------+ 
     |                      Instance                      |     Arc      |   Cell   | Delay | Arrival | Required | 
     |                                                    |              |          |       |  Time   |   Time   | 
     |----------------------------------------------------+--------------+----------+-------+---------+----------| 
     | picorv32_core_genblk1.pcpi_mul_rs2_reg[5]          | CK ^         |          |       |   0.002 |    2.109 | 
     | picorv32_core_genblk1.pcpi_mul_rs2_reg[5]          | CK ^ -> Q ^  | MDFFHQX1 | 0.132 |   0.134 |    2.241 | 
     | picorv32_core_genblk1.pcpi_mul_mul_2371_47_g14046  | A ^ -> Y v   | INVX1    | 0.055 |   0.190 |    2.297 | 
     | picorv32_core_genblk1.pcpi_mul_mul_2371_47_g13987  | B v -> Y ^   | XNOR2X1  | 0.031 |   0.221 |    2.327 | 
     | picorv32_core_genblk1.pcpi_mul_mul_2371_47_g13897  | A ^ -> Y ^   | OR2X1    | 0.082 |   0.303 |    2.410 | 
     | picorv32_core_genblk1.pcpi_mul_mul_2371_47_g13890  | A ^ -> Y v   | INVX1    | 0.053 |   0.356 |    2.463 | 
     | picorv32_core_genblk1.pcpi_mul_mul_2371_47_g13740  | A1 v -> Y ^  | OAI21X1  | 0.029 |   0.384 |    2.491 | 
     | picorv32_core_genblk1.pcpi_mul_mul_2371_47_g13494  | B ^ -> Y ^   | XNOR2X1  | 0.025 |   0.409 |    2.516 | 
     | picorv32_core_genblk1.pcpi_mul_mul_2371_47_g13440  | B ^ -> S v   | ADDHX1   | 0.031 |   0.440 |    2.547 | 
     | picorv32_core_genblk1.pcpi_mul_mul_2371_47_cdnfadd | A v -> CO v  | ADDFX1   | 0.036 |   0.476 |    2.583 | 
     | 3                                                  |              |          |       |         |          | 
     | picorv32_core_genblk1.pcpi_mul_mul_2371_47_cdnfadd | CI v -> CO v | ADDFX1   | 0.035 |   0.511 |    2.618 | 
     | 4                                                  |              |          |       |         |          | 
     | picorv32_core_genblk1.pcpi_mul_mul_2371_47_cdnfadd | CI v -> CO v | ADDFX1   | 0.035 |   0.546 |    2.652 | 
     | 5                                                  |              |          |       |         |          | 
     | picorv32_core_genblk1.pcpi_mul_mul_2371_47_cdnfadd | CI v -> CO v | ADDFX1   | 0.034 |   0.580 |    2.686 | 
     | 6                                                  |              |          |       |         |          | 
     | picorv32_core_genblk1.pcpi_mul_mul_2371_47_cdnfadd | CI v -> CO v | ADDFX1   | 0.034 |   0.614 |    2.721 | 
     | 7                                                  |              |          |       |         |          | 
     | picorv32_core_genblk1.pcpi_mul_mul_2371_47_cdnfadd | CI v -> CO v | ADDFX1   | 0.034 |   0.648 |    2.755 | 
     | 8                                                  |              |          |       |         |          | 
     | picorv32_core_genblk1.pcpi_mul_mul_2371_47_cdnfadd | CI v -> CO v | ADDFX1   | 0.034 |   0.682 |    2.789 | 
     | 9                                                  |              |          |       |         |          | 
     | picorv32_core_genblk1.pcpi_mul_mul_2371_47_cdnfadd | CI v -> CO v | ADDFX1   | 0.034 |   0.716 |    2.823 | 
     | 10                                                 |              |          |       |         |          | 
     | picorv32_core_genblk1.pcpi_mul_mul_2371_47_cdnfadd | CI v -> CO v | ADDFX1   | 0.034 |   0.750 |    2.857 | 
     | 11                                                 |              |          |       |         |          | 
     | picorv32_core_genblk1.pcpi_mul_mul_2371_47_cdnfadd | CI v -> CO v | ADDFX1   | 0.035 |   0.784 |    2.891 | 
     | 12                                                 |              |          |       |         |          | 
     | picorv32_core_genblk1.pcpi_mul_mul_2371_47_cdnfadd | CI v -> CO v | ADDFX1   | 0.034 |   0.818 |    2.925 | 
     | 13                                                 |              |          |       |         |          | 
     | picorv32_core_genblk1.pcpi_mul_mul_2371_47_cdnfadd | CI v -> CO v | ADDFX1   | 0.034 |   0.852 |    2.959 | 
     | 14                                                 |              |          |       |         |          | 
     | picorv32_core_genblk1.pcpi_mul_mul_2371_47_cdnfadd | CI v -> CO v | ADDFX1   | 0.033 |   0.886 |    2.992 | 
     | 15                                                 |              |          |       |         |          | 
     | picorv32_core_genblk1.pcpi_mul_mul_2371_47_cdnfadd | CI v -> CO v | ADDFX1   | 0.034 |   0.919 |    3.026 | 
     | 16                                                 |              |          |       |         |          | 
     | picorv32_core_genblk1.pcpi_mul_mul_2371_47_cdnfadd | CI v -> CO v | ADDFX1   | 0.034 |   0.953 |    3.060 | 
     | 17                                                 |              |          |       |         |          | 
     | picorv32_core_genblk1.pcpi_mul_mul_2371_47_cdnfadd | CI v -> CO v | ADDFX1   | 0.034 |   0.987 |    3.094 | 
     | 18                                                 |              |          |       |         |          | 
     | picorv32_core_genblk1.pcpi_mul_mul_2371_47_cdnfadd | CI v -> CO v | ADDFX1   | 0.034 |   1.021 |    3.128 | 
     | 19                                                 |              |          |       |         |          | 
     | picorv32_core_genblk1.pcpi_mul_mul_2371_47_cdnfadd | CI v -> CO v | ADDFX1   | 0.035 |   1.056 |    3.163 | 
     | 20                                                 |              |          |       |         |          | 
     | picorv32_core_genblk1.pcpi_mul_mul_2371_47_cdnfadd | CI v -> CO v | ADDFX1   | 0.034 |   1.090 |    3.197 | 
     | 21                                                 |              |          |       |         |          | 
     | picorv32_core_genblk1.pcpi_mul_mul_2371_47_cdnfadd | CI v -> CO v | ADDFX1   | 0.034 |   1.124 |    3.231 | 
     | 22                                                 |              |          |       |         |          | 
     | picorv32_core_genblk1.pcpi_mul_mul_2371_47_cdnfadd | CI v -> CO v | ADDFX1   | 0.034 |   1.158 |    3.265 | 
     | 23                                                 |              |          |       |         |          | 
     | picorv32_core_genblk1.pcpi_mul_mul_2371_47_cdnfadd | CI v -> CO v | ADDFX1   | 0.036 |   1.194 |    3.301 | 
     | 24                                                 |              |          |       |         |          | 
     | picorv32_core_genblk1.pcpi_mul_mul_2371_47_cdnfadd | CI v -> CO v | ADDFX1   | 0.035 |   1.229 |    3.335 | 
     | 25                                                 |              |          |       |         |          | 
     | picorv32_core_genblk1.pcpi_mul_mul_2371_47_cdnfadd | CI v -> CO v | ADDFX1   | 0.033 |   1.262 |    3.369 | 
     | 26                                                 |              |          |       |         |          | 
     | picorv32_core_genblk1.pcpi_mul_mul_2371_47_cdnfadd | CI v -> CO v | ADDFX1   | 0.034 |   1.296 |    3.403 | 
     | 27                                                 |              |          |       |         |          | 
     | picorv32_core_genblk1.pcpi_mul_mul_2371_47_cdnfadd | CI v -> CO v | ADDFX1   | 0.034 |   1.330 |    3.437 | 
     | 28                                                 |              |          |       |         |          | 
     | picorv32_core_genblk1.pcpi_mul_mul_2371_47_cdnfadd | CI v -> CO v | ADDFX1   | 0.035 |   1.365 |    3.472 | 
     | 29                                                 |              |          |       |         |          | 
     | picorv32_core_genblk1.pcpi_mul_mul_2371_47_cdnfadd | CI v -> CO v | ADDFX1   | 0.035 |   1.400 |    3.507 | 
     | 30                                                 |              |          |       |         |          | 
     | picorv32_core_genblk1.pcpi_mul_mul_2371_47_cdnfadd | CI v -> CO v | ADDFX1   | 0.039 |   1.439 |    3.546 | 
     | 31                                                 |              |          |       |         |          | 
     | picorv32_core_genblk1.pcpi_mul_mul_2371_47_cdnfadd | CI v -> CO v | ADDFX1   | 0.036 |   1.476 |    3.582 | 
     | 32                                                 |              |          |       |         |          | 
     | picorv32_core_genblk1.pcpi_mul_mul_2371_47_cdnfadd | CI v -> CO v | ADDFX1   | 0.035 |   1.510 |    3.617 | 
     | 33                                                 |              |          |       |         |          | 
     | picorv32_core_genblk1.pcpi_mul_mul_2371_47_cdnfadd | CI v -> CO v | ADDFX1   | 0.035 |   1.545 |    3.652 | 
     | 34                                                 |              |          |       |         |          | 
     | picorv32_core_genblk1.pcpi_mul_mul_2371_47_cdnfadd | CI v -> CO v | ADDFX1   | 0.034 |   1.580 |    3.686 | 
     | 35                                                 |              |          |       |         |          | 
     | picorv32_core_genblk1.pcpi_mul_mul_2371_47_cdnfadd | CI v -> CO v | ADDFX1   | 0.034 |   1.613 |    3.720 | 
     | 36                                                 |              |          |       |         |          | 
     | picorv32_core_genblk1.pcpi_mul_mul_2371_47_cdnfadd | CI v -> CO v | ADDFX1   | 0.034 |   1.647 |    3.753 | 
     | 37                                                 |              |          |       |         |          | 
     | picorv32_core_genblk1.pcpi_mul_mul_2371_47_cdnfadd | CI v -> CO v | ADDFX1   | 0.033 |   1.680 |    3.787 | 
     | 38                                                 |              |          |       |         |          | 
     | picorv32_core_genblk1.pcpi_mul_mul_2371_47_cdnfadd | CI v -> CO v | ADDFX1   | 0.034 |   1.714 |    3.821 | 
     | 39                                                 |              |          |       |         |          | 
     | picorv32_core_genblk1.pcpi_mul_mul_2371_47_cdnfadd | CI v -> CO v | ADDFX1   | 0.033 |   1.747 |    3.854 | 
     | 40                                                 |              |          |       |         |          | 
     | picorv32_core_genblk1.pcpi_mul_mul_2371_47_cdnfadd | CI v -> CO v | ADDFX1   | 0.034 |   1.781 |    3.888 | 
     | 41                                                 |              |          |       |         |          | 
     | picorv32_core_genblk1.pcpi_mul_mul_2371_47_cdnfadd | CI v -> CO v | ADDFX1   | 0.034 |   1.815 |    3.922 | 
     | 42                                                 |              |          |       |         |          | 
     | picorv32_core_genblk1.pcpi_mul_mul_2371_47_cdnfadd | CI v -> S ^  | ADDFX1   | 0.047 |   1.862 |    3.969 | 
     | 43                                                 |              |          |       |         |          | 
     | picorv32_core_genblk1.pcpi_mul_rd_reg[43]          | D ^          | DFFQXL   | 0.000 |   1.862 |    3.969 | 
     +-----------------------------------------------------------------------------------------------------------+ 
Path 22: MET Setup Check with Pin picorv32_core_reg_next_pc_reg[31]/CK 
Endpoint:   picorv32_core_reg_next_pc_reg[31]/D (v) checked with  leading edge 
of 'clk'
Beginpoint: picorv32_core_irq_mask_reg[12]/Q    (^) triggered by  leading edge 
of 'clk'
Path Groups: {reg2reg}
Analysis View: analysis1
Other End Arrival Time          0.002
- Setup                         0.006
+ Phase Shift                   4.000
- Uncertainty                   0.020
= Required Time                 3.977
- Arrival Time                  1.866
= Slack Time                    2.111
     Clock Rise Edge                 0.000
     + Clock Network Latency (Prop)  0.001
     = Beginpoint Arrival Time       0.001
     +------------------------------------------------------------------------------------------------------+ 
     |                   Instance                   |     Arc      |   Cell    | Delay | Arrival | Required | 
     |                                              |              |           |       |  Time   |   Time   | 
     |----------------------------------------------+--------------+-----------+-------+---------+----------| 
     | picorv32_core_irq_mask_reg[12]               | CK ^         |           |       |   0.001 |    2.111 | 
     | picorv32_core_irq_mask_reg[12]               | CK ^ -> Q ^  | DFFHQX1   | 0.044 |   0.045 |    2.155 | 
     | picorv32_core_g88708__2883                   | AN ^ -> Y ^  | NAND2BX1  | 0.038 |   0.083 |    2.194 | 
     | picorv32_core_g88395__5115                   | B ^ -> Y ^   | AND4XL    | 0.044 |   0.127 |    2.237 | 
     | picorv32_core_g88377__2398                   | D ^ -> Y ^   | AND4XL    | 0.035 |   0.161 |    2.272 | 
     | picorv32_core_g88366__6161                   | D ^ -> Y ^   | AND4XL    | 0.041 |   0.202 |    2.313 | 
     | picorv32_core_g88356__5122                   | D ^ -> Y ^   | AND4XL    | 0.058 |   0.260 |    2.371 | 
     | picorv32_core_g88349__6783                   | D ^ -> Y ^   | AND4XL    | 0.052 |   0.312 |    2.423 | 
     | picorv32_core_g88343__6260                   | D ^ -> Y ^   | AND4XL    | 0.064 |   0.376 |    2.487 | 
     | picorv32_core_g88337__1666                   | D ^ -> Y ^   | AND4XL    | 0.044 |   0.420 |    2.531 | 
     | picorv32_core_g88335__2883                   | D ^ -> Y ^   | AND4XL    | 0.044 |   0.464 |    2.574 | 
     | picorv32_core_g88333__9315                   | D ^ -> Y ^   | AND4X1    | 0.039 |   0.503 |    2.614 | 
     | picorv32_core_g88331__4733                   | D ^ -> Y v   | NAND4XL   | 0.026 |   0.529 |    2.640 | 
     | picorv32_core_g88330__7482                   | B v -> Y ^   | NOR2BX1   | 0.087 |   0.617 |    2.727 | 
     | picorv32_core_g88328__1881                   | D ^ -> Y ^   | OR4X1     | 0.032 |   0.648 |    2.759 | 
     | picorv32_core_g88326__6131                   | B ^ -> Y v   | NAND2BX1  | 0.032 |   0.680 |    2.791 | 
     | picorv32_core_g88325__7098                   | AN v -> Y v  | NAND2BX1  | 0.026 |   0.706 |    2.817 | 
     | picorv32_core_g88323__5122                   | AN v -> Y v  | NAND2BX1  | 0.019 |   0.724 |    2.835 | 
     | picorv32_core_g88322__1705                   | B v -> Y v   | OR2X1     | 0.075 |   0.800 |    2.911 | 
     | picorv32_core_g88320__1617                   | B v -> Y ^   | NOR2BX1   | 0.054 |   0.854 |    2.964 | 
     | picorv32_core_add_1569_33_Y_add_1552_33_g763 | B ^ -> CO ^  | ADDHX1    | 0.029 |   0.882 |    2.993 | 
     | picorv32_core_add_1569_33_Y_add_1552_33_g762 | CI ^ -> CO ^ | ADDFX1    | 0.031 |   0.914 |    3.024 | 
     | picorv32_core_add_1569_33_Y_add_1552_33_g761 | CI ^ -> CO ^ | ADDFX1    | 0.031 |   0.945 |    3.055 | 
     | picorv32_core_add_1569_33_Y_add_1552_33_g760 | CI ^ -> CO ^ | ADDFX1    | 0.032 |   0.976 |    3.087 | 
     | picorv32_core_add_1569_33_Y_add_1552_33_g759 | CI ^ -> CO ^ | ADDFX1    | 0.031 |   1.008 |    3.119 | 
     | picorv32_core_add_1569_33_Y_add_1552_33_g758 | CI ^ -> CO ^ | ADDFX1    | 0.032 |   1.040 |    3.151 | 
     | picorv32_core_add_1569_33_Y_add_1552_33_g757 | CI ^ -> CO ^ | ADDFX1    | 0.032 |   1.072 |    3.183 | 
     | picorv32_core_add_1569_33_Y_add_1552_33_g756 | CI ^ -> CO ^ | ADDFX1    | 0.033 |   1.105 |    3.216 | 
     | picorv32_core_add_1569_33_Y_add_1552_33_g755 | CI ^ -> CO ^ | ADDFX1    | 0.031 |   1.136 |    3.246 | 
     | picorv32_core_add_1569_33_Y_add_1552_33_g754 | CI ^ -> CO ^ | ADDFX1    | 0.032 |   1.167 |    3.278 | 
     | picorv32_core_add_1569_33_Y_add_1552_33_g753 | CI ^ -> CO ^ | ADDFX1    | 0.031 |   1.198 |    3.309 | 
     | picorv32_core_add_1569_33_Y_add_1552_33_g752 | CI ^ -> CO ^ | ADDFX1    | 0.033 |   1.231 |    3.342 | 
     | picorv32_core_add_1569_33_Y_add_1552_33_g751 | CI ^ -> CO ^ | ADDFX1    | 0.031 |   1.262 |    3.373 | 
     | picorv32_core_add_1569_33_Y_add_1552_33_g750 | CI ^ -> CO ^ | ADDFX1    | 0.032 |   1.295 |    3.406 | 
     | picorv32_core_add_1569_33_Y_add_1552_33_g749 | CI ^ -> CO ^ | ADDFX1    | 0.032 |   1.327 |    3.438 | 
     | picorv32_core_add_1569_33_Y_add_1552_33_g748 | CI ^ -> CO ^ | ADDFX1    | 0.031 |   1.358 |    3.469 | 
     | picorv32_core_add_1569_33_Y_add_1552_33_g747 | CI ^ -> CO ^ | ADDFX1    | 0.032 |   1.390 |    3.501 | 
     | picorv32_core_add_1569_33_Y_add_1552_33_g746 | CI ^ -> CO ^ | ADDFX1    | 0.032 |   1.422 |    3.533 | 
     | picorv32_core_add_1569_33_Y_add_1552_33_g745 | CI ^ -> CO ^ | ADDFX1    | 0.034 |   1.456 |    3.567 | 
     | picorv32_core_add_1569_33_Y_add_1552_33_g744 | CI ^ -> CO ^ | ADDFX1    | 0.032 |   1.488 |    3.599 | 
     | picorv32_core_add_1569_33_Y_add_1552_33_g743 | CI ^ -> CO ^ | ADDFX1    | 0.032 |   1.520 |    3.630 | 
     | picorv32_core_add_1569_33_Y_add_1552_33_g742 | CI ^ -> CO ^ | ADDFX1    | 0.033 |   1.553 |    3.663 | 
     | picorv32_core_add_1569_33_Y_add_1552_33_g741 | CI ^ -> CO ^ | ADDFX1    | 0.032 |   1.585 |    3.696 | 
     | picorv32_core_add_1569_33_Y_add_1552_33_g740 | CI ^ -> CO ^ | ADDFX1    | 0.034 |   1.619 |    3.730 | 
     | picorv32_core_add_1569_33_Y_add_1552_33_g739 | CI ^ -> CO ^ | ADDFX1    | 0.032 |   1.651 |    3.762 | 
     | picorv32_core_add_1569_33_Y_add_1552_33_g738 | CI ^ -> CO ^ | ADDFX1    | 0.031 |   1.683 |    3.794 | 
     | picorv32_core_add_1569_33_Y_add_1552_33_g737 | CI ^ -> CO ^ | ADDFX1    | 0.032 |   1.715 |    3.825 | 
     | picorv32_core_add_1569_33_Y_add_1552_33_g736 | CI ^ -> CO ^ | ADDFX1    | 0.031 |   1.746 |    3.856 | 
     | picorv32_core_add_1569_33_Y_add_1552_33_g735 | CI ^ -> CO ^ | ADDFX1    | 0.030 |   1.776 |    3.886 | 
     | picorv32_core_add_1569_33_Y_add_1552_33_g734 | CI ^ -> CO ^ | ADDFX1    | 0.031 |   1.807 |    3.918 | 
     | picorv32_core_add_1569_33_Y_add_1552_33_g733 | B ^ -> Y v   | XNOR2X1   | 0.024 |   1.831 |    3.942 | 
     | picorv32_core_g190239__7098                  | B1 v -> Y ^  | AOI22X1   | 0.014 |   1.845 |    3.956 | 
     | picorv32_core_g190223__7410                  | B0 ^ -> Y v  | OAI2BB1X1 | 0.021 |   1.866 |    3.977 | 
     | picorv32_core_reg_next_pc_reg[31]            | D v          | DFFHQX1   | 0.000 |   1.866 |    3.977 | 
     +------------------------------------------------------------------------------------------------------+ 
Path 23: MET Setup Check with Pin picorv32_core_reg_next_pc_reg[30]/CK 
Endpoint:   picorv32_core_reg_next_pc_reg[30]/D (v) checked with  leading edge 
of 'clk'
Beginpoint: picorv32_core_irq_mask_reg[12]/Q    (^) triggered by  leading edge 
of 'clk'
Path Groups: {reg2reg}
Analysis View: analysis1
Other End Arrival Time          0.003
- Setup                         0.005
+ Phase Shift                   4.000
- Uncertainty                   0.020
= Required Time                 3.978
- Arrival Time                  1.857
= Slack Time                    2.121
     Clock Rise Edge                 0.000
     + Clock Network Latency (Prop)  0.001
     = Beginpoint Arrival Time       0.001
     +------------------------------------------------------------------------------------------------------+ 
     |                   Instance                   |     Arc      |   Cell    | Delay | Arrival | Required | 
     |                                              |              |           |       |  Time   |   Time   | 
     |----------------------------------------------+--------------+-----------+-------+---------+----------| 
     | picorv32_core_irq_mask_reg[12]               | CK ^         |           |       |   0.001 |    2.121 | 
     | picorv32_core_irq_mask_reg[12]               | CK ^ -> Q ^  | DFFHQX1   | 0.044 |   0.045 |    2.165 | 
     | picorv32_core_g88708__2883                   | AN ^ -> Y ^  | NAND2BX1  | 0.038 |   0.083 |    2.203 | 
     | picorv32_core_g88395__5115                   | B ^ -> Y ^   | AND4XL    | 0.044 |   0.127 |    2.247 | 
     | picorv32_core_g88377__2398                   | D ^ -> Y ^   | AND4XL    | 0.035 |   0.161 |    2.282 | 
     | picorv32_core_g88366__6161                   | D ^ -> Y ^   | AND4XL    | 0.041 |   0.202 |    2.323 | 
     | picorv32_core_g88356__5122                   | D ^ -> Y ^   | AND4XL    | 0.058 |   0.260 |    2.381 | 
     | picorv32_core_g88349__6783                   | D ^ -> Y ^   | AND4XL    | 0.052 |   0.312 |    2.433 | 
     | picorv32_core_g88343__6260                   | D ^ -> Y ^   | AND4XL    | 0.064 |   0.376 |    2.497 | 
     | picorv32_core_g88337__1666                   | D ^ -> Y ^   | AND4XL    | 0.044 |   0.420 |    2.541 | 
     | picorv32_core_g88335__2883                   | D ^ -> Y ^   | AND4XL    | 0.044 |   0.464 |    2.584 | 
     | picorv32_core_g88333__9315                   | D ^ -> Y ^   | AND4X1    | 0.039 |   0.503 |    2.624 | 
     | picorv32_core_g88331__4733                   | D ^ -> Y v   | NAND4XL   | 0.026 |   0.529 |    2.650 | 
     | picorv32_core_g88330__7482                   | B v -> Y ^   | NOR2BX1   | 0.087 |   0.617 |    2.737 | 
     | picorv32_core_g88328__1881                   | D ^ -> Y ^   | OR4X1     | 0.032 |   0.648 |    2.769 | 
     | picorv32_core_g88326__6131                   | B ^ -> Y v   | NAND2BX1  | 0.032 |   0.680 |    2.801 | 
     | picorv32_core_g88325__7098                   | AN v -> Y v  | NAND2BX1  | 0.026 |   0.706 |    2.826 | 
     | picorv32_core_g88323__5122                   | AN v -> Y v  | NAND2BX1  | 0.019 |   0.724 |    2.845 | 
     | picorv32_core_g88322__1705                   | B v -> Y v   | OR2X1     | 0.075 |   0.800 |    2.920 | 
     | picorv32_core_g88320__1617                   | B v -> Y ^   | NOR2BX1   | 0.054 |   0.854 |    2.974 | 
     | picorv32_core_add_1569_33_Y_add_1552_33_g763 | B ^ -> CO ^  | ADDHX1    | 0.029 |   0.882 |    3.003 | 
     | picorv32_core_add_1569_33_Y_add_1552_33_g762 | CI ^ -> CO ^ | ADDFX1    | 0.031 |   0.914 |    3.034 | 
     | picorv32_core_add_1569_33_Y_add_1552_33_g761 | CI ^ -> CO ^ | ADDFX1    | 0.031 |   0.945 |    3.065 | 
     | picorv32_core_add_1569_33_Y_add_1552_33_g760 | CI ^ -> CO ^ | ADDFX1    | 0.032 |   0.976 |    3.097 | 
     | picorv32_core_add_1569_33_Y_add_1552_33_g759 | CI ^ -> CO ^ | ADDFX1    | 0.031 |   1.008 |    3.128 | 
     | picorv32_core_add_1569_33_Y_add_1552_33_g758 | CI ^ -> CO ^ | ADDFX1    | 0.032 |   1.040 |    3.161 | 
     | picorv32_core_add_1569_33_Y_add_1552_33_g757 | CI ^ -> CO ^ | ADDFX1    | 0.032 |   1.072 |    3.193 | 
     | picorv32_core_add_1569_33_Y_add_1552_33_g756 | CI ^ -> CO ^ | ADDFX1    | 0.033 |   1.105 |    3.226 | 
     | picorv32_core_add_1569_33_Y_add_1552_33_g755 | CI ^ -> CO ^ | ADDFX1    | 0.031 |   1.136 |    3.256 | 
     | picorv32_core_add_1569_33_Y_add_1552_33_g754 | CI ^ -> CO ^ | ADDFX1    | 0.032 |   1.167 |    3.288 | 
     | picorv32_core_add_1569_33_Y_add_1552_33_g753 | CI ^ -> CO ^ | ADDFX1    | 0.031 |   1.198 |    3.319 | 
     | picorv32_core_add_1569_33_Y_add_1552_33_g752 | CI ^ -> CO ^ | ADDFX1    | 0.033 |   1.231 |    3.352 | 
     | picorv32_core_add_1569_33_Y_add_1552_33_g751 | CI ^ -> CO ^ | ADDFX1    | 0.031 |   1.262 |    3.383 | 
     | picorv32_core_add_1569_33_Y_add_1552_33_g750 | CI ^ -> CO ^ | ADDFX1    | 0.032 |   1.295 |    3.415 | 
     | picorv32_core_add_1569_33_Y_add_1552_33_g749 | CI ^ -> CO ^ | ADDFX1    | 0.032 |   1.327 |    3.447 | 
     | picorv32_core_add_1569_33_Y_add_1552_33_g748 | CI ^ -> CO ^ | ADDFX1    | 0.031 |   1.358 |    3.479 | 
     | picorv32_core_add_1569_33_Y_add_1552_33_g747 | CI ^ -> CO ^ | ADDFX1    | 0.032 |   1.390 |    3.511 | 
     | picorv32_core_add_1569_33_Y_add_1552_33_g746 | CI ^ -> CO ^ | ADDFX1    | 0.032 |   1.422 |    3.543 | 
     | picorv32_core_add_1569_33_Y_add_1552_33_g745 | CI ^ -> CO ^ | ADDFX1    | 0.034 |   1.456 |    3.577 | 
     | picorv32_core_add_1569_33_Y_add_1552_33_g744 | CI ^ -> CO ^ | ADDFX1    | 0.032 |   1.488 |    3.608 | 
     | picorv32_core_add_1569_33_Y_add_1552_33_g743 | CI ^ -> CO ^ | ADDFX1    | 0.032 |   1.520 |    3.640 | 
     | picorv32_core_add_1569_33_Y_add_1552_33_g742 | CI ^ -> CO ^ | ADDFX1    | 0.033 |   1.553 |    3.673 | 
     | picorv32_core_add_1569_33_Y_add_1552_33_g741 | CI ^ -> CO ^ | ADDFX1    | 0.032 |   1.585 |    3.705 | 
     | picorv32_core_add_1569_33_Y_add_1552_33_g740 | CI ^ -> CO ^ | ADDFX1    | 0.034 |   1.619 |    3.740 | 
     | picorv32_core_add_1569_33_Y_add_1552_33_g739 | CI ^ -> CO ^ | ADDFX1    | 0.032 |   1.651 |    3.772 | 
     | picorv32_core_add_1569_33_Y_add_1552_33_g738 | CI ^ -> CO ^ | ADDFX1    | 0.031 |   1.683 |    3.803 | 
     | picorv32_core_add_1569_33_Y_add_1552_33_g737 | CI ^ -> CO ^ | ADDFX1    | 0.032 |   1.715 |    3.835 | 
     | picorv32_core_add_1569_33_Y_add_1552_33_g736 | CI ^ -> CO ^ | ADDFX1    | 0.031 |   1.746 |    3.866 | 
     | picorv32_core_add_1569_33_Y_add_1552_33_g735 | CI ^ -> CO ^ | ADDFX1    | 0.030 |   1.776 |    3.896 | 
     | picorv32_core_add_1569_33_Y_add_1552_33_g734 | CI ^ -> S v  | ADDFX1    | 0.047 |   1.822 |    3.943 | 
     | picorv32_core_g190253__5477                  | B1 v -> Y ^  | AOI22X1   | 0.015 |   1.837 |    3.958 | 
     | picorv32_core_g190222__1666                  | B0 ^ -> Y v  | OAI2BB1X1 | 0.020 |   1.857 |    3.977 | 
     | picorv32_core_reg_next_pc_reg[30]            | D v          | DFFHQX1   | 0.000 |   1.857 |    3.978 | 
     +------------------------------------------------------------------------------------------------------+ 
Path 24: MET Setup Check with Pin picorv32_core_genblk1.pcpi_mul_rd_reg[42]/CK 
Endpoint:   picorv32_core_genblk1.pcpi_mul_rd_reg[42]/D (^) checked with  
leading edge of 'clk'
Beginpoint: picorv32_core_genblk1.pcpi_mul_rs2_reg[5]/Q (^) triggered by  
leading edge of 'clk'
Path Groups: {reg2reg}
Analysis View: analysis1
Other End Arrival Time          0.002
- Setup                         0.013
+ Phase Shift                   4.000
- Uncertainty                   0.020
= Required Time                 3.969
- Arrival Time                  1.828
= Slack Time                    2.141
     Clock Rise Edge                 0.000
     + Clock Network Latency (Prop)  0.002
     = Beginpoint Arrival Time       0.002
     +-----------------------------------------------------------------------------------------------------------+ 
     |                      Instance                      |     Arc      |   Cell   | Delay | Arrival | Required | 
     |                                                    |              |          |       |  Time   |   Time   | 
     |----------------------------------------------------+--------------+----------+-------+---------+----------| 
     | picorv32_core_genblk1.pcpi_mul_rs2_reg[5]          | CK ^         |          |       |   0.002 |    2.143 | 
     | picorv32_core_genblk1.pcpi_mul_rs2_reg[5]          | CK ^ -> Q ^  | MDFFHQX1 | 0.132 |   0.134 |    2.275 | 
     | picorv32_core_genblk1.pcpi_mul_mul_2371_47_g14046  | A ^ -> Y v   | INVX1    | 0.055 |   0.190 |    2.331 | 
     | picorv32_core_genblk1.pcpi_mul_mul_2371_47_g13987  | B v -> Y ^   | XNOR2X1  | 0.031 |   0.221 |    2.362 | 
     | picorv32_core_genblk1.pcpi_mul_mul_2371_47_g13897  | A ^ -> Y ^   | OR2X1    | 0.082 |   0.303 |    2.444 | 
     | picorv32_core_genblk1.pcpi_mul_mul_2371_47_g13890  | A ^ -> Y v   | INVX1    | 0.053 |   0.356 |    2.497 | 
     | picorv32_core_genblk1.pcpi_mul_mul_2371_47_g13740  | A1 v -> Y ^  | OAI21X1  | 0.029 |   0.384 |    2.525 | 
     | picorv32_core_genblk1.pcpi_mul_mul_2371_47_g13494  | B ^ -> Y ^   | XNOR2X1  | 0.025 |   0.409 |    2.550 | 
     | picorv32_core_genblk1.pcpi_mul_mul_2371_47_g13440  | B ^ -> S v   | ADDHX1   | 0.031 |   0.440 |    2.581 | 
     | picorv32_core_genblk1.pcpi_mul_mul_2371_47_cdnfadd | A v -> CO v  | ADDFX1   | 0.036 |   0.476 |    2.617 | 
     | 3                                                  |              |          |       |         |          | 
     | picorv32_core_genblk1.pcpi_mul_mul_2371_47_cdnfadd | CI v -> CO v | ADDFX1   | 0.035 |   0.511 |    2.652 | 
     | 4                                                  |              |          |       |         |          | 
     | picorv32_core_genblk1.pcpi_mul_mul_2371_47_cdnfadd | CI v -> CO v | ADDFX1   | 0.035 |   0.546 |    2.687 | 
     | 5                                                  |              |          |       |         |          | 
     | picorv32_core_genblk1.pcpi_mul_mul_2371_47_cdnfadd | CI v -> CO v | ADDFX1   | 0.034 |   0.580 |    2.720 | 
     | 6                                                  |              |          |       |         |          | 
     | picorv32_core_genblk1.pcpi_mul_mul_2371_47_cdnfadd | CI v -> CO v | ADDFX1   | 0.034 |   0.614 |    2.755 | 
     | 7                                                  |              |          |       |         |          | 
     | picorv32_core_genblk1.pcpi_mul_mul_2371_47_cdnfadd | CI v -> CO v | ADDFX1   | 0.034 |   0.648 |    2.789 | 
     | 8                                                  |              |          |       |         |          | 
     | picorv32_core_genblk1.pcpi_mul_mul_2371_47_cdnfadd | CI v -> CO v | ADDFX1   | 0.034 |   0.682 |    2.823 | 
     | 9                                                  |              |          |       |         |          | 
     | picorv32_core_genblk1.pcpi_mul_mul_2371_47_cdnfadd | CI v -> CO v | ADDFX1   | 0.034 |   0.716 |    2.857 | 
     | 10                                                 |              |          |       |         |          | 
     | picorv32_core_genblk1.pcpi_mul_mul_2371_47_cdnfadd | CI v -> CO v | ADDFX1   | 0.034 |   0.750 |    2.891 | 
     | 11                                                 |              |          |       |         |          | 
     | picorv32_core_genblk1.pcpi_mul_mul_2371_47_cdnfadd | CI v -> CO v | ADDFX1   | 0.035 |   0.784 |    2.925 | 
     | 12                                                 |              |          |       |         |          | 
     | picorv32_core_genblk1.pcpi_mul_mul_2371_47_cdnfadd | CI v -> CO v | ADDFX1   | 0.034 |   0.818 |    2.959 | 
     | 13                                                 |              |          |       |         |          | 
     | picorv32_core_genblk1.pcpi_mul_mul_2371_47_cdnfadd | CI v -> CO v | ADDFX1   | 0.034 |   0.852 |    2.993 | 
     | 14                                                 |              |          |       |         |          | 
     | picorv32_core_genblk1.pcpi_mul_mul_2371_47_cdnfadd | CI v -> CO v | ADDFX1   | 0.033 |   0.886 |    3.026 | 
     | 15                                                 |              |          |       |         |          | 
     | picorv32_core_genblk1.pcpi_mul_mul_2371_47_cdnfadd | CI v -> CO v | ADDFX1   | 0.034 |   0.919 |    3.060 | 
     | 16                                                 |              |          |       |         |          | 
     | picorv32_core_genblk1.pcpi_mul_mul_2371_47_cdnfadd | CI v -> CO v | ADDFX1   | 0.034 |   0.953 |    3.094 | 
     | 17                                                 |              |          |       |         |          | 
     | picorv32_core_genblk1.pcpi_mul_mul_2371_47_cdnfadd | CI v -> CO v | ADDFX1   | 0.034 |   0.987 |    3.128 | 
     | 18                                                 |              |          |       |         |          | 
     | picorv32_core_genblk1.pcpi_mul_mul_2371_47_cdnfadd | CI v -> CO v | ADDFX1   | 0.034 |   1.021 |    3.162 | 
     | 19                                                 |              |          |       |         |          | 
     | picorv32_core_genblk1.pcpi_mul_mul_2371_47_cdnfadd | CI v -> CO v | ADDFX1   | 0.035 |   1.056 |    3.197 | 
     | 20                                                 |              |          |       |         |          | 
     | picorv32_core_genblk1.pcpi_mul_mul_2371_47_cdnfadd | CI v -> CO v | ADDFX1   | 0.034 |   1.090 |    3.231 | 
     | 21                                                 |              |          |       |         |          | 
     | picorv32_core_genblk1.pcpi_mul_mul_2371_47_cdnfadd | CI v -> CO v | ADDFX1   | 0.034 |   1.124 |    3.265 | 
     | 22                                                 |              |          |       |         |          | 
     | picorv32_core_genblk1.pcpi_mul_mul_2371_47_cdnfadd | CI v -> CO v | ADDFX1   | 0.034 |   1.158 |    3.299 | 
     | 23                                                 |              |          |       |         |          | 
     | picorv32_core_genblk1.pcpi_mul_mul_2371_47_cdnfadd | CI v -> CO v | ADDFX1   | 0.036 |   1.194 |    3.335 | 
     | 24                                                 |              |          |       |         |          | 
     | picorv32_core_genblk1.pcpi_mul_mul_2371_47_cdnfadd | CI v -> CO v | ADDFX1   | 0.035 |   1.229 |    3.369 | 
     | 25                                                 |              |          |       |         |          | 
     | picorv32_core_genblk1.pcpi_mul_mul_2371_47_cdnfadd | CI v -> CO v | ADDFX1   | 0.033 |   1.262 |    3.403 | 
     | 26                                                 |              |          |       |         |          | 
     | picorv32_core_genblk1.pcpi_mul_mul_2371_47_cdnfadd | CI v -> CO v | ADDFX1   | 0.034 |   1.296 |    3.437 | 
     | 27                                                 |              |          |       |         |          | 
     | picorv32_core_genblk1.pcpi_mul_mul_2371_47_cdnfadd | CI v -> CO v | ADDFX1   | 0.034 |   1.330 |    3.471 | 
     | 28                                                 |              |          |       |         |          | 
     | picorv32_core_genblk1.pcpi_mul_mul_2371_47_cdnfadd | CI v -> CO v | ADDFX1   | 0.035 |   1.365 |    3.506 | 
     | 29                                                 |              |          |       |         |          | 
     | picorv32_core_genblk1.pcpi_mul_mul_2371_47_cdnfadd | CI v -> CO v | ADDFX1   | 0.035 |   1.400 |    3.541 | 
     | 30                                                 |              |          |       |         |          | 
     | picorv32_core_genblk1.pcpi_mul_mul_2371_47_cdnfadd | CI v -> CO v | ADDFX1   | 0.039 |   1.439 |    3.580 | 
     | 31                                                 |              |          |       |         |          | 
     | picorv32_core_genblk1.pcpi_mul_mul_2371_47_cdnfadd | CI v -> CO v | ADDFX1   | 0.036 |   1.476 |    3.616 | 
     | 32                                                 |              |          |       |         |          | 
     | picorv32_core_genblk1.pcpi_mul_mul_2371_47_cdnfadd | CI v -> CO v | ADDFX1   | 0.035 |   1.510 |    3.651 | 
     | 33                                                 |              |          |       |         |          | 
     | picorv32_core_genblk1.pcpi_mul_mul_2371_47_cdnfadd | CI v -> CO v | ADDFX1   | 0.035 |   1.545 |    3.686 | 
     | 34                                                 |              |          |       |         |          | 
     | picorv32_core_genblk1.pcpi_mul_mul_2371_47_cdnfadd | CI v -> CO v | ADDFX1   | 0.034 |   1.580 |    3.720 | 
     | 35                                                 |              |          |       |         |          | 
     | picorv32_core_genblk1.pcpi_mul_mul_2371_47_cdnfadd | CI v -> CO v | ADDFX1   | 0.034 |   1.613 |    3.754 | 
     | 36                                                 |              |          |       |         |          | 
     | picorv32_core_genblk1.pcpi_mul_mul_2371_47_cdnfadd | CI v -> CO v | ADDFX1   | 0.034 |   1.647 |    3.788 | 
     | 37                                                 |              |          |       |         |          | 
     | picorv32_core_genblk1.pcpi_mul_mul_2371_47_cdnfadd | CI v -> CO v | ADDFX1   | 0.033 |   1.680 |    3.821 | 
     | 38                                                 |              |          |       |         |          | 
     | picorv32_core_genblk1.pcpi_mul_mul_2371_47_cdnfadd | CI v -> CO v | ADDFX1   | 0.034 |   1.714 |    3.855 | 
     | 39                                                 |              |          |       |         |          | 
     | picorv32_core_genblk1.pcpi_mul_mul_2371_47_cdnfadd | CI v -> CO v | ADDFX1   | 0.033 |   1.747 |    3.888 | 
     | 40                                                 |              |          |       |         |          | 
     | picorv32_core_genblk1.pcpi_mul_mul_2371_47_cdnfadd | CI v -> CO v | ADDFX1   | 0.034 |   1.781 |    3.922 | 
     | 41                                                 |              |          |       |         |          | 
     | picorv32_core_genblk1.pcpi_mul_mul_2371_47_cdnfadd | CI v -> S ^  | ADDFX1   | 0.048 |   1.828 |    3.969 | 
     | 42                                                 |              |          |       |         |          | 
     | picorv32_core_genblk1.pcpi_mul_rd_reg[42]          | D ^          | DFFQXL   | 0.000 |   1.828 |    3.969 | 
     +-----------------------------------------------------------------------------------------------------------+ 
Path 25: MET Setup Check with Pin picorv32_core_reg_next_pc_reg[29]/CK 
Endpoint:   picorv32_core_reg_next_pc_reg[29]/D (v) checked with  leading edge 
of 'clk'
Beginpoint: picorv32_core_irq_mask_reg[12]/Q    (^) triggered by  leading edge 
of 'clk'
Path Groups: {reg2reg}
Analysis View: analysis1
Other End Arrival Time          0.003
- Setup                         0.006
+ Phase Shift                   4.000
- Uncertainty                   0.020
= Required Time                 3.978
- Arrival Time                  1.828
= Slack Time                    2.150
     Clock Rise Edge                 0.000
     + Clock Network Latency (Prop)  0.001
     = Beginpoint Arrival Time       0.001
     +------------------------------------------------------------------------------------------------------+ 
     |                   Instance                   |     Arc      |   Cell    | Delay | Arrival | Required | 
     |                                              |              |           |       |  Time   |   Time   | 
     |----------------------------------------------+--------------+-----------+-------+---------+----------| 
     | picorv32_core_irq_mask_reg[12]               | CK ^         |           |       |   0.001 |    2.150 | 
     | picorv32_core_irq_mask_reg[12]               | CK ^ -> Q ^  | DFFHQX1   | 0.044 |   0.045 |    2.194 | 
     | picorv32_core_g88708__2883                   | AN ^ -> Y ^  | NAND2BX1  | 0.038 |   0.083 |    2.232 | 
     | picorv32_core_g88395__5115                   | B ^ -> Y ^   | AND4XL    | 0.044 |   0.127 |    2.276 | 
     | picorv32_core_g88377__2398                   | D ^ -> Y ^   | AND4XL    | 0.035 |   0.161 |    2.311 | 
     | picorv32_core_g88366__6161                   | D ^ -> Y ^   | AND4XL    | 0.041 |   0.202 |    2.352 | 
     | picorv32_core_g88356__5122                   | D ^ -> Y ^   | AND4XL    | 0.058 |   0.260 |    2.410 | 
     | picorv32_core_g88349__6783                   | D ^ -> Y ^   | AND4XL    | 0.052 |   0.312 |    2.462 | 
     | picorv32_core_g88343__6260                   | D ^ -> Y ^   | AND4XL    | 0.064 |   0.376 |    2.526 | 
     | picorv32_core_g88337__1666                   | D ^ -> Y ^   | AND4XL    | 0.044 |   0.420 |    2.570 | 
     | picorv32_core_g88335__2883                   | D ^ -> Y ^   | AND4XL    | 0.044 |   0.464 |    2.613 | 
     | picorv32_core_g88333__9315                   | D ^ -> Y ^   | AND4X1    | 0.039 |   0.503 |    2.653 | 
     | picorv32_core_g88331__4733                   | D ^ -> Y v   | NAND4XL   | 0.026 |   0.529 |    2.679 | 
     | picorv32_core_g88330__7482                   | B v -> Y ^   | NOR2BX1   | 0.087 |   0.617 |    2.766 | 
     | picorv32_core_g88328__1881                   | D ^ -> Y ^   | OR4X1     | 0.032 |   0.648 |    2.798 | 
     | picorv32_core_g88326__6131                   | B ^ -> Y v   | NAND2BX1  | 0.032 |   0.680 |    2.830 | 
     | picorv32_core_g88325__7098                   | AN v -> Y v  | NAND2BX1  | 0.026 |   0.706 |    2.855 | 
     | picorv32_core_g88323__5122                   | AN v -> Y v  | NAND2BX1  | 0.019 |   0.724 |    2.874 | 
     | picorv32_core_g88322__1705                   | B v -> Y v   | OR2X1     | 0.075 |   0.800 |    2.949 | 
     | picorv32_core_g88320__1617                   | B v -> Y ^   | NOR2BX1   | 0.054 |   0.854 |    3.003 | 
     | picorv32_core_add_1569_33_Y_add_1552_33_g763 | B ^ -> CO ^  | ADDHX1    | 0.029 |   0.882 |    3.032 | 
     | picorv32_core_add_1569_33_Y_add_1552_33_g762 | CI ^ -> CO ^ | ADDFX1    | 0.031 |   0.914 |    3.063 | 
     | picorv32_core_add_1569_33_Y_add_1552_33_g761 | CI ^ -> CO ^ | ADDFX1    | 0.031 |   0.945 |    3.094 | 
     | picorv32_core_add_1569_33_Y_add_1552_33_g760 | CI ^ -> CO ^ | ADDFX1    | 0.032 |   0.976 |    3.126 | 
     | picorv32_core_add_1569_33_Y_add_1552_33_g759 | CI ^ -> CO ^ | ADDFX1    | 0.031 |   1.008 |    3.158 | 
     | picorv32_core_add_1569_33_Y_add_1552_33_g758 | CI ^ -> CO ^ | ADDFX1    | 0.032 |   1.040 |    3.190 | 
     | picorv32_core_add_1569_33_Y_add_1552_33_g757 | CI ^ -> CO ^ | ADDFX1    | 0.032 |   1.072 |    3.222 | 
     | picorv32_core_add_1569_33_Y_add_1552_33_g756 | CI ^ -> CO ^ | ADDFX1    | 0.033 |   1.105 |    3.255 | 
     | picorv32_core_add_1569_33_Y_add_1552_33_g755 | CI ^ -> CO ^ | ADDFX1    | 0.031 |   1.136 |    3.285 | 
     | picorv32_core_add_1569_33_Y_add_1552_33_g754 | CI ^ -> CO ^ | ADDFX1    | 0.032 |   1.167 |    3.317 | 
     | picorv32_core_add_1569_33_Y_add_1552_33_g753 | CI ^ -> CO ^ | ADDFX1    | 0.031 |   1.198 |    3.348 | 
     | picorv32_core_add_1569_33_Y_add_1552_33_g752 | CI ^ -> CO ^ | ADDFX1    | 0.033 |   1.231 |    3.381 | 
     | picorv32_core_add_1569_33_Y_add_1552_33_g751 | CI ^ -> CO ^ | ADDFX1    | 0.031 |   1.262 |    3.412 | 
     | picorv32_core_add_1569_33_Y_add_1552_33_g750 | CI ^ -> CO ^ | ADDFX1    | 0.032 |   1.295 |    3.444 | 
     | picorv32_core_add_1569_33_Y_add_1552_33_g749 | CI ^ -> CO ^ | ADDFX1    | 0.032 |   1.327 |    3.476 | 
     | picorv32_core_add_1569_33_Y_add_1552_33_g748 | CI ^ -> CO ^ | ADDFX1    | 0.031 |   1.358 |    3.508 | 
     | picorv32_core_add_1569_33_Y_add_1552_33_g747 | CI ^ -> CO ^ | ADDFX1    | 0.032 |   1.390 |    3.540 | 
     | picorv32_core_add_1569_33_Y_add_1552_33_g746 | CI ^ -> CO ^ | ADDFX1    | 0.032 |   1.422 |    3.572 | 
     | picorv32_core_add_1569_33_Y_add_1552_33_g745 | CI ^ -> CO ^ | ADDFX1    | 0.034 |   1.456 |    3.606 | 
     | picorv32_core_add_1569_33_Y_add_1552_33_g744 | CI ^ -> CO ^ | ADDFX1    | 0.032 |   1.488 |    3.637 | 
     | picorv32_core_add_1569_33_Y_add_1552_33_g743 | CI ^ -> CO ^ | ADDFX1    | 0.032 |   1.520 |    3.669 | 
     | picorv32_core_add_1569_33_Y_add_1552_33_g742 | CI ^ -> CO ^ | ADDFX1    | 0.033 |   1.553 |    3.702 | 
     | picorv32_core_add_1569_33_Y_add_1552_33_g741 | CI ^ -> CO ^ | ADDFX1    | 0.032 |   1.585 |    3.735 | 
     | picorv32_core_add_1569_33_Y_add_1552_33_g740 | CI ^ -> CO ^ | ADDFX1    | 0.034 |   1.619 |    3.769 | 
     | picorv32_core_add_1569_33_Y_add_1552_33_g739 | CI ^ -> CO ^ | ADDFX1    | 0.032 |   1.651 |    3.801 | 
     | picorv32_core_add_1569_33_Y_add_1552_33_g738 | CI ^ -> CO ^ | ADDFX1    | 0.031 |   1.683 |    3.833 | 
     | picorv32_core_add_1569_33_Y_add_1552_33_g737 | CI ^ -> CO ^ | ADDFX1    | 0.032 |   1.715 |    3.864 | 
     | picorv32_core_add_1569_33_Y_add_1552_33_g736 | CI ^ -> CO ^ | ADDFX1    | 0.031 |   1.746 |    3.895 | 
     | picorv32_core_add_1569_33_Y_add_1552_33_g735 | CI ^ -> S v  | ADDFX1    | 0.047 |   1.792 |    3.942 | 
     | picorv32_core_g190252__6417                  | B1 v -> Y ^  | AOI22X1   | 0.015 |   1.807 |    3.957 | 
     | picorv32_core_g190221__2346                  | B0 ^ -> Y v  | OAI2BB1X1 | 0.020 |   1.828 |    3.978 | 
     | picorv32_core_reg_next_pc_reg[29]            | D v          | DFFHQX1   | 0.000 |   1.828 |    3.978 | 
     +------------------------------------------------------------------------------------------------------+ 
Path 26: MET Setup Check with Pin picorv32_core_genblk1.pcpi_mul_rd_reg[41]/CK 
Endpoint:   picorv32_core_genblk1.pcpi_mul_rd_reg[41]/D (^) checked with  
leading edge of 'clk'
Beginpoint: picorv32_core_genblk1.pcpi_mul_rs2_reg[5]/Q (^) triggered by  
leading edge of 'clk'
Path Groups: {reg2reg}
Analysis View: analysis1
Other End Arrival Time          0.002
- Setup                         0.013
+ Phase Shift                   4.000
- Uncertainty                   0.020
= Required Time                 3.969
- Arrival Time                  1.795
= Slack Time                    2.174
     Clock Rise Edge                 0.000
     + Clock Network Latency (Prop)  0.002
     = Beginpoint Arrival Time       0.002
     +-----------------------------------------------------------------------------------------------------------+ 
     |                      Instance                      |     Arc      |   Cell   | Delay | Arrival | Required | 
     |                                                    |              |          |       |  Time   |   Time   | 
     |----------------------------------------------------+--------------+----------+-------+---------+----------| 
     | picorv32_core_genblk1.pcpi_mul_rs2_reg[5]          | CK ^         |          |       |   0.002 |    2.177 | 
     | picorv32_core_genblk1.pcpi_mul_rs2_reg[5]          | CK ^ -> Q ^  | MDFFHQX1 | 0.132 |   0.134 |    2.309 | 
     | picorv32_core_genblk1.pcpi_mul_mul_2371_47_g14046  | A ^ -> Y v   | INVX1    | 0.055 |   0.190 |    2.364 | 
     | picorv32_core_genblk1.pcpi_mul_mul_2371_47_g13987  | B v -> Y ^   | XNOR2X1  | 0.031 |   0.221 |    2.395 | 
     | picorv32_core_genblk1.pcpi_mul_mul_2371_47_g13897  | A ^ -> Y ^   | OR2X1    | 0.082 |   0.303 |    2.477 | 
     | picorv32_core_genblk1.pcpi_mul_mul_2371_47_g13890  | A ^ -> Y v   | INVX1    | 0.053 |   0.356 |    2.530 | 
     | picorv32_core_genblk1.pcpi_mul_mul_2371_47_g13740  | A1 v -> Y ^  | OAI21X1  | 0.029 |   0.384 |    2.559 | 
     | picorv32_core_genblk1.pcpi_mul_mul_2371_47_g13494  | B ^ -> Y ^   | XNOR2X1  | 0.025 |   0.409 |    2.584 | 
     | picorv32_core_genblk1.pcpi_mul_mul_2371_47_g13440  | B ^ -> S v   | ADDHX1   | 0.031 |   0.440 |    2.615 | 
     | picorv32_core_genblk1.pcpi_mul_mul_2371_47_cdnfadd | A v -> CO v  | ADDFX1   | 0.036 |   0.476 |    2.651 | 
     | 3                                                  |              |          |       |         |          | 
     | picorv32_core_genblk1.pcpi_mul_mul_2371_47_cdnfadd | CI v -> CO v | ADDFX1   | 0.035 |   0.511 |    2.685 | 
     | 4                                                  |              |          |       |         |          | 
     | picorv32_core_genblk1.pcpi_mul_mul_2371_47_cdnfadd | CI v -> CO v | ADDFX1   | 0.035 |   0.546 |    2.720 | 
     | 5                                                  |              |          |       |         |          | 
     | picorv32_core_genblk1.pcpi_mul_mul_2371_47_cdnfadd | CI v -> CO v | ADDFX1   | 0.034 |   0.580 |    2.754 | 
     | 6                                                  |              |          |       |         |          | 
     | picorv32_core_genblk1.pcpi_mul_mul_2371_47_cdnfadd | CI v -> CO v | ADDFX1   | 0.034 |   0.614 |    2.788 | 
     | 7                                                  |              |          |       |         |          | 
     | picorv32_core_genblk1.pcpi_mul_mul_2371_47_cdnfadd | CI v -> CO v | ADDFX1   | 0.034 |   0.648 |    2.822 | 
     | 8                                                  |              |          |       |         |          | 
     | picorv32_core_genblk1.pcpi_mul_mul_2371_47_cdnfadd | CI v -> CO v | ADDFX1   | 0.034 |   0.682 |    2.856 | 
     | 9                                                  |              |          |       |         |          | 
     | picorv32_core_genblk1.pcpi_mul_mul_2371_47_cdnfadd | CI v -> CO v | ADDFX1   | 0.034 |   0.716 |    2.891 | 
     | 10                                                 |              |          |       |         |          | 
     | picorv32_core_genblk1.pcpi_mul_mul_2371_47_cdnfadd | CI v -> CO v | ADDFX1   | 0.034 |   0.750 |    2.924 | 
     | 11                                                 |              |          |       |         |          | 
     | picorv32_core_genblk1.pcpi_mul_mul_2371_47_cdnfadd | CI v -> CO v | ADDFX1   | 0.035 |   0.784 |    2.959 | 
     | 12                                                 |              |          |       |         |          | 
     | picorv32_core_genblk1.pcpi_mul_mul_2371_47_cdnfadd | CI v -> CO v | ADDFX1   | 0.034 |   0.818 |    2.992 | 
     | 13                                                 |              |          |       |         |          | 
     | picorv32_core_genblk1.pcpi_mul_mul_2371_47_cdnfadd | CI v -> CO v | ADDFX1   | 0.034 |   0.852 |    3.026 | 
     | 14                                                 |              |          |       |         |          | 
     | picorv32_core_genblk1.pcpi_mul_mul_2371_47_cdnfadd | CI v -> CO v | ADDFX1   | 0.033 |   0.886 |    3.060 | 
     | 15                                                 |              |          |       |         |          | 
     | picorv32_core_genblk1.pcpi_mul_mul_2371_47_cdnfadd | CI v -> CO v | ADDFX1   | 0.034 |   0.919 |    3.094 | 
     | 16                                                 |              |          |       |         |          | 
     | picorv32_core_genblk1.pcpi_mul_mul_2371_47_cdnfadd | CI v -> CO v | ADDFX1   | 0.034 |   0.953 |    3.127 | 
     | 17                                                 |              |          |       |         |          | 
     | picorv32_core_genblk1.pcpi_mul_mul_2371_47_cdnfadd | CI v -> CO v | ADDFX1   | 0.034 |   0.987 |    3.161 | 
     | 18                                                 |              |          |       |         |          | 
     | picorv32_core_genblk1.pcpi_mul_mul_2371_47_cdnfadd | CI v -> CO v | ADDFX1   | 0.034 |   1.021 |    3.196 | 
     | 19                                                 |              |          |       |         |          | 
     | picorv32_core_genblk1.pcpi_mul_mul_2371_47_cdnfadd | CI v -> CO v | ADDFX1   | 0.035 |   1.056 |    3.230 | 
     | 20                                                 |              |          |       |         |          | 
     | picorv32_core_genblk1.pcpi_mul_mul_2371_47_cdnfadd | CI v -> CO v | ADDFX1   | 0.034 |   1.090 |    3.264 | 
     | 21                                                 |              |          |       |         |          | 
     | picorv32_core_genblk1.pcpi_mul_mul_2371_47_cdnfadd | CI v -> CO v | ADDFX1   | 0.034 |   1.124 |    3.299 | 
     | 22                                                 |              |          |       |         |          | 
     | picorv32_core_genblk1.pcpi_mul_mul_2371_47_cdnfadd | CI v -> CO v | ADDFX1   | 0.034 |   1.158 |    3.333 | 
     | 23                                                 |              |          |       |         |          | 
     | picorv32_core_genblk1.pcpi_mul_mul_2371_47_cdnfadd | CI v -> CO v | ADDFX1   | 0.036 |   1.194 |    3.368 | 
     | 24                                                 |              |          |       |         |          | 
     | picorv32_core_genblk1.pcpi_mul_mul_2371_47_cdnfadd | CI v -> CO v | ADDFX1   | 0.035 |   1.229 |    3.403 | 
     | 25                                                 |              |          |       |         |          | 
     | picorv32_core_genblk1.pcpi_mul_mul_2371_47_cdnfadd | CI v -> CO v | ADDFX1   | 0.033 |   1.262 |    3.436 | 
     | 26                                                 |              |          |       |         |          | 
     | picorv32_core_genblk1.pcpi_mul_mul_2371_47_cdnfadd | CI v -> CO v | ADDFX1   | 0.034 |   1.296 |    3.471 | 
     | 27                                                 |              |          |       |         |          | 
     | picorv32_core_genblk1.pcpi_mul_mul_2371_47_cdnfadd | CI v -> CO v | ADDFX1   | 0.034 |   1.330 |    3.505 | 
     | 28                                                 |              |          |       |         |          | 
     | picorv32_core_genblk1.pcpi_mul_mul_2371_47_cdnfadd | CI v -> CO v | ADDFX1   | 0.035 |   1.365 |    3.539 | 
     | 29                                                 |              |          |       |         |          | 
     | picorv32_core_genblk1.pcpi_mul_mul_2371_47_cdnfadd | CI v -> CO v | ADDFX1   | 0.035 |   1.400 |    3.574 | 
     | 30                                                 |              |          |       |         |          | 
     | picorv32_core_genblk1.pcpi_mul_mul_2371_47_cdnfadd | CI v -> CO v | ADDFX1   | 0.039 |   1.439 |    3.613 | 
     | 31                                                 |              |          |       |         |          | 
     | picorv32_core_genblk1.pcpi_mul_mul_2371_47_cdnfadd | CI v -> CO v | ADDFX1   | 0.036 |   1.476 |    3.650 | 
     | 32                                                 |              |          |       |         |          | 
     | picorv32_core_genblk1.pcpi_mul_mul_2371_47_cdnfadd | CI v -> CO v | ADDFX1   | 0.035 |   1.510 |    3.685 | 
     | 33                                                 |              |          |       |         |          | 
     | picorv32_core_genblk1.pcpi_mul_mul_2371_47_cdnfadd | CI v -> CO v | ADDFX1   | 0.035 |   1.545 |    3.720 | 
     | 34                                                 |              |          |       |         |          | 
     | picorv32_core_genblk1.pcpi_mul_mul_2371_47_cdnfadd | CI v -> CO v | ADDFX1   | 0.034 |   1.580 |    3.754 | 
     | 35                                                 |              |          |       |         |          | 
     | picorv32_core_genblk1.pcpi_mul_mul_2371_47_cdnfadd | CI v -> CO v | ADDFX1   | 0.034 |   1.613 |    3.787 | 
     | 36                                                 |              |          |       |         |          | 
     | picorv32_core_genblk1.pcpi_mul_mul_2371_47_cdnfadd | CI v -> CO v | ADDFX1   | 0.034 |   1.647 |    3.821 | 
     | 37                                                 |              |          |       |         |          | 
     | picorv32_core_genblk1.pcpi_mul_mul_2371_47_cdnfadd | CI v -> CO v | ADDFX1   | 0.033 |   1.680 |    3.854 | 
     | 38                                                 |              |          |       |         |          | 
     | picorv32_core_genblk1.pcpi_mul_mul_2371_47_cdnfadd | CI v -> CO v | ADDFX1   | 0.034 |   1.714 |    3.888 | 
     | 39                                                 |              |          |       |         |          | 
     | picorv32_core_genblk1.pcpi_mul_mul_2371_47_cdnfadd | CI v -> CO v | ADDFX1   | 0.033 |   1.747 |    3.921 | 
     | 40                                                 |              |          |       |         |          | 
     | picorv32_core_genblk1.pcpi_mul_mul_2371_47_cdnfadd | CI v -> S ^  | ADDFX1   | 0.048 |   1.795 |    3.969 | 
     | 41                                                 |              |          |       |         |          | 
     | picorv32_core_genblk1.pcpi_mul_rd_reg[41]          | D ^          | DFFQXL   | 0.000 |   1.795 |    3.969 | 
     +-----------------------------------------------------------------------------------------------------------+ 
Path 27: MET Setup Check with Pin picorv32_core_reg_next_pc_reg[28]/CK 
Endpoint:   picorv32_core_reg_next_pc_reg[28]/D (v) checked with  leading edge 
of 'clk'
Beginpoint: picorv32_core_irq_mask_reg[12]/Q    (^) triggered by  leading edge 
of 'clk'
Path Groups: {reg2reg}
Analysis View: analysis1
Other End Arrival Time          0.003
- Setup                         0.005
+ Phase Shift                   4.000
- Uncertainty                   0.020
= Required Time                 3.978
- Arrival Time                  1.795
= Slack Time                    2.183
     Clock Rise Edge                 0.000
     + Clock Network Latency (Prop)  0.001
     = Beginpoint Arrival Time       0.001
     +------------------------------------------------------------------------------------------------------+ 
     |                   Instance                   |     Arc      |   Cell    | Delay | Arrival | Required | 
     |                                              |              |           |       |  Time   |   Time   | 
     |----------------------------------------------+--------------+-----------+-------+---------+----------| 
     | picorv32_core_irq_mask_reg[12]               | CK ^         |           |       |   0.001 |    2.184 | 
     | picorv32_core_irq_mask_reg[12]               | CK ^ -> Q ^  | DFFHQX1   | 0.044 |   0.045 |    2.228 | 
     | picorv32_core_g88708__2883                   | AN ^ -> Y ^  | NAND2BX1  | 0.038 |   0.083 |    2.266 | 
     | picorv32_core_g88395__5115                   | B ^ -> Y ^   | AND4XL    | 0.044 |   0.127 |    2.310 | 
     | picorv32_core_g88377__2398                   | D ^ -> Y ^   | AND4XL    | 0.035 |   0.161 |    2.344 | 
     | picorv32_core_g88366__6161                   | D ^ -> Y ^   | AND4XL    | 0.041 |   0.202 |    2.385 | 
     | picorv32_core_g88356__5122                   | D ^ -> Y ^   | AND4XL    | 0.058 |   0.260 |    2.443 | 
     | picorv32_core_g88349__6783                   | D ^ -> Y ^   | AND4XL    | 0.052 |   0.312 |    2.495 | 
     | picorv32_core_g88343__6260                   | D ^ -> Y ^   | AND4XL    | 0.064 |   0.376 |    2.559 | 
     | picorv32_core_g88337__1666                   | D ^ -> Y ^   | AND4XL    | 0.044 |   0.420 |    2.603 | 
     | picorv32_core_g88335__2883                   | D ^ -> Y ^   | AND4XL    | 0.044 |   0.464 |    2.647 | 
     | picorv32_core_g88333__9315                   | D ^ -> Y ^   | AND4X1    | 0.039 |   0.503 |    2.686 | 
     | picorv32_core_g88331__4733                   | D ^ -> Y v   | NAND4XL   | 0.026 |   0.529 |    2.712 | 
     | picorv32_core_g88330__7482                   | B v -> Y ^   | NOR2BX1   | 0.087 |   0.617 |    2.800 | 
     | picorv32_core_g88328__1881                   | D ^ -> Y ^   | OR4X1     | 0.032 |   0.648 |    2.831 | 
     | picorv32_core_g88326__6131                   | B ^ -> Y v   | NAND2BX1  | 0.032 |   0.680 |    2.863 | 
     | picorv32_core_g88325__7098                   | AN v -> Y v  | NAND2BX1  | 0.026 |   0.706 |    2.889 | 
     | picorv32_core_g88323__5122                   | AN v -> Y v  | NAND2BX1  | 0.019 |   0.724 |    2.907 | 
     | picorv32_core_g88322__1705                   | B v -> Y v   | OR2X1     | 0.075 |   0.800 |    2.983 | 
     | picorv32_core_g88320__1617                   | B v -> Y ^   | NOR2BX1   | 0.054 |   0.854 |    3.037 | 
     | picorv32_core_add_1569_33_Y_add_1552_33_g763 | B ^ -> CO ^  | ADDHX1    | 0.029 |   0.882 |    3.065 | 
     | picorv32_core_add_1569_33_Y_add_1552_33_g762 | CI ^ -> CO ^ | ADDFX1    | 0.031 |   0.914 |    3.097 | 
     | picorv32_core_add_1569_33_Y_add_1552_33_g761 | CI ^ -> CO ^ | ADDFX1    | 0.031 |   0.945 |    3.128 | 
     | picorv32_core_add_1569_33_Y_add_1552_33_g760 | CI ^ -> CO ^ | ADDFX1    | 0.032 |   0.976 |    3.159 | 
     | picorv32_core_add_1569_33_Y_add_1552_33_g759 | CI ^ -> CO ^ | ADDFX1    | 0.031 |   1.008 |    3.191 | 
     | picorv32_core_add_1569_33_Y_add_1552_33_g758 | CI ^ -> CO ^ | ADDFX1    | 0.032 |   1.040 |    3.223 | 
     | picorv32_core_add_1569_33_Y_add_1552_33_g757 | CI ^ -> CO ^ | ADDFX1    | 0.032 |   1.072 |    3.255 | 
     | picorv32_core_add_1569_33_Y_add_1552_33_g756 | CI ^ -> CO ^ | ADDFX1    | 0.033 |   1.105 |    3.288 | 
     | picorv32_core_add_1569_33_Y_add_1552_33_g755 | CI ^ -> CO ^ | ADDFX1    | 0.031 |   1.136 |    3.319 | 
     | picorv32_core_add_1569_33_Y_add_1552_33_g754 | CI ^ -> CO ^ | ADDFX1    | 0.032 |   1.167 |    3.350 | 
     | picorv32_core_add_1569_33_Y_add_1552_33_g753 | CI ^ -> CO ^ | ADDFX1    | 0.031 |   1.198 |    3.381 | 
     | picorv32_core_add_1569_33_Y_add_1552_33_g752 | CI ^ -> CO ^ | ADDFX1    | 0.033 |   1.231 |    3.414 | 
     | picorv32_core_add_1569_33_Y_add_1552_33_g751 | CI ^ -> CO ^ | ADDFX1    | 0.031 |   1.262 |    3.445 | 
     | picorv32_core_add_1569_33_Y_add_1552_33_g750 | CI ^ -> CO ^ | ADDFX1    | 0.032 |   1.295 |    3.478 | 
     | picorv32_core_add_1569_33_Y_add_1552_33_g749 | CI ^ -> CO ^ | ADDFX1    | 0.032 |   1.327 |    3.510 | 
     | picorv32_core_add_1569_33_Y_add_1552_33_g748 | CI ^ -> CO ^ | ADDFX1    | 0.031 |   1.358 |    3.541 | 
     | picorv32_core_add_1569_33_Y_add_1552_33_g747 | CI ^ -> CO ^ | ADDFX1    | 0.032 |   1.390 |    3.573 | 
     | picorv32_core_add_1569_33_Y_add_1552_33_g746 | CI ^ -> CO ^ | ADDFX1    | 0.032 |   1.422 |    3.605 | 
     | picorv32_core_add_1569_33_Y_add_1552_33_g745 | CI ^ -> CO ^ | ADDFX1    | 0.034 |   1.456 |    3.639 | 
     | picorv32_core_add_1569_33_Y_add_1552_33_g744 | CI ^ -> CO ^ | ADDFX1    | 0.032 |   1.488 |    3.671 | 
     | picorv32_core_add_1569_33_Y_add_1552_33_g743 | CI ^ -> CO ^ | ADDFX1    | 0.032 |   1.520 |    3.703 | 
     | picorv32_core_add_1569_33_Y_add_1552_33_g742 | CI ^ -> CO ^ | ADDFX1    | 0.033 |   1.553 |    3.736 | 
     | picorv32_core_add_1569_33_Y_add_1552_33_g741 | CI ^ -> CO ^ | ADDFX1    | 0.032 |   1.585 |    3.768 | 
     | picorv32_core_add_1569_33_Y_add_1552_33_g740 | CI ^ -> CO ^ | ADDFX1    | 0.034 |   1.619 |    3.802 | 
     | picorv32_core_add_1569_33_Y_add_1552_33_g739 | CI ^ -> CO ^ | ADDFX1    | 0.032 |   1.651 |    3.834 | 
     | picorv32_core_add_1569_33_Y_add_1552_33_g738 | CI ^ -> CO ^ | ADDFX1    | 0.031 |   1.683 |    3.866 | 
     | picorv32_core_add_1569_33_Y_add_1552_33_g737 | CI ^ -> CO ^ | ADDFX1    | 0.032 |   1.715 |    3.898 | 
     | picorv32_core_add_1569_33_Y_add_1552_33_g736 | CI ^ -> S v  | ADDFX1    | 0.047 |   1.761 |    3.944 | 
     | picorv32_core_g190251__7410                  | B1 v -> Y ^  | AOI22X1   | 0.015 |   1.776 |    3.959 | 
     | picorv32_core_g190219__9945                  | B0 ^ -> Y v  | OAI2BB1X1 | 0.019 |   1.795 |    3.978 | 
     | picorv32_core_reg_next_pc_reg[28]            | D v          | DFFHQX1   | 0.000 |   1.795 |    3.978 | 
     +------------------------------------------------------------------------------------------------------+ 
Path 28: MET Setup Check with Pin picorv32_core_genblk1.pcpi_mul_rd_reg[40]/CK 
Endpoint:   picorv32_core_genblk1.pcpi_mul_rd_reg[40]/D (^) checked with  
leading edge of 'clk'
Beginpoint: picorv32_core_genblk1.pcpi_mul_rs2_reg[5]/Q (^) triggered by  
leading edge of 'clk'
Path Groups: {reg2reg}
Analysis View: analysis1
Other End Arrival Time          0.002
- Setup                         0.013
+ Phase Shift                   4.000
- Uncertainty                   0.020
= Required Time                 3.969
- Arrival Time                  1.761
= Slack Time                    2.208
     Clock Rise Edge                 0.000
     + Clock Network Latency (Prop)  0.002
     = Beginpoint Arrival Time       0.002
     +-----------------------------------------------------------------------------------------------------------+ 
     |                      Instance                      |     Arc      |   Cell   | Delay | Arrival | Required | 
     |                                                    |              |          |       |  Time   |   Time   | 
     |----------------------------------------------------+--------------+----------+-------+---------+----------| 
     | picorv32_core_genblk1.pcpi_mul_rs2_reg[5]          | CK ^         |          |       |   0.002 |    2.210 | 
     | picorv32_core_genblk1.pcpi_mul_rs2_reg[5]          | CK ^ -> Q ^  | MDFFHQX1 | 0.132 |   0.134 |    2.342 | 
     | picorv32_core_genblk1.pcpi_mul_mul_2371_47_g14046  | A ^ -> Y v   | INVX1    | 0.055 |   0.190 |    2.398 | 
     | picorv32_core_genblk1.pcpi_mul_mul_2371_47_g13987  | B v -> Y ^   | XNOR2X1  | 0.031 |   0.221 |    2.428 | 
     | picorv32_core_genblk1.pcpi_mul_mul_2371_47_g13897  | A ^ -> Y ^   | OR2X1    | 0.082 |   0.303 |    2.511 | 
     | picorv32_core_genblk1.pcpi_mul_mul_2371_47_g13890  | A ^ -> Y v   | INVX1    | 0.053 |   0.356 |    2.564 | 
     | picorv32_core_genblk1.pcpi_mul_mul_2371_47_g13740  | A1 v -> Y ^  | OAI21X1  | 0.029 |   0.384 |    2.592 | 
     | picorv32_core_genblk1.pcpi_mul_mul_2371_47_g13494  | B ^ -> Y ^   | XNOR2X1  | 0.025 |   0.409 |    2.617 | 
     | picorv32_core_genblk1.pcpi_mul_mul_2371_47_g13440  | B ^ -> S v   | ADDHX1   | 0.031 |   0.440 |    2.648 | 
     | picorv32_core_genblk1.pcpi_mul_mul_2371_47_cdnfadd | A v -> CO v  | ADDFX1   | 0.036 |   0.476 |    2.684 | 
     | 3                                                  |              |          |       |         |          | 
     | picorv32_core_genblk1.pcpi_mul_mul_2371_47_cdnfadd | CI v -> CO v | ADDFX1   | 0.035 |   0.511 |    2.719 | 
     | 4                                                  |              |          |       |         |          | 
     | picorv32_core_genblk1.pcpi_mul_mul_2371_47_cdnfadd | CI v -> CO v | ADDFX1   | 0.035 |   0.546 |    2.753 | 
     | 5                                                  |              |          |       |         |          | 
     | picorv32_core_genblk1.pcpi_mul_mul_2371_47_cdnfadd | CI v -> CO v | ADDFX1   | 0.034 |   0.580 |    2.787 | 
     | 6                                                  |              |          |       |         |          | 
     | picorv32_core_genblk1.pcpi_mul_mul_2371_47_cdnfadd | CI v -> CO v | ADDFX1   | 0.034 |   0.614 |    2.822 | 
     | 7                                                  |              |          |       |         |          | 
     | picorv32_core_genblk1.pcpi_mul_mul_2371_47_cdnfadd | CI v -> CO v | ADDFX1   | 0.034 |   0.648 |    2.856 | 
     | 8                                                  |              |          |       |         |          | 
     | picorv32_core_genblk1.pcpi_mul_mul_2371_47_cdnfadd | CI v -> CO v | ADDFX1   | 0.034 |   0.682 |    2.890 | 
     | 9                                                  |              |          |       |         |          | 
     | picorv32_core_genblk1.pcpi_mul_mul_2371_47_cdnfadd | CI v -> CO v | ADDFX1   | 0.034 |   0.716 |    2.924 | 
     | 10                                                 |              |          |       |         |          | 
     | picorv32_core_genblk1.pcpi_mul_mul_2371_47_cdnfadd | CI v -> CO v | ADDFX1   | 0.034 |   0.750 |    2.957 | 
     | 11                                                 |              |          |       |         |          | 
     | picorv32_core_genblk1.pcpi_mul_mul_2371_47_cdnfadd | CI v -> CO v | ADDFX1   | 0.035 |   0.784 |    2.992 | 
     | 12                                                 |              |          |       |         |          | 
     | picorv32_core_genblk1.pcpi_mul_mul_2371_47_cdnfadd | CI v -> CO v | ADDFX1   | 0.034 |   0.818 |    3.026 | 
     | 13                                                 |              |          |       |         |          | 
     | picorv32_core_genblk1.pcpi_mul_mul_2371_47_cdnfadd | CI v -> CO v | ADDFX1   | 0.034 |   0.852 |    3.060 | 
     | 14                                                 |              |          |       |         |          | 
     | picorv32_core_genblk1.pcpi_mul_mul_2371_47_cdnfadd | CI v -> CO v | ADDFX1   | 0.033 |   0.886 |    3.093 | 
     | 15                                                 |              |          |       |         |          | 
     | picorv32_core_genblk1.pcpi_mul_mul_2371_47_cdnfadd | CI v -> CO v | ADDFX1   | 0.034 |   0.919 |    3.127 | 
     | 16                                                 |              |          |       |         |          | 
     | picorv32_core_genblk1.pcpi_mul_mul_2371_47_cdnfadd | CI v -> CO v | ADDFX1   | 0.034 |   0.953 |    3.161 | 
     | 17                                                 |              |          |       |         |          | 
     | picorv32_core_genblk1.pcpi_mul_mul_2371_47_cdnfadd | CI v -> CO v | ADDFX1   | 0.034 |   0.987 |    3.195 | 
     | 18                                                 |              |          |       |         |          | 
     | picorv32_core_genblk1.pcpi_mul_mul_2371_47_cdnfadd | CI v -> CO v | ADDFX1   | 0.034 |   1.021 |    3.229 | 
     | 19                                                 |              |          |       |         |          | 
     | picorv32_core_genblk1.pcpi_mul_mul_2371_47_cdnfadd | CI v -> CO v | ADDFX1   | 0.035 |   1.056 |    3.264 | 
     | 20                                                 |              |          |       |         |          | 
     | picorv32_core_genblk1.pcpi_mul_mul_2371_47_cdnfadd | CI v -> CO v | ADDFX1   | 0.034 |   1.090 |    3.298 | 
     | 21                                                 |              |          |       |         |          | 
     | picorv32_core_genblk1.pcpi_mul_mul_2371_47_cdnfadd | CI v -> CO v | ADDFX1   | 0.034 |   1.124 |    3.332 | 
     | 22                                                 |              |          |       |         |          | 
     | picorv32_core_genblk1.pcpi_mul_mul_2371_47_cdnfadd | CI v -> CO v | ADDFX1   | 0.034 |   1.158 |    3.366 | 
     | 23                                                 |              |          |       |         |          | 
     | picorv32_core_genblk1.pcpi_mul_mul_2371_47_cdnfadd | CI v -> CO v | ADDFX1   | 0.036 |   1.194 |    3.401 | 
     | 24                                                 |              |          |       |         |          | 
     | picorv32_core_genblk1.pcpi_mul_mul_2371_47_cdnfadd | CI v -> CO v | ADDFX1   | 0.035 |   1.229 |    3.436 | 
     | 25                                                 |              |          |       |         |          | 
     | picorv32_core_genblk1.pcpi_mul_mul_2371_47_cdnfadd | CI v -> CO v | ADDFX1   | 0.033 |   1.262 |    3.470 | 
     | 26                                                 |              |          |       |         |          | 
     | picorv32_core_genblk1.pcpi_mul_mul_2371_47_cdnfadd | CI v -> CO v | ADDFX1   | 0.034 |   1.296 |    3.504 | 
     | 27                                                 |              |          |       |         |          | 
     | picorv32_core_genblk1.pcpi_mul_mul_2371_47_cdnfadd | CI v -> CO v | ADDFX1   | 0.034 |   1.330 |    3.538 | 
     | 28                                                 |              |          |       |         |          | 
     | picorv32_core_genblk1.pcpi_mul_mul_2371_47_cdnfadd | CI v -> CO v | ADDFX1   | 0.035 |   1.365 |    3.573 | 
     | 29                                                 |              |          |       |         |          | 
     | picorv32_core_genblk1.pcpi_mul_mul_2371_47_cdnfadd | CI v -> CO v | ADDFX1   | 0.035 |   1.400 |    3.608 | 
     | 30                                                 |              |          |       |         |          | 
     | picorv32_core_genblk1.pcpi_mul_mul_2371_47_cdnfadd | CI v -> CO v | ADDFX1   | 0.039 |   1.439 |    3.647 | 
     | 31                                                 |              |          |       |         |          | 
     | picorv32_core_genblk1.pcpi_mul_mul_2371_47_cdnfadd | CI v -> CO v | ADDFX1   | 0.036 |   1.476 |    3.683 | 
     | 32                                                 |              |          |       |         |          | 
     | picorv32_core_genblk1.pcpi_mul_mul_2371_47_cdnfadd | CI v -> CO v | ADDFX1   | 0.035 |   1.510 |    3.718 | 
     | 33                                                 |              |          |       |         |          | 
     | picorv32_core_genblk1.pcpi_mul_mul_2371_47_cdnfadd | CI v -> CO v | ADDFX1   | 0.035 |   1.545 |    3.753 | 
     | 34                                                 |              |          |       |         |          | 
     | picorv32_core_genblk1.pcpi_mul_mul_2371_47_cdnfadd | CI v -> CO v | ADDFX1   | 0.034 |   1.580 |    3.787 | 
     | 35                                                 |              |          |       |         |          | 
     | picorv32_core_genblk1.pcpi_mul_mul_2371_47_cdnfadd | CI v -> CO v | ADDFX1   | 0.034 |   1.613 |    3.821 | 
     | 36                                                 |              |          |       |         |          | 
     | picorv32_core_genblk1.pcpi_mul_mul_2371_47_cdnfadd | CI v -> CO v | ADDFX1   | 0.034 |   1.647 |    3.854 | 
     | 37                                                 |              |          |       |         |          | 
     | picorv32_core_genblk1.pcpi_mul_mul_2371_47_cdnfadd | CI v -> CO v | ADDFX1   | 0.033 |   1.680 |    3.888 | 
     | 38                                                 |              |          |       |         |          | 
     | picorv32_core_genblk1.pcpi_mul_mul_2371_47_cdnfadd | CI v -> CO v | ADDFX1   | 0.034 |   1.714 |    3.921 | 
     | 39                                                 |              |          |       |         |          | 
     | picorv32_core_genblk1.pcpi_mul_mul_2371_47_cdnfadd | CI v -> S ^  | ADDFX1   | 0.048 |   1.761 |    3.969 | 
     | 40                                                 |              |          |       |         |          | 
     | picorv32_core_genblk1.pcpi_mul_rd_reg[40]          | D ^          | DFFQXL   | 0.000 |   1.761 |    3.969 | 
     +-----------------------------------------------------------------------------------------------------------+ 
Path 29: MET Setup Check with Pin picorv32_core_reg_next_pc_reg[27]/CK 
Endpoint:   picorv32_core_reg_next_pc_reg[27]/D (v) checked with  leading edge 
of 'clk'
Beginpoint: picorv32_core_irq_mask_reg[12]/Q    (^) triggered by  leading edge 
of 'clk'
Path Groups: {reg2reg}
Analysis View: analysis1
Other End Arrival Time          0.004
- Setup                         0.005
+ Phase Shift                   4.000
- Uncertainty                   0.020
= Required Time                 3.978
- Arrival Time                  1.765
= Slack Time                    2.214
     Clock Rise Edge                 0.000
     + Clock Network Latency (Prop)  0.001
     = Beginpoint Arrival Time       0.001
     +------------------------------------------------------------------------------------------------------+ 
     |                   Instance                   |     Arc      |   Cell    | Delay | Arrival | Required | 
     |                                              |              |           |       |  Time   |   Time   | 
     |----------------------------------------------+--------------+-----------+-------+---------+----------| 
     | picorv32_core_irq_mask_reg[12]               | CK ^         |           |       |   0.001 |    2.214 | 
     | picorv32_core_irq_mask_reg[12]               | CK ^ -> Q ^  | DFFHQX1   | 0.044 |   0.045 |    2.258 | 
     | picorv32_core_g88708__2883                   | AN ^ -> Y ^  | NAND2BX1  | 0.038 |   0.083 |    2.296 | 
     | picorv32_core_g88395__5115                   | B ^ -> Y ^   | AND4XL    | 0.044 |   0.127 |    2.340 | 
     | picorv32_core_g88377__2398                   | D ^ -> Y ^   | AND4XL    | 0.035 |   0.161 |    2.375 | 
     | picorv32_core_g88366__6161                   | D ^ -> Y ^   | AND4XL    | 0.041 |   0.202 |    2.416 | 
     | picorv32_core_g88356__5122                   | D ^ -> Y ^   | AND4XL    | 0.058 |   0.260 |    2.474 | 
     | picorv32_core_g88349__6783                   | D ^ -> Y ^   | AND4XL    | 0.052 |   0.312 |    2.526 | 
     | picorv32_core_g88343__6260                   | D ^ -> Y ^   | AND4XL    | 0.064 |   0.376 |    2.590 | 
     | picorv32_core_g88337__1666                   | D ^ -> Y ^   | AND4XL    | 0.044 |   0.420 |    2.634 | 
     | picorv32_core_g88335__2883                   | D ^ -> Y ^   | AND4XL    | 0.044 |   0.464 |    2.677 | 
     | picorv32_core_g88333__9315                   | D ^ -> Y ^   | AND4X1    | 0.039 |   0.503 |    2.717 | 
     | picorv32_core_g88331__4733                   | D ^ -> Y v   | NAND4XL   | 0.026 |   0.529 |    2.743 | 
     | picorv32_core_g88330__7482                   | B v -> Y ^   | NOR2BX1   | 0.087 |   0.617 |    2.830 | 
     | picorv32_core_g88328__1881                   | D ^ -> Y ^   | OR4X1     | 0.032 |   0.648 |    2.862 | 
     | picorv32_core_g88326__6131                   | B ^ -> Y v   | NAND2BX1  | 0.032 |   0.680 |    2.894 | 
     | picorv32_core_g88325__7098                   | AN v -> Y v  | NAND2BX1  | 0.026 |   0.706 |    2.919 | 
     | picorv32_core_g88323__5122                   | AN v -> Y v  | NAND2BX1  | 0.019 |   0.724 |    2.938 | 
     | picorv32_core_g88322__1705                   | B v -> Y v   | OR2X1     | 0.075 |   0.800 |    3.013 | 
     | picorv32_core_g88320__1617                   | B v -> Y ^   | NOR2BX1   | 0.054 |   0.854 |    3.067 | 
     | picorv32_core_add_1569_33_Y_add_1552_33_g763 | B ^ -> CO ^  | ADDHX1    | 0.029 |   0.882 |    3.096 | 
     | picorv32_core_add_1569_33_Y_add_1552_33_g762 | CI ^ -> CO ^ | ADDFX1    | 0.031 |   0.914 |    3.127 | 
     | picorv32_core_add_1569_33_Y_add_1552_33_g761 | CI ^ -> CO ^ | ADDFX1    | 0.031 |   0.945 |    3.158 | 
     | picorv32_core_add_1569_33_Y_add_1552_33_g760 | CI ^ -> CO ^ | ADDFX1    | 0.032 |   0.976 |    3.190 | 
     | picorv32_core_add_1569_33_Y_add_1552_33_g759 | CI ^ -> CO ^ | ADDFX1    | 0.031 |   1.008 |    3.221 | 
     | picorv32_core_add_1569_33_Y_add_1552_33_g758 | CI ^ -> CO ^ | ADDFX1    | 0.032 |   1.040 |    3.254 | 
     | picorv32_core_add_1569_33_Y_add_1552_33_g757 | CI ^ -> CO ^ | ADDFX1    | 0.032 |   1.072 |    3.286 | 
     | picorv32_core_add_1569_33_Y_add_1552_33_g756 | CI ^ -> CO ^ | ADDFX1    | 0.033 |   1.105 |    3.318 | 
     | picorv32_core_add_1569_33_Y_add_1552_33_g755 | CI ^ -> CO ^ | ADDFX1    | 0.031 |   1.136 |    3.349 | 
     | picorv32_core_add_1569_33_Y_add_1552_33_g754 | CI ^ -> CO ^ | ADDFX1    | 0.032 |   1.167 |    3.381 | 
     | picorv32_core_add_1569_33_Y_add_1552_33_g753 | CI ^ -> CO ^ | ADDFX1    | 0.031 |   1.198 |    3.412 | 
     | picorv32_core_add_1569_33_Y_add_1552_33_g752 | CI ^ -> CO ^ | ADDFX1    | 0.033 |   1.231 |    3.445 | 
     | picorv32_core_add_1569_33_Y_add_1552_33_g751 | CI ^ -> CO ^ | ADDFX1    | 0.031 |   1.262 |    3.476 | 
     | picorv32_core_add_1569_33_Y_add_1552_33_g750 | CI ^ -> CO ^ | ADDFX1    | 0.032 |   1.295 |    3.508 | 
     | picorv32_core_add_1569_33_Y_add_1552_33_g749 | CI ^ -> CO ^ | ADDFX1    | 0.032 |   1.327 |    3.540 | 
     | picorv32_core_add_1569_33_Y_add_1552_33_g748 | CI ^ -> CO ^ | ADDFX1    | 0.031 |   1.358 |    3.572 | 
     | picorv32_core_add_1569_33_Y_add_1552_33_g747 | CI ^ -> CO ^ | ADDFX1    | 0.032 |   1.390 |    3.604 | 
     | picorv32_core_add_1569_33_Y_add_1552_33_g746 | CI ^ -> CO ^ | ADDFX1    | 0.032 |   1.422 |    3.636 | 
     | picorv32_core_add_1569_33_Y_add_1552_33_g745 | CI ^ -> CO ^ | ADDFX1    | 0.034 |   1.456 |    3.670 | 
     | picorv32_core_add_1569_33_Y_add_1552_33_g744 | CI ^ -> CO ^ | ADDFX1    | 0.032 |   1.488 |    3.701 | 
     | picorv32_core_add_1569_33_Y_add_1552_33_g743 | CI ^ -> CO ^ | ADDFX1    | 0.032 |   1.520 |    3.733 | 
     | picorv32_core_add_1569_33_Y_add_1552_33_g742 | CI ^ -> CO ^ | ADDFX1    | 0.033 |   1.553 |    3.766 | 
     | picorv32_core_add_1569_33_Y_add_1552_33_g741 | CI ^ -> CO ^ | ADDFX1    | 0.032 |   1.585 |    3.798 | 
     | picorv32_core_add_1569_33_Y_add_1552_33_g740 | CI ^ -> CO ^ | ADDFX1    | 0.034 |   1.619 |    3.833 | 
     | picorv32_core_add_1569_33_Y_add_1552_33_g739 | CI ^ -> CO ^ | ADDFX1    | 0.032 |   1.651 |    3.865 | 
     | picorv32_core_add_1569_33_Y_add_1552_33_g738 | CI ^ -> CO ^ | ADDFX1    | 0.031 |   1.683 |    3.896 | 
     | picorv32_core_add_1569_33_Y_add_1552_33_g737 | CI ^ -> S v  | ADDFX1    | 0.047 |   1.730 |    3.943 | 
     | picorv32_core_g190250__1666                  | B1 v -> Y ^  | AOI22X1   | 0.015 |   1.745 |    3.959 | 
     | picorv32_core_g190220__2883                  | B0 ^ -> Y v  | OAI2BB1X1 | 0.020 |   1.765 |    3.978 | 
     | picorv32_core_reg_next_pc_reg[27]            | D v          | DFFHQX1   | 0.000 |   1.765 |    3.978 | 
     +------------------------------------------------------------------------------------------------------+ 
Path 30: MET Setup Check with Pin picorv32_core_genblk1.pcpi_mul_rd_reg[39]/CK 
Endpoint:   picorv32_core_genblk1.pcpi_mul_rd_reg[39]/D (^) checked with  
leading edge of 'clk'
Beginpoint: picorv32_core_genblk1.pcpi_mul_rs2_reg[5]/Q (^) triggered by  
leading edge of 'clk'
Path Groups: {reg2reg}
Analysis View: analysis1
Other End Arrival Time          0.002
- Setup                         0.013
+ Phase Shift                   4.000
- Uncertainty                   0.020
= Required Time                 3.969
- Arrival Time                  1.729
= Slack Time                    2.240
     Clock Rise Edge                 0.000
     + Clock Network Latency (Prop)  0.002
     = Beginpoint Arrival Time       0.002
     +-----------------------------------------------------------------------------------------------------------+ 
     |                      Instance                      |     Arc      |   Cell   | Delay | Arrival | Required | 
     |                                                    |              |          |       |  Time   |   Time   | 
     |----------------------------------------------------+--------------+----------+-------+---------+----------| 
     | picorv32_core_genblk1.pcpi_mul_rs2_reg[5]          | CK ^         |          |       |   0.002 |    2.242 | 
     | picorv32_core_genblk1.pcpi_mul_rs2_reg[5]          | CK ^ -> Q ^  | MDFFHQX1 | 0.132 |   0.134 |    2.374 | 
     | picorv32_core_genblk1.pcpi_mul_mul_2371_47_g14046  | A ^ -> Y v   | INVX1    | 0.055 |   0.190 |    2.430 | 
     | picorv32_core_genblk1.pcpi_mul_mul_2371_47_g13987  | B v -> Y ^   | XNOR2X1  | 0.031 |   0.221 |    2.460 | 
     | picorv32_core_genblk1.pcpi_mul_mul_2371_47_g13897  | A ^ -> Y ^   | OR2X1    | 0.082 |   0.303 |    2.543 | 
     | picorv32_core_genblk1.pcpi_mul_mul_2371_47_g13890  | A ^ -> Y v   | INVX1    | 0.053 |   0.356 |    2.596 | 
     | picorv32_core_genblk1.pcpi_mul_mul_2371_47_g13740  | A1 v -> Y ^  | OAI21X1  | 0.029 |   0.384 |    2.624 | 
     | picorv32_core_genblk1.pcpi_mul_mul_2371_47_g13494  | B ^ -> Y ^   | XNOR2X1  | 0.025 |   0.409 |    2.649 | 
     | picorv32_core_genblk1.pcpi_mul_mul_2371_47_g13440  | B ^ -> S v   | ADDHX1   | 0.031 |   0.440 |    2.680 | 
     | picorv32_core_genblk1.pcpi_mul_mul_2371_47_cdnfadd | A v -> CO v  | ADDFX1   | 0.036 |   0.476 |    2.716 | 
     | 3                                                  |              |          |       |         |          | 
     | picorv32_core_genblk1.pcpi_mul_mul_2371_47_cdnfadd | CI v -> CO v | ADDFX1   | 0.035 |   0.511 |    2.751 | 
     | 4                                                  |              |          |       |         |          | 
     | picorv32_core_genblk1.pcpi_mul_mul_2371_47_cdnfadd | CI v -> CO v | ADDFX1   | 0.035 |   0.546 |    2.785 | 
     | 5                                                  |              |          |       |         |          | 
     | picorv32_core_genblk1.pcpi_mul_mul_2371_47_cdnfadd | CI v -> CO v | ADDFX1   | 0.034 |   0.580 |    2.819 | 
     | 6                                                  |              |          |       |         |          | 
     | picorv32_core_genblk1.pcpi_mul_mul_2371_47_cdnfadd | CI v -> CO v | ADDFX1   | 0.034 |   0.614 |    2.854 | 
     | 7                                                  |              |          |       |         |          | 
     | picorv32_core_genblk1.pcpi_mul_mul_2371_47_cdnfadd | CI v -> CO v | ADDFX1   | 0.034 |   0.648 |    2.888 | 
     | 8                                                  |              |          |       |         |          | 
     | picorv32_core_genblk1.pcpi_mul_mul_2371_47_cdnfadd | CI v -> CO v | ADDFX1   | 0.034 |   0.682 |    2.922 | 
     | 9                                                  |              |          |       |         |          | 
     | picorv32_core_genblk1.pcpi_mul_mul_2371_47_cdnfadd | CI v -> CO v | ADDFX1   | 0.034 |   0.716 |    2.956 | 
     | 10                                                 |              |          |       |         |          | 
     | picorv32_core_genblk1.pcpi_mul_mul_2371_47_cdnfadd | CI v -> CO v | ADDFX1   | 0.034 |   0.750 |    2.989 | 
     | 11                                                 |              |          |       |         |          | 
     | picorv32_core_genblk1.pcpi_mul_mul_2371_47_cdnfadd | CI v -> CO v | ADDFX1   | 0.035 |   0.784 |    3.024 | 
     | 12                                                 |              |          |       |         |          | 
     | picorv32_core_genblk1.pcpi_mul_mul_2371_47_cdnfadd | CI v -> CO v | ADDFX1   | 0.034 |   0.818 |    3.058 | 
     | 13                                                 |              |          |       |         |          | 
     | picorv32_core_genblk1.pcpi_mul_mul_2371_47_cdnfadd | CI v -> CO v | ADDFX1   | 0.034 |   0.852 |    3.092 | 
     | 14                                                 |              |          |       |         |          | 
     | picorv32_core_genblk1.pcpi_mul_mul_2371_47_cdnfadd | CI v -> CO v | ADDFX1   | 0.033 |   0.886 |    3.125 | 
     | 15                                                 |              |          |       |         |          | 
     | picorv32_core_genblk1.pcpi_mul_mul_2371_47_cdnfadd | CI v -> CO v | ADDFX1   | 0.034 |   0.919 |    3.159 | 
     | 16                                                 |              |          |       |         |          | 
     | picorv32_core_genblk1.pcpi_mul_mul_2371_47_cdnfadd | CI v -> CO v | ADDFX1   | 0.034 |   0.953 |    3.193 | 
     | 17                                                 |              |          |       |         |          | 
     | picorv32_core_genblk1.pcpi_mul_mul_2371_47_cdnfadd | CI v -> CO v | ADDFX1   | 0.034 |   0.987 |    3.227 | 
     | 18                                                 |              |          |       |         |          | 
     | picorv32_core_genblk1.pcpi_mul_mul_2371_47_cdnfadd | CI v -> CO v | ADDFX1   | 0.034 |   1.021 |    3.261 | 
     | 19                                                 |              |          |       |         |          | 
     | picorv32_core_genblk1.pcpi_mul_mul_2371_47_cdnfadd | CI v -> CO v | ADDFX1   | 0.035 |   1.056 |    3.296 | 
     | 20                                                 |              |          |       |         |          | 
     | picorv32_core_genblk1.pcpi_mul_mul_2371_47_cdnfadd | CI v -> CO v | ADDFX1   | 0.034 |   1.090 |    3.330 | 
     | 21                                                 |              |          |       |         |          | 
     | picorv32_core_genblk1.pcpi_mul_mul_2371_47_cdnfadd | CI v -> CO v | ADDFX1   | 0.034 |   1.124 |    3.364 | 
     | 22                                                 |              |          |       |         |          | 
     | picorv32_core_genblk1.pcpi_mul_mul_2371_47_cdnfadd | CI v -> CO v | ADDFX1   | 0.034 |   1.158 |    3.398 | 
     | 23                                                 |              |          |       |         |          | 
     | picorv32_core_genblk1.pcpi_mul_mul_2371_47_cdnfadd | CI v -> CO v | ADDFX1   | 0.036 |   1.194 |    3.433 | 
     | 24                                                 |              |          |       |         |          | 
     | picorv32_core_genblk1.pcpi_mul_mul_2371_47_cdnfadd | CI v -> CO v | ADDFX1   | 0.035 |   1.229 |    3.468 | 
     | 25                                                 |              |          |       |         |          | 
     | picorv32_core_genblk1.pcpi_mul_mul_2371_47_cdnfadd | CI v -> CO v | ADDFX1   | 0.033 |   1.262 |    3.502 | 
     | 26                                                 |              |          |       |         |          | 
     | picorv32_core_genblk1.pcpi_mul_mul_2371_47_cdnfadd | CI v -> CO v | ADDFX1   | 0.034 |   1.296 |    3.536 | 
     | 27                                                 |              |          |       |         |          | 
     | picorv32_core_genblk1.pcpi_mul_mul_2371_47_cdnfadd | CI v -> CO v | ADDFX1   | 0.034 |   1.330 |    3.570 | 
     | 28                                                 |              |          |       |         |          | 
     | picorv32_core_genblk1.pcpi_mul_mul_2371_47_cdnfadd | CI v -> CO v | ADDFX1   | 0.035 |   1.365 |    3.605 | 
     | 29                                                 |              |          |       |         |          | 
     | picorv32_core_genblk1.pcpi_mul_mul_2371_47_cdnfadd | CI v -> CO v | ADDFX1   | 0.035 |   1.400 |    3.640 | 
     | 30                                                 |              |          |       |         |          | 
     | picorv32_core_genblk1.pcpi_mul_mul_2371_47_cdnfadd | CI v -> CO v | ADDFX1   | 0.039 |   1.439 |    3.679 | 
     | 31                                                 |              |          |       |         |          | 
     | picorv32_core_genblk1.pcpi_mul_mul_2371_47_cdnfadd | CI v -> CO v | ADDFX1   | 0.036 |   1.476 |    3.715 | 
     | 32                                                 |              |          |       |         |          | 
     | picorv32_core_genblk1.pcpi_mul_mul_2371_47_cdnfadd | CI v -> CO v | ADDFX1   | 0.035 |   1.510 |    3.750 | 
     | 33                                                 |              |          |       |         |          | 
     | picorv32_core_genblk1.pcpi_mul_mul_2371_47_cdnfadd | CI v -> CO v | ADDFX1   | 0.035 |   1.545 |    3.785 | 
     | 34                                                 |              |          |       |         |          | 
     | picorv32_core_genblk1.pcpi_mul_mul_2371_47_cdnfadd | CI v -> CO v | ADDFX1   | 0.034 |   1.580 |    3.819 | 
     | 35                                                 |              |          |       |         |          | 
     | picorv32_core_genblk1.pcpi_mul_mul_2371_47_cdnfadd | CI v -> CO v | ADDFX1   | 0.034 |   1.613 |    3.853 | 
     | 36                                                 |              |          |       |         |          | 
     | picorv32_core_genblk1.pcpi_mul_mul_2371_47_cdnfadd | CI v -> CO v | ADDFX1   | 0.034 |   1.647 |    3.886 | 
     | 37                                                 |              |          |       |         |          | 
     | picorv32_core_genblk1.pcpi_mul_mul_2371_47_cdnfadd | CI v -> CO v | ADDFX1   | 0.033 |   1.680 |    3.920 | 
     | 38                                                 |              |          |       |         |          | 
     | picorv32_core_genblk1.pcpi_mul_mul_2371_47_cdnfadd | CI v -> S ^  | ADDFX1   | 0.049 |   1.729 |    3.969 | 
     | 39                                                 |              |          |       |         |          | 
     | picorv32_core_genblk1.pcpi_mul_rd_reg[39]          | D ^          | DFFQXL   | 0.000 |   1.729 |    3.969 | 
     +-----------------------------------------------------------------------------------------------------------+ 
Path 31: MET Setup Check with Pin picorv32_core_reg_next_pc_reg[26]/CK 
Endpoint:   picorv32_core_reg_next_pc_reg[26]/D (v) checked with  leading edge 
of 'clk'
Beginpoint: picorv32_core_irq_mask_reg[12]/Q    (^) triggered by  leading edge 
of 'clk'
Path Groups: {reg2reg}
Analysis View: analysis1
Other End Arrival Time          0.004
- Setup                         0.005
+ Phase Shift                   4.000
- Uncertainty                   0.020
= Required Time                 3.978
- Arrival Time                  1.734
= Slack Time                    2.244
     Clock Rise Edge                 0.000
     + Clock Network Latency (Prop)  0.001
     = Beginpoint Arrival Time       0.001
     +------------------------------------------------------------------------------------------------------+ 
     |                   Instance                   |     Arc      |   Cell    | Delay | Arrival | Required | 
     |                                              |              |           |       |  Time   |   Time   | 
     |----------------------------------------------+--------------+-----------+-------+---------+----------| 
     | picorv32_core_irq_mask_reg[12]               | CK ^         |           |       |   0.001 |    2.245 | 
     | picorv32_core_irq_mask_reg[12]               | CK ^ -> Q ^  | DFFHQX1   | 0.044 |   0.045 |    2.289 | 
     | picorv32_core_g88708__2883                   | AN ^ -> Y ^  | NAND2BX1  | 0.038 |   0.083 |    2.327 | 
     | picorv32_core_g88395__5115                   | B ^ -> Y ^   | AND4XL    | 0.044 |   0.127 |    2.371 | 
     | picorv32_core_g88377__2398                   | D ^ -> Y ^   | AND4XL    | 0.035 |   0.161 |    2.406 | 
     | picorv32_core_g88366__6161                   | D ^ -> Y ^   | AND4XL    | 0.041 |   0.202 |    2.447 | 
     | picorv32_core_g88356__5122                   | D ^ -> Y ^   | AND4XL    | 0.058 |   0.260 |    2.504 | 
     | picorv32_core_g88349__6783                   | D ^ -> Y ^   | AND4XL    | 0.052 |   0.312 |    2.557 | 
     | picorv32_core_g88343__6260                   | D ^ -> Y ^   | AND4XL    | 0.064 |   0.376 |    2.621 | 
     | picorv32_core_g88337__1666                   | D ^ -> Y ^   | AND4XL    | 0.044 |   0.420 |    2.664 | 
     | picorv32_core_g88335__2883                   | D ^ -> Y ^   | AND4XL    | 0.044 |   0.464 |    2.708 | 
     | picorv32_core_g88333__9315                   | D ^ -> Y ^   | AND4X1    | 0.039 |   0.503 |    2.747 | 
     | picorv32_core_g88331__4733                   | D ^ -> Y v   | NAND4XL   | 0.026 |   0.529 |    2.774 | 
     | picorv32_core_g88330__7482                   | B v -> Y ^   | NOR2BX1   | 0.087 |   0.617 |    2.861 | 
     | picorv32_core_g88328__1881                   | D ^ -> Y ^   | OR4X1     | 0.032 |   0.648 |    2.893 | 
     | picorv32_core_g88326__6131                   | B ^ -> Y v   | NAND2BX1  | 0.032 |   0.680 |    2.925 | 
     | picorv32_core_g88325__7098                   | AN v -> Y v  | NAND2BX1  | 0.026 |   0.706 |    2.950 | 
     | picorv32_core_g88323__5122                   | AN v -> Y v  | NAND2BX1  | 0.019 |   0.724 |    2.969 | 
     | picorv32_core_g88322__1705                   | B v -> Y v   | OR2X1     | 0.075 |   0.800 |    3.044 | 
     | picorv32_core_g88320__1617                   | B v -> Y ^   | NOR2BX1   | 0.054 |   0.854 |    3.098 | 
     | picorv32_core_add_1569_33_Y_add_1552_33_g763 | B ^ -> CO ^  | ADDHX1    | 0.029 |   0.882 |    3.127 | 
     | picorv32_core_add_1569_33_Y_add_1552_33_g762 | CI ^ -> CO ^ | ADDFX1    | 0.031 |   0.914 |    3.158 | 
     | picorv32_core_add_1569_33_Y_add_1552_33_g761 | CI ^ -> CO ^ | ADDFX1    | 0.031 |   0.945 |    3.189 | 
     | picorv32_core_add_1569_33_Y_add_1552_33_g760 | CI ^ -> CO ^ | ADDFX1    | 0.032 |   0.976 |    3.221 | 
     | picorv32_core_add_1569_33_Y_add_1552_33_g759 | CI ^ -> CO ^ | ADDFX1    | 0.031 |   1.008 |    3.252 | 
     | picorv32_core_add_1569_33_Y_add_1552_33_g758 | CI ^ -> CO ^ | ADDFX1    | 0.032 |   1.040 |    3.285 | 
     | picorv32_core_add_1569_33_Y_add_1552_33_g757 | CI ^ -> CO ^ | ADDFX1    | 0.032 |   1.072 |    3.317 | 
     | picorv32_core_add_1569_33_Y_add_1552_33_g756 | CI ^ -> CO ^ | ADDFX1    | 0.033 |   1.105 |    3.349 | 
     | picorv32_core_add_1569_33_Y_add_1552_33_g755 | CI ^ -> CO ^ | ADDFX1    | 0.031 |   1.136 |    3.380 | 
     | picorv32_core_add_1569_33_Y_add_1552_33_g754 | CI ^ -> CO ^ | ADDFX1    | 0.032 |   1.167 |    3.412 | 
     | picorv32_core_add_1569_33_Y_add_1552_33_g753 | CI ^ -> CO ^ | ADDFX1    | 0.031 |   1.198 |    3.443 | 
     | picorv32_core_add_1569_33_Y_add_1552_33_g752 | CI ^ -> CO ^ | ADDFX1    | 0.033 |   1.231 |    3.476 | 
     | picorv32_core_add_1569_33_Y_add_1552_33_g751 | CI ^ -> CO ^ | ADDFX1    | 0.031 |   1.262 |    3.507 | 
     | picorv32_core_add_1569_33_Y_add_1552_33_g750 | CI ^ -> CO ^ | ADDFX1    | 0.032 |   1.295 |    3.539 | 
     | picorv32_core_add_1569_33_Y_add_1552_33_g749 | CI ^ -> CO ^ | ADDFX1    | 0.032 |   1.327 |    3.571 | 
     | picorv32_core_add_1569_33_Y_add_1552_33_g748 | CI ^ -> CO ^ | ADDFX1    | 0.031 |   1.358 |    3.603 | 
     | picorv32_core_add_1569_33_Y_add_1552_33_g747 | CI ^ -> CO ^ | ADDFX1    | 0.032 |   1.390 |    3.635 | 
     | picorv32_core_add_1569_33_Y_add_1552_33_g746 | CI ^ -> CO ^ | ADDFX1    | 0.032 |   1.422 |    3.666 | 
     | picorv32_core_add_1569_33_Y_add_1552_33_g745 | CI ^ -> CO ^ | ADDFX1    | 0.034 |   1.456 |    3.701 | 
     | picorv32_core_add_1569_33_Y_add_1552_33_g744 | CI ^ -> CO ^ | ADDFX1    | 0.032 |   1.488 |    3.732 | 
     | picorv32_core_add_1569_33_Y_add_1552_33_g743 | CI ^ -> CO ^ | ADDFX1    | 0.032 |   1.520 |    3.764 | 
     | picorv32_core_add_1569_33_Y_add_1552_33_g742 | CI ^ -> CO ^ | ADDFX1    | 0.033 |   1.553 |    3.797 | 
     | picorv32_core_add_1569_33_Y_add_1552_33_g741 | CI ^ -> CO ^ | ADDFX1    | 0.032 |   1.585 |    3.829 | 
     | picorv32_core_add_1569_33_Y_add_1552_33_g740 | CI ^ -> CO ^ | ADDFX1    | 0.034 |   1.619 |    3.864 | 
     | picorv32_core_add_1569_33_Y_add_1552_33_g739 | CI ^ -> CO ^ | ADDFX1    | 0.032 |   1.651 |    3.896 | 
     | picorv32_core_add_1569_33_Y_add_1552_33_g738 | CI ^ -> S v  | ADDFX1    | 0.047 |   1.698 |    3.942 | 
     | picorv32_core_g190249__2346                  | B1 v -> Y ^  | AOI22X1   | 0.015 |   1.713 |    3.958 | 
     | picorv32_core_g190218__9315                  | B0 ^ -> Y v  | OAI2BB1X1 | 0.020 |   1.734 |    3.978 | 
     | picorv32_core_reg_next_pc_reg[26]            | D v          | DFFHQX1   | 0.000 |   1.734 |    3.978 | 
     +------------------------------------------------------------------------------------------------------+ 
Path 32: MET Setup Check with Pin picorv32_core_reg_next_pc_reg[25]/CK 
Endpoint:   picorv32_core_reg_next_pc_reg[25]/D (v) checked with  leading edge 
of 'clk'
Beginpoint: picorv32_core_irq_mask_reg[12]/Q    (^) triggered by  leading edge 
of 'clk'
Path Groups: {reg2reg}
Analysis View: analysis1
Other End Arrival Time          0.004
- Setup                         0.005
+ Phase Shift                   4.000
- Uncertainty                   0.020
= Required Time                 3.978
- Arrival Time                  1.705
= Slack Time                    2.273
     Clock Rise Edge                 0.000
     + Clock Network Latency (Prop)  0.001
     = Beginpoint Arrival Time       0.001
     +------------------------------------------------------------------------------------------------------+ 
     |                   Instance                   |     Arc      |   Cell    | Delay | Arrival | Required | 
     |                                              |              |           |       |  Time   |   Time   | 
     |----------------------------------------------+--------------+-----------+-------+---------+----------| 
     | picorv32_core_irq_mask_reg[12]               | CK ^         |           |       |   0.001 |    2.273 | 
     | picorv32_core_irq_mask_reg[12]               | CK ^ -> Q ^  | DFFHQX1   | 0.044 |   0.045 |    2.317 | 
     | picorv32_core_g88708__2883                   | AN ^ -> Y ^  | NAND2BX1  | 0.038 |   0.083 |    2.355 | 
     | picorv32_core_g88395__5115                   | B ^ -> Y ^   | AND4XL    | 0.044 |   0.127 |    2.399 | 
     | picorv32_core_g88377__2398                   | D ^ -> Y ^   | AND4XL    | 0.035 |   0.161 |    2.434 | 
     | picorv32_core_g88366__6161                   | D ^ -> Y ^   | AND4XL    | 0.041 |   0.202 |    2.475 | 
     | picorv32_core_g88356__5122                   | D ^ -> Y ^   | AND4XL    | 0.058 |   0.260 |    2.533 | 
     | picorv32_core_g88349__6783                   | D ^ -> Y ^   | AND4XL    | 0.052 |   0.312 |    2.585 | 
     | picorv32_core_g88343__6260                   | D ^ -> Y ^   | AND4XL    | 0.064 |   0.376 |    2.649 | 
     | picorv32_core_g88337__1666                   | D ^ -> Y ^   | AND4XL    | 0.044 |   0.420 |    2.693 | 
     | picorv32_core_g88335__2883                   | D ^ -> Y ^   | AND4XL    | 0.044 |   0.464 |    2.736 | 
     | picorv32_core_g88333__9315                   | D ^ -> Y ^   | AND4X1    | 0.039 |   0.503 |    2.776 | 
     | picorv32_core_g88331__4733                   | D ^ -> Y v   | NAND4XL   | 0.026 |   0.529 |    2.802 | 
     | picorv32_core_g88330__7482                   | B v -> Y ^   | NOR2BX1   | 0.087 |   0.617 |    2.889 | 
     | picorv32_core_g88328__1881                   | D ^ -> Y ^   | OR4X1     | 0.032 |   0.648 |    2.921 | 
     | picorv32_core_g88326__6131                   | B ^ -> Y v   | NAND2BX1  | 0.032 |   0.680 |    2.953 | 
     | picorv32_core_g88325__7098                   | AN v -> Y v  | NAND2BX1  | 0.026 |   0.706 |    2.978 | 
     | picorv32_core_g88323__5122                   | AN v -> Y v  | NAND2BX1  | 0.019 |   0.724 |    2.997 | 
     | picorv32_core_g88322__1705                   | B v -> Y v   | OR2X1     | 0.075 |   0.800 |    3.072 | 
     | picorv32_core_g88320__1617                   | B v -> Y ^   | NOR2BX1   | 0.054 |   0.854 |    3.126 | 
     | picorv32_core_add_1569_33_Y_add_1552_33_g763 | B ^ -> CO ^  | ADDHX1    | 0.029 |   0.882 |    3.155 | 
     | picorv32_core_add_1569_33_Y_add_1552_33_g762 | CI ^ -> CO ^ | ADDFX1    | 0.031 |   0.914 |    3.186 | 
     | picorv32_core_add_1569_33_Y_add_1552_33_g761 | CI ^ -> CO ^ | ADDFX1    | 0.031 |   0.945 |    3.217 | 
     | picorv32_core_add_1569_33_Y_add_1552_33_g760 | CI ^ -> CO ^ | ADDFX1    | 0.032 |   0.976 |    3.249 | 
     | picorv32_core_add_1569_33_Y_add_1552_33_g759 | CI ^ -> CO ^ | ADDFX1    | 0.031 |   1.008 |    3.280 | 
     | picorv32_core_add_1569_33_Y_add_1552_33_g758 | CI ^ -> CO ^ | ADDFX1    | 0.032 |   1.040 |    3.313 | 
     | picorv32_core_add_1569_33_Y_add_1552_33_g757 | CI ^ -> CO ^ | ADDFX1    | 0.032 |   1.072 |    3.345 | 
     | picorv32_core_add_1569_33_Y_add_1552_33_g756 | CI ^ -> CO ^ | ADDFX1    | 0.033 |   1.105 |    3.378 | 
     | picorv32_core_add_1569_33_Y_add_1552_33_g755 | CI ^ -> CO ^ | ADDFX1    | 0.031 |   1.136 |    3.408 | 
     | picorv32_core_add_1569_33_Y_add_1552_33_g754 | CI ^ -> CO ^ | ADDFX1    | 0.032 |   1.167 |    3.440 | 
     | picorv32_core_add_1569_33_Y_add_1552_33_g753 | CI ^ -> CO ^ | ADDFX1    | 0.031 |   1.198 |    3.471 | 
     | picorv32_core_add_1569_33_Y_add_1552_33_g752 | CI ^ -> CO ^ | ADDFX1    | 0.033 |   1.231 |    3.504 | 
     | picorv32_core_add_1569_33_Y_add_1552_33_g751 | CI ^ -> CO ^ | ADDFX1    | 0.031 |   1.262 |    3.535 | 
     | picorv32_core_add_1569_33_Y_add_1552_33_g750 | CI ^ -> CO ^ | ADDFX1    | 0.032 |   1.295 |    3.567 | 
     | picorv32_core_add_1569_33_Y_add_1552_33_g749 | CI ^ -> CO ^ | ADDFX1    | 0.032 |   1.327 |    3.599 | 
     | picorv32_core_add_1569_33_Y_add_1552_33_g748 | CI ^ -> CO ^ | ADDFX1    | 0.031 |   1.358 |    3.631 | 
     | picorv32_core_add_1569_33_Y_add_1552_33_g747 | CI ^ -> CO ^ | ADDFX1    | 0.032 |   1.390 |    3.663 | 
     | picorv32_core_add_1569_33_Y_add_1552_33_g746 | CI ^ -> CO ^ | ADDFX1    | 0.032 |   1.422 |    3.695 | 
     | picorv32_core_add_1569_33_Y_add_1552_33_g745 | CI ^ -> CO ^ | ADDFX1    | 0.034 |   1.456 |    3.729 | 
     | picorv32_core_add_1569_33_Y_add_1552_33_g744 | CI ^ -> CO ^ | ADDFX1    | 0.032 |   1.488 |    3.760 | 
     | picorv32_core_add_1569_33_Y_add_1552_33_g743 | CI ^ -> CO ^ | ADDFX1    | 0.032 |   1.520 |    3.792 | 
     | picorv32_core_add_1569_33_Y_add_1552_33_g742 | CI ^ -> CO ^ | ADDFX1    | 0.033 |   1.553 |    3.825 | 
     | picorv32_core_add_1569_33_Y_add_1552_33_g741 | CI ^ -> CO ^ | ADDFX1    | 0.032 |   1.585 |    3.857 | 
     | picorv32_core_add_1569_33_Y_add_1552_33_g740 | CI ^ -> CO ^ | ADDFX1    | 0.034 |   1.619 |    3.892 | 
     | picorv32_core_add_1569_33_Y_add_1552_33_g739 | CI ^ -> S v  | ADDFX1    | 0.047 |   1.667 |    3.939 | 
     | picorv32_core_g190248__2883                  | B1 v -> Y ^  | AOI22X1   | 0.018 |   1.684 |    3.957 | 
     | picorv32_core_g190217__6161                  | B0 ^ -> Y v  | OAI2BB1X1 | 0.021 |   1.705 |    3.978 | 
     | picorv32_core_reg_next_pc_reg[25]            | D v          | DFFHQX1   | 0.000 |   1.705 |    3.978 | 
     +------------------------------------------------------------------------------------------------------+ 
Path 33: MET Setup Check with Pin picorv32_core_genblk1.pcpi_mul_rd_reg[38]/CK 
Endpoint:   picorv32_core_genblk1.pcpi_mul_rd_reg[38]/D (^) checked with  
leading edge of 'clk'
Beginpoint: picorv32_core_genblk1.pcpi_mul_rs2_reg[5]/Q (^) triggered by  
leading edge of 'clk'
Path Groups: {reg2reg}
Analysis View: analysis1
Other End Arrival Time          0.002
- Setup                         0.013
+ Phase Shift                   4.000
- Uncertainty                   0.020
= Required Time                 3.969
- Arrival Time                  1.695
= Slack Time                    2.275
     Clock Rise Edge                 0.000
     + Clock Network Latency (Prop)  0.002
     = Beginpoint Arrival Time       0.002
     +-----------------------------------------------------------------------------------------------------------+ 
     |                      Instance                      |     Arc      |   Cell   | Delay | Arrival | Required | 
     |                                                    |              |          |       |  Time   |   Time   | 
     |----------------------------------------------------+--------------+----------+-------+---------+----------| 
     | picorv32_core_genblk1.pcpi_mul_rs2_reg[5]          | CK ^         |          |       |   0.002 |    2.277 | 
     | picorv32_core_genblk1.pcpi_mul_rs2_reg[5]          | CK ^ -> Q ^  | MDFFHQX1 | 0.132 |   0.134 |    2.409 | 
     | picorv32_core_genblk1.pcpi_mul_mul_2371_47_g14046  | A ^ -> Y v   | INVX1    | 0.055 |   0.190 |    2.464 | 
     | picorv32_core_genblk1.pcpi_mul_mul_2371_47_g13987  | B v -> Y ^   | XNOR2X1  | 0.031 |   0.221 |    2.495 | 
     | picorv32_core_genblk1.pcpi_mul_mul_2371_47_g13897  | A ^ -> Y ^   | OR2X1    | 0.082 |   0.303 |    2.578 | 
     | picorv32_core_genblk1.pcpi_mul_mul_2371_47_g13890  | A ^ -> Y v   | INVX1    | 0.053 |   0.356 |    2.630 | 
     | picorv32_core_genblk1.pcpi_mul_mul_2371_47_g13740  | A1 v -> Y ^  | OAI21X1  | 0.029 |   0.384 |    2.659 | 
     | picorv32_core_genblk1.pcpi_mul_mul_2371_47_g13494  | B ^ -> Y ^   | XNOR2X1  | 0.025 |   0.409 |    2.684 | 
     | picorv32_core_genblk1.pcpi_mul_mul_2371_47_g13440  | B ^ -> S v   | ADDHX1   | 0.031 |   0.440 |    2.715 | 
     | picorv32_core_genblk1.pcpi_mul_mul_2371_47_cdnfadd | A v -> CO v  | ADDFX1   | 0.036 |   0.476 |    2.751 | 
     | 3                                                  |              |          |       |         |          | 
     | picorv32_core_genblk1.pcpi_mul_mul_2371_47_cdnfadd | CI v -> CO v | ADDFX1   | 0.035 |   0.511 |    2.786 | 
     | 4                                                  |              |          |       |         |          | 
     | picorv32_core_genblk1.pcpi_mul_mul_2371_47_cdnfadd | CI v -> CO v | ADDFX1   | 0.035 |   0.546 |    2.820 | 
     | 5                                                  |              |          |       |         |          | 
     | picorv32_core_genblk1.pcpi_mul_mul_2371_47_cdnfadd | CI v -> CO v | ADDFX1   | 0.034 |   0.580 |    2.854 | 
     | 6                                                  |              |          |       |         |          | 
     | picorv32_core_genblk1.pcpi_mul_mul_2371_47_cdnfadd | CI v -> CO v | ADDFX1   | 0.034 |   0.614 |    2.888 | 
     | 7                                                  |              |          |       |         |          | 
     | picorv32_core_genblk1.pcpi_mul_mul_2371_47_cdnfadd | CI v -> CO v | ADDFX1   | 0.034 |   0.648 |    2.923 | 
     | 8                                                  |              |          |       |         |          | 
     | picorv32_core_genblk1.pcpi_mul_mul_2371_47_cdnfadd | CI v -> CO v | ADDFX1   | 0.034 |   0.682 |    2.957 | 
     | 9                                                  |              |          |       |         |          | 
     | picorv32_core_genblk1.pcpi_mul_mul_2371_47_cdnfadd | CI v -> CO v | ADDFX1   | 0.034 |   0.716 |    2.991 | 
     | 10                                                 |              |          |       |         |          | 
     | picorv32_core_genblk1.pcpi_mul_mul_2371_47_cdnfadd | CI v -> CO v | ADDFX1   | 0.034 |   0.750 |    3.024 | 
     | 11                                                 |              |          |       |         |          | 
     | picorv32_core_genblk1.pcpi_mul_mul_2371_47_cdnfadd | CI v -> CO v | ADDFX1   | 0.035 |   0.784 |    3.059 | 
     | 12                                                 |              |          |       |         |          | 
     | picorv32_core_genblk1.pcpi_mul_mul_2371_47_cdnfadd | CI v -> CO v | ADDFX1   | 0.034 |   0.818 |    3.093 | 
     | 13                                                 |              |          |       |         |          | 
     | picorv32_core_genblk1.pcpi_mul_mul_2371_47_cdnfadd | CI v -> CO v | ADDFX1   | 0.034 |   0.852 |    3.127 | 
     | 14                                                 |              |          |       |         |          | 
     | picorv32_core_genblk1.pcpi_mul_mul_2371_47_cdnfadd | CI v -> CO v | ADDFX1   | 0.033 |   0.886 |    3.160 | 
     | 15                                                 |              |          |       |         |          | 
     | picorv32_core_genblk1.pcpi_mul_mul_2371_47_cdnfadd | CI v -> CO v | ADDFX1   | 0.034 |   0.919 |    3.194 | 
     | 16                                                 |              |          |       |         |          | 
     | picorv32_core_genblk1.pcpi_mul_mul_2371_47_cdnfadd | CI v -> CO v | ADDFX1   | 0.034 |   0.953 |    3.228 | 
     | 17                                                 |              |          |       |         |          | 
     | picorv32_core_genblk1.pcpi_mul_mul_2371_47_cdnfadd | CI v -> CO v | ADDFX1   | 0.034 |   0.987 |    3.262 | 
     | 18                                                 |              |          |       |         |          | 
     | picorv32_core_genblk1.pcpi_mul_mul_2371_47_cdnfadd | CI v -> CO v | ADDFX1   | 0.034 |   1.021 |    3.296 | 
     | 19                                                 |              |          |       |         |          | 
     | picorv32_core_genblk1.pcpi_mul_mul_2371_47_cdnfadd | CI v -> CO v | ADDFX1   | 0.035 |   1.056 |    3.330 | 
     | 20                                                 |              |          |       |         |          | 
     | picorv32_core_genblk1.pcpi_mul_mul_2371_47_cdnfadd | CI v -> CO v | ADDFX1   | 0.034 |   1.090 |    3.365 | 
     | 21                                                 |              |          |       |         |          | 
     | picorv32_core_genblk1.pcpi_mul_mul_2371_47_cdnfadd | CI v -> CO v | ADDFX1   | 0.034 |   1.124 |    3.399 | 
     | 22                                                 |              |          |       |         |          | 
     | picorv32_core_genblk1.pcpi_mul_mul_2371_47_cdnfadd | CI v -> CO v | ADDFX1   | 0.034 |   1.158 |    3.433 | 
     | 23                                                 |              |          |       |         |          | 
     | picorv32_core_genblk1.pcpi_mul_mul_2371_47_cdnfadd | CI v -> CO v | ADDFX1   | 0.036 |   1.194 |    3.468 | 
     | 24                                                 |              |          |       |         |          | 
     | picorv32_core_genblk1.pcpi_mul_mul_2371_47_cdnfadd | CI v -> CO v | ADDFX1   | 0.035 |   1.229 |    3.503 | 
     | 25                                                 |              |          |       |         |          | 
     | picorv32_core_genblk1.pcpi_mul_mul_2371_47_cdnfadd | CI v -> CO v | ADDFX1   | 0.033 |   1.262 |    3.537 | 
     | 26                                                 |              |          |       |         |          | 
     | picorv32_core_genblk1.pcpi_mul_mul_2371_47_cdnfadd | CI v -> CO v | ADDFX1   | 0.034 |   1.296 |    3.571 | 
     | 27                                                 |              |          |       |         |          | 
     | picorv32_core_genblk1.pcpi_mul_mul_2371_47_cdnfadd | CI v -> CO v | ADDFX1   | 0.034 |   1.330 |    3.605 | 
     | 28                                                 |              |          |       |         |          | 
     | picorv32_core_genblk1.pcpi_mul_mul_2371_47_cdnfadd | CI v -> CO v | ADDFX1   | 0.035 |   1.365 |    3.640 | 
     | 29                                                 |              |          |       |         |          | 
     | picorv32_core_genblk1.pcpi_mul_mul_2371_47_cdnfadd | CI v -> CO v | ADDFX1   | 0.035 |   1.400 |    3.674 | 
     | 30                                                 |              |          |       |         |          | 
     | picorv32_core_genblk1.pcpi_mul_mul_2371_47_cdnfadd | CI v -> CO v | ADDFX1   | 0.039 |   1.439 |    3.714 | 
     | 31                                                 |              |          |       |         |          | 
     | picorv32_core_genblk1.pcpi_mul_mul_2371_47_cdnfadd | CI v -> CO v | ADDFX1   | 0.036 |   1.476 |    3.750 | 
     | 32                                                 |              |          |       |         |          | 
     | picorv32_core_genblk1.pcpi_mul_mul_2371_47_cdnfadd | CI v -> CO v | ADDFX1   | 0.035 |   1.510 |    3.785 | 
     | 33                                                 |              |          |       |         |          | 
     | picorv32_core_genblk1.pcpi_mul_mul_2371_47_cdnfadd | CI v -> CO v | ADDFX1   | 0.035 |   1.545 |    3.820 | 
     | 34                                                 |              |          |       |         |          | 
     | picorv32_core_genblk1.pcpi_mul_mul_2371_47_cdnfadd | CI v -> CO v | ADDFX1   | 0.034 |   1.580 |    3.854 | 
     | 35                                                 |              |          |       |         |          | 
     | picorv32_core_genblk1.pcpi_mul_mul_2371_47_cdnfadd | CI v -> CO v | ADDFX1   | 0.034 |   1.613 |    3.888 | 
     | 36                                                 |              |          |       |         |          | 
     | picorv32_core_genblk1.pcpi_mul_mul_2371_47_cdnfadd | CI v -> CO v | ADDFX1   | 0.034 |   1.647 |    3.921 | 
     | 37                                                 |              |          |       |         |          | 
     | picorv32_core_genblk1.pcpi_mul_mul_2371_47_cdnfadd | CI v -> S ^  | ADDFX1   | 0.048 |   1.695 |    3.969 | 
     | 38                                                 |              |          |       |         |          | 
     | picorv32_core_genblk1.pcpi_mul_rd_reg[38]          | D ^          | DFFQXL   | 0.000 |   1.695 |    3.969 | 
     +-----------------------------------------------------------------------------------------------------------+ 
Path 34: MET Setup Check with Pin picorv32_core_genblk1.pcpi_mul_rd_reg[37]/CK 
Endpoint:   picorv32_core_genblk1.pcpi_mul_rd_reg[37]/D (^) checked with  
leading edge of 'clk'
Beginpoint: picorv32_core_genblk1.pcpi_mul_rs2_reg[5]/Q (^) triggered by  
leading edge of 'clk'
Path Groups: {reg2reg}
Analysis View: analysis1
Other End Arrival Time          0.004
- Setup                         0.016
+ Phase Shift                   4.000
- Uncertainty                   0.020
= Required Time                 3.968
- Arrival Time                  1.679
= Slack Time                    2.289
     Clock Rise Edge                 0.000
     + Clock Network Latency (Prop)  0.002
     = Beginpoint Arrival Time       0.002
     +-----------------------------------------------------------------------------------------------------------+ 
     |                      Instance                      |     Arc      |   Cell   | Delay | Arrival | Required | 
     |                                                    |              |          |       |  Time   |   Time   | 
     |----------------------------------------------------+--------------+----------+-------+---------+----------| 
     | picorv32_core_genblk1.pcpi_mul_rs2_reg[5]          | CK ^         |          |       |   0.002 |    2.292 | 
     | picorv32_core_genblk1.pcpi_mul_rs2_reg[5]          | CK ^ -> Q ^  | MDFFHQX1 | 0.132 |   0.134 |    2.424 | 
     | picorv32_core_genblk1.pcpi_mul_mul_2371_47_g14046  | A ^ -> Y v   | INVX1    | 0.055 |   0.190 |    2.479 | 
     | picorv32_core_genblk1.pcpi_mul_mul_2371_47_g13987  | B v -> Y ^   | XNOR2X1  | 0.031 |   0.221 |    2.510 | 
     | picorv32_core_genblk1.pcpi_mul_mul_2371_47_g13897  | A ^ -> Y ^   | OR2X1    | 0.082 |   0.303 |    2.592 | 
     | picorv32_core_genblk1.pcpi_mul_mul_2371_47_g13890  | A ^ -> Y v   | INVX1    | 0.053 |   0.356 |    2.645 | 
     | picorv32_core_genblk1.pcpi_mul_mul_2371_47_g13740  | A1 v -> Y ^  | OAI21X1  | 0.029 |   0.384 |    2.674 | 
     | picorv32_core_genblk1.pcpi_mul_mul_2371_47_g13494  | B ^ -> Y ^   | XNOR2X1  | 0.025 |   0.409 |    2.699 | 
     | picorv32_core_genblk1.pcpi_mul_mul_2371_47_g13440  | B ^ -> S v   | ADDHX1   | 0.031 |   0.440 |    2.730 | 
     | picorv32_core_genblk1.pcpi_mul_mul_2371_47_cdnfadd | A v -> CO v  | ADDFX1   | 0.036 |   0.476 |    2.766 | 
     | 3                                                  |              |          |       |         |          | 
     | picorv32_core_genblk1.pcpi_mul_mul_2371_47_cdnfadd | CI v -> CO v | ADDFX1   | 0.035 |   0.511 |    2.800 | 
     | 4                                                  |              |          |       |         |          | 
     | picorv32_core_genblk1.pcpi_mul_mul_2371_47_cdnfadd | CI v -> CO v | ADDFX1   | 0.035 |   0.546 |    2.835 | 
     | 5                                                  |              |          |       |         |          | 
     | picorv32_core_genblk1.pcpi_mul_mul_2371_47_cdnfadd | CI v -> CO v | ADDFX1   | 0.034 |   0.580 |    2.869 | 
     | 6                                                  |              |          |       |         |          | 
     | picorv32_core_genblk1.pcpi_mul_mul_2371_47_cdnfadd | CI v -> CO v | ADDFX1   | 0.034 |   0.614 |    2.903 | 
     | 7                                                  |              |          |       |         |          | 
     | picorv32_core_genblk1.pcpi_mul_mul_2371_47_cdnfadd | CI v -> CO v | ADDFX1   | 0.034 |   0.648 |    2.937 | 
     | 8                                                  |              |          |       |         |          | 
     | picorv32_core_genblk1.pcpi_mul_mul_2371_47_cdnfadd | CI v -> CO v | ADDFX1   | 0.034 |   0.682 |    2.971 | 
     | 9                                                  |              |          |       |         |          | 
     | picorv32_core_genblk1.pcpi_mul_mul_2371_47_cdnfadd | CI v -> CO v | ADDFX1   | 0.034 |   0.716 |    3.006 | 
     | 10                                                 |              |          |       |         |          | 
     | picorv32_core_genblk1.pcpi_mul_mul_2371_47_cdnfadd | CI v -> CO v | ADDFX1   | 0.034 |   0.750 |    3.039 | 
     | 11                                                 |              |          |       |         |          | 
     | picorv32_core_genblk1.pcpi_mul_mul_2371_47_cdnfadd | CI v -> CO v | ADDFX1   | 0.035 |   0.784 |    3.074 | 
     | 12                                                 |              |          |       |         |          | 
     | picorv32_core_genblk1.pcpi_mul_mul_2371_47_cdnfadd | CI v -> CO v | ADDFX1   | 0.034 |   0.818 |    3.107 | 
     | 13                                                 |              |          |       |         |          | 
     | picorv32_core_genblk1.pcpi_mul_mul_2371_47_cdnfadd | CI v -> CO v | ADDFX1   | 0.034 |   0.852 |    3.141 | 
     | 14                                                 |              |          |       |         |          | 
     | picorv32_core_genblk1.pcpi_mul_mul_2371_47_cdnfadd | CI v -> CO v | ADDFX1   | 0.033 |   0.886 |    3.175 | 
     | 15                                                 |              |          |       |         |          | 
     | picorv32_core_genblk1.pcpi_mul_mul_2371_47_cdnfadd | CI v -> CO v | ADDFX1   | 0.034 |   0.919 |    3.209 | 
     | 16                                                 |              |          |       |         |          | 
     | picorv32_core_genblk1.pcpi_mul_mul_2371_47_cdnfadd | CI v -> CO v | ADDFX1   | 0.034 |   0.953 |    3.242 | 
     | 17                                                 |              |          |       |         |          | 
     | picorv32_core_genblk1.pcpi_mul_mul_2371_47_cdnfadd | CI v -> CO v | ADDFX1   | 0.034 |   0.987 |    3.276 | 
     | 18                                                 |              |          |       |         |          | 
     | picorv32_core_genblk1.pcpi_mul_mul_2371_47_cdnfadd | CI v -> CO v | ADDFX1   | 0.034 |   1.021 |    3.311 | 
     | 19                                                 |              |          |       |         |          | 
     | picorv32_core_genblk1.pcpi_mul_mul_2371_47_cdnfadd | CI v -> CO v | ADDFX1   | 0.035 |   1.056 |    3.345 | 
     | 20                                                 |              |          |       |         |          | 
     | picorv32_core_genblk1.pcpi_mul_mul_2371_47_cdnfadd | CI v -> CO v | ADDFX1   | 0.034 |   1.090 |    3.379 | 
     | 21                                                 |              |          |       |         |          | 
     | picorv32_core_genblk1.pcpi_mul_mul_2371_47_cdnfadd | CI v -> CO v | ADDFX1   | 0.034 |   1.124 |    3.414 | 
     | 22                                                 |              |          |       |         |          | 
     | picorv32_core_genblk1.pcpi_mul_mul_2371_47_cdnfadd | CI v -> CO v | ADDFX1   | 0.034 |   1.158 |    3.448 | 
     | 23                                                 |              |          |       |         |          | 
     | picorv32_core_genblk1.pcpi_mul_mul_2371_47_cdnfadd | CI v -> CO v | ADDFX1   | 0.036 |   1.194 |    3.483 | 
     | 24                                                 |              |          |       |         |          | 
     | picorv32_core_genblk1.pcpi_mul_mul_2371_47_cdnfadd | CI v -> CO v | ADDFX1   | 0.035 |   1.229 |    3.518 | 
     | 25                                                 |              |          |       |         |          | 
     | picorv32_core_genblk1.pcpi_mul_mul_2371_47_cdnfadd | CI v -> CO v | ADDFX1   | 0.033 |   1.262 |    3.551 | 
     | 26                                                 |              |          |       |         |          | 
     | picorv32_core_genblk1.pcpi_mul_mul_2371_47_cdnfadd | CI v -> CO v | ADDFX1   | 0.034 |   1.296 |    3.586 | 
     | 27                                                 |              |          |       |         |          | 
     | picorv32_core_genblk1.pcpi_mul_mul_2371_47_cdnfadd | CI v -> CO v | ADDFX1   | 0.034 |   1.330 |    3.620 | 
     | 28                                                 |              |          |       |         |          | 
     | picorv32_core_genblk1.pcpi_mul_mul_2371_47_cdnfadd | CI v -> CO v | ADDFX1   | 0.035 |   1.365 |    3.654 | 
     | 29                                                 |              |          |       |         |          | 
     | picorv32_core_genblk1.pcpi_mul_mul_2371_47_cdnfadd | CI v -> CO v | ADDFX1   | 0.035 |   1.400 |    3.689 | 
     | 30                                                 |              |          |       |         |          | 
     | picorv32_core_genblk1.pcpi_mul_mul_2371_47_cdnfadd | CI v -> CO v | ADDFX1   | 0.039 |   1.439 |    3.728 | 
     | 31                                                 |              |          |       |         |          | 
     | picorv32_core_genblk1.pcpi_mul_mul_2371_47_cdnfadd | CI v -> CO v | ADDFX1   | 0.036 |   1.476 |    3.765 | 
     | 32                                                 |              |          |       |         |          | 
     | picorv32_core_genblk1.pcpi_mul_mul_2371_47_cdnfadd | CI v -> CO v | ADDFX1   | 0.035 |   1.510 |    3.800 | 
     | 33                                                 |              |          |       |         |          | 
     | picorv32_core_genblk1.pcpi_mul_mul_2371_47_cdnfadd | CI v -> CO v | ADDFX1   | 0.035 |   1.545 |    3.835 | 
     | 34                                                 |              |          |       |         |          | 
     | picorv32_core_genblk1.pcpi_mul_mul_2371_47_cdnfadd | CI v -> CO v | ADDFX1   | 0.034 |   1.580 |    3.869 | 
     | 35                                                 |              |          |       |         |          | 
     | picorv32_core_genblk1.pcpi_mul_mul_2371_47_cdnfadd | CI v -> CO v | ADDFX1   | 0.034 |   1.613 |    3.902 | 
     | 36                                                 |              |          |       |         |          | 
     | picorv32_core_genblk1.pcpi_mul_mul_2371_47_cdnfadd | CI v -> S ^  | ADDFX1   | 0.065 |   1.678 |    3.968 | 
     | 37                                                 |              |          |       |         |          | 
     | picorv32_core_genblk1.pcpi_mul_rd_reg[37]          | D ^          | DFFQXL   | 0.001 |   1.679 |    3.968 | 
     +-----------------------------------------------------------------------------------------------------------+ 
Path 35: MET Setup Check with Pin picorv32_core_reg_next_pc_reg[24]/CK 
Endpoint:   picorv32_core_reg_next_pc_reg[24]/D (v) checked with  leading edge 
of 'clk'
Beginpoint: picorv32_core_irq_mask_reg[12]/Q    (^) triggered by  leading edge 
of 'clk'
Path Groups: {reg2reg}
Analysis View: analysis1
Other End Arrival Time          0.001
- Setup                         0.006
+ Phase Shift                   4.000
- Uncertainty                   0.020
= Required Time                 3.974
- Arrival Time                  1.667
= Slack Time                    2.308
     Clock Rise Edge                 0.000
     + Clock Network Latency (Prop)  0.001
     = Beginpoint Arrival Time       0.001
     +------------------------------------------------------------------------------------------------------+ 
     |                   Instance                   |     Arc      |   Cell    | Delay | Arrival | Required | 
     |                                              |              |           |       |  Time   |   Time   | 
     |----------------------------------------------+--------------+-----------+-------+---------+----------| 
     | picorv32_core_irq_mask_reg[12]               | CK ^         |           |       |   0.001 |    2.308 | 
     | picorv32_core_irq_mask_reg[12]               | CK ^ -> Q ^  | DFFHQX1   | 0.044 |   0.045 |    2.352 | 
     | picorv32_core_g88708__2883                   | AN ^ -> Y ^  | NAND2BX1  | 0.038 |   0.083 |    2.390 | 
     | picorv32_core_g88395__5115                   | B ^ -> Y ^   | AND4XL    | 0.044 |   0.127 |    2.434 | 
     | picorv32_core_g88377__2398                   | D ^ -> Y ^   | AND4XL    | 0.035 |   0.161 |    2.469 | 
     | picorv32_core_g88366__6161                   | D ^ -> Y ^   | AND4XL    | 0.041 |   0.202 |    2.510 | 
     | picorv32_core_g88356__5122                   | D ^ -> Y ^   | AND4XL    | 0.058 |   0.260 |    2.568 | 
     | picorv32_core_g88349__6783                   | D ^ -> Y ^   | AND4XL    | 0.052 |   0.312 |    2.620 | 
     | picorv32_core_g88343__6260                   | D ^ -> Y ^   | AND4XL    | 0.064 |   0.376 |    2.684 | 
     | picorv32_core_g88337__1666                   | D ^ -> Y ^   | AND4XL    | 0.044 |   0.420 |    2.728 | 
     | picorv32_core_g88335__2883                   | D ^ -> Y ^   | AND4XL    | 0.044 |   0.464 |    2.771 | 
     | picorv32_core_g88333__9315                   | D ^ -> Y ^   | AND4X1    | 0.039 |   0.503 |    2.811 | 
     | picorv32_core_g88331__4733                   | D ^ -> Y v   | NAND4XL   | 0.026 |   0.529 |    2.837 | 
     | picorv32_core_g88330__7482                   | B v -> Y ^   | NOR2BX1   | 0.087 |   0.617 |    2.924 | 
     | picorv32_core_g88328__1881                   | D ^ -> Y ^   | OR4X1     | 0.032 |   0.648 |    2.956 | 
     | picorv32_core_g88326__6131                   | B ^ -> Y v   | NAND2BX1  | 0.032 |   0.680 |    2.988 | 
     | picorv32_core_g88325__7098                   | AN v -> Y v  | NAND2BX1  | 0.026 |   0.706 |    3.013 | 
     | picorv32_core_g88323__5122                   | AN v -> Y v  | NAND2BX1  | 0.019 |   0.724 |    3.032 | 
     | picorv32_core_g88322__1705                   | B v -> Y v   | OR2X1     | 0.075 |   0.800 |    3.107 | 
     | picorv32_core_g88320__1617                   | B v -> Y ^   | NOR2BX1   | 0.054 |   0.854 |    3.161 | 
     | picorv32_core_add_1569_33_Y_add_1552_33_g763 | B ^ -> CO ^  | ADDHX1    | 0.029 |   0.882 |    3.190 | 
     | picorv32_core_add_1569_33_Y_add_1552_33_g762 | CI ^ -> CO ^ | ADDFX1    | 0.031 |   0.914 |    3.221 | 
     | picorv32_core_add_1569_33_Y_add_1552_33_g761 | CI ^ -> CO ^ | ADDFX1    | 0.031 |   0.945 |    3.252 | 
     | picorv32_core_add_1569_33_Y_add_1552_33_g760 | CI ^ -> CO ^ | ADDFX1    | 0.032 |   0.976 |    3.284 | 
     | picorv32_core_add_1569_33_Y_add_1552_33_g759 | CI ^ -> CO ^ | ADDFX1    | 0.031 |   1.008 |    3.315 | 
     | picorv32_core_add_1569_33_Y_add_1552_33_g758 | CI ^ -> CO ^ | ADDFX1    | 0.032 |   1.040 |    3.348 | 
     | picorv32_core_add_1569_33_Y_add_1552_33_g757 | CI ^ -> CO ^ | ADDFX1    | 0.032 |   1.072 |    3.380 | 
     | picorv32_core_add_1569_33_Y_add_1552_33_g756 | CI ^ -> CO ^ | ADDFX1    | 0.033 |   1.105 |    3.413 | 
     | picorv32_core_add_1569_33_Y_add_1552_33_g755 | CI ^ -> CO ^ | ADDFX1    | 0.031 |   1.136 |    3.443 | 
     | picorv32_core_add_1569_33_Y_add_1552_33_g754 | CI ^ -> CO ^ | ADDFX1    | 0.032 |   1.167 |    3.475 | 
     | picorv32_core_add_1569_33_Y_add_1552_33_g753 | CI ^ -> CO ^ | ADDFX1    | 0.031 |   1.198 |    3.506 | 
     | picorv32_core_add_1569_33_Y_add_1552_33_g752 | CI ^ -> CO ^ | ADDFX1    | 0.033 |   1.231 |    3.539 | 
     | picorv32_core_add_1569_33_Y_add_1552_33_g751 | CI ^ -> CO ^ | ADDFX1    | 0.031 |   1.262 |    3.570 | 
     | picorv32_core_add_1569_33_Y_add_1552_33_g750 | CI ^ -> CO ^ | ADDFX1    | 0.032 |   1.295 |    3.602 | 
     | picorv32_core_add_1569_33_Y_add_1552_33_g749 | CI ^ -> CO ^ | ADDFX1    | 0.032 |   1.327 |    3.634 | 
     | picorv32_core_add_1569_33_Y_add_1552_33_g748 | CI ^ -> CO ^ | ADDFX1    | 0.031 |   1.358 |    3.666 | 
     | picorv32_core_add_1569_33_Y_add_1552_33_g747 | CI ^ -> CO ^ | ADDFX1    | 0.032 |   1.390 |    3.698 | 
     | picorv32_core_add_1569_33_Y_add_1552_33_g746 | CI ^ -> CO ^ | ADDFX1    | 0.032 |   1.422 |    3.730 | 
     | picorv32_core_add_1569_33_Y_add_1552_33_g745 | CI ^ -> CO ^ | ADDFX1    | 0.034 |   1.456 |    3.764 | 
     | picorv32_core_add_1569_33_Y_add_1552_33_g744 | CI ^ -> CO ^ | ADDFX1    | 0.032 |   1.488 |    3.795 | 
     | picorv32_core_add_1569_33_Y_add_1552_33_g743 | CI ^ -> CO ^ | ADDFX1    | 0.032 |   1.520 |    3.827 | 
     | picorv32_core_add_1569_33_Y_add_1552_33_g742 | CI ^ -> CO ^ | ADDFX1    | 0.033 |   1.553 |    3.860 | 
     | picorv32_core_add_1569_33_Y_add_1552_33_g741 | CI ^ -> CO ^ | ADDFX1    | 0.032 |   1.585 |    3.892 | 
     | picorv32_core_add_1569_33_Y_add_1552_33_g740 | CI ^ -> S v  | ADDFX1    | 0.047 |   1.632 |    3.939 | 
     | picorv32_core_g190247__9945                  | B1 v -> Y ^  | AOI22X1   | 0.015 |   1.646 |    3.954 | 
     | picorv32_core_g190216__4733                  | B0 ^ -> Y v  | OAI2BB1X1 | 0.021 |   1.667 |    3.974 | 
     | picorv32_core_reg_next_pc_reg[24]            | D v          | DFFHQX1   | 0.000 |   1.667 |    3.974 | 
     +------------------------------------------------------------------------------------------------------+ 
Path 36: MET Setup Check with Pin picorv32_core_genblk1.pcpi_mul_rd_reg[36]/CK 
Endpoint:   picorv32_core_genblk1.pcpi_mul_rd_reg[36]/D (^) checked with  
leading edge of 'clk'
Beginpoint: picorv32_core_genblk1.pcpi_mul_rs2_reg[5]/Q (^) triggered by  
leading edge of 'clk'
Path Groups: {reg2reg}
Analysis View: analysis1
Other End Arrival Time          0.004
- Setup                         0.016
+ Phase Shift                   4.000
- Uncertainty                   0.020
= Required Time                 3.969
- Arrival Time                  1.646
= Slack Time                    2.323
     Clock Rise Edge                 0.000
     + Clock Network Latency (Prop)  0.002
     = Beginpoint Arrival Time       0.002
     +-----------------------------------------------------------------------------------------------------------+ 
     |                      Instance                      |     Arc      |   Cell   | Delay | Arrival | Required | 
     |                                                    |              |          |       |  Time   |   Time   | 
     |----------------------------------------------------+--------------+----------+-------+---------+----------| 
     | picorv32_core_genblk1.pcpi_mul_rs2_reg[5]          | CK ^         |          |       |   0.002 |    2.325 | 
     | picorv32_core_genblk1.pcpi_mul_rs2_reg[5]          | CK ^ -> Q ^  | MDFFHQX1 | 0.132 |   0.134 |    2.457 | 
     | picorv32_core_genblk1.pcpi_mul_mul_2371_47_g14046  | A ^ -> Y v   | INVX1    | 0.055 |   0.190 |    2.513 | 
     | picorv32_core_genblk1.pcpi_mul_mul_2371_47_g13987  | B v -> Y ^   | XNOR2X1  | 0.031 |   0.221 |    2.543 | 
     | picorv32_core_genblk1.pcpi_mul_mul_2371_47_g13897  | A ^ -> Y ^   | OR2X1    | 0.082 |   0.303 |    2.626 | 
     | picorv32_core_genblk1.pcpi_mul_mul_2371_47_g13890  | A ^ -> Y v   | INVX1    | 0.053 |   0.356 |    2.679 | 
     | picorv32_core_genblk1.pcpi_mul_mul_2371_47_g13740  | A1 v -> Y ^  | OAI21X1  | 0.029 |   0.384 |    2.707 | 
     | picorv32_core_genblk1.pcpi_mul_mul_2371_47_g13494  | B ^ -> Y ^   | XNOR2X1  | 0.025 |   0.409 |    2.732 | 
     | picorv32_core_genblk1.pcpi_mul_mul_2371_47_g13440  | B ^ -> S v   | ADDHX1   | 0.031 |   0.440 |    2.763 | 
     | picorv32_core_genblk1.pcpi_mul_mul_2371_47_cdnfadd | A v -> CO v  | ADDFX1   | 0.036 |   0.476 |    2.799 | 
     | 3                                                  |              |          |       |         |          | 
     | picorv32_core_genblk1.pcpi_mul_mul_2371_47_cdnfadd | CI v -> CO v | ADDFX1   | 0.035 |   0.511 |    2.834 | 
     | 4                                                  |              |          |       |         |          | 
     | picorv32_core_genblk1.pcpi_mul_mul_2371_47_cdnfadd | CI v -> CO v | ADDFX1   | 0.035 |   0.546 |    2.868 | 
     | 5                                                  |              |          |       |         |          | 
     | picorv32_core_genblk1.pcpi_mul_mul_2371_47_cdnfadd | CI v -> CO v | ADDFX1   | 0.034 |   0.580 |    2.902 | 
     | 6                                                  |              |          |       |         |          | 
     | picorv32_core_genblk1.pcpi_mul_mul_2371_47_cdnfadd | CI v -> CO v | ADDFX1   | 0.034 |   0.614 |    2.937 | 
     | 7                                                  |              |          |       |         |          | 
     | picorv32_core_genblk1.pcpi_mul_mul_2371_47_cdnfadd | CI v -> CO v | ADDFX1   | 0.034 |   0.648 |    2.971 | 
     | 8                                                  |              |          |       |         |          | 
     | picorv32_core_genblk1.pcpi_mul_mul_2371_47_cdnfadd | CI v -> CO v | ADDFX1   | 0.034 |   0.682 |    3.005 | 
     | 9                                                  |              |          |       |         |          | 
     | picorv32_core_genblk1.pcpi_mul_mul_2371_47_cdnfadd | CI v -> CO v | ADDFX1   | 0.034 |   0.716 |    3.039 | 
     | 10                                                 |              |          |       |         |          | 
     | picorv32_core_genblk1.pcpi_mul_mul_2371_47_cdnfadd | CI v -> CO v | ADDFX1   | 0.034 |   0.750 |    3.072 | 
     | 11                                                 |              |          |       |         |          | 
     | picorv32_core_genblk1.pcpi_mul_mul_2371_47_cdnfadd | CI v -> CO v | ADDFX1   | 0.035 |   0.784 |    3.107 | 
     | 12                                                 |              |          |       |         |          | 
     | picorv32_core_genblk1.pcpi_mul_mul_2371_47_cdnfadd | CI v -> CO v | ADDFX1   | 0.034 |   0.818 |    3.141 | 
     | 13                                                 |              |          |       |         |          | 
     | picorv32_core_genblk1.pcpi_mul_mul_2371_47_cdnfadd | CI v -> CO v | ADDFX1   | 0.034 |   0.852 |    3.175 | 
     | 14                                                 |              |          |       |         |          | 
     | picorv32_core_genblk1.pcpi_mul_mul_2371_47_cdnfadd | CI v -> CO v | ADDFX1   | 0.033 |   0.886 |    3.208 | 
     | 15                                                 |              |          |       |         |          | 
     | picorv32_core_genblk1.pcpi_mul_mul_2371_47_cdnfadd | CI v -> CO v | ADDFX1   | 0.034 |   0.919 |    3.242 | 
     | 16                                                 |              |          |       |         |          | 
     | picorv32_core_genblk1.pcpi_mul_mul_2371_47_cdnfadd | CI v -> CO v | ADDFX1   | 0.034 |   0.953 |    3.276 | 
     | 17                                                 |              |          |       |         |          | 
     | picorv32_core_genblk1.pcpi_mul_mul_2371_47_cdnfadd | CI v -> CO v | ADDFX1   | 0.034 |   0.987 |    3.310 | 
     | 18                                                 |              |          |       |         |          | 
     | picorv32_core_genblk1.pcpi_mul_mul_2371_47_cdnfadd | CI v -> CO v | ADDFX1   | 0.034 |   1.021 |    3.344 | 
     | 19                                                 |              |          |       |         |          | 
     | picorv32_core_genblk1.pcpi_mul_mul_2371_47_cdnfadd | CI v -> CO v | ADDFX1   | 0.035 |   1.056 |    3.379 | 
     | 20                                                 |              |          |       |         |          | 
     | picorv32_core_genblk1.pcpi_mul_mul_2371_47_cdnfadd | CI v -> CO v | ADDFX1   | 0.034 |   1.090 |    3.413 | 
     | 21                                                 |              |          |       |         |          | 
     | picorv32_core_genblk1.pcpi_mul_mul_2371_47_cdnfadd | CI v -> CO v | ADDFX1   | 0.034 |   1.124 |    3.447 | 
     | 22                                                 |              |          |       |         |          | 
     | picorv32_core_genblk1.pcpi_mul_mul_2371_47_cdnfadd | CI v -> CO v | ADDFX1   | 0.034 |   1.158 |    3.481 | 
     | 23                                                 |              |          |       |         |          | 
     | picorv32_core_genblk1.pcpi_mul_mul_2371_47_cdnfadd | CI v -> CO v | ADDFX1   | 0.036 |   1.194 |    3.516 | 
     | 24                                                 |              |          |       |         |          | 
     | picorv32_core_genblk1.pcpi_mul_mul_2371_47_cdnfadd | CI v -> CO v | ADDFX1   | 0.035 |   1.229 |    3.551 | 
     | 25                                                 |              |          |       |         |          | 
     | picorv32_core_genblk1.pcpi_mul_mul_2371_47_cdnfadd | CI v -> CO v | ADDFX1   | 0.033 |   1.262 |    3.585 | 
     | 26                                                 |              |          |       |         |          | 
     | picorv32_core_genblk1.pcpi_mul_mul_2371_47_cdnfadd | CI v -> CO v | ADDFX1   | 0.034 |   1.296 |    3.619 | 
     | 27                                                 |              |          |       |         |          | 
     | picorv32_core_genblk1.pcpi_mul_mul_2371_47_cdnfadd | CI v -> CO v | ADDFX1   | 0.034 |   1.330 |    3.653 | 
     | 28                                                 |              |          |       |         |          | 
     | picorv32_core_genblk1.pcpi_mul_mul_2371_47_cdnfadd | CI v -> CO v | ADDFX1   | 0.035 |   1.365 |    3.688 | 
     | 29                                                 |              |          |       |         |          | 
     | picorv32_core_genblk1.pcpi_mul_mul_2371_47_cdnfadd | CI v -> CO v | ADDFX1   | 0.035 |   1.400 |    3.723 | 
     | 30                                                 |              |          |       |         |          | 
     | picorv32_core_genblk1.pcpi_mul_mul_2371_47_cdnfadd | CI v -> CO v | ADDFX1   | 0.039 |   1.439 |    3.762 | 
     | 31                                                 |              |          |       |         |          | 
     | picorv32_core_genblk1.pcpi_mul_mul_2371_47_cdnfadd | CI v -> CO v | ADDFX1   | 0.036 |   1.476 |    3.798 | 
     | 32                                                 |              |          |       |         |          | 
     | picorv32_core_genblk1.pcpi_mul_mul_2371_47_cdnfadd | CI v -> CO v | ADDFX1   | 0.035 |   1.510 |    3.833 | 
     | 33                                                 |              |          |       |         |          | 
     | picorv32_core_genblk1.pcpi_mul_mul_2371_47_cdnfadd | CI v -> CO v | ADDFX1   | 0.035 |   1.545 |    3.868 | 
     | 34                                                 |              |          |       |         |          | 
     | picorv32_core_genblk1.pcpi_mul_mul_2371_47_cdnfadd | CI v -> CO v | ADDFX1   | 0.034 |   1.580 |    3.902 | 
     | 35                                                 |              |          |       |         |          | 
     | picorv32_core_genblk1.pcpi_mul_mul_2371_47_cdnfadd | CI v -> S ^  | ADDFX1   | 0.065 |   1.645 |    3.968 | 
     | 36                                                 |              |          |       |         |          | 
     | picorv32_core_genblk1.pcpi_mul_rd_reg[36]          | D ^          | DFFQXL   | 0.001 |   1.646 |    3.969 | 
     +-----------------------------------------------------------------------------------------------------------+ 
Path 37: MET Setup Check with Pin picorv32_core_reg_next_pc_reg[23]/CK 
Endpoint:   picorv32_core_reg_next_pc_reg[23]/D (v) checked with  leading edge 
of 'clk'
Beginpoint: picorv32_core_irq_mask_reg[12]/Q    (^) triggered by  leading edge 
of 'clk'
Path Groups: {reg2reg}
Analysis View: analysis1
Other End Arrival Time          0.000
- Setup                         0.006
+ Phase Shift                   4.000
- Uncertainty                   0.020
= Required Time                 3.974
- Arrival Time                  1.634
= Slack Time                    2.340
     Clock Rise Edge                 0.000
     + Clock Network Latency (Prop)  0.001
     = Beginpoint Arrival Time       0.001
     +------------------------------------------------------------------------------------------------------+ 
     |                   Instance                   |     Arc      |   Cell    | Delay | Arrival | Required | 
     |                                              |              |           |       |  Time   |   Time   | 
     |----------------------------------------------+--------------+-----------+-------+---------+----------| 
     | picorv32_core_irq_mask_reg[12]               | CK ^         |           |       |   0.001 |    2.341 | 
     | picorv32_core_irq_mask_reg[12]               | CK ^ -> Q ^  | DFFHQX1   | 0.044 |   0.045 |    2.385 | 
     | picorv32_core_g88708__2883                   | AN ^ -> Y ^  | NAND2BX1  | 0.038 |   0.083 |    2.423 | 
     | picorv32_core_g88395__5115                   | B ^ -> Y ^   | AND4XL    | 0.044 |   0.127 |    2.467 | 
     | picorv32_core_g88377__2398                   | D ^ -> Y ^   | AND4XL    | 0.035 |   0.161 |    2.501 | 
     | picorv32_core_g88366__6161                   | D ^ -> Y ^   | AND4XL    | 0.041 |   0.202 |    2.542 | 
     | picorv32_core_g88356__5122                   | D ^ -> Y ^   | AND4XL    | 0.058 |   0.260 |    2.600 | 
     | picorv32_core_g88349__6783                   | D ^ -> Y ^   | AND4XL    | 0.052 |   0.312 |    2.652 | 
     | picorv32_core_g88343__6260                   | D ^ -> Y ^   | AND4XL    | 0.064 |   0.376 |    2.716 | 
     | picorv32_core_g88337__1666                   | D ^ -> Y ^   | AND4XL    | 0.044 |   0.420 |    2.760 | 
     | picorv32_core_g88335__2883                   | D ^ -> Y ^   | AND4XL    | 0.044 |   0.464 |    2.804 | 
     | picorv32_core_g88333__9315                   | D ^ -> Y ^   | AND4X1    | 0.039 |   0.503 |    2.843 | 
     | picorv32_core_g88331__4733                   | D ^ -> Y v   | NAND4XL   | 0.026 |   0.529 |    2.869 | 
     | picorv32_core_g88330__7482                   | B v -> Y ^   | NOR2BX1   | 0.087 |   0.617 |    2.957 | 
     | picorv32_core_g88328__1881                   | D ^ -> Y ^   | OR4X1     | 0.032 |   0.648 |    2.988 | 
     | picorv32_core_g88326__6131                   | B ^ -> Y v   | NAND2BX1  | 0.032 |   0.680 |    3.020 | 
     | picorv32_core_g88325__7098                   | AN v -> Y v  | NAND2BX1  | 0.026 |   0.706 |    3.046 | 
     | picorv32_core_g88323__5122                   | AN v -> Y v  | NAND2BX1  | 0.019 |   0.724 |    3.064 | 
     | picorv32_core_g88322__1705                   | B v -> Y v   | OR2X1     | 0.075 |   0.800 |    3.140 | 
     | picorv32_core_g88320__1617                   | B v -> Y ^   | NOR2BX1   | 0.054 |   0.854 |    3.194 | 
     | picorv32_core_add_1569_33_Y_add_1552_33_g763 | B ^ -> CO ^  | ADDHX1    | 0.029 |   0.882 |    3.222 | 
     | picorv32_core_add_1569_33_Y_add_1552_33_g762 | CI ^ -> CO ^ | ADDFX1    | 0.031 |   0.914 |    3.254 | 
     | picorv32_core_add_1569_33_Y_add_1552_33_g761 | CI ^ -> CO ^ | ADDFX1    | 0.031 |   0.945 |    3.285 | 
     | picorv32_core_add_1569_33_Y_add_1552_33_g760 | CI ^ -> CO ^ | ADDFX1    | 0.032 |   0.976 |    3.316 | 
     | picorv32_core_add_1569_33_Y_add_1552_33_g759 | CI ^ -> CO ^ | ADDFX1    | 0.031 |   1.008 |    3.348 | 
     | picorv32_core_add_1569_33_Y_add_1552_33_g758 | CI ^ -> CO ^ | ADDFX1    | 0.032 |   1.040 |    3.380 | 
     | picorv32_core_add_1569_33_Y_add_1552_33_g757 | CI ^ -> CO ^ | ADDFX1    | 0.032 |   1.072 |    3.412 | 
     | picorv32_core_add_1569_33_Y_add_1552_33_g756 | CI ^ -> CO ^ | ADDFX1    | 0.033 |   1.105 |    3.445 | 
     | picorv32_core_add_1569_33_Y_add_1552_33_g755 | CI ^ -> CO ^ | ADDFX1    | 0.031 |   1.136 |    3.476 | 
     | picorv32_core_add_1569_33_Y_add_1552_33_g754 | CI ^ -> CO ^ | ADDFX1    | 0.032 |   1.167 |    3.507 | 
     | picorv32_core_add_1569_33_Y_add_1552_33_g753 | CI ^ -> CO ^ | ADDFX1    | 0.031 |   1.198 |    3.538 | 
     | picorv32_core_add_1569_33_Y_add_1552_33_g752 | CI ^ -> CO ^ | ADDFX1    | 0.033 |   1.231 |    3.571 | 
     | picorv32_core_add_1569_33_Y_add_1552_33_g751 | CI ^ -> CO ^ | ADDFX1    | 0.031 |   1.262 |    3.602 | 
     | picorv32_core_add_1569_33_Y_add_1552_33_g750 | CI ^ -> CO ^ | ADDFX1    | 0.032 |   1.295 |    3.635 | 
     | picorv32_core_add_1569_33_Y_add_1552_33_g749 | CI ^ -> CO ^ | ADDFX1    | 0.032 |   1.327 |    3.667 | 
     | picorv32_core_add_1569_33_Y_add_1552_33_g748 | CI ^ -> CO ^ | ADDFX1    | 0.031 |   1.358 |    3.698 | 
     | picorv32_core_add_1569_33_Y_add_1552_33_g747 | CI ^ -> CO ^ | ADDFX1    | 0.032 |   1.390 |    3.730 | 
     | picorv32_core_add_1569_33_Y_add_1552_33_g746 | CI ^ -> CO ^ | ADDFX1    | 0.032 |   1.422 |    3.762 | 
     | picorv32_core_add_1569_33_Y_add_1552_33_g745 | CI ^ -> CO ^ | ADDFX1    | 0.034 |   1.456 |    3.796 | 
     | picorv32_core_add_1569_33_Y_add_1552_33_g744 | CI ^ -> CO ^ | ADDFX1    | 0.032 |   1.488 |    3.828 | 
     | picorv32_core_add_1569_33_Y_add_1552_33_g743 | CI ^ -> CO ^ | ADDFX1    | 0.032 |   1.520 |    3.860 | 
     | picorv32_core_add_1569_33_Y_add_1552_33_g742 | CI ^ -> CO ^ | ADDFX1    | 0.033 |   1.553 |    3.893 | 
     | picorv32_core_add_1569_33_Y_add_1552_33_g741 | CI ^ -> S v  | ADDFX1    | 0.047 |   1.600 |    3.940 | 
     | picorv32_core_g190246__9315                  | B1 v -> Y ^  | AOI22X1   | 0.015 |   1.615 |    3.955 | 
     | picorv32_core_g190214__5115                  | B0 ^ -> Y v  | OAI2BB1X1 | 0.020 |   1.634 |    3.974 | 
     | picorv32_core_reg_next_pc_reg[23]            | D v          | DFFHQX1   | 0.000 |   1.634 |    3.974 | 
     +------------------------------------------------------------------------------------------------------+ 
Path 38: MET Setup Check with Pin picorv32_core_genblk1.pcpi_mul_rd_reg[35]/CK 
Endpoint:   picorv32_core_genblk1.pcpi_mul_rd_reg[35]/D (^) checked with  
leading edge of 'clk'
Beginpoint: picorv32_core_genblk1.pcpi_mul_rs2_reg[5]/Q (^) triggered by  
leading edge of 'clk'
Path Groups: {reg2reg}
Analysis View: analysis1
Other End Arrival Time          0.004
- Setup                         0.016
+ Phase Shift                   4.000
- Uncertainty                   0.020
= Required Time                 3.968
- Arrival Time                  1.615
= Slack Time                    2.353
     Clock Rise Edge                 0.000
     + Clock Network Latency (Prop)  0.002
     = Beginpoint Arrival Time       0.002
     +-----------------------------------------------------------------------------------------------------------+ 
     |                      Instance                      |     Arc      |   Cell   | Delay | Arrival | Required | 
     |                                                    |              |          |       |  Time   |   Time   | 
     |----------------------------------------------------+--------------+----------+-------+---------+----------| 
     | picorv32_core_genblk1.pcpi_mul_rs2_reg[5]          | CK ^         |          |       |   0.002 |    2.355 | 
     | picorv32_core_genblk1.pcpi_mul_rs2_reg[5]          | CK ^ -> Q ^  | MDFFHQX1 | 0.132 |   0.134 |    2.487 | 
     | picorv32_core_genblk1.pcpi_mul_mul_2371_47_g14046  | A ^ -> Y v   | INVX1    | 0.055 |   0.190 |    2.543 | 
     | picorv32_core_genblk1.pcpi_mul_mul_2371_47_g13987  | B v -> Y ^   | XNOR2X1  | 0.031 |   0.221 |    2.573 | 
     | picorv32_core_genblk1.pcpi_mul_mul_2371_47_g13897  | A ^ -> Y ^   | OR2X1    | 0.082 |   0.303 |    2.656 | 
     | picorv32_core_genblk1.pcpi_mul_mul_2371_47_g13890  | A ^ -> Y v   | INVX1    | 0.053 |   0.356 |    2.709 | 
     | picorv32_core_genblk1.pcpi_mul_mul_2371_47_g13740  | A1 v -> Y ^  | OAI21X1  | 0.029 |   0.384 |    2.737 | 
     | picorv32_core_genblk1.pcpi_mul_mul_2371_47_g13494  | B ^ -> Y ^   | XNOR2X1  | 0.025 |   0.409 |    2.762 | 
     | picorv32_core_genblk1.pcpi_mul_mul_2371_47_g13440  | B ^ -> S v   | ADDHX1   | 0.031 |   0.440 |    2.793 | 
     | picorv32_core_genblk1.pcpi_mul_mul_2371_47_cdnfadd | A v -> CO v  | ADDFX1   | 0.036 |   0.476 |    2.829 | 
     | 3                                                  |              |          |       |         |          | 
     | picorv32_core_genblk1.pcpi_mul_mul_2371_47_cdnfadd | CI v -> CO v | ADDFX1   | 0.035 |   0.511 |    2.864 | 
     | 4                                                  |              |          |       |         |          | 
     | picorv32_core_genblk1.pcpi_mul_mul_2371_47_cdnfadd | CI v -> CO v | ADDFX1   | 0.035 |   0.546 |    2.898 | 
     | 5                                                  |              |          |       |         |          | 
     | picorv32_core_genblk1.pcpi_mul_mul_2371_47_cdnfadd | CI v -> CO v | ADDFX1   | 0.034 |   0.580 |    2.932 | 
     | 6                                                  |              |          |       |         |          | 
     | picorv32_core_genblk1.pcpi_mul_mul_2371_47_cdnfadd | CI v -> CO v | ADDFX1   | 0.034 |   0.614 |    2.967 | 
     | 7                                                  |              |          |       |         |          | 
     | picorv32_core_genblk1.pcpi_mul_mul_2371_47_cdnfadd | CI v -> CO v | ADDFX1   | 0.034 |   0.648 |    3.001 | 
     | 8                                                  |              |          |       |         |          | 
     | picorv32_core_genblk1.pcpi_mul_mul_2371_47_cdnfadd | CI v -> CO v | ADDFX1   | 0.034 |   0.682 |    3.035 | 
     | 9                                                  |              |          |       |         |          | 
     | picorv32_core_genblk1.pcpi_mul_mul_2371_47_cdnfadd | CI v -> CO v | ADDFX1   | 0.034 |   0.716 |    3.069 | 
     | 10                                                 |              |          |       |         |          | 
     | picorv32_core_genblk1.pcpi_mul_mul_2371_47_cdnfadd | CI v -> CO v | ADDFX1   | 0.034 |   0.750 |    3.102 | 
     | 11                                                 |              |          |       |         |          | 
     | picorv32_core_genblk1.pcpi_mul_mul_2371_47_cdnfadd | CI v -> CO v | ADDFX1   | 0.035 |   0.784 |    3.137 | 
     | 12                                                 |              |          |       |         |          | 
     | picorv32_core_genblk1.pcpi_mul_mul_2371_47_cdnfadd | CI v -> CO v | ADDFX1   | 0.034 |   0.818 |    3.171 | 
     | 13                                                 |              |          |       |         |          | 
     | picorv32_core_genblk1.pcpi_mul_mul_2371_47_cdnfadd | CI v -> CO v | ADDFX1   | 0.034 |   0.852 |    3.205 | 
     | 14                                                 |              |          |       |         |          | 
     | picorv32_core_genblk1.pcpi_mul_mul_2371_47_cdnfadd | CI v -> CO v | ADDFX1   | 0.033 |   0.886 |    3.238 | 
     | 15                                                 |              |          |       |         |          | 
     | picorv32_core_genblk1.pcpi_mul_mul_2371_47_cdnfadd | CI v -> CO v | ADDFX1   | 0.034 |   0.919 |    3.272 | 
     | 16                                                 |              |          |       |         |          | 
     | picorv32_core_genblk1.pcpi_mul_mul_2371_47_cdnfadd | CI v -> CO v | ADDFX1   | 0.034 |   0.953 |    3.306 | 
     | 17                                                 |              |          |       |         |          | 
     | picorv32_core_genblk1.pcpi_mul_mul_2371_47_cdnfadd | CI v -> CO v | ADDFX1   | 0.034 |   0.987 |    3.340 | 
     | 18                                                 |              |          |       |         |          | 
     | picorv32_core_genblk1.pcpi_mul_mul_2371_47_cdnfadd | CI v -> CO v | ADDFX1   | 0.034 |   1.021 |    3.374 | 
     | 19                                                 |              |          |       |         |          | 
     | picorv32_core_genblk1.pcpi_mul_mul_2371_47_cdnfadd | CI v -> CO v | ADDFX1   | 0.035 |   1.056 |    3.409 | 
     | 20                                                 |              |          |       |         |          | 
     | picorv32_core_genblk1.pcpi_mul_mul_2371_47_cdnfadd | CI v -> CO v | ADDFX1   | 0.034 |   1.090 |    3.443 | 
     | 21                                                 |              |          |       |         |          | 
     | picorv32_core_genblk1.pcpi_mul_mul_2371_47_cdnfadd | CI v -> CO v | ADDFX1   | 0.034 |   1.124 |    3.477 | 
     | 22                                                 |              |          |       |         |          | 
     | picorv32_core_genblk1.pcpi_mul_mul_2371_47_cdnfadd | CI v -> CO v | ADDFX1   | 0.034 |   1.158 |    3.511 | 
     | 23                                                 |              |          |       |         |          | 
     | picorv32_core_genblk1.pcpi_mul_mul_2371_47_cdnfadd | CI v -> CO v | ADDFX1   | 0.036 |   1.194 |    3.546 | 
     | 24                                                 |              |          |       |         |          | 
     | picorv32_core_genblk1.pcpi_mul_mul_2371_47_cdnfadd | CI v -> CO v | ADDFX1   | 0.035 |   1.229 |    3.581 | 
     | 25                                                 |              |          |       |         |          | 
     | picorv32_core_genblk1.pcpi_mul_mul_2371_47_cdnfadd | CI v -> CO v | ADDFX1   | 0.033 |   1.262 |    3.615 | 
     | 26                                                 |              |          |       |         |          | 
     | picorv32_core_genblk1.pcpi_mul_mul_2371_47_cdnfadd | CI v -> CO v | ADDFX1   | 0.034 |   1.296 |    3.649 | 
     | 27                                                 |              |          |       |         |          | 
     | picorv32_core_genblk1.pcpi_mul_mul_2371_47_cdnfadd | CI v -> CO v | ADDFX1   | 0.034 |   1.330 |    3.683 | 
     | 28                                                 |              |          |       |         |          | 
     | picorv32_core_genblk1.pcpi_mul_mul_2371_47_cdnfadd | CI v -> CO v | ADDFX1   | 0.035 |   1.365 |    3.718 | 
     | 29                                                 |              |          |       |         |          | 
     | picorv32_core_genblk1.pcpi_mul_mul_2371_47_cdnfadd | CI v -> CO v | ADDFX1   | 0.035 |   1.400 |    3.753 | 
     | 30                                                 |              |          |       |         |          | 
     | picorv32_core_genblk1.pcpi_mul_mul_2371_47_cdnfadd | CI v -> CO v | ADDFX1   | 0.039 |   1.439 |    3.792 | 
     | 31                                                 |              |          |       |         |          | 
     | picorv32_core_genblk1.pcpi_mul_mul_2371_47_cdnfadd | CI v -> CO v | ADDFX1   | 0.036 |   1.476 |    3.828 | 
     | 32                                                 |              |          |       |         |          | 
     | picorv32_core_genblk1.pcpi_mul_mul_2371_47_cdnfadd | CI v -> CO v | ADDFX1   | 0.035 |   1.510 |    3.863 | 
     | 33                                                 |              |          |       |         |          | 
     | picorv32_core_genblk1.pcpi_mul_mul_2371_47_cdnfadd | CI v -> CO v | ADDFX1   | 0.035 |   1.545 |    3.898 | 
     | 34                                                 |              |          |       |         |          | 
     | picorv32_core_genblk1.pcpi_mul_mul_2371_47_cdnfadd | CI v -> S ^  | ADDFX1   | 0.069 |   1.614 |    3.967 | 
     | 35                                                 |              |          |       |         |          | 
     | picorv32_core_genblk1.pcpi_mul_rd_reg[35]          | D ^          | DFFQXL   | 0.001 |   1.615 |    3.968 | 
     +-----------------------------------------------------------------------------------------------------------+ 
Path 39: MET Setup Check with Pin picorv32_core_reg_next_pc_reg[22]/CK 
Endpoint:   picorv32_core_reg_next_pc_reg[22]/D (v) checked with  leading edge 
of 'clk'
Beginpoint: picorv32_core_irq_mask_reg[12]/Q    (^) triggered by  leading edge 
of 'clk'
Path Groups: {reg2reg}
Analysis View: analysis1
Other End Arrival Time          0.000
- Setup                         0.006
+ Phase Shift                   4.000
- Uncertainty                   0.020
= Required Time                 3.974
- Arrival Time                  1.602
= Slack Time                    2.373
     Clock Rise Edge                 0.000
     + Clock Network Latency (Prop)  0.001
     = Beginpoint Arrival Time       0.001
     +------------------------------------------------------------------------------------------------------+ 
     |                   Instance                   |     Arc      |   Cell    | Delay | Arrival | Required | 
     |                                              |              |           |       |  Time   |   Time   | 
     |----------------------------------------------+--------------+-----------+-------+---------+----------| 
     | picorv32_core_irq_mask_reg[12]               | CK ^         |           |       |   0.001 |    2.373 | 
     | picorv32_core_irq_mask_reg[12]               | CK ^ -> Q ^  | DFFHQX1   | 0.044 |   0.045 |    2.417 | 
     | picorv32_core_g88708__2883                   | AN ^ -> Y ^  | NAND2BX1  | 0.038 |   0.083 |    2.455 | 
     | picorv32_core_g88395__5115                   | B ^ -> Y ^   | AND4XL    | 0.044 |   0.127 |    2.499 | 
     | picorv32_core_g88377__2398                   | D ^ -> Y ^   | AND4XL    | 0.035 |   0.161 |    2.534 | 
     | picorv32_core_g88366__6161                   | D ^ -> Y ^   | AND4XL    | 0.041 |   0.202 |    2.575 | 
     | picorv32_core_g88356__5122                   | D ^ -> Y ^   | AND4XL    | 0.058 |   0.260 |    2.633 | 
     | picorv32_core_g88349__6783                   | D ^ -> Y ^   | AND4XL    | 0.052 |   0.312 |    2.685 | 
     | picorv32_core_g88343__6260                   | D ^ -> Y ^   | AND4XL    | 0.064 |   0.376 |    2.749 | 
     | picorv32_core_g88337__1666                   | D ^ -> Y ^   | AND4XL    | 0.044 |   0.420 |    2.793 | 
     | picorv32_core_g88335__2883                   | D ^ -> Y ^   | AND4XL    | 0.044 |   0.464 |    2.836 | 
     | picorv32_core_g88333__9315                   | D ^ -> Y ^   | AND4X1    | 0.039 |   0.503 |    2.876 | 
     | picorv32_core_g88331__4733                   | D ^ -> Y v   | NAND4XL   | 0.026 |   0.529 |    2.902 | 
     | picorv32_core_g88330__7482                   | B v -> Y ^   | NOR2BX1   | 0.087 |   0.617 |    2.989 | 
     | picorv32_core_g88328__1881                   | D ^ -> Y ^   | OR4X1     | 0.032 |   0.648 |    3.021 | 
     | picorv32_core_g88326__6131                   | B ^ -> Y v   | NAND2BX1  | 0.032 |   0.680 |    3.053 | 
     | picorv32_core_g88325__7098                   | AN v -> Y v  | NAND2BX1  | 0.026 |   0.706 |    3.078 | 
     | picorv32_core_g88323__5122                   | AN v -> Y v  | NAND2BX1  | 0.019 |   0.724 |    3.097 | 
     | picorv32_core_g88322__1705                   | B v -> Y v   | OR2X1     | 0.075 |   0.800 |    3.172 | 
     | picorv32_core_g88320__1617                   | B v -> Y ^   | NOR2BX1   | 0.054 |   0.854 |    3.226 | 
     | picorv32_core_add_1569_33_Y_add_1552_33_g763 | B ^ -> CO ^  | ADDHX1    | 0.029 |   0.882 |    3.255 | 
     | picorv32_core_add_1569_33_Y_add_1552_33_g762 | CI ^ -> CO ^ | ADDFX1    | 0.031 |   0.914 |    3.286 | 
     | picorv32_core_add_1569_33_Y_add_1552_33_g761 | CI ^ -> CO ^ | ADDFX1    | 0.031 |   0.945 |    3.317 | 
     | picorv32_core_add_1569_33_Y_add_1552_33_g760 | CI ^ -> CO ^ | ADDFX1    | 0.032 |   0.976 |    3.349 | 
     | picorv32_core_add_1569_33_Y_add_1552_33_g759 | CI ^ -> CO ^ | ADDFX1    | 0.031 |   1.008 |    3.380 | 
     | picorv32_core_add_1569_33_Y_add_1552_33_g758 | CI ^ -> CO ^ | ADDFX1    | 0.032 |   1.040 |    3.413 | 
     | picorv32_core_add_1569_33_Y_add_1552_33_g757 | CI ^ -> CO ^ | ADDFX1    | 0.032 |   1.072 |    3.445 | 
     | picorv32_core_add_1569_33_Y_add_1552_33_g756 | CI ^ -> CO ^ | ADDFX1    | 0.033 |   1.105 |    3.478 | 
     | picorv32_core_add_1569_33_Y_add_1552_33_g755 | CI ^ -> CO ^ | ADDFX1    | 0.031 |   1.136 |    3.508 | 
     | picorv32_core_add_1569_33_Y_add_1552_33_g754 | CI ^ -> CO ^ | ADDFX1    | 0.032 |   1.167 |    3.540 | 
     | picorv32_core_add_1569_33_Y_add_1552_33_g753 | CI ^ -> CO ^ | ADDFX1    | 0.031 |   1.198 |    3.571 | 
     | picorv32_core_add_1569_33_Y_add_1552_33_g752 | CI ^ -> CO ^ | ADDFX1    | 0.033 |   1.231 |    3.604 | 
     | picorv32_core_add_1569_33_Y_add_1552_33_g751 | CI ^ -> CO ^ | ADDFX1    | 0.031 |   1.262 |    3.635 | 
     | picorv32_core_add_1569_33_Y_add_1552_33_g750 | CI ^ -> CO ^ | ADDFX1    | 0.032 |   1.295 |    3.667 | 
     | picorv32_core_add_1569_33_Y_add_1552_33_g749 | CI ^ -> CO ^ | ADDFX1    | 0.032 |   1.327 |    3.699 | 
     | picorv32_core_add_1569_33_Y_add_1552_33_g748 | CI ^ -> CO ^ | ADDFX1    | 0.031 |   1.358 |    3.731 | 
     | picorv32_core_add_1569_33_Y_add_1552_33_g747 | CI ^ -> CO ^ | ADDFX1    | 0.032 |   1.390 |    3.763 | 
     | picorv32_core_add_1569_33_Y_add_1552_33_g746 | CI ^ -> CO ^ | ADDFX1    | 0.032 |   1.422 |    3.795 | 
     | picorv32_core_add_1569_33_Y_add_1552_33_g745 | CI ^ -> CO ^ | ADDFX1    | 0.034 |   1.456 |    3.829 | 
     | picorv32_core_add_1569_33_Y_add_1552_33_g744 | CI ^ -> CO ^ | ADDFX1    | 0.032 |   1.488 |    3.860 | 
     | picorv32_core_add_1569_33_Y_add_1552_33_g743 | CI ^ -> CO ^ | ADDFX1    | 0.032 |   1.520 |    3.892 | 
     | picorv32_core_add_1569_33_Y_add_1552_33_g742 | CI ^ -> S v  | ADDFX1    | 0.047 |   1.566 |    3.939 | 
     | picorv32_core_g190245__6161                  | B1 v -> Y ^  | AOI22X1   | 0.015 |   1.581 |    3.954 | 
     | picorv32_core_g190213__1881                  | B0 ^ -> Y v  | OAI2BB1X1 | 0.021 |   1.602 |    3.974 | 
     | picorv32_core_reg_next_pc_reg[22]            | D v          | DFFHQX1   | 0.000 |   1.602 |    3.974 | 
     +------------------------------------------------------------------------------------------------------+ 
Path 40: MET Setup Check with Pin picorv32_core_genblk1.pcpi_mul_rd_reg[34]/CK 
Endpoint:   picorv32_core_genblk1.pcpi_mul_rd_reg[34]/D (^) checked with  
leading edge of 'clk'
Beginpoint: picorv32_core_genblk1.pcpi_mul_rs2_reg[5]/Q (^) triggered by  
leading edge of 'clk'
Path Groups: {reg2reg}
Analysis View: analysis1
Other End Arrival Time          0.004
- Setup                         0.017
+ Phase Shift                   4.000
- Uncertainty                   0.020
= Required Time                 3.968
- Arrival Time                  1.582
= Slack Time                    2.386
     Clock Rise Edge                 0.000
     + Clock Network Latency (Prop)  0.002
     = Beginpoint Arrival Time       0.002
     +-----------------------------------------------------------------------------------------------------------+ 
     |                      Instance                      |     Arc      |   Cell   | Delay | Arrival | Required | 
     |                                                    |              |          |       |  Time   |   Time   | 
     |----------------------------------------------------+--------------+----------+-------+---------+----------| 
     | picorv32_core_genblk1.pcpi_mul_rs2_reg[5]          | CK ^         |          |       |   0.002 |    2.388 | 
     | picorv32_core_genblk1.pcpi_mul_rs2_reg[5]          | CK ^ -> Q ^  | MDFFHQX1 | 0.132 |   0.134 |    2.520 | 
     | picorv32_core_genblk1.pcpi_mul_mul_2371_47_g14046  | A ^ -> Y v   | INVX1    | 0.055 |   0.190 |    2.576 | 
     | picorv32_core_genblk1.pcpi_mul_mul_2371_47_g13987  | B v -> Y ^   | XNOR2X1  | 0.031 |   0.221 |    2.606 | 
     | picorv32_core_genblk1.pcpi_mul_mul_2371_47_g13897  | A ^ -> Y ^   | OR2X1    | 0.082 |   0.303 |    2.689 | 
     | picorv32_core_genblk1.pcpi_mul_mul_2371_47_g13890  | A ^ -> Y v   | INVX1    | 0.053 |   0.356 |    2.742 | 
     | picorv32_core_genblk1.pcpi_mul_mul_2371_47_g13740  | A1 v -> Y ^  | OAI21X1  | 0.029 |   0.384 |    2.770 | 
     | picorv32_core_genblk1.pcpi_mul_mul_2371_47_g13494  | B ^ -> Y ^   | XNOR2X1  | 0.025 |   0.409 |    2.795 | 
     | picorv32_core_genblk1.pcpi_mul_mul_2371_47_g13440  | B ^ -> S v   | ADDHX1   | 0.031 |   0.440 |    2.826 | 
     | picorv32_core_genblk1.pcpi_mul_mul_2371_47_cdnfadd | A v -> CO v  | ADDFX1   | 0.036 |   0.476 |    2.862 | 
     | 3                                                  |              |          |       |         |          | 
     | picorv32_core_genblk1.pcpi_mul_mul_2371_47_cdnfadd | CI v -> CO v | ADDFX1   | 0.035 |   0.511 |    2.897 | 
     | 4                                                  |              |          |       |         |          | 
     | picorv32_core_genblk1.pcpi_mul_mul_2371_47_cdnfadd | CI v -> CO v | ADDFX1   | 0.035 |   0.546 |    2.931 | 
     | 5                                                  |              |          |       |         |          | 
     | picorv32_core_genblk1.pcpi_mul_mul_2371_47_cdnfadd | CI v -> CO v | ADDFX1   | 0.034 |   0.580 |    2.965 | 
     | 6                                                  |              |          |       |         |          | 
     | picorv32_core_genblk1.pcpi_mul_mul_2371_47_cdnfadd | CI v -> CO v | ADDFX1   | 0.034 |   0.614 |    3.000 | 
     | 7                                                  |              |          |       |         |          | 
     | picorv32_core_genblk1.pcpi_mul_mul_2371_47_cdnfadd | CI v -> CO v | ADDFX1   | 0.034 |   0.648 |    3.034 | 
     | 8                                                  |              |          |       |         |          | 
     | picorv32_core_genblk1.pcpi_mul_mul_2371_47_cdnfadd | CI v -> CO v | ADDFX1   | 0.034 |   0.682 |    3.068 | 
     | 9                                                  |              |          |       |         |          | 
     | picorv32_core_genblk1.pcpi_mul_mul_2371_47_cdnfadd | CI v -> CO v | ADDFX1   | 0.034 |   0.716 |    3.102 | 
     | 10                                                 |              |          |       |         |          | 
     | picorv32_core_genblk1.pcpi_mul_mul_2371_47_cdnfadd | CI v -> CO v | ADDFX1   | 0.034 |   0.750 |    3.135 | 
     | 11                                                 |              |          |       |         |          | 
     | picorv32_core_genblk1.pcpi_mul_mul_2371_47_cdnfadd | CI v -> CO v | ADDFX1   | 0.035 |   0.784 |    3.170 | 
     | 12                                                 |              |          |       |         |          | 
     | picorv32_core_genblk1.pcpi_mul_mul_2371_47_cdnfadd | CI v -> CO v | ADDFX1   | 0.034 |   0.818 |    3.204 | 
     | 13                                                 |              |          |       |         |          | 
     | picorv32_core_genblk1.pcpi_mul_mul_2371_47_cdnfadd | CI v -> CO v | ADDFX1   | 0.034 |   0.852 |    3.238 | 
     | 14                                                 |              |          |       |         |          | 
     | picorv32_core_genblk1.pcpi_mul_mul_2371_47_cdnfadd | CI v -> CO v | ADDFX1   | 0.033 |   0.886 |    3.271 | 
     | 15                                                 |              |          |       |         |          | 
     | picorv32_core_genblk1.pcpi_mul_mul_2371_47_cdnfadd | CI v -> CO v | ADDFX1   | 0.034 |   0.919 |    3.305 | 
     | 16                                                 |              |          |       |         |          | 
     | picorv32_core_genblk1.pcpi_mul_mul_2371_47_cdnfadd | CI v -> CO v | ADDFX1   | 0.034 |   0.953 |    3.339 | 
     | 17                                                 |              |          |       |         |          | 
     | picorv32_core_genblk1.pcpi_mul_mul_2371_47_cdnfadd | CI v -> CO v | ADDFX1   | 0.034 |   0.987 |    3.373 | 
     | 18                                                 |              |          |       |         |          | 
     | picorv32_core_genblk1.pcpi_mul_mul_2371_47_cdnfadd | CI v -> CO v | ADDFX1   | 0.034 |   1.021 |    3.407 | 
     | 19                                                 |              |          |       |         |          | 
     | picorv32_core_genblk1.pcpi_mul_mul_2371_47_cdnfadd | CI v -> CO v | ADDFX1   | 0.035 |   1.056 |    3.442 | 
     | 20                                                 |              |          |       |         |          | 
     | picorv32_core_genblk1.pcpi_mul_mul_2371_47_cdnfadd | CI v -> CO v | ADDFX1   | 0.034 |   1.090 |    3.476 | 
     | 21                                                 |              |          |       |         |          | 
     | picorv32_core_genblk1.pcpi_mul_mul_2371_47_cdnfadd | CI v -> CO v | ADDFX1   | 0.034 |   1.124 |    3.510 | 
     | 22                                                 |              |          |       |         |          | 
     | picorv32_core_genblk1.pcpi_mul_mul_2371_47_cdnfadd | CI v -> CO v | ADDFX1   | 0.034 |   1.158 |    3.544 | 
     | 23                                                 |              |          |       |         |          | 
     | picorv32_core_genblk1.pcpi_mul_mul_2371_47_cdnfadd | CI v -> CO v | ADDFX1   | 0.036 |   1.194 |    3.579 | 
     | 24                                                 |              |          |       |         |          | 
     | picorv32_core_genblk1.pcpi_mul_mul_2371_47_cdnfadd | CI v -> CO v | ADDFX1   | 0.035 |   1.229 |    3.614 | 
     | 25                                                 |              |          |       |         |          | 
     | picorv32_core_genblk1.pcpi_mul_mul_2371_47_cdnfadd | CI v -> CO v | ADDFX1   | 0.033 |   1.262 |    3.648 | 
     | 26                                                 |              |          |       |         |          | 
     | picorv32_core_genblk1.pcpi_mul_mul_2371_47_cdnfadd | CI v -> CO v | ADDFX1   | 0.034 |   1.296 |    3.682 | 
     | 27                                                 |              |          |       |         |          | 
     | picorv32_core_genblk1.pcpi_mul_mul_2371_47_cdnfadd | CI v -> CO v | ADDFX1   | 0.034 |   1.330 |    3.716 | 
     | 28                                                 |              |          |       |         |          | 
     | picorv32_core_genblk1.pcpi_mul_mul_2371_47_cdnfadd | CI v -> CO v | ADDFX1   | 0.035 |   1.365 |    3.751 | 
     | 29                                                 |              |          |       |         |          | 
     | picorv32_core_genblk1.pcpi_mul_mul_2371_47_cdnfadd | CI v -> CO v | ADDFX1   | 0.035 |   1.400 |    3.786 | 
     | 30                                                 |              |          |       |         |          | 
     | picorv32_core_genblk1.pcpi_mul_mul_2371_47_cdnfadd | CI v -> CO v | ADDFX1   | 0.039 |   1.439 |    3.825 | 
     | 31                                                 |              |          |       |         |          | 
     | picorv32_core_genblk1.pcpi_mul_mul_2371_47_cdnfadd | CI v -> CO v | ADDFX1   | 0.036 |   1.476 |    3.861 | 
     | 32                                                 |              |          |       |         |          | 
     | picorv32_core_genblk1.pcpi_mul_mul_2371_47_cdnfadd | CI v -> CO v | ADDFX1   | 0.035 |   1.510 |    3.896 | 
     | 33                                                 |              |          |       |         |          | 
     | picorv32_core_genblk1.pcpi_mul_mul_2371_47_cdnfadd | CI v -> S ^  | ADDFX1   | 0.070 |   1.581 |    3.966 | 
     | 34                                                 |              |          |       |         |          | 
     | picorv32_core_genblk1.pcpi_mul_rd_reg[34]          | D ^          | DFFQXL   | 0.001 |   1.582 |    3.968 | 
     +-----------------------------------------------------------------------------------------------------------+ 
Path 41: MET Setup Check with Pin picorv32_core_count_instr_reg[63]/CK 
Endpoint:   picorv32_core_count_instr_reg[63]/D (^) checked with  leading edge 
of 'clk'
Beginpoint: picorv32_core_count_instr_reg[0]/Q  (^) triggered by  leading edge 
of 'clk'
Path Groups: {reg2reg}
Analysis View: analysis1
Other End Arrival Time          0.004
- Setup                         0.016
+ Phase Shift                   4.000
- Uncertainty                   0.020
= Required Time                 3.968
- Arrival Time                  1.566
= Slack Time                    2.402
     Clock Rise Edge                 0.000
     + Clock Network Latency (Prop)  -0.002
     = Beginpoint Arrival Time       -0.002
     +--------------------------------------------------------------------------------------------+ 
     |              Instance               |     Arc     |   Cell    | Delay | Arrival | Required | 
     |                                     |             |           |       |  Time   |   Time   | 
     |-------------------------------------+-------------+-----------+-------+---------+----------| 
     | picorv32_core_count_instr_reg[0]    | CK ^        |           |       |  -0.002 |    2.400 | 
     | picorv32_core_count_instr_reg[0]    | CK ^ -> Q ^ | DFFHQX1   | 0.043 |   0.041 |    2.443 | 
     | picorv32_core_inc_add_1564_34_g1249 | B ^ -> CO ^ | ADDHX1    | 0.022 |   0.063 |    2.465 | 
     | picorv32_core_inc_add_1564_34_g1248 | B ^ -> CO ^ | ADDHX1    | 0.022 |   0.085 |    2.487 | 
     | picorv32_core_inc_add_1564_34_g1247 | B ^ -> CO ^ | ADDHX1    | 0.023 |   0.108 |    2.510 | 
     | picorv32_core_inc_add_1564_34_g1246 | B ^ -> CO ^ | ADDHX1    | 0.022 |   0.129 |    2.531 | 
     | picorv32_core_inc_add_1564_34_g1245 | B ^ -> CO ^ | ADDHX1    | 0.022 |   0.152 |    2.553 | 
     | picorv32_core_inc_add_1564_34_g1244 | B ^ -> CO ^ | ADDHX1    | 0.025 |   0.177 |    2.578 | 
     | picorv32_core_inc_add_1564_34_g1243 | B ^ -> CO ^ | ADDHX1    | 0.022 |   0.198 |    2.600 | 
     | picorv32_core_inc_add_1564_34_g1242 | B ^ -> CO ^ | ADDHX1    | 0.022 |   0.220 |    2.622 | 
     | picorv32_core_inc_add_1564_34_g1241 | B ^ -> CO ^ | ADDHX1    | 0.023 |   0.243 |    2.644 | 
     | picorv32_core_inc_add_1564_34_g1240 | B ^ -> CO ^ | ADDHX1    | 0.021 |   0.264 |    2.666 | 
     | picorv32_core_inc_add_1564_34_g1239 | B ^ -> CO ^ | ADDHX1    | 0.021 |   0.285 |    2.687 | 
     | picorv32_core_inc_add_1564_34_g1238 | B ^ -> CO ^ | ADDHX1    | 0.023 |   0.308 |    2.709 | 
     | picorv32_core_inc_add_1564_34_g1237 | B ^ -> CO ^ | ADDHX1    | 0.022 |   0.329 |    2.731 | 
     | picorv32_core_inc_add_1564_34_g1236 | B ^ -> CO ^ | ADDHX1    | 0.023 |   0.352 |    2.754 | 
     | picorv32_core_inc_add_1564_34_g1235 | B ^ -> CO ^ | ADDHX1    | 0.037 |   0.390 |    2.791 | 
     | picorv32_core_inc_add_1564_34_g1234 | B ^ -> CO ^ | ADDHX1    | 0.026 |   0.416 |    2.818 | 
     | picorv32_core_inc_add_1564_34_g1233 | B ^ -> CO ^ | ADDHX1    | 0.024 |   0.440 |    2.842 | 
     | picorv32_core_inc_add_1564_34_g1232 | B ^ -> CO ^ | ADDHX1    | 0.023 |   0.463 |    2.864 | 
     | picorv32_core_inc_add_1564_34_g1231 | B ^ -> CO ^ | ADDHX1    | 0.023 |   0.485 |    2.887 | 
     | picorv32_core_inc_add_1564_34_g1230 | B ^ -> CO ^ | ADDHX1    | 0.022 |   0.507 |    2.909 | 
     | picorv32_core_inc_add_1564_34_g1229 | B ^ -> CO ^ | ADDHX1    | 0.021 |   0.528 |    2.930 | 
     | picorv32_core_inc_add_1564_34_g1228 | B ^ -> CO ^ | ADDHX1    | 0.022 |   0.550 |    2.952 | 
     | picorv32_core_inc_add_1564_34_g1227 | B ^ -> CO ^ | ADDHX1    | 0.021 |   0.571 |    2.973 | 
     | picorv32_core_inc_add_1564_34_g1226 | B ^ -> CO ^ | ADDHX1    | 0.022 |   0.593 |    2.995 | 
     | picorv32_core_inc_add_1564_34_g1225 | B ^ -> CO ^ | ADDHX1    | 0.022 |   0.615 |    3.017 | 
     | picorv32_core_inc_add_1564_34_g1224 | B ^ -> CO ^ | ADDHX1    | 0.021 |   0.637 |    3.038 | 
     | picorv32_core_inc_add_1564_34_g1223 | B ^ -> CO ^ | ADDHX1    | 0.023 |   0.659 |    3.061 | 
     | picorv32_core_inc_add_1564_34_g1222 | B ^ -> CO ^ | ADDHX1    | 0.022 |   0.681 |    3.083 | 
     | picorv32_core_inc_add_1564_34_g1221 | B ^ -> CO ^ | ADDHX1    | 0.022 |   0.703 |    3.105 | 
     | picorv32_core_inc_add_1564_34_g1220 | B ^ -> CO ^ | ADDHX1    | 0.031 |   0.734 |    3.136 | 
     | picorv32_core_inc_add_1564_34_g1219 | B ^ -> CO ^ | ADDHX1    | 0.055 |   0.789 |    3.191 | 
     | picorv32_core_inc_add_1564_34_g1218 | B ^ -> CO ^ | ADDHX1    | 0.029 |   0.818 |    3.220 | 
     | picorv32_core_inc_add_1564_34_g1217 | B ^ -> CO ^ | ADDHX1    | 0.021 |   0.839 |    3.241 | 
     | picorv32_core_inc_add_1564_34_g1216 | B ^ -> CO ^ | ADDHX1    | 0.022 |   0.861 |    3.263 | 
     | picorv32_core_inc_add_1564_34_g1215 | B ^ -> CO ^ | ADDHX1    | 0.021 |   0.882 |    3.284 | 
     | picorv32_core_inc_add_1564_34_g1214 | B ^ -> CO ^ | ADDHX1    | 0.024 |   0.906 |    3.308 | 
     | picorv32_core_inc_add_1564_34_g1213 | B ^ -> CO ^ | ADDHX1    | 0.022 |   0.928 |    3.329 | 
     | picorv32_core_inc_add_1564_34_g1212 | B ^ -> CO ^ | ADDHX1    | 0.027 |   0.954 |    3.356 | 
     | picorv32_core_inc_add_1564_34_g1211 | B ^ -> CO ^ | ADDHX1    | 0.023 |   0.977 |    3.379 | 
     | picorv32_core_inc_add_1564_34_g1210 | B ^ -> CO ^ | ADDHX1    | 0.022 |   0.999 |    3.401 | 
     | picorv32_core_inc_add_1564_34_g1209 | B ^ -> CO ^ | ADDHX1    | 0.022 |   1.021 |    3.422 | 
     | picorv32_core_inc_add_1564_34_g1208 | B ^ -> CO ^ | ADDHX1    | 0.023 |   1.044 |    3.445 | 
     | picorv32_core_inc_add_1564_34_g1207 | B ^ -> CO ^ | ADDHX1    | 0.021 |   1.065 |    3.467 | 
     | picorv32_core_inc_add_1564_34_g1206 | B ^ -> CO ^ | ADDHX1    | 0.022 |   1.087 |    3.489 | 
     | picorv32_core_inc_add_1564_34_g1205 | B ^ -> CO ^ | ADDHX1    | 0.022 |   1.109 |    3.511 | 
     | picorv32_core_inc_add_1564_34_g1204 | B ^ -> CO ^ | ADDHX1    | 0.022 |   1.132 |    3.533 | 
     | picorv32_core_inc_add_1564_34_g1203 | B ^ -> CO ^ | ADDHX1    | 0.038 |   1.170 |    3.572 | 
     | picorv32_core_inc_add_1564_34_g1202 | B ^ -> CO ^ | ADDHX1    | 0.028 |   1.198 |    3.600 | 
     | picorv32_core_inc_add_1564_34_g1201 | B ^ -> CO ^ | ADDHX1    | 0.022 |   1.220 |    3.622 | 
     | picorv32_core_inc_add_1564_34_g1200 | B ^ -> CO ^ | ADDHX1    | 0.022 |   1.242 |    3.644 | 
     | picorv32_core_inc_add_1564_34_g1199 | B ^ -> CO ^ | ADDHX1    | 0.022 |   1.264 |    3.666 | 
     | picorv32_core_inc_add_1564_34_g1198 | B ^ -> CO ^ | ADDHX1    | 0.021 |   1.286 |    3.687 | 
     | picorv32_core_inc_add_1564_34_g1197 | B ^ -> CO ^ | ADDHX1    | 0.023 |   1.309 |    3.710 | 
     | picorv32_core_inc_add_1564_34_g1196 | B ^ -> CO ^ | ADDHX1    | 0.022 |   1.331 |    3.733 | 
     | picorv32_core_inc_add_1564_34_g1195 | B ^ -> CO ^ | ADDHX1    | 0.022 |   1.353 |    3.755 | 
     | picorv32_core_inc_add_1564_34_g1194 | B ^ -> CO ^ | ADDHX1    | 0.022 |   1.374 |    3.776 | 
     | picorv32_core_inc_add_1564_34_g1193 | B ^ -> CO ^ | ADDHX1    | 0.024 |   1.398 |    3.800 | 
     | picorv32_core_inc_add_1564_34_g1192 | B ^ -> CO ^ | ADDHX1    | 0.022 |   1.420 |    3.822 | 
     | picorv32_core_inc_add_1564_34_g1191 | B ^ -> CO ^ | ADDHX1    | 0.023 |   1.443 |    3.844 | 
     | picorv32_core_inc_add_1564_34_g1190 | B ^ -> CO ^ | ADDHX1    | 0.022 |   1.465 |    3.866 | 
     | picorv32_core_inc_add_1564_34_g1189 | B ^ -> CO ^ | ADDHX1    | 0.022 |   1.486 |    3.888 | 
     | picorv32_core_inc_add_1564_34_g1188 | B ^ -> CO ^ | ADDHX1    | 0.021 |   1.507 |    3.909 | 
     | picorv32_core_inc_add_1564_34_g1187 | B ^ -> Y ^  | CLKXOR2X1 | 0.021 |   1.529 |    3.930 | 
     | picorv32_core_g194709               | A ^ -> Y v  | MXI2XL    | 0.017 |   1.545 |    3.947 | 
     | picorv32_core_g193778               | B v -> Y ^  | NOR2X1    | 0.020 |   1.566 |    3.968 | 
     | picorv32_core_count_instr_reg[63]   | D ^         | DFFHQX1   | 0.000 |   1.566 |    3.968 | 
     +--------------------------------------------------------------------------------------------+ 
Path 42: MET Setup Check with Pin picorv32_core_reg_next_pc_reg[21]/CK 
Endpoint:   picorv32_core_reg_next_pc_reg[21]/D (v) checked with  leading edge 
of 'clk'
Beginpoint: picorv32_core_irq_mask_reg[12]/Q    (^) triggered by  leading edge 
of 'clk'
Path Groups: {reg2reg}
Analysis View: analysis1
Other End Arrival Time          0.000
- Setup                         0.006
+ Phase Shift                   4.000
- Uncertainty                   0.020
= Required Time                 3.974
- Arrival Time                  1.570
= Slack Time                    2.404
     Clock Rise Edge                 0.000
     + Clock Network Latency (Prop)  0.001
     = Beginpoint Arrival Time       0.001
     +------------------------------------------------------------------------------------------------------+ 
     |                   Instance                   |     Arc      |   Cell    | Delay | Arrival | Required | 
     |                                              |              |           |       |  Time   |   Time   | 
     |----------------------------------------------+--------------+-----------+-------+---------+----------| 
     | picorv32_core_irq_mask_reg[12]               | CK ^         |           |       |   0.001 |    2.405 | 
     | picorv32_core_irq_mask_reg[12]               | CK ^ -> Q ^  | DFFHQX1   | 0.044 |   0.045 |    2.449 | 
     | picorv32_core_g88708__2883                   | AN ^ -> Y ^  | NAND2BX1  | 0.038 |   0.083 |    2.487 | 
     | picorv32_core_g88395__5115                   | B ^ -> Y ^   | AND4XL    | 0.044 |   0.127 |    2.531 | 
     | picorv32_core_g88377__2398                   | D ^ -> Y ^   | AND4XL    | 0.035 |   0.161 |    2.565 | 
     | picorv32_core_g88366__6161                   | D ^ -> Y ^   | AND4XL    | 0.041 |   0.202 |    2.606 | 
     | picorv32_core_g88356__5122                   | D ^ -> Y ^   | AND4XL    | 0.058 |   0.260 |    2.664 | 
     | picorv32_core_g88349__6783                   | D ^ -> Y ^   | AND4XL    | 0.052 |   0.312 |    2.716 | 
     | picorv32_core_g88343__6260                   | D ^ -> Y ^   | AND4XL    | 0.064 |   0.376 |    2.780 | 
     | picorv32_core_g88337__1666                   | D ^ -> Y ^   | AND4XL    | 0.044 |   0.420 |    2.824 | 
     | picorv32_core_g88335__2883                   | D ^ -> Y ^   | AND4XL    | 0.044 |   0.464 |    2.868 | 
     | picorv32_core_g88333__9315                   | D ^ -> Y ^   | AND4X1    | 0.039 |   0.503 |    2.907 | 
     | picorv32_core_g88331__4733                   | D ^ -> Y v   | NAND4XL   | 0.026 |   0.529 |    2.933 | 
     | picorv32_core_g88330__7482                   | B v -> Y ^   | NOR2BX1   | 0.087 |   0.617 |    3.021 | 
     | picorv32_core_g88328__1881                   | D ^ -> Y ^   | OR4X1     | 0.032 |   0.648 |    3.052 | 
     | picorv32_core_g88326__6131                   | B ^ -> Y v   | NAND2BX1  | 0.032 |   0.680 |    3.084 | 
     | picorv32_core_g88325__7098                   | AN v -> Y v  | NAND2BX1  | 0.026 |   0.706 |    3.110 | 
     | picorv32_core_g88323__5122                   | AN v -> Y v  | NAND2BX1  | 0.019 |   0.724 |    3.128 | 
     | picorv32_core_g88322__1705                   | B v -> Y v   | OR2X1     | 0.075 |   0.800 |    3.204 | 
     | picorv32_core_g88320__1617                   | B v -> Y ^   | NOR2BX1   | 0.054 |   0.854 |    3.258 | 
     | picorv32_core_add_1569_33_Y_add_1552_33_g763 | B ^ -> CO ^  | ADDHX1    | 0.029 |   0.882 |    3.286 | 
     | picorv32_core_add_1569_33_Y_add_1552_33_g762 | CI ^ -> CO ^ | ADDFX1    | 0.031 |   0.914 |    3.318 | 
     | picorv32_core_add_1569_33_Y_add_1552_33_g761 | CI ^ -> CO ^ | ADDFX1    | 0.031 |   0.945 |    3.349 | 
     | picorv32_core_add_1569_33_Y_add_1552_33_g760 | CI ^ -> CO ^ | ADDFX1    | 0.032 |   0.976 |    3.380 | 
     | picorv32_core_add_1569_33_Y_add_1552_33_g759 | CI ^ -> CO ^ | ADDFX1    | 0.031 |   1.008 |    3.412 | 
     | picorv32_core_add_1569_33_Y_add_1552_33_g758 | CI ^ -> CO ^ | ADDFX1    | 0.032 |   1.040 |    3.444 | 
     | picorv32_core_add_1569_33_Y_add_1552_33_g757 | CI ^ -> CO ^ | ADDFX1    | 0.032 |   1.072 |    3.476 | 
     | picorv32_core_add_1569_33_Y_add_1552_33_g756 | CI ^ -> CO ^ | ADDFX1    | 0.033 |   1.105 |    3.509 | 
     | picorv32_core_add_1569_33_Y_add_1552_33_g755 | CI ^ -> CO ^ | ADDFX1    | 0.031 |   1.136 |    3.540 | 
     | picorv32_core_add_1569_33_Y_add_1552_33_g754 | CI ^ -> CO ^ | ADDFX1    | 0.032 |   1.167 |    3.571 | 
     | picorv32_core_add_1569_33_Y_add_1552_33_g753 | CI ^ -> CO ^ | ADDFX1    | 0.031 |   1.198 |    3.602 | 
     | picorv32_core_add_1569_33_Y_add_1552_33_g752 | CI ^ -> CO ^ | ADDFX1    | 0.033 |   1.231 |    3.635 | 
     | picorv32_core_add_1569_33_Y_add_1552_33_g751 | CI ^ -> CO ^ | ADDFX1    | 0.031 |   1.262 |    3.666 | 
     | picorv32_core_add_1569_33_Y_add_1552_33_g750 | CI ^ -> CO ^ | ADDFX1    | 0.032 |   1.295 |    3.699 | 
     | picorv32_core_add_1569_33_Y_add_1552_33_g749 | CI ^ -> CO ^ | ADDFX1    | 0.032 |   1.327 |    3.731 | 
     | picorv32_core_add_1569_33_Y_add_1552_33_g748 | CI ^ -> CO ^ | ADDFX1    | 0.031 |   1.358 |    3.762 | 
     | picorv32_core_add_1569_33_Y_add_1552_33_g747 | CI ^ -> CO ^ | ADDFX1    | 0.032 |   1.390 |    3.794 | 
     | picorv32_core_add_1569_33_Y_add_1552_33_g746 | CI ^ -> CO ^ | ADDFX1    | 0.032 |   1.422 |    3.826 | 
     | picorv32_core_add_1569_33_Y_add_1552_33_g745 | CI ^ -> CO ^ | ADDFX1    | 0.034 |   1.456 |    3.860 | 
     | picorv32_core_add_1569_33_Y_add_1552_33_g744 | CI ^ -> CO ^ | ADDFX1    | 0.032 |   1.488 |    3.892 | 
     | picorv32_core_add_1569_33_Y_add_1552_33_g743 | CI ^ -> S v  | ADDFX1    | 0.047 |   1.534 |    3.938 | 
     | picorv32_core_g190244__4733                  | B1 v -> Y ^  | AOI22X1   | 0.015 |   1.549 |    3.953 | 
     | picorv32_core_g190215__7482                  | B0 ^ -> Y v  | OAI2BB1X1 | 0.021 |   1.570 |    3.974 | 
     | picorv32_core_reg_next_pc_reg[21]            | D v          | DFFHQX1   | 0.000 |   1.570 |    3.974 | 
     +------------------------------------------------------------------------------------------------------+ 
Path 43: MET Setup Check with Pin picorv32_core_genblk1.pcpi_mul_rd_reg[33]/CK 
Endpoint:   picorv32_core_genblk1.pcpi_mul_rd_reg[33]/D (^) checked with  
leading edge of 'clk'
Beginpoint: picorv32_core_genblk1.pcpi_mul_rs2_reg[5]/Q (^) triggered by  
leading edge of 'clk'
Path Groups: {reg2reg}
Analysis View: analysis1
Other End Arrival Time          0.004
- Setup                         0.017
+ Phase Shift                   4.000
- Uncertainty                   0.020
= Required Time                 3.967
- Arrival Time                  1.548
= Slack Time                    2.419
     Clock Rise Edge                 0.000
     + Clock Network Latency (Prop)  0.002
     = Beginpoint Arrival Time       0.002
     +-----------------------------------------------------------------------------------------------------------+ 
     |                      Instance                      |     Arc      |   Cell   | Delay | Arrival | Required | 
     |                                                    |              |          |       |  Time   |   Time   | 
     |----------------------------------------------------+--------------+----------+-------+---------+----------| 
     | picorv32_core_genblk1.pcpi_mul_rs2_reg[5]          | CK ^         |          |       |   0.002 |    2.421 | 
     | picorv32_core_genblk1.pcpi_mul_rs2_reg[5]          | CK ^ -> Q ^  | MDFFHQX1 | 0.132 |   0.134 |    2.554 | 
     | picorv32_core_genblk1.pcpi_mul_mul_2371_47_g14046  | A ^ -> Y v   | INVX1    | 0.055 |   0.190 |    2.609 | 
     | picorv32_core_genblk1.pcpi_mul_mul_2371_47_g13987  | B v -> Y ^   | XNOR2X1  | 0.031 |   0.221 |    2.640 | 
     | picorv32_core_genblk1.pcpi_mul_mul_2371_47_g13897  | A ^ -> Y ^   | OR2X1    | 0.082 |   0.303 |    2.722 | 
     | picorv32_core_genblk1.pcpi_mul_mul_2371_47_g13890  | A ^ -> Y v   | INVX1    | 0.053 |   0.356 |    2.775 | 
     | picorv32_core_genblk1.pcpi_mul_mul_2371_47_g13740  | A1 v -> Y ^  | OAI21X1  | 0.029 |   0.384 |    2.804 | 
     | picorv32_core_genblk1.pcpi_mul_mul_2371_47_g13494  | B ^ -> Y ^   | XNOR2X1  | 0.025 |   0.409 |    2.828 | 
     | picorv32_core_genblk1.pcpi_mul_mul_2371_47_g13440  | B ^ -> S v   | ADDHX1   | 0.031 |   0.440 |    2.859 | 
     | picorv32_core_genblk1.pcpi_mul_mul_2371_47_cdnfadd | A v -> CO v  | ADDFX1   | 0.036 |   0.476 |    2.895 | 
     | 3                                                  |              |          |       |         |          | 
     | picorv32_core_genblk1.pcpi_mul_mul_2371_47_cdnfadd | CI v -> CO v | ADDFX1   | 0.035 |   0.511 |    2.930 | 
     | 4                                                  |              |          |       |         |          | 
     | picorv32_core_genblk1.pcpi_mul_mul_2371_47_cdnfadd | CI v -> CO v | ADDFX1   | 0.035 |   0.546 |    2.965 | 
     | 5                                                  |              |          |       |         |          | 
     | picorv32_core_genblk1.pcpi_mul_mul_2371_47_cdnfadd | CI v -> CO v | ADDFX1   | 0.034 |   0.580 |    2.999 | 
     | 6                                                  |              |          |       |         |          | 
     | picorv32_core_genblk1.pcpi_mul_mul_2371_47_cdnfadd | CI v -> CO v | ADDFX1   | 0.034 |   0.614 |    3.033 | 
     | 7                                                  |              |          |       |         |          | 
     | picorv32_core_genblk1.pcpi_mul_mul_2371_47_cdnfadd | CI v -> CO v | ADDFX1   | 0.034 |   0.648 |    3.067 | 
     | 8                                                  |              |          |       |         |          | 
     | picorv32_core_genblk1.pcpi_mul_mul_2371_47_cdnfadd | CI v -> CO v | ADDFX1   | 0.034 |   0.682 |    3.101 | 
     | 9                                                  |              |          |       |         |          | 
     | picorv32_core_genblk1.pcpi_mul_mul_2371_47_cdnfadd | CI v -> CO v | ADDFX1   | 0.034 |   0.716 |    3.135 | 
     | 10                                                 |              |          |       |         |          | 
     | picorv32_core_genblk1.pcpi_mul_mul_2371_47_cdnfadd | CI v -> CO v | ADDFX1   | 0.034 |   0.750 |    3.169 | 
     | 11                                                 |              |          |       |         |          | 
     | picorv32_core_genblk1.pcpi_mul_mul_2371_47_cdnfadd | CI v -> CO v | ADDFX1   | 0.035 |   0.784 |    3.203 | 
     | 12                                                 |              |          |       |         |          | 
     | picorv32_core_genblk1.pcpi_mul_mul_2371_47_cdnfadd | CI v -> CO v | ADDFX1   | 0.034 |   0.818 |    3.237 | 
     | 13                                                 |              |          |       |         |          | 
     | picorv32_core_genblk1.pcpi_mul_mul_2371_47_cdnfadd | CI v -> CO v | ADDFX1   | 0.034 |   0.852 |    3.271 | 
     | 14                                                 |              |          |       |         |          | 
     | picorv32_core_genblk1.pcpi_mul_mul_2371_47_cdnfadd | CI v -> CO v | ADDFX1   | 0.033 |   0.886 |    3.305 | 
     | 15                                                 |              |          |       |         |          | 
     | picorv32_core_genblk1.pcpi_mul_mul_2371_47_cdnfadd | CI v -> CO v | ADDFX1   | 0.034 |   0.919 |    3.338 | 
     | 16                                                 |              |          |       |         |          | 
     | picorv32_core_genblk1.pcpi_mul_mul_2371_47_cdnfadd | CI v -> CO v | ADDFX1   | 0.034 |   0.953 |    3.372 | 
     | 17                                                 |              |          |       |         |          | 
     | picorv32_core_genblk1.pcpi_mul_mul_2371_47_cdnfadd | CI v -> CO v | ADDFX1   | 0.034 |   0.987 |    3.406 | 
     | 18                                                 |              |          |       |         |          | 
     | picorv32_core_genblk1.pcpi_mul_mul_2371_47_cdnfadd | CI v -> CO v | ADDFX1   | 0.034 |   1.021 |    3.440 | 
     | 19                                                 |              |          |       |         |          | 
     | picorv32_core_genblk1.pcpi_mul_mul_2371_47_cdnfadd | CI v -> CO v | ADDFX1   | 0.035 |   1.056 |    3.475 | 
     | 20                                                 |              |          |       |         |          | 
     | picorv32_core_genblk1.pcpi_mul_mul_2371_47_cdnfadd | CI v -> CO v | ADDFX1   | 0.034 |   1.090 |    3.509 | 
     | 21                                                 |              |          |       |         |          | 
     | picorv32_core_genblk1.pcpi_mul_mul_2371_47_cdnfadd | CI v -> CO v | ADDFX1   | 0.034 |   1.124 |    3.543 | 
     | 22                                                 |              |          |       |         |          | 
     | picorv32_core_genblk1.pcpi_mul_mul_2371_47_cdnfadd | CI v -> CO v | ADDFX1   | 0.034 |   1.158 |    3.577 | 
     | 23                                                 |              |          |       |         |          | 
     | picorv32_core_genblk1.pcpi_mul_mul_2371_47_cdnfadd | CI v -> CO v | ADDFX1   | 0.036 |   1.194 |    3.613 | 
     | 24                                                 |              |          |       |         |          | 
     | picorv32_core_genblk1.pcpi_mul_mul_2371_47_cdnfadd | CI v -> CO v | ADDFX1   | 0.035 |   1.229 |    3.648 | 
     | 25                                                 |              |          |       |         |          | 
     | picorv32_core_genblk1.pcpi_mul_mul_2371_47_cdnfadd | CI v -> CO v | ADDFX1   | 0.033 |   1.262 |    3.681 | 
     | 26                                                 |              |          |       |         |          | 
     | picorv32_core_genblk1.pcpi_mul_mul_2371_47_cdnfadd | CI v -> CO v | ADDFX1   | 0.034 |   1.296 |    3.715 | 
     | 27                                                 |              |          |       |         |          | 
     | picorv32_core_genblk1.pcpi_mul_mul_2371_47_cdnfadd | CI v -> CO v | ADDFX1   | 0.034 |   1.330 |    3.749 | 
     | 28                                                 |              |          |       |         |          | 
     | picorv32_core_genblk1.pcpi_mul_mul_2371_47_cdnfadd | CI v -> CO v | ADDFX1   | 0.035 |   1.365 |    3.784 | 
     | 29                                                 |              |          |       |         |          | 
     | picorv32_core_genblk1.pcpi_mul_mul_2371_47_cdnfadd | CI v -> CO v | ADDFX1   | 0.035 |   1.400 |    3.819 | 
     | 30                                                 |              |          |       |         |          | 
     | picorv32_core_genblk1.pcpi_mul_mul_2371_47_cdnfadd | CI v -> CO v | ADDFX1   | 0.039 |   1.439 |    3.858 | 
     | 31                                                 |              |          |       |         |          | 
     | picorv32_core_genblk1.pcpi_mul_mul_2371_47_cdnfadd | CI v -> CO v | ADDFX1   | 0.036 |   1.476 |    3.895 | 
     | 32                                                 |              |          |       |         |          | 
     | picorv32_core_genblk1.pcpi_mul_mul_2371_47_cdnfadd | CI v -> S ^  | ADDFX1   | 0.072 |   1.547 |    3.966 | 
     | 33                                                 |              |          |       |         |          | 
     | picorv32_core_genblk1.pcpi_mul_rd_reg[33]          | D ^          | DFFQXL   | 0.001 |   1.548 |    3.967 | 
     +-----------------------------------------------------------------------------------------------------------+ 
Path 44: MET Setup Check with Pin picorv32_core_count_instr_reg[62]/CK 
Endpoint:   picorv32_core_count_instr_reg[62]/D (^) checked with  leading edge 
of 'clk'
Beginpoint: picorv32_core_count_instr_reg[0]/Q  (^) triggered by  leading edge 
of 'clk'
Path Groups: {reg2reg}
Analysis View: analysis1
Other End Arrival Time          0.004
- Setup                         0.016
+ Phase Shift                   4.000
- Uncertainty                   0.020
= Required Time                 3.968
- Arrival Time                  1.546
= Slack Time                    2.421
     Clock Rise Edge                 0.000
     + Clock Network Latency (Prop)  -0.002
     = Beginpoint Arrival Time       -0.002
     +------------------------------------------------------------------------------------------+ 
     |              Instance               |     Arc     |  Cell   | Delay | Arrival | Required | 
     |                                     |             |         |       |  Time   |   Time   | 
     |-------------------------------------+-------------+---------+-------+---------+----------| 
     | picorv32_core_count_instr_reg[0]    | CK ^        |         |       |  -0.002 |    2.419 | 
     | picorv32_core_count_instr_reg[0]    | CK ^ -> Q ^ | DFFHQX1 | 0.043 |   0.041 |    2.463 | 
     | picorv32_core_inc_add_1564_34_g1249 | B ^ -> CO ^ | ADDHX1  | 0.022 |   0.063 |    2.485 | 
     | picorv32_core_inc_add_1564_34_g1248 | B ^ -> CO ^ | ADDHX1  | 0.022 |   0.085 |    2.507 | 
     | picorv32_core_inc_add_1564_34_g1247 | B ^ -> CO ^ | ADDHX1  | 0.023 |   0.108 |    2.529 | 
     | picorv32_core_inc_add_1564_34_g1246 | B ^ -> CO ^ | ADDHX1  | 0.022 |   0.129 |    2.551 | 
     | picorv32_core_inc_add_1564_34_g1245 | B ^ -> CO ^ | ADDHX1  | 0.022 |   0.152 |    2.573 | 
     | picorv32_core_inc_add_1564_34_g1244 | B ^ -> CO ^ | ADDHX1  | 0.025 |   0.177 |    2.598 | 
     | picorv32_core_inc_add_1564_34_g1243 | B ^ -> CO ^ | ADDHX1  | 0.022 |   0.198 |    2.620 | 
     | picorv32_core_inc_add_1564_34_g1242 | B ^ -> CO ^ | ADDHX1  | 0.022 |   0.220 |    2.641 | 
     | picorv32_core_inc_add_1564_34_g1241 | B ^ -> CO ^ | ADDHX1  | 0.023 |   0.243 |    2.664 | 
     | picorv32_core_inc_add_1564_34_g1240 | B ^ -> CO ^ | ADDHX1  | 0.021 |   0.264 |    2.685 | 
     | picorv32_core_inc_add_1564_34_g1239 | B ^ -> CO ^ | ADDHX1  | 0.021 |   0.285 |    2.706 | 
     | picorv32_core_inc_add_1564_34_g1238 | B ^ -> CO ^ | ADDHX1  | 0.023 |   0.308 |    2.729 | 
     | picorv32_core_inc_add_1564_34_g1237 | B ^ -> CO ^ | ADDHX1  | 0.022 |   0.329 |    2.751 | 
     | picorv32_core_inc_add_1564_34_g1236 | B ^ -> CO ^ | ADDHX1  | 0.023 |   0.352 |    2.774 | 
     | picorv32_core_inc_add_1564_34_g1235 | B ^ -> CO ^ | ADDHX1  | 0.037 |   0.390 |    2.811 | 
     | picorv32_core_inc_add_1564_34_g1234 | B ^ -> CO ^ | ADDHX1  | 0.026 |   0.416 |    2.837 | 
     | picorv32_core_inc_add_1564_34_g1233 | B ^ -> CO ^ | ADDHX1  | 0.024 |   0.440 |    2.861 | 
     | picorv32_core_inc_add_1564_34_g1232 | B ^ -> CO ^ | ADDHX1  | 0.023 |   0.463 |    2.884 | 
     | picorv32_core_inc_add_1564_34_g1231 | B ^ -> CO ^ | ADDHX1  | 0.023 |   0.485 |    2.907 | 
     | picorv32_core_inc_add_1564_34_g1230 | B ^ -> CO ^ | ADDHX1  | 0.022 |   0.507 |    2.928 | 
     | picorv32_core_inc_add_1564_34_g1229 | B ^ -> CO ^ | ADDHX1  | 0.021 |   0.528 |    2.949 | 
     | picorv32_core_inc_add_1564_34_g1228 | B ^ -> CO ^ | ADDHX1  | 0.022 |   0.550 |    2.971 | 
     | picorv32_core_inc_add_1564_34_g1227 | B ^ -> CO ^ | ADDHX1  | 0.021 |   0.571 |    2.993 | 
     | picorv32_core_inc_add_1564_34_g1226 | B ^ -> CO ^ | ADDHX1  | 0.022 |   0.593 |    3.015 | 
     | picorv32_core_inc_add_1564_34_g1225 | B ^ -> CO ^ | ADDHX1  | 0.022 |   0.615 |    3.037 | 
     | picorv32_core_inc_add_1564_34_g1224 | B ^ -> CO ^ | ADDHX1  | 0.021 |   0.637 |    3.058 | 
     | picorv32_core_inc_add_1564_34_g1223 | B ^ -> CO ^ | ADDHX1  | 0.023 |   0.659 |    3.081 | 
     | picorv32_core_inc_add_1564_34_g1222 | B ^ -> CO ^ | ADDHX1  | 0.022 |   0.681 |    3.103 | 
     | picorv32_core_inc_add_1564_34_g1221 | B ^ -> CO ^ | ADDHX1  | 0.022 |   0.703 |    3.125 | 
     | picorv32_core_inc_add_1564_34_g1220 | B ^ -> CO ^ | ADDHX1  | 0.031 |   0.734 |    3.156 | 
     | picorv32_core_inc_add_1564_34_g1219 | B ^ -> CO ^ | ADDHX1  | 0.055 |   0.789 |    3.210 | 
     | picorv32_core_inc_add_1564_34_g1218 | B ^ -> CO ^ | ADDHX1  | 0.029 |   0.818 |    3.239 | 
     | picorv32_core_inc_add_1564_34_g1217 | B ^ -> CO ^ | ADDHX1  | 0.021 |   0.839 |    3.260 | 
     | picorv32_core_inc_add_1564_34_g1216 | B ^ -> CO ^ | ADDHX1  | 0.022 |   0.861 |    3.282 | 
     | picorv32_core_inc_add_1564_34_g1215 | B ^ -> CO ^ | ADDHX1  | 0.021 |   0.882 |    3.304 | 
     | picorv32_core_inc_add_1564_34_g1214 | B ^ -> CO ^ | ADDHX1  | 0.024 |   0.906 |    3.327 | 
     | picorv32_core_inc_add_1564_34_g1213 | B ^ -> CO ^ | ADDHX1  | 0.022 |   0.928 |    3.349 | 
     | picorv32_core_inc_add_1564_34_g1212 | B ^ -> CO ^ | ADDHX1  | 0.027 |   0.954 |    3.376 | 
     | picorv32_core_inc_add_1564_34_g1211 | B ^ -> CO ^ | ADDHX1  | 0.023 |   0.977 |    3.398 | 
     | picorv32_core_inc_add_1564_34_g1210 | B ^ -> CO ^ | ADDHX1  | 0.022 |   0.999 |    3.420 | 
     | picorv32_core_inc_add_1564_34_g1209 | B ^ -> CO ^ | ADDHX1  | 0.022 |   1.021 |    3.442 | 
     | picorv32_core_inc_add_1564_34_g1208 | B ^ -> CO ^ | ADDHX1  | 0.023 |   1.044 |    3.465 | 
     | picorv32_core_inc_add_1564_34_g1207 | B ^ -> CO ^ | ADDHX1  | 0.021 |   1.065 |    3.486 | 
     | picorv32_core_inc_add_1564_34_g1206 | B ^ -> CO ^ | ADDHX1  | 0.022 |   1.087 |    3.508 | 
     | picorv32_core_inc_add_1564_34_g1205 | B ^ -> CO ^ | ADDHX1  | 0.022 |   1.109 |    3.531 | 
     | picorv32_core_inc_add_1564_34_g1204 | B ^ -> CO ^ | ADDHX1  | 0.022 |   1.132 |    3.553 | 
     | picorv32_core_inc_add_1564_34_g1203 | B ^ -> CO ^ | ADDHX1  | 0.038 |   1.170 |    3.591 | 
     | picorv32_core_inc_add_1564_34_g1202 | B ^ -> CO ^ | ADDHX1  | 0.028 |   1.198 |    3.619 | 
     | picorv32_core_inc_add_1564_34_g1201 | B ^ -> CO ^ | ADDHX1  | 0.022 |   1.220 |    3.642 | 
     | picorv32_core_inc_add_1564_34_g1200 | B ^ -> CO ^ | ADDHX1  | 0.022 |   1.242 |    3.663 | 
     | picorv32_core_inc_add_1564_34_g1199 | B ^ -> CO ^ | ADDHX1  | 0.022 |   1.264 |    3.686 | 
     | picorv32_core_inc_add_1564_34_g1198 | B ^ -> CO ^ | ADDHX1  | 0.021 |   1.286 |    3.707 | 
     | picorv32_core_inc_add_1564_34_g1197 | B ^ -> CO ^ | ADDHX1  | 0.023 |   1.309 |    3.730 | 
     | picorv32_core_inc_add_1564_34_g1196 | B ^ -> CO ^ | ADDHX1  | 0.022 |   1.331 |    3.752 | 
     | picorv32_core_inc_add_1564_34_g1195 | B ^ -> CO ^ | ADDHX1  | 0.022 |   1.353 |    3.774 | 
     | picorv32_core_inc_add_1564_34_g1194 | B ^ -> CO ^ | ADDHX1  | 0.022 |   1.374 |    3.796 | 
     | picorv32_core_inc_add_1564_34_g1193 | B ^ -> CO ^ | ADDHX1  | 0.024 |   1.398 |    3.820 | 
     | picorv32_core_inc_add_1564_34_g1192 | B ^ -> CO ^ | ADDHX1  | 0.022 |   1.420 |    3.841 | 
     | picorv32_core_inc_add_1564_34_g1191 | B ^ -> CO ^ | ADDHX1  | 0.023 |   1.443 |    3.864 | 
     | picorv32_core_inc_add_1564_34_g1190 | B ^ -> CO ^ | ADDHX1  | 0.022 |   1.465 |    3.886 | 
     | picorv32_core_inc_add_1564_34_g1189 | B ^ -> CO ^ | ADDHX1  | 0.022 |   1.486 |    3.908 | 
     | picorv32_core_inc_add_1564_34_g1188 | B ^ -> S ^  | ADDHX1  | 0.021 |   1.507 |    3.928 | 
     | picorv32_core_g194708               | A ^ -> Y v  | MXI2XL  | 0.018 |   1.525 |    3.946 | 
     | picorv32_core_g193777               | B v -> Y ^  | NOR2X1  | 0.022 |   1.546 |    3.968 | 
     | picorv32_core_count_instr_reg[62]   | D ^         | DFFHQX1 | 0.000 |   1.546 |    3.968 | 
     +------------------------------------------------------------------------------------------+ 
Path 45: MET Setup Check with Pin picorv32_core_reg_next_pc_reg[20]/CK 
Endpoint:   picorv32_core_reg_next_pc_reg[20]/D (v) checked with  leading edge 
of 'clk'
Beginpoint: picorv32_core_irq_mask_reg[12]/Q    (^) triggered by  leading edge 
of 'clk'
Path Groups: {reg2reg}
Analysis View: analysis1
Other End Arrival Time          0.000
- Setup                         0.006
+ Phase Shift                   4.000
- Uncertainty                   0.020
= Required Time                 3.974
- Arrival Time                  1.539
= Slack Time                    2.435
     Clock Rise Edge                 0.000
     + Clock Network Latency (Prop)  0.001
     = Beginpoint Arrival Time       0.001
     +------------------------------------------------------------------------------------------------------+ 
     |                   Instance                   |     Arc      |   Cell    | Delay | Arrival | Required | 
     |                                              |              |           |       |  Time   |   Time   | 
     |----------------------------------------------+--------------+-----------+-------+---------+----------| 
     | picorv32_core_irq_mask_reg[12]               | CK ^         |           |       |   0.001 |    2.436 | 
     | picorv32_core_irq_mask_reg[12]               | CK ^ -> Q ^  | DFFHQX1   | 0.044 |   0.045 |    2.480 | 
     | picorv32_core_g88708__2883                   | AN ^ -> Y ^  | NAND2BX1  | 0.038 |   0.083 |    2.518 | 
     | picorv32_core_g88395__5115                   | B ^ -> Y ^   | AND4XL    | 0.044 |   0.127 |    2.562 | 
     | picorv32_core_g88377__2398                   | D ^ -> Y ^   | AND4XL    | 0.035 |   0.161 |    2.597 | 
     | picorv32_core_g88366__6161                   | D ^ -> Y ^   | AND4XL    | 0.041 |   0.202 |    2.638 | 
     | picorv32_core_g88356__5122                   | D ^ -> Y ^   | AND4XL    | 0.058 |   0.260 |    2.695 | 
     | picorv32_core_g88349__6783                   | D ^ -> Y ^   | AND4XL    | 0.052 |   0.312 |    2.748 | 
     | picorv32_core_g88343__6260                   | D ^ -> Y ^   | AND4XL    | 0.064 |   0.376 |    2.812 | 
     | picorv32_core_g88337__1666                   | D ^ -> Y ^   | AND4XL    | 0.044 |   0.420 |    2.855 | 
     | picorv32_core_g88335__2883                   | D ^ -> Y ^   | AND4XL    | 0.044 |   0.464 |    2.899 | 
     | picorv32_core_g88333__9315                   | D ^ -> Y ^   | AND4X1    | 0.039 |   0.503 |    2.938 | 
     | picorv32_core_g88331__4733                   | D ^ -> Y v   | NAND4XL   | 0.026 |   0.529 |    2.965 | 
     | picorv32_core_g88330__7482                   | B v -> Y ^   | NOR2BX1   | 0.087 |   0.617 |    3.052 | 
     | picorv32_core_g88328__1881                   | D ^ -> Y ^   | OR4X1     | 0.032 |   0.648 |    3.084 | 
     | picorv32_core_g88326__6131                   | B ^ -> Y v   | NAND2BX1  | 0.032 |   0.680 |    3.115 | 
     | picorv32_core_g88325__7098                   | AN v -> Y v  | NAND2BX1  | 0.026 |   0.706 |    3.141 | 
     | picorv32_core_g88323__5122                   | AN v -> Y v  | NAND2BX1  | 0.019 |   0.724 |    3.160 | 
     | picorv32_core_g88322__1705                   | B v -> Y v   | OR2X1     | 0.075 |   0.800 |    3.235 | 
     | picorv32_core_g88320__1617                   | B v -> Y ^   | NOR2BX1   | 0.054 |   0.854 |    3.289 | 
     | picorv32_core_add_1569_33_Y_add_1552_33_g763 | B ^ -> CO ^  | ADDHX1    | 0.029 |   0.882 |    3.318 | 
     | picorv32_core_add_1569_33_Y_add_1552_33_g762 | CI ^ -> CO ^ | ADDFX1    | 0.031 |   0.914 |    3.349 | 
     | picorv32_core_add_1569_33_Y_add_1552_33_g761 | CI ^ -> CO ^ | ADDFX1    | 0.031 |   0.945 |    3.380 | 
     | picorv32_core_add_1569_33_Y_add_1552_33_g760 | CI ^ -> CO ^ | ADDFX1    | 0.032 |   0.976 |    3.412 | 
     | picorv32_core_add_1569_33_Y_add_1552_33_g759 | CI ^ -> CO ^ | ADDFX1    | 0.031 |   1.008 |    3.443 | 
     | picorv32_core_add_1569_33_Y_add_1552_33_g758 | CI ^ -> CO ^ | ADDFX1    | 0.032 |   1.040 |    3.476 | 
     | picorv32_core_add_1569_33_Y_add_1552_33_g757 | CI ^ -> CO ^ | ADDFX1    | 0.032 |   1.072 |    3.508 | 
     | picorv32_core_add_1569_33_Y_add_1552_33_g756 | CI ^ -> CO ^ | ADDFX1    | 0.033 |   1.105 |    3.540 | 
     | picorv32_core_add_1569_33_Y_add_1552_33_g755 | CI ^ -> CO ^ | ADDFX1    | 0.031 |   1.136 |    3.571 | 
     | picorv32_core_add_1569_33_Y_add_1552_33_g754 | CI ^ -> CO ^ | ADDFX1    | 0.032 |   1.167 |    3.603 | 
     | picorv32_core_add_1569_33_Y_add_1552_33_g753 | CI ^ -> CO ^ | ADDFX1    | 0.031 |   1.198 |    3.634 | 
     | picorv32_core_add_1569_33_Y_add_1552_33_g752 | CI ^ -> CO ^ | ADDFX1    | 0.033 |   1.231 |    3.666 | 
     | picorv32_core_add_1569_33_Y_add_1552_33_g751 | CI ^ -> CO ^ | ADDFX1    | 0.031 |   1.262 |    3.698 | 
     | picorv32_core_add_1569_33_Y_add_1552_33_g750 | CI ^ -> CO ^ | ADDFX1    | 0.032 |   1.295 |    3.730 | 
     | picorv32_core_add_1569_33_Y_add_1552_33_g749 | CI ^ -> CO ^ | ADDFX1    | 0.032 |   1.327 |    3.762 | 
     | picorv32_core_add_1569_33_Y_add_1552_33_g748 | CI ^ -> CO ^ | ADDFX1    | 0.031 |   1.358 |    3.794 | 
     | picorv32_core_add_1569_33_Y_add_1552_33_g747 | CI ^ -> CO ^ | ADDFX1    | 0.032 |   1.390 |    3.826 | 
     | picorv32_core_add_1569_33_Y_add_1552_33_g746 | CI ^ -> CO ^ | ADDFX1    | 0.032 |   1.422 |    3.857 | 
     | picorv32_core_add_1569_33_Y_add_1552_33_g745 | CI ^ -> CO ^ | ADDFX1    | 0.034 |   1.456 |    3.891 | 
     | picorv32_core_add_1569_33_Y_add_1552_33_g744 | CI ^ -> S v  | ADDFX1    | 0.048 |   1.504 |    3.939 | 
     | picorv32_core_g190243__7482                  | B1 v -> Y ^  | AOI22X1   | 0.015 |   1.519 |    3.954 | 
     | picorv32_core_g190212__6131                  | B0 ^ -> Y v  | OAI2BB1X1 | 0.020 |   1.539 |    3.974 | 
     | picorv32_core_reg_next_pc_reg[20]            | D v          | DFFHQX1   | 0.000 |   1.539 |    3.974 | 
     +------------------------------------------------------------------------------------------------------+ 
Path 46: MET Setup Check with Pin picorv32_core_count_instr_reg[61]/CK 
Endpoint:   picorv32_core_count_instr_reg[61]/D (^) checked with  leading edge 
of 'clk'
Beginpoint: picorv32_core_count_instr_reg[0]/Q  (^) triggered by  leading edge 
of 'clk'
Path Groups: {reg2reg}
Analysis View: analysis1
Other End Arrival Time          0.004
- Setup                         0.016
+ Phase Shift                   4.000
- Uncertainty                   0.020
= Required Time                 3.968
- Arrival Time                  1.523
= Slack Time                    2.445
     Clock Rise Edge                 0.000
     + Clock Network Latency (Prop)  -0.002
     = Beginpoint Arrival Time       -0.002
     +------------------------------------------------------------------------------------------+ 
     |              Instance               |     Arc     |  Cell   | Delay | Arrival | Required | 
     |                                     |             |         |       |  Time   |   Time   | 
     |-------------------------------------+-------------+---------+-------+---------+----------| 
     | picorv32_core_count_instr_reg[0]    | CK ^        |         |       |  -0.002 |    2.443 | 
     | picorv32_core_count_instr_reg[0]    | CK ^ -> Q ^ | DFFHQX1 | 0.043 |   0.041 |    2.486 | 
     | picorv32_core_inc_add_1564_34_g1249 | B ^ -> CO ^ | ADDHX1  | 0.022 |   0.063 |    2.508 | 
     | picorv32_core_inc_add_1564_34_g1248 | B ^ -> CO ^ | ADDHX1  | 0.022 |   0.085 |    2.530 | 
     | picorv32_core_inc_add_1564_34_g1247 | B ^ -> CO ^ | ADDHX1  | 0.023 |   0.108 |    2.553 | 
     | picorv32_core_inc_add_1564_34_g1246 | B ^ -> CO ^ | ADDHX1  | 0.022 |   0.129 |    2.574 | 
     | picorv32_core_inc_add_1564_34_g1245 | B ^ -> CO ^ | ADDHX1  | 0.022 |   0.152 |    2.596 | 
     | picorv32_core_inc_add_1564_34_g1244 | B ^ -> CO ^ | ADDHX1  | 0.025 |   0.177 |    2.621 | 
     | picorv32_core_inc_add_1564_34_g1243 | B ^ -> CO ^ | ADDHX1  | 0.022 |   0.198 |    2.643 | 
     | picorv32_core_inc_add_1564_34_g1242 | B ^ -> CO ^ | ADDHX1  | 0.022 |   0.220 |    2.665 | 
     | picorv32_core_inc_add_1564_34_g1241 | B ^ -> CO ^ | ADDHX1  | 0.023 |   0.243 |    2.687 | 
     | picorv32_core_inc_add_1564_34_g1240 | B ^ -> CO ^ | ADDHX1  | 0.021 |   0.264 |    2.709 | 
     | picorv32_core_inc_add_1564_34_g1239 | B ^ -> CO ^ | ADDHX1  | 0.021 |   0.285 |    2.730 | 
     | picorv32_core_inc_add_1564_34_g1238 | B ^ -> CO ^ | ADDHX1  | 0.023 |   0.308 |    2.752 | 
     | picorv32_core_inc_add_1564_34_g1237 | B ^ -> CO ^ | ADDHX1  | 0.022 |   0.329 |    2.774 | 
     | picorv32_core_inc_add_1564_34_g1236 | B ^ -> CO ^ | ADDHX1  | 0.023 |   0.352 |    2.797 | 
     | picorv32_core_inc_add_1564_34_g1235 | B ^ -> CO ^ | ADDHX1  | 0.037 |   0.390 |    2.834 | 
     | picorv32_core_inc_add_1564_34_g1234 | B ^ -> CO ^ | ADDHX1  | 0.026 |   0.416 |    2.861 | 
     | picorv32_core_inc_add_1564_34_g1233 | B ^ -> CO ^ | ADDHX1  | 0.024 |   0.440 |    2.885 | 
     | picorv32_core_inc_add_1564_34_g1232 | B ^ -> CO ^ | ADDHX1  | 0.023 |   0.463 |    2.907 | 
     | picorv32_core_inc_add_1564_34_g1231 | B ^ -> CO ^ | ADDHX1  | 0.023 |   0.485 |    2.930 | 
     | picorv32_core_inc_add_1564_34_g1230 | B ^ -> CO ^ | ADDHX1  | 0.022 |   0.507 |    2.952 | 
     | picorv32_core_inc_add_1564_34_g1229 | B ^ -> CO ^ | ADDHX1  | 0.021 |   0.528 |    2.973 | 
     | picorv32_core_inc_add_1564_34_g1228 | B ^ -> CO ^ | ADDHX1  | 0.022 |   0.550 |    2.995 | 
     | picorv32_core_inc_add_1564_34_g1227 | B ^ -> CO ^ | ADDHX1  | 0.021 |   0.571 |    3.016 | 
     | picorv32_core_inc_add_1564_34_g1226 | B ^ -> CO ^ | ADDHX1  | 0.022 |   0.593 |    3.038 | 
     | picorv32_core_inc_add_1564_34_g1225 | B ^ -> CO ^ | ADDHX1  | 0.022 |   0.615 |    3.060 | 
     | picorv32_core_inc_add_1564_34_g1224 | B ^ -> CO ^ | ADDHX1  | 0.021 |   0.637 |    3.081 | 
     | picorv32_core_inc_add_1564_34_g1223 | B ^ -> CO ^ | ADDHX1  | 0.023 |   0.659 |    3.104 | 
     | picorv32_core_inc_add_1564_34_g1222 | B ^ -> CO ^ | ADDHX1  | 0.022 |   0.681 |    3.126 | 
     | picorv32_core_inc_add_1564_34_g1221 | B ^ -> CO ^ | ADDHX1  | 0.022 |   0.703 |    3.148 | 
     | picorv32_core_inc_add_1564_34_g1220 | B ^ -> CO ^ | ADDHX1  | 0.031 |   0.734 |    3.179 | 
     | picorv32_core_inc_add_1564_34_g1219 | B ^ -> CO ^ | ADDHX1  | 0.055 |   0.789 |    3.234 | 
     | picorv32_core_inc_add_1564_34_g1218 | B ^ -> CO ^ | ADDHX1  | 0.029 |   0.818 |    3.263 | 
     | picorv32_core_inc_add_1564_34_g1217 | B ^ -> CO ^ | ADDHX1  | 0.021 |   0.839 |    3.284 | 
     | picorv32_core_inc_add_1564_34_g1216 | B ^ -> CO ^ | ADDHX1  | 0.022 |   0.861 |    3.306 | 
     | picorv32_core_inc_add_1564_34_g1215 | B ^ -> CO ^ | ADDHX1  | 0.021 |   0.882 |    3.327 | 
     | picorv32_core_inc_add_1564_34_g1214 | B ^ -> CO ^ | ADDHX1  | 0.024 |   0.906 |    3.351 | 
     | picorv32_core_inc_add_1564_34_g1213 | B ^ -> CO ^ | ADDHX1  | 0.022 |   0.928 |    3.372 | 
     | picorv32_core_inc_add_1564_34_g1212 | B ^ -> CO ^ | ADDHX1  | 0.027 |   0.954 |    3.399 | 
     | picorv32_core_inc_add_1564_34_g1211 | B ^ -> CO ^ | ADDHX1  | 0.023 |   0.977 |    3.422 | 
     | picorv32_core_inc_add_1564_34_g1210 | B ^ -> CO ^ | ADDHX1  | 0.022 |   0.999 |    3.444 | 
     | picorv32_core_inc_add_1564_34_g1209 | B ^ -> CO ^ | ADDHX1  | 0.022 |   1.021 |    3.465 | 
     | picorv32_core_inc_add_1564_34_g1208 | B ^ -> CO ^ | ADDHX1  | 0.023 |   1.044 |    3.488 | 
     | picorv32_core_inc_add_1564_34_g1207 | B ^ -> CO ^ | ADDHX1  | 0.021 |   1.065 |    3.510 | 
     | picorv32_core_inc_add_1564_34_g1206 | B ^ -> CO ^ | ADDHX1  | 0.022 |   1.087 |    3.532 | 
     | picorv32_core_inc_add_1564_34_g1205 | B ^ -> CO ^ | ADDHX1  | 0.022 |   1.109 |    3.554 | 
     | picorv32_core_inc_add_1564_34_g1204 | B ^ -> CO ^ | ADDHX1  | 0.022 |   1.132 |    3.576 | 
     | picorv32_core_inc_add_1564_34_g1203 | B ^ -> CO ^ | ADDHX1  | 0.038 |   1.170 |    3.615 | 
     | picorv32_core_inc_add_1564_34_g1202 | B ^ -> CO ^ | ADDHX1  | 0.028 |   1.198 |    3.643 | 
     | picorv32_core_inc_add_1564_34_g1201 | B ^ -> CO ^ | ADDHX1  | 0.022 |   1.220 |    3.665 | 
     | picorv32_core_inc_add_1564_34_g1200 | B ^ -> CO ^ | ADDHX1  | 0.022 |   1.242 |    3.687 | 
     | picorv32_core_inc_add_1564_34_g1199 | B ^ -> CO ^ | ADDHX1  | 0.022 |   1.264 |    3.709 | 
     | picorv32_core_inc_add_1564_34_g1198 | B ^ -> CO ^ | ADDHX1  | 0.021 |   1.286 |    3.730 | 
     | picorv32_core_inc_add_1564_34_g1197 | B ^ -> CO ^ | ADDHX1  | 0.023 |   1.309 |    3.753 | 
     | picorv32_core_inc_add_1564_34_g1196 | B ^ -> CO ^ | ADDHX1  | 0.022 |   1.331 |    3.776 | 
     | picorv32_core_inc_add_1564_34_g1195 | B ^ -> CO ^ | ADDHX1  | 0.022 |   1.353 |    3.798 | 
     | picorv32_core_inc_add_1564_34_g1194 | B ^ -> CO ^ | ADDHX1  | 0.022 |   1.374 |    3.819 | 
     | picorv32_core_inc_add_1564_34_g1193 | B ^ -> CO ^ | ADDHX1  | 0.024 |   1.398 |    3.843 | 
     | picorv32_core_inc_add_1564_34_g1192 | B ^ -> CO ^ | ADDHX1  | 0.022 |   1.420 |    3.865 | 
     | picorv32_core_inc_add_1564_34_g1191 | B ^ -> CO ^ | ADDHX1  | 0.023 |   1.443 |    3.887 | 
     | picorv32_core_inc_add_1564_34_g1190 | B ^ -> CO ^ | ADDHX1  | 0.022 |   1.465 |    3.909 | 
     | picorv32_core_inc_add_1564_34_g1189 | B ^ -> S ^  | ADDHX1  | 0.021 |   1.485 |    3.930 | 
     | picorv32_core_g194707               | A ^ -> Y v  | MXI2XL  | 0.017 |   1.503 |    3.948 | 
     | picorv32_core_g193776               | B v -> Y ^  | NOR2X1  | 0.020 |   1.523 |    3.968 | 
     | picorv32_core_count_instr_reg[61]   | D ^         | DFFHQX1 | 0.000 |   1.523 |    3.968 | 
     +------------------------------------------------------------------------------------------+ 
Path 47: MET Setup Check with Pin picorv32_core_count_cycle_reg[63]/CK 
Endpoint:   picorv32_core_count_cycle_reg[63]/D (^) checked with  leading edge 
of 'clk'
Beginpoint: picorv32_core_count_cycle_reg[0]/Q  (^) triggered by  leading edge 
of 'clk'
Path Groups: {reg2reg}
Analysis View: analysis1
Other End Arrival Time          0.001
- Setup                         0.014
+ Phase Shift                   4.000
- Uncertainty                   0.020
= Required Time                 3.968
- Arrival Time                  1.507
= Slack Time                    2.461
     Clock Rise Edge                 0.000
     + Clock Network Latency (Prop)  0.003
     = Beginpoint Arrival Time       0.003
     +--------------------------------------------------------------------------------------------+ 
     |              Instance               |     Arc     |   Cell    | Delay | Arrival | Required | 
     |                                     |             |           |       |  Time   |   Time   | 
     |-------------------------------------+-------------+-----------+-------+---------+----------| 
     | picorv32_core_count_cycle_reg[0]    | CK ^        |           |       |   0.003 |    2.464 | 
     | picorv32_core_count_cycle_reg[0]    | CK ^ -> Q ^ | DFFHQX1   | 0.045 |   0.048 |    2.509 | 
     | picorv32_core_inc_add_1433_40_g1249 | B ^ -> CO ^ | ADDHX1    | 0.025 |   0.073 |    2.534 | 
     | picorv32_core_inc_add_1433_40_g1248 | B ^ -> CO ^ | ADDHX1    | 0.022 |   0.096 |    2.557 | 
     | picorv32_core_inc_add_1433_40_g1247 | B ^ -> CO ^ | ADDHX1    | 0.021 |   0.117 |    2.578 | 
     | picorv32_core_inc_add_1433_40_g1246 | B ^ -> CO ^ | ADDHX1    | 0.022 |   0.138 |    2.599 | 
     | picorv32_core_inc_add_1433_40_g1245 | B ^ -> CO ^ | ADDHX1    | 0.022 |   0.160 |    2.621 | 
     | picorv32_core_inc_add_1433_40_g1244 | B ^ -> CO ^ | ADDHX1    | 0.023 |   0.183 |    2.644 | 
     | picorv32_core_inc_add_1433_40_g1243 | B ^ -> CO ^ | ADDHX1    | 0.023 |   0.207 |    2.668 | 
     | picorv32_core_inc_add_1433_40_g1242 | B ^ -> CO ^ | ADDHX1    | 0.022 |   0.229 |    2.690 | 
     | picorv32_core_inc_add_1433_40_g1241 | B ^ -> CO ^ | ADDHX1    | 0.022 |   0.251 |    2.712 | 
     | picorv32_core_inc_add_1433_40_g1240 | B ^ -> CO ^ | ADDHX1    | 0.022 |   0.273 |    2.734 | 
     | picorv32_core_inc_add_1433_40_g1239 | B ^ -> CO ^ | ADDHX1    | 0.022 |   0.295 |    2.756 | 
     | picorv32_core_inc_add_1433_40_g1238 | B ^ -> CO ^ | ADDHX1    | 0.022 |   0.317 |    2.778 | 
     | picorv32_core_inc_add_1433_40_g1237 | B ^ -> CO ^ | ADDHX1    | 0.022 |   0.339 |    2.800 | 
     | picorv32_core_inc_add_1433_40_g1236 | B ^ -> CO ^ | ADDHX1    | 0.022 |   0.361 |    2.822 | 
     | picorv32_core_inc_add_1433_40_g1235 | B ^ -> CO ^ | ADDHX1    | 0.022 |   0.383 |    2.844 | 
     | picorv32_core_inc_add_1433_40_g1234 | B ^ -> CO ^ | ADDHX1    | 0.022 |   0.405 |    2.866 | 
     | picorv32_core_inc_add_1433_40_g1233 | B ^ -> CO ^ | ADDHX1    | 0.021 |   0.427 |    2.888 | 
     | picorv32_core_inc_add_1433_40_g1232 | B ^ -> CO ^ | ADDHX1    | 0.022 |   0.449 |    2.910 | 
     | picorv32_core_inc_add_1433_40_g1231 | B ^ -> CO ^ | ADDHX1    | 0.022 |   0.470 |    2.931 | 
     | picorv32_core_inc_add_1433_40_g1230 | B ^ -> CO ^ | ADDHX1    | 0.022 |   0.493 |    2.954 | 
     | picorv32_core_inc_add_1433_40_g1229 | B ^ -> CO ^ | ADDHX1    | 0.021 |   0.514 |    2.975 | 
     | picorv32_core_inc_add_1433_40_g1228 | B ^ -> CO ^ | ADDHX1    | 0.022 |   0.536 |    2.997 | 
     | picorv32_core_inc_add_1433_40_g1227 | B ^ -> CO ^ | ADDHX1    | 0.022 |   0.559 |    3.020 | 
     | picorv32_core_inc_add_1433_40_g1226 | B ^ -> CO ^ | ADDHX1    | 0.025 |   0.583 |    3.044 | 
     | picorv32_core_inc_add_1433_40_g1225 | B ^ -> CO ^ | ADDHX1    | 0.022 |   0.606 |    3.067 | 
     | picorv32_core_inc_add_1433_40_g1224 | B ^ -> CO ^ | ADDHX1    | 0.021 |   0.627 |    3.088 | 
     | picorv32_core_inc_add_1433_40_g1223 | B ^ -> CO ^ | ADDHX1    | 0.021 |   0.648 |    3.109 | 
     | picorv32_core_inc_add_1433_40_g1222 | B ^ -> CO ^ | ADDHX1    | 0.021 |   0.669 |    3.130 | 
     | picorv32_core_inc_add_1433_40_g1221 | B ^ -> CO ^ | ADDHX1    | 0.023 |   0.692 |    3.153 | 
     | picorv32_core_inc_add_1433_40_g1220 | B ^ -> CO ^ | ADDHX1    | 0.023 |   0.714 |    3.175 | 
     | picorv32_core_inc_add_1433_40_g1219 | B ^ -> CO ^ | ADDHX1    | 0.051 |   0.765 |    3.226 | 
     | picorv32_core_inc_add_1433_40_g1218 | B ^ -> CO ^ | ADDHX1    | 0.028 |   0.794 |    3.255 | 
     | picorv32_core_inc_add_1433_40_g1217 | B ^ -> CO ^ | ADDHX1    | 0.022 |   0.816 |    3.277 | 
     | picorv32_core_inc_add_1433_40_g1216 | B ^ -> CO ^ | ADDHX1    | 0.021 |   0.837 |    3.298 | 
     | picorv32_core_inc_add_1433_40_g1215 | B ^ -> CO ^ | ADDHX1    | 0.023 |   0.860 |    3.321 | 
     | picorv32_core_inc_add_1433_40_g1214 | B ^ -> CO ^ | ADDHX1    | 0.022 |   0.882 |    3.343 | 
     | picorv32_core_inc_add_1433_40_g1213 | B ^ -> CO ^ | ADDHX1    | 0.022 |   0.904 |    3.365 | 
     | picorv32_core_inc_add_1433_40_g1212 | B ^ -> CO ^ | ADDHX1    | 0.023 |   0.927 |    3.388 | 
     | picorv32_core_inc_add_1433_40_g1211 | B ^ -> CO ^ | ADDHX1    | 0.022 |   0.949 |    3.410 | 
     | picorv32_core_inc_add_1433_40_g1210 | B ^ -> CO ^ | ADDHX1    | 0.022 |   0.971 |    3.432 | 
     | picorv32_core_inc_add_1433_40_g1209 | B ^ -> CO ^ | ADDHX1    | 0.022 |   0.993 |    3.454 | 
     | picorv32_core_inc_add_1433_40_g1208 | B ^ -> CO ^ | ADDHX1    | 0.023 |   1.016 |    3.477 | 
     | picorv32_core_inc_add_1433_40_g1207 | B ^ -> CO ^ | ADDHX1    | 0.023 |   1.039 |    3.500 | 
     | picorv32_core_inc_add_1433_40_g1206 | B ^ -> CO ^ | ADDHX1    | 0.022 |   1.060 |    3.521 | 
     | picorv32_core_inc_add_1433_40_g1205 | B ^ -> CO ^ | ADDHX1    | 0.021 |   1.081 |    3.542 | 
     | picorv32_core_inc_add_1433_40_g1204 | B ^ -> CO ^ | ADDHX1    | 0.022 |   1.104 |    3.565 | 
     | picorv32_core_inc_add_1433_40_g1203 | B ^ -> CO ^ | ADDHX1    | 0.024 |   1.127 |    3.588 | 
     | picorv32_core_inc_add_1433_40_g1202 | B ^ -> CO ^ | ADDHX1    | 0.023 |   1.150 |    3.611 | 
     | picorv32_core_inc_add_1433_40_g1201 | B ^ -> CO ^ | ADDHX1    | 0.022 |   1.172 |    3.633 | 
     | picorv32_core_inc_add_1433_40_g1200 | B ^ -> CO ^ | ADDHX1    | 0.024 |   1.196 |    3.657 | 
     | picorv32_core_inc_add_1433_40_g1199 | B ^ -> CO ^ | ADDHX1    | 0.022 |   1.217 |    3.678 | 
     | picorv32_core_inc_add_1433_40_g1198 | B ^ -> CO ^ | ADDHX1    | 0.022 |   1.240 |    3.701 | 
     | picorv32_core_inc_add_1433_40_g1197 | B ^ -> CO ^ | ADDHX1    | 0.022 |   1.262 |    3.723 | 
     | picorv32_core_inc_add_1433_40_g1196 | B ^ -> CO ^ | ADDHX1    | 0.026 |   1.288 |    3.749 | 
     | picorv32_core_inc_add_1433_40_g1195 | B ^ -> CO ^ | ADDHX1    | 0.026 |   1.314 |    3.775 | 
     | picorv32_core_inc_add_1433_40_g1194 | B ^ -> CO ^ | ADDHX1    | 0.024 |   1.337 |    3.798 | 
     | picorv32_core_inc_add_1433_40_g1193 | B ^ -> CO ^ | ADDHX1    | 0.023 |   1.360 |    3.821 | 
     | picorv32_core_inc_add_1433_40_g1192 | B ^ -> CO ^ | ADDHX1    | 0.021 |   1.382 |    3.843 | 
     | picorv32_core_inc_add_1433_40_g1191 | B ^ -> CO ^ | ADDHX1    | 0.021 |   1.403 |    3.864 | 
     | picorv32_core_inc_add_1433_40_g1190 | B ^ -> CO ^ | ADDHX1    | 0.021 |   1.424 |    3.885 | 
     | picorv32_core_inc_add_1433_40_g1189 | B ^ -> CO ^ | ADDHX1    | 0.021 |   1.445 |    3.906 | 
     | picorv32_core_inc_add_1433_40_g1188 | B ^ -> CO ^ | ADDHX1    | 0.021 |   1.466 |    3.927 | 
     | picorv32_core_inc_add_1433_40_g1187 | B ^ -> Y ^  | CLKXOR2X1 | 0.021 |   1.487 |    3.948 | 
     | picorv32_core_g195424               | A ^ -> Y ^  | AND2X1    | 0.019 |   1.507 |    3.968 | 
     | picorv32_core_count_cycle_reg[63]   | D ^         | DFFHQX1   | 0.000 |   1.507 |    3.968 | 
     +--------------------------------------------------------------------------------------------+ 
Path 48: MET Setup Check with Pin picorv32_core_count_instr_reg[60]/CK 
Endpoint:   picorv32_core_count_instr_reg[60]/D (^) checked with  leading edge 
of 'clk'
Beginpoint: picorv32_core_count_instr_reg[0]/Q  (^) triggered by  leading edge 
of 'clk'
Path Groups: {reg2reg}
Analysis View: analysis1
Other End Arrival Time          0.004
- Setup                         0.016
+ Phase Shift                   4.000
- Uncertainty                   0.020
= Required Time                 3.968
- Arrival Time                  1.500
= Slack Time                    2.468
     Clock Rise Edge                 0.000
     + Clock Network Latency (Prop)  -0.002
     = Beginpoint Arrival Time       -0.002
     +------------------------------------------------------------------------------------------+ 
     |              Instance               |     Arc     |  Cell   | Delay | Arrival | Required | 
     |                                     |             |         |       |  Time   |   Time   | 
     |-------------------------------------+-------------+---------+-------+---------+----------| 
     | picorv32_core_count_instr_reg[0]    | CK ^        |         |       |  -0.002 |    2.466 | 
     | picorv32_core_count_instr_reg[0]    | CK ^ -> Q ^ | DFFHQX1 | 0.043 |   0.041 |    2.509 | 
     | picorv32_core_inc_add_1564_34_g1249 | B ^ -> CO ^ | ADDHX1  | 0.022 |   0.063 |    2.531 | 
     | picorv32_core_inc_add_1564_34_g1248 | B ^ -> CO ^ | ADDHX1  | 0.022 |   0.085 |    2.553 | 
     | picorv32_core_inc_add_1564_34_g1247 | B ^ -> CO ^ | ADDHX1  | 0.023 |   0.108 |    2.576 | 
     | picorv32_core_inc_add_1564_34_g1246 | B ^ -> CO ^ | ADDHX1  | 0.022 |   0.129 |    2.597 | 
     | picorv32_core_inc_add_1564_34_g1245 | B ^ -> CO ^ | ADDHX1  | 0.022 |   0.152 |    2.620 | 
     | picorv32_core_inc_add_1564_34_g1244 | B ^ -> CO ^ | ADDHX1  | 0.025 |   0.177 |    2.645 | 
     | picorv32_core_inc_add_1564_34_g1243 | B ^ -> CO ^ | ADDHX1  | 0.022 |   0.198 |    2.666 | 
     | picorv32_core_inc_add_1564_34_g1242 | B ^ -> CO ^ | ADDHX1  | 0.022 |   0.220 |    2.688 | 
     | picorv32_core_inc_add_1564_34_g1241 | B ^ -> CO ^ | ADDHX1  | 0.023 |   0.243 |    2.711 | 
     | picorv32_core_inc_add_1564_34_g1240 | B ^ -> CO ^ | ADDHX1  | 0.021 |   0.264 |    2.732 | 
     | picorv32_core_inc_add_1564_34_g1239 | B ^ -> CO ^ | ADDHX1  | 0.021 |   0.285 |    2.753 | 
     | picorv32_core_inc_add_1564_34_g1238 | B ^ -> CO ^ | ADDHX1  | 0.023 |   0.308 |    2.776 | 
     | picorv32_core_inc_add_1564_34_g1237 | B ^ -> CO ^ | ADDHX1  | 0.022 |   0.329 |    2.797 | 
     | picorv32_core_inc_add_1564_34_g1236 | B ^ -> CO ^ | ADDHX1  | 0.023 |   0.352 |    2.820 | 
     | picorv32_core_inc_add_1564_34_g1235 | B ^ -> CO ^ | ADDHX1  | 0.037 |   0.390 |    2.858 | 
     | picorv32_core_inc_add_1564_34_g1234 | B ^ -> CO ^ | ADDHX1  | 0.026 |   0.416 |    2.884 | 
     | picorv32_core_inc_add_1564_34_g1233 | B ^ -> CO ^ | ADDHX1  | 0.024 |   0.440 |    2.908 | 
     | picorv32_core_inc_add_1564_34_g1232 | B ^ -> CO ^ | ADDHX1  | 0.023 |   0.463 |    2.931 | 
     | picorv32_core_inc_add_1564_34_g1231 | B ^ -> CO ^ | ADDHX1  | 0.023 |   0.485 |    2.953 | 
     | picorv32_core_inc_add_1564_34_g1230 | B ^ -> CO ^ | ADDHX1  | 0.022 |   0.507 |    2.975 | 
     | picorv32_core_inc_add_1564_34_g1229 | B ^ -> CO ^ | ADDHX1  | 0.021 |   0.528 |    2.996 | 
     | picorv32_core_inc_add_1564_34_g1228 | B ^ -> CO ^ | ADDHX1  | 0.022 |   0.550 |    3.018 | 
     | picorv32_core_inc_add_1564_34_g1227 | B ^ -> CO ^ | ADDHX1  | 0.021 |   0.571 |    3.039 | 
     | picorv32_core_inc_add_1564_34_g1226 | B ^ -> CO ^ | ADDHX1  | 0.022 |   0.593 |    3.061 | 
     | picorv32_core_inc_add_1564_34_g1225 | B ^ -> CO ^ | ADDHX1  | 0.022 |   0.615 |    3.083 | 
     | picorv32_core_inc_add_1564_34_g1224 | B ^ -> CO ^ | ADDHX1  | 0.021 |   0.637 |    3.105 | 
     | picorv32_core_inc_add_1564_34_g1223 | B ^ -> CO ^ | ADDHX1  | 0.023 |   0.659 |    3.127 | 
     | picorv32_core_inc_add_1564_34_g1222 | B ^ -> CO ^ | ADDHX1  | 0.022 |   0.681 |    3.149 | 
     | picorv32_core_inc_add_1564_34_g1221 | B ^ -> CO ^ | ADDHX1  | 0.022 |   0.703 |    3.171 | 
     | picorv32_core_inc_add_1564_34_g1220 | B ^ -> CO ^ | ADDHX1  | 0.031 |   0.734 |    3.202 | 
     | picorv32_core_inc_add_1564_34_g1219 | B ^ -> CO ^ | ADDHX1  | 0.055 |   0.789 |    3.257 | 
     | picorv32_core_inc_add_1564_34_g1218 | B ^ -> CO ^ | ADDHX1  | 0.029 |   0.818 |    3.286 | 
     | picorv32_core_inc_add_1564_34_g1217 | B ^ -> CO ^ | ADDHX1  | 0.021 |   0.839 |    3.307 | 
     | picorv32_core_inc_add_1564_34_g1216 | B ^ -> CO ^ | ADDHX1  | 0.022 |   0.861 |    3.329 | 
     | picorv32_core_inc_add_1564_34_g1215 | B ^ -> CO ^ | ADDHX1  | 0.021 |   0.882 |    3.350 | 
     | picorv32_core_inc_add_1564_34_g1214 | B ^ -> CO ^ | ADDHX1  | 0.024 |   0.906 |    3.374 | 
     | picorv32_core_inc_add_1564_34_g1213 | B ^ -> CO ^ | ADDHX1  | 0.022 |   0.928 |    3.396 | 
     | picorv32_core_inc_add_1564_34_g1212 | B ^ -> CO ^ | ADDHX1  | 0.027 |   0.954 |    3.422 | 
     | picorv32_core_inc_add_1564_34_g1211 | B ^ -> CO ^ | ADDHX1  | 0.023 |   0.977 |    3.445 | 
     | picorv32_core_inc_add_1564_34_g1210 | B ^ -> CO ^ | ADDHX1  | 0.022 |   0.999 |    3.467 | 
     | picorv32_core_inc_add_1564_34_g1209 | B ^ -> CO ^ | ADDHX1  | 0.022 |   1.021 |    3.489 | 
     | picorv32_core_inc_add_1564_34_g1208 | B ^ -> CO ^ | ADDHX1  | 0.023 |   1.044 |    3.512 | 
     | picorv32_core_inc_add_1564_34_g1207 | B ^ -> CO ^ | ADDHX1  | 0.021 |   1.065 |    3.533 | 
     | picorv32_core_inc_add_1564_34_g1206 | B ^ -> CO ^ | ADDHX1  | 0.022 |   1.087 |    3.555 | 
     | picorv32_core_inc_add_1564_34_g1205 | B ^ -> CO ^ | ADDHX1  | 0.022 |   1.109 |    3.577 | 
     | picorv32_core_inc_add_1564_34_g1204 | B ^ -> CO ^ | ADDHX1  | 0.022 |   1.132 |    3.600 | 
     | picorv32_core_inc_add_1564_34_g1203 | B ^ -> CO ^ | ADDHX1  | 0.038 |   1.170 |    3.638 | 
     | picorv32_core_inc_add_1564_34_g1202 | B ^ -> CO ^ | ADDHX1  | 0.028 |   1.198 |    3.666 | 
     | picorv32_core_inc_add_1564_34_g1201 | B ^ -> CO ^ | ADDHX1  | 0.022 |   1.220 |    3.688 | 
     | picorv32_core_inc_add_1564_34_g1200 | B ^ -> CO ^ | ADDHX1  | 0.022 |   1.242 |    3.710 | 
     | picorv32_core_inc_add_1564_34_g1199 | B ^ -> CO ^ | ADDHX1  | 0.022 |   1.264 |    3.732 | 
     | picorv32_core_inc_add_1564_34_g1198 | B ^ -> CO ^ | ADDHX1  | 0.021 |   1.286 |    3.754 | 
     | picorv32_core_inc_add_1564_34_g1197 | B ^ -> CO ^ | ADDHX1  | 0.023 |   1.309 |    3.777 | 
     | picorv32_core_inc_add_1564_34_g1196 | B ^ -> CO ^ | ADDHX1  | 0.022 |   1.331 |    3.799 | 
     | picorv32_core_inc_add_1564_34_g1195 | B ^ -> CO ^ | ADDHX1  | 0.022 |   1.353 |    3.821 | 
     | picorv32_core_inc_add_1564_34_g1194 | B ^ -> CO ^ | ADDHX1  | 0.022 |   1.374 |    3.842 | 
     | picorv32_core_inc_add_1564_34_g1193 | B ^ -> CO ^ | ADDHX1  | 0.024 |   1.398 |    3.866 | 
     | picorv32_core_inc_add_1564_34_g1192 | B ^ -> CO ^ | ADDHX1  | 0.022 |   1.420 |    3.888 | 
     | picorv32_core_inc_add_1564_34_g1191 | B ^ -> CO ^ | ADDHX1  | 0.023 |   1.443 |    3.911 | 
     | picorv32_core_inc_add_1564_34_g1190 | B ^ -> S ^  | ADDHX1  | 0.021 |   1.464 |    3.932 | 
     | picorv32_core_g194706               | A ^ -> Y v  | MXI2XL  | 0.017 |   1.480 |    3.948 | 
     | picorv32_core_g193775               | B v -> Y ^  | NOR2X1  | 0.020 |   1.500 |    3.968 | 
     | picorv32_core_count_instr_reg[60]   | D ^         | DFFHQX1 | 0.000 |   1.500 |    3.968 | 
     +------------------------------------------------------------------------------------------+ 
Path 49: MET Setup Check with Pin picorv32_core_reg_next_pc_reg[19]/CK 
Endpoint:   picorv32_core_reg_next_pc_reg[19]/D (v) checked with  leading edge 
of 'clk'
Beginpoint: picorv32_core_irq_mask_reg[12]/Q    (^) triggered by  leading edge 
of 'clk'
Path Groups: {reg2reg}
Analysis View: analysis1
Other End Arrival Time          0.001
- Setup                         0.006
+ Phase Shift                   4.000
- Uncertainty                   0.020
= Required Time                 3.975
- Arrival Time                  1.505
= Slack Time                    2.471
     Clock Rise Edge                 0.000
     + Clock Network Latency (Prop)  0.001
     = Beginpoint Arrival Time       0.001
     +------------------------------------------------------------------------------------------------------+ 
     |                   Instance                   |     Arc      |   Cell    | Delay | Arrival | Required | 
     |                                              |              |           |       |  Time   |   Time   | 
     |----------------------------------------------+--------------+-----------+-------+---------+----------| 
     | picorv32_core_irq_mask_reg[12]               | CK ^         |           |       |   0.001 |    2.471 | 
     | picorv32_core_irq_mask_reg[12]               | CK ^ -> Q ^  | DFFHQX1   | 0.044 |   0.045 |    2.515 | 
     | picorv32_core_g88708__2883                   | AN ^ -> Y ^  | NAND2BX1  | 0.038 |   0.083 |    2.554 | 
     | picorv32_core_g88395__5115                   | B ^ -> Y ^   | AND4XL    | 0.044 |   0.127 |    2.597 | 
     | picorv32_core_g88377__2398                   | D ^ -> Y ^   | AND4XL    | 0.035 |   0.161 |    2.632 | 
     | picorv32_core_g88366__6161                   | D ^ -> Y ^   | AND4XL    | 0.041 |   0.202 |    2.673 | 
     | picorv32_core_g88356__5122                   | D ^ -> Y ^   | AND4XL    | 0.058 |   0.260 |    2.731 | 
     | picorv32_core_g88349__6783                   | D ^ -> Y ^   | AND4XL    | 0.052 |   0.312 |    2.783 | 
     | picorv32_core_g88343__6260                   | D ^ -> Y ^   | AND4XL    | 0.064 |   0.376 |    2.847 | 
     | picorv32_core_g88337__1666                   | D ^ -> Y ^   | AND4XL    | 0.044 |   0.420 |    2.891 | 
     | picorv32_core_g88335__2883                   | D ^ -> Y ^   | AND4XL    | 0.044 |   0.464 |    2.934 | 
     | picorv32_core_g88333__9315                   | D ^ -> Y ^   | AND4X1    | 0.039 |   0.503 |    2.974 | 
     | picorv32_core_g88331__4733                   | D ^ -> Y v   | NAND4XL   | 0.026 |   0.529 |    3.000 | 
     | picorv32_core_g88330__7482                   | B v -> Y ^   | NOR2BX1   | 0.087 |   0.617 |    3.087 | 
     | picorv32_core_g88328__1881                   | D ^ -> Y ^   | OR4X1     | 0.032 |   0.648 |    3.119 | 
     | picorv32_core_g88326__6131                   | B ^ -> Y v   | NAND2BX1  | 0.032 |   0.680 |    3.151 | 
     | picorv32_core_g88325__7098                   | AN v -> Y v  | NAND2BX1  | 0.026 |   0.706 |    3.177 | 
     | picorv32_core_g88323__5122                   | AN v -> Y v  | NAND2BX1  | 0.019 |   0.724 |    3.195 | 
     | picorv32_core_g88322__1705                   | B v -> Y v   | OR2X1     | 0.075 |   0.800 |    3.271 | 
     | picorv32_core_g88320__1617                   | B v -> Y ^   | NOR2BX1   | 0.054 |   0.854 |    3.324 | 
     | picorv32_core_add_1569_33_Y_add_1552_33_g763 | B ^ -> CO ^  | ADDHX1    | 0.029 |   0.882 |    3.353 | 
     | picorv32_core_add_1569_33_Y_add_1552_33_g762 | CI ^ -> CO ^ | ADDFX1    | 0.031 |   0.914 |    3.384 | 
     | picorv32_core_add_1569_33_Y_add_1552_33_g761 | CI ^ -> CO ^ | ADDFX1    | 0.031 |   0.945 |    3.415 | 
     | picorv32_core_add_1569_33_Y_add_1552_33_g760 | CI ^ -> CO ^ | ADDFX1    | 0.032 |   0.976 |    3.447 | 
     | picorv32_core_add_1569_33_Y_add_1552_33_g759 | CI ^ -> CO ^ | ADDFX1    | 0.031 |   1.008 |    3.479 | 
     | picorv32_core_add_1569_33_Y_add_1552_33_g758 | CI ^ -> CO ^ | ADDFX1    | 0.032 |   1.040 |    3.511 | 
     | picorv32_core_add_1569_33_Y_add_1552_33_g757 | CI ^ -> CO ^ | ADDFX1    | 0.032 |   1.072 |    3.543 | 
     | picorv32_core_add_1569_33_Y_add_1552_33_g756 | CI ^ -> CO ^ | ADDFX1    | 0.033 |   1.105 |    3.576 | 
     | picorv32_core_add_1569_33_Y_add_1552_33_g755 | CI ^ -> CO ^ | ADDFX1    | 0.031 |   1.136 |    3.606 | 
     | picorv32_core_add_1569_33_Y_add_1552_33_g754 | CI ^ -> CO ^ | ADDFX1    | 0.032 |   1.167 |    3.638 | 
     | picorv32_core_add_1569_33_Y_add_1552_33_g753 | CI ^ -> CO ^ | ADDFX1    | 0.031 |   1.198 |    3.669 | 
     | picorv32_core_add_1569_33_Y_add_1552_33_g752 | CI ^ -> CO ^ | ADDFX1    | 0.033 |   1.231 |    3.702 | 
     | picorv32_core_add_1569_33_Y_add_1552_33_g751 | CI ^ -> CO ^ | ADDFX1    | 0.031 |   1.262 |    3.733 | 
     | picorv32_core_add_1569_33_Y_add_1552_33_g750 | CI ^ -> CO ^ | ADDFX1    | 0.032 |   1.295 |    3.766 | 
     | picorv32_core_add_1569_33_Y_add_1552_33_g749 | CI ^ -> CO ^ | ADDFX1    | 0.032 |   1.327 |    3.798 | 
     | picorv32_core_add_1569_33_Y_add_1552_33_g748 | CI ^ -> CO ^ | ADDFX1    | 0.031 |   1.358 |    3.829 | 
     | picorv32_core_add_1569_33_Y_add_1552_33_g747 | CI ^ -> CO ^ | ADDFX1    | 0.032 |   1.390 |    3.861 | 
     | picorv32_core_add_1569_33_Y_add_1552_33_g746 | CI ^ -> CO ^ | ADDFX1    | 0.032 |   1.422 |    3.893 | 
     | picorv32_core_add_1569_33_Y_add_1552_33_g745 | CI ^ -> S v  | ADDFX1    | 0.047 |   1.469 |    3.940 | 
     | picorv32_core_g190242__5115                  | B1 v -> Y ^  | AOI22X1   | 0.015 |   1.484 |    3.955 | 
     | picorv32_core_g190211__7098                  | B0 ^ -> Y v  | OAI2BB1X1 | 0.020 |   1.504 |    3.975 | 
     | picorv32_core_reg_next_pc_reg[19]            | D v          | DFFHQX1   | 0.000 |   1.505 |    3.975 | 
     +------------------------------------------------------------------------------------------------------+ 
Path 50: MET Setup Check with Pin picorv32_core_genblk1.pcpi_mul_rd_reg[32]/CK 
Endpoint:   picorv32_core_genblk1.pcpi_mul_rd_reg[32]/D (^) checked with  
leading edge of 'clk'
Beginpoint: picorv32_core_genblk1.pcpi_mul_rs2_reg[5]/Q (^) triggered by  
leading edge of 'clk'
Path Groups: {reg2reg}
Analysis View: analysis1
Other End Arrival Time          0.002
- Setup                         0.013
+ Phase Shift                   4.000
- Uncertainty                   0.020
= Required Time                 3.969
- Arrival Time                  1.493
= Slack Time                    2.476
     Clock Rise Edge                 0.000
     + Clock Network Latency (Prop)  0.002
     = Beginpoint Arrival Time       0.002
     +-----------------------------------------------------------------------------------------------------------+ 
     |                      Instance                      |     Arc      |   Cell   | Delay | Arrival | Required | 
     |                                                    |              |          |       |  Time   |   Time   | 
     |----------------------------------------------------+--------------+----------+-------+---------+----------| 
     | picorv32_core_genblk1.pcpi_mul_rs2_reg[5]          | CK ^         |          |       |   0.002 |    2.478 | 
     | picorv32_core_genblk1.pcpi_mul_rs2_reg[5]          | CK ^ -> Q ^  | MDFFHQX1 | 0.132 |   0.134 |    2.611 | 
     | picorv32_core_genblk1.pcpi_mul_mul_2371_47_g14046  | A ^ -> Y v   | INVX1    | 0.055 |   0.190 |    2.666 | 
     | picorv32_core_genblk1.pcpi_mul_mul_2371_47_g13987  | B v -> Y ^   | XNOR2X1  | 0.031 |   0.221 |    2.697 | 
     | picorv32_core_genblk1.pcpi_mul_mul_2371_47_g13897  | A ^ -> Y ^   | OR2X1    | 0.082 |   0.303 |    2.779 | 
     | picorv32_core_genblk1.pcpi_mul_mul_2371_47_g13890  | A ^ -> Y v   | INVX1    | 0.053 |   0.356 |    2.832 | 
     | picorv32_core_genblk1.pcpi_mul_mul_2371_47_g13740  | A1 v -> Y ^  | OAI21X1  | 0.029 |   0.384 |    2.861 | 
     | picorv32_core_genblk1.pcpi_mul_mul_2371_47_g13494  | B ^ -> Y ^   | XNOR2X1  | 0.025 |   0.409 |    2.885 | 
     | picorv32_core_genblk1.pcpi_mul_mul_2371_47_g13440  | B ^ -> S v   | ADDHX1   | 0.031 |   0.440 |    2.916 | 
     | picorv32_core_genblk1.pcpi_mul_mul_2371_47_cdnfadd | A v -> CO v  | ADDFX1   | 0.036 |   0.476 |    2.952 | 
     | 3                                                  |              |          |       |         |          | 
     | picorv32_core_genblk1.pcpi_mul_mul_2371_47_cdnfadd | CI v -> CO v | ADDFX1   | 0.035 |   0.511 |    2.987 | 
     | 4                                                  |              |          |       |         |          | 
     | picorv32_core_genblk1.pcpi_mul_mul_2371_47_cdnfadd | CI v -> CO v | ADDFX1   | 0.035 |   0.546 |    3.022 | 
     | 5                                                  |              |          |       |         |          | 
     | picorv32_core_genblk1.pcpi_mul_mul_2371_47_cdnfadd | CI v -> CO v | ADDFX1   | 0.034 |   0.580 |    3.056 | 
     | 6                                                  |              |          |       |         |          | 
     | picorv32_core_genblk1.pcpi_mul_mul_2371_47_cdnfadd | CI v -> CO v | ADDFX1   | 0.034 |   0.614 |    3.090 | 
     | 7                                                  |              |          |       |         |          | 
     | picorv32_core_genblk1.pcpi_mul_mul_2371_47_cdnfadd | CI v -> CO v | ADDFX1   | 0.034 |   0.648 |    3.124 | 
     | 8                                                  |              |          |       |         |          | 
     | picorv32_core_genblk1.pcpi_mul_mul_2371_47_cdnfadd | CI v -> CO v | ADDFX1   | 0.034 |   0.682 |    3.158 | 
     | 9                                                  |              |          |       |         |          | 
     | picorv32_core_genblk1.pcpi_mul_mul_2371_47_cdnfadd | CI v -> CO v | ADDFX1   | 0.034 |   0.716 |    3.192 | 
     | 10                                                 |              |          |       |         |          | 
     | picorv32_core_genblk1.pcpi_mul_mul_2371_47_cdnfadd | CI v -> CO v | ADDFX1   | 0.034 |   0.750 |    3.226 | 
     | 11                                                 |              |          |       |         |          | 
     | picorv32_core_genblk1.pcpi_mul_mul_2371_47_cdnfadd | CI v -> CO v | ADDFX1   | 0.035 |   0.784 |    3.260 | 
     | 12                                                 |              |          |       |         |          | 
     | picorv32_core_genblk1.pcpi_mul_mul_2371_47_cdnfadd | CI v -> CO v | ADDFX1   | 0.034 |   0.818 |    3.294 | 
     | 13                                                 |              |          |       |         |          | 
     | picorv32_core_genblk1.pcpi_mul_mul_2371_47_cdnfadd | CI v -> CO v | ADDFX1   | 0.034 |   0.852 |    3.328 | 
     | 14                                                 |              |          |       |         |          | 
     | picorv32_core_genblk1.pcpi_mul_mul_2371_47_cdnfadd | CI v -> CO v | ADDFX1   | 0.033 |   0.886 |    3.362 | 
     | 15                                                 |              |          |       |         |          | 
     | picorv32_core_genblk1.pcpi_mul_mul_2371_47_cdnfadd | CI v -> CO v | ADDFX1   | 0.034 |   0.919 |    3.395 | 
     | 16                                                 |              |          |       |         |          | 
     | picorv32_core_genblk1.pcpi_mul_mul_2371_47_cdnfadd | CI v -> CO v | ADDFX1   | 0.034 |   0.953 |    3.429 | 
     | 17                                                 |              |          |       |         |          | 
     | picorv32_core_genblk1.pcpi_mul_mul_2371_47_cdnfadd | CI v -> CO v | ADDFX1   | 0.034 |   0.987 |    3.463 | 
     | 18                                                 |              |          |       |         |          | 
     | picorv32_core_genblk1.pcpi_mul_mul_2371_47_cdnfadd | CI v -> CO v | ADDFX1   | 0.034 |   1.021 |    3.497 | 
     | 19                                                 |              |          |       |         |          | 
     | picorv32_core_genblk1.pcpi_mul_mul_2371_47_cdnfadd | CI v -> CO v | ADDFX1   | 0.035 |   1.056 |    3.532 | 
     | 20                                                 |              |          |       |         |          | 
     | picorv32_core_genblk1.pcpi_mul_mul_2371_47_cdnfadd | CI v -> CO v | ADDFX1   | 0.034 |   1.090 |    3.566 | 
     | 21                                                 |              |          |       |         |          | 
     | picorv32_core_genblk1.pcpi_mul_mul_2371_47_cdnfadd | CI v -> CO v | ADDFX1   | 0.034 |   1.124 |    3.600 | 
     | 22                                                 |              |          |       |         |          | 
     | picorv32_core_genblk1.pcpi_mul_mul_2371_47_cdnfadd | CI v -> CO v | ADDFX1   | 0.034 |   1.158 |    3.634 | 
     | 23                                                 |              |          |       |         |          | 
     | picorv32_core_genblk1.pcpi_mul_mul_2371_47_cdnfadd | CI v -> CO v | ADDFX1   | 0.036 |   1.194 |    3.670 | 
     | 24                                                 |              |          |       |         |          | 
     | picorv32_core_genblk1.pcpi_mul_mul_2371_47_cdnfadd | CI v -> CO v | ADDFX1   | 0.035 |   1.229 |    3.705 | 
     | 25                                                 |              |          |       |         |          | 
     | picorv32_core_genblk1.pcpi_mul_mul_2371_47_cdnfadd | CI v -> CO v | ADDFX1   | 0.033 |   1.262 |    3.738 | 
     | 26                                                 |              |          |       |         |          | 
     | picorv32_core_genblk1.pcpi_mul_mul_2371_47_cdnfadd | CI v -> CO v | ADDFX1   | 0.034 |   1.296 |    3.772 | 
     | 27                                                 |              |          |       |         |          | 
     | picorv32_core_genblk1.pcpi_mul_mul_2371_47_cdnfadd | CI v -> CO v | ADDFX1   | 0.034 |   1.330 |    3.806 | 
     | 28                                                 |              |          |       |         |          | 
     | picorv32_core_genblk1.pcpi_mul_mul_2371_47_cdnfadd | CI v -> CO v | ADDFX1   | 0.035 |   1.365 |    3.841 | 
     | 29                                                 |              |          |       |         |          | 
     | picorv32_core_genblk1.pcpi_mul_mul_2371_47_cdnfadd | CI v -> CO v | ADDFX1   | 0.035 |   1.400 |    3.876 | 
     | 30                                                 |              |          |       |         |          | 
     | picorv32_core_genblk1.pcpi_mul_mul_2371_47_cdnfadd | CI v -> CO v | ADDFX1   | 0.039 |   1.439 |    3.915 | 
     | 31                                                 |              |          |       |         |          | 
     | picorv32_core_genblk1.pcpi_mul_mul_2371_47_cdnfadd | CI v -> S ^  | ADDFX1   | 0.053 |   1.493 |    3.969 | 
     | 32                                                 |              |          |       |         |          | 
     | picorv32_core_genblk1.pcpi_mul_rd_reg[32]          | D ^          | DFFQXL   | 0.000 |   1.493 |    3.969 | 
     +-----------------------------------------------------------------------------------------------------------+ 

