###############################################################
#  Generated by:      Cadence Innovus 21.35-s114_1
#  OS:                Linux x86_64(Host ID cn99.it.auth.gr)
#  Generated on:      Thu Nov 27 21:38:21 2025
#  Design:            picorv32_wb
#  Command:           report_timing -path_group in2reg  -check_type setup -max_paths 50 > reports/postRouting/setup_in2reg.rpt
###############################################################
Path 1: MET Setup Check with Pin picorv32_core_reg_op2_reg[31]/CK 
Endpoint:   picorv32_core_reg_op2_reg[31]/D (v) checked with  leading edge of 
'clk'
Beginpoint: wb_rst_i                        (^) triggered by  leading edge of 
'clk'
Path Groups: {in2reg}
Analysis View: analysis1
Other End Arrival Time          0.002
- Setup                         0.017
+ Phase Shift                   4.000
- Uncertainty                   0.020
= Required Time                 3.964
- Arrival Time                  1.433
= Slack Time                    2.531
     Clock Rise Edge                      0.000
     + Input Delay                        0.500
     + Drive Adjustment                   0.077
     = Beginpoint Arrival Time            0.577
     +--------------------------------------------------------------------------------------+ 
     |           Instance            |     Arc     |   Cell    | Delay | Arrival | Required | 
     |                               |             |           |       |  Time   |   Time   | 
     |-------------------------------+-------------+-----------+-------+---------+----------| 
     |                               | wb_rst_i ^  |           |       |   0.577 |    3.108 | 
     | FE_OFC2_wb_rst_i              | A ^ -> Y ^  | BUFX2     | 0.118 |   0.694 |    3.226 | 
     | g490                          | A ^ -> Y v  | INVX2     | 0.109 |   0.803 |    3.334 | 
     | picorv32_core_g195312         | B v -> Y ^  | NAND2X1   | 0.045 |   0.848 |    3.379 | 
     | picorv32_core_g194880         | B0 ^ -> Y v | OAI2BB1X1 | 0.081 |   0.929 |    3.460 | 
     | picorv32_core_g194523         | AN v -> Y v | NOR2BX1   | 0.039 |   0.968 |    3.499 | 
     | picorv32_core_g193998         | B v -> Y v  | AND2X1    | 0.101 |   1.070 |    3.601 | 
     | picorv32_core_g193355         | B1 v -> Y ^ | AOI22X1   | 0.054 |   1.124 |    3.655 | 
     | picorv32_core_g192241         | C ^ -> Y v  | NAND4XL   | 0.062 |   1.186 |    3.717 | 
     | picorv32_core_g191455__7482   | B0 v -> Y ^ | AOI211XL  | 0.038 |   1.224 |    3.756 | 
     | picorv32_core_g190744__5477   | D ^ -> Y v  | NAND4XL   | 0.076 |   1.301 |    3.832 | 
     | picorv32_core_g190702__7098   | B0 v -> Y ^ | AOI21X1   | 0.039 |   1.340 |    3.871 | 
     | picorv32_core_g190547__3680   | D ^ -> Y v  | NAND4XL   | 0.093 |   1.433 |    3.964 | 
     | picorv32_core_reg_op2_reg[31] | D v         | DFFHQX1   | 0.000 |   1.433 |    3.964 | 
     +--------------------------------------------------------------------------------------+ 
Path 2: MET Setup Check with Pin picorv32_core_reg_op2_reg[24]/CK 
Endpoint:   picorv32_core_reg_op2_reg[24]/D (v) checked with  leading edge of 
'clk'
Beginpoint: wb_rst_i                        (^) triggered by  leading edge of 
'clk'
Path Groups: {in2reg}
Analysis View: analysis1
Other End Arrival Time         -0.001
- Setup                         0.014
+ Phase Shift                   4.000
- Uncertainty                   0.020
= Required Time                 3.965
- Arrival Time                  1.422
= Slack Time                    2.543
     Clock Rise Edge                      0.000
     + Input Delay                        0.500
     + Drive Adjustment                   0.077
     = Beginpoint Arrival Time            0.577
     +--------------------------------------------------------------------------------------+ 
     |           Instance            |     Arc     |   Cell    | Delay | Arrival | Required | 
     |                               |             |           |       |  Time   |   Time   | 
     |-------------------------------+-------------+-----------+-------+---------+----------| 
     |                               | wb_rst_i ^  |           |       |   0.577 |    3.120 | 
     | FE_OFC2_wb_rst_i              | A ^ -> Y ^  | BUFX2     | 0.118 |   0.695 |    3.238 | 
     | g490                          | A ^ -> Y v  | INVX2     | 0.109 |   0.803 |    3.346 | 
     | picorv32_core_g195312         | B v -> Y ^  | NAND2X1   | 0.045 |   0.848 |    3.391 | 
     | picorv32_core_g194880         | B0 ^ -> Y v | OAI2BB1X1 | 0.081 |   0.929 |    3.472 | 
     | picorv32_core_g194523         | AN v -> Y v | NOR2BX1   | 0.039 |   0.968 |    3.511 | 
     | picorv32_core_g194013         | B v -> Y v  | AND2X1    | 0.100 |   1.068 |    3.611 | 
     | picorv32_core_g193287         | B1 v -> Y ^ | AOI22X1   | 0.054 |   1.122 |    3.665 | 
     | picorv32_core_g192225         | C ^ -> Y v  | NAND4XL   | 0.066 |   1.189 |    3.732 | 
     | picorv32_core_g191448__1705   | B0 v -> Y ^ | AOI211XL  | 0.069 |   1.257 |    3.800 | 
     | picorv32_core_g190737__9315   | D ^ -> Y v  | NAND4XL   | 0.064 |   1.322 |    3.865 | 
     | picorv32_core_g190695__6783   | B0 v -> Y ^ | AOI21X1   | 0.030 |   1.351 |    3.894 | 
     | picorv32_core_g190580__8246   | D ^ -> Y v  | NAND4XL   | 0.070 |   1.421 |    3.964 | 
     | picorv32_core_reg_op2_reg[24] | D v         | DFFHQX1   | 0.000 |   1.422 |    3.965 | 
     +--------------------------------------------------------------------------------------+ 
Path 3: MET Setup Check with Pin picorv32_core_reg_op2_reg[15]/CK 
Endpoint:   picorv32_core_reg_op2_reg[15]/D (v) checked with  leading edge of 
'clk'
Beginpoint: wb_rst_i                        (^) triggered by  leading edge of 
'clk'
Path Groups: {in2reg}
Analysis View: analysis1
Other End Arrival Time         -0.000
- Setup                         0.017
+ Phase Shift                   4.000
- Uncertainty                   0.020
= Required Time                 3.963
- Arrival Time                  1.410
= Slack Time                    2.552
     Clock Rise Edge                      0.000
     + Input Delay                        0.500
     + Drive Adjustment                   0.077
     = Beginpoint Arrival Time            0.577
     +--------------------------------------------------------------------------------------+ 
     |           Instance            |     Arc     |   Cell    | Delay | Arrival | Required | 
     |                               |             |           |       |  Time   |   Time   | 
     |-------------------------------+-------------+-----------+-------+---------+----------| 
     |                               | wb_rst_i ^  |           |       |   0.577 |    3.129 | 
     | FE_OFC2_wb_rst_i              | A ^ -> Y ^  | BUFX2     | 0.118 |   0.694 |    3.247 | 
     | g490                          | A ^ -> Y v  | INVX2     | 0.109 |   0.803 |    3.356 | 
     | picorv32_core_g195312         | B v -> Y ^  | NAND2X1   | 0.045 |   0.848 |    3.401 | 
     | picorv32_core_g194880         | B0 ^ -> Y v | OAI2BB1X1 | 0.081 |   0.929 |    3.482 | 
     | picorv32_core_g194523         | AN v -> Y v | NOR2BX1   | 0.039 |   0.968 |    3.521 | 
     | picorv32_core_g194013         | B v -> Y v  | AND2X1    | 0.100 |   1.068 |    3.620 | 
     | picorv32_core_g193193         | B1 v -> Y ^ | AOI22X1   | 0.054 |   1.122 |    3.675 | 
     | picorv32_core_g192227         | C ^ -> Y v  | NAND4XL   | 0.059 |   1.181 |    3.733 | 
     | picorv32_core_g191439__5107   | B0 v -> Y ^ | AOI211XL  | 0.046 |   1.227 |    3.780 | 
     | picorv32_core_g190728__5122   | D ^ -> Y v  | NAND4XL   | 0.059 |   1.286 |    3.839 | 
     | picorv32_core_g190686__7410   | B0 v -> Y ^ | AOI21X1   | 0.034 |   1.320 |    3.873 | 
     | picorv32_core_g190572__8428   | D ^ -> Y v  | NAND4XL   | 0.090 |   1.410 |    3.962 | 
     | picorv32_core_reg_op2_reg[15] | D v         | DFFHQX1   | 0.000 |   1.410 |    3.963 | 
     +--------------------------------------------------------------------------------------+ 
Path 4: MET Setup Check with Pin picorv32_core_reg_op2_reg[22]/CK 
Endpoint:   picorv32_core_reg_op2_reg[22]/D (v) checked with  leading edge of 
'clk'
Beginpoint: wb_rst_i                        (^) triggered by  leading edge of 
'clk'
Path Groups: {in2reg}
Analysis View: analysis1
Other End Arrival Time         -0.000
- Setup                         0.018
+ Phase Shift                   4.000
- Uncertainty                   0.020
= Required Time                 3.962
- Arrival Time                  1.405
= Slack Time                    2.557
     Clock Rise Edge                      0.000
     + Input Delay                        0.500
     + Drive Adjustment                   0.077
     = Beginpoint Arrival Time            0.577
     +--------------------------------------------------------------------------------------+ 
     |           Instance            |     Arc     |   Cell    | Delay | Arrival | Required | 
     |                               |             |           |       |  Time   |   Time   | 
     |-------------------------------+-------------+-----------+-------+---------+----------| 
     |                               | wb_rst_i ^  |           |       |   0.577 |    3.134 | 
     | FE_OFC2_wb_rst_i              | A ^ -> Y ^  | BUFX2     | 0.118 |   0.694 |    3.252 | 
     | g490                          | A ^ -> Y v  | INVX2     | 0.109 |   0.803 |    3.361 | 
     | picorv32_core_g195312         | B v -> Y ^  | NAND2X1   | 0.045 |   0.848 |    3.406 | 
     | picorv32_core_g194880         | B0 ^ -> Y v | OAI2BB1X1 | 0.081 |   0.929 |    3.487 | 
     | picorv32_core_g194523         | AN v -> Y v | NOR2BX1   | 0.039 |   0.968 |    3.526 | 
     | picorv32_core_g194013         | B v -> Y v  | AND2X1    | 0.100 |   1.068 |    3.625 | 
     | picorv32_core_g193266         | B1 v -> Y ^ | AOI22X1   | 0.056 |   1.124 |    3.681 | 
     | picorv32_core_g192222         | B ^ -> Y v  | NAND4XL   | 0.068 |   1.192 |    3.749 | 
     | picorv32_core_g191446__1617   | C0 v -> Y ^ | AOI211XL  | 0.056 |   1.248 |    3.806 | 
     | picorv32_core_g190735__4733   | D ^ -> Y v  | NAND4XL   | 0.045 |   1.293 |    3.850 | 
     | picorv32_core_g190693__8428   | B0 v -> Y ^ | AOI21X1   | 0.022 |   1.315 |    3.872 | 
     | picorv32_core_g190579__5122   | D ^ -> Y v  | NAND4XL   | 0.089 |   1.404 |    3.962 | 
     | picorv32_core_reg_op2_reg[22] | D v         | DFFHQX1   | 0.000 |   1.405 |    3.962 | 
     +--------------------------------------------------------------------------------------+ 
Path 5: MET Setup Check with Pin picorv32_core_reg_op2_reg[10]/CK 
Endpoint:   picorv32_core_reg_op2_reg[10]/D (v) checked with  leading edge of 
'clk'
Beginpoint: wb_rst_i                        (^) triggered by  leading edge of 
'clk'
Path Groups: {in2reg}
Analysis View: analysis1
Other End Arrival Time          0.000
- Setup                         0.016
+ Phase Shift                   4.000
- Uncertainty                   0.020
= Required Time                 3.964
- Arrival Time                  1.401
= Slack Time                    2.563
     Clock Rise Edge                      0.000
     + Input Delay                        0.500
     + Drive Adjustment                   0.077
     = Beginpoint Arrival Time            0.577
     +--------------------------------------------------------------------------------------+ 
     |           Instance            |     Arc     |   Cell    | Delay | Arrival | Required | 
     |                               |             |           |       |  Time   |   Time   | 
     |-------------------------------+-------------+-----------+-------+---------+----------| 
     |                               | wb_rst_i ^  |           |       |   0.577 |    3.140 | 
     | FE_OFC2_wb_rst_i              | A ^ -> Y ^  | BUFX2     | 0.118 |   0.694 |    3.258 | 
     | g490                          | A ^ -> Y v  | INVX2     | 0.109 |   0.803 |    3.367 | 
     | picorv32_core_g195312         | B v -> Y ^  | NAND2X1   | 0.045 |   0.848 |    3.412 | 
     | picorv32_core_g194880         | B0 ^ -> Y v | OAI2BB1X1 | 0.081 |   0.929 |    3.493 | 
     | picorv32_core_g194523         | AN v -> Y v | NOR2BX1   | 0.039 |   0.968 |    3.532 | 
     | picorv32_core_g194013         | B v -> Y v  | AND2X1    | 0.100 |   1.068 |    3.631 | 
     | picorv32_core_g193138         | B1 v -> Y ^ | AOI22X1   | 0.054 |   1.122 |    3.686 | 
     | picorv32_core_g192201         | B ^ -> Y v  | NAND4XL   | 0.064 |   1.187 |    3.750 | 
     | picorv32_core_g191434__1666   | C0 v -> Y ^ | AOI211XL  | 0.063 |   1.250 |    3.813 | 
     | picorv32_core_g190723__6783   | D ^ -> Y v  | NAND4XL   | 0.049 |   1.299 |    3.862 | 
     | picorv32_core_g190681__9315   | B0 v -> Y ^ | AOI21X1   | 0.024 |   1.323 |    3.886 | 
     | picorv32_core_g190567__5477   | D ^ -> Y v  | NAND4XL   | 0.078 |   1.401 |    3.964 | 
     | picorv32_core_reg_op2_reg[10] | D v         | DFFHQX1   | 0.000 |   1.401 |    3.964 | 
     +--------------------------------------------------------------------------------------+ 
Path 6: MET Setup Check with Pin picorv32_core_reg_op2_reg[17]/CK 
Endpoint:   picorv32_core_reg_op2_reg[17]/D (v) checked with  leading edge of 
'clk'
Beginpoint: wb_rst_i                        (^) triggered by  leading edge of 
'clk'
Path Groups: {in2reg}
Analysis View: analysis1
Other End Arrival Time         -0.000
- Setup                         0.015
+ Phase Shift                   4.000
- Uncertainty                   0.020
= Required Time                 3.965
- Arrival Time                  1.401
= Slack Time                    2.563
     Clock Rise Edge                      0.000
     + Input Delay                        0.500
     + Drive Adjustment                   0.077
     = Beginpoint Arrival Time            0.577
     +--------------------------------------------------------------------------------------+ 
     |           Instance            |     Arc     |   Cell    | Delay | Arrival | Required | 
     |                               |             |           |       |  Time   |   Time   | 
     |-------------------------------+-------------+-----------+-------+---------+----------| 
     |                               | wb_rst_i ^  |           |       |   0.577 |    3.140 | 
     | FE_OFC2_wb_rst_i              | A ^ -> Y ^  | BUFX2     | 0.118 |   0.694 |    3.258 | 
     | g490                          | A ^ -> Y v  | INVX2     | 0.109 |   0.803 |    3.367 | 
     | picorv32_core_g195312         | B v -> Y ^  | NAND2X1   | 0.045 |   0.848 |    3.412 | 
     | picorv32_core_g194880         | B0 ^ -> Y v | OAI2BB1X1 | 0.081 |   0.929 |    3.493 | 
     | picorv32_core_g194523         | AN v -> Y v | NOR2BX1   | 0.039 |   0.968 |    3.532 | 
     | picorv32_core_g194013         | B v -> Y v  | AND2X1    | 0.100 |   1.068 |    3.631 | 
     | picorv32_core_g193219         | B1 v -> Y ^ | AOI22X1   | 0.056 |   1.123 |    3.687 | 
     | picorv32_core_g192214         | B ^ -> Y v  | NAND4XL   | 0.066 |   1.189 |    3.752 | 
     | picorv32_core_g191441__4319   | C0 v -> Y ^ | AOI211XL  | 0.063 |   1.252 |    3.815 | 
     | picorv32_core_g190730__7098   | D ^ -> Y v  | NAND4XL   | 0.051 |   1.302 |    3.866 | 
     | picorv32_core_g190688__5477   | B0 v -> Y ^ | AOI21X1   | 0.023 |   1.326 |    3.889 | 
     | picorv32_core_g190574__6783   | D ^ -> Y v  | NAND4XL   | 0.075 |   1.401 |    3.964 | 
     | picorv32_core_reg_op2_reg[17] | D v         | DFFHQX1   | 0.000 |   1.401 |    3.965 | 
     +--------------------------------------------------------------------------------------+ 
Path 7: MET Setup Check with Pin picorv32_core_reg_op2_reg[29]/CK 
Endpoint:   picorv32_core_reg_op2_reg[29]/D (v) checked with  leading edge of 
'clk'
Beginpoint: wb_rst_i                        (^) triggered by  leading edge of 
'clk'
Path Groups: {in2reg}
Analysis View: analysis1
Other End Arrival Time          0.001
- Setup                         0.016
+ Phase Shift                   4.000
- Uncertainty                   0.020
= Required Time                 3.965
- Arrival Time                  1.401
= Slack Time                    2.564
     Clock Rise Edge                      0.000
     + Input Delay                        0.500
     + Drive Adjustment                   0.077
     = Beginpoint Arrival Time            0.577
     +--------------------------------------------------------------------------------------+ 
     |           Instance            |     Arc     |   Cell    | Delay | Arrival | Required | 
     |                               |             |           |       |  Time   |   Time   | 
     |-------------------------------+-------------+-----------+-------+---------+----------| 
     |                               | wb_rst_i ^  |           |       |   0.577 |    3.141 | 
     | FE_OFC2_wb_rst_i              | A ^ -> Y ^  | BUFX2     | 0.118 |   0.695 |    3.259 | 
     | g490                          | A ^ -> Y v  | INVX2     | 0.109 |   0.803 |    3.367 | 
     | picorv32_core_g195312         | B v -> Y ^  | NAND2X1   | 0.045 |   0.848 |    3.412 | 
     | picorv32_core_g194880         | B0 ^ -> Y v | OAI2BB1X1 | 0.081 |   0.929 |    3.493 | 
     | picorv32_core_g194523         | AN v -> Y v | NOR2BX1   | 0.039 |   0.968 |    3.532 | 
     | picorv32_core_g194013         | B v -> Y v  | AND2X1    | 0.100 |   1.068 |    3.632 | 
     | picorv32_core_g193334         | B1 v -> Y ^ | AOI22X1   | 0.056 |   1.124 |    3.688 | 
     | picorv32_core_g192236         | B ^ -> Y v  | NAND4XL   | 0.070 |   1.194 |    3.758 | 
     | picorv32_core_g191453__1881   | C0 v -> Y ^ | AOI211XL  | 0.051 |   1.245 |    3.809 | 
     | picorv32_core_g190742__7410   | D ^ -> Y v  | NAND4XL   | 0.051 |   1.296 |    3.860 | 
     | picorv32_core_g190700__5122   | B0 v -> Y ^ | AOI21X1   | 0.026 |   1.322 |    3.886 | 
     | picorv32_core_g190586__4733   | D ^ -> Y v  | NAND4XL   | 0.079 |   1.401 |    3.965 | 
     | picorv32_core_reg_op2_reg[29] | D v         | DFFHQX1   | 0.000 |   1.401 |    3.965 | 
     +--------------------------------------------------------------------------------------+ 
Path 8: MET Setup Check with Pin picorv32_core_reg_op2_reg[30]/CK 
Endpoint:   picorv32_core_reg_op2_reg[30]/D (v) checked with  leading edge of 
'clk'
Beginpoint: wb_rst_i                        (^) triggered by  leading edge of 
'clk'
Path Groups: {in2reg}
Analysis View: analysis1
Other End Arrival Time          0.000
- Setup                         0.012
+ Phase Shift                   4.000
- Uncertainty                   0.020
= Required Time                 3.968
- Arrival Time                  1.396
= Slack Time                    2.573
     Clock Rise Edge                      0.000
     + Input Delay                        0.500
     + Drive Adjustment                   0.077
     = Beginpoint Arrival Time            0.577
     +--------------------------------------------------------------------------------------+ 
     |           Instance            |     Arc     |   Cell    | Delay | Arrival | Required | 
     |                               |             |           |       |  Time   |   Time   | 
     |-------------------------------+-------------+-----------+-------+---------+----------| 
     |                               | wb_rst_i ^  |           |       |   0.577 |    3.149 | 
     | FE_OFC2_wb_rst_i              | A ^ -> Y ^  | BUFX2     | 0.118 |   0.694 |    3.267 | 
     | g490                          | A ^ -> Y v  | INVX2     | 0.109 |   0.803 |    3.376 | 
     | picorv32_core_g195312         | B v -> Y ^  | NAND2X1   | 0.045 |   0.848 |    3.421 | 
     | picorv32_core_g194880         | B0 ^ -> Y v | OAI2BB1X1 | 0.081 |   0.929 |    3.502 | 
     | picorv32_core_g194525         | A v -> Y v  | AND2X1    | 0.040 |   0.969 |    3.542 | 
     | picorv32_core_g194010         | B v -> Y v  | AND2X1    | 0.107 |   1.076 |    3.649 | 
     | picorv32_core_g193344         | A1 v -> Y ^ | AOI22X1   | 0.058 |   1.135 |    3.707 | 
     | picorv32_core_g192238         | B ^ -> Y v  | NAND4XL   | 0.049 |   1.183 |    3.756 | 
     | picorv32_core_g191454__5115   | B0 v -> Y ^ | AOI211XL  | 0.068 |   1.252 |    3.825 | 
     | picorv32_core_g190743__6417   | D ^ -> Y v  | NAND4XL   | 0.063 |   1.315 |    3.887 | 
     | picorv32_core_g190701__8246   | B0 v -> Y ^ | AOI21X1   | 0.027 |   1.342 |    3.914 | 
     | picorv32_core_g190587__6161   | D ^ -> Y v  | NAND4XL   | 0.054 |   1.396 |    3.968 | 
     | picorv32_core_reg_op2_reg[30] | D v         | DFFHQX1   | 0.000 |   1.396 |    3.968 | 
     +--------------------------------------------------------------------------------------+ 
Path 9: MET Setup Check with Pin picorv32_core_reg_op2_reg[28]/CK 
Endpoint:   picorv32_core_reg_op2_reg[28]/D (v) checked with  leading edge of 
'clk'
Beginpoint: wb_rst_i                        (^) triggered by  leading edge of 
'clk'
Path Groups: {in2reg}
Analysis View: analysis1
Other End Arrival Time          0.002
- Setup                         0.012
+ Phase Shift                   4.000
- Uncertainty                   0.020
= Required Time                 3.970
- Arrival Time                  1.397
= Slack Time                    2.573
     Clock Rise Edge                      0.000
     + Input Delay                        0.500
     + Drive Adjustment                   0.077
     = Beginpoint Arrival Time            0.577
     +--------------------------------------------------------------------------------------+ 
     |           Instance            |     Arc     |   Cell    | Delay | Arrival | Required | 
     |                               |             |           |       |  Time   |   Time   | 
     |-------------------------------+-------------+-----------+-------+---------+----------| 
     |                               | wb_rst_i ^  |           |       |   0.577 |    3.150 | 
     | FE_OFC2_wb_rst_i              | A ^ -> Y ^  | BUFX2     | 0.118 |   0.694 |    3.268 | 
     | g490                          | A ^ -> Y v  | INVX2     | 0.109 |   0.803 |    3.376 | 
     | picorv32_core_g195312         | B v -> Y ^  | NAND2X1   | 0.045 |   0.848 |    3.421 | 
     | picorv32_core_g194880         | B0 ^ -> Y v | OAI2BB1X1 | 0.081 |   0.929 |    3.503 | 
     | picorv32_core_g194525         | A v -> Y v  | AND2X1    | 0.040 |   0.969 |    3.542 | 
     | picorv32_core_g194010         | B v -> Y v  | AND2X1    | 0.107 |   1.076 |    3.649 | 
     | picorv32_core_g193326         | A1 v -> Y ^ | AOI22X1   | 0.057 |   1.133 |    3.707 | 
     | picorv32_core_g192234         | A ^ -> Y v  | NAND4XL   | 0.062 |   1.196 |    3.769 | 
     | picorv32_core_g191452__6131   | B0 v -> Y ^ | AOI211XL  | 0.063 |   1.259 |    3.832 | 
     | picorv32_core_g190741__1666   | D ^ -> Y v  | NAND4XL   | 0.056 |   1.315 |    3.888 | 
     | picorv32_core_g190699__1705   | B0 v -> Y ^ | AOI21X1   | 0.026 |   1.342 |    3.915 | 
     | picorv32_core_g190585__7482   | D ^ -> Y v  | NAND4XL   | 0.055 |   1.397 |    3.970 | 
     | picorv32_core_reg_op2_reg[28] | D v         | DFFHQX1   | 0.000 |   1.397 |    3.970 | 
     +--------------------------------------------------------------------------------------+ 
Path 10: MET Setup Check with Pin picorv32_core_reg_op2_reg[20]/CK 
Endpoint:   picorv32_core_reg_op2_reg[20]/D (v) checked with  leading edge of 
'clk'
Beginpoint: wb_rst_i                        (^) triggered by  leading edge of 
'clk'
Path Groups: {in2reg}
Analysis View: analysis1
Other End Arrival Time          0.000
- Setup                         0.011
+ Phase Shift                   4.000
- Uncertainty                   0.020
= Required Time                 3.969
- Arrival Time                  1.395
= Slack Time                    2.574
     Clock Rise Edge                      0.000
     + Input Delay                        0.500
     + Drive Adjustment                   0.077
     = Beginpoint Arrival Time            0.577
     +--------------------------------------------------------------------------------------+ 
     |           Instance            |     Arc     |   Cell    | Delay | Arrival | Required | 
     |                               |             |           |       |  Time   |   Time   | 
     |-------------------------------+-------------+-----------+-------+---------+----------| 
     |                               | wb_rst_i ^  |           |       |   0.577 |    3.150 | 
     | FE_OFC2_wb_rst_i              | A ^ -> Y ^  | BUFX2     | 0.118 |   0.694 |    3.268 | 
     | g490                          | A ^ -> Y v  | INVX2     | 0.109 |   0.803 |    3.377 | 
     | picorv32_core_g195312         | B v -> Y ^  | NAND2X1   | 0.045 |   0.848 |    3.422 | 
     | picorv32_core_g194880         | B0 ^ -> Y v | OAI2BB1X1 | 0.081 |   0.929 |    3.503 | 
     | picorv32_core_g194523         | AN v -> Y v | NOR2BX1   | 0.039 |   0.968 |    3.542 | 
     | picorv32_core_g194013         | B v -> Y v  | AND2X1    | 0.100 |   1.068 |    3.641 | 
     | picorv32_core_g193245         | B1 v -> Y ^ | AOI22X1   | 0.059 |   1.126 |    3.700 | 
     | picorv32_core_g192190         | B ^ -> Y v  | NAND4XL   | 0.061 |   1.188 |    3.762 | 
     | picorv32_core_g191444__6783   | C0 v -> Y ^ | AOI211XL  | 0.057 |   1.245 |    3.819 | 
     | picorv32_core_g190733__5115   | D ^ -> Y v  | NAND4XL   | 0.058 |   1.303 |    3.877 | 
     | picorv32_core_g190691__6260   | B0 v -> Y ^ | AOI21X1   | 0.037 |   1.340 |    3.914 | 
     | picorv32_core_g190577__2802   | D ^ -> Y v  | NAND4XL   | 0.055 |   1.395 |    3.969 | 
     | picorv32_core_reg_op2_reg[20] | D v         | DFFHQX1   | 0.000 |   1.395 |    3.969 | 
     +--------------------------------------------------------------------------------------+ 
Path 11: MET Setup Check with Pin picorv32_core_reg_op2_reg[9]/CK 
Endpoint:   picorv32_core_reg_op2_reg[9]/D (v) checked with  leading edge of 
'clk'
Beginpoint: wb_rst_i                       (^) triggered by  leading edge of 
'clk'
Path Groups: {in2reg}
Analysis View: analysis1
Other End Arrival Time         -0.000
- Setup                         0.014
+ Phase Shift                   4.000
- Uncertainty                   0.020
= Required Time                 3.966
- Arrival Time                  1.391
= Slack Time                    2.574
     Clock Rise Edge                      0.000
     + Input Delay                        0.500
     + Drive Adjustment                   0.077
     = Beginpoint Arrival Time            0.577
     +-------------------------------------------------------------------------------------+ 
     |           Instance           |     Arc     |   Cell    | Delay | Arrival | Required | 
     |                              |             |           |       |  Time   |   Time   | 
     |------------------------------+-------------+-----------+-------+---------+----------| 
     |                              | wb_rst_i ^  |           |       |   0.577 |    3.151 | 
     | FE_OFC2_wb_rst_i             | A ^ -> Y ^  | BUFX2     | 0.118 |   0.694 |    3.269 | 
     | g490                         | A ^ -> Y v  | INVX2     | 0.109 |   0.803 |    3.377 | 
     | picorv32_core_g195312        | B v -> Y ^  | NAND2X1   | 0.045 |   0.848 |    3.422 | 
     | picorv32_core_g194880        | B0 ^ -> Y v | OAI2BB1X1 | 0.081 |   0.929 |    3.504 | 
     | picorv32_core_g194523        | AN v -> Y v | NOR2BX1   | 0.039 |   0.968 |    3.543 | 
     | picorv32_core_g193998        | B v -> Y v  | AND2X1    | 0.101 |   1.070 |    3.644 | 
     | picorv32_core_g193127        | B1 v -> Y ^ | AOI22X1   | 0.054 |   1.123 |    3.698 | 
     | picorv32_core_g192199        | B ^ -> Y v  | NAND4XL   | 0.068 |   1.192 |    3.766 | 
     | picorv32_core_g191433__2346  | C0 v -> Y ^ | AOI211XL  | 0.059 |   1.251 |    3.826 | 
     | picorv32_core_g190722__5526  | D ^ -> Y v  | NAND4XL   | 0.048 |   1.300 |    3.874 | 
     | picorv32_core_g190680__6161  | B0 v -> Y ^ | AOI21X1   | 0.023 |   1.323 |    3.897 | 
     | picorv32_core_g190565__7410  | D ^ -> Y v  | NAND4XL   | 0.068 |   1.391 |    3.965 | 
     | picorv32_core_reg_op2_reg[9] | D v         | DFFHQX1   | 0.000 |   1.391 |    3.966 | 
     +-------------------------------------------------------------------------------------+ 
Path 12: MET Setup Check with Pin picorv32_core_reg_op2_reg[11]/CK 
Endpoint:   picorv32_core_reg_op2_reg[11]/D (v) checked with  leading edge of 
'clk'
Beginpoint: wb_rst_i                        (^) triggered by  leading edge of 
'clk'
Path Groups: {in2reg}
Analysis View: analysis1
Other End Arrival Time         -0.002
- Setup                         0.017
+ Phase Shift                   4.000
- Uncertainty                   0.020
= Required Time                 3.962
- Arrival Time                  1.386
= Slack Time                    2.576
     Clock Rise Edge                      0.000
     + Input Delay                        0.500
     + Drive Adjustment                   0.077
     = Beginpoint Arrival Time            0.577
     +--------------------------------------------------------------------------------------+ 
     |           Instance            |     Arc     |   Cell    | Delay | Arrival | Required | 
     |                               |             |           |       |  Time   |   Time   | 
     |-------------------------------+-------------+-----------+-------+---------+----------| 
     |                               | wb_rst_i ^  |           |       |   0.577 |    3.152 | 
     | FE_OFC2_wb_rst_i              | A ^ -> Y ^  | BUFX2     | 0.118 |   0.695 |    3.270 | 
     | g490                          | A ^ -> Y v  | INVX2     | 0.109 |   0.803 |    3.379 | 
     | picorv32_core_g195312         | B v -> Y ^  | NAND2X1   | 0.045 |   0.848 |    3.424 | 
     | picorv32_core_g194880         | B0 ^ -> Y v | OAI2BB1X1 | 0.081 |   0.929 |    3.505 | 
     | picorv32_core_g194523         | AN v -> Y v | NOR2BX1   | 0.039 |   0.968 |    3.544 | 
     | picorv32_core_g193998         | B v -> Y v  | AND2X1    | 0.101 |   1.070 |    3.645 | 
     | picorv32_core_g192934         | B1 v -> Y ^ | AOI22X1   | 0.052 |   1.121 |    3.697 | 
     | picorv32_core_g192203         | B ^ -> Y v  | NAND4XL   | 0.066 |   1.188 |    3.763 | 
     | picorv32_core_g191435__7410   | B0 v -> Y ^ | AOI211XL  | 0.043 |   1.231 |    3.806 | 
     | picorv32_core_g190724__3680   | D ^ -> Y v  | NAND4XL   | 0.046 |   1.277 |    3.852 | 
     | picorv32_core_g190682__9945   | B0 v -> Y ^ | AOI21X1   | 0.025 |   1.302 |    3.878 | 
     | picorv32_core_g190568__2398   | D ^ -> Y v  | NAND4XL   | 0.084 |   1.386 |    3.961 | 
     | picorv32_core_reg_op2_reg[11] | D v         | DFFHQX1   | 0.000 |   1.386 |    3.962 | 
     +--------------------------------------------------------------------------------------+ 
Path 13: MET Setup Check with Pin picorv32_core_reg_op2_reg[7]/CK 
Endpoint:   picorv32_core_reg_op2_reg[7]/D (v) checked with  leading edge of 
'clk'
Beginpoint: wb_rst_i                       (^) triggered by  leading edge of 
'clk'
Path Groups: {in2reg}
Analysis View: analysis1
Other End Arrival Time          0.000
- Setup                         0.012
+ Phase Shift                   4.000
- Uncertainty                   0.020
= Required Time                 3.968
- Arrival Time                  1.392
= Slack Time                    2.576
     Clock Rise Edge                      0.000
     + Input Delay                        0.500
     + Drive Adjustment                   0.077
     = Beginpoint Arrival Time            0.577
     +-------------------------------------------------------------------------------------+ 
     |           Instance           |     Arc     |   Cell    | Delay | Arrival | Required | 
     |                              |             |           |       |  Time   |   Time   | 
     |------------------------------+-------------+-----------+-------+---------+----------| 
     |                              | wb_rst_i ^  |           |       |   0.577 |    3.153 | 
     | FE_OFC2_wb_rst_i             | A ^ -> Y ^  | BUFX2     | 0.118 |   0.694 |    3.271 | 
     | g490                         | A ^ -> Y v  | INVX2     | 0.109 |   0.803 |    3.379 | 
     | picorv32_core_g195312        | B v -> Y ^  | NAND2X1   | 0.045 |   0.848 |    3.424 | 
     | picorv32_core_g194880        | B0 ^ -> Y v | OAI2BB1X1 | 0.081 |   0.929 |    3.505 | 
     | picorv32_core_g194525        | A v -> Y v  | AND2X1    | 0.040 |   0.969 |    3.545 | 
     | picorv32_core_g194010        | B v -> Y v  | AND2X1    | 0.107 |   1.076 |    3.652 | 
     | picorv32_core_g193105        | A1 v -> Y ^ | AOI22X1   | 0.055 |   1.131 |    3.707 | 
     | picorv32_core_g192195        | A ^ -> Y v  | NAND4XL   | 0.041 |   1.173 |    3.749 | 
     | picorv32_core_g191431__9945  | B0 v -> Y ^ | AOI211XL  | 0.071 |   1.244 |    3.820 | 
     | picorv32_core_g190720__4319  | D ^ -> Y v  | NAND4XL   | 0.066 |   1.310 |    3.887 | 
     | picorv32_core_g190678__7482  | B0 v -> Y ^ | AOI21X1   | 0.027 |   1.338 |    3.914 | 
     | picorv32_core_g190564__1666  | D ^ -> Y v  | NAND4XL   | 0.054 |   1.392 |    3.968 | 
     | picorv32_core_reg_op2_reg[7] | D v         | DFFHQX1   | 0.000 |   1.392 |    3.968 | 
     +-------------------------------------------------------------------------------------+ 
Path 14: MET Setup Check with Pin picorv32_core_reg_op2_reg[18]/CK 
Endpoint:   picorv32_core_reg_op2_reg[18]/D (v) checked with  leading edge of 
'clk'
Beginpoint: wb_rst_i                        (^) triggered by  leading edge of 
'clk'
Path Groups: {in2reg}
Analysis View: analysis1
Other End Arrival Time         -0.000
- Setup                         0.017
+ Phase Shift                   4.000
- Uncertainty                   0.020
= Required Time                 3.963
- Arrival Time                  1.382
= Slack Time                    2.581
     Clock Rise Edge                      0.000
     + Input Delay                        0.500
     + Drive Adjustment                   0.077
     = Beginpoint Arrival Time            0.577
     +--------------------------------------------------------------------------------------+ 
     |           Instance            |     Arc     |   Cell    | Delay | Arrival | Required | 
     |                               |             |           |       |  Time   |   Time   | 
     |-------------------------------+-------------+-----------+-------+---------+----------| 
     |                               | wb_rst_i ^  |           |       |   0.577 |    3.158 | 
     | FE_OFC2_wb_rst_i              | A ^ -> Y ^  | BUFX2     | 0.118 |   0.694 |    3.276 | 
     | g490                          | A ^ -> Y v  | INVX2     | 0.109 |   0.803 |    3.384 | 
     | picorv32_core_g195312         | B v -> Y ^  | NAND2X1   | 0.045 |   0.848 |    3.429 | 
     | picorv32_core_g194880         | B0 ^ -> Y v | OAI2BB1X1 | 0.081 |   0.929 |    3.510 | 
     | picorv32_core_g194523         | AN v -> Y v | NOR2BX1   | 0.039 |   0.968 |    3.549 | 
     | picorv32_core_g193998         | B v -> Y v  | AND2X1    | 0.101 |   1.070 |    3.651 | 
     | picorv32_core_g193230         | B1 v -> Y ^ | AOI22X1   | 0.054 |   1.124 |    3.705 | 
     | picorv32_core_g192216         | C ^ -> Y v  | NAND4XL   | 0.062 |   1.186 |    3.767 | 
     | picorv32_core_g191442__8428   | B0 v -> Y ^ | AOI211XL  | 0.054 |   1.240 |    3.821 | 
     | picorv32_core_g190731__6131   | D ^ -> Y v  | NAND4XL   | 0.036 |   1.276 |    3.857 | 
     | picorv32_core_g190689__2398   | B0 v -> Y ^ | AOI21X1   | 0.019 |   1.295 |    3.876 | 
     | picorv32_core_g190575__3680   | D ^ -> Y v  | NAND4XL   | 0.087 |   1.382 |    3.963 | 
     | picorv32_core_reg_op2_reg[18] | D v         | DFFHQX1   | 0.000 |   1.382 |    3.963 | 
     +--------------------------------------------------------------------------------------+ 
Path 15: MET Setup Check with Pin picorv32_core_reg_op2_reg[26]/CK 
Endpoint:   picorv32_core_reg_op2_reg[26]/D (v) checked with  leading edge of 
'clk'
Beginpoint: wb_rst_i                        (^) triggered by  leading edge of 
'clk'
Path Groups: {in2reg}
Analysis View: analysis1
Other End Arrival Time          0.001
- Setup                         0.015
+ Phase Shift                   4.000
- Uncertainty                   0.020
= Required Time                 3.966
- Arrival Time                  1.383
= Slack Time                    2.583
     Clock Rise Edge                      0.000
     + Input Delay                        0.500
     + Drive Adjustment                   0.077
     = Beginpoint Arrival Time            0.577
     +--------------------------------------------------------------------------------------+ 
     |           Instance            |     Arc     |   Cell    | Delay | Arrival | Required | 
     |                               |             |           |       |  Time   |   Time   | 
     |-------------------------------+-------------+-----------+-------+---------+----------| 
     |                               | wb_rst_i ^  |           |       |   0.577 |    3.160 | 
     | FE_OFC2_wb_rst_i              | A ^ -> Y ^  | BUFX2     | 0.118 |   0.694 |    3.277 | 
     | g490                          | A ^ -> Y v  | INVX2     | 0.109 |   0.803 |    3.386 | 
     | picorv32_core_g195312         | B v -> Y ^  | NAND2X1   | 0.045 |   0.848 |    3.431 | 
     | picorv32_core_g194880         | B0 ^ -> Y v | OAI2BB1X1 | 0.081 |   0.929 |    3.512 | 
     | picorv32_core_g194523         | AN v -> Y v | NOR2BX1   | 0.039 |   0.968 |    3.551 | 
     | picorv32_core_g194013         | B v -> Y v  | AND2X1    | 0.100 |   1.068 |    3.651 | 
     | picorv32_core_g193307         | B1 v -> Y ^ | AOI22X1   | 0.059 |   1.127 |    3.710 | 
     | picorv32_core_g192230         | C ^ -> Y v  | NAND4XL   | 0.063 |   1.190 |    3.773 | 
     | picorv32_core_g191450__8246   | B0 v -> Y ^ | AOI211XL  | 0.051 |   1.241 |    3.824 | 
     | picorv32_core_g190739__2883   | D ^ -> Y v  | NAND4XL   | 0.045 |   1.286 |    3.869 | 
     | picorv32_core_g190697__1617   | B0 v -> Y ^ | AOI21X1   | 0.024 |   1.310 |    3.893 | 
     | picorv32_core_g190583__1881   | D ^ -> Y v  | NAND4XL   | 0.073 |   1.383 |    3.966 | 
     | picorv32_core_reg_op2_reg[26] | D v         | DFFHQX1   | 0.000 |   1.383 |    3.966 | 
     +--------------------------------------------------------------------------------------+ 
Path 16: MET Setup Check with Pin picorv32_core_reg_op2_reg[14]/CK 
Endpoint:   picorv32_core_reg_op2_reg[14]/D (v) checked with  leading edge of 
'clk'
Beginpoint: wb_rst_i                        (^) triggered by  leading edge of 
'clk'
Path Groups: {in2reg}
Analysis View: analysis1
Other End Arrival Time         -0.002
- Setup                         0.015
+ Phase Shift                   4.000
- Uncertainty                   0.020
= Required Time                 3.963
- Arrival Time                  1.372
= Slack Time                    2.591
     Clock Rise Edge                      0.000
     + Input Delay                        0.500
     + Drive Adjustment                   0.077
     = Beginpoint Arrival Time            0.577
     +--------------------------------------------------------------------------------------+ 
     |           Instance            |     Arc     |   Cell    | Delay | Arrival | Required | 
     |                               |             |           |       |  Time   |   Time   | 
     |-------------------------------+-------------+-----------+-------+---------+----------| 
     |                               | wb_rst_i ^  |           |       |   0.577 |    3.168 | 
     | FE_OFC2_wb_rst_i              | A ^ -> Y ^  | BUFX2     | 0.118 |   0.694 |    3.286 | 
     | g490                          | A ^ -> Y v  | INVX2     | 0.109 |   0.803 |    3.394 | 
     | picorv32_core_g195312         | B v -> Y ^  | NAND2X1   | 0.045 |   0.848 |    3.439 | 
     | picorv32_core_g194880         | B0 ^ -> Y v | OAI2BB1X1 | 0.081 |   0.929 |    3.520 | 
     | picorv32_core_g194523         | AN v -> Y v | NOR2BX1   | 0.039 |   0.968 |    3.559 | 
     | picorv32_core_g194013         | B v -> Y v  | AND2X1    | 0.100 |   1.068 |    3.659 | 
     | picorv32_core_g193182         | B1 v -> Y ^ | AOI22X1   | 0.053 |   1.121 |    3.712 | 
     | picorv32_core_g192209         | C ^ -> Y v  | NAND4XL   | 0.056 |   1.177 |    3.768 | 
     | picorv32_core_g191438__2398   | C0 v -> Y ^ | AOI211XL  | 0.059 |   1.236 |    3.827 | 
     | picorv32_core_g190727__1705   | D ^ -> Y v  | NAND4XL   | 0.044 |   1.280 |    3.871 | 
     | picorv32_core_g190685__1666   | B0 v -> Y ^ | AOI21X1   | 0.021 |   1.300 |    3.891 | 
     | picorv32_core_g190571__4319   | D ^ -> Y v  | NAND4XL   | 0.071 |   1.372 |    3.963 | 
     | picorv32_core_reg_op2_reg[14] | D v         | DFFHQX1   | 0.000 |   1.372 |    3.963 | 
     +--------------------------------------------------------------------------------------+ 
Path 17: MET Setup Check with Pin picorv32_core_reg_op2_reg[8]/CK 
Endpoint:   picorv32_core_reg_op2_reg[8]/D (v) checked with  leading edge of 
'clk'
Beginpoint: wb_rst_i                       (^) triggered by  leading edge of 
'clk'
Path Groups: {in2reg}
Analysis View: analysis1
Other End Arrival Time         -0.000
- Setup                         0.010
+ Phase Shift                   4.000
- Uncertainty                   0.020
= Required Time                 3.970
- Arrival Time                  1.367
= Slack Time                    2.603
     Clock Rise Edge                      0.000
     + Input Delay                        0.500
     + Drive Adjustment                   0.077
     = Beginpoint Arrival Time            0.577
     +-------------------------------------------------------------------------------------+ 
     |           Instance           |     Arc     |   Cell    | Delay | Arrival | Required | 
     |                              |             |           |       |  Time   |   Time   | 
     |------------------------------+-------------+-----------+-------+---------+----------| 
     |                              | wb_rst_i ^  |           |       |   0.577 |    3.180 | 
     | FE_OFC2_wb_rst_i             | A ^ -> Y ^  | BUFX2     | 0.118 |   0.694 |    3.297 | 
     | g490                         | A ^ -> Y v  | INVX2     | 0.109 |   0.803 |    3.406 | 
     | picorv32_core_g195312        | B v -> Y ^  | NAND2X1   | 0.045 |   0.848 |    3.451 | 
     | picorv32_core_g194880        | B0 ^ -> Y v | OAI2BB1X1 | 0.081 |   0.929 |    3.532 | 
     | picorv32_core_g194525        | A v -> Y v  | AND2X1    | 0.040 |   0.969 |    3.572 | 
     | picorv32_core_g194010        | B v -> Y v  | AND2X1    | 0.107 |   1.076 |    3.679 | 
     | picorv32_core_g193112        | A1 v -> Y ^ | AOI22X1   | 0.057 |   1.133 |    3.736 | 
     | picorv32_core_g192197        | D ^ -> Y v  | NAND4XL   | 0.040 |   1.173 |    3.776 | 
     | picorv32_core_g191432__2883  | B0 v -> Y ^ | AOI211XL  | 0.069 |   1.242 |    3.845 | 
     | picorv32_core_g190721__8428  | D ^ -> Y v  | NAND4XL   | 0.059 |   1.302 |    3.905 | 
     | picorv32_core_g190679__4733  | B0 v -> Y ^ | AOI21X1   | 0.025 |   1.327 |    3.930 | 
     | picorv32_core_g190566__6417  | D ^ -> Y v  | NAND4XL   | 0.040 |   1.367 |    3.970 | 
     | picorv32_core_reg_op2_reg[8] | D v         | DFFHQX1   | 0.000 |   1.367 |    3.970 | 
     +-------------------------------------------------------------------------------------+ 
Path 18: MET Setup Check with Pin picorv32_core_reg_op2_reg[25]/CK 
Endpoint:   picorv32_core_reg_op2_reg[25]/D (v) checked with  leading edge of 
'clk'
Beginpoint: wb_rst_i                        (^) triggered by  leading edge of 
'clk'
Path Groups: {in2reg}
Analysis View: analysis1
Other End Arrival Time          0.001
- Setup                         0.008
+ Phase Shift                   4.000
- Uncertainty                   0.020
= Required Time                 3.972
- Arrival Time                  1.361
= Slack Time                    2.611
     Clock Rise Edge                      0.000
     + Input Delay                        0.500
     + Drive Adjustment                   0.077
     = Beginpoint Arrival Time            0.577
     +--------------------------------------------------------------------------------------+ 
     |           Instance            |     Arc     |   Cell    | Delay | Arrival | Required | 
     |                               |             |           |       |  Time   |   Time   | 
     |-------------------------------+-------------+-----------+-------+---------+----------| 
     |                               | wb_rst_i ^  |           |       |   0.577 |    3.188 | 
     | FE_OFC2_wb_rst_i              | A ^ -> Y ^  | BUFX2     | 0.118 |   0.695 |    3.306 | 
     | g490                          | A ^ -> Y v  | INVX2     | 0.109 |   0.803 |    3.414 | 
     | picorv32_core_g195312         | B v -> Y ^  | NAND2X1   | 0.045 |   0.848 |    3.459 | 
     | picorv32_core_g194880         | B0 ^ -> Y v | OAI2BB1X1 | 0.081 |   0.929 |    3.540 | 
     | picorv32_core_g194525         | A v -> Y v  | AND2X1    | 0.040 |   0.969 |    3.580 | 
     | picorv32_core_g194010         | B v -> Y v  | AND2X1    | 0.107 |   1.076 |    3.687 | 
     | picorv32_core_g193294         | A1 v -> Y ^ | AOI22X1   | 0.057 |   1.133 |    3.744 | 
     | picorv32_core_g192228         | D ^ -> Y v  | NAND4XL   | 0.065 |   1.198 |    3.809 | 
     | picorv32_core_g191449__5122   | B0 v -> Y ^ | AOI211XL  | 0.055 |   1.253 |    3.864 | 
     | picorv32_core_g190738__9945   | D ^ -> Y v  | NAND4XL   | 0.049 |   1.302 |    3.913 | 
     | picorv32_core_g190696__3680   | B0 v -> Y ^ | AOI21X1   | 0.027 |   1.329 |    3.940 | 
     | picorv32_core_g190581__7098   | D ^ -> Y v  | NAND4XL   | 0.033 |   1.361 |    3.972 | 
     | picorv32_core_reg_op2_reg[25] | D v         | DFFHQX1   | 0.000 |   1.361 |    3.972 | 
     +--------------------------------------------------------------------------------------+ 
Path 19: MET Setup Check with Pin picorv32_core_reg_op2_reg[23]/CK 
Endpoint:   picorv32_core_reg_op2_reg[23]/D (v) checked with  leading edge of 
'clk'
Beginpoint: wb_rst_i                        (^) triggered by  leading edge of 
'clk'
Path Groups: {in2reg}
Analysis View: analysis1
Other End Arrival Time          0.000
- Setup                         0.009
+ Phase Shift                   4.000
- Uncertainty                   0.020
= Required Time                 3.971
- Arrival Time                  1.351
= Slack Time                    2.620
     Clock Rise Edge                      0.000
     + Input Delay                        0.500
     + Drive Adjustment                   0.077
     = Beginpoint Arrival Time            0.577
     +--------------------------------------------------------------------------------------+ 
     |           Instance            |     Arc     |   Cell    | Delay | Arrival | Required | 
     |                               |             |           |       |  Time   |   Time   | 
     |-------------------------------+-------------+-----------+-------+---------+----------| 
     |                               | wb_rst_i ^  |           |       |   0.577 |    3.197 | 
     | FE_OFC2_wb_rst_i              | A ^ -> Y ^  | BUFX2     | 0.118 |   0.695 |    3.314 | 
     | g490                          | A ^ -> Y v  | INVX2     | 0.109 |   0.803 |    3.423 | 
     | picorv32_core_g195312         | B v -> Y ^  | NAND2X1   | 0.045 |   0.848 |    3.468 | 
     | picorv32_core_g194880         | B0 ^ -> Y v | OAI2BB1X1 | 0.081 |   0.929 |    3.549 | 
     | picorv32_core_g194525         | A v -> Y v  | AND2X1    | 0.040 |   0.969 |    3.589 | 
     | picorv32_core_g194010         | B v -> Y v  | AND2X1    | 0.107 |   1.076 |    3.696 | 
     | picorv32_core_g193279         | A1 v -> Y ^ | AOI22X1   | 0.057 |   1.133 |    3.753 | 
     | picorv32_core_g192224         | A ^ -> Y v  | NAND4XL   | 0.048 |   1.181 |    3.801 | 
     | picorv32_core_g191447__2802   | B0 v -> Y ^ | AOI211XL  | 0.053 |   1.234 |    3.854 | 
     | picorv32_core_g190736__6161   | D ^ -> Y v  | NAND4XL   | 0.056 |   1.289 |    3.909 | 
     | picorv32_core_g190694__5526   | B0 v -> Y ^ | AOI21X1   | 0.027 |   1.316 |    3.936 | 
     | picorv32_core_g190582__6131   | D ^ -> Y v  | NAND4XL   | 0.035 |   1.351 |    3.971 | 
     | picorv32_core_reg_op2_reg[23] | D v         | DFFHQX1   | 0.000 |   1.351 |    3.971 | 
     +--------------------------------------------------------------------------------------+ 
Path 20: MET Setup Check with Pin picorv32_core_reg_op2_reg[19]/CK 
Endpoint:   picorv32_core_reg_op2_reg[19]/D (v) checked with  leading edge of 
'clk'
Beginpoint: wb_rst_i                        (^) triggered by  leading edge of 
'clk'
Path Groups: {in2reg}
Analysis View: analysis1
Other End Arrival Time         -0.000
- Setup                         0.008
+ Phase Shift                   4.000
- Uncertainty                   0.020
= Required Time                 3.972
- Arrival Time                  1.352
= Slack Time                    2.620
     Clock Rise Edge                      0.000
     + Input Delay                        0.500
     + Drive Adjustment                   0.077
     = Beginpoint Arrival Time            0.577
     +--------------------------------------------------------------------------------------+ 
     |           Instance            |     Arc     |   Cell    | Delay | Arrival | Required | 
     |                               |             |           |       |  Time   |   Time   | 
     |-------------------------------+-------------+-----------+-------+---------+----------| 
     |                               | wb_rst_i ^  |           |       |   0.577 |    3.197 | 
     | FE_OFC2_wb_rst_i              | A ^ -> Y ^  | BUFX2     | 0.118 |   0.695 |    3.315 | 
     | g490                          | A ^ -> Y v  | INVX2     | 0.109 |   0.803 |    3.423 | 
     | picorv32_core_g195312         | B v -> Y ^  | NAND2X1   | 0.045 |   0.848 |    3.468 | 
     | picorv32_core_g194880         | B0 ^ -> Y v | OAI2BB1X1 | 0.081 |   0.929 |    3.549 | 
     | picorv32_core_g194525         | A v -> Y v  | AND2X1    | 0.040 |   0.969 |    3.589 | 
     | picorv32_core_g194010         | B v -> Y v  | AND2X1    | 0.107 |   1.076 |    3.696 | 
     | picorv32_core_g193238         | A1 v -> Y ^ | AOI22X1   | 0.056 |   1.132 |    3.752 | 
     | picorv32_core_g192218         | C ^ -> Y v  | NAND4XL   | 0.049 |   1.182 |    3.802 | 
     | picorv32_core_g191443__5526   | B0 v -> Y ^ | AOI211XL  | 0.046 |   1.228 |    3.848 | 
     | picorv32_core_g190732__1881   | D ^ -> Y v  | NAND4XL   | 0.062 |   1.290 |    3.910 | 
     | picorv32_core_g190690__5107   | B0 v -> Y ^ | AOI21X1   | 0.031 |   1.320 |    3.941 | 
     | picorv32_core_g190576__1617   | D ^ -> Y v  | NAND4XL   | 0.031 |   1.352 |    3.972 | 
     | picorv32_core_reg_op2_reg[19] | D v         | DFFHQX1   | 0.000 |   1.352 |    3.972 | 
     +--------------------------------------------------------------------------------------+ 
Path 21: MET Setup Check with Pin picorv32_core_reg_op2_reg[13]/CK 
Endpoint:   picorv32_core_reg_op2_reg[13]/D (v) checked with  leading edge of 
'clk'
Beginpoint: wb_rst_i                        (^) triggered by  leading edge of 
'clk'
Path Groups: {in2reg}
Analysis View: analysis1
Other End Arrival Time          0.000
- Setup                         0.009
+ Phase Shift                   4.000
- Uncertainty                   0.020
= Required Time                 3.971
- Arrival Time                  1.350
= Slack Time                    2.621
     Clock Rise Edge                      0.000
     + Input Delay                        0.500
     + Drive Adjustment                   0.077
     = Beginpoint Arrival Time            0.577
     +--------------------------------------------------------------------------------------+ 
     |           Instance            |     Arc     |   Cell    | Delay | Arrival | Required | 
     |                               |             |           |       |  Time   |   Time   | 
     |-------------------------------+-------------+-----------+-------+---------+----------| 
     |                               | wb_rst_i ^  |           |       |   0.577 |    3.198 | 
     | FE_OFC2_wb_rst_i              | A ^ -> Y ^  | BUFX2     | 0.118 |   0.694 |    3.316 | 
     | g490                          | A ^ -> Y v  | INVX2     | 0.109 |   0.803 |    3.424 | 
     | picorv32_core_g195312         | B v -> Y ^  | NAND2X1   | 0.045 |   0.848 |    3.469 | 
     | picorv32_core_g194880         | B0 ^ -> Y v | OAI2BB1X1 | 0.081 |   0.929 |    3.550 | 
     | picorv32_core_g194525         | A v -> Y v  | AND2X1    | 0.040 |   0.969 |    3.590 | 
     | picorv32_core_g194010         | B v -> Y v  | AND2X1    | 0.107 |   1.076 |    3.697 | 
     | picorv32_core_g193170         | A1 v -> Y ^ | AOI22X1   | 0.055 |   1.131 |    3.752 | 
     | picorv32_core_g192207         | A ^ -> Y v  | NAND4XL   | 0.043 |   1.174 |    3.795 | 
     | picorv32_core_g191437__5477   | B0 v -> Y ^ | AOI211XL  | 0.049 |   1.223 |    3.844 | 
     | picorv32_core_g190726__2802   | D ^ -> Y v  | NAND4XL   | 0.058 |   1.281 |    3.902 | 
     | picorv32_core_g190684__2346   | B0 v -> Y ^ | AOI21X1   | 0.030 |   1.311 |    3.932 | 
     | picorv32_core_g190570__6260   | D ^ -> Y v  | NAND4XL   | 0.038 |   1.350 |    3.971 | 
     | picorv32_core_reg_op2_reg[13] | D v         | DFFHQX1   | 0.000 |   1.350 |    3.971 | 
     +--------------------------------------------------------------------------------------+ 
Path 22: MET Setup Check with Pin picorv32_core_reg_op2_reg[16]/CK 
Endpoint:   picorv32_core_reg_op2_reg[16]/D (v) checked with  leading edge of 
'clk'
Beginpoint: wb_rst_i                        (^) triggered by  leading edge of 
'clk'
Path Groups: {in2reg}
Analysis View: analysis1
Other End Arrival Time          0.000
- Setup                         0.008
+ Phase Shift                   4.000
- Uncertainty                   0.020
= Required Time                 3.972
- Arrival Time                  1.351
= Slack Time                    2.621
     Clock Rise Edge                      0.000
     + Input Delay                        0.500
     + Drive Adjustment                   0.077
     = Beginpoint Arrival Time            0.577
     +--------------------------------------------------------------------------------------+ 
     |           Instance            |     Arc     |   Cell    | Delay | Arrival | Required | 
     |                               |             |           |       |  Time   |   Time   | 
     |-------------------------------+-------------+-----------+-------+---------+----------| 
     |                               | wb_rst_i ^  |           |       |   0.577 |    3.198 | 
     | FE_OFC2_wb_rst_i              | A ^ -> Y ^  | BUFX2     | 0.118 |   0.694 |    3.316 | 
     | g490                          | A ^ -> Y v  | INVX2     | 0.109 |   0.803 |    3.425 | 
     | picorv32_core_g195312         | B v -> Y ^  | NAND2X1   | 0.045 |   0.848 |    3.470 | 
     | picorv32_core_g194880         | B0 ^ -> Y v | OAI2BB1X1 | 0.081 |   0.929 |    3.551 | 
     | picorv32_core_g194525         | A v -> Y v  | AND2X1    | 0.040 |   0.969 |    3.591 | 
     | picorv32_core_g194010         | B v -> Y v  | AND2X1    | 0.107 |   1.076 |    3.698 | 
     | picorv32_core_g193204         | A1 v -> Y ^ | AOI22X1   | 0.055 |   1.131 |    3.753 | 
     | picorv32_core_g192212         | A ^ -> Y v  | NAND4XL   | 0.054 |   1.186 |    3.807 | 
     | picorv32_core_g191440__6260   | B0 v -> Y ^ | AOI211XL  | 0.048 |   1.233 |    3.855 | 
     | picorv32_core_g190729__8246   | D ^ -> Y v  | NAND4XL   | 0.057 |   1.291 |    3.912 | 
     | picorv32_core_g190687__6417   | B0 v -> Y ^ | AOI21X1   | 0.031 |   1.322 |    3.943 | 
     | picorv32_core_g190573__5526   | D ^ -> Y v  | NAND4XL   | 0.030 |   1.351 |    3.972 | 
     | picorv32_core_reg_op2_reg[16] | D v         | DFFHQX1   | 0.000 |   1.351 |    3.972 | 
     +--------------------------------------------------------------------------------------+ 
Path 23: MET Setup Check with Pin picorv32_core_reg_op2_reg[27]/CK 
Endpoint:   picorv32_core_reg_op2_reg[27]/D (v) checked with  leading edge of 
'clk'
Beginpoint: wb_rst_i                        (^) triggered by  leading edge of 
'clk'
Path Groups: {in2reg}
Analysis View: analysis1
Other End Arrival Time          0.002
- Setup                         0.007
+ Phase Shift                   4.000
- Uncertainty                   0.020
= Required Time                 3.975
- Arrival Time                  1.352
= Slack Time                    2.622
     Clock Rise Edge                      0.000
     + Input Delay                        0.500
     + Drive Adjustment                   0.077
     = Beginpoint Arrival Time            0.577
     +--------------------------------------------------------------------------------------+ 
     |           Instance            |     Arc     |   Cell    | Delay | Arrival | Required | 
     |                               |             |           |       |  Time   |   Time   | 
     |-------------------------------+-------------+-----------+-------+---------+----------| 
     |                               | wb_rst_i ^  |           |       |   0.577 |    3.199 | 
     | FE_OFC2_wb_rst_i              | A ^ -> Y ^  | BUFX2     | 0.118 |   0.695 |    3.317 | 
     | g490                          | A ^ -> Y v  | INVX2     | 0.109 |   0.803 |    3.425 | 
     | picorv32_core_g195312         | B v -> Y ^  | NAND2X1   | 0.045 |   0.848 |    3.470 | 
     | picorv32_core_g194880         | B0 ^ -> Y v | OAI2BB1X1 | 0.081 |   0.929 |    3.551 | 
     | picorv32_core_g194519         | A v -> Y v  | AND2X1    | 0.038 |   0.967 |    3.589 | 
     | picorv32_core_g194002         | B v -> Y v  | AND2X1    | 0.098 |   1.066 |    3.688 | 
     | picorv32_core_g193262         | B1 v -> Y ^ | AOI22X1   | 0.060 |   1.125 |    3.748 | 
     | picorv32_core_g192233         | C ^ -> Y v  | NAND4XL   | 0.049 |   1.175 |    3.797 | 
     | picorv32_core_g191451__7098   | C0 v -> Y ^ | AOI211XL  | 0.044 |   1.219 |    3.841 | 
     | picorv32_core_g190740__2346   | D ^ -> Y v  | NAND4XL   | 0.064 |   1.283 |    3.905 | 
     | picorv32_core_g190698__2802   | B0 v -> Y ^ | AOI21X1   | 0.039 |   1.322 |    3.944 | 
     | picorv32_core_g190584__5115   | D ^ -> Y v  | NAND4XL   | 0.030 |   1.352 |    3.975 | 
     | picorv32_core_reg_op2_reg[27] | D v         | DFFHQX1   | 0.000 |   1.352 |    3.975 | 
     +--------------------------------------------------------------------------------------+ 
Path 24: MET Setup Check with Pin picorv32_core_genblk2.pcpi_div_dividend_
reg[13]/CK 
Endpoint:   picorv32_core_genblk2.pcpi_div_dividend_reg[13]/D (^) checked with  
leading edge of 'clk'
Beginpoint: wb_rst_i                                          (v) triggered by  
leading edge of 'clk'
Path Groups: {in2reg}
Analysis View: analysis1
Other End Arrival Time          0.002
- Setup                         0.015
+ Phase Shift                   4.000
- Uncertainty                   0.020
= Required Time                 3.968
- Arrival Time                  1.341
= Slack Time                    2.627
     Clock Rise Edge                      0.000
     + Input Delay                        0.500
     + Drive Adjustment                   0.076
     = Beginpoint Arrival Time            0.576
     +---------------------------------------------------------------------------------------------------------+ 
     |                     Instance                     |     Arc     |   Cell    | Delay | Arrival | Required | 
     |                                                  |             |           |       |  Time   |   Time   | 
     |--------------------------------------------------+-------------+-----------+-------+---------+----------| 
     |                                                  | wb_rst_i v  |           |       |   0.576 |    3.203 | 
     | FE_OFC2_wb_rst_i                                 | A v -> Y v  | BUFX2     | 0.119 |   0.695 |    3.322 | 
     | g490                                             | A v -> Y ^  | INVX2     | 0.106 |   0.801 |    3.428 | 
     | picorv32_core_genblk2.pcpi_div_g14481            | B ^ -> Y ^  | AND3XL    | 0.131 |   0.932 |    3.558 | 
     | FE_OFC469_picorv32_core_genblk2_pcpi_div_n_14838 | A ^ -> Y ^  | BUFX2     | 0.106 |   1.037 |    3.664 | 
     | picorv32_core_genblk2.pcpi_div_g14480            | A ^ -> Y ^  | AND2X1    | 0.101 |   1.138 |    3.765 | 
     | picorv32_core_genblk2.pcpi_div_g14428            | B0 ^ -> Y ^ | AO21X1    | 0.120 |   1.258 |    3.885 | 
     | picorv32_core_genblk2.pcpi_div_g14222            | A1 ^ -> Y v | AOI22X1   | 0.065 |   1.323 |    3.950 | 
     | picorv32_core_genblk2.pcpi_div_g14142            | B0 v -> Y ^ | OAI2BB1X1 | 0.018 |   1.341 |    3.968 | 
     | picorv32_core_genblk2.pcpi_div_dividend_reg[13]  | D ^         | DFFHQX1   | 0.000 |   1.341 |    3.968 | 
     +---------------------------------------------------------------------------------------------------------+ 
Path 25: MET Setup Check with Pin picorv32_core_genblk2.pcpi_div_dividend_
reg[11]/CK 
Endpoint:   picorv32_core_genblk2.pcpi_div_dividend_reg[11]/D (^) checked with  
leading edge of 'clk'
Beginpoint: wb_rst_i                                          (v) triggered by  
leading edge of 'clk'
Path Groups: {in2reg}
Analysis View: analysis1
Other End Arrival Time          0.002
- Setup                         0.015
+ Phase Shift                   4.000
- Uncertainty                   0.020
= Required Time                 3.968
- Arrival Time                  1.339
= Slack Time                    2.628
     Clock Rise Edge                      0.000
     + Input Delay                        0.500
     + Drive Adjustment                   0.076
     = Beginpoint Arrival Time            0.576
     +---------------------------------------------------------------------------------------------------------+ 
     |                     Instance                     |     Arc     |   Cell    | Delay | Arrival | Required | 
     |                                                  |             |           |       |  Time   |   Time   | 
     |--------------------------------------------------+-------------+-----------+-------+---------+----------| 
     |                                                  | wb_rst_i v  |           |       |   0.576 |    3.204 | 
     | FE_OFC2_wb_rst_i                                 | A v -> Y v  | BUFX2     | 0.119 |   0.695 |    3.323 | 
     | g490                                             | A v -> Y ^  | INVX2     | 0.106 |   0.801 |    3.429 | 
     | picorv32_core_genblk2.pcpi_div_g14481            | B ^ -> Y ^  | AND3XL    | 0.131 |   0.932 |    3.560 | 
     | FE_OFC469_picorv32_core_genblk2_pcpi_div_n_14838 | A ^ -> Y ^  | BUFX2     | 0.106 |   1.037 |    3.666 | 
     | picorv32_core_genblk2.pcpi_div_g14480            | A ^ -> Y ^  | AND2X1    | 0.101 |   1.138 |    3.766 | 
     | picorv32_core_genblk2.pcpi_div_g14428            | B0 ^ -> Y ^ | AO21X1    | 0.120 |   1.258 |    3.887 | 
     | picorv32_core_genblk2.pcpi_div_g14220            | A1 ^ -> Y v | AOI22X1   | 0.063 |   1.321 |    3.950 | 
     | picorv32_core_genblk2.pcpi_div_g14124            | B0 v -> Y ^ | OAI2BB1X1 | 0.018 |   1.339 |    3.968 | 
     | picorv32_core_genblk2.pcpi_div_dividend_reg[11]  | D ^         | DFFHQX1   | 0.000 |   1.339 |    3.968 | 
     +---------------------------------------------------------------------------------------------------------+ 
Path 26: MET Setup Check with Pin picorv32_core_genblk2.pcpi_div_dividend_
reg[6]/CK 
Endpoint:   picorv32_core_genblk2.pcpi_div_dividend_reg[6]/D (^) checked with  
leading edge of 'clk'
Beginpoint: wb_rst_i                                         (v) triggered by  
leading edge of 'clk'
Path Groups: {in2reg}
Analysis View: analysis1
Other End Arrival Time          0.003
- Setup                         0.015
+ Phase Shift                   4.000
- Uncertainty                   0.020
= Required Time                 3.969
- Arrival Time                  1.340
= Slack Time                    2.629
     Clock Rise Edge                      0.000
     + Input Delay                        0.500
     + Drive Adjustment                   0.076
     = Beginpoint Arrival Time            0.576
     +---------------------------------------------------------------------------------------------------------+ 
     |                     Instance                     |     Arc     |   Cell    | Delay | Arrival | Required | 
     |                                                  |             |           |       |  Time   |   Time   | 
     |--------------------------------------------------+-------------+-----------+-------+---------+----------| 
     |                                                  | wb_rst_i v  |           |       |   0.576 |    3.204 | 
     | FE_OFC2_wb_rst_i                                 | A v -> Y v  | BUFX2     | 0.119 |   0.695 |    3.323 | 
     | g490                                             | A v -> Y ^  | INVX2     | 0.106 |   0.801 |    3.429 | 
     | picorv32_core_genblk2.pcpi_div_g14481            | B ^ -> Y ^  | AND3XL    | 0.131 |   0.931 |    3.560 | 
     | FE_OFC469_picorv32_core_genblk2_pcpi_div_n_14838 | A ^ -> Y ^  | BUFX2     | 0.106 |   1.037 |    3.666 | 
     | picorv32_core_genblk2.pcpi_div_g14480            | A ^ -> Y ^  | AND2X1    | 0.101 |   1.138 |    3.767 | 
     | picorv32_core_genblk2.pcpi_div_g14428            | B0 ^ -> Y ^ | AO21X1    | 0.120 |   1.258 |    3.887 | 
     | picorv32_core_genblk2.pcpi_div_g14215            | A1 ^ -> Y v | AOI22X1   | 0.064 |   1.322 |    3.951 | 
     | picorv32_core_genblk2.pcpi_div_g14134            | B0 v -> Y ^ | OAI2BB1X1 | 0.018 |   1.340 |    3.969 | 
     | picorv32_core_genblk2.pcpi_div_dividend_reg[6]   | D ^         | DFFHQX1   | 0.000 |   1.340 |    3.969 | 
     +---------------------------------------------------------------------------------------------------------+ 
Path 27: MET Setup Check with Pin picorv32_core_genblk2.pcpi_div_dividend_
reg[8]/CK 
Endpoint:   picorv32_core_genblk2.pcpi_div_dividend_reg[8]/D (^) checked with  
leading edge of 'clk'
Beginpoint: wb_rst_i                                         (v) triggered by  
leading edge of 'clk'
Path Groups: {in2reg}
Analysis View: analysis1
Other End Arrival Time          0.003
- Setup                         0.015
+ Phase Shift                   4.000
- Uncertainty                   0.020
= Required Time                 3.968
- Arrival Time                  1.339
= Slack Time                    2.629
     Clock Rise Edge                      0.000
     + Input Delay                        0.500
     + Drive Adjustment                   0.076
     = Beginpoint Arrival Time            0.576
     +---------------------------------------------------------------------------------------------------------+ 
     |                     Instance                     |     Arc     |   Cell    | Delay | Arrival | Required | 
     |                                                  |             |           |       |  Time   |   Time   | 
     |--------------------------------------------------+-------------+-----------+-------+---------+----------| 
     |                                                  | wb_rst_i v  |           |       |   0.576 |    3.205 | 
     | FE_OFC2_wb_rst_i                                 | A v -> Y v  | BUFX2     | 0.119 |   0.695 |    3.324 | 
     | g490                                             | A v -> Y ^  | INVX2     | 0.106 |   0.801 |    3.430 | 
     | picorv32_core_genblk2.pcpi_div_g14481            | B ^ -> Y ^  | AND3XL    | 0.131 |   0.932 |    3.561 | 
     | FE_OFC469_picorv32_core_genblk2_pcpi_div_n_14838 | A ^ -> Y ^  | BUFX2     | 0.106 |   1.037 |    3.666 | 
     | picorv32_core_genblk2.pcpi_div_g14480            | A ^ -> Y ^  | AND2X1    | 0.101 |   1.138 |    3.767 | 
     | picorv32_core_genblk2.pcpi_div_g14428            | B0 ^ -> Y ^ | AO21X1    | 0.120 |   1.258 |    3.887 | 
     | picorv32_core_genblk2.pcpi_div_g14216            | A1 ^ -> Y v | AOI22X1   | 0.063 |   1.321 |    3.951 | 
     | picorv32_core_genblk2.pcpi_div_g14135            | B0 v -> Y ^ | OAI2BB1X1 | 0.018 |   1.339 |    3.968 | 
     | picorv32_core_genblk2.pcpi_div_dividend_reg[8]   | D ^         | DFFHQX1   | 0.000 |   1.339 |    3.968 | 
     +---------------------------------------------------------------------------------------------------------+ 
Path 28: MET Setup Check with Pin picorv32_core_genblk2.pcpi_div_dividend_
reg[12]/CK 
Endpoint:   picorv32_core_genblk2.pcpi_div_dividend_reg[12]/D (^) checked with  
leading edge of 'clk'
Beginpoint: wb_rst_i                                          (v) triggered by  
leading edge of 'clk'
Path Groups: {in2reg}
Analysis View: analysis1
Other End Arrival Time          0.002
- Setup                         0.014
+ Phase Shift                   4.000
- Uncertainty                   0.020
= Required Time                 3.968
- Arrival Time                  1.339
= Slack Time                    2.629
     Clock Rise Edge                      0.000
     + Input Delay                        0.500
     + Drive Adjustment                   0.076
     = Beginpoint Arrival Time            0.576
     +---------------------------------------------------------------------------------------------------------+ 
     |                     Instance                     |     Arc     |   Cell    | Delay | Arrival | Required | 
     |                                                  |             |           |       |  Time   |   Time   | 
     |--------------------------------------------------+-------------+-----------+-------+---------+----------| 
     |                                                  | wb_rst_i v  |           |       |   0.576 |    3.205 | 
     | FE_OFC2_wb_rst_i                                 | A v -> Y v  | BUFX2     | 0.119 |   0.695 |    3.324 | 
     | g490                                             | A v -> Y ^  | INVX2     | 0.106 |   0.801 |    3.430 | 
     | picorv32_core_genblk2.pcpi_div_g14481            | B ^ -> Y ^  | AND3XL    | 0.131 |   0.931 |    3.561 | 
     | FE_OFC469_picorv32_core_genblk2_pcpi_div_n_14838 | A ^ -> Y ^  | BUFX2     | 0.106 |   1.037 |    3.666 | 
     | picorv32_core_genblk2.pcpi_div_g14480            | A ^ -> Y ^  | AND2X1    | 0.101 |   1.138 |    3.767 | 
     | picorv32_core_genblk2.pcpi_div_g14428            | B0 ^ -> Y ^ | AO21X1    | 0.120 |   1.258 |    3.887 | 
     | picorv32_core_genblk2.pcpi_div_g14205            | A1 ^ -> Y v | AOI22X1   | 0.063 |   1.321 |    3.951 | 
     | picorv32_core_genblk2.pcpi_div_g14140            | B0 v -> Y ^ | OAI2BB1X1 | 0.017 |   1.339 |    3.968 | 
     | picorv32_core_genblk2.pcpi_div_dividend_reg[12]  | D ^         | DFFHQX1   | 0.000 |   1.339 |    3.968 | 
     +---------------------------------------------------------------------------------------------------------+ 
Path 29: MET Setup Check with Pin picorv32_core_genblk2.pcpi_div_dividend_
reg[9]/CK 
Endpoint:   picorv32_core_genblk2.pcpi_div_dividend_reg[9]/D (^) checked with  
leading edge of 'clk'
Beginpoint: wb_rst_i                                         (v) triggered by  
leading edge of 'clk'
Path Groups: {in2reg}
Analysis View: analysis1
Other End Arrival Time          0.003
- Setup                         0.014
+ Phase Shift                   4.000
- Uncertainty                   0.020
= Required Time                 3.968
- Arrival Time                  1.338
= Slack Time                    2.630
     Clock Rise Edge                      0.000
     + Input Delay                        0.500
     + Drive Adjustment                   0.076
     = Beginpoint Arrival Time            0.576
     +---------------------------------------------------------------------------------------------------------+ 
     |                     Instance                     |     Arc     |   Cell    | Delay | Arrival | Required | 
     |                                                  |             |           |       |  Time   |   Time   | 
     |--------------------------------------------------+-------------+-----------+-------+---------+----------| 
     |                                                  | wb_rst_i v  |           |       |   0.576 |    3.206 | 
     | FE_OFC2_wb_rst_i                                 | A v -> Y v  | BUFX2     | 0.119 |   0.695 |    3.325 | 
     | g490                                             | A v -> Y ^  | INVX2     | 0.106 |   0.801 |    3.431 | 
     | picorv32_core_genblk2.pcpi_div_g14481            | B ^ -> Y ^  | AND3XL    | 0.131 |   0.932 |    3.562 | 
     | FE_OFC469_picorv32_core_genblk2_pcpi_div_n_14838 | A ^ -> Y ^  | BUFX2     | 0.106 |   1.037 |    3.668 | 
     | picorv32_core_genblk2.pcpi_div_g14480            | A ^ -> Y ^  | AND2X1    | 0.101 |   1.138 |    3.768 | 
     | picorv32_core_genblk2.pcpi_div_g14428            | B0 ^ -> Y ^ | AO21X1    | 0.120 |   1.258 |    3.889 | 
     | picorv32_core_genblk2.pcpi_div_g14218            | A1 ^ -> Y v | AOI22X1   | 0.062 |   1.321 |    3.951 | 
     | picorv32_core_genblk2.pcpi_div_g14136            | B0 v -> Y ^ | OAI2BB1X1 | 0.017 |   1.338 |    3.968 | 
     | picorv32_core_genblk2.pcpi_div_dividend_reg[9]   | D ^         | DFFHQX1   | 0.000 |   1.338 |    3.968 | 
     +---------------------------------------------------------------------------------------------------------+ 
Path 30: MET Setup Check with Pin picorv32_core_genblk2.pcpi_div_dividend_
reg[10]/CK 
Endpoint:   picorv32_core_genblk2.pcpi_div_dividend_reg[10]/D (^) checked with  
leading edge of 'clk'
Beginpoint: wb_rst_i                                          (v) triggered by  
leading edge of 'clk'
Path Groups: {in2reg}
Analysis View: analysis1
Other End Arrival Time          0.003
- Setup                         0.014
+ Phase Shift                   4.000
- Uncertainty                   0.020
= Required Time                 3.968
- Arrival Time                  1.337
= Slack Time                    2.631
     Clock Rise Edge                      0.000
     + Input Delay                        0.500
     + Drive Adjustment                   0.076
     = Beginpoint Arrival Time            0.576
     +---------------------------------------------------------------------------------------------------------+ 
     |                     Instance                     |     Arc     |   Cell    | Delay | Arrival | Required | 
     |                                                  |             |           |       |  Time   |   Time   | 
     |--------------------------------------------------+-------------+-----------+-------+---------+----------| 
     |                                                  | wb_rst_i v  |           |       |   0.576 |    3.206 | 
     | FE_OFC2_wb_rst_i                                 | A v -> Y v  | BUFX2     | 0.119 |   0.695 |    3.325 | 
     | g490                                             | A v -> Y ^  | INVX2     | 0.106 |   0.801 |    3.431 | 
     | picorv32_core_genblk2.pcpi_div_g14481            | B ^ -> Y ^  | AND3XL    | 0.131 |   0.931 |    3.562 | 
     | FE_OFC469_picorv32_core_genblk2_pcpi_div_n_14838 | A ^ -> Y ^  | BUFX2     | 0.106 |   1.037 |    3.668 | 
     | picorv32_core_genblk2.pcpi_div_g14480            | A ^ -> Y ^  | AND2X1    | 0.101 |   1.138 |    3.768 | 
     | picorv32_core_genblk2.pcpi_div_g14428            | B0 ^ -> Y ^ | AO21X1    | 0.120 |   1.258 |    3.889 | 
     | picorv32_core_genblk2.pcpi_div_g14219            | A1 ^ -> Y v | AOI22X1   | 0.062 |   1.320 |    3.951 | 
     | picorv32_core_genblk2.pcpi_div_g14138            | B0 v -> Y ^ | OAI2BB1X1 | 0.017 |   1.337 |    3.968 | 
     | picorv32_core_genblk2.pcpi_div_dividend_reg[10]  | D ^         | DFFHQX1   | 0.000 |   1.337 |    3.968 | 
     +---------------------------------------------------------------------------------------------------------+ 
Path 31: MET Setup Check with Pin picorv32_core_genblk2.pcpi_div_dividend_
reg[4]/CK 
Endpoint:   picorv32_core_genblk2.pcpi_div_dividend_reg[4]/D (^) checked with  
leading edge of 'clk'
Beginpoint: wb_rst_i                                         (v) triggered by  
leading edge of 'clk'
Path Groups: {in2reg}
Analysis View: analysis1
Other End Arrival Time          0.003
- Setup                         0.014
+ Phase Shift                   4.000
- Uncertainty                   0.020
= Required Time                 3.969
- Arrival Time                  1.338
= Slack Time                    2.631
     Clock Rise Edge                      0.000
     + Input Delay                        0.500
     + Drive Adjustment                   0.076
     = Beginpoint Arrival Time            0.576
     +---------------------------------------------------------------------------------------------------------+ 
     |                     Instance                     |     Arc     |   Cell    | Delay | Arrival | Required | 
     |                                                  |             |           |       |  Time   |   Time   | 
     |--------------------------------------------------+-------------+-----------+-------+---------+----------| 
     |                                                  | wb_rst_i v  |           |       |   0.576 |    3.206 | 
     | FE_OFC2_wb_rst_i                                 | A v -> Y v  | BUFX2     | 0.119 |   0.695 |    3.325 | 
     | g490                                             | A v -> Y ^  | INVX2     | 0.106 |   0.801 |    3.431 | 
     | picorv32_core_genblk2.pcpi_div_g14481            | B ^ -> Y ^  | AND3XL    | 0.131 |   0.931 |    3.562 | 
     | FE_OFC469_picorv32_core_genblk2_pcpi_div_n_14838 | A ^ -> Y ^  | BUFX2     | 0.106 |   1.037 |    3.668 | 
     | picorv32_core_genblk2.pcpi_div_g14480            | A ^ -> Y ^  | AND2X1    | 0.101 |   1.138 |    3.769 | 
     | picorv32_core_genblk2.pcpi_div_g14428            | B0 ^ -> Y ^ | AO21X1    | 0.120 |   1.258 |    3.889 | 
     | picorv32_core_genblk2.pcpi_div_g14213            | A1 ^ -> Y v | AOI22X1   | 0.063 |   1.321 |    3.952 | 
     | picorv32_core_genblk2.pcpi_div_g14132            | B0 v -> Y ^ | OAI2BB1X1 | 0.017 |   1.338 |    3.969 | 
     | picorv32_core_genblk2.pcpi_div_dividend_reg[4]   | D ^         | DFFHQX1   | 0.000 |   1.338 |    3.969 | 
     +---------------------------------------------------------------------------------------------------------+ 
Path 32: MET Setup Check with Pin picorv32_core_genblk2.pcpi_div_dividend_
reg[5]/CK 
Endpoint:   picorv32_core_genblk2.pcpi_div_dividend_reg[5]/D (^) checked with  
leading edge of 'clk'
Beginpoint: wb_rst_i                                         (v) triggered by  
leading edge of 'clk'
Path Groups: {in2reg}
Analysis View: analysis1
Other End Arrival Time          0.003
- Setup                         0.015
+ Phase Shift                   4.000
- Uncertainty                   0.020
= Required Time                 3.969
- Arrival Time                  1.338
= Slack Time                    2.631
     Clock Rise Edge                      0.000
     + Input Delay                        0.500
     + Drive Adjustment                   0.076
     = Beginpoint Arrival Time            0.576
     +---------------------------------------------------------------------------------------------------------+ 
     |                     Instance                     |     Arc     |   Cell    | Delay | Arrival | Required | 
     |                                                  |             |           |       |  Time   |   Time   | 
     |--------------------------------------------------+-------------+-----------+-------+---------+----------| 
     |                                                  | wb_rst_i v  |           |       |   0.576 |    3.207 | 
     | FE_OFC2_wb_rst_i                                 | A v -> Y v  | BUFX2     | 0.119 |   0.695 |    3.326 | 
     | g490                                             | A v -> Y ^  | INVX2     | 0.106 |   0.801 |    3.432 | 
     | picorv32_core_genblk2.pcpi_div_g14481            | B ^ -> Y ^  | AND3XL    | 0.131 |   0.931 |    3.563 | 
     | FE_OFC469_picorv32_core_genblk2_pcpi_div_n_14838 | A ^ -> Y ^  | BUFX2     | 0.106 |   1.037 |    3.668 | 
     | picorv32_core_genblk2.pcpi_div_g14480            | A ^ -> Y ^  | AND2X1    | 0.101 |   1.138 |    3.769 | 
     | picorv32_core_genblk2.pcpi_div_g14428            | B0 ^ -> Y ^ | AO21X1    | 0.120 |   1.258 |    3.889 | 
     | picorv32_core_genblk2.pcpi_div_g14214            | A1 ^ -> Y v | AOI22X1   | 0.062 |   1.320 |    3.951 | 
     | picorv32_core_genblk2.pcpi_div_g14133            | B0 v -> Y ^ | OAI2BB1X1 | 0.018 |   1.338 |    3.969 | 
     | picorv32_core_genblk2.pcpi_div_dividend_reg[5]   | D ^         | DFFHQX1   | 0.000 |   1.338 |    3.969 | 
     +---------------------------------------------------------------------------------------------------------+ 
Path 33: MET Setup Check with Pin picorv32_core_reg_op2_reg[6]/CK 
Endpoint:   picorv32_core_reg_op2_reg[6]/D (v) checked with  leading edge of 
'clk'
Beginpoint: wb_rst_i                       (^) triggered by  leading edge of 
'clk'
Path Groups: {in2reg}
Analysis View: analysis1
Other End Arrival Time         -0.002
- Setup                         0.008
+ Phase Shift                   4.000
- Uncertainty                   0.020
= Required Time                 3.970
- Arrival Time                  1.339
= Slack Time                    2.631
     Clock Rise Edge                      0.000
     + Input Delay                        0.500
     + Drive Adjustment                   0.077
     = Beginpoint Arrival Time            0.577
     +-------------------------------------------------------------------------------------+ 
     |           Instance           |     Arc     |   Cell    | Delay | Arrival | Required | 
     |                              |             |           |       |  Time   |   Time   | 
     |------------------------------+-------------+-----------+-------+---------+----------| 
     |                              | wb_rst_i ^  |           |       |   0.577 |    3.208 | 
     | FE_OFC2_wb_rst_i             | A ^ -> Y ^  | BUFX2     | 0.118 |   0.694 |    3.326 | 
     | g490                         | A ^ -> Y v  | INVX2     | 0.109 |   0.803 |    3.435 | 
     | picorv32_core_g195312        | B v -> Y ^  | NAND2X1   | 0.045 |   0.848 |    3.480 | 
     | picorv32_core_g194880        | B0 ^ -> Y v | OAI2BB1X1 | 0.081 |   0.929 |    3.561 | 
     | picorv32_core_g194525        | A v -> Y v  | AND2X1    | 0.040 |   0.969 |    3.601 | 
     | picorv32_core_g194010        | B v -> Y v  | AND2X1    | 0.107 |   1.076 |    3.708 | 
     | picorv32_core_g193094        | A1 v -> Y ^ | AOI22X1   | 0.051 |   1.127 |    3.758 | 
     | picorv32_core_g192193        | B ^ -> Y v  | NAND4XL   | 0.047 |   1.174 |    3.805 | 
     | picorv32_core_g191430__9315  | B0 v -> Y ^ | AOI211XL  | 0.051 |   1.225 |    3.857 | 
     | picorv32_core_g190719__6260  | D ^ -> Y v  | NAND4XL   | 0.056 |   1.281 |    3.912 | 
     | picorv32_core_g190677__5115  | B0 v -> Y ^ | AOI21X1   | 0.028 |   1.309 |    3.940 | 
     | picorv32_core_g190563__2346  | D ^ -> Y v  | NAND4XL   | 0.030 |   1.339 |    3.970 | 
     | picorv32_core_reg_op2_reg[6] | D v         | DFFHQX1   | 0.000 |   1.339 |    3.970 | 
     +-------------------------------------------------------------------------------------+ 
Path 34: MET Setup Check with Pin picorv32_core_reg_op2_reg[12]/CK 
Endpoint:   picorv32_core_reg_op2_reg[12]/D (v) checked with  leading edge of 
'clk'
Beginpoint: wb_rst_i                        (^) triggered by  leading edge of 
'clk'
Path Groups: {in2reg}
Analysis View: analysis1
Other End Arrival Time         -0.002
- Setup                         0.008
+ Phase Shift                   4.000
- Uncertainty                   0.020
= Required Time                 3.970
- Arrival Time                  1.338
= Slack Time                    2.632
     Clock Rise Edge                      0.000
     + Input Delay                        0.500
     + Drive Adjustment                   0.077
     = Beginpoint Arrival Time            0.577
     +--------------------------------------------------------------------------------------+ 
     |           Instance            |     Arc     |   Cell    | Delay | Arrival | Required | 
     |                               |             |           |       |  Time   |   Time   | 
     |-------------------------------+-------------+-----------+-------+---------+----------| 
     |                               | wb_rst_i ^  |           |       |   0.577 |    3.208 | 
     | FE_OFC2_wb_rst_i              | A ^ -> Y ^  | BUFX2     | 0.118 |   0.694 |    3.326 | 
     | g490                          | A ^ -> Y v  | INVX2     | 0.109 |   0.803 |    3.435 | 
     | picorv32_core_g195312         | B v -> Y ^  | NAND2X1   | 0.045 |   0.848 |    3.480 | 
     | picorv32_core_g194880         | B0 ^ -> Y v | OAI2BB1X1 | 0.081 |   0.929 |    3.561 | 
     | picorv32_core_g194525         | A v -> Y v  | AND2X1    | 0.040 |   0.969 |    3.601 | 
     | picorv32_core_g194010         | B v -> Y v  | AND2X1    | 0.107 |   1.076 |    3.708 | 
     | picorv32_core_g192923         | A1 v -> Y ^ | AOI22X1   | 0.054 |   1.130 |    3.762 | 
     | picorv32_core_g192205         | B ^ -> Y v  | NAND4XL   | 0.050 |   1.180 |    3.812 | 
     | picorv32_core_g191436__6417   | B0 v -> Y ^ | AOI211XL  | 0.048 |   1.229 |    3.860 | 
     | picorv32_core_g190725__1617   | D ^ -> Y v  | NAND4XL   | 0.054 |   1.282 |    3.914 | 
     | picorv32_core_g190683__2883   | B0 v -> Y ^ | AOI21X1   | 0.027 |   1.309 |    3.941 | 
     | picorv32_core_g190569__5107   | D ^ -> Y v  | NAND4XL   | 0.029 |   1.338 |    3.970 | 
     | picorv32_core_reg_op2_reg[12] | D v         | DFFHQX1   | 0.000 |   1.338 |    3.970 | 
     +--------------------------------------------------------------------------------------+ 
Path 35: MET Setup Check with Pin picorv32_core_genblk2.pcpi_div_dividend_
reg[7]/CK 
Endpoint:   picorv32_core_genblk2.pcpi_div_dividend_reg[7]/D (^) checked with  
leading edge of 'clk'
Beginpoint: wb_rst_i                                         (v) triggered by  
leading edge of 'clk'
Path Groups: {in2reg}
Analysis View: analysis1
Other End Arrival Time          0.003
- Setup                         0.014
+ Phase Shift                   4.000
- Uncertainty                   0.020
= Required Time                 3.969
- Arrival Time                  1.337
= Slack Time                    2.632
     Clock Rise Edge                      0.000
     + Input Delay                        0.500
     + Drive Adjustment                   0.076
     = Beginpoint Arrival Time            0.576
     +---------------------------------------------------------------------------------------------------------+ 
     |                     Instance                     |     Arc     |   Cell    | Delay | Arrival | Required | 
     |                                                  |             |           |       |  Time   |   Time   | 
     |--------------------------------------------------+-------------+-----------+-------+---------+----------| 
     |                                                  | wb_rst_i v  |           |       |   0.576 |    3.207 | 
     | FE_OFC2_wb_rst_i                                 | A v -> Y v  | BUFX2     | 0.119 |   0.695 |    3.326 | 
     | g490                                             | A v -> Y ^  | INVX2     | 0.106 |   0.801 |    3.432 | 
     | picorv32_core_genblk2.pcpi_div_g14481            | B ^ -> Y ^  | AND3XL    | 0.131 |   0.931 |    3.563 | 
     | FE_OFC469_picorv32_core_genblk2_pcpi_div_n_14838 | A ^ -> Y ^  | BUFX2     | 0.106 |   1.037 |    3.669 | 
     | picorv32_core_genblk2.pcpi_div_g14480            | A ^ -> Y ^  | AND2X1    | 0.101 |   1.138 |    3.769 | 
     | picorv32_core_genblk2.pcpi_div_g14428            | B0 ^ -> Y ^ | AO21X1    | 0.120 |   1.258 |    3.890 | 
     | picorv32_core_genblk2.pcpi_div_g14217            | A1 ^ -> Y v | AOI22X1   | 0.062 |   1.320 |    3.952 | 
     | picorv32_core_genblk2.pcpi_div_g14137            | B0 v -> Y ^ | OAI2BB1X1 | 0.017 |   1.337 |    3.969 | 
     | picorv32_core_genblk2.pcpi_div_dividend_reg[7]   | D ^         | DFFHQX1   | 0.000 |   1.337 |    3.969 | 
     +---------------------------------------------------------------------------------------------------------+ 
Path 36: MET Setup Check with Pin picorv32_core_genblk2.pcpi_div_dividend_
reg[0]/CK 
Endpoint:   picorv32_core_genblk2.pcpi_div_dividend_reg[0]/D (^) checked with  
leading edge of 'clk'
Beginpoint: wb_rst_i                                         (v) triggered by  
leading edge of 'clk'
Path Groups: {in2reg}
Analysis View: analysis1
Other End Arrival Time          0.004
- Setup                         0.015
+ Phase Shift                   4.000
- Uncertainty                   0.020
= Required Time                 3.969
- Arrival Time                  1.337
= Slack Time                    2.632
     Clock Rise Edge                      0.000
     + Input Delay                        0.500
     + Drive Adjustment                   0.076
     = Beginpoint Arrival Time            0.576
     +---------------------------------------------------------------------------------------------------------+ 
     |                     Instance                     |     Arc     |   Cell    | Delay | Arrival | Required | 
     |                                                  |             |           |       |  Time   |   Time   | 
     |--------------------------------------------------+-------------+-----------+-------+---------+----------| 
     |                                                  | wb_rst_i v  |           |       |   0.576 |    3.207 | 
     | FE_OFC2_wb_rst_i                                 | A v -> Y v  | BUFX2     | 0.119 |   0.695 |    3.326 | 
     | g490                                             | A v -> Y ^  | INVX2     | 0.106 |   0.801 |    3.432 | 
     | picorv32_core_genblk2.pcpi_div_g14481            | B ^ -> Y ^  | AND3XL    | 0.131 |   0.932 |    3.563 | 
     | FE_OFC469_picorv32_core_genblk2_pcpi_div_n_14838 | A ^ -> Y ^  | BUFX2     | 0.106 |   1.037 |    3.669 | 
     | picorv32_core_genblk2.pcpi_div_g14480            | A ^ -> Y ^  | AND2X1    | 0.101 |   1.138 |    3.770 | 
     | picorv32_core_genblk2.pcpi_div_g14428            | B0 ^ -> Y ^ | AO21X1    | 0.120 |   1.258 |    3.890 | 
     | picorv32_core_genblk2.pcpi_div_g14209            | A1 ^ -> Y v | AOI22X1   | 0.062 |   1.320 |    3.952 | 
     | picorv32_core_genblk2.pcpi_div_g14128            | B0 v -> Y ^ | OAI2BB1X1 | 0.018 |   1.337 |    3.969 | 
     | picorv32_core_genblk2.pcpi_div_dividend_reg[0]   | D ^         | DFFHQX1   | 0.000 |   1.337 |    3.969 | 
     +---------------------------------------------------------------------------------------------------------+ 
Path 37: MET Setup Check with Pin picorv32_core_genblk2.pcpi_div_dividend_
reg[30]/CK 
Endpoint:   picorv32_core_genblk2.pcpi_div_dividend_reg[30]/D (^) checked with  
leading edge of 'clk'
Beginpoint: wb_rst_i                                          (v) triggered by  
leading edge of 'clk'
Path Groups: {in2reg}
Analysis View: analysis1
Other End Arrival Time          0.002
- Setup                         0.014
+ Phase Shift                   4.000
- Uncertainty                   0.020
= Required Time                 3.968
- Arrival Time                  1.336
= Slack Time                    2.632
     Clock Rise Edge                      0.000
     + Input Delay                        0.500
     + Drive Adjustment                   0.076
     = Beginpoint Arrival Time            0.576
     +---------------------------------------------------------------------------------------------------------+ 
     |                     Instance                     |     Arc     |   Cell    | Delay | Arrival | Required | 
     |                                                  |             |           |       |  Time   |   Time   | 
     |--------------------------------------------------+-------------+-----------+-------+---------+----------| 
     |                                                  | wb_rst_i v  |           |       |   0.576 |    3.208 | 
     | FE_OFC2_wb_rst_i                                 | A v -> Y v  | BUFX2     | 0.119 |   0.695 |    3.327 | 
     | g490                                             | A v -> Y ^  | INVX2     | 0.106 |   0.801 |    3.433 | 
     | picorv32_core_genblk2.pcpi_div_g14481            | B ^ -> Y ^  | AND3XL    | 0.131 |   0.932 |    3.564 | 
     | FE_OFC469_picorv32_core_genblk2_pcpi_div_n_14838 | A ^ -> Y ^  | BUFX2     | 0.106 |   1.037 |    3.669 | 
     | picorv32_core_genblk2.pcpi_div_g14480            | A ^ -> Y ^  | AND2X1    | 0.101 |   1.138 |    3.770 | 
     | picorv32_core_genblk2.pcpi_div_g14428            | B0 ^ -> Y ^ | AO21X1    | 0.120 |   1.258 |    3.890 | 
     | picorv32_core_genblk2.pcpi_div_g14207            | A0 ^ -> Y v | AOI22X1   | 0.060 |   1.318 |    3.950 | 
     | picorv32_core_genblk2.pcpi_div_g14126            | B0 v -> Y ^ | OAI2BB1X1 | 0.017 |   1.336 |    3.968 | 
     | picorv32_core_genblk2.pcpi_div_dividend_reg[30]  | D ^         | DFFHQX1   | 0.000 |   1.336 |    3.968 | 
     +---------------------------------------------------------------------------------------------------------+ 
Path 38: MET Setup Check with Pin picorv32_core_genblk2.pcpi_div_dividend_
reg[1]/CK 
Endpoint:   picorv32_core_genblk2.pcpi_div_dividend_reg[1]/D (^) checked with  
leading edge of 'clk'
Beginpoint: wb_rst_i                                         (v) triggered by  
leading edge of 'clk'
Path Groups: {in2reg}
Analysis View: analysis1
Other End Arrival Time          0.004
- Setup                         0.014
+ Phase Shift                   4.000
- Uncertainty                   0.020
= Required Time                 3.969
- Arrival Time                  1.337
= Slack Time                    2.632
     Clock Rise Edge                      0.000
     + Input Delay                        0.500
     + Drive Adjustment                   0.076
     = Beginpoint Arrival Time            0.576
     +---------------------------------------------------------------------------------------------------------+ 
     |                     Instance                     |     Arc     |   Cell    | Delay | Arrival | Required | 
     |                                                  |             |           |       |  Time   |   Time   | 
     |--------------------------------------------------+-------------+-----------+-------+---------+----------| 
     |                                                  | wb_rst_i v  |           |       |   0.576 |    3.208 | 
     | FE_OFC2_wb_rst_i                                 | A v -> Y v  | BUFX2     | 0.119 |   0.695 |    3.327 | 
     | g490                                             | A v -> Y ^  | INVX2     | 0.106 |   0.801 |    3.433 | 
     | picorv32_core_genblk2.pcpi_div_g14481            | B ^ -> Y ^  | AND3XL    | 0.131 |   0.932 |    3.564 | 
     | FE_OFC469_picorv32_core_genblk2_pcpi_div_n_14838 | A ^ -> Y ^  | BUFX2     | 0.106 |   1.037 |    3.669 | 
     | picorv32_core_genblk2.pcpi_div_g14480            | A ^ -> Y ^  | AND2X1    | 0.101 |   1.138 |    3.770 | 
     | picorv32_core_genblk2.pcpi_div_g14428            | B0 ^ -> Y ^ | AO21X1    | 0.120 |   1.258 |    3.890 | 
     | picorv32_core_genblk2.pcpi_div_g14210            | A1 ^ -> Y v | AOI22X1   | 0.062 |   1.320 |    3.952 | 
     | picorv32_core_genblk2.pcpi_div_g14130            | B0 v -> Y ^ | OAI2BB1X1 | 0.017 |   1.337 |    3.969 | 
     | picorv32_core_genblk2.pcpi_div_dividend_reg[1]   | D ^         | DFFHQX1   | 0.000 |   1.337 |    3.969 | 
     +---------------------------------------------------------------------------------------------------------+ 
Path 39: MET Setup Check with Pin picorv32_core_genblk2.pcpi_div_dividend_
reg[2]/CK 
Endpoint:   picorv32_core_genblk2.pcpi_div_dividend_reg[2]/D (^) checked with  
leading edge of 'clk'
Beginpoint: wb_rst_i                                         (v) triggered by  
leading edge of 'clk'
Path Groups: {in2reg}
Analysis View: analysis1
Other End Arrival Time          0.004
- Setup                         0.014
+ Phase Shift                   4.000
- Uncertainty                   0.020
= Required Time                 3.969
- Arrival Time                  1.337
= Slack Time                    2.632
     Clock Rise Edge                      0.000
     + Input Delay                        0.500
     + Drive Adjustment                   0.076
     = Beginpoint Arrival Time            0.576
     +---------------------------------------------------------------------------------------------------------+ 
     |                     Instance                     |     Arc     |   Cell    | Delay | Arrival | Required | 
     |                                                  |             |           |       |  Time   |   Time   | 
     |--------------------------------------------------+-------------+-----------+-------+---------+----------| 
     |                                                  | wb_rst_i v  |           |       |   0.576 |    3.208 | 
     | FE_OFC2_wb_rst_i                                 | A v -> Y v  | BUFX2     | 0.119 |   0.695 |    3.327 | 
     | g490                                             | A v -> Y ^  | INVX2     | 0.106 |   0.801 |    3.433 | 
     | picorv32_core_genblk2.pcpi_div_g14481            | B ^ -> Y ^  | AND3XL    | 0.131 |   0.931 |    3.564 | 
     | FE_OFC469_picorv32_core_genblk2_pcpi_div_n_14838 | A ^ -> Y ^  | BUFX2     | 0.106 |   1.037 |    3.669 | 
     | picorv32_core_genblk2.pcpi_div_g14480            | A ^ -> Y ^  | AND2X1    | 0.101 |   1.138 |    3.770 | 
     | picorv32_core_genblk2.pcpi_div_g14428            | B0 ^ -> Y ^ | AO21X1    | 0.120 |   1.258 |    3.890 | 
     | picorv32_core_genblk2.pcpi_div_g14211            | A1 ^ -> Y v | AOI22X1   | 0.062 |   1.320 |    3.952 | 
     | picorv32_core_genblk2.pcpi_div_g14129            | B0 v -> Y ^ | OAI2BB1X1 | 0.017 |   1.337 |    3.969 | 
     | picorv32_core_genblk2.pcpi_div_dividend_reg[2]   | D ^         | DFFHQX1   | 0.000 |   1.337 |    3.969 | 
     +---------------------------------------------------------------------------------------------------------+ 
Path 40: MET Setup Check with Pin picorv32_core_genblk2.pcpi_div_dividend_
reg[3]/CK 
Endpoint:   picorv32_core_genblk2.pcpi_div_dividend_reg[3]/D (^) checked with  
leading edge of 'clk'
Beginpoint: wb_rst_i                                         (v) triggered by  
leading edge of 'clk'
Path Groups: {in2reg}
Analysis View: analysis1
Other End Arrival Time          0.004
- Setup                         0.014
+ Phase Shift                   4.000
- Uncertainty                   0.020
= Required Time                 3.969
- Arrival Time                  1.337
= Slack Time                    2.633
     Clock Rise Edge                      0.000
     + Input Delay                        0.500
     + Drive Adjustment                   0.076
     = Beginpoint Arrival Time            0.576
     +---------------------------------------------------------------------------------------------------------+ 
     |                     Instance                     |     Arc     |   Cell    | Delay | Arrival | Required | 
     |                                                  |             |           |       |  Time   |   Time   | 
     |--------------------------------------------------+-------------+-----------+-------+---------+----------| 
     |                                                  | wb_rst_i v  |           |       |   0.576 |    3.208 | 
     | FE_OFC2_wb_rst_i                                 | A v -> Y v  | BUFX2     | 0.119 |   0.695 |    3.327 | 
     | g490                                             | A v -> Y ^  | INVX2     | 0.106 |   0.801 |    3.433 | 
     | picorv32_core_genblk2.pcpi_div_g14481            | B ^ -> Y ^  | AND3XL    | 0.131 |   0.931 |    3.564 | 
     | FE_OFC469_picorv32_core_genblk2_pcpi_div_n_14838 | A ^ -> Y ^  | BUFX2     | 0.106 |   1.037 |    3.670 | 
     | picorv32_core_genblk2.pcpi_div_g14480            | A ^ -> Y ^  | AND2X1    | 0.101 |   1.138 |    3.771 | 
     | picorv32_core_genblk2.pcpi_div_g14428            | B0 ^ -> Y ^ | AO21X1    | 0.120 |   1.258 |    3.891 | 
     | picorv32_core_genblk2.pcpi_div_g14212            | A1 ^ -> Y v | AOI22X1   | 0.062 |   1.320 |    3.952 | 
     | picorv32_core_genblk2.pcpi_div_g14131            | B0 v -> Y ^ | OAI2BB1X1 | 0.017 |   1.337 |    3.969 | 
     | picorv32_core_genblk2.pcpi_div_dividend_reg[3]   | D ^         | DFFHQX1   | 0.000 |   1.337 |    3.969 | 
     +---------------------------------------------------------------------------------------------------------+ 
Path 41: MET Setup Check with Pin picorv32_core_genblk2.pcpi_div_dividend_
reg[31]/CK 
Endpoint:   picorv32_core_genblk2.pcpi_div_dividend_reg[31]/D (^) checked with  
leading edge of 'clk'
Beginpoint: wb_rst_i                                          (v) triggered by  
leading edge of 'clk'
Path Groups: {in2reg}
Analysis View: analysis1
Other End Arrival Time         -0.001
- Setup                         0.015
+ Phase Shift                   4.000
- Uncertainty                   0.020
= Required Time                 3.965
- Arrival Time                  1.332
= Slack Time                    2.633
     Clock Rise Edge                      0.000
     + Input Delay                        0.500
     + Drive Adjustment                   0.076
     = Beginpoint Arrival Time            0.576
     +---------------------------------------------------------------------------------------------------------+ 
     |                     Instance                     |     Arc     |   Cell    | Delay | Arrival | Required | 
     |                                                  |             |           |       |  Time   |   Time   | 
     |--------------------------------------------------+-------------+-----------+-------+---------+----------| 
     |                                                  | wb_rst_i v  |           |       |   0.576 |    3.209 | 
     | FE_OFC2_wb_rst_i                                 | A v -> Y v  | BUFX2     | 0.119 |   0.695 |    3.328 | 
     | g490                                             | A v -> Y ^  | INVX2     | 0.106 |   0.801 |    3.434 | 
     | picorv32_core_genblk2.pcpi_div_g14481            | B ^ -> Y ^  | AND3XL    | 0.131 |   0.931 |    3.565 | 
     | FE_OFC469_picorv32_core_genblk2_pcpi_div_n_14838 | A ^ -> Y ^  | BUFX2     | 0.106 |   1.037 |    3.670 | 
     | picorv32_core_genblk2.pcpi_div_g14480            | A ^ -> Y ^  | AND2X1    | 0.101 |   1.138 |    3.771 | 
     | picorv32_core_genblk2.pcpi_div_g14428            | B0 ^ -> Y ^ | AO21X1    | 0.120 |   1.258 |    3.891 | 
     | picorv32_core_genblk2.pcpi_div_g14208            | A0 ^ -> Y v | AOI22X1   | 0.057 |   1.315 |    3.948 | 
     | picorv32_core_genblk2.pcpi_div_g14127            | B0 v -> Y ^ | OAI2BB1X1 | 0.017 |   1.332 |    3.965 | 
     | picorv32_core_genblk2.pcpi_div_dividend_reg[31]  | D ^         | DFFHQX1   | 0.000 |   1.332 |    3.965 | 
     +---------------------------------------------------------------------------------------------------------+ 
Path 42: MET Setup Check with Pin picorv32_core_reg_op2_reg[21]/CK 
Endpoint:   picorv32_core_reg_op2_reg[21]/D (v) checked with  leading edge of 
'clk'
Beginpoint: wb_rst_i                        (^) triggered by  leading edge of 
'clk'
Path Groups: {in2reg}
Analysis View: analysis1
Other End Arrival Time         -0.001
- Setup                         0.008
+ Phase Shift                   4.000
- Uncertainty                   0.020
= Required Time                 3.971
- Arrival Time                  1.338
= Slack Time                    2.634
     Clock Rise Edge                      0.000
     + Input Delay                        0.500
     + Drive Adjustment                   0.077
     = Beginpoint Arrival Time            0.577
     +--------------------------------------------------------------------------------------+ 
     |           Instance            |     Arc     |   Cell    | Delay | Arrival | Required | 
     |                               |             |           |       |  Time   |   Time   | 
     |-------------------------------+-------------+-----------+-------+---------+----------| 
     |                               | wb_rst_i ^  |           |       |   0.577 |    3.210 | 
     | FE_OFC2_wb_rst_i              | A ^ -> Y ^  | BUFX2     | 0.118 |   0.694 |    3.328 | 
     | g490                          | A ^ -> Y v  | INVX2     | 0.109 |   0.803 |    3.437 | 
     | picorv32_core_g195312         | B v -> Y ^  | NAND2X1   | 0.045 |   0.848 |    3.482 | 
     | picorv32_core_g194880         | B0 ^ -> Y v | OAI2BB1X1 | 0.081 |   0.929 |    3.563 | 
     | picorv32_core_g194525         | A v -> Y v  | AND2X1    | 0.040 |   0.969 |    3.603 | 
     | picorv32_core_g194010         | B v -> Y v  | AND2X1    | 0.107 |   1.076 |    3.710 | 
     | picorv32_core_g193252         | A1 v -> Y ^ | AOI22X1   | 0.054 |   1.130 |    3.764 | 
     | picorv32_core_g192189         | D ^ -> Y v  | NAND4XL   | 0.047 |   1.176 |    3.810 | 
     | picorv32_core_g191445__3680   | B0 v -> Y ^ | AOI211XL  | 0.050 |   1.227 |    3.860 | 
     | picorv32_core_g190734__7482   | D ^ -> Y v  | NAND4XL   | 0.053 |   1.280 |    3.914 | 
     | picorv32_core_g190692__4319   | B0 v -> Y ^ | AOI21X1   | 0.028 |   1.308 |    3.941 | 
     | picorv32_core_g190578__1705   | D ^ -> Y v  | NAND4XL   | 0.030 |   1.338 |    3.971 | 
     | picorv32_core_reg_op2_reg[21] | D v         | DFFHQX1   | 0.000 |   1.338 |    3.971 | 
     +--------------------------------------------------------------------------------------+ 
Path 43: MET Setup Check with Pin picorv32_core_genblk2.pcpi_div_dividend_
reg[20]/CK 
Endpoint:   picorv32_core_genblk2.pcpi_div_dividend_reg[20]/D (^) checked with  
leading edge of 'clk'
Beginpoint: wb_rst_i                                          (v) triggered by  
leading edge of 'clk'
Path Groups: {in2reg}
Analysis View: analysis1
Other End Arrival Time          0.003
- Setup                         0.015
+ Phase Shift                   4.000
- Uncertainty                   0.020
= Required Time                 3.968
- Arrival Time                  1.333
= Slack Time                    2.635
     Clock Rise Edge                      0.000
     + Input Delay                        0.500
     + Drive Adjustment                   0.076
     = Beginpoint Arrival Time            0.576
     +---------------------------------------------------------------------------------------------------------+ 
     |                     Instance                     |     Arc     |   Cell    | Delay | Arrival | Required | 
     |                                                  |             |           |       |  Time   |   Time   | 
     |--------------------------------------------------+-------------+-----------+-------+---------+----------| 
     |                                                  | wb_rst_i v  |           |       |   0.576 |    3.210 | 
     | FE_OFC2_wb_rst_i                                 | A v -> Y v  | BUFX2     | 0.119 |   0.695 |    3.329 | 
     | g490                                             | A v -> Y ^  | INVX2     | 0.106 |   0.801 |    3.435 | 
     | picorv32_core_genblk2.pcpi_div_g14481            | B ^ -> Y ^  | AND3XL    | 0.131 |   0.932 |    3.566 | 
     | FE_OFC469_picorv32_core_genblk2_pcpi_div_n_14838 | A ^ -> Y ^  | BUFX2     | 0.106 |   1.037 |    3.672 | 
     | picorv32_core_genblk2.pcpi_div_g14480            | A ^ -> Y ^  | AND2X1    | 0.101 |   1.138 |    3.773 | 
     | picorv32_core_genblk2.pcpi_div_g14428            | B0 ^ -> Y ^ | AO21X1    | 0.120 |   1.258 |    3.893 | 
     | picorv32_core_genblk2.pcpi_div_g14229            | A0 ^ -> Y v | AOI22X1   | 0.058 |   1.316 |    3.951 | 
     | picorv32_core_genblk2.pcpi_div_g14148            | B0 v -> Y ^ | OAI2BB1X1 | 0.017 |   1.333 |    3.968 | 
     | picorv32_core_genblk2.pcpi_div_dividend_reg[20]  | D ^         | DFFHQX1   | 0.000 |   1.333 |    3.968 | 
     +---------------------------------------------------------------------------------------------------------+ 
Path 44: MET Setup Check with Pin picorv32_core_genblk2.pcpi_div_dividend_
reg[16]/CK 
Endpoint:   picorv32_core_genblk2.pcpi_div_dividend_reg[16]/D (^) checked with  
leading edge of 'clk'
Beginpoint: wb_rst_i                                          (v) triggered by  
leading edge of 'clk'
Path Groups: {in2reg}
Analysis View: analysis1
Other End Arrival Time          0.002
- Setup                         0.014
+ Phase Shift                   4.000
- Uncertainty                   0.020
= Required Time                 3.968
- Arrival Time                  1.333
= Slack Time                    2.635
     Clock Rise Edge                      0.000
     + Input Delay                        0.500
     + Drive Adjustment                   0.076
     = Beginpoint Arrival Time            0.576
     +---------------------------------------------------------------------------------------------------------+ 
     |                     Instance                     |     Arc     |   Cell    | Delay | Arrival | Required | 
     |                                                  |             |           |       |  Time   |   Time   | 
     |--------------------------------------------------+-------------+-----------+-------+---------+----------| 
     |                                                  | wb_rst_i v  |           |       |   0.576 |    3.210 | 
     | FE_OFC2_wb_rst_i                                 | A v -> Y v  | BUFX2     | 0.119 |   0.695 |    3.329 | 
     | g490                                             | A v -> Y ^  | INVX2     | 0.106 |   0.801 |    3.435 | 
     | picorv32_core_genblk2.pcpi_div_g14481            | B ^ -> Y ^  | AND3XL    | 0.131 |   0.931 |    3.566 | 
     | FE_OFC469_picorv32_core_genblk2_pcpi_div_n_14838 | A ^ -> Y ^  | BUFX2     | 0.106 |   1.037 |    3.672 | 
     | picorv32_core_genblk2.pcpi_div_g14480            | A ^ -> Y ^  | AND2X1    | 0.101 |   1.138 |    3.773 | 
     | picorv32_core_genblk2.pcpi_div_g14428            | B0 ^ -> Y ^ | AO21X1    | 0.120 |   1.258 |    3.893 | 
     | picorv32_core_genblk2.pcpi_div_g14225            | A0 ^ -> Y v | AOI22X1   | 0.058 |   1.316 |    3.951 | 
     | picorv32_core_genblk2.pcpi_div_g14144            | B0 v -> Y ^ | OAI2BB1X1 | 0.017 |   1.333 |    3.968 | 
     | picorv32_core_genblk2.pcpi_div_dividend_reg[16]  | D ^         | DFFHQX1   | 0.000 |   1.333 |    3.968 | 
     +---------------------------------------------------------------------------------------------------------+ 
Path 45: MET Setup Check with Pin picorv32_core_genblk2.pcpi_div_dividend_
reg[27]/CK 
Endpoint:   picorv32_core_genblk2.pcpi_div_dividend_reg[27]/D (^) checked with  
leading edge of 'clk'
Beginpoint: wb_rst_i                                          (v) triggered by  
leading edge of 'clk'
Path Groups: {in2reg}
Analysis View: analysis1
Other End Arrival Time          0.002
- Setup                         0.014
+ Phase Shift                   4.000
- Uncertainty                   0.020
= Required Time                 3.968
- Arrival Time                  1.333
= Slack Time                    2.635
     Clock Rise Edge                      0.000
     + Input Delay                        0.500
     + Drive Adjustment                   0.076
     = Beginpoint Arrival Time            0.576
     +---------------------------------------------------------------------------------------------------------+ 
     |                     Instance                     |     Arc     |   Cell    | Delay | Arrival | Required | 
     |                                                  |             |           |       |  Time   |   Time   | 
     |--------------------------------------------------+-------------+-----------+-------+---------+----------| 
     |                                                  | wb_rst_i v  |           |       |   0.576 |    3.211 | 
     | FE_OFC2_wb_rst_i                                 | A v -> Y v  | BUFX2     | 0.119 |   0.695 |    3.330 | 
     | g490                                             | A v -> Y ^  | INVX2     | 0.106 |   0.801 |    3.436 | 
     | picorv32_core_genblk2.pcpi_div_g14481            | B ^ -> Y ^  | AND3XL    | 0.131 |   0.931 |    3.566 | 
     | FE_OFC469_picorv32_core_genblk2_pcpi_div_n_14838 | A ^ -> Y ^  | BUFX2     | 0.106 |   1.037 |    3.672 | 
     | picorv32_core_genblk2.pcpi_div_g14480            | A ^ -> Y ^  | AND2X1    | 0.101 |   1.138 |    3.773 | 
     | picorv32_core_genblk2.pcpi_div_g14428            | B0 ^ -> Y ^ | AO21X1    | 0.120 |   1.258 |    3.893 | 
     | picorv32_core_genblk2.pcpi_div_g14236            | A0 ^ -> Y v | AOI22X1   | 0.058 |   1.317 |    3.952 | 
     | picorv32_core_genblk2.pcpi_div_g14155            | B0 v -> Y ^ | OAI2BB1X1 | 0.016 |   1.333 |    3.968 | 
     | picorv32_core_genblk2.pcpi_div_dividend_reg[27]  | D ^         | DFFHQX1   | 0.000 |   1.333 |    3.968 | 
     +---------------------------------------------------------------------------------------------------------+ 
Path 46: MET Setup Check with Pin picorv32_core_genblk2.pcpi_div_dividend_
reg[28]/CK 
Endpoint:   picorv32_core_genblk2.pcpi_div_dividend_reg[28]/D (^) checked with  
leading edge of 'clk'
Beginpoint: wb_rst_i                                          (v) triggered by  
leading edge of 'clk'
Path Groups: {in2reg}
Analysis View: analysis1
Other End Arrival Time          0.003
- Setup                         0.015
+ Phase Shift                   4.000
- Uncertainty                   0.020
= Required Time                 3.968
- Arrival Time                  1.333
= Slack Time                    2.635
     Clock Rise Edge                      0.000
     + Input Delay                        0.500
     + Drive Adjustment                   0.076
     = Beginpoint Arrival Time            0.576
     +---------------------------------------------------------------------------------------------------------+ 
     |                     Instance                     |     Arc     |   Cell    | Delay | Arrival | Required | 
     |                                                  |             |           |       |  Time   |   Time   | 
     |--------------------------------------------------+-------------+-----------+-------+---------+----------| 
     |                                                  | wb_rst_i v  |           |       |   0.576 |    3.211 | 
     | FE_OFC2_wb_rst_i                                 | A v -> Y v  | BUFX2     | 0.119 |   0.695 |    3.330 | 
     | g490                                             | A v -> Y ^  | INVX2     | 0.106 |   0.801 |    3.436 | 
     | picorv32_core_genblk2.pcpi_div_g14481            | B ^ -> Y ^  | AND3XL    | 0.131 |   0.932 |    3.567 | 
     | FE_OFC469_picorv32_core_genblk2_pcpi_div_n_14838 | A ^ -> Y ^  | BUFX2     | 0.106 |   1.037 |    3.672 | 
     | picorv32_core_genblk2.pcpi_div_g14480            | A ^ -> Y ^  | AND2X1    | 0.101 |   1.138 |    3.773 | 
     | picorv32_core_genblk2.pcpi_div_g14428            | B0 ^ -> Y ^ | AO21X1    | 0.120 |   1.258 |    3.893 | 
     | picorv32_core_genblk2.pcpi_div_g14206            | A0 ^ -> Y v | AOI22X1   | 0.058 |   1.316 |    3.951 | 
     | picorv32_core_genblk2.pcpi_div_g14156            | B0 v -> Y ^ | OAI2BB1X1 | 0.017 |   1.333 |    3.968 | 
     | picorv32_core_genblk2.pcpi_div_dividend_reg[28]  | D ^         | DFFHQX1   | 0.000 |   1.333 |    3.968 | 
     +---------------------------------------------------------------------------------------------------------+ 
Path 47: MET Setup Check with Pin picorv32_core_genblk2.pcpi_div_dividend_
reg[21]/CK 
Endpoint:   picorv32_core_genblk2.pcpi_div_dividend_reg[21]/D (^) checked with  
leading edge of 'clk'
Beginpoint: wb_rst_i                                          (v) triggered by  
leading edge of 'clk'
Path Groups: {in2reg}
Analysis View: analysis1
Other End Arrival Time          0.003
- Setup                         0.015
+ Phase Shift                   4.000
- Uncertainty                   0.020
= Required Time                 3.968
- Arrival Time                  1.333
= Slack Time                    2.635
     Clock Rise Edge                      0.000
     + Input Delay                        0.500
     + Drive Adjustment                   0.076
     = Beginpoint Arrival Time            0.576
     +---------------------------------------------------------------------------------------------------------+ 
     |                     Instance                     |     Arc     |   Cell    | Delay | Arrival | Required | 
     |                                                  |             |           |       |  Time   |   Time   | 
     |--------------------------------------------------+-------------+-----------+-------+---------+----------| 
     |                                                  | wb_rst_i v  |           |       |   0.576 |    3.211 | 
     | FE_OFC2_wb_rst_i                                 | A v -> Y v  | BUFX2     | 0.119 |   0.695 |    3.330 | 
     | g490                                             | A v -> Y ^  | INVX2     | 0.106 |   0.801 |    3.436 | 
     | picorv32_core_genblk2.pcpi_div_g14481            | B ^ -> Y ^  | AND3XL    | 0.131 |   0.932 |    3.567 | 
     | FE_OFC469_picorv32_core_genblk2_pcpi_div_n_14838 | A ^ -> Y ^  | BUFX2     | 0.106 |   1.037 |    3.672 | 
     | picorv32_core_genblk2.pcpi_div_g14480            | A ^ -> Y ^  | AND2X1    | 0.101 |   1.138 |    3.773 | 
     | picorv32_core_genblk2.pcpi_div_g14428            | B0 ^ -> Y ^ | AO21X1    | 0.120 |   1.258 |    3.893 | 
     | picorv32_core_genblk2.pcpi_div_g14230            | A0 ^ -> Y v | AOI22X1   | 0.058 |   1.316 |    3.951 | 
     | picorv32_core_genblk2.pcpi_div_g14149            | B0 v -> Y ^ | OAI2BB1X1 | 0.017 |   1.333 |    3.968 | 
     | picorv32_core_genblk2.pcpi_div_dividend_reg[21]  | D ^         | DFFHQX1   | 0.000 |   1.333 |    3.968 | 
     +---------------------------------------------------------------------------------------------------------+ 
Path 48: MET Setup Check with Pin picorv32_core_genblk2.pcpi_div_dividend_
reg[23]/CK 
Endpoint:   picorv32_core_genblk2.pcpi_div_dividend_reg[23]/D (^) checked with  
leading edge of 'clk'
Beginpoint: wb_rst_i                                          (v) triggered by  
leading edge of 'clk'
Path Groups: {in2reg}
Analysis View: analysis1
Other End Arrival Time          0.003
- Setup                         0.015
+ Phase Shift                   4.000
- Uncertainty                   0.020
= Required Time                 3.969
- Arrival Time                  1.333
= Slack Time                    2.635
     Clock Rise Edge                      0.000
     + Input Delay                        0.500
     + Drive Adjustment                   0.076
     = Beginpoint Arrival Time            0.576
     +---------------------------------------------------------------------------------------------------------+ 
     |                     Instance                     |     Arc     |   Cell    | Delay | Arrival | Required | 
     |                                                  |             |           |       |  Time   |   Time   | 
     |--------------------------------------------------+-------------+-----------+-------+---------+----------| 
     |                                                  | wb_rst_i v  |           |       |   0.576 |    3.211 | 
     | FE_OFC2_wb_rst_i                                 | A v -> Y v  | BUFX2     | 0.119 |   0.695 |    3.330 | 
     | g490                                             | A v -> Y ^  | INVX2     | 0.106 |   0.801 |    3.436 | 
     | picorv32_core_genblk2.pcpi_div_g14481            | B ^ -> Y ^  | AND3XL    | 0.131 |   0.932 |    3.567 | 
     | FE_OFC469_picorv32_core_genblk2_pcpi_div_n_14838 | A ^ -> Y ^  | BUFX2     | 0.106 |   1.037 |    3.672 | 
     | picorv32_core_genblk2.pcpi_div_g14480            | A ^ -> Y ^  | AND2X1    | 0.101 |   1.138 |    3.773 | 
     | picorv32_core_genblk2.pcpi_div_g14428            | B0 ^ -> Y ^ | AO21X1    | 0.120 |   1.258 |    3.893 | 
     | picorv32_core_genblk2.pcpi_div_g14232            | A0 ^ -> Y v | AOI22X1   | 0.058 |   1.316 |    3.951 | 
     | picorv32_core_genblk2.pcpi_div_g14152            | B0 v -> Y ^ | OAI2BB1X1 | 0.017 |   1.333 |    3.969 | 
     | picorv32_core_genblk2.pcpi_div_dividend_reg[23]  | D ^         | DFFHQX1   | 0.000 |   1.333 |    3.969 | 
     +---------------------------------------------------------------------------------------------------------+ 
Path 49: MET Setup Check with Pin picorv32_core_genblk2.pcpi_div_dividend_
reg[25]/CK 
Endpoint:   picorv32_core_genblk2.pcpi_div_dividend_reg[25]/D (^) checked with  
leading edge of 'clk'
Beginpoint: wb_rst_i                                          (v) triggered by  
leading edge of 'clk'
Path Groups: {in2reg}
Analysis View: analysis1
Other End Arrival Time          0.003
- Setup                         0.015
+ Phase Shift                   4.000
- Uncertainty                   0.020
= Required Time                 3.968
- Arrival Time                  1.333
= Slack Time                    2.635
     Clock Rise Edge                      0.000
     + Input Delay                        0.500
     + Drive Adjustment                   0.076
     = Beginpoint Arrival Time            0.576
     +---------------------------------------------------------------------------------------------------------+ 
     |                     Instance                     |     Arc     |   Cell    | Delay | Arrival | Required | 
     |                                                  |             |           |       |  Time   |   Time   | 
     |--------------------------------------------------+-------------+-----------+-------+---------+----------| 
     |                                                  | wb_rst_i v  |           |       |   0.576 |    3.211 | 
     | FE_OFC2_wb_rst_i                                 | A v -> Y v  | BUFX2     | 0.119 |   0.695 |    3.330 | 
     | g490                                             | A v -> Y ^  | INVX2     | 0.106 |   0.801 |    3.436 | 
     | picorv32_core_genblk2.pcpi_div_g14481            | B ^ -> Y ^  | AND3XL    | 0.131 |   0.932 |    3.567 | 
     | FE_OFC469_picorv32_core_genblk2_pcpi_div_n_14838 | A ^ -> Y ^  | BUFX2     | 0.106 |   1.037 |    3.673 | 
     | picorv32_core_genblk2.pcpi_div_g14480            | A ^ -> Y ^  | AND2X1    | 0.101 |   1.138 |    3.773 | 
     | picorv32_core_genblk2.pcpi_div_g14428            | B0 ^ -> Y ^ | AO21X1    | 0.120 |   1.258 |    3.894 | 
     | picorv32_core_genblk2.pcpi_div_g14234            | A0 ^ -> Y v | AOI22X1   | 0.058 |   1.316 |    3.951 | 
     | picorv32_core_genblk2.pcpi_div_g14153            | B0 v -> Y ^ | OAI2BB1X1 | 0.017 |   1.333 |    3.968 | 
     | picorv32_core_genblk2.pcpi_div_dividend_reg[25]  | D ^         | DFFHQX1   | 0.000 |   1.333 |    3.968 | 
     +---------------------------------------------------------------------------------------------------------+ 
Path 50: MET Setup Check with Pin picorv32_core_genblk2.pcpi_div_dividend_
reg[18]/CK 
Endpoint:   picorv32_core_genblk2.pcpi_div_dividend_reg[18]/D (^) checked with  
leading edge of 'clk'
Beginpoint: wb_rst_i                                          (v) triggered by  
leading edge of 'clk'
Path Groups: {in2reg}
Analysis View: analysis1
Other End Arrival Time          0.002
- Setup                         0.014
+ Phase Shift                   4.000
- Uncertainty                   0.020
= Required Time                 3.968
- Arrival Time                  1.333
= Slack Time                    2.635
     Clock Rise Edge                      0.000
     + Input Delay                        0.500
     + Drive Adjustment                   0.076
     = Beginpoint Arrival Time            0.576
     +---------------------------------------------------------------------------------------------------------+ 
     |                     Instance                     |     Arc     |   Cell    | Delay | Arrival | Required | 
     |                                                  |             |           |       |  Time   |   Time   | 
     |--------------------------------------------------+-------------+-----------+-------+---------+----------| 
     |                                                  | wb_rst_i v  |           |       |   0.576 |    3.211 | 
     | FE_OFC2_wb_rst_i                                 | A v -> Y v  | BUFX2     | 0.119 |   0.695 |    3.330 | 
     | g490                                             | A v -> Y ^  | INVX2     | 0.106 |   0.801 |    3.436 | 
     | picorv32_core_genblk2.pcpi_div_g14481            | B ^ -> Y ^  | AND3XL    | 0.131 |   0.932 |    3.567 | 
     | FE_OFC469_picorv32_core_genblk2_pcpi_div_n_14838 | A ^ -> Y ^  | BUFX2     | 0.106 |   1.037 |    3.673 | 
     | picorv32_core_genblk2.pcpi_div_g14480            | A ^ -> Y ^  | AND2X1    | 0.101 |   1.138 |    3.773 | 
     | picorv32_core_genblk2.pcpi_div_g14428            | B0 ^ -> Y ^ | AO21X1    | 0.120 |   1.258 |    3.894 | 
     | picorv32_core_genblk2.pcpi_div_g14227            | A0 ^ -> Y v | AOI22X1   | 0.058 |   1.316 |    3.951 | 
     | picorv32_core_genblk2.pcpi_div_g14146            | B0 v -> Y ^ | OAI2BB1X1 | 0.017 |   1.333 |    3.968 | 
     | picorv32_core_genblk2.pcpi_div_dividend_reg[18]  | D ^         | DFFHQX1   | 0.000 |   1.333 |    3.968 | 
     +---------------------------------------------------------------------------------------------------------+ 

