###############################################################
#  Generated by:      Cadence Innovus 21.35-s114_1
#  OS:                Linux x86_64(Host ID cn99.it.auth.gr)
#  Generated on:      Thu Nov 27 21:38:20 2025
#  Design:            picorv32_wb
#  Command:           report_timing -path_group reg2reg -check_type setup -max_paths 50 > reports/postRouting/setup_reg2reg.rpt
###############################################################
Path 1: MET Setup Check with Pin picorv32_core_genblk1.pcpi_mul_rd_reg[63]/CK 
Endpoint:   picorv32_core_genblk1.pcpi_mul_rd_reg[63]/D (^) checked with  
leading edge of 'clk'
Beginpoint: picorv32_core_genblk1.pcpi_mul_rs2_reg[5]/Q (^) triggered by  
leading edge of 'clk'
Path Groups: {reg2reg}
Analysis View: analysis1
Other End Arrival Time          0.004
- Setup                         0.013
+ Phase Shift                   4.000
- Uncertainty                   0.020
= Required Time                 3.971
- Arrival Time                  2.518
= Slack Time                    1.452
     Clock Rise Edge                 0.000
     + Clock Network Latency (Prop)  0.003
     = Beginpoint Arrival Time       0.003
     +-----------------------------------------------------------------------------------------------------------+ 
     |                      Instance                      |     Arc      |   Cell   | Delay | Arrival | Required | 
     |                                                    |              |          |       |  Time   |   Time   | 
     |----------------------------------------------------+--------------+----------+-------+---------+----------| 
     | picorv32_core_genblk1.pcpi_mul_rs2_reg[5]          | CK ^         |          |       |   0.003 |    1.455 | 
     | picorv32_core_genblk1.pcpi_mul_rs2_reg[5]          | CK ^ -> Q ^  | MDFFHQX1 | 0.126 |   0.129 |    1.581 | 
     | picorv32_core_genblk1.pcpi_mul_mul_2371_47_g14046  | A ^ -> Y v   | INVX1    | 0.049 |   0.178 |    1.630 | 
     | picorv32_core_genblk1.pcpi_mul_mul_2371_47_g13987  | B v -> Y ^   | XNOR2X1  | 0.031 |   0.209 |    1.661 | 
     | picorv32_core_genblk1.pcpi_mul_mul_2371_47_g13897  | A ^ -> Y ^   | OR2X1    | 0.086 |   0.295 |    1.747 | 
     | picorv32_core_genblk1.pcpi_mul_mul_2371_47_g13890  | A ^ -> Y v   | INVX1    | 0.052 |   0.346 |    1.799 | 
     | picorv32_core_genblk1.pcpi_mul_mul_2371_47_g13740  | A1 v -> Y ^  | OAI21X1  | 0.027 |   0.374 |    1.826 | 
     | picorv32_core_genblk1.pcpi_mul_mul_2371_47_g13494  | B ^ -> Y ^   | XNOR2X1  | 0.025 |   0.398 |    1.851 | 
     | picorv32_core_genblk1.pcpi_mul_mul_2371_47_g13440  | B ^ -> S v   | ADDHX1   | 0.031 |   0.429 |    1.882 | 
     | picorv32_core_genblk1.pcpi_mul_mul_2371_47_cdnfadd | A v -> CO v  | ADDFX1   | 0.035 |   0.465 |    1.917 | 
     | 3                                                  |              |          |       |         |          | 
     | picorv32_core_genblk1.pcpi_mul_mul_2371_47_cdnfadd | CI v -> CO v | ADDFX1   | 0.034 |   0.499 |    1.951 | 
     | 4                                                  |              |          |       |         |          | 
     | picorv32_core_genblk1.pcpi_mul_mul_2371_47_cdnfadd | CI v -> CO v | ADDFX1   | 0.034 |   0.533 |    1.985 | 
     | 5                                                  |              |          |       |         |          | 
     | picorv32_core_genblk1.pcpi_mul_mul_2371_47_cdnfadd | CI v -> CO v | ADDFX1   | 0.033 |   0.566 |    2.018 | 
     | 6                                                  |              |          |       |         |          | 
     | picorv32_core_genblk1.pcpi_mul_mul_2371_47_cdnfadd | CI v -> CO v | ADDFX1   | 0.034 |   0.600 |    2.052 | 
     | 7                                                  |              |          |       |         |          | 
     | picorv32_core_genblk1.pcpi_mul_mul_2371_47_cdnfadd | CI v -> CO v | ADDFX1   | 0.034 |   0.634 |    2.086 | 
     | 8                                                  |              |          |       |         |          | 
     | picorv32_core_genblk1.pcpi_mul_mul_2371_47_cdnfadd | CI v -> CO v | ADDFX1   | 0.033 |   0.667 |    2.119 | 
     | 9                                                  |              |          |       |         |          | 
     | picorv32_core_genblk1.pcpi_mul_mul_2371_47_cdnfadd | CI v -> CO v | ADDFX1   | 0.034 |   0.700 |    2.153 | 
     | 10                                                 |              |          |       |         |          | 
     | picorv32_core_genblk1.pcpi_mul_mul_2371_47_cdnfadd | CI v -> CO v | ADDFX1   | 0.033 |   0.734 |    2.186 | 
     | 11                                                 |              |          |       |         |          | 
     | picorv32_core_genblk1.pcpi_mul_mul_2371_47_cdnfadd | CI v -> CO v | ADDFX1   | 0.034 |   0.768 |    2.220 | 
     | 12                                                 |              |          |       |         |          | 
     | picorv32_core_genblk1.pcpi_mul_mul_2371_47_cdnfadd | CI v -> CO v | ADDFX1   | 0.034 |   0.801 |    2.254 | 
     | 13                                                 |              |          |       |         |          | 
     | picorv32_core_genblk1.pcpi_mul_mul_2371_47_cdnfadd | CI v -> CO v | ADDFX1   | 0.033 |   0.835 |    2.287 | 
     | 14                                                 |              |          |       |         |          | 
     | picorv32_core_genblk1.pcpi_mul_mul_2371_47_cdnfadd | CI v -> CO v | ADDFX1   | 0.033 |   0.868 |    2.320 | 
     | 15                                                 |              |          |       |         |          | 
     | picorv32_core_genblk1.pcpi_mul_mul_2371_47_cdnfadd | CI v -> CO v | ADDFX1   | 0.033 |   0.901 |    2.353 | 
     | 16                                                 |              |          |       |         |          | 
     | picorv32_core_genblk1.pcpi_mul_mul_2371_47_cdnfadd | CI v -> CO v | ADDFX1   | 0.034 |   0.934 |    2.387 | 
     | 17                                                 |              |          |       |         |          | 
     | picorv32_core_genblk1.pcpi_mul_mul_2371_47_cdnfadd | CI v -> CO v | ADDFX1   | 0.033 |   0.968 |    2.420 | 
     | 18                                                 |              |          |       |         |          | 
     | picorv32_core_genblk1.pcpi_mul_mul_2371_47_cdnfadd | CI v -> CO v | ADDFX1   | 0.034 |   1.001 |    2.454 | 
     | 19                                                 |              |          |       |         |          | 
     | picorv32_core_genblk1.pcpi_mul_mul_2371_47_cdnfadd | CI v -> CO v | ADDFX1   | 0.034 |   1.036 |    2.488 | 
     | 20                                                 |              |          |       |         |          | 
     | picorv32_core_genblk1.pcpi_mul_mul_2371_47_cdnfadd | CI v -> CO v | ADDFX1   | 0.033 |   1.069 |    2.521 | 
     | 21                                                 |              |          |       |         |          | 
     | picorv32_core_genblk1.pcpi_mul_mul_2371_47_cdnfadd | CI v -> CO v | ADDFX1   | 0.033 |   1.102 |    2.555 | 
     | 22                                                 |              |          |       |         |          | 
     | picorv32_core_genblk1.pcpi_mul_mul_2371_47_cdnfadd | CI v -> CO v | ADDFX1   | 0.033 |   1.136 |    2.588 | 
     | 23                                                 |              |          |       |         |          | 
     | picorv32_core_genblk1.pcpi_mul_mul_2371_47_cdnfadd | CI v -> CO v | ADDFX1   | 0.035 |   1.171 |    2.623 | 
     | 24                                                 |              |          |       |         |          | 
     | picorv32_core_genblk1.pcpi_mul_mul_2371_47_cdnfadd | CI v -> CO v | ADDFX1   | 0.035 |   1.206 |    2.658 | 
     | 25                                                 |              |          |       |         |          | 
     | picorv32_core_genblk1.pcpi_mul_mul_2371_47_cdnfadd | CI v -> CO v | ADDFX1   | 0.033 |   1.239 |    2.691 | 
     | 26                                                 |              |          |       |         |          | 
     | picorv32_core_genblk1.pcpi_mul_mul_2371_47_cdnfadd | CI v -> CO v | ADDFX1   | 0.034 |   1.273 |    2.726 | 
     | 27                                                 |              |          |       |         |          | 
     | picorv32_core_genblk1.pcpi_mul_mul_2371_47_cdnfadd | CI v -> CO v | ADDFX1   | 0.034 |   1.307 |    2.759 | 
     | 28                                                 |              |          |       |         |          | 
     | picorv32_core_genblk1.pcpi_mul_mul_2371_47_cdnfadd | CI v -> CO v | ADDFX1   | 0.034 |   1.341 |    2.793 | 
     | 29                                                 |              |          |       |         |          | 
     | picorv32_core_genblk1.pcpi_mul_mul_2371_47_cdnfadd | CI v -> CO v | ADDFX1   | 0.035 |   1.375 |    2.828 | 
     | 30                                                 |              |          |       |         |          | 
     | picorv32_core_genblk1.pcpi_mul_mul_2371_47_cdnfadd | CI v -> CO v | ADDFX1   | 0.039 |   1.414 |    2.866 | 
     | 31                                                 |              |          |       |         |          | 
     | picorv32_core_genblk1.pcpi_mul_mul_2371_47_cdnfadd | CI v -> CO v | ADDFX1   | 0.036 |   1.450 |    2.902 | 
     | 32                                                 |              |          |       |         |          | 
     | picorv32_core_genblk1.pcpi_mul_mul_2371_47_cdnfadd | CI v -> CO v | ADDFX1   | 0.034 |   1.484 |    2.936 | 
     | 33                                                 |              |          |       |         |          | 
     | picorv32_core_genblk1.pcpi_mul_mul_2371_47_cdnfadd | CI v -> CO v | ADDFX1   | 0.035 |   1.519 |    2.971 | 
     | 34                                                 |              |          |       |         |          | 
     | picorv32_core_genblk1.pcpi_mul_mul_2371_47_cdnfadd | CI v -> CO v | ADDFX1   | 0.034 |   1.552 |    3.005 | 
     | 35                                                 |              |          |       |         |          | 
     | picorv32_core_genblk1.pcpi_mul_mul_2371_47_cdnfadd | CI v -> CO v | ADDFX1   | 0.033 |   1.586 |    3.038 | 
     | 36                                                 |              |          |       |         |          | 
     | picorv32_core_genblk1.pcpi_mul_mul_2371_47_cdnfadd | CI v -> CO v | ADDFX1   | 0.033 |   1.619 |    3.071 | 
     | 37                                                 |              |          |       |         |          | 
     | picorv32_core_genblk1.pcpi_mul_mul_2371_47_cdnfadd | CI v -> CO v | ADDFX1   | 0.034 |   1.652 |    3.105 | 
     | 38                                                 |              |          |       |         |          | 
     | picorv32_core_genblk1.pcpi_mul_mul_2371_47_cdnfadd | CI v -> CO v | ADDFX1   | 0.033 |   1.686 |    3.138 | 
     | 39                                                 |              |          |       |         |          | 
     | picorv32_core_genblk1.pcpi_mul_mul_2371_47_cdnfadd | CI v -> CO v | ADDFX1   | 0.033 |   1.719 |    3.171 | 
     | 40                                                 |              |          |       |         |          | 
     | picorv32_core_genblk1.pcpi_mul_mul_2371_47_cdnfadd | CI v -> CO v | ADDFX1   | 0.033 |   1.752 |    3.204 | 
     | 41                                                 |              |          |       |         |          | 
     | picorv32_core_genblk1.pcpi_mul_mul_2371_47_cdnfadd | CI v -> CO v | ADDFX1   | 0.034 |   1.786 |    3.238 | 
     | 42                                                 |              |          |       |         |          | 
     | picorv32_core_genblk1.pcpi_mul_mul_2371_47_cdnfadd | CI v -> CO v | ADDFX1   | 0.034 |   1.820 |    3.272 | 
     | 43                                                 |              |          |       |         |          | 
     | picorv32_core_genblk1.pcpi_mul_mul_2371_47_cdnfadd | CI v -> CO v | ADDFX1   | 0.035 |   1.855 |    3.307 | 
     | 44                                                 |              |          |       |         |          | 
     | picorv32_core_genblk1.pcpi_mul_mul_2371_47_cdnfadd | CI v -> CO v | ADDFX1   | 0.034 |   1.889 |    3.341 | 
     | 45                                                 |              |          |       |         |          | 
     | picorv32_core_genblk1.pcpi_mul_mul_2371_47_cdnfadd | CI v -> CO v | ADDFX1   | 0.035 |   1.924 |    3.376 | 
     | 46                                                 |              |          |       |         |          | 
     | picorv32_core_genblk1.pcpi_mul_mul_2371_47_cdnfadd | CI v -> CO v | ADDFX1   | 0.033 |   1.957 |    3.409 | 
     | 47                                                 |              |          |       |         |          | 
     | picorv32_core_genblk1.pcpi_mul_mul_2371_47_cdnfadd | CI v -> CO v | ADDFX1   | 0.035 |   1.992 |    3.445 | 
     | 48                                                 |              |          |       |         |          | 
     | picorv32_core_genblk1.pcpi_mul_mul_2371_47_cdnfadd | CI v -> CO v | ADDFX1   | 0.034 |   2.026 |    3.479 | 
     | 49                                                 |              |          |       |         |          | 
     | picorv32_core_genblk1.pcpi_mul_mul_2371_47_cdnfadd | CI v -> CO v | ADDFX1   | 0.033 |   2.060 |    3.512 | 
     | 50                                                 |              |          |       |         |          | 
     | picorv32_core_genblk1.pcpi_mul_mul_2371_47_cdnfadd | CI v -> CO v | ADDFX1   | 0.035 |   2.094 |    3.547 | 
     | 51                                                 |              |          |       |         |          | 
     | picorv32_core_genblk1.pcpi_mul_mul_2371_47_cdnfadd | CI v -> CO v | ADDFX1   | 0.034 |   2.128 |    3.580 | 
     | 52                                                 |              |          |       |         |          | 
     | picorv32_core_genblk1.pcpi_mul_mul_2371_47_cdnfadd | CI v -> CO v | ADDFX1   | 0.034 |   2.162 |    3.614 | 
     | 53                                                 |              |          |       |         |          | 
     | picorv32_core_genblk1.pcpi_mul_mul_2371_47_cdnfadd | CI v -> CO v | ADDFX1   | 0.036 |   2.197 |    3.650 | 
     | 54                                                 |              |          |       |         |          | 
     | picorv32_core_genblk1.pcpi_mul_mul_2371_47_cdnfadd | CI v -> CO v | ADDFX1   | 0.034 |   2.231 |    3.684 | 
     | 55                                                 |              |          |       |         |          | 
     | picorv32_core_genblk1.pcpi_mul_mul_2371_47_cdnfadd | CI v -> CO v | ADDFX1   | 0.034 |   2.266 |    3.718 | 
     | 56                                                 |              |          |       |         |          | 
     | picorv32_core_genblk1.pcpi_mul_mul_2371_47_cdnfadd | CI v -> CO v | ADDFX1   | 0.034 |   2.300 |    3.752 | 
     | 57                                                 |              |          |       |         |          | 
     | picorv32_core_genblk1.pcpi_mul_mul_2371_47_cdnfadd | CI v -> CO v | ADDFX1   | 0.033 |   2.333 |    3.785 | 
     | 58                                                 |              |          |       |         |          | 
     | picorv32_core_genblk1.pcpi_mul_mul_2371_47_cdnfadd | CI v -> CO v | ADDFX1   | 0.034 |   2.366 |    3.819 | 
     | 59                                                 |              |          |       |         |          | 
     | picorv32_core_genblk1.pcpi_mul_mul_2371_47_cdnfadd | CI v -> CO v | ADDFX1   | 0.033 |   2.400 |    3.852 | 
     | 60                                                 |              |          |       |         |          | 
     | picorv32_core_genblk1.pcpi_mul_mul_2371_47_cdnfadd | CI v -> CO v | ADDFX1   | 0.034 |   2.434 |    3.886 | 
     | 61                                                 |              |          |       |         |          | 
     | picorv32_core_genblk1.pcpi_mul_mul_2371_47_cdnfadd | CI v -> CO v | ADDFX1   | 0.034 |   2.468 |    3.920 | 
     | 62                                                 |              |          |       |         |          | 
     | picorv32_core_genblk1.pcpi_mul_mul_2371_47_g14137  | CI v -> S ^  | ADDFX1   | 0.050 |   2.518 |    3.971 | 
     | picorv32_core_genblk1.pcpi_mul_rd_reg[63]          | D ^          | DFFQXL   | 0.000 |   2.518 |    3.971 | 
     +-----------------------------------------------------------------------------------------------------------+ 
Path 2: MET Setup Check with Pin picorv32_core_genblk1.pcpi_mul_rd_reg[62]/CK 
Endpoint:   picorv32_core_genblk1.pcpi_mul_rd_reg[62]/D (^) checked with  
leading edge of 'clk'
Beginpoint: picorv32_core_genblk1.pcpi_mul_rs2_reg[5]/Q (^) triggered by  
leading edge of 'clk'
Path Groups: {reg2reg}
Analysis View: analysis1
Other End Arrival Time          0.004
- Setup                         0.012
+ Phase Shift                   4.000
- Uncertainty                   0.020
= Required Time                 3.972
- Arrival Time                  2.481
= Slack Time                    1.491
     Clock Rise Edge                 0.000
     + Clock Network Latency (Prop)  0.003
     = Beginpoint Arrival Time       0.003
     +-----------------------------------------------------------------------------------------------------------+ 
     |                      Instance                      |     Arc      |   Cell   | Delay | Arrival | Required | 
     |                                                    |              |          |       |  Time   |   Time   | 
     |----------------------------------------------------+--------------+----------+-------+---------+----------| 
     | picorv32_core_genblk1.pcpi_mul_rs2_reg[5]          | CK ^         |          |       |   0.003 |    1.494 | 
     | picorv32_core_genblk1.pcpi_mul_rs2_reg[5]          | CK ^ -> Q ^  | MDFFHQX1 | 0.126 |   0.129 |    1.620 | 
     | picorv32_core_genblk1.pcpi_mul_mul_2371_47_g14046  | A ^ -> Y v   | INVX1    | 0.049 |   0.178 |    1.669 | 
     | picorv32_core_genblk1.pcpi_mul_mul_2371_47_g13987  | B v -> Y ^   | XNOR2X1  | 0.031 |   0.209 |    1.699 | 
     | picorv32_core_genblk1.pcpi_mul_mul_2371_47_g13897  | A ^ -> Y ^   | OR2X1    | 0.086 |   0.295 |    1.785 | 
     | picorv32_core_genblk1.pcpi_mul_mul_2371_47_g13890  | A ^ -> Y v   | INVX1    | 0.052 |   0.346 |    1.837 | 
     | picorv32_core_genblk1.pcpi_mul_mul_2371_47_g13740  | A1 v -> Y ^  | OAI21X1  | 0.027 |   0.374 |    1.864 | 
     | picorv32_core_genblk1.pcpi_mul_mul_2371_47_g13494  | B ^ -> Y ^   | XNOR2X1  | 0.025 |   0.398 |    1.889 | 
     | picorv32_core_genblk1.pcpi_mul_mul_2371_47_g13440  | B ^ -> S v   | ADDHX1   | 0.031 |   0.429 |    1.920 | 
     | picorv32_core_genblk1.pcpi_mul_mul_2371_47_cdnfadd | A v -> CO v  | ADDFX1   | 0.035 |   0.465 |    1.955 | 
     | 3                                                  |              |          |       |         |          | 
     | picorv32_core_genblk1.pcpi_mul_mul_2371_47_cdnfadd | CI v -> CO v | ADDFX1   | 0.034 |   0.499 |    1.989 | 
     | 4                                                  |              |          |       |         |          | 
     | picorv32_core_genblk1.pcpi_mul_mul_2371_47_cdnfadd | CI v -> CO v | ADDFX1   | 0.034 |   0.533 |    2.023 | 
     | 5                                                  |              |          |       |         |          | 
     | picorv32_core_genblk1.pcpi_mul_mul_2371_47_cdnfadd | CI v -> CO v | ADDFX1   | 0.033 |   0.566 |    2.057 | 
     | 6                                                  |              |          |       |         |          | 
     | picorv32_core_genblk1.pcpi_mul_mul_2371_47_cdnfadd | CI v -> CO v | ADDFX1   | 0.034 |   0.600 |    2.091 | 
     | 7                                                  |              |          |       |         |          | 
     | picorv32_core_genblk1.pcpi_mul_mul_2371_47_cdnfadd | CI v -> CO v | ADDFX1   | 0.034 |   0.634 |    2.124 | 
     | 8                                                  |              |          |       |         |          | 
     | picorv32_core_genblk1.pcpi_mul_mul_2371_47_cdnfadd | CI v -> CO v | ADDFX1   | 0.033 |   0.667 |    2.157 | 
     | 9                                                  |              |          |       |         |          | 
     | picorv32_core_genblk1.pcpi_mul_mul_2371_47_cdnfadd | CI v -> CO v | ADDFX1   | 0.034 |   0.700 |    2.191 | 
     | 10                                                 |              |          |       |         |          | 
     | picorv32_core_genblk1.pcpi_mul_mul_2371_47_cdnfadd | CI v -> CO v | ADDFX1   | 0.033 |   0.734 |    2.224 | 
     | 11                                                 |              |          |       |         |          | 
     | picorv32_core_genblk1.pcpi_mul_mul_2371_47_cdnfadd | CI v -> CO v | ADDFX1   | 0.034 |   0.768 |    2.258 | 
     | 12                                                 |              |          |       |         |          | 
     | picorv32_core_genblk1.pcpi_mul_mul_2371_47_cdnfadd | CI v -> CO v | ADDFX1   | 0.034 |   0.801 |    2.292 | 
     | 13                                                 |              |          |       |         |          | 
     | picorv32_core_genblk1.pcpi_mul_mul_2371_47_cdnfadd | CI v -> CO v | ADDFX1   | 0.033 |   0.835 |    2.325 | 
     | 14                                                 |              |          |       |         |          | 
     | picorv32_core_genblk1.pcpi_mul_mul_2371_47_cdnfadd | CI v -> CO v | ADDFX1   | 0.033 |   0.868 |    2.358 | 
     | 15                                                 |              |          |       |         |          | 
     | picorv32_core_genblk1.pcpi_mul_mul_2371_47_cdnfadd | CI v -> CO v | ADDFX1   | 0.033 |   0.901 |    2.392 | 
     | 16                                                 |              |          |       |         |          | 
     | picorv32_core_genblk1.pcpi_mul_mul_2371_47_cdnfadd | CI v -> CO v | ADDFX1   | 0.034 |   0.934 |    2.425 | 
     | 17                                                 |              |          |       |         |          | 
     | picorv32_core_genblk1.pcpi_mul_mul_2371_47_cdnfadd | CI v -> CO v | ADDFX1   | 0.033 |   0.968 |    2.458 | 
     | 18                                                 |              |          |       |         |          | 
     | picorv32_core_genblk1.pcpi_mul_mul_2371_47_cdnfadd | CI v -> CO v | ADDFX1   | 0.034 |   1.001 |    2.492 | 
     | 19                                                 |              |          |       |         |          | 
     | picorv32_core_genblk1.pcpi_mul_mul_2371_47_cdnfadd | CI v -> CO v | ADDFX1   | 0.034 |   1.036 |    2.526 | 
     | 20                                                 |              |          |       |         |          | 
     | picorv32_core_genblk1.pcpi_mul_mul_2371_47_cdnfadd | CI v -> CO v | ADDFX1   | 0.033 |   1.069 |    2.560 | 
     | 21                                                 |              |          |       |         |          | 
     | picorv32_core_genblk1.pcpi_mul_mul_2371_47_cdnfadd | CI v -> CO v | ADDFX1   | 0.033 |   1.102 |    2.593 | 
     | 22                                                 |              |          |       |         |          | 
     | picorv32_core_genblk1.pcpi_mul_mul_2371_47_cdnfadd | CI v -> CO v | ADDFX1   | 0.033 |   1.136 |    2.626 | 
     | 23                                                 |              |          |       |         |          | 
     | picorv32_core_genblk1.pcpi_mul_mul_2371_47_cdnfadd | CI v -> CO v | ADDFX1   | 0.035 |   1.171 |    2.662 | 
     | 24                                                 |              |          |       |         |          | 
     | picorv32_core_genblk1.pcpi_mul_mul_2371_47_cdnfadd | CI v -> CO v | ADDFX1   | 0.035 |   1.206 |    2.696 | 
     | 25                                                 |              |          |       |         |          | 
     | picorv32_core_genblk1.pcpi_mul_mul_2371_47_cdnfadd | CI v -> CO v | ADDFX1   | 0.033 |   1.239 |    2.730 | 
     | 26                                                 |              |          |       |         |          | 
     | picorv32_core_genblk1.pcpi_mul_mul_2371_47_cdnfadd | CI v -> CO v | ADDFX1   | 0.034 |   1.273 |    2.764 | 
     | 27                                                 |              |          |       |         |          | 
     | picorv32_core_genblk1.pcpi_mul_mul_2371_47_cdnfadd | CI v -> CO v | ADDFX1   | 0.034 |   1.307 |    2.798 | 
     | 28                                                 |              |          |       |         |          | 
     | picorv32_core_genblk1.pcpi_mul_mul_2371_47_cdnfadd | CI v -> CO v | ADDFX1   | 0.034 |   1.341 |    2.832 | 
     | 29                                                 |              |          |       |         |          | 
     | picorv32_core_genblk1.pcpi_mul_mul_2371_47_cdnfadd | CI v -> CO v | ADDFX1   | 0.035 |   1.375 |    2.866 | 
     | 30                                                 |              |          |       |         |          | 
     | picorv32_core_genblk1.pcpi_mul_mul_2371_47_cdnfadd | CI v -> CO v | ADDFX1   | 0.039 |   1.414 |    2.905 | 
     | 31                                                 |              |          |       |         |          | 
     | picorv32_core_genblk1.pcpi_mul_mul_2371_47_cdnfadd | CI v -> CO v | ADDFX1   | 0.036 |   1.450 |    2.941 | 
     | 32                                                 |              |          |       |         |          | 
     | picorv32_core_genblk1.pcpi_mul_mul_2371_47_cdnfadd | CI v -> CO v | ADDFX1   | 0.034 |   1.484 |    2.975 | 
     | 33                                                 |              |          |       |         |          | 
     | picorv32_core_genblk1.pcpi_mul_mul_2371_47_cdnfadd | CI v -> CO v | ADDFX1   | 0.035 |   1.519 |    3.009 | 
     | 34                                                 |              |          |       |         |          | 
     | picorv32_core_genblk1.pcpi_mul_mul_2371_47_cdnfadd | CI v -> CO v | ADDFX1   | 0.034 |   1.552 |    3.043 | 
     | 35                                                 |              |          |       |         |          | 
     | picorv32_core_genblk1.pcpi_mul_mul_2371_47_cdnfadd | CI v -> CO v | ADDFX1   | 0.033 |   1.586 |    3.076 | 
     | 36                                                 |              |          |       |         |          | 
     | picorv32_core_genblk1.pcpi_mul_mul_2371_47_cdnfadd | CI v -> CO v | ADDFX1   | 0.033 |   1.619 |    3.109 | 
     | 37                                                 |              |          |       |         |          | 
     | picorv32_core_genblk1.pcpi_mul_mul_2371_47_cdnfadd | CI v -> CO v | ADDFX1   | 0.034 |   1.652 |    3.143 | 
     | 38                                                 |              |          |       |         |          | 
     | picorv32_core_genblk1.pcpi_mul_mul_2371_47_cdnfadd | CI v -> CO v | ADDFX1   | 0.033 |   1.686 |    3.176 | 
     | 39                                                 |              |          |       |         |          | 
     | picorv32_core_genblk1.pcpi_mul_mul_2371_47_cdnfadd | CI v -> CO v | ADDFX1   | 0.033 |   1.719 |    3.209 | 
     | 40                                                 |              |          |       |         |          | 
     | picorv32_core_genblk1.pcpi_mul_mul_2371_47_cdnfadd | CI v -> CO v | ADDFX1   | 0.033 |   1.752 |    3.243 | 
     | 41                                                 |              |          |       |         |          | 
     | picorv32_core_genblk1.pcpi_mul_mul_2371_47_cdnfadd | CI v -> CO v | ADDFX1   | 0.034 |   1.786 |    3.276 | 
     | 42                                                 |              |          |       |         |          | 
     | picorv32_core_genblk1.pcpi_mul_mul_2371_47_cdnfadd | CI v -> CO v | ADDFX1   | 0.034 |   1.820 |    3.311 | 
     | 43                                                 |              |          |       |         |          | 
     | picorv32_core_genblk1.pcpi_mul_mul_2371_47_cdnfadd | CI v -> CO v | ADDFX1   | 0.035 |   1.855 |    3.345 | 
     | 44                                                 |              |          |       |         |          | 
     | picorv32_core_genblk1.pcpi_mul_mul_2371_47_cdnfadd | CI v -> CO v | ADDFX1   | 0.034 |   1.889 |    3.379 | 
     | 45                                                 |              |          |       |         |          | 
     | picorv32_core_genblk1.pcpi_mul_mul_2371_47_cdnfadd | CI v -> CO v | ADDFX1   | 0.035 |   1.924 |    3.414 | 
     | 46                                                 |              |          |       |         |          | 
     | picorv32_core_genblk1.pcpi_mul_mul_2371_47_cdnfadd | CI v -> CO v | ADDFX1   | 0.033 |   1.957 |    3.448 | 
     | 47                                                 |              |          |       |         |          | 
     | picorv32_core_genblk1.pcpi_mul_mul_2371_47_cdnfadd | CI v -> CO v | ADDFX1   | 0.035 |   1.992 |    3.483 | 
     | 48                                                 |              |          |       |         |          | 
     | picorv32_core_genblk1.pcpi_mul_mul_2371_47_cdnfadd | CI v -> CO v | ADDFX1   | 0.034 |   2.026 |    3.517 | 
     | 49                                                 |              |          |       |         |          | 
     | picorv32_core_genblk1.pcpi_mul_mul_2371_47_cdnfadd | CI v -> CO v | ADDFX1   | 0.033 |   2.060 |    3.550 | 
     | 50                                                 |              |          |       |         |          | 
     | picorv32_core_genblk1.pcpi_mul_mul_2371_47_cdnfadd | CI v -> CO v | ADDFX1   | 0.035 |   2.094 |    3.585 | 
     | 51                                                 |              |          |       |         |          | 
     | picorv32_core_genblk1.pcpi_mul_mul_2371_47_cdnfadd | CI v -> CO v | ADDFX1   | 0.034 |   2.128 |    3.619 | 
     | 52                                                 |              |          |       |         |          | 
     | picorv32_core_genblk1.pcpi_mul_mul_2371_47_cdnfadd | CI v -> CO v | ADDFX1   | 0.034 |   2.162 |    3.652 | 
     | 53                                                 |              |          |       |         |          | 
     | picorv32_core_genblk1.pcpi_mul_mul_2371_47_cdnfadd | CI v -> CO v | ADDFX1   | 0.036 |   2.197 |    3.688 | 
     | 54                                                 |              |          |       |         |          | 
     | picorv32_core_genblk1.pcpi_mul_mul_2371_47_cdnfadd | CI v -> CO v | ADDFX1   | 0.034 |   2.231 |    3.722 | 
     | 55                                                 |              |          |       |         |          | 
     | picorv32_core_genblk1.pcpi_mul_mul_2371_47_cdnfadd | CI v -> CO v | ADDFX1   | 0.034 |   2.266 |    3.757 | 
     | 56                                                 |              |          |       |         |          | 
     | picorv32_core_genblk1.pcpi_mul_mul_2371_47_cdnfadd | CI v -> CO v | ADDFX1   | 0.034 |   2.300 |    3.790 | 
     | 57                                                 |              |          |       |         |          | 
     | picorv32_core_genblk1.pcpi_mul_mul_2371_47_cdnfadd | CI v -> CO v | ADDFX1   | 0.033 |   2.333 |    3.823 | 
     | 58                                                 |              |          |       |         |          | 
     | picorv32_core_genblk1.pcpi_mul_mul_2371_47_cdnfadd | CI v -> CO v | ADDFX1   | 0.034 |   2.366 |    3.857 | 
     | 59                                                 |              |          |       |         |          | 
     | picorv32_core_genblk1.pcpi_mul_mul_2371_47_cdnfadd | CI v -> CO v | ADDFX1   | 0.033 |   2.400 |    3.890 | 
     | 60                                                 |              |          |       |         |          | 
     | picorv32_core_genblk1.pcpi_mul_mul_2371_47_cdnfadd | CI v -> CO v | ADDFX1   | 0.034 |   2.434 |    3.924 | 
     | 61                                                 |              |          |       |         |          | 
     | picorv32_core_genblk1.pcpi_mul_mul_2371_47_cdnfadd | CI v -> S ^  | ADDFX1   | 0.047 |   2.481 |    3.972 | 
     | 62                                                 |              |          |       |         |          | 
     | picorv32_core_genblk1.pcpi_mul_rd_reg[62]          | D ^          | DFFQXL   | 0.000 |   2.481 |    3.972 | 
     +-----------------------------------------------------------------------------------------------------------+ 
Path 3: MET Setup Check with Pin picorv32_core_genblk1.pcpi_mul_rd_reg[61]/CK 
Endpoint:   picorv32_core_genblk1.pcpi_mul_rd_reg[61]/D (^) checked with  
leading edge of 'clk'
Beginpoint: picorv32_core_genblk1.pcpi_mul_rs2_reg[5]/Q (^) triggered by  
leading edge of 'clk'
Path Groups: {reg2reg}
Analysis View: analysis1
Other End Arrival Time          0.004
- Setup                         0.013
+ Phase Shift                   4.000
- Uncertainty                   0.020
= Required Time                 3.971
- Arrival Time                  2.449
= Slack Time                    1.523
     Clock Rise Edge                 0.000
     + Clock Network Latency (Prop)  0.003
     = Beginpoint Arrival Time       0.003
     +-----------------------------------------------------------------------------------------------------------+ 
     |                      Instance                      |     Arc      |   Cell   | Delay | Arrival | Required | 
     |                                                    |              |          |       |  Time   |   Time   | 
     |----------------------------------------------------+--------------+----------+-------+---------+----------| 
     | picorv32_core_genblk1.pcpi_mul_rs2_reg[5]          | CK ^         |          |       |   0.003 |    1.526 | 
     | picorv32_core_genblk1.pcpi_mul_rs2_reg[5]          | CK ^ -> Q ^  | MDFFHQX1 | 0.126 |   0.129 |    1.652 | 
     | picorv32_core_genblk1.pcpi_mul_mul_2371_47_g14046  | A ^ -> Y v   | INVX1    | 0.049 |   0.178 |    1.701 | 
     | picorv32_core_genblk1.pcpi_mul_mul_2371_47_g13987  | B v -> Y ^   | XNOR2X1  | 0.031 |   0.209 |    1.732 | 
     | picorv32_core_genblk1.pcpi_mul_mul_2371_47_g13897  | A ^ -> Y ^   | OR2X1    | 0.086 |   0.295 |    1.818 | 
     | picorv32_core_genblk1.pcpi_mul_mul_2371_47_g13890  | A ^ -> Y v   | INVX1    | 0.052 |   0.346 |    1.869 | 
     | picorv32_core_genblk1.pcpi_mul_mul_2371_47_g13740  | A1 v -> Y ^  | OAI21X1  | 0.027 |   0.374 |    1.897 | 
     | picorv32_core_genblk1.pcpi_mul_mul_2371_47_g13494  | B ^ -> Y ^   | XNOR2X1  | 0.025 |   0.398 |    1.921 | 
     | picorv32_core_genblk1.pcpi_mul_mul_2371_47_g13440  | B ^ -> S v   | ADDHX1   | 0.031 |   0.429 |    1.952 | 
     | picorv32_core_genblk1.pcpi_mul_mul_2371_47_cdnfadd | A v -> CO v  | ADDFX1   | 0.035 |   0.465 |    1.988 | 
     | 3                                                  |              |          |       |         |          | 
     | picorv32_core_genblk1.pcpi_mul_mul_2371_47_cdnfadd | CI v -> CO v | ADDFX1   | 0.034 |   0.499 |    2.022 | 
     | 4                                                  |              |          |       |         |          | 
     | picorv32_core_genblk1.pcpi_mul_mul_2371_47_cdnfadd | CI v -> CO v | ADDFX1   | 0.034 |   0.533 |    2.056 | 
     | 5                                                  |              |          |       |         |          | 
     | picorv32_core_genblk1.pcpi_mul_mul_2371_47_cdnfadd | CI v -> CO v | ADDFX1   | 0.033 |   0.566 |    2.089 | 
     | 6                                                  |              |          |       |         |          | 
     | picorv32_core_genblk1.pcpi_mul_mul_2371_47_cdnfadd | CI v -> CO v | ADDFX1   | 0.034 |   0.600 |    2.123 | 
     | 7                                                  |              |          |       |         |          | 
     | picorv32_core_genblk1.pcpi_mul_mul_2371_47_cdnfadd | CI v -> CO v | ADDFX1   | 0.034 |   0.634 |    2.156 | 
     | 8                                                  |              |          |       |         |          | 
     | picorv32_core_genblk1.pcpi_mul_mul_2371_47_cdnfadd | CI v -> CO v | ADDFX1   | 0.033 |   0.667 |    2.190 | 
     | 9                                                  |              |          |       |         |          | 
     | picorv32_core_genblk1.pcpi_mul_mul_2371_47_cdnfadd | CI v -> CO v | ADDFX1   | 0.034 |   0.700 |    2.223 | 
     | 10                                                 |              |          |       |         |          | 
     | picorv32_core_genblk1.pcpi_mul_mul_2371_47_cdnfadd | CI v -> CO v | ADDFX1   | 0.033 |   0.734 |    2.256 | 
     | 11                                                 |              |          |       |         |          | 
     | picorv32_core_genblk1.pcpi_mul_mul_2371_47_cdnfadd | CI v -> CO v | ADDFX1   | 0.034 |   0.768 |    2.291 | 
     | 12                                                 |              |          |       |         |          | 
     | picorv32_core_genblk1.pcpi_mul_mul_2371_47_cdnfadd | CI v -> CO v | ADDFX1   | 0.034 |   0.801 |    2.324 | 
     | 13                                                 |              |          |       |         |          | 
     | picorv32_core_genblk1.pcpi_mul_mul_2371_47_cdnfadd | CI v -> CO v | ADDFX1   | 0.033 |   0.835 |    2.357 | 
     | 14                                                 |              |          |       |         |          | 
     | picorv32_core_genblk1.pcpi_mul_mul_2371_47_cdnfadd | CI v -> CO v | ADDFX1   | 0.033 |   0.868 |    2.391 | 
     | 15                                                 |              |          |       |         |          | 
     | picorv32_core_genblk1.pcpi_mul_mul_2371_47_cdnfadd | CI v -> CO v | ADDFX1   | 0.033 |   0.901 |    2.424 | 
     | 16                                                 |              |          |       |         |          | 
     | picorv32_core_genblk1.pcpi_mul_mul_2371_47_cdnfadd | CI v -> CO v | ADDFX1   | 0.034 |   0.934 |    2.457 | 
     | 17                                                 |              |          |       |         |          | 
     | picorv32_core_genblk1.pcpi_mul_mul_2371_47_cdnfadd | CI v -> CO v | ADDFX1   | 0.033 |   0.968 |    2.491 | 
     | 18                                                 |              |          |       |         |          | 
     | picorv32_core_genblk1.pcpi_mul_mul_2371_47_cdnfadd | CI v -> CO v | ADDFX1   | 0.034 |   1.001 |    2.524 | 
     | 19                                                 |              |          |       |         |          | 
     | picorv32_core_genblk1.pcpi_mul_mul_2371_47_cdnfadd | CI v -> CO v | ADDFX1   | 0.034 |   1.036 |    2.558 | 
     | 20                                                 |              |          |       |         |          | 
     | picorv32_core_genblk1.pcpi_mul_mul_2371_47_cdnfadd | CI v -> CO v | ADDFX1   | 0.033 |   1.069 |    2.592 | 
     | 21                                                 |              |          |       |         |          | 
     | picorv32_core_genblk1.pcpi_mul_mul_2371_47_cdnfadd | CI v -> CO v | ADDFX1   | 0.033 |   1.102 |    2.625 | 
     | 22                                                 |              |          |       |         |          | 
     | picorv32_core_genblk1.pcpi_mul_mul_2371_47_cdnfadd | CI v -> CO v | ADDFX1   | 0.033 |   1.136 |    2.658 | 
     | 23                                                 |              |          |       |         |          | 
     | picorv32_core_genblk1.pcpi_mul_mul_2371_47_cdnfadd | CI v -> CO v | ADDFX1   | 0.035 |   1.171 |    2.694 | 
     | 24                                                 |              |          |       |         |          | 
     | picorv32_core_genblk1.pcpi_mul_mul_2371_47_cdnfadd | CI v -> CO v | ADDFX1   | 0.035 |   1.206 |    2.729 | 
     | 25                                                 |              |          |       |         |          | 
     | picorv32_core_genblk1.pcpi_mul_mul_2371_47_cdnfadd | CI v -> CO v | ADDFX1   | 0.033 |   1.239 |    2.762 | 
     | 26                                                 |              |          |       |         |          | 
     | picorv32_core_genblk1.pcpi_mul_mul_2371_47_cdnfadd | CI v -> CO v | ADDFX1   | 0.034 |   1.273 |    2.796 | 
     | 27                                                 |              |          |       |         |          | 
     | picorv32_core_genblk1.pcpi_mul_mul_2371_47_cdnfadd | CI v -> CO v | ADDFX1   | 0.034 |   1.307 |    2.830 | 
     | 28                                                 |              |          |       |         |          | 
     | picorv32_core_genblk1.pcpi_mul_mul_2371_47_cdnfadd | CI v -> CO v | ADDFX1   | 0.034 |   1.341 |    2.864 | 
     | 29                                                 |              |          |       |         |          | 
     | picorv32_core_genblk1.pcpi_mul_mul_2371_47_cdnfadd | CI v -> CO v | ADDFX1   | 0.035 |   1.375 |    2.898 | 
     | 30                                                 |              |          |       |         |          | 
     | picorv32_core_genblk1.pcpi_mul_mul_2371_47_cdnfadd | CI v -> CO v | ADDFX1   | 0.039 |   1.414 |    2.937 | 
     | 31                                                 |              |          |       |         |          | 
     | picorv32_core_genblk1.pcpi_mul_mul_2371_47_cdnfadd | CI v -> CO v | ADDFX1   | 0.036 |   1.450 |    2.973 | 
     | 32                                                 |              |          |       |         |          | 
     | picorv32_core_genblk1.pcpi_mul_mul_2371_47_cdnfadd | CI v -> CO v | ADDFX1   | 0.034 |   1.484 |    3.007 | 
     | 33                                                 |              |          |       |         |          | 
     | picorv32_core_genblk1.pcpi_mul_mul_2371_47_cdnfadd | CI v -> CO v | ADDFX1   | 0.035 |   1.519 |    3.041 | 
     | 34                                                 |              |          |       |         |          | 
     | picorv32_core_genblk1.pcpi_mul_mul_2371_47_cdnfadd | CI v -> CO v | ADDFX1   | 0.034 |   1.552 |    3.075 | 
     | 35                                                 |              |          |       |         |          | 
     | picorv32_core_genblk1.pcpi_mul_mul_2371_47_cdnfadd | CI v -> CO v | ADDFX1   | 0.033 |   1.586 |    3.108 | 
     | 36                                                 |              |          |       |         |          | 
     | picorv32_core_genblk1.pcpi_mul_mul_2371_47_cdnfadd | CI v -> CO v | ADDFX1   | 0.033 |   1.619 |    3.142 | 
     | 37                                                 |              |          |       |         |          | 
     | picorv32_core_genblk1.pcpi_mul_mul_2371_47_cdnfadd | CI v -> CO v | ADDFX1   | 0.034 |   1.652 |    3.175 | 
     | 38                                                 |              |          |       |         |          | 
     | picorv32_core_genblk1.pcpi_mul_mul_2371_47_cdnfadd | CI v -> CO v | ADDFX1   | 0.033 |   1.686 |    3.208 | 
     | 39                                                 |              |          |       |         |          | 
     | picorv32_core_genblk1.pcpi_mul_mul_2371_47_cdnfadd | CI v -> CO v | ADDFX1   | 0.033 |   1.719 |    3.242 | 
     | 40                                                 |              |          |       |         |          | 
     | picorv32_core_genblk1.pcpi_mul_mul_2371_47_cdnfadd | CI v -> CO v | ADDFX1   | 0.033 |   1.752 |    3.275 | 
     | 41                                                 |              |          |       |         |          | 
     | picorv32_core_genblk1.pcpi_mul_mul_2371_47_cdnfadd | CI v -> CO v | ADDFX1   | 0.034 |   1.786 |    3.309 | 
     | 42                                                 |              |          |       |         |          | 
     | picorv32_core_genblk1.pcpi_mul_mul_2371_47_cdnfadd | CI v -> CO v | ADDFX1   | 0.034 |   1.820 |    3.343 | 
     | 43                                                 |              |          |       |         |          | 
     | picorv32_core_genblk1.pcpi_mul_mul_2371_47_cdnfadd | CI v -> CO v | ADDFX1   | 0.035 |   1.855 |    3.378 | 
     | 44                                                 |              |          |       |         |          | 
     | picorv32_core_genblk1.pcpi_mul_mul_2371_47_cdnfadd | CI v -> CO v | ADDFX1   | 0.034 |   1.889 |    3.412 | 
     | 45                                                 |              |          |       |         |          | 
     | picorv32_core_genblk1.pcpi_mul_mul_2371_47_cdnfadd | CI v -> CO v | ADDFX1   | 0.035 |   1.924 |    3.446 | 
     | 46                                                 |              |          |       |         |          | 
     | picorv32_core_genblk1.pcpi_mul_mul_2371_47_cdnfadd | CI v -> CO v | ADDFX1   | 0.033 |   1.957 |    3.480 | 
     | 47                                                 |              |          |       |         |          | 
     | picorv32_core_genblk1.pcpi_mul_mul_2371_47_cdnfadd | CI v -> CO v | ADDFX1   | 0.035 |   1.992 |    3.515 | 
     | 48                                                 |              |          |       |         |          | 
     | picorv32_core_genblk1.pcpi_mul_mul_2371_47_cdnfadd | CI v -> CO v | ADDFX1   | 0.034 |   2.026 |    3.549 | 
     | 49                                                 |              |          |       |         |          | 
     | picorv32_core_genblk1.pcpi_mul_mul_2371_47_cdnfadd | CI v -> CO v | ADDFX1   | 0.033 |   2.060 |    3.583 | 
     | 50                                                 |              |          |       |         |          | 
     | picorv32_core_genblk1.pcpi_mul_mul_2371_47_cdnfadd | CI v -> CO v | ADDFX1   | 0.035 |   2.094 |    3.617 | 
     | 51                                                 |              |          |       |         |          | 
     | picorv32_core_genblk1.pcpi_mul_mul_2371_47_cdnfadd | CI v -> CO v | ADDFX1   | 0.034 |   2.128 |    3.651 | 
     | 52                                                 |              |          |       |         |          | 
     | picorv32_core_genblk1.pcpi_mul_mul_2371_47_cdnfadd | CI v -> CO v | ADDFX1   | 0.034 |   2.162 |    3.685 | 
     | 53                                                 |              |          |       |         |          | 
     | picorv32_core_genblk1.pcpi_mul_mul_2371_47_cdnfadd | CI v -> CO v | ADDFX1   | 0.036 |   2.197 |    3.720 | 
     | 54                                                 |              |          |       |         |          | 
     | picorv32_core_genblk1.pcpi_mul_mul_2371_47_cdnfadd | CI v -> CO v | ADDFX1   | 0.034 |   2.231 |    3.754 | 
     | 55                                                 |              |          |       |         |          | 
     | picorv32_core_genblk1.pcpi_mul_mul_2371_47_cdnfadd | CI v -> CO v | ADDFX1   | 0.034 |   2.266 |    3.789 | 
     | 56                                                 |              |          |       |         |          | 
     | picorv32_core_genblk1.pcpi_mul_mul_2371_47_cdnfadd | CI v -> CO v | ADDFX1   | 0.034 |   2.300 |    3.822 | 
     | 57                                                 |              |          |       |         |          | 
     | picorv32_core_genblk1.pcpi_mul_mul_2371_47_cdnfadd | CI v -> CO v | ADDFX1   | 0.033 |   2.333 |    3.855 | 
     | 58                                                 |              |          |       |         |          | 
     | picorv32_core_genblk1.pcpi_mul_mul_2371_47_cdnfadd | CI v -> CO v | ADDFX1   | 0.034 |   2.366 |    3.889 | 
     | 59                                                 |              |          |       |         |          | 
     | picorv32_core_genblk1.pcpi_mul_mul_2371_47_cdnfadd | CI v -> CO v | ADDFX1   | 0.033 |   2.400 |    3.922 | 
     | 60                                                 |              |          |       |         |          | 
     | picorv32_core_genblk1.pcpi_mul_mul_2371_47_cdnfadd | CI v -> S ^  | ADDFX1   | 0.049 |   2.449 |    3.971 | 
     | 61                                                 |              |          |       |         |          | 
     | picorv32_core_genblk1.pcpi_mul_rd_reg[61]          | D ^          | DFFQXL   | 0.000 |   2.449 |    3.971 | 
     +-----------------------------------------------------------------------------------------------------------+ 
Path 4: MET Setup Check with Pin picorv32_core_genblk1.pcpi_mul_rd_reg[60]/CK 
Endpoint:   picorv32_core_genblk1.pcpi_mul_rd_reg[60]/D (^) checked with  
leading edge of 'clk'
Beginpoint: picorv32_core_genblk1.pcpi_mul_rs2_reg[5]/Q (^) triggered by  
leading edge of 'clk'
Path Groups: {reg2reg}
Analysis View: analysis1
Other End Arrival Time          0.004
- Setup                         0.013
+ Phase Shift                   4.000
- Uncertainty                   0.020
= Required Time                 3.971
- Arrival Time                  2.416
= Slack Time                    1.555
     Clock Rise Edge                 0.000
     + Clock Network Latency (Prop)  0.003
     = Beginpoint Arrival Time       0.003
     +-----------------------------------------------------------------------------------------------------------+ 
     |                      Instance                      |     Arc      |   Cell   | Delay | Arrival | Required | 
     |                                                    |              |          |       |  Time   |   Time   | 
     |----------------------------------------------------+--------------+----------+-------+---------+----------| 
     | picorv32_core_genblk1.pcpi_mul_rs2_reg[5]          | CK ^         |          |       |   0.003 |    1.558 | 
     | picorv32_core_genblk1.pcpi_mul_rs2_reg[5]          | CK ^ -> Q ^  | MDFFHQX1 | 0.126 |   0.129 |    1.684 | 
     | picorv32_core_genblk1.pcpi_mul_mul_2371_47_g14046  | A ^ -> Y v   | INVX1    | 0.049 |   0.178 |    1.733 | 
     | picorv32_core_genblk1.pcpi_mul_mul_2371_47_g13987  | B v -> Y ^   | XNOR2X1  | 0.031 |   0.209 |    1.764 | 
     | picorv32_core_genblk1.pcpi_mul_mul_2371_47_g13897  | A ^ -> Y ^   | OR2X1    | 0.086 |   0.295 |    1.850 | 
     | picorv32_core_genblk1.pcpi_mul_mul_2371_47_g13890  | A ^ -> Y v   | INVX1    | 0.052 |   0.346 |    1.902 | 
     | picorv32_core_genblk1.pcpi_mul_mul_2371_47_g13740  | A1 v -> Y ^  | OAI21X1  | 0.027 |   0.374 |    1.929 | 
     | picorv32_core_genblk1.pcpi_mul_mul_2371_47_g13494  | B ^ -> Y ^   | XNOR2X1  | 0.025 |   0.398 |    1.954 | 
     | picorv32_core_genblk1.pcpi_mul_mul_2371_47_g13440  | B ^ -> S v   | ADDHX1   | 0.031 |   0.429 |    1.984 | 
     | picorv32_core_genblk1.pcpi_mul_mul_2371_47_cdnfadd | A v -> CO v  | ADDFX1   | 0.035 |   0.465 |    2.020 | 
     | 3                                                  |              |          |       |         |          | 
     | picorv32_core_genblk1.pcpi_mul_mul_2371_47_cdnfadd | CI v -> CO v | ADDFX1   | 0.034 |   0.499 |    2.054 | 
     | 4                                                  |              |          |       |         |          | 
     | picorv32_core_genblk1.pcpi_mul_mul_2371_47_cdnfadd | CI v -> CO v | ADDFX1   | 0.034 |   0.533 |    2.088 | 
     | 5                                                  |              |          |       |         |          | 
     | picorv32_core_genblk1.pcpi_mul_mul_2371_47_cdnfadd | CI v -> CO v | ADDFX1   | 0.033 |   0.566 |    2.121 | 
     | 6                                                  |              |          |       |         |          | 
     | picorv32_core_genblk1.pcpi_mul_mul_2371_47_cdnfadd | CI v -> CO v | ADDFX1   | 0.034 |   0.600 |    2.155 | 
     | 7                                                  |              |          |       |         |          | 
     | picorv32_core_genblk1.pcpi_mul_mul_2371_47_cdnfadd | CI v -> CO v | ADDFX1   | 0.034 |   0.634 |    2.189 | 
     | 8                                                  |              |          |       |         |          | 
     | picorv32_core_genblk1.pcpi_mul_mul_2371_47_cdnfadd | CI v -> CO v | ADDFX1   | 0.033 |   0.667 |    2.222 | 
     | 9                                                  |              |          |       |         |          | 
     | picorv32_core_genblk1.pcpi_mul_mul_2371_47_cdnfadd | CI v -> CO v | ADDFX1   | 0.034 |   0.700 |    2.255 | 
     | 10                                                 |              |          |       |         |          | 
     | picorv32_core_genblk1.pcpi_mul_mul_2371_47_cdnfadd | CI v -> CO v | ADDFX1   | 0.033 |   0.734 |    2.289 | 
     | 11                                                 |              |          |       |         |          | 
     | picorv32_core_genblk1.pcpi_mul_mul_2371_47_cdnfadd | CI v -> CO v | ADDFX1   | 0.034 |   0.768 |    2.323 | 
     | 12                                                 |              |          |       |         |          | 
     | picorv32_core_genblk1.pcpi_mul_mul_2371_47_cdnfadd | CI v -> CO v | ADDFX1   | 0.034 |   0.801 |    2.356 | 
     | 13                                                 |              |          |       |         |          | 
     | picorv32_core_genblk1.pcpi_mul_mul_2371_47_cdnfadd | CI v -> CO v | ADDFX1   | 0.033 |   0.835 |    2.390 | 
     | 14                                                 |              |          |       |         |          | 
     | picorv32_core_genblk1.pcpi_mul_mul_2371_47_cdnfadd | CI v -> CO v | ADDFX1   | 0.033 |   0.868 |    2.423 | 
     | 15                                                 |              |          |       |         |          | 
     | picorv32_core_genblk1.pcpi_mul_mul_2371_47_cdnfadd | CI v -> CO v | ADDFX1   | 0.033 |   0.901 |    2.456 | 
     | 16                                                 |              |          |       |         |          | 
     | picorv32_core_genblk1.pcpi_mul_mul_2371_47_cdnfadd | CI v -> CO v | ADDFX1   | 0.034 |   0.934 |    2.490 | 
     | 17                                                 |              |          |       |         |          | 
     | picorv32_core_genblk1.pcpi_mul_mul_2371_47_cdnfadd | CI v -> CO v | ADDFX1   | 0.033 |   0.968 |    2.523 | 
     | 18                                                 |              |          |       |         |          | 
     | picorv32_core_genblk1.pcpi_mul_mul_2371_47_cdnfadd | CI v -> CO v | ADDFX1   | 0.034 |   1.001 |    2.557 | 
     | 19                                                 |              |          |       |         |          | 
     | picorv32_core_genblk1.pcpi_mul_mul_2371_47_cdnfadd | CI v -> CO v | ADDFX1   | 0.034 |   1.036 |    2.591 | 
     | 20                                                 |              |          |       |         |          | 
     | picorv32_core_genblk1.pcpi_mul_mul_2371_47_cdnfadd | CI v -> CO v | ADDFX1   | 0.033 |   1.069 |    2.624 | 
     | 21                                                 |              |          |       |         |          | 
     | picorv32_core_genblk1.pcpi_mul_mul_2371_47_cdnfadd | CI v -> CO v | ADDFX1   | 0.033 |   1.102 |    2.658 | 
     | 22                                                 |              |          |       |         |          | 
     | picorv32_core_genblk1.pcpi_mul_mul_2371_47_cdnfadd | CI v -> CO v | ADDFX1   | 0.033 |   1.136 |    2.691 | 
     | 23                                                 |              |          |       |         |          | 
     | picorv32_core_genblk1.pcpi_mul_mul_2371_47_cdnfadd | CI v -> CO v | ADDFX1   | 0.035 |   1.171 |    2.726 | 
     | 24                                                 |              |          |       |         |          | 
     | picorv32_core_genblk1.pcpi_mul_mul_2371_47_cdnfadd | CI v -> CO v | ADDFX1   | 0.035 |   1.206 |    2.761 | 
     | 25                                                 |              |          |       |         |          | 
     | picorv32_core_genblk1.pcpi_mul_mul_2371_47_cdnfadd | CI v -> CO v | ADDFX1   | 0.033 |   1.239 |    2.794 | 
     | 26                                                 |              |          |       |         |          | 
     | picorv32_core_genblk1.pcpi_mul_mul_2371_47_cdnfadd | CI v -> CO v | ADDFX1   | 0.034 |   1.273 |    2.829 | 
     | 27                                                 |              |          |       |         |          | 
     | picorv32_core_genblk1.pcpi_mul_mul_2371_47_cdnfadd | CI v -> CO v | ADDFX1   | 0.034 |   1.307 |    2.862 | 
     | 28                                                 |              |          |       |         |          | 
     | picorv32_core_genblk1.pcpi_mul_mul_2371_47_cdnfadd | CI v -> CO v | ADDFX1   | 0.034 |   1.341 |    2.896 | 
     | 29                                                 |              |          |       |         |          | 
     | picorv32_core_genblk1.pcpi_mul_mul_2371_47_cdnfadd | CI v -> CO v | ADDFX1   | 0.035 |   1.375 |    2.931 | 
     | 30                                                 |              |          |       |         |          | 
     | picorv32_core_genblk1.pcpi_mul_mul_2371_47_cdnfadd | CI v -> CO v | ADDFX1   | 0.039 |   1.414 |    2.969 | 
     | 31                                                 |              |          |       |         |          | 
     | picorv32_core_genblk1.pcpi_mul_mul_2371_47_cdnfadd | CI v -> CO v | ADDFX1   | 0.036 |   1.450 |    3.005 | 
     | 32                                                 |              |          |       |         |          | 
     | picorv32_core_genblk1.pcpi_mul_mul_2371_47_cdnfadd | CI v -> CO v | ADDFX1   | 0.034 |   1.484 |    3.039 | 
     | 33                                                 |              |          |       |         |          | 
     | picorv32_core_genblk1.pcpi_mul_mul_2371_47_cdnfadd | CI v -> CO v | ADDFX1   | 0.035 |   1.519 |    3.074 | 
     | 34                                                 |              |          |       |         |          | 
     | picorv32_core_genblk1.pcpi_mul_mul_2371_47_cdnfadd | CI v -> CO v | ADDFX1   | 0.034 |   1.552 |    3.107 | 
     | 35                                                 |              |          |       |         |          | 
     | picorv32_core_genblk1.pcpi_mul_mul_2371_47_cdnfadd | CI v -> CO v | ADDFX1   | 0.033 |   1.586 |    3.141 | 
     | 36                                                 |              |          |       |         |          | 
     | picorv32_core_genblk1.pcpi_mul_mul_2371_47_cdnfadd | CI v -> CO v | ADDFX1   | 0.033 |   1.619 |    3.174 | 
     | 37                                                 |              |          |       |         |          | 
     | picorv32_core_genblk1.pcpi_mul_mul_2371_47_cdnfadd | CI v -> CO v | ADDFX1   | 0.034 |   1.652 |    3.208 | 
     | 38                                                 |              |          |       |         |          | 
     | picorv32_core_genblk1.pcpi_mul_mul_2371_47_cdnfadd | CI v -> CO v | ADDFX1   | 0.033 |   1.686 |    3.241 | 
     | 39                                                 |              |          |       |         |          | 
     | picorv32_core_genblk1.pcpi_mul_mul_2371_47_cdnfadd | CI v -> CO v | ADDFX1   | 0.033 |   1.719 |    3.274 | 
     | 40                                                 |              |          |       |         |          | 
     | picorv32_core_genblk1.pcpi_mul_mul_2371_47_cdnfadd | CI v -> CO v | ADDFX1   | 0.033 |   1.752 |    3.307 | 
     | 41                                                 |              |          |       |         |          | 
     | picorv32_core_genblk1.pcpi_mul_mul_2371_47_cdnfadd | CI v -> CO v | ADDFX1   | 0.034 |   1.786 |    3.341 | 
     | 42                                                 |              |          |       |         |          | 
     | picorv32_core_genblk1.pcpi_mul_mul_2371_47_cdnfadd | CI v -> CO v | ADDFX1   | 0.034 |   1.820 |    3.375 | 
     | 43                                                 |              |          |       |         |          | 
     | picorv32_core_genblk1.pcpi_mul_mul_2371_47_cdnfadd | CI v -> CO v | ADDFX1   | 0.035 |   1.855 |    3.410 | 
     | 44                                                 |              |          |       |         |          | 
     | picorv32_core_genblk1.pcpi_mul_mul_2371_47_cdnfadd | CI v -> CO v | ADDFX1   | 0.034 |   1.889 |    3.444 | 
     | 45                                                 |              |          |       |         |          | 
     | picorv32_core_genblk1.pcpi_mul_mul_2371_47_cdnfadd | CI v -> CO v | ADDFX1   | 0.035 |   1.924 |    3.479 | 
     | 46                                                 |              |          |       |         |          | 
     | picorv32_core_genblk1.pcpi_mul_mul_2371_47_cdnfadd | CI v -> CO v | ADDFX1   | 0.033 |   1.957 |    3.512 | 
     | 47                                                 |              |          |       |         |          | 
     | picorv32_core_genblk1.pcpi_mul_mul_2371_47_cdnfadd | CI v -> CO v | ADDFX1   | 0.035 |   1.992 |    3.547 | 
     | 48                                                 |              |          |       |         |          | 
     | picorv32_core_genblk1.pcpi_mul_mul_2371_47_cdnfadd | CI v -> CO v | ADDFX1   | 0.034 |   2.026 |    3.582 | 
     | 49                                                 |              |          |       |         |          | 
     | picorv32_core_genblk1.pcpi_mul_mul_2371_47_cdnfadd | CI v -> CO v | ADDFX1   | 0.033 |   2.060 |    3.615 | 
     | 50                                                 |              |          |       |         |          | 
     | picorv32_core_genblk1.pcpi_mul_mul_2371_47_cdnfadd | CI v -> CO v | ADDFX1   | 0.035 |   2.094 |    3.650 | 
     | 51                                                 |              |          |       |         |          | 
     | picorv32_core_genblk1.pcpi_mul_mul_2371_47_cdnfadd | CI v -> CO v | ADDFX1   | 0.034 |   2.128 |    3.683 | 
     | 52                                                 |              |          |       |         |          | 
     | picorv32_core_genblk1.pcpi_mul_mul_2371_47_cdnfadd | CI v -> CO v | ADDFX1   | 0.034 |   2.162 |    3.717 | 
     | 53                                                 |              |          |       |         |          | 
     | picorv32_core_genblk1.pcpi_mul_mul_2371_47_cdnfadd | CI v -> CO v | ADDFX1   | 0.036 |   2.197 |    3.753 | 
     | 54                                                 |              |          |       |         |          | 
     | picorv32_core_genblk1.pcpi_mul_mul_2371_47_cdnfadd | CI v -> CO v | ADDFX1   | 0.034 |   2.231 |    3.787 | 
     | 55                                                 |              |          |       |         |          | 
     | picorv32_core_genblk1.pcpi_mul_mul_2371_47_cdnfadd | CI v -> CO v | ADDFX1   | 0.034 |   2.266 |    3.821 | 
     | 56                                                 |              |          |       |         |          | 
     | picorv32_core_genblk1.pcpi_mul_mul_2371_47_cdnfadd | CI v -> CO v | ADDFX1   | 0.034 |   2.300 |    3.855 | 
     | 57                                                 |              |          |       |         |          | 
     | picorv32_core_genblk1.pcpi_mul_mul_2371_47_cdnfadd | CI v -> CO v | ADDFX1   | 0.033 |   2.333 |    3.888 | 
     | 58                                                 |              |          |       |         |          | 
     | picorv32_core_genblk1.pcpi_mul_mul_2371_47_cdnfadd | CI v -> CO v | ADDFX1   | 0.034 |   2.366 |    3.921 | 
     | 59                                                 |              |          |       |         |          | 
     | picorv32_core_genblk1.pcpi_mul_mul_2371_47_cdnfadd | CI v -> S ^  | ADDFX1   | 0.050 |   2.416 |    3.971 | 
     | 60                                                 |              |          |       |         |          | 
     | picorv32_core_genblk1.pcpi_mul_rd_reg[60]          | D ^          | DFFQXL   | 0.000 |   2.416 |    3.971 | 
     +-----------------------------------------------------------------------------------------------------------+ 
Path 5: MET Setup Check with Pin picorv32_core_genblk1.pcpi_mul_rd_reg[59]/CK 
Endpoint:   picorv32_core_genblk1.pcpi_mul_rd_reg[59]/D (^) checked with  
leading edge of 'clk'
Beginpoint: picorv32_core_genblk1.pcpi_mul_rs2_reg[5]/Q (^) triggered by  
leading edge of 'clk'
Path Groups: {reg2reg}
Analysis View: analysis1
Other End Arrival Time          0.004
- Setup                         0.013
+ Phase Shift                   4.000
- Uncertainty                   0.020
= Required Time                 3.971
- Arrival Time                  2.382
= Slack Time                    1.590
     Clock Rise Edge                 0.000
     + Clock Network Latency (Prop)  0.003
     = Beginpoint Arrival Time       0.003
     +-----------------------------------------------------------------------------------------------------------+ 
     |                      Instance                      |     Arc      |   Cell   | Delay | Arrival | Required | 
     |                                                    |              |          |       |  Time   |   Time   | 
     |----------------------------------------------------+--------------+----------+-------+---------+----------| 
     | picorv32_core_genblk1.pcpi_mul_rs2_reg[5]          | CK ^         |          |       |   0.003 |    1.593 | 
     | picorv32_core_genblk1.pcpi_mul_rs2_reg[5]          | CK ^ -> Q ^  | MDFFHQX1 | 0.126 |   0.129 |    1.719 | 
     | picorv32_core_genblk1.pcpi_mul_mul_2371_47_g14046  | A ^ -> Y v   | INVX1    | 0.049 |   0.178 |    1.768 | 
     | picorv32_core_genblk1.pcpi_mul_mul_2371_47_g13987  | B v -> Y ^   | XNOR2X1  | 0.031 |   0.209 |    1.798 | 
     | picorv32_core_genblk1.pcpi_mul_mul_2371_47_g13897  | A ^ -> Y ^   | OR2X1    | 0.086 |   0.295 |    1.884 | 
     | picorv32_core_genblk1.pcpi_mul_mul_2371_47_g13890  | A ^ -> Y v   | INVX1    | 0.052 |   0.346 |    1.936 | 
     | picorv32_core_genblk1.pcpi_mul_mul_2371_47_g13740  | A1 v -> Y ^  | OAI21X1  | 0.027 |   0.374 |    1.964 | 
     | picorv32_core_genblk1.pcpi_mul_mul_2371_47_g13494  | B ^ -> Y ^   | XNOR2X1  | 0.025 |   0.398 |    1.988 | 
     | picorv32_core_genblk1.pcpi_mul_mul_2371_47_g13440  | B ^ -> S v   | ADDHX1   | 0.031 |   0.429 |    2.019 | 
     | picorv32_core_genblk1.pcpi_mul_mul_2371_47_cdnfadd | A v -> CO v  | ADDFX1   | 0.035 |   0.465 |    2.054 | 
     | 3                                                  |              |          |       |         |          | 
     | picorv32_core_genblk1.pcpi_mul_mul_2371_47_cdnfadd | CI v -> CO v | ADDFX1   | 0.034 |   0.499 |    2.088 | 
     | 4                                                  |              |          |       |         |          | 
     | picorv32_core_genblk1.pcpi_mul_mul_2371_47_cdnfadd | CI v -> CO v | ADDFX1   | 0.034 |   0.533 |    2.123 | 
     | 5                                                  |              |          |       |         |          | 
     | picorv32_core_genblk1.pcpi_mul_mul_2371_47_cdnfadd | CI v -> CO v | ADDFX1   | 0.033 |   0.566 |    2.156 | 
     | 6                                                  |              |          |       |         |          | 
     | picorv32_core_genblk1.pcpi_mul_mul_2371_47_cdnfadd | CI v -> CO v | ADDFX1   | 0.034 |   0.600 |    2.190 | 
     | 7                                                  |              |          |       |         |          | 
     | picorv32_core_genblk1.pcpi_mul_mul_2371_47_cdnfadd | CI v -> CO v | ADDFX1   | 0.034 |   0.634 |    2.223 | 
     | 8                                                  |              |          |       |         |          | 
     | picorv32_core_genblk1.pcpi_mul_mul_2371_47_cdnfadd | CI v -> CO v | ADDFX1   | 0.033 |   0.667 |    2.256 | 
     | 9                                                  |              |          |       |         |          | 
     | picorv32_core_genblk1.pcpi_mul_mul_2371_47_cdnfadd | CI v -> CO v | ADDFX1   | 0.034 |   0.700 |    2.290 | 
     | 10                                                 |              |          |       |         |          | 
     | picorv32_core_genblk1.pcpi_mul_mul_2371_47_cdnfadd | CI v -> CO v | ADDFX1   | 0.033 |   0.734 |    2.323 | 
     | 11                                                 |              |          |       |         |          | 
     | picorv32_core_genblk1.pcpi_mul_mul_2371_47_cdnfadd | CI v -> CO v | ADDFX1   | 0.034 |   0.768 |    2.357 | 
     | 12                                                 |              |          |       |         |          | 
     | picorv32_core_genblk1.pcpi_mul_mul_2371_47_cdnfadd | CI v -> CO v | ADDFX1   | 0.034 |   0.801 |    2.391 | 
     | 13                                                 |              |          |       |         |          | 
     | picorv32_core_genblk1.pcpi_mul_mul_2371_47_cdnfadd | CI v -> CO v | ADDFX1   | 0.033 |   0.835 |    2.424 | 
     | 14                                                 |              |          |       |         |          | 
     | picorv32_core_genblk1.pcpi_mul_mul_2371_47_cdnfadd | CI v -> CO v | ADDFX1   | 0.033 |   0.868 |    2.457 | 
     | 15                                                 |              |          |       |         |          | 
     | picorv32_core_genblk1.pcpi_mul_mul_2371_47_cdnfadd | CI v -> CO v | ADDFX1   | 0.033 |   0.901 |    2.491 | 
     | 16                                                 |              |          |       |         |          | 
     | picorv32_core_genblk1.pcpi_mul_mul_2371_47_cdnfadd | CI v -> CO v | ADDFX1   | 0.034 |   0.934 |    2.524 | 
     | 17                                                 |              |          |       |         |          | 
     | picorv32_core_genblk1.pcpi_mul_mul_2371_47_cdnfadd | CI v -> CO v | ADDFX1   | 0.033 |   0.968 |    2.557 | 
     | 18                                                 |              |          |       |         |          | 
     | picorv32_core_genblk1.pcpi_mul_mul_2371_47_cdnfadd | CI v -> CO v | ADDFX1   | 0.034 |   1.001 |    2.591 | 
     | 19                                                 |              |          |       |         |          | 
     | picorv32_core_genblk1.pcpi_mul_mul_2371_47_cdnfadd | CI v -> CO v | ADDFX1   | 0.034 |   1.036 |    2.625 | 
     | 20                                                 |              |          |       |         |          | 
     | picorv32_core_genblk1.pcpi_mul_mul_2371_47_cdnfadd | CI v -> CO v | ADDFX1   | 0.033 |   1.069 |    2.659 | 
     | 21                                                 |              |          |       |         |          | 
     | picorv32_core_genblk1.pcpi_mul_mul_2371_47_cdnfadd | CI v -> CO v | ADDFX1   | 0.033 |   1.102 |    2.692 | 
     | 22                                                 |              |          |       |         |          | 
     | picorv32_core_genblk1.pcpi_mul_mul_2371_47_cdnfadd | CI v -> CO v | ADDFX1   | 0.033 |   1.136 |    2.725 | 
     | 23                                                 |              |          |       |         |          | 
     | picorv32_core_genblk1.pcpi_mul_mul_2371_47_cdnfadd | CI v -> CO v | ADDFX1   | 0.035 |   1.171 |    2.761 | 
     | 24                                                 |              |          |       |         |          | 
     | picorv32_core_genblk1.pcpi_mul_mul_2371_47_cdnfadd | CI v -> CO v | ADDFX1   | 0.035 |   1.206 |    2.795 | 
     | 25                                                 |              |          |       |         |          | 
     | picorv32_core_genblk1.pcpi_mul_mul_2371_47_cdnfadd | CI v -> CO v | ADDFX1   | 0.033 |   1.239 |    2.829 | 
     | 26                                                 |              |          |       |         |          | 
     | picorv32_core_genblk1.pcpi_mul_mul_2371_47_cdnfadd | CI v -> CO v | ADDFX1   | 0.034 |   1.273 |    2.863 | 
     | 27                                                 |              |          |       |         |          | 
     | picorv32_core_genblk1.pcpi_mul_mul_2371_47_cdnfadd | CI v -> CO v | ADDFX1   | 0.034 |   1.307 |    2.897 | 
     | 28                                                 |              |          |       |         |          | 
     | picorv32_core_genblk1.pcpi_mul_mul_2371_47_cdnfadd | CI v -> CO v | ADDFX1   | 0.034 |   1.341 |    2.931 | 
     | 29                                                 |              |          |       |         |          | 
     | picorv32_core_genblk1.pcpi_mul_mul_2371_47_cdnfadd | CI v -> CO v | ADDFX1   | 0.035 |   1.375 |    2.965 | 
     | 30                                                 |              |          |       |         |          | 
     | picorv32_core_genblk1.pcpi_mul_mul_2371_47_cdnfadd | CI v -> CO v | ADDFX1   | 0.039 |   1.414 |    3.004 | 
     | 31                                                 |              |          |       |         |          | 
     | picorv32_core_genblk1.pcpi_mul_mul_2371_47_cdnfadd | CI v -> CO v | ADDFX1   | 0.036 |   1.450 |    3.040 | 
     | 32                                                 |              |          |       |         |          | 
     | picorv32_core_genblk1.pcpi_mul_mul_2371_47_cdnfadd | CI v -> CO v | ADDFX1   | 0.034 |   1.484 |    3.074 | 
     | 33                                                 |              |          |       |         |          | 
     | picorv32_core_genblk1.pcpi_mul_mul_2371_47_cdnfadd | CI v -> CO v | ADDFX1   | 0.035 |   1.519 |    3.108 | 
     | 34                                                 |              |          |       |         |          | 
     | picorv32_core_genblk1.pcpi_mul_mul_2371_47_cdnfadd | CI v -> CO v | ADDFX1   | 0.034 |   1.552 |    3.142 | 
     | 35                                                 |              |          |       |         |          | 
     | picorv32_core_genblk1.pcpi_mul_mul_2371_47_cdnfadd | CI v -> CO v | ADDFX1   | 0.033 |   1.586 |    3.175 | 
     | 36                                                 |              |          |       |         |          | 
     | picorv32_core_genblk1.pcpi_mul_mul_2371_47_cdnfadd | CI v -> CO v | ADDFX1   | 0.033 |   1.619 |    3.208 | 
     | 37                                                 |              |          |       |         |          | 
     | picorv32_core_genblk1.pcpi_mul_mul_2371_47_cdnfadd | CI v -> CO v | ADDFX1   | 0.034 |   1.652 |    3.242 | 
     | 38                                                 |              |          |       |         |          | 
     | picorv32_core_genblk1.pcpi_mul_mul_2371_47_cdnfadd | CI v -> CO v | ADDFX1   | 0.033 |   1.686 |    3.275 | 
     | 39                                                 |              |          |       |         |          | 
     | picorv32_core_genblk1.pcpi_mul_mul_2371_47_cdnfadd | CI v -> CO v | ADDFX1   | 0.033 |   1.719 |    3.309 | 
     | 40                                                 |              |          |       |         |          | 
     | picorv32_core_genblk1.pcpi_mul_mul_2371_47_cdnfadd | CI v -> CO v | ADDFX1   | 0.033 |   1.752 |    3.342 | 
     | 41                                                 |              |          |       |         |          | 
     | picorv32_core_genblk1.pcpi_mul_mul_2371_47_cdnfadd | CI v -> CO v | ADDFX1   | 0.034 |   1.786 |    3.375 | 
     | 42                                                 |              |          |       |         |          | 
     | picorv32_core_genblk1.pcpi_mul_mul_2371_47_cdnfadd | CI v -> CO v | ADDFX1   | 0.034 |   1.820 |    3.410 | 
     | 43                                                 |              |          |       |         |          | 
     | picorv32_core_genblk1.pcpi_mul_mul_2371_47_cdnfadd | CI v -> CO v | ADDFX1   | 0.035 |   1.855 |    3.444 | 
     | 44                                                 |              |          |       |         |          | 
     | picorv32_core_genblk1.pcpi_mul_mul_2371_47_cdnfadd | CI v -> CO v | ADDFX1   | 0.034 |   1.889 |    3.479 | 
     | 45                                                 |              |          |       |         |          | 
     | picorv32_core_genblk1.pcpi_mul_mul_2371_47_cdnfadd | CI v -> CO v | ADDFX1   | 0.035 |   1.924 |    3.513 | 
     | 46                                                 |              |          |       |         |          | 
     | picorv32_core_genblk1.pcpi_mul_mul_2371_47_cdnfadd | CI v -> CO v | ADDFX1   | 0.033 |   1.957 |    3.547 | 
     | 47                                                 |              |          |       |         |          | 
     | picorv32_core_genblk1.pcpi_mul_mul_2371_47_cdnfadd | CI v -> CO v | ADDFX1   | 0.035 |   1.992 |    3.582 | 
     | 48                                                 |              |          |       |         |          | 
     | picorv32_core_genblk1.pcpi_mul_mul_2371_47_cdnfadd | CI v -> CO v | ADDFX1   | 0.034 |   2.026 |    3.616 | 
     | 49                                                 |              |          |       |         |          | 
     | picorv32_core_genblk1.pcpi_mul_mul_2371_47_cdnfadd | CI v -> CO v | ADDFX1   | 0.033 |   2.060 |    3.650 | 
     | 50                                                 |              |          |       |         |          | 
     | picorv32_core_genblk1.pcpi_mul_mul_2371_47_cdnfadd | CI v -> CO v | ADDFX1   | 0.035 |   2.094 |    3.684 | 
     | 51                                                 |              |          |       |         |          | 
     | picorv32_core_genblk1.pcpi_mul_mul_2371_47_cdnfadd | CI v -> CO v | ADDFX1   | 0.034 |   2.128 |    3.718 | 
     | 52                                                 |              |          |       |         |          | 
     | picorv32_core_genblk1.pcpi_mul_mul_2371_47_cdnfadd | CI v -> CO v | ADDFX1   | 0.034 |   2.162 |    3.752 | 
     | 53                                                 |              |          |       |         |          | 
     | picorv32_core_genblk1.pcpi_mul_mul_2371_47_cdnfadd | CI v -> CO v | ADDFX1   | 0.036 |   2.197 |    3.787 | 
     | 54                                                 |              |          |       |         |          | 
     | picorv32_core_genblk1.pcpi_mul_mul_2371_47_cdnfadd | CI v -> CO v | ADDFX1   | 0.034 |   2.231 |    3.821 | 
     | 55                                                 |              |          |       |         |          | 
     | picorv32_core_genblk1.pcpi_mul_mul_2371_47_cdnfadd | CI v -> CO v | ADDFX1   | 0.034 |   2.266 |    3.856 | 
     | 56                                                 |              |          |       |         |          | 
     | picorv32_core_genblk1.pcpi_mul_mul_2371_47_cdnfadd | CI v -> CO v | ADDFX1   | 0.034 |   2.300 |    3.889 | 
     | 57                                                 |              |          |       |         |          | 
     | picorv32_core_genblk1.pcpi_mul_mul_2371_47_cdnfadd | CI v -> CO v | ADDFX1   | 0.033 |   2.333 |    3.922 | 
     | 58                                                 |              |          |       |         |          | 
     | picorv32_core_genblk1.pcpi_mul_mul_2371_47_cdnfadd | CI v -> S ^  | ADDFX1   | 0.049 |   2.382 |    3.971 | 
     | 59                                                 |              |          |       |         |          | 
     | picorv32_core_genblk1.pcpi_mul_rd_reg[59]          | D ^          | DFFQXL   | 0.000 |   2.382 |    3.971 | 
     +-----------------------------------------------------------------------------------------------------------+ 
Path 6: MET Setup Check with Pin picorv32_core_genblk1.pcpi_mul_rd_reg[58]/CK 
Endpoint:   picorv32_core_genblk1.pcpi_mul_rd_reg[58]/D (^) checked with  
leading edge of 'clk'
Beginpoint: picorv32_core_genblk1.pcpi_mul_rs2_reg[5]/Q (^) triggered by  
leading edge of 'clk'
Path Groups: {reg2reg}
Analysis View: analysis1
Other End Arrival Time          0.004
- Setup                         0.013
+ Phase Shift                   4.000
- Uncertainty                   0.020
= Required Time                 3.971
- Arrival Time                  2.349
= Slack Time                    1.623
     Clock Rise Edge                 0.000
     + Clock Network Latency (Prop)  0.003
     = Beginpoint Arrival Time       0.003
     +-----------------------------------------------------------------------------------------------------------+ 
     |                      Instance                      |     Arc      |   Cell   | Delay | Arrival | Required | 
     |                                                    |              |          |       |  Time   |   Time   | 
     |----------------------------------------------------+--------------+----------+-------+---------+----------| 
     | picorv32_core_genblk1.pcpi_mul_rs2_reg[5]          | CK ^         |          |       |   0.003 |    1.626 | 
     | picorv32_core_genblk1.pcpi_mul_rs2_reg[5]          | CK ^ -> Q ^  | MDFFHQX1 | 0.126 |   0.129 |    1.752 | 
     | picorv32_core_genblk1.pcpi_mul_mul_2371_47_g14046  | A ^ -> Y v   | INVX1    | 0.049 |   0.178 |    1.801 | 
     | picorv32_core_genblk1.pcpi_mul_mul_2371_47_g13987  | B v -> Y ^   | XNOR2X1  | 0.031 |   0.209 |    1.831 | 
     | picorv32_core_genblk1.pcpi_mul_mul_2371_47_g13897  | A ^ -> Y ^   | OR2X1    | 0.086 |   0.295 |    1.917 | 
     | picorv32_core_genblk1.pcpi_mul_mul_2371_47_g13890  | A ^ -> Y v   | INVX1    | 0.052 |   0.346 |    1.969 | 
     | picorv32_core_genblk1.pcpi_mul_mul_2371_47_g13740  | A1 v -> Y ^  | OAI21X1  | 0.027 |   0.374 |    1.997 | 
     | picorv32_core_genblk1.pcpi_mul_mul_2371_47_g13494  | B ^ -> Y ^   | XNOR2X1  | 0.025 |   0.398 |    2.021 | 
     | picorv32_core_genblk1.pcpi_mul_mul_2371_47_g13440  | B ^ -> S v   | ADDHX1   | 0.031 |   0.429 |    2.052 | 
     | picorv32_core_genblk1.pcpi_mul_mul_2371_47_cdnfadd | A v -> CO v  | ADDFX1   | 0.035 |   0.465 |    2.087 | 
     | 3                                                  |              |          |       |         |          | 
     | picorv32_core_genblk1.pcpi_mul_mul_2371_47_cdnfadd | CI v -> CO v | ADDFX1   | 0.034 |   0.499 |    2.121 | 
     | 4                                                  |              |          |       |         |          | 
     | picorv32_core_genblk1.pcpi_mul_mul_2371_47_cdnfadd | CI v -> CO v | ADDFX1   | 0.034 |   0.533 |    2.156 | 
     | 5                                                  |              |          |       |         |          | 
     | picorv32_core_genblk1.pcpi_mul_mul_2371_47_cdnfadd | CI v -> CO v | ADDFX1   | 0.033 |   0.566 |    2.189 | 
     | 6                                                  |              |          |       |         |          | 
     | picorv32_core_genblk1.pcpi_mul_mul_2371_47_cdnfadd | CI v -> CO v | ADDFX1   | 0.034 |   0.600 |    2.223 | 
     | 7                                                  |              |          |       |         |          | 
     | picorv32_core_genblk1.pcpi_mul_mul_2371_47_cdnfadd | CI v -> CO v | ADDFX1   | 0.034 |   0.634 |    2.256 | 
     | 8                                                  |              |          |       |         |          | 
     | picorv32_core_genblk1.pcpi_mul_mul_2371_47_cdnfadd | CI v -> CO v | ADDFX1   | 0.033 |   0.667 |    2.289 | 
     | 9                                                  |              |          |       |         |          | 
     | picorv32_core_genblk1.pcpi_mul_mul_2371_47_cdnfadd | CI v -> CO v | ADDFX1   | 0.034 |   0.700 |    2.323 | 
     | 10                                                 |              |          |       |         |          | 
     | picorv32_core_genblk1.pcpi_mul_mul_2371_47_cdnfadd | CI v -> CO v | ADDFX1   | 0.033 |   0.734 |    2.356 | 
     | 11                                                 |              |          |       |         |          | 
     | picorv32_core_genblk1.pcpi_mul_mul_2371_47_cdnfadd | CI v -> CO v | ADDFX1   | 0.034 |   0.768 |    2.390 | 
     | 12                                                 |              |          |       |         |          | 
     | picorv32_core_genblk1.pcpi_mul_mul_2371_47_cdnfadd | CI v -> CO v | ADDFX1   | 0.034 |   0.801 |    2.424 | 
     | 13                                                 |              |          |       |         |          | 
     | picorv32_core_genblk1.pcpi_mul_mul_2371_47_cdnfadd | CI v -> CO v | ADDFX1   | 0.033 |   0.835 |    2.457 | 
     | 14                                                 |              |          |       |         |          | 
     | picorv32_core_genblk1.pcpi_mul_mul_2371_47_cdnfadd | CI v -> CO v | ADDFX1   | 0.033 |   0.868 |    2.490 | 
     | 15                                                 |              |          |       |         |          | 
     | picorv32_core_genblk1.pcpi_mul_mul_2371_47_cdnfadd | CI v -> CO v | ADDFX1   | 0.033 |   0.901 |    2.524 | 
     | 16                                                 |              |          |       |         |          | 
     | picorv32_core_genblk1.pcpi_mul_mul_2371_47_cdnfadd | CI v -> CO v | ADDFX1   | 0.034 |   0.934 |    2.557 | 
     | 17                                                 |              |          |       |         |          | 
     | picorv32_core_genblk1.pcpi_mul_mul_2371_47_cdnfadd | CI v -> CO v | ADDFX1   | 0.033 |   0.968 |    2.590 | 
     | 18                                                 |              |          |       |         |          | 
     | picorv32_core_genblk1.pcpi_mul_mul_2371_47_cdnfadd | CI v -> CO v | ADDFX1   | 0.034 |   1.001 |    2.624 | 
     | 19                                                 |              |          |       |         |          | 
     | picorv32_core_genblk1.pcpi_mul_mul_2371_47_cdnfadd | CI v -> CO v | ADDFX1   | 0.034 |   1.036 |    2.658 | 
     | 20                                                 |              |          |       |         |          | 
     | picorv32_core_genblk1.pcpi_mul_mul_2371_47_cdnfadd | CI v -> CO v | ADDFX1   | 0.033 |   1.069 |    2.692 | 
     | 21                                                 |              |          |       |         |          | 
     | picorv32_core_genblk1.pcpi_mul_mul_2371_47_cdnfadd | CI v -> CO v | ADDFX1   | 0.033 |   1.102 |    2.725 | 
     | 22                                                 |              |          |       |         |          | 
     | picorv32_core_genblk1.pcpi_mul_mul_2371_47_cdnfadd | CI v -> CO v | ADDFX1   | 0.033 |   1.136 |    2.758 | 
     | 23                                                 |              |          |       |         |          | 
     | picorv32_core_genblk1.pcpi_mul_mul_2371_47_cdnfadd | CI v -> CO v | ADDFX1   | 0.035 |   1.171 |    2.794 | 
     | 24                                                 |              |          |       |         |          | 
     | picorv32_core_genblk1.pcpi_mul_mul_2371_47_cdnfadd | CI v -> CO v | ADDFX1   | 0.035 |   1.206 |    2.828 | 
     | 25                                                 |              |          |       |         |          | 
     | picorv32_core_genblk1.pcpi_mul_mul_2371_47_cdnfadd | CI v -> CO v | ADDFX1   | 0.033 |   1.239 |    2.862 | 
     | 26                                                 |              |          |       |         |          | 
     | picorv32_core_genblk1.pcpi_mul_mul_2371_47_cdnfadd | CI v -> CO v | ADDFX1   | 0.034 |   1.273 |    2.896 | 
     | 27                                                 |              |          |       |         |          | 
     | picorv32_core_genblk1.pcpi_mul_mul_2371_47_cdnfadd | CI v -> CO v | ADDFX1   | 0.034 |   1.307 |    2.930 | 
     | 28                                                 |              |          |       |         |          | 
     | picorv32_core_genblk1.pcpi_mul_mul_2371_47_cdnfadd | CI v -> CO v | ADDFX1   | 0.034 |   1.341 |    2.964 | 
     | 29                                                 |              |          |       |         |          | 
     | picorv32_core_genblk1.pcpi_mul_mul_2371_47_cdnfadd | CI v -> CO v | ADDFX1   | 0.035 |   1.375 |    2.998 | 
     | 30                                                 |              |          |       |         |          | 
     | picorv32_core_genblk1.pcpi_mul_mul_2371_47_cdnfadd | CI v -> CO v | ADDFX1   | 0.039 |   1.414 |    3.037 | 
     | 31                                                 |              |          |       |         |          | 
     | picorv32_core_genblk1.pcpi_mul_mul_2371_47_cdnfadd | CI v -> CO v | ADDFX1   | 0.036 |   1.450 |    3.073 | 
     | 32                                                 |              |          |       |         |          | 
     | picorv32_core_genblk1.pcpi_mul_mul_2371_47_cdnfadd | CI v -> CO v | ADDFX1   | 0.034 |   1.484 |    3.107 | 
     | 33                                                 |              |          |       |         |          | 
     | picorv32_core_genblk1.pcpi_mul_mul_2371_47_cdnfadd | CI v -> CO v | ADDFX1   | 0.035 |   1.519 |    3.141 | 
     | 34                                                 |              |          |       |         |          | 
     | picorv32_core_genblk1.pcpi_mul_mul_2371_47_cdnfadd | CI v -> CO v | ADDFX1   | 0.034 |   1.552 |    3.175 | 
     | 35                                                 |              |          |       |         |          | 
     | picorv32_core_genblk1.pcpi_mul_mul_2371_47_cdnfadd | CI v -> CO v | ADDFX1   | 0.033 |   1.586 |    3.208 | 
     | 36                                                 |              |          |       |         |          | 
     | picorv32_core_genblk1.pcpi_mul_mul_2371_47_cdnfadd | CI v -> CO v | ADDFX1   | 0.033 |   1.619 |    3.241 | 
     | 37                                                 |              |          |       |         |          | 
     | picorv32_core_genblk1.pcpi_mul_mul_2371_47_cdnfadd | CI v -> CO v | ADDFX1   | 0.034 |   1.652 |    3.275 | 
     | 38                                                 |              |          |       |         |          | 
     | picorv32_core_genblk1.pcpi_mul_mul_2371_47_cdnfadd | CI v -> CO v | ADDFX1   | 0.033 |   1.686 |    3.308 | 
     | 39                                                 |              |          |       |         |          | 
     | picorv32_core_genblk1.pcpi_mul_mul_2371_47_cdnfadd | CI v -> CO v | ADDFX1   | 0.033 |   1.719 |    3.342 | 
     | 40                                                 |              |          |       |         |          | 
     | picorv32_core_genblk1.pcpi_mul_mul_2371_47_cdnfadd | CI v -> CO v | ADDFX1   | 0.033 |   1.752 |    3.375 | 
     | 41                                                 |              |          |       |         |          | 
     | picorv32_core_genblk1.pcpi_mul_mul_2371_47_cdnfadd | CI v -> CO v | ADDFX1   | 0.034 |   1.786 |    3.408 | 
     | 42                                                 |              |          |       |         |          | 
     | picorv32_core_genblk1.pcpi_mul_mul_2371_47_cdnfadd | CI v -> CO v | ADDFX1   | 0.034 |   1.820 |    3.443 | 
     | 43                                                 |              |          |       |         |          | 
     | picorv32_core_genblk1.pcpi_mul_mul_2371_47_cdnfadd | CI v -> CO v | ADDFX1   | 0.035 |   1.855 |    3.477 | 
     | 44                                                 |              |          |       |         |          | 
     | picorv32_core_genblk1.pcpi_mul_mul_2371_47_cdnfadd | CI v -> CO v | ADDFX1   | 0.034 |   1.889 |    3.512 | 
     | 45                                                 |              |          |       |         |          | 
     | picorv32_core_genblk1.pcpi_mul_mul_2371_47_cdnfadd | CI v -> CO v | ADDFX1   | 0.035 |   1.924 |    3.546 | 
     | 46                                                 |              |          |       |         |          | 
     | picorv32_core_genblk1.pcpi_mul_mul_2371_47_cdnfadd | CI v -> CO v | ADDFX1   | 0.033 |   1.957 |    3.580 | 
     | 47                                                 |              |          |       |         |          | 
     | picorv32_core_genblk1.pcpi_mul_mul_2371_47_cdnfadd | CI v -> CO v | ADDFX1   | 0.035 |   1.992 |    3.615 | 
     | 48                                                 |              |          |       |         |          | 
     | picorv32_core_genblk1.pcpi_mul_mul_2371_47_cdnfadd | CI v -> CO v | ADDFX1   | 0.034 |   2.026 |    3.649 | 
     | 49                                                 |              |          |       |         |          | 
     | picorv32_core_genblk1.pcpi_mul_mul_2371_47_cdnfadd | CI v -> CO v | ADDFX1   | 0.033 |   2.060 |    3.683 | 
     | 50                                                 |              |          |       |         |          | 
     | picorv32_core_genblk1.pcpi_mul_mul_2371_47_cdnfadd | CI v -> CO v | ADDFX1   | 0.035 |   2.094 |    3.717 | 
     | 51                                                 |              |          |       |         |          | 
     | picorv32_core_genblk1.pcpi_mul_mul_2371_47_cdnfadd | CI v -> CO v | ADDFX1   | 0.034 |   2.128 |    3.751 | 
     | 52                                                 |              |          |       |         |          | 
     | picorv32_core_genblk1.pcpi_mul_mul_2371_47_cdnfadd | CI v -> CO v | ADDFX1   | 0.034 |   2.162 |    3.785 | 
     | 53                                                 |              |          |       |         |          | 
     | picorv32_core_genblk1.pcpi_mul_mul_2371_47_cdnfadd | CI v -> CO v | ADDFX1   | 0.036 |   2.197 |    3.820 | 
     | 54                                                 |              |          |       |         |          | 
     | picorv32_core_genblk1.pcpi_mul_mul_2371_47_cdnfadd | CI v -> CO v | ADDFX1   | 0.034 |   2.231 |    3.854 | 
     | 55                                                 |              |          |       |         |          | 
     | picorv32_core_genblk1.pcpi_mul_mul_2371_47_cdnfadd | CI v -> CO v | ADDFX1   | 0.034 |   2.266 |    3.889 | 
     | 56                                                 |              |          |       |         |          | 
     | picorv32_core_genblk1.pcpi_mul_mul_2371_47_cdnfadd | CI v -> CO v | ADDFX1   | 0.034 |   2.300 |    3.922 | 
     | 57                                                 |              |          |       |         |          | 
     | picorv32_core_genblk1.pcpi_mul_mul_2371_47_cdnfadd | CI v -> S ^  | ADDFX1   | 0.049 |   2.349 |    3.971 | 
     | 58                                                 |              |          |       |         |          | 
     | picorv32_core_genblk1.pcpi_mul_rd_reg[58]          | D ^          | DFFQXL   | 0.000 |   2.349 |    3.971 | 
     +-----------------------------------------------------------------------------------------------------------+ 
Path 7: MET Setup Check with Pin picorv32_core_genblk1.pcpi_mul_rd_reg[57]/CK 
Endpoint:   picorv32_core_genblk1.pcpi_mul_rd_reg[57]/D (^) checked with  
leading edge of 'clk'
Beginpoint: picorv32_core_genblk1.pcpi_mul_rs2_reg[5]/Q (^) triggered by  
leading edge of 'clk'
Path Groups: {reg2reg}
Analysis View: analysis1
Other End Arrival Time          0.004
- Setup                         0.013
+ Phase Shift                   4.000
- Uncertainty                   0.020
= Required Time                 3.971
- Arrival Time                  2.317
= Slack Time                    1.654
     Clock Rise Edge                 0.000
     + Clock Network Latency (Prop)  0.003
     = Beginpoint Arrival Time       0.003
     +-----------------------------------------------------------------------------------------------------------+ 
     |                      Instance                      |     Arc      |   Cell   | Delay | Arrival | Required | 
     |                                                    |              |          |       |  Time   |   Time   | 
     |----------------------------------------------------+--------------+----------+-------+---------+----------| 
     | picorv32_core_genblk1.pcpi_mul_rs2_reg[5]          | CK ^         |          |       |   0.003 |    1.657 | 
     | picorv32_core_genblk1.pcpi_mul_rs2_reg[5]          | CK ^ -> Q ^  | MDFFHQX1 | 0.126 |   0.129 |    1.783 | 
     | picorv32_core_genblk1.pcpi_mul_mul_2371_47_g14046  | A ^ -> Y v   | INVX1    | 0.049 |   0.178 |    1.833 | 
     | picorv32_core_genblk1.pcpi_mul_mul_2371_47_g13987  | B v -> Y ^   | XNOR2X1  | 0.031 |   0.209 |    1.863 | 
     | picorv32_core_genblk1.pcpi_mul_mul_2371_47_g13897  | A ^ -> Y ^   | OR2X1    | 0.086 |   0.295 |    1.949 | 
     | picorv32_core_genblk1.pcpi_mul_mul_2371_47_g13890  | A ^ -> Y v   | INVX1    | 0.052 |   0.346 |    2.001 | 
     | picorv32_core_genblk1.pcpi_mul_mul_2371_47_g13740  | A1 v -> Y ^  | OAI21X1  | 0.027 |   0.374 |    2.028 | 
     | picorv32_core_genblk1.pcpi_mul_mul_2371_47_g13494  | B ^ -> Y ^   | XNOR2X1  | 0.025 |   0.398 |    2.053 | 
     | picorv32_core_genblk1.pcpi_mul_mul_2371_47_g13440  | B ^ -> S v   | ADDHX1   | 0.031 |   0.429 |    2.084 | 
     | picorv32_core_genblk1.pcpi_mul_mul_2371_47_cdnfadd | A v -> CO v  | ADDFX1   | 0.035 |   0.465 |    2.119 | 
     | 3                                                  |              |          |       |         |          | 
     | picorv32_core_genblk1.pcpi_mul_mul_2371_47_cdnfadd | CI v -> CO v | ADDFX1   | 0.034 |   0.499 |    2.153 | 
     | 4                                                  |              |          |       |         |          | 
     | picorv32_core_genblk1.pcpi_mul_mul_2371_47_cdnfadd | CI v -> CO v | ADDFX1   | 0.034 |   0.533 |    2.187 | 
     | 5                                                  |              |          |       |         |          | 
     | picorv32_core_genblk1.pcpi_mul_mul_2371_47_cdnfadd | CI v -> CO v | ADDFX1   | 0.033 |   0.566 |    2.221 | 
     | 6                                                  |              |          |       |         |          | 
     | picorv32_core_genblk1.pcpi_mul_mul_2371_47_cdnfadd | CI v -> CO v | ADDFX1   | 0.034 |   0.600 |    2.254 | 
     | 7                                                  |              |          |       |         |          | 
     | picorv32_core_genblk1.pcpi_mul_mul_2371_47_cdnfadd | CI v -> CO v | ADDFX1   | 0.034 |   0.634 |    2.288 | 
     | 8                                                  |              |          |       |         |          | 
     | picorv32_core_genblk1.pcpi_mul_mul_2371_47_cdnfadd | CI v -> CO v | ADDFX1   | 0.033 |   0.667 |    2.321 | 
     | 9                                                  |              |          |       |         |          | 
     | picorv32_core_genblk1.pcpi_mul_mul_2371_47_cdnfadd | CI v -> CO v | ADDFX1   | 0.034 |   0.700 |    2.355 | 
     | 10                                                 |              |          |       |         |          | 
     | picorv32_core_genblk1.pcpi_mul_mul_2371_47_cdnfadd | CI v -> CO v | ADDFX1   | 0.033 |   0.734 |    2.388 | 
     | 11                                                 |              |          |       |         |          | 
     | picorv32_core_genblk1.pcpi_mul_mul_2371_47_cdnfadd | CI v -> CO v | ADDFX1   | 0.034 |   0.768 |    2.422 | 
     | 12                                                 |              |          |       |         |          | 
     | picorv32_core_genblk1.pcpi_mul_mul_2371_47_cdnfadd | CI v -> CO v | ADDFX1   | 0.034 |   0.801 |    2.456 | 
     | 13                                                 |              |          |       |         |          | 
     | picorv32_core_genblk1.pcpi_mul_mul_2371_47_cdnfadd | CI v -> CO v | ADDFX1   | 0.033 |   0.835 |    2.489 | 
     | 14                                                 |              |          |       |         |          | 
     | picorv32_core_genblk1.pcpi_mul_mul_2371_47_cdnfadd | CI v -> CO v | ADDFX1   | 0.033 |   0.868 |    2.522 | 
     | 15                                                 |              |          |       |         |          | 
     | picorv32_core_genblk1.pcpi_mul_mul_2371_47_cdnfadd | CI v -> CO v | ADDFX1   | 0.033 |   0.901 |    2.555 | 
     | 16                                                 |              |          |       |         |          | 
     | picorv32_core_genblk1.pcpi_mul_mul_2371_47_cdnfadd | CI v -> CO v | ADDFX1   | 0.034 |   0.934 |    2.589 | 
     | 17                                                 |              |          |       |         |          | 
     | picorv32_core_genblk1.pcpi_mul_mul_2371_47_cdnfadd | CI v -> CO v | ADDFX1   | 0.033 |   0.968 |    2.622 | 
     | 18                                                 |              |          |       |         |          | 
     | picorv32_core_genblk1.pcpi_mul_mul_2371_47_cdnfadd | CI v -> CO v | ADDFX1   | 0.034 |   1.001 |    2.656 | 
     | 19                                                 |              |          |       |         |          | 
     | picorv32_core_genblk1.pcpi_mul_mul_2371_47_cdnfadd | CI v -> CO v | ADDFX1   | 0.034 |   1.036 |    2.690 | 
     | 20                                                 |              |          |       |         |          | 
     | picorv32_core_genblk1.pcpi_mul_mul_2371_47_cdnfadd | CI v -> CO v | ADDFX1   | 0.033 |   1.069 |    2.723 | 
     | 21                                                 |              |          |       |         |          | 
     | picorv32_core_genblk1.pcpi_mul_mul_2371_47_cdnfadd | CI v -> CO v | ADDFX1   | 0.033 |   1.102 |    2.757 | 
     | 22                                                 |              |          |       |         |          | 
     | picorv32_core_genblk1.pcpi_mul_mul_2371_47_cdnfadd | CI v -> CO v | ADDFX1   | 0.033 |   1.136 |    2.790 | 
     | 23                                                 |              |          |       |         |          | 
     | picorv32_core_genblk1.pcpi_mul_mul_2371_47_cdnfadd | CI v -> CO v | ADDFX1   | 0.035 |   1.171 |    2.825 | 
     | 24                                                 |              |          |       |         |          | 
     | picorv32_core_genblk1.pcpi_mul_mul_2371_47_cdnfadd | CI v -> CO v | ADDFX1   | 0.035 |   1.206 |    2.860 | 
     | 25                                                 |              |          |       |         |          | 
     | picorv32_core_genblk1.pcpi_mul_mul_2371_47_cdnfadd | CI v -> CO v | ADDFX1   | 0.033 |   1.239 |    2.894 | 
     | 26                                                 |              |          |       |         |          | 
     | picorv32_core_genblk1.pcpi_mul_mul_2371_47_cdnfadd | CI v -> CO v | ADDFX1   | 0.034 |   1.273 |    2.928 | 
     | 27                                                 |              |          |       |         |          | 
     | picorv32_core_genblk1.pcpi_mul_mul_2371_47_cdnfadd | CI v -> CO v | ADDFX1   | 0.034 |   1.307 |    2.961 | 
     | 28                                                 |              |          |       |         |          | 
     | picorv32_core_genblk1.pcpi_mul_mul_2371_47_cdnfadd | CI v -> CO v | ADDFX1   | 0.034 |   1.341 |    2.995 | 
     | 29                                                 |              |          |       |         |          | 
     | picorv32_core_genblk1.pcpi_mul_mul_2371_47_cdnfadd | CI v -> CO v | ADDFX1   | 0.035 |   1.375 |    3.030 | 
     | 30                                                 |              |          |       |         |          | 
     | picorv32_core_genblk1.pcpi_mul_mul_2371_47_cdnfadd | CI v -> CO v | ADDFX1   | 0.039 |   1.414 |    3.069 | 
     | 31                                                 |              |          |       |         |          | 
     | picorv32_core_genblk1.pcpi_mul_mul_2371_47_cdnfadd | CI v -> CO v | ADDFX1   | 0.036 |   1.450 |    3.104 | 
     | 32                                                 |              |          |       |         |          | 
     | picorv32_core_genblk1.pcpi_mul_mul_2371_47_cdnfadd | CI v -> CO v | ADDFX1   | 0.034 |   1.484 |    3.138 | 
     | 33                                                 |              |          |       |         |          | 
     | picorv32_core_genblk1.pcpi_mul_mul_2371_47_cdnfadd | CI v -> CO v | ADDFX1   | 0.035 |   1.519 |    3.173 | 
     | 34                                                 |              |          |       |         |          | 
     | picorv32_core_genblk1.pcpi_mul_mul_2371_47_cdnfadd | CI v -> CO v | ADDFX1   | 0.034 |   1.552 |    3.207 | 
     | 35                                                 |              |          |       |         |          | 
     | picorv32_core_genblk1.pcpi_mul_mul_2371_47_cdnfadd | CI v -> CO v | ADDFX1   | 0.033 |   1.586 |    3.240 | 
     | 36                                                 |              |          |       |         |          | 
     | picorv32_core_genblk1.pcpi_mul_mul_2371_47_cdnfadd | CI v -> CO v | ADDFX1   | 0.033 |   1.619 |    3.273 | 
     | 37                                                 |              |          |       |         |          | 
     | picorv32_core_genblk1.pcpi_mul_mul_2371_47_cdnfadd | CI v -> CO v | ADDFX1   | 0.034 |   1.652 |    3.307 | 
     | 38                                                 |              |          |       |         |          | 
     | picorv32_core_genblk1.pcpi_mul_mul_2371_47_cdnfadd | CI v -> CO v | ADDFX1   | 0.033 |   1.686 |    3.340 | 
     | 39                                                 |              |          |       |         |          | 
     | picorv32_core_genblk1.pcpi_mul_mul_2371_47_cdnfadd | CI v -> CO v | ADDFX1   | 0.033 |   1.719 |    3.373 | 
     | 40                                                 |              |          |       |         |          | 
     | picorv32_core_genblk1.pcpi_mul_mul_2371_47_cdnfadd | CI v -> CO v | ADDFX1   | 0.033 |   1.752 |    3.406 | 
     | 41                                                 |              |          |       |         |          | 
     | picorv32_core_genblk1.pcpi_mul_mul_2371_47_cdnfadd | CI v -> CO v | ADDFX1   | 0.034 |   1.786 |    3.440 | 
     | 42                                                 |              |          |       |         |          | 
     | picorv32_core_genblk1.pcpi_mul_mul_2371_47_cdnfadd | CI v -> CO v | ADDFX1   | 0.034 |   1.820 |    3.474 | 
     | 43                                                 |              |          |       |         |          | 
     | picorv32_core_genblk1.pcpi_mul_mul_2371_47_cdnfadd | CI v -> CO v | ADDFX1   | 0.035 |   1.855 |    3.509 | 
     | 44                                                 |              |          |       |         |          | 
     | picorv32_core_genblk1.pcpi_mul_mul_2371_47_cdnfadd | CI v -> CO v | ADDFX1   | 0.034 |   1.889 |    3.543 | 
     | 45                                                 |              |          |       |         |          | 
     | picorv32_core_genblk1.pcpi_mul_mul_2371_47_cdnfadd | CI v -> CO v | ADDFX1   | 0.035 |   1.924 |    3.578 | 
     | 46                                                 |              |          |       |         |          | 
     | picorv32_core_genblk1.pcpi_mul_mul_2371_47_cdnfadd | CI v -> CO v | ADDFX1   | 0.033 |   1.957 |    3.611 | 
     | 47                                                 |              |          |       |         |          | 
     | picorv32_core_genblk1.pcpi_mul_mul_2371_47_cdnfadd | CI v -> CO v | ADDFX1   | 0.035 |   1.992 |    3.647 | 
     | 48                                                 |              |          |       |         |          | 
     | picorv32_core_genblk1.pcpi_mul_mul_2371_47_cdnfadd | CI v -> CO v | ADDFX1   | 0.034 |   2.026 |    3.681 | 
     | 49                                                 |              |          |       |         |          | 
     | picorv32_core_genblk1.pcpi_mul_mul_2371_47_cdnfadd | CI v -> CO v | ADDFX1   | 0.033 |   2.060 |    3.714 | 
     | 50                                                 |              |          |       |         |          | 
     | picorv32_core_genblk1.pcpi_mul_mul_2371_47_cdnfadd | CI v -> CO v | ADDFX1   | 0.035 |   2.094 |    3.749 | 
     | 51                                                 |              |          |       |         |          | 
     | picorv32_core_genblk1.pcpi_mul_mul_2371_47_cdnfadd | CI v -> CO v | ADDFX1   | 0.034 |   2.128 |    3.783 | 
     | 52                                                 |              |          |       |         |          | 
     | picorv32_core_genblk1.pcpi_mul_mul_2371_47_cdnfadd | CI v -> CO v | ADDFX1   | 0.034 |   2.162 |    3.816 | 
     | 53                                                 |              |          |       |         |          | 
     | picorv32_core_genblk1.pcpi_mul_mul_2371_47_cdnfadd | CI v -> CO v | ADDFX1   | 0.036 |   2.197 |    3.852 | 
     | 54                                                 |              |          |       |         |          | 
     | picorv32_core_genblk1.pcpi_mul_mul_2371_47_cdnfadd | CI v -> CO v | ADDFX1   | 0.034 |   2.231 |    3.886 | 
     | 55                                                 |              |          |       |         |          | 
     | picorv32_core_genblk1.pcpi_mul_mul_2371_47_cdnfadd | CI v -> CO v | ADDFX1   | 0.034 |   2.266 |    3.920 | 
     | 56                                                 |              |          |       |         |          | 
     | picorv32_core_genblk1.pcpi_mul_mul_2371_47_cdnfadd | CI v -> S ^  | ADDFX1   | 0.051 |   2.317 |    3.971 | 
     | 57                                                 |              |          |       |         |          | 
     | picorv32_core_genblk1.pcpi_mul_rd_reg[57]          | D ^          | DFFQXL   | 0.000 |   2.317 |    3.971 | 
     +-----------------------------------------------------------------------------------------------------------+ 
Path 8: MET Setup Check with Pin picorv32_core_genblk1.pcpi_mul_rd_reg[56]/CK 
Endpoint:   picorv32_core_genblk1.pcpi_mul_rd_reg[56]/D (^) checked with  
leading edge of 'clk'
Beginpoint: picorv32_core_genblk1.pcpi_mul_rs2_reg[5]/Q (^) triggered by  
leading edge of 'clk'
Path Groups: {reg2reg}
Analysis View: analysis1
Other End Arrival Time          0.004
- Setup                         0.013
+ Phase Shift                   4.000
- Uncertainty                   0.020
= Required Time                 3.970
- Arrival Time                  2.284
= Slack Time                    1.687
     Clock Rise Edge                 0.000
     + Clock Network Latency (Prop)  0.003
     = Beginpoint Arrival Time       0.003
     +-----------------------------------------------------------------------------------------------------------+ 
     |                      Instance                      |     Arc      |   Cell   | Delay | Arrival | Required | 
     |                                                    |              |          |       |  Time   |   Time   | 
     |----------------------------------------------------+--------------+----------+-------+---------+----------| 
     | picorv32_core_genblk1.pcpi_mul_rs2_reg[5]          | CK ^         |          |       |   0.003 |    1.690 | 
     | picorv32_core_genblk1.pcpi_mul_rs2_reg[5]          | CK ^ -> Q ^  | MDFFHQX1 | 0.126 |   0.129 |    1.816 | 
     | picorv32_core_genblk1.pcpi_mul_mul_2371_47_g14046  | A ^ -> Y v   | INVX1    | 0.049 |   0.178 |    1.865 | 
     | picorv32_core_genblk1.pcpi_mul_mul_2371_47_g13987  | B v -> Y ^   | XNOR2X1  | 0.031 |   0.209 |    1.895 | 
     | picorv32_core_genblk1.pcpi_mul_mul_2371_47_g13897  | A ^ -> Y ^   | OR2X1    | 0.086 |   0.295 |    1.981 | 
     | picorv32_core_genblk1.pcpi_mul_mul_2371_47_g13890  | A ^ -> Y v   | INVX1    | 0.052 |   0.346 |    2.033 | 
     | picorv32_core_genblk1.pcpi_mul_mul_2371_47_g13740  | A1 v -> Y ^  | OAI21X1  | 0.027 |   0.374 |    2.061 | 
     | picorv32_core_genblk1.pcpi_mul_mul_2371_47_g13494  | B ^ -> Y ^   | XNOR2X1  | 0.025 |   0.398 |    2.085 | 
     | picorv32_core_genblk1.pcpi_mul_mul_2371_47_g13440  | B ^ -> S v   | ADDHX1   | 0.031 |   0.429 |    2.116 | 
     | picorv32_core_genblk1.pcpi_mul_mul_2371_47_cdnfadd | A v -> CO v  | ADDFX1   | 0.035 |   0.465 |    2.151 | 
     | 3                                                  |              |          |       |         |          | 
     | picorv32_core_genblk1.pcpi_mul_mul_2371_47_cdnfadd | CI v -> CO v | ADDFX1   | 0.034 |   0.499 |    2.185 | 
     | 4                                                  |              |          |       |         |          | 
     | picorv32_core_genblk1.pcpi_mul_mul_2371_47_cdnfadd | CI v -> CO v | ADDFX1   | 0.034 |   0.533 |    2.220 | 
     | 5                                                  |              |          |       |         |          | 
     | picorv32_core_genblk1.pcpi_mul_mul_2371_47_cdnfadd | CI v -> CO v | ADDFX1   | 0.033 |   0.566 |    2.253 | 
     | 6                                                  |              |          |       |         |          | 
     | picorv32_core_genblk1.pcpi_mul_mul_2371_47_cdnfadd | CI v -> CO v | ADDFX1   | 0.034 |   0.600 |    2.287 | 
     | 7                                                  |              |          |       |         |          | 
     | picorv32_core_genblk1.pcpi_mul_mul_2371_47_cdnfadd | CI v -> CO v | ADDFX1   | 0.034 |   0.634 |    2.320 | 
     | 8                                                  |              |          |       |         |          | 
     | picorv32_core_genblk1.pcpi_mul_mul_2371_47_cdnfadd | CI v -> CO v | ADDFX1   | 0.033 |   0.667 |    2.353 | 
     | 9                                                  |              |          |       |         |          | 
     | picorv32_core_genblk1.pcpi_mul_mul_2371_47_cdnfadd | CI v -> CO v | ADDFX1   | 0.034 |   0.700 |    2.387 | 
     | 10                                                 |              |          |       |         |          | 
     | picorv32_core_genblk1.pcpi_mul_mul_2371_47_cdnfadd | CI v -> CO v | ADDFX1   | 0.033 |   0.734 |    2.420 | 
     | 11                                                 |              |          |       |         |          | 
     | picorv32_core_genblk1.pcpi_mul_mul_2371_47_cdnfadd | CI v -> CO v | ADDFX1   | 0.034 |   0.768 |    2.454 | 
     | 12                                                 |              |          |       |         |          | 
     | picorv32_core_genblk1.pcpi_mul_mul_2371_47_cdnfadd | CI v -> CO v | ADDFX1   | 0.034 |   0.801 |    2.488 | 
     | 13                                                 |              |          |       |         |          | 
     | picorv32_core_genblk1.pcpi_mul_mul_2371_47_cdnfadd | CI v -> CO v | ADDFX1   | 0.033 |   0.835 |    2.521 | 
     | 14                                                 |              |          |       |         |          | 
     | picorv32_core_genblk1.pcpi_mul_mul_2371_47_cdnfadd | CI v -> CO v | ADDFX1   | 0.033 |   0.868 |    2.554 | 
     | 15                                                 |              |          |       |         |          | 
     | picorv32_core_genblk1.pcpi_mul_mul_2371_47_cdnfadd | CI v -> CO v | ADDFX1   | 0.033 |   0.901 |    2.588 | 
     | 16                                                 |              |          |       |         |          | 
     | picorv32_core_genblk1.pcpi_mul_mul_2371_47_cdnfadd | CI v -> CO v | ADDFX1   | 0.034 |   0.934 |    2.621 | 
     | 17                                                 |              |          |       |         |          | 
     | picorv32_core_genblk1.pcpi_mul_mul_2371_47_cdnfadd | CI v -> CO v | ADDFX1   | 0.033 |   0.968 |    2.654 | 
     | 18                                                 |              |          |       |         |          | 
     | picorv32_core_genblk1.pcpi_mul_mul_2371_47_cdnfadd | CI v -> CO v | ADDFX1   | 0.034 |   1.001 |    2.688 | 
     | 19                                                 |              |          |       |         |          | 
     | picorv32_core_genblk1.pcpi_mul_mul_2371_47_cdnfadd | CI v -> CO v | ADDFX1   | 0.034 |   1.036 |    2.722 | 
     | 20                                                 |              |          |       |         |          | 
     | picorv32_core_genblk1.pcpi_mul_mul_2371_47_cdnfadd | CI v -> CO v | ADDFX1   | 0.033 |   1.069 |    2.756 | 
     | 21                                                 |              |          |       |         |          | 
     | picorv32_core_genblk1.pcpi_mul_mul_2371_47_cdnfadd | CI v -> CO v | ADDFX1   | 0.033 |   1.102 |    2.789 | 
     | 22                                                 |              |          |       |         |          | 
     | picorv32_core_genblk1.pcpi_mul_mul_2371_47_cdnfadd | CI v -> CO v | ADDFX1   | 0.033 |   1.136 |    2.822 | 
     | 23                                                 |              |          |       |         |          | 
     | picorv32_core_genblk1.pcpi_mul_mul_2371_47_cdnfadd | CI v -> CO v | ADDFX1   | 0.035 |   1.171 |    2.858 | 
     | 24                                                 |              |          |       |         |          | 
     | picorv32_core_genblk1.pcpi_mul_mul_2371_47_cdnfadd | CI v -> CO v | ADDFX1   | 0.035 |   1.206 |    2.892 | 
     | 25                                                 |              |          |       |         |          | 
     | picorv32_core_genblk1.pcpi_mul_mul_2371_47_cdnfadd | CI v -> CO v | ADDFX1   | 0.033 |   1.239 |    2.926 | 
     | 26                                                 |              |          |       |         |          | 
     | picorv32_core_genblk1.pcpi_mul_mul_2371_47_cdnfadd | CI v -> CO v | ADDFX1   | 0.034 |   1.273 |    2.960 | 
     | 27                                                 |              |          |       |         |          | 
     | picorv32_core_genblk1.pcpi_mul_mul_2371_47_cdnfadd | CI v -> CO v | ADDFX1   | 0.034 |   1.307 |    2.994 | 
     | 28                                                 |              |          |       |         |          | 
     | picorv32_core_genblk1.pcpi_mul_mul_2371_47_cdnfadd | CI v -> CO v | ADDFX1   | 0.034 |   1.341 |    3.028 | 
     | 29                                                 |              |          |       |         |          | 
     | picorv32_core_genblk1.pcpi_mul_mul_2371_47_cdnfadd | CI v -> CO v | ADDFX1   | 0.035 |   1.375 |    3.062 | 
     | 30                                                 |              |          |       |         |          | 
     | picorv32_core_genblk1.pcpi_mul_mul_2371_47_cdnfadd | CI v -> CO v | ADDFX1   | 0.039 |   1.414 |    3.101 | 
     | 31                                                 |              |          |       |         |          | 
     | picorv32_core_genblk1.pcpi_mul_mul_2371_47_cdnfadd | CI v -> CO v | ADDFX1   | 0.036 |   1.450 |    3.137 | 
     | 32                                                 |              |          |       |         |          | 
     | picorv32_core_genblk1.pcpi_mul_mul_2371_47_cdnfadd | CI v -> CO v | ADDFX1   | 0.034 |   1.484 |    3.171 | 
     | 33                                                 |              |          |       |         |          | 
     | picorv32_core_genblk1.pcpi_mul_mul_2371_47_cdnfadd | CI v -> CO v | ADDFX1   | 0.035 |   1.519 |    3.205 | 
     | 34                                                 |              |          |       |         |          | 
     | picorv32_core_genblk1.pcpi_mul_mul_2371_47_cdnfadd | CI v -> CO v | ADDFX1   | 0.034 |   1.552 |    3.239 | 
     | 35                                                 |              |          |       |         |          | 
     | picorv32_core_genblk1.pcpi_mul_mul_2371_47_cdnfadd | CI v -> CO v | ADDFX1   | 0.033 |   1.586 |    3.272 | 
     | 36                                                 |              |          |       |         |          | 
     | picorv32_core_genblk1.pcpi_mul_mul_2371_47_cdnfadd | CI v -> CO v | ADDFX1   | 0.033 |   1.619 |    3.305 | 
     | 37                                                 |              |          |       |         |          | 
     | picorv32_core_genblk1.pcpi_mul_mul_2371_47_cdnfadd | CI v -> CO v | ADDFX1   | 0.034 |   1.652 |    3.339 | 
     | 38                                                 |              |          |       |         |          | 
     | picorv32_core_genblk1.pcpi_mul_mul_2371_47_cdnfadd | CI v -> CO v | ADDFX1   | 0.033 |   1.686 |    3.372 | 
     | 39                                                 |              |          |       |         |          | 
     | picorv32_core_genblk1.pcpi_mul_mul_2371_47_cdnfadd | CI v -> CO v | ADDFX1   | 0.033 |   1.719 |    3.406 | 
     | 40                                                 |              |          |       |         |          | 
     | picorv32_core_genblk1.pcpi_mul_mul_2371_47_cdnfadd | CI v -> CO v | ADDFX1   | 0.033 |   1.752 |    3.439 | 
     | 41                                                 |              |          |       |         |          | 
     | picorv32_core_genblk1.pcpi_mul_mul_2371_47_cdnfadd | CI v -> CO v | ADDFX1   | 0.034 |   1.786 |    3.472 | 
     | 42                                                 |              |          |       |         |          | 
     | picorv32_core_genblk1.pcpi_mul_mul_2371_47_cdnfadd | CI v -> CO v | ADDFX1   | 0.034 |   1.820 |    3.507 | 
     | 43                                                 |              |          |       |         |          | 
     | picorv32_core_genblk1.pcpi_mul_mul_2371_47_cdnfadd | CI v -> CO v | ADDFX1   | 0.035 |   1.855 |    3.541 | 
     | 44                                                 |              |          |       |         |          | 
     | picorv32_core_genblk1.pcpi_mul_mul_2371_47_cdnfadd | CI v -> CO v | ADDFX1   | 0.034 |   1.889 |    3.576 | 
     | 45                                                 |              |          |       |         |          | 
     | picorv32_core_genblk1.pcpi_mul_mul_2371_47_cdnfadd | CI v -> CO v | ADDFX1   | 0.035 |   1.924 |    3.610 | 
     | 46                                                 |              |          |       |         |          | 
     | picorv32_core_genblk1.pcpi_mul_mul_2371_47_cdnfadd | CI v -> CO v | ADDFX1   | 0.033 |   1.957 |    3.644 | 
     | 47                                                 |              |          |       |         |          | 
     | picorv32_core_genblk1.pcpi_mul_mul_2371_47_cdnfadd | CI v -> CO v | ADDFX1   | 0.035 |   1.992 |    3.679 | 
     | 48                                                 |              |          |       |         |          | 
     | picorv32_core_genblk1.pcpi_mul_mul_2371_47_cdnfadd | CI v -> CO v | ADDFX1   | 0.034 |   2.026 |    3.713 | 
     | 49                                                 |              |          |       |         |          | 
     | picorv32_core_genblk1.pcpi_mul_mul_2371_47_cdnfadd | CI v -> CO v | ADDFX1   | 0.033 |   2.060 |    3.747 | 
     | 50                                                 |              |          |       |         |          | 
     | picorv32_core_genblk1.pcpi_mul_mul_2371_47_cdnfadd | CI v -> CO v | ADDFX1   | 0.035 |   2.094 |    3.781 | 
     | 51                                                 |              |          |       |         |          | 
     | picorv32_core_genblk1.pcpi_mul_mul_2371_47_cdnfadd | CI v -> CO v | ADDFX1   | 0.034 |   2.128 |    3.815 | 
     | 52                                                 |              |          |       |         |          | 
     | picorv32_core_genblk1.pcpi_mul_mul_2371_47_cdnfadd | CI v -> CO v | ADDFX1   | 0.034 |   2.162 |    3.849 | 
     | 53                                                 |              |          |       |         |          | 
     | picorv32_core_genblk1.pcpi_mul_mul_2371_47_cdnfadd | CI v -> CO v | ADDFX1   | 0.036 |   2.197 |    3.884 | 
     | 54                                                 |              |          |       |         |          | 
     | picorv32_core_genblk1.pcpi_mul_mul_2371_47_cdnfadd | CI v -> CO v | ADDFX1   | 0.034 |   2.231 |    3.918 | 
     | 55                                                 |              |          |       |         |          | 
     | picorv32_core_genblk1.pcpi_mul_mul_2371_47_cdnfadd | CI v -> S ^  | ADDFX1   | 0.052 |   2.284 |    3.970 | 
     | 56                                                 |              |          |       |         |          | 
     | picorv32_core_genblk1.pcpi_mul_rd_reg[56]          | D ^          | DFFQXL   | 0.000 |   2.284 |    3.970 | 
     +-----------------------------------------------------------------------------------------------------------+ 
Path 9: MET Setup Check with Pin picorv32_core_genblk1.pcpi_mul_rd_reg[55]/CK 
Endpoint:   picorv32_core_genblk1.pcpi_mul_rd_reg[55]/D (^) checked with  
leading edge of 'clk'
Beginpoint: picorv32_core_genblk1.pcpi_mul_rs2_reg[5]/Q (^) triggered by  
leading edge of 'clk'
Path Groups: {reg2reg}
Analysis View: analysis1
Other End Arrival Time          0.004
- Setup                         0.013
+ Phase Shift                   4.000
- Uncertainty                   0.020
= Required Time                 3.970
- Arrival Time                  2.250
= Slack Time                    1.720
     Clock Rise Edge                 0.000
     + Clock Network Latency (Prop)  0.003
     = Beginpoint Arrival Time       0.003
     +-----------------------------------------------------------------------------------------------------------+ 
     |                      Instance                      |     Arc      |   Cell   | Delay | Arrival | Required | 
     |                                                    |              |          |       |  Time   |   Time   | 
     |----------------------------------------------------+--------------+----------+-------+---------+----------| 
     | picorv32_core_genblk1.pcpi_mul_rs2_reg[5]          | CK ^         |          |       |   0.003 |    1.723 | 
     | picorv32_core_genblk1.pcpi_mul_rs2_reg[5]          | CK ^ -> Q ^  | MDFFHQX1 | 0.126 |   0.129 |    1.849 | 
     | picorv32_core_genblk1.pcpi_mul_mul_2371_47_g14046  | A ^ -> Y v   | INVX1    | 0.049 |   0.178 |    1.898 | 
     | picorv32_core_genblk1.pcpi_mul_mul_2371_47_g13987  | B v -> Y ^   | XNOR2X1  | 0.031 |   0.209 |    1.929 | 
     | picorv32_core_genblk1.pcpi_mul_mul_2371_47_g13897  | A ^ -> Y ^   | OR2X1    | 0.086 |   0.295 |    2.015 | 
     | picorv32_core_genblk1.pcpi_mul_mul_2371_47_g13890  | A ^ -> Y v   | INVX1    | 0.052 |   0.346 |    2.066 | 
     | picorv32_core_genblk1.pcpi_mul_mul_2371_47_g13740  | A1 v -> Y ^  | OAI21X1  | 0.027 |   0.374 |    2.094 | 
     | picorv32_core_genblk1.pcpi_mul_mul_2371_47_g13494  | B ^ -> Y ^   | XNOR2X1  | 0.025 |   0.398 |    2.118 | 
     | picorv32_core_genblk1.pcpi_mul_mul_2371_47_g13440  | B ^ -> S v   | ADDHX1   | 0.031 |   0.429 |    2.149 | 
     | picorv32_core_genblk1.pcpi_mul_mul_2371_47_cdnfadd | A v -> CO v  | ADDFX1   | 0.035 |   0.465 |    2.185 | 
     | 3                                                  |              |          |       |         |          | 
     | picorv32_core_genblk1.pcpi_mul_mul_2371_47_cdnfadd | CI v -> CO v | ADDFX1   | 0.034 |   0.499 |    2.219 | 
     | 4                                                  |              |          |       |         |          | 
     | picorv32_core_genblk1.pcpi_mul_mul_2371_47_cdnfadd | CI v -> CO v | ADDFX1   | 0.034 |   0.533 |    2.253 | 
     | 5                                                  |              |          |       |         |          | 
     | picorv32_core_genblk1.pcpi_mul_mul_2371_47_cdnfadd | CI v -> CO v | ADDFX1   | 0.033 |   0.566 |    2.286 | 
     | 6                                                  |              |          |       |         |          | 
     | picorv32_core_genblk1.pcpi_mul_mul_2371_47_cdnfadd | CI v -> CO v | ADDFX1   | 0.034 |   0.600 |    2.320 | 
     | 7                                                  |              |          |       |         |          | 
     | picorv32_core_genblk1.pcpi_mul_mul_2371_47_cdnfadd | CI v -> CO v | ADDFX1   | 0.034 |   0.634 |    2.353 | 
     | 8                                                  |              |          |       |         |          | 
     | picorv32_core_genblk1.pcpi_mul_mul_2371_47_cdnfadd | CI v -> CO v | ADDFX1   | 0.033 |   0.667 |    2.387 | 
     | 9                                                  |              |          |       |         |          | 
     | picorv32_core_genblk1.pcpi_mul_mul_2371_47_cdnfadd | CI v -> CO v | ADDFX1   | 0.034 |   0.700 |    2.420 | 
     | 10                                                 |              |          |       |         |          | 
     | picorv32_core_genblk1.pcpi_mul_mul_2371_47_cdnfadd | CI v -> CO v | ADDFX1   | 0.033 |   0.734 |    2.453 | 
     | 11                                                 |              |          |       |         |          | 
     | picorv32_core_genblk1.pcpi_mul_mul_2371_47_cdnfadd | CI v -> CO v | ADDFX1   | 0.034 |   0.768 |    2.488 | 
     | 12                                                 |              |          |       |         |          | 
     | picorv32_core_genblk1.pcpi_mul_mul_2371_47_cdnfadd | CI v -> CO v | ADDFX1   | 0.034 |   0.801 |    2.521 | 
     | 13                                                 |              |          |       |         |          | 
     | picorv32_core_genblk1.pcpi_mul_mul_2371_47_cdnfadd | CI v -> CO v | ADDFX1   | 0.033 |   0.835 |    2.554 | 
     | 14                                                 |              |          |       |         |          | 
     | picorv32_core_genblk1.pcpi_mul_mul_2371_47_cdnfadd | CI v -> CO v | ADDFX1   | 0.033 |   0.868 |    2.588 | 
     | 15                                                 |              |          |       |         |          | 
     | picorv32_core_genblk1.pcpi_mul_mul_2371_47_cdnfadd | CI v -> CO v | ADDFX1   | 0.033 |   0.901 |    2.621 | 
     | 16                                                 |              |          |       |         |          | 
     | picorv32_core_genblk1.pcpi_mul_mul_2371_47_cdnfadd | CI v -> CO v | ADDFX1   | 0.034 |   0.934 |    2.654 | 
     | 17                                                 |              |          |       |         |          | 
     | picorv32_core_genblk1.pcpi_mul_mul_2371_47_cdnfadd | CI v -> CO v | ADDFX1   | 0.033 |   0.968 |    2.688 | 
     | 18                                                 |              |          |       |         |          | 
     | picorv32_core_genblk1.pcpi_mul_mul_2371_47_cdnfadd | CI v -> CO v | ADDFX1   | 0.034 |   1.001 |    2.721 | 
     | 19                                                 |              |          |       |         |          | 
     | picorv32_core_genblk1.pcpi_mul_mul_2371_47_cdnfadd | CI v -> CO v | ADDFX1   | 0.034 |   1.036 |    2.755 | 
     | 20                                                 |              |          |       |         |          | 
     | picorv32_core_genblk1.pcpi_mul_mul_2371_47_cdnfadd | CI v -> CO v | ADDFX1   | 0.033 |   1.069 |    2.789 | 
     | 21                                                 |              |          |       |         |          | 
     | picorv32_core_genblk1.pcpi_mul_mul_2371_47_cdnfadd | CI v -> CO v | ADDFX1   | 0.033 |   1.102 |    2.822 | 
     | 22                                                 |              |          |       |         |          | 
     | picorv32_core_genblk1.pcpi_mul_mul_2371_47_cdnfadd | CI v -> CO v | ADDFX1   | 0.033 |   1.136 |    2.855 | 
     | 23                                                 |              |          |       |         |          | 
     | picorv32_core_genblk1.pcpi_mul_mul_2371_47_cdnfadd | CI v -> CO v | ADDFX1   | 0.035 |   1.171 |    2.891 | 
     | 24                                                 |              |          |       |         |          | 
     | picorv32_core_genblk1.pcpi_mul_mul_2371_47_cdnfadd | CI v -> CO v | ADDFX1   | 0.035 |   1.206 |    2.926 | 
     | 25                                                 |              |          |       |         |          | 
     | picorv32_core_genblk1.pcpi_mul_mul_2371_47_cdnfadd | CI v -> CO v | ADDFX1   | 0.033 |   1.239 |    2.959 | 
     | 26                                                 |              |          |       |         |          | 
     | picorv32_core_genblk1.pcpi_mul_mul_2371_47_cdnfadd | CI v -> CO v | ADDFX1   | 0.034 |   1.273 |    2.993 | 
     | 27                                                 |              |          |       |         |          | 
     | picorv32_core_genblk1.pcpi_mul_mul_2371_47_cdnfadd | CI v -> CO v | ADDFX1   | 0.034 |   1.307 |    3.027 | 
     | 28                                                 |              |          |       |         |          | 
     | picorv32_core_genblk1.pcpi_mul_mul_2371_47_cdnfadd | CI v -> CO v | ADDFX1   | 0.034 |   1.341 |    3.061 | 
     | 29                                                 |              |          |       |         |          | 
     | picorv32_core_genblk1.pcpi_mul_mul_2371_47_cdnfadd | CI v -> CO v | ADDFX1   | 0.035 |   1.375 |    3.095 | 
     | 30                                                 |              |          |       |         |          | 
     | picorv32_core_genblk1.pcpi_mul_mul_2371_47_cdnfadd | CI v -> CO v | ADDFX1   | 0.039 |   1.414 |    3.134 | 
     | 31                                                 |              |          |       |         |          | 
     | picorv32_core_genblk1.pcpi_mul_mul_2371_47_cdnfadd | CI v -> CO v | ADDFX1   | 0.036 |   1.450 |    3.170 | 
     | 32                                                 |              |          |       |         |          | 
     | picorv32_core_genblk1.pcpi_mul_mul_2371_47_cdnfadd | CI v -> CO v | ADDFX1   | 0.034 |   1.484 |    3.204 | 
     | 33                                                 |              |          |       |         |          | 
     | picorv32_core_genblk1.pcpi_mul_mul_2371_47_cdnfadd | CI v -> CO v | ADDFX1   | 0.035 |   1.519 |    3.238 | 
     | 34                                                 |              |          |       |         |          | 
     | picorv32_core_genblk1.pcpi_mul_mul_2371_47_cdnfadd | CI v -> CO v | ADDFX1   | 0.034 |   1.552 |    3.272 | 
     | 35                                                 |              |          |       |         |          | 
     | picorv32_core_genblk1.pcpi_mul_mul_2371_47_cdnfadd | CI v -> CO v | ADDFX1   | 0.033 |   1.586 |    3.305 | 
     | 36                                                 |              |          |       |         |          | 
     | picorv32_core_genblk1.pcpi_mul_mul_2371_47_cdnfadd | CI v -> CO v | ADDFX1   | 0.033 |   1.619 |    3.339 | 
     | 37                                                 |              |          |       |         |          | 
     | picorv32_core_genblk1.pcpi_mul_mul_2371_47_cdnfadd | CI v -> CO v | ADDFX1   | 0.034 |   1.652 |    3.372 | 
     | 38                                                 |              |          |       |         |          | 
     | picorv32_core_genblk1.pcpi_mul_mul_2371_47_cdnfadd | CI v -> CO v | ADDFX1   | 0.033 |   1.686 |    3.405 | 
     | 39                                                 |              |          |       |         |          | 
     | picorv32_core_genblk1.pcpi_mul_mul_2371_47_cdnfadd | CI v -> CO v | ADDFX1   | 0.033 |   1.719 |    3.439 | 
     | 40                                                 |              |          |       |         |          | 
     | picorv32_core_genblk1.pcpi_mul_mul_2371_47_cdnfadd | CI v -> CO v | ADDFX1   | 0.033 |   1.752 |    3.472 | 
     | 41                                                 |              |          |       |         |          | 
     | picorv32_core_genblk1.pcpi_mul_mul_2371_47_cdnfadd | CI v -> CO v | ADDFX1   | 0.034 |   1.786 |    3.506 | 
     | 42                                                 |              |          |       |         |          | 
     | picorv32_core_genblk1.pcpi_mul_mul_2371_47_cdnfadd | CI v -> CO v | ADDFX1   | 0.034 |   1.820 |    3.540 | 
     | 43                                                 |              |          |       |         |          | 
     | picorv32_core_genblk1.pcpi_mul_mul_2371_47_cdnfadd | CI v -> CO v | ADDFX1   | 0.035 |   1.855 |    3.575 | 
     | 44                                                 |              |          |       |         |          | 
     | picorv32_core_genblk1.pcpi_mul_mul_2371_47_cdnfadd | CI v -> CO v | ADDFX1   | 0.034 |   1.889 |    3.609 | 
     | 45                                                 |              |          |       |         |          | 
     | picorv32_core_genblk1.pcpi_mul_mul_2371_47_cdnfadd | CI v -> CO v | ADDFX1   | 0.035 |   1.924 |    3.643 | 
     | 46                                                 |              |          |       |         |          | 
     | picorv32_core_genblk1.pcpi_mul_mul_2371_47_cdnfadd | CI v -> CO v | ADDFX1   | 0.033 |   1.957 |    3.677 | 
     | 47                                                 |              |          |       |         |          | 
     | picorv32_core_genblk1.pcpi_mul_mul_2371_47_cdnfadd | CI v -> CO v | ADDFX1   | 0.035 |   1.992 |    3.712 | 
     | 48                                                 |              |          |       |         |          | 
     | picorv32_core_genblk1.pcpi_mul_mul_2371_47_cdnfadd | CI v -> CO v | ADDFX1   | 0.034 |   2.026 |    3.746 | 
     | 49                                                 |              |          |       |         |          | 
     | picorv32_core_genblk1.pcpi_mul_mul_2371_47_cdnfadd | CI v -> CO v | ADDFX1   | 0.033 |   2.060 |    3.780 | 
     | 50                                                 |              |          |       |         |          | 
     | picorv32_core_genblk1.pcpi_mul_mul_2371_47_cdnfadd | CI v -> CO v | ADDFX1   | 0.035 |   2.094 |    3.814 | 
     | 51                                                 |              |          |       |         |          | 
     | picorv32_core_genblk1.pcpi_mul_mul_2371_47_cdnfadd | CI v -> CO v | ADDFX1   | 0.034 |   2.128 |    3.848 | 
     | 52                                                 |              |          |       |         |          | 
     | picorv32_core_genblk1.pcpi_mul_mul_2371_47_cdnfadd | CI v -> CO v | ADDFX1   | 0.034 |   2.162 |    3.882 | 
     | 53                                                 |              |          |       |         |          | 
     | picorv32_core_genblk1.pcpi_mul_mul_2371_47_cdnfadd | CI v -> CO v | ADDFX1   | 0.036 |   2.197 |    3.917 | 
     | 54                                                 |              |          |       |         |          | 
     | picorv32_core_genblk1.pcpi_mul_mul_2371_47_cdnfadd | CI v -> S ^  | ADDFX1   | 0.053 |   2.250 |    3.970 | 
     | 55                                                 |              |          |       |         |          | 
     | picorv32_core_genblk1.pcpi_mul_rd_reg[55]          | D ^          | DFFQXL   | 0.000 |   2.250 |    3.970 | 
     +-----------------------------------------------------------------------------------------------------------+ 
Path 10: MET Setup Check with Pin picorv32_core_genblk1.pcpi_mul_rd_reg[54]/CK 
Endpoint:   picorv32_core_genblk1.pcpi_mul_rd_reg[54]/D (^) checked with  
leading edge of 'clk'
Beginpoint: picorv32_core_genblk1.pcpi_mul_rs2_reg[5]/Q (^) triggered by  
leading edge of 'clk'
Path Groups: {reg2reg}
Analysis View: analysis1
Other End Arrival Time          0.004
- Setup                         0.013
+ Phase Shift                   4.000
- Uncertainty                   0.020
= Required Time                 3.970
- Arrival Time                  2.213
= Slack Time                    1.758
     Clock Rise Edge                 0.000
     + Clock Network Latency (Prop)  0.003
     = Beginpoint Arrival Time       0.003
     +-----------------------------------------------------------------------------------------------------------+ 
     |                      Instance                      |     Arc      |   Cell   | Delay | Arrival | Required | 
     |                                                    |              |          |       |  Time   |   Time   | 
     |----------------------------------------------------+--------------+----------+-------+---------+----------| 
     | picorv32_core_genblk1.pcpi_mul_rs2_reg[5]          | CK ^         |          |       |   0.003 |    1.761 | 
     | picorv32_core_genblk1.pcpi_mul_rs2_reg[5]          | CK ^ -> Q ^  | MDFFHQX1 | 0.126 |   0.129 |    1.887 | 
     | picorv32_core_genblk1.pcpi_mul_mul_2371_47_g14046  | A ^ -> Y v   | INVX1    | 0.049 |   0.178 |    1.936 | 
     | picorv32_core_genblk1.pcpi_mul_mul_2371_47_g13987  | B v -> Y ^   | XNOR2X1  | 0.031 |   0.209 |    1.966 | 
     | picorv32_core_genblk1.pcpi_mul_mul_2371_47_g13897  | A ^ -> Y ^   | OR2X1    | 0.086 |   0.295 |    2.052 | 
     | picorv32_core_genblk1.pcpi_mul_mul_2371_47_g13890  | A ^ -> Y v   | INVX1    | 0.052 |   0.346 |    2.104 | 
     | picorv32_core_genblk1.pcpi_mul_mul_2371_47_g13740  | A1 v -> Y ^  | OAI21X1  | 0.027 |   0.374 |    2.131 | 
     | picorv32_core_genblk1.pcpi_mul_mul_2371_47_g13494  | B ^ -> Y ^   | XNOR2X1  | 0.025 |   0.398 |    2.156 | 
     | picorv32_core_genblk1.pcpi_mul_mul_2371_47_g13440  | B ^ -> S v   | ADDHX1   | 0.031 |   0.429 |    2.187 | 
     | picorv32_core_genblk1.pcpi_mul_mul_2371_47_cdnfadd | A v -> CO v  | ADDFX1   | 0.035 |   0.465 |    2.222 | 
     | 3                                                  |              |          |       |         |          | 
     | picorv32_core_genblk1.pcpi_mul_mul_2371_47_cdnfadd | CI v -> CO v | ADDFX1   | 0.034 |   0.499 |    2.256 | 
     | 4                                                  |              |          |       |         |          | 
     | picorv32_core_genblk1.pcpi_mul_mul_2371_47_cdnfadd | CI v -> CO v | ADDFX1   | 0.034 |   0.533 |    2.290 | 
     | 5                                                  |              |          |       |         |          | 
     | picorv32_core_genblk1.pcpi_mul_mul_2371_47_cdnfadd | CI v -> CO v | ADDFX1   | 0.033 |   0.566 |    2.324 | 
     | 6                                                  |              |          |       |         |          | 
     | picorv32_core_genblk1.pcpi_mul_mul_2371_47_cdnfadd | CI v -> CO v | ADDFX1   | 0.034 |   0.600 |    2.358 | 
     | 7                                                  |              |          |       |         |          | 
     | picorv32_core_genblk1.pcpi_mul_mul_2371_47_cdnfadd | CI v -> CO v | ADDFX1   | 0.034 |   0.634 |    2.391 | 
     | 8                                                  |              |          |       |         |          | 
     | picorv32_core_genblk1.pcpi_mul_mul_2371_47_cdnfadd | CI v -> CO v | ADDFX1   | 0.033 |   0.667 |    2.424 | 
     | 9                                                  |              |          |       |         |          | 
     | picorv32_core_genblk1.pcpi_mul_mul_2371_47_cdnfadd | CI v -> CO v | ADDFX1   | 0.034 |   0.700 |    2.458 | 
     | 10                                                 |              |          |       |         |          | 
     | picorv32_core_genblk1.pcpi_mul_mul_2371_47_cdnfadd | CI v -> CO v | ADDFX1   | 0.033 |   0.734 |    2.491 | 
     | 11                                                 |              |          |       |         |          | 
     | picorv32_core_genblk1.pcpi_mul_mul_2371_47_cdnfadd | CI v -> CO v | ADDFX1   | 0.034 |   0.768 |    2.525 | 
     | 12                                                 |              |          |       |         |          | 
     | picorv32_core_genblk1.pcpi_mul_mul_2371_47_cdnfadd | CI v -> CO v | ADDFX1   | 0.034 |   0.801 |    2.559 | 
     | 13                                                 |              |          |       |         |          | 
     | picorv32_core_genblk1.pcpi_mul_mul_2371_47_cdnfadd | CI v -> CO v | ADDFX1   | 0.033 |   0.835 |    2.592 | 
     | 14                                                 |              |          |       |         |          | 
     | picorv32_core_genblk1.pcpi_mul_mul_2371_47_cdnfadd | CI v -> CO v | ADDFX1   | 0.033 |   0.868 |    2.625 | 
     | 15                                                 |              |          |       |         |          | 
     | picorv32_core_genblk1.pcpi_mul_mul_2371_47_cdnfadd | CI v -> CO v | ADDFX1   | 0.033 |   0.901 |    2.658 | 
     | 16                                                 |              |          |       |         |          | 
     | picorv32_core_genblk1.pcpi_mul_mul_2371_47_cdnfadd | CI v -> CO v | ADDFX1   | 0.034 |   0.934 |    2.692 | 
     | 17                                                 |              |          |       |         |          | 
     | picorv32_core_genblk1.pcpi_mul_mul_2371_47_cdnfadd | CI v -> CO v | ADDFX1   | 0.033 |   0.968 |    2.725 | 
     | 18                                                 |              |          |       |         |          | 
     | picorv32_core_genblk1.pcpi_mul_mul_2371_47_cdnfadd | CI v -> CO v | ADDFX1   | 0.034 |   1.001 |    2.759 | 
     | 19                                                 |              |          |       |         |          | 
     | picorv32_core_genblk1.pcpi_mul_mul_2371_47_cdnfadd | CI v -> CO v | ADDFX1   | 0.034 |   1.036 |    2.793 | 
     | 20                                                 |              |          |       |         |          | 
     | picorv32_core_genblk1.pcpi_mul_mul_2371_47_cdnfadd | CI v -> CO v | ADDFX1   | 0.033 |   1.069 |    2.827 | 
     | 21                                                 |              |          |       |         |          | 
     | picorv32_core_genblk1.pcpi_mul_mul_2371_47_cdnfadd | CI v -> CO v | ADDFX1   | 0.033 |   1.102 |    2.860 | 
     | 22                                                 |              |          |       |         |          | 
     | picorv32_core_genblk1.pcpi_mul_mul_2371_47_cdnfadd | CI v -> CO v | ADDFX1   | 0.033 |   1.136 |    2.893 | 
     | 23                                                 |              |          |       |         |          | 
     | picorv32_core_genblk1.pcpi_mul_mul_2371_47_cdnfadd | CI v -> CO v | ADDFX1   | 0.035 |   1.171 |    2.929 | 
     | 24                                                 |              |          |       |         |          | 
     | picorv32_core_genblk1.pcpi_mul_mul_2371_47_cdnfadd | CI v -> CO v | ADDFX1   | 0.035 |   1.206 |    2.963 | 
     | 25                                                 |              |          |       |         |          | 
     | picorv32_core_genblk1.pcpi_mul_mul_2371_47_cdnfadd | CI v -> CO v | ADDFX1   | 0.033 |   1.239 |    2.997 | 
     | 26                                                 |              |          |       |         |          | 
     | picorv32_core_genblk1.pcpi_mul_mul_2371_47_cdnfadd | CI v -> CO v | ADDFX1   | 0.034 |   1.273 |    3.031 | 
     | 27                                                 |              |          |       |         |          | 
     | picorv32_core_genblk1.pcpi_mul_mul_2371_47_cdnfadd | CI v -> CO v | ADDFX1   | 0.034 |   1.307 |    3.065 | 
     | 28                                                 |              |          |       |         |          | 
     | picorv32_core_genblk1.pcpi_mul_mul_2371_47_cdnfadd | CI v -> CO v | ADDFX1   | 0.034 |   1.341 |    3.098 | 
     | 29                                                 |              |          |       |         |          | 
     | picorv32_core_genblk1.pcpi_mul_mul_2371_47_cdnfadd | CI v -> CO v | ADDFX1   | 0.035 |   1.375 |    3.133 | 
     | 30                                                 |              |          |       |         |          | 
     | picorv32_core_genblk1.pcpi_mul_mul_2371_47_cdnfadd | CI v -> CO v | ADDFX1   | 0.039 |   1.414 |    3.172 | 
     | 31                                                 |              |          |       |         |          | 
     | picorv32_core_genblk1.pcpi_mul_mul_2371_47_cdnfadd | CI v -> CO v | ADDFX1   | 0.036 |   1.450 |    3.207 | 
     | 32                                                 |              |          |       |         |          | 
     | picorv32_core_genblk1.pcpi_mul_mul_2371_47_cdnfadd | CI v -> CO v | ADDFX1   | 0.034 |   1.484 |    3.241 | 
     | 33                                                 |              |          |       |         |          | 
     | picorv32_core_genblk1.pcpi_mul_mul_2371_47_cdnfadd | CI v -> CO v | ADDFX1   | 0.035 |   1.519 |    3.276 | 
     | 34                                                 |              |          |       |         |          | 
     | picorv32_core_genblk1.pcpi_mul_mul_2371_47_cdnfadd | CI v -> CO v | ADDFX1   | 0.034 |   1.552 |    3.310 | 
     | 35                                                 |              |          |       |         |          | 
     | picorv32_core_genblk1.pcpi_mul_mul_2371_47_cdnfadd | CI v -> CO v | ADDFX1   | 0.033 |   1.586 |    3.343 | 
     | 36                                                 |              |          |       |         |          | 
     | picorv32_core_genblk1.pcpi_mul_mul_2371_47_cdnfadd | CI v -> CO v | ADDFX1   | 0.033 |   1.619 |    3.376 | 
     | 37                                                 |              |          |       |         |          | 
     | picorv32_core_genblk1.pcpi_mul_mul_2371_47_cdnfadd | CI v -> CO v | ADDFX1   | 0.034 |   1.652 |    3.410 | 
     | 38                                                 |              |          |       |         |          | 
     | picorv32_core_genblk1.pcpi_mul_mul_2371_47_cdnfadd | CI v -> CO v | ADDFX1   | 0.033 |   1.686 |    3.443 | 
     | 39                                                 |              |          |       |         |          | 
     | picorv32_core_genblk1.pcpi_mul_mul_2371_47_cdnfadd | CI v -> CO v | ADDFX1   | 0.033 |   1.719 |    3.476 | 
     | 40                                                 |              |          |       |         |          | 
     | picorv32_core_genblk1.pcpi_mul_mul_2371_47_cdnfadd | CI v -> CO v | ADDFX1   | 0.033 |   1.752 |    3.509 | 
     | 41                                                 |              |          |       |         |          | 
     | picorv32_core_genblk1.pcpi_mul_mul_2371_47_cdnfadd | CI v -> CO v | ADDFX1   | 0.034 |   1.786 |    3.543 | 
     | 42                                                 |              |          |       |         |          | 
     | picorv32_core_genblk1.pcpi_mul_mul_2371_47_cdnfadd | CI v -> CO v | ADDFX1   | 0.034 |   1.820 |    3.578 | 
     | 43                                                 |              |          |       |         |          | 
     | picorv32_core_genblk1.pcpi_mul_mul_2371_47_cdnfadd | CI v -> CO v | ADDFX1   | 0.035 |   1.855 |    3.612 | 
     | 44                                                 |              |          |       |         |          | 
     | picorv32_core_genblk1.pcpi_mul_mul_2371_47_cdnfadd | CI v -> CO v | ADDFX1   | 0.034 |   1.889 |    3.646 | 
     | 45                                                 |              |          |       |         |          | 
     | picorv32_core_genblk1.pcpi_mul_mul_2371_47_cdnfadd | CI v -> CO v | ADDFX1   | 0.035 |   1.924 |    3.681 | 
     | 46                                                 |              |          |       |         |          | 
     | picorv32_core_genblk1.pcpi_mul_mul_2371_47_cdnfadd | CI v -> CO v | ADDFX1   | 0.033 |   1.957 |    3.715 | 
     | 47                                                 |              |          |       |         |          | 
     | picorv32_core_genblk1.pcpi_mul_mul_2371_47_cdnfadd | CI v -> CO v | ADDFX1   | 0.035 |   1.992 |    3.750 | 
     | 48                                                 |              |          |       |         |          | 
     | picorv32_core_genblk1.pcpi_mul_mul_2371_47_cdnfadd | CI v -> CO v | ADDFX1   | 0.034 |   2.026 |    3.784 | 
     | 49                                                 |              |          |       |         |          | 
     | picorv32_core_genblk1.pcpi_mul_mul_2371_47_cdnfadd | CI v -> CO v | ADDFX1   | 0.033 |   2.060 |    3.817 | 
     | 50                                                 |              |          |       |         |          | 
     | picorv32_core_genblk1.pcpi_mul_mul_2371_47_cdnfadd | CI v -> CO v | ADDFX1   | 0.035 |   2.094 |    3.852 | 
     | 51                                                 |              |          |       |         |          | 
     | picorv32_core_genblk1.pcpi_mul_mul_2371_47_cdnfadd | CI v -> CO v | ADDFX1   | 0.034 |   2.128 |    3.886 | 
     | 52                                                 |              |          |       |         |          | 
     | picorv32_core_genblk1.pcpi_mul_mul_2371_47_cdnfadd | CI v -> CO v | ADDFX1   | 0.034 |   2.162 |    3.919 | 
     | 53                                                 |              |          |       |         |          | 
     | picorv32_core_genblk1.pcpi_mul_mul_2371_47_cdnfadd | CI v -> S ^  | ADDFX1   | 0.051 |   2.213 |    3.970 | 
     | 54                                                 |              |          |       |         |          | 
     | picorv32_core_genblk1.pcpi_mul_rd_reg[54]          | D ^          | DFFQXL   | 0.000 |   2.213 |    3.970 | 
     +-----------------------------------------------------------------------------------------------------------+ 
Path 11: MET Setup Check with Pin picorv32_core_genblk1.pcpi_mul_rd_reg[53]/CK 
Endpoint:   picorv32_core_genblk1.pcpi_mul_rd_reg[53]/D (^) checked with  
leading edge of 'clk'
Beginpoint: picorv32_core_genblk1.pcpi_mul_rs2_reg[5]/Q (^) triggered by  
leading edge of 'clk'
Path Groups: {reg2reg}
Analysis View: analysis1
Other End Arrival Time          0.004
- Setup                         0.013
+ Phase Shift                   4.000
- Uncertainty                   0.020
= Required Time                 3.970
- Arrival Time                  2.179
= Slack Time                    1.792
     Clock Rise Edge                 0.000
     + Clock Network Latency (Prop)  0.003
     = Beginpoint Arrival Time       0.003
     +-----------------------------------------------------------------------------------------------------------+ 
     |                      Instance                      |     Arc      |   Cell   | Delay | Arrival | Required | 
     |                                                    |              |          |       |  Time   |   Time   | 
     |----------------------------------------------------+--------------+----------+-------+---------+----------| 
     | picorv32_core_genblk1.pcpi_mul_rs2_reg[5]          | CK ^         |          |       |   0.003 |    1.795 | 
     | picorv32_core_genblk1.pcpi_mul_rs2_reg[5]          | CK ^ -> Q ^  | MDFFHQX1 | 0.126 |   0.129 |    1.921 | 
     | picorv32_core_genblk1.pcpi_mul_mul_2371_47_g14046  | A ^ -> Y v   | INVX1    | 0.049 |   0.178 |    1.970 | 
     | picorv32_core_genblk1.pcpi_mul_mul_2371_47_g13987  | B v -> Y ^   | XNOR2X1  | 0.031 |   0.209 |    2.001 | 
     | picorv32_core_genblk1.pcpi_mul_mul_2371_47_g13897  | A ^ -> Y ^   | OR2X1    | 0.086 |   0.295 |    2.087 | 
     | picorv32_core_genblk1.pcpi_mul_mul_2371_47_g13890  | A ^ -> Y v   | INVX1    | 0.052 |   0.346 |    2.138 | 
     | picorv32_core_genblk1.pcpi_mul_mul_2371_47_g13740  | A1 v -> Y ^  | OAI21X1  | 0.027 |   0.374 |    2.166 | 
     | picorv32_core_genblk1.pcpi_mul_mul_2371_47_g13494  | B ^ -> Y ^   | XNOR2X1  | 0.025 |   0.398 |    2.190 | 
     | picorv32_core_genblk1.pcpi_mul_mul_2371_47_g13440  | B ^ -> S v   | ADDHX1   | 0.031 |   0.429 |    2.221 | 
     | picorv32_core_genblk1.pcpi_mul_mul_2371_47_cdnfadd | A v -> CO v  | ADDFX1   | 0.035 |   0.465 |    2.257 | 
     | 3                                                  |              |          |       |         |          | 
     | picorv32_core_genblk1.pcpi_mul_mul_2371_47_cdnfadd | CI v -> CO v | ADDFX1   | 0.034 |   0.499 |    2.291 | 
     | 4                                                  |              |          |       |         |          | 
     | picorv32_core_genblk1.pcpi_mul_mul_2371_47_cdnfadd | CI v -> CO v | ADDFX1   | 0.034 |   0.533 |    2.325 | 
     | 5                                                  |              |          |       |         |          | 
     | picorv32_core_genblk1.pcpi_mul_mul_2371_47_cdnfadd | CI v -> CO v | ADDFX1   | 0.033 |   0.566 |    2.358 | 
     | 6                                                  |              |          |       |         |          | 
     | picorv32_core_genblk1.pcpi_mul_mul_2371_47_cdnfadd | CI v -> CO v | ADDFX1   | 0.034 |   0.600 |    2.392 | 
     | 7                                                  |              |          |       |         |          | 
     | picorv32_core_genblk1.pcpi_mul_mul_2371_47_cdnfadd | CI v -> CO v | ADDFX1   | 0.034 |   0.634 |    2.425 | 
     | 8                                                  |              |          |       |         |          | 
     | picorv32_core_genblk1.pcpi_mul_mul_2371_47_cdnfadd | CI v -> CO v | ADDFX1   | 0.033 |   0.667 |    2.459 | 
     | 9                                                  |              |          |       |         |          | 
     | picorv32_core_genblk1.pcpi_mul_mul_2371_47_cdnfadd | CI v -> CO v | ADDFX1   | 0.034 |   0.700 |    2.492 | 
     | 10                                                 |              |          |       |         |          | 
     | picorv32_core_genblk1.pcpi_mul_mul_2371_47_cdnfadd | CI v -> CO v | ADDFX1   | 0.033 |   0.734 |    2.525 | 
     | 11                                                 |              |          |       |         |          | 
     | picorv32_core_genblk1.pcpi_mul_mul_2371_47_cdnfadd | CI v -> CO v | ADDFX1   | 0.034 |   0.768 |    2.560 | 
     | 12                                                 |              |          |       |         |          | 
     | picorv32_core_genblk1.pcpi_mul_mul_2371_47_cdnfadd | CI v -> CO v | ADDFX1   | 0.034 |   0.801 |    2.593 | 
     | 13                                                 |              |          |       |         |          | 
     | picorv32_core_genblk1.pcpi_mul_mul_2371_47_cdnfadd | CI v -> CO v | ADDFX1   | 0.033 |   0.835 |    2.626 | 
     | 14                                                 |              |          |       |         |          | 
     | picorv32_core_genblk1.pcpi_mul_mul_2371_47_cdnfadd | CI v -> CO v | ADDFX1   | 0.033 |   0.868 |    2.660 | 
     | 15                                                 |              |          |       |         |          | 
     | picorv32_core_genblk1.pcpi_mul_mul_2371_47_cdnfadd | CI v -> CO v | ADDFX1   | 0.033 |   0.901 |    2.693 | 
     | 16                                                 |              |          |       |         |          | 
     | picorv32_core_genblk1.pcpi_mul_mul_2371_47_cdnfadd | CI v -> CO v | ADDFX1   | 0.034 |   0.934 |    2.726 | 
     | 17                                                 |              |          |       |         |          | 
     | picorv32_core_genblk1.pcpi_mul_mul_2371_47_cdnfadd | CI v -> CO v | ADDFX1   | 0.033 |   0.968 |    2.760 | 
     | 18                                                 |              |          |       |         |          | 
     | picorv32_core_genblk1.pcpi_mul_mul_2371_47_cdnfadd | CI v -> CO v | ADDFX1   | 0.034 |   1.001 |    2.793 | 
     | 19                                                 |              |          |       |         |          | 
     | picorv32_core_genblk1.pcpi_mul_mul_2371_47_cdnfadd | CI v -> CO v | ADDFX1   | 0.034 |   1.036 |    2.827 | 
     | 20                                                 |              |          |       |         |          | 
     | picorv32_core_genblk1.pcpi_mul_mul_2371_47_cdnfadd | CI v -> CO v | ADDFX1   | 0.033 |   1.069 |    2.861 | 
     | 21                                                 |              |          |       |         |          | 
     | picorv32_core_genblk1.pcpi_mul_mul_2371_47_cdnfadd | CI v -> CO v | ADDFX1   | 0.033 |   1.102 |    2.894 | 
     | 22                                                 |              |          |       |         |          | 
     | picorv32_core_genblk1.pcpi_mul_mul_2371_47_cdnfadd | CI v -> CO v | ADDFX1   | 0.033 |   1.136 |    2.928 | 
     | 23                                                 |              |          |       |         |          | 
     | picorv32_core_genblk1.pcpi_mul_mul_2371_47_cdnfadd | CI v -> CO v | ADDFX1   | 0.035 |   1.171 |    2.963 | 
     | 24                                                 |              |          |       |         |          | 
     | picorv32_core_genblk1.pcpi_mul_mul_2371_47_cdnfadd | CI v -> CO v | ADDFX1   | 0.035 |   1.206 |    2.998 | 
     | 25                                                 |              |          |       |         |          | 
     | picorv32_core_genblk1.pcpi_mul_mul_2371_47_cdnfadd | CI v -> CO v | ADDFX1   | 0.033 |   1.239 |    3.031 | 
     | 26                                                 |              |          |       |         |          | 
     | picorv32_core_genblk1.pcpi_mul_mul_2371_47_cdnfadd | CI v -> CO v | ADDFX1   | 0.034 |   1.273 |    3.065 | 
     | 27                                                 |              |          |       |         |          | 
     | picorv32_core_genblk1.pcpi_mul_mul_2371_47_cdnfadd | CI v -> CO v | ADDFX1   | 0.034 |   1.307 |    3.099 | 
     | 28                                                 |              |          |       |         |          | 
     | picorv32_core_genblk1.pcpi_mul_mul_2371_47_cdnfadd | CI v -> CO v | ADDFX1   | 0.034 |   1.341 |    3.133 | 
     | 29                                                 |              |          |       |         |          | 
     | picorv32_core_genblk1.pcpi_mul_mul_2371_47_cdnfadd | CI v -> CO v | ADDFX1   | 0.035 |   1.375 |    3.167 | 
     | 30                                                 |              |          |       |         |          | 
     | picorv32_core_genblk1.pcpi_mul_mul_2371_47_cdnfadd | CI v -> CO v | ADDFX1   | 0.039 |   1.414 |    3.206 | 
     | 31                                                 |              |          |       |         |          | 
     | picorv32_core_genblk1.pcpi_mul_mul_2371_47_cdnfadd | CI v -> CO v | ADDFX1   | 0.036 |   1.450 |    3.242 | 
     | 32                                                 |              |          |       |         |          | 
     | picorv32_core_genblk1.pcpi_mul_mul_2371_47_cdnfadd | CI v -> CO v | ADDFX1   | 0.034 |   1.484 |    3.276 | 
     | 33                                                 |              |          |       |         |          | 
     | picorv32_core_genblk1.pcpi_mul_mul_2371_47_cdnfadd | CI v -> CO v | ADDFX1   | 0.035 |   1.519 |    3.311 | 
     | 34                                                 |              |          |       |         |          | 
     | picorv32_core_genblk1.pcpi_mul_mul_2371_47_cdnfadd | CI v -> CO v | ADDFX1   | 0.034 |   1.552 |    3.344 | 
     | 35                                                 |              |          |       |         |          | 
     | picorv32_core_genblk1.pcpi_mul_mul_2371_47_cdnfadd | CI v -> CO v | ADDFX1   | 0.033 |   1.586 |    3.378 | 
     | 36                                                 |              |          |       |         |          | 
     | picorv32_core_genblk1.pcpi_mul_mul_2371_47_cdnfadd | CI v -> CO v | ADDFX1   | 0.033 |   1.619 |    3.411 | 
     | 37                                                 |              |          |       |         |          | 
     | picorv32_core_genblk1.pcpi_mul_mul_2371_47_cdnfadd | CI v -> CO v | ADDFX1   | 0.034 |   1.652 |    3.444 | 
     | 38                                                 |              |          |       |         |          | 
     | picorv32_core_genblk1.pcpi_mul_mul_2371_47_cdnfadd | CI v -> CO v | ADDFX1   | 0.033 |   1.686 |    3.478 | 
     | 39                                                 |              |          |       |         |          | 
     | picorv32_core_genblk1.pcpi_mul_mul_2371_47_cdnfadd | CI v -> CO v | ADDFX1   | 0.033 |   1.719 |    3.511 | 
     | 40                                                 |              |          |       |         |          | 
     | picorv32_core_genblk1.pcpi_mul_mul_2371_47_cdnfadd | CI v -> CO v | ADDFX1   | 0.033 |   1.752 |    3.544 | 
     | 41                                                 |              |          |       |         |          | 
     | picorv32_core_genblk1.pcpi_mul_mul_2371_47_cdnfadd | CI v -> CO v | ADDFX1   | 0.034 |   1.786 |    3.578 | 
     | 42                                                 |              |          |       |         |          | 
     | picorv32_core_genblk1.pcpi_mul_mul_2371_47_cdnfadd | CI v -> CO v | ADDFX1   | 0.034 |   1.820 |    3.612 | 
     | 43                                                 |              |          |       |         |          | 
     | picorv32_core_genblk1.pcpi_mul_mul_2371_47_cdnfadd | CI v -> CO v | ADDFX1   | 0.035 |   1.855 |    3.647 | 
     | 44                                                 |              |          |       |         |          | 
     | picorv32_core_genblk1.pcpi_mul_mul_2371_47_cdnfadd | CI v -> CO v | ADDFX1   | 0.034 |   1.889 |    3.681 | 
     | 45                                                 |              |          |       |         |          | 
     | picorv32_core_genblk1.pcpi_mul_mul_2371_47_cdnfadd | CI v -> CO v | ADDFX1   | 0.035 |   1.924 |    3.715 | 
     | 46                                                 |              |          |       |         |          | 
     | picorv32_core_genblk1.pcpi_mul_mul_2371_47_cdnfadd | CI v -> CO v | ADDFX1   | 0.033 |   1.957 |    3.749 | 
     | 47                                                 |              |          |       |         |          | 
     | picorv32_core_genblk1.pcpi_mul_mul_2371_47_cdnfadd | CI v -> CO v | ADDFX1   | 0.035 |   1.992 |    3.784 | 
     | 48                                                 |              |          |       |         |          | 
     | picorv32_core_genblk1.pcpi_mul_mul_2371_47_cdnfadd | CI v -> CO v | ADDFX1   | 0.034 |   2.026 |    3.818 | 
     | 49                                                 |              |          |       |         |          | 
     | picorv32_core_genblk1.pcpi_mul_mul_2371_47_cdnfadd | CI v -> CO v | ADDFX1   | 0.033 |   2.060 |    3.852 | 
     | 50                                                 |              |          |       |         |          | 
     | picorv32_core_genblk1.pcpi_mul_mul_2371_47_cdnfadd | CI v -> CO v | ADDFX1   | 0.035 |   2.094 |    3.886 | 
     | 51                                                 |              |          |       |         |          | 
     | picorv32_core_genblk1.pcpi_mul_mul_2371_47_cdnfadd | CI v -> CO v | ADDFX1   | 0.034 |   2.128 |    3.920 | 
     | 52                                                 |              |          |       |         |          | 
     | picorv32_core_genblk1.pcpi_mul_mul_2371_47_cdnfadd | CI v -> S ^  | ADDFX1   | 0.050 |   2.178 |    3.970 | 
     | 53                                                 |              |          |       |         |          | 
     | picorv32_core_genblk1.pcpi_mul_rd_reg[53]          | D ^          | DFFQXL   | 0.000 |   2.179 |    3.970 | 
     +-----------------------------------------------------------------------------------------------------------+ 
Path 12: MET Setup Check with Pin picorv32_core_genblk1.pcpi_mul_rd_reg[52]/CK 
Endpoint:   picorv32_core_genblk1.pcpi_mul_rd_reg[52]/D (^) checked with  
leading edge of 'clk'
Beginpoint: picorv32_core_genblk1.pcpi_mul_rs2_reg[5]/Q (^) triggered by  
leading edge of 'clk'
Path Groups: {reg2reg}
Analysis View: analysis1
Other End Arrival Time          0.004
- Setup                         0.013
+ Phase Shift                   4.000
- Uncertainty                   0.020
= Required Time                 3.970
- Arrival Time                  2.146
= Slack Time                    1.825
     Clock Rise Edge                 0.000
     + Clock Network Latency (Prop)  0.003
     = Beginpoint Arrival Time       0.003
     +-----------------------------------------------------------------------------------------------------------+ 
     |                      Instance                      |     Arc      |   Cell   | Delay | Arrival | Required | 
     |                                                    |              |          |       |  Time   |   Time   | 
     |----------------------------------------------------+--------------+----------+-------+---------+----------| 
     | picorv32_core_genblk1.pcpi_mul_rs2_reg[5]          | CK ^         |          |       |   0.003 |    1.828 | 
     | picorv32_core_genblk1.pcpi_mul_rs2_reg[5]          | CK ^ -> Q ^  | MDFFHQX1 | 0.126 |   0.129 |    1.954 | 
     | picorv32_core_genblk1.pcpi_mul_mul_2371_47_g14046  | A ^ -> Y v   | INVX1    | 0.049 |   0.178 |    2.003 | 
     | picorv32_core_genblk1.pcpi_mul_mul_2371_47_g13987  | B v -> Y ^   | XNOR2X1  | 0.031 |   0.209 |    2.033 | 
     | picorv32_core_genblk1.pcpi_mul_mul_2371_47_g13897  | A ^ -> Y ^   | OR2X1    | 0.086 |   0.295 |    2.119 | 
     | picorv32_core_genblk1.pcpi_mul_mul_2371_47_g13890  | A ^ -> Y v   | INVX1    | 0.052 |   0.346 |    2.171 | 
     | picorv32_core_genblk1.pcpi_mul_mul_2371_47_g13740  | A1 v -> Y ^  | OAI21X1  | 0.027 |   0.374 |    2.199 | 
     | picorv32_core_genblk1.pcpi_mul_mul_2371_47_g13494  | B ^ -> Y ^   | XNOR2X1  | 0.025 |   0.398 |    2.223 | 
     | picorv32_core_genblk1.pcpi_mul_mul_2371_47_g13440  | B ^ -> S v   | ADDHX1   | 0.031 |   0.429 |    2.254 | 
     | picorv32_core_genblk1.pcpi_mul_mul_2371_47_cdnfadd | A v -> CO v  | ADDFX1   | 0.035 |   0.465 |    2.289 | 
     | 3                                                  |              |          |       |         |          | 
     | picorv32_core_genblk1.pcpi_mul_mul_2371_47_cdnfadd | CI v -> CO v | ADDFX1   | 0.034 |   0.499 |    2.323 | 
     | 4                                                  |              |          |       |         |          | 
     | picorv32_core_genblk1.pcpi_mul_mul_2371_47_cdnfadd | CI v -> CO v | ADDFX1   | 0.034 |   0.533 |    2.358 | 
     | 5                                                  |              |          |       |         |          | 
     | picorv32_core_genblk1.pcpi_mul_mul_2371_47_cdnfadd | CI v -> CO v | ADDFX1   | 0.033 |   0.566 |    2.391 | 
     | 6                                                  |              |          |       |         |          | 
     | picorv32_core_genblk1.pcpi_mul_mul_2371_47_cdnfadd | CI v -> CO v | ADDFX1   | 0.034 |   0.600 |    2.425 | 
     | 7                                                  |              |          |       |         |          | 
     | picorv32_core_genblk1.pcpi_mul_mul_2371_47_cdnfadd | CI v -> CO v | ADDFX1   | 0.034 |   0.634 |    2.458 | 
     | 8                                                  |              |          |       |         |          | 
     | picorv32_core_genblk1.pcpi_mul_mul_2371_47_cdnfadd | CI v -> CO v | ADDFX1   | 0.033 |   0.667 |    2.491 | 
     | 9                                                  |              |          |       |         |          | 
     | picorv32_core_genblk1.pcpi_mul_mul_2371_47_cdnfadd | CI v -> CO v | ADDFX1   | 0.034 |   0.700 |    2.525 | 
     | 10                                                 |              |          |       |         |          | 
     | picorv32_core_genblk1.pcpi_mul_mul_2371_47_cdnfadd | CI v -> CO v | ADDFX1   | 0.033 |   0.734 |    2.558 | 
     | 11                                                 |              |          |       |         |          | 
     | picorv32_core_genblk1.pcpi_mul_mul_2371_47_cdnfadd | CI v -> CO v | ADDFX1   | 0.034 |   0.768 |    2.592 | 
     | 12                                                 |              |          |       |         |          | 
     | picorv32_core_genblk1.pcpi_mul_mul_2371_47_cdnfadd | CI v -> CO v | ADDFX1   | 0.034 |   0.801 |    2.626 | 
     | 13                                                 |              |          |       |         |          | 
     | picorv32_core_genblk1.pcpi_mul_mul_2371_47_cdnfadd | CI v -> CO v | ADDFX1   | 0.033 |   0.835 |    2.659 | 
     | 14                                                 |              |          |       |         |          | 
     | picorv32_core_genblk1.pcpi_mul_mul_2371_47_cdnfadd | CI v -> CO v | ADDFX1   | 0.033 |   0.868 |    2.692 | 
     | 15                                                 |              |          |       |         |          | 
     | picorv32_core_genblk1.pcpi_mul_mul_2371_47_cdnfadd | CI v -> CO v | ADDFX1   | 0.033 |   0.901 |    2.726 | 
     | 16                                                 |              |          |       |         |          | 
     | picorv32_core_genblk1.pcpi_mul_mul_2371_47_cdnfadd | CI v -> CO v | ADDFX1   | 0.034 |   0.934 |    2.759 | 
     | 17                                                 |              |          |       |         |          | 
     | picorv32_core_genblk1.pcpi_mul_mul_2371_47_cdnfadd | CI v -> CO v | ADDFX1   | 0.033 |   0.968 |    2.792 | 
     | 18                                                 |              |          |       |         |          | 
     | picorv32_core_genblk1.pcpi_mul_mul_2371_47_cdnfadd | CI v -> CO v | ADDFX1   | 0.034 |   1.001 |    2.826 | 
     | 19                                                 |              |          |       |         |          | 
     | picorv32_core_genblk1.pcpi_mul_mul_2371_47_cdnfadd | CI v -> CO v | ADDFX1   | 0.034 |   1.036 |    2.860 | 
     | 20                                                 |              |          |       |         |          | 
     | picorv32_core_genblk1.pcpi_mul_mul_2371_47_cdnfadd | CI v -> CO v | ADDFX1   | 0.033 |   1.069 |    2.894 | 
     | 21                                                 |              |          |       |         |          | 
     | picorv32_core_genblk1.pcpi_mul_mul_2371_47_cdnfadd | CI v -> CO v | ADDFX1   | 0.033 |   1.102 |    2.927 | 
     | 22                                                 |              |          |       |         |          | 
     | picorv32_core_genblk1.pcpi_mul_mul_2371_47_cdnfadd | CI v -> CO v | ADDFX1   | 0.033 |   1.136 |    2.960 | 
     | 23                                                 |              |          |       |         |          | 
     | picorv32_core_genblk1.pcpi_mul_mul_2371_47_cdnfadd | CI v -> CO v | ADDFX1   | 0.035 |   1.171 |    2.996 | 
     | 24                                                 |              |          |       |         |          | 
     | picorv32_core_genblk1.pcpi_mul_mul_2371_47_cdnfadd | CI v -> CO v | ADDFX1   | 0.035 |   1.206 |    3.030 | 
     | 25                                                 |              |          |       |         |          | 
     | picorv32_core_genblk1.pcpi_mul_mul_2371_47_cdnfadd | CI v -> CO v | ADDFX1   | 0.033 |   1.239 |    3.064 | 
     | 26                                                 |              |          |       |         |          | 
     | picorv32_core_genblk1.pcpi_mul_mul_2371_47_cdnfadd | CI v -> CO v | ADDFX1   | 0.034 |   1.273 |    3.098 | 
     | 27                                                 |              |          |       |         |          | 
     | picorv32_core_genblk1.pcpi_mul_mul_2371_47_cdnfadd | CI v -> CO v | ADDFX1   | 0.034 |   1.307 |    3.132 | 
     | 28                                                 |              |          |       |         |          | 
     | picorv32_core_genblk1.pcpi_mul_mul_2371_47_cdnfadd | CI v -> CO v | ADDFX1   | 0.034 |   1.341 |    3.166 | 
     | 29                                                 |              |          |       |         |          | 
     | picorv32_core_genblk1.pcpi_mul_mul_2371_47_cdnfadd | CI v -> CO v | ADDFX1   | 0.035 |   1.375 |    3.200 | 
     | 30                                                 |              |          |       |         |          | 
     | picorv32_core_genblk1.pcpi_mul_mul_2371_47_cdnfadd | CI v -> CO v | ADDFX1   | 0.039 |   1.414 |    3.239 | 
     | 31                                                 |              |          |       |         |          | 
     | picorv32_core_genblk1.pcpi_mul_mul_2371_47_cdnfadd | CI v -> CO v | ADDFX1   | 0.036 |   1.450 |    3.275 | 
     | 32                                                 |              |          |       |         |          | 
     | picorv32_core_genblk1.pcpi_mul_mul_2371_47_cdnfadd | CI v -> CO v | ADDFX1   | 0.034 |   1.484 |    3.309 | 
     | 33                                                 |              |          |       |         |          | 
     | picorv32_core_genblk1.pcpi_mul_mul_2371_47_cdnfadd | CI v -> CO v | ADDFX1   | 0.035 |   1.519 |    3.343 | 
     | 34                                                 |              |          |       |         |          | 
     | picorv32_core_genblk1.pcpi_mul_mul_2371_47_cdnfadd | CI v -> CO v | ADDFX1   | 0.034 |   1.552 |    3.377 | 
     | 35                                                 |              |          |       |         |          | 
     | picorv32_core_genblk1.pcpi_mul_mul_2371_47_cdnfadd | CI v -> CO v | ADDFX1   | 0.033 |   1.586 |    3.410 | 
     | 36                                                 |              |          |       |         |          | 
     | picorv32_core_genblk1.pcpi_mul_mul_2371_47_cdnfadd | CI v -> CO v | ADDFX1   | 0.033 |   1.619 |    3.443 | 
     | 37                                                 |              |          |       |         |          | 
     | picorv32_core_genblk1.pcpi_mul_mul_2371_47_cdnfadd | CI v -> CO v | ADDFX1   | 0.034 |   1.652 |    3.477 | 
     | 38                                                 |              |          |       |         |          | 
     | picorv32_core_genblk1.pcpi_mul_mul_2371_47_cdnfadd | CI v -> CO v | ADDFX1   | 0.033 |   1.686 |    3.510 | 
     | 39                                                 |              |          |       |         |          | 
     | picorv32_core_genblk1.pcpi_mul_mul_2371_47_cdnfadd | CI v -> CO v | ADDFX1   | 0.033 |   1.719 |    3.544 | 
     | 40                                                 |              |          |       |         |          | 
     | picorv32_core_genblk1.pcpi_mul_mul_2371_47_cdnfadd | CI v -> CO v | ADDFX1   | 0.033 |   1.752 |    3.577 | 
     | 41                                                 |              |          |       |         |          | 
     | picorv32_core_genblk1.pcpi_mul_mul_2371_47_cdnfadd | CI v -> CO v | ADDFX1   | 0.034 |   1.786 |    3.610 | 
     | 42                                                 |              |          |       |         |          | 
     | picorv32_core_genblk1.pcpi_mul_mul_2371_47_cdnfadd | CI v -> CO v | ADDFX1   | 0.034 |   1.820 |    3.645 | 
     | 43                                                 |              |          |       |         |          | 
     | picorv32_core_genblk1.pcpi_mul_mul_2371_47_cdnfadd | CI v -> CO v | ADDFX1   | 0.035 |   1.855 |    3.679 | 
     | 44                                                 |              |          |       |         |          | 
     | picorv32_core_genblk1.pcpi_mul_mul_2371_47_cdnfadd | CI v -> CO v | ADDFX1   | 0.034 |   1.889 |    3.714 | 
     | 45                                                 |              |          |       |         |          | 
     | picorv32_core_genblk1.pcpi_mul_mul_2371_47_cdnfadd | CI v -> CO v | ADDFX1   | 0.035 |   1.924 |    3.748 | 
     | 46                                                 |              |          |       |         |          | 
     | picorv32_core_genblk1.pcpi_mul_mul_2371_47_cdnfadd | CI v -> CO v | ADDFX1   | 0.033 |   1.957 |    3.782 | 
     | 47                                                 |              |          |       |         |          | 
     | picorv32_core_genblk1.pcpi_mul_mul_2371_47_cdnfadd | CI v -> CO v | ADDFX1   | 0.035 |   1.992 |    3.817 | 
     | 48                                                 |              |          |       |         |          | 
     | picorv32_core_genblk1.pcpi_mul_mul_2371_47_cdnfadd | CI v -> CO v | ADDFX1   | 0.034 |   2.026 |    3.851 | 
     | 49                                                 |              |          |       |         |          | 
     | picorv32_core_genblk1.pcpi_mul_mul_2371_47_cdnfadd | CI v -> CO v | ADDFX1   | 0.033 |   2.060 |    3.885 | 
     | 50                                                 |              |          |       |         |          | 
     | picorv32_core_genblk1.pcpi_mul_mul_2371_47_cdnfadd | CI v -> CO v | ADDFX1   | 0.035 |   2.094 |    3.919 | 
     | 51                                                 |              |          |       |         |          | 
     | picorv32_core_genblk1.pcpi_mul_mul_2371_47_cdnfadd | CI v -> S ^  | ADDFX1   | 0.051 |   2.146 |    3.970 | 
     | 52                                                 |              |          |       |         |          | 
     | picorv32_core_genblk1.pcpi_mul_rd_reg[52]          | D ^          | DFFQXL   | 0.000 |   2.146 |    3.970 | 
     +-----------------------------------------------------------------------------------------------------------+ 
Path 13: MET Setup Check with Pin picorv32_core_genblk1.pcpi_mul_rd_reg[51]/CK 
Endpoint:   picorv32_core_genblk1.pcpi_mul_rd_reg[51]/D (^) checked with  
leading edge of 'clk'
Beginpoint: picorv32_core_genblk1.pcpi_mul_rs2_reg[5]/Q (^) triggered by  
leading edge of 'clk'
Path Groups: {reg2reg}
Analysis View: analysis1
Other End Arrival Time          0.004
- Setup                         0.013
+ Phase Shift                   4.000
- Uncertainty                   0.020
= Required Time                 3.971
- Arrival Time                  2.109
= Slack Time                    1.861
     Clock Rise Edge                 0.000
     + Clock Network Latency (Prop)  0.003
     = Beginpoint Arrival Time       0.003
     +-----------------------------------------------------------------------------------------------------------+ 
     |                      Instance                      |     Arc      |   Cell   | Delay | Arrival | Required | 
     |                                                    |              |          |       |  Time   |   Time   | 
     |----------------------------------------------------+--------------+----------+-------+---------+----------| 
     | picorv32_core_genblk1.pcpi_mul_rs2_reg[5]          | CK ^         |          |       |   0.003 |    1.864 | 
     | picorv32_core_genblk1.pcpi_mul_rs2_reg[5]          | CK ^ -> Q ^  | MDFFHQX1 | 0.126 |   0.129 |    1.990 | 
     | picorv32_core_genblk1.pcpi_mul_mul_2371_47_g14046  | A ^ -> Y v   | INVX1    | 0.049 |   0.178 |    2.039 | 
     | picorv32_core_genblk1.pcpi_mul_mul_2371_47_g13987  | B v -> Y ^   | XNOR2X1  | 0.031 |   0.209 |    2.070 | 
     | picorv32_core_genblk1.pcpi_mul_mul_2371_47_g13897  | A ^ -> Y ^   | OR2X1    | 0.086 |   0.295 |    2.156 | 
     | picorv32_core_genblk1.pcpi_mul_mul_2371_47_g13890  | A ^ -> Y v   | INVX1    | 0.052 |   0.346 |    2.208 | 
     | picorv32_core_genblk1.pcpi_mul_mul_2371_47_g13740  | A1 v -> Y ^  | OAI21X1  | 0.027 |   0.374 |    2.235 | 
     | picorv32_core_genblk1.pcpi_mul_mul_2371_47_g13494  | B ^ -> Y ^   | XNOR2X1  | 0.025 |   0.398 |    2.259 | 
     | picorv32_core_genblk1.pcpi_mul_mul_2371_47_g13440  | B ^ -> S v   | ADDHX1   | 0.031 |   0.429 |    2.290 | 
     | picorv32_core_genblk1.pcpi_mul_mul_2371_47_cdnfadd | A v -> CO v  | ADDFX1   | 0.035 |   0.465 |    2.326 | 
     | 3                                                  |              |          |       |         |          | 
     | picorv32_core_genblk1.pcpi_mul_mul_2371_47_cdnfadd | CI v -> CO v | ADDFX1   | 0.034 |   0.499 |    2.360 | 
     | 4                                                  |              |          |       |         |          | 
     | picorv32_core_genblk1.pcpi_mul_mul_2371_47_cdnfadd | CI v -> CO v | ADDFX1   | 0.034 |   0.533 |    2.394 | 
     | 5                                                  |              |          |       |         |          | 
     | picorv32_core_genblk1.pcpi_mul_mul_2371_47_cdnfadd | CI v -> CO v | ADDFX1   | 0.033 |   0.566 |    2.427 | 
     | 6                                                  |              |          |       |         |          | 
     | picorv32_core_genblk1.pcpi_mul_mul_2371_47_cdnfadd | CI v -> CO v | ADDFX1   | 0.034 |   0.600 |    2.461 | 
     | 7                                                  |              |          |       |         |          | 
     | picorv32_core_genblk1.pcpi_mul_mul_2371_47_cdnfadd | CI v -> CO v | ADDFX1   | 0.034 |   0.634 |    2.495 | 
     | 8                                                  |              |          |       |         |          | 
     | picorv32_core_genblk1.pcpi_mul_mul_2371_47_cdnfadd | CI v -> CO v | ADDFX1   | 0.033 |   0.667 |    2.528 | 
     | 9                                                  |              |          |       |         |          | 
     | picorv32_core_genblk1.pcpi_mul_mul_2371_47_cdnfadd | CI v -> CO v | ADDFX1   | 0.034 |   0.700 |    2.561 | 
     | 10                                                 |              |          |       |         |          | 
     | picorv32_core_genblk1.pcpi_mul_mul_2371_47_cdnfadd | CI v -> CO v | ADDFX1   | 0.033 |   0.734 |    2.595 | 
     | 11                                                 |              |          |       |         |          | 
     | picorv32_core_genblk1.pcpi_mul_mul_2371_47_cdnfadd | CI v -> CO v | ADDFX1   | 0.034 |   0.768 |    2.629 | 
     | 12                                                 |              |          |       |         |          | 
     | picorv32_core_genblk1.pcpi_mul_mul_2371_47_cdnfadd | CI v -> CO v | ADDFX1   | 0.034 |   0.801 |    2.662 | 
     | 13                                                 |              |          |       |         |          | 
     | picorv32_core_genblk1.pcpi_mul_mul_2371_47_cdnfadd | CI v -> CO v | ADDFX1   | 0.033 |   0.835 |    2.696 | 
     | 14                                                 |              |          |       |         |          | 
     | picorv32_core_genblk1.pcpi_mul_mul_2371_47_cdnfadd | CI v -> CO v | ADDFX1   | 0.033 |   0.868 |    2.729 | 
     | 15                                                 |              |          |       |         |          | 
     | picorv32_core_genblk1.pcpi_mul_mul_2371_47_cdnfadd | CI v -> CO v | ADDFX1   | 0.033 |   0.901 |    2.762 | 
     | 16                                                 |              |          |       |         |          | 
     | picorv32_core_genblk1.pcpi_mul_mul_2371_47_cdnfadd | CI v -> CO v | ADDFX1   | 0.034 |   0.934 |    2.796 | 
     | 17                                                 |              |          |       |         |          | 
     | picorv32_core_genblk1.pcpi_mul_mul_2371_47_cdnfadd | CI v -> CO v | ADDFX1   | 0.033 |   0.968 |    2.829 | 
     | 18                                                 |              |          |       |         |          | 
     | picorv32_core_genblk1.pcpi_mul_mul_2371_47_cdnfadd | CI v -> CO v | ADDFX1   | 0.034 |   1.001 |    2.863 | 
     | 19                                                 |              |          |       |         |          | 
     | picorv32_core_genblk1.pcpi_mul_mul_2371_47_cdnfadd | CI v -> CO v | ADDFX1   | 0.034 |   1.036 |    2.897 | 
     | 20                                                 |              |          |       |         |          | 
     | picorv32_core_genblk1.pcpi_mul_mul_2371_47_cdnfadd | CI v -> CO v | ADDFX1   | 0.033 |   1.069 |    2.930 | 
     | 21                                                 |              |          |       |         |          | 
     | picorv32_core_genblk1.pcpi_mul_mul_2371_47_cdnfadd | CI v -> CO v | ADDFX1   | 0.033 |   1.102 |    2.964 | 
     | 22                                                 |              |          |       |         |          | 
     | picorv32_core_genblk1.pcpi_mul_mul_2371_47_cdnfadd | CI v -> CO v | ADDFX1   | 0.033 |   1.136 |    2.997 | 
     | 23                                                 |              |          |       |         |          | 
     | picorv32_core_genblk1.pcpi_mul_mul_2371_47_cdnfadd | CI v -> CO v | ADDFX1   | 0.035 |   1.171 |    3.032 | 
     | 24                                                 |              |          |       |         |          | 
     | picorv32_core_genblk1.pcpi_mul_mul_2371_47_cdnfadd | CI v -> CO v | ADDFX1   | 0.035 |   1.206 |    3.067 | 
     | 25                                                 |              |          |       |         |          | 
     | picorv32_core_genblk1.pcpi_mul_mul_2371_47_cdnfadd | CI v -> CO v | ADDFX1   | 0.033 |   1.239 |    3.100 | 
     | 26                                                 |              |          |       |         |          | 
     | picorv32_core_genblk1.pcpi_mul_mul_2371_47_cdnfadd | CI v -> CO v | ADDFX1   | 0.034 |   1.273 |    3.135 | 
     | 27                                                 |              |          |       |         |          | 
     | picorv32_core_genblk1.pcpi_mul_mul_2371_47_cdnfadd | CI v -> CO v | ADDFX1   | 0.034 |   1.307 |    3.168 | 
     | 28                                                 |              |          |       |         |          | 
     | picorv32_core_genblk1.pcpi_mul_mul_2371_47_cdnfadd | CI v -> CO v | ADDFX1   | 0.034 |   1.341 |    3.202 | 
     | 29                                                 |              |          |       |         |          | 
     | picorv32_core_genblk1.pcpi_mul_mul_2371_47_cdnfadd | CI v -> CO v | ADDFX1   | 0.035 |   1.375 |    3.237 | 
     | 30                                                 |              |          |       |         |          | 
     | picorv32_core_genblk1.pcpi_mul_mul_2371_47_cdnfadd | CI v -> CO v | ADDFX1   | 0.039 |   1.414 |    3.275 | 
     | 31                                                 |              |          |       |         |          | 
     | picorv32_core_genblk1.pcpi_mul_mul_2371_47_cdnfadd | CI v -> CO v | ADDFX1   | 0.036 |   1.450 |    3.311 | 
     | 32                                                 |              |          |       |         |          | 
     | picorv32_core_genblk1.pcpi_mul_mul_2371_47_cdnfadd | CI v -> CO v | ADDFX1   | 0.034 |   1.484 |    3.345 | 
     | 33                                                 |              |          |       |         |          | 
     | picorv32_core_genblk1.pcpi_mul_mul_2371_47_cdnfadd | CI v -> CO v | ADDFX1   | 0.035 |   1.519 |    3.380 | 
     | 34                                                 |              |          |       |         |          | 
     | picorv32_core_genblk1.pcpi_mul_mul_2371_47_cdnfadd | CI v -> CO v | ADDFX1   | 0.034 |   1.552 |    3.413 | 
     | 35                                                 |              |          |       |         |          | 
     | picorv32_core_genblk1.pcpi_mul_mul_2371_47_cdnfadd | CI v -> CO v | ADDFX1   | 0.033 |   1.586 |    3.447 | 
     | 36                                                 |              |          |       |         |          | 
     | picorv32_core_genblk1.pcpi_mul_mul_2371_47_cdnfadd | CI v -> CO v | ADDFX1   | 0.033 |   1.619 |    3.480 | 
     | 37                                                 |              |          |       |         |          | 
     | picorv32_core_genblk1.pcpi_mul_mul_2371_47_cdnfadd | CI v -> CO v | ADDFX1   | 0.034 |   1.652 |    3.513 | 
     | 38                                                 |              |          |       |         |          | 
     | picorv32_core_genblk1.pcpi_mul_mul_2371_47_cdnfadd | CI v -> CO v | ADDFX1   | 0.033 |   1.686 |    3.547 | 
     | 39                                                 |              |          |       |         |          | 
     | picorv32_core_genblk1.pcpi_mul_mul_2371_47_cdnfadd | CI v -> CO v | ADDFX1   | 0.033 |   1.719 |    3.580 | 
     | 40                                                 |              |          |       |         |          | 
     | picorv32_core_genblk1.pcpi_mul_mul_2371_47_cdnfadd | CI v -> CO v | ADDFX1   | 0.033 |   1.752 |    3.613 | 
     | 41                                                 |              |          |       |         |          | 
     | picorv32_core_genblk1.pcpi_mul_mul_2371_47_cdnfadd | CI v -> CO v | ADDFX1   | 0.034 |   1.786 |    3.647 | 
     | 42                                                 |              |          |       |         |          | 
     | picorv32_core_genblk1.pcpi_mul_mul_2371_47_cdnfadd | CI v -> CO v | ADDFX1   | 0.034 |   1.820 |    3.681 | 
     | 43                                                 |              |          |       |         |          | 
     | picorv32_core_genblk1.pcpi_mul_mul_2371_47_cdnfadd | CI v -> CO v | ADDFX1   | 0.035 |   1.855 |    3.716 | 
     | 44                                                 |              |          |       |         |          | 
     | picorv32_core_genblk1.pcpi_mul_mul_2371_47_cdnfadd | CI v -> CO v | ADDFX1   | 0.034 |   1.889 |    3.750 | 
     | 45                                                 |              |          |       |         |          | 
     | picorv32_core_genblk1.pcpi_mul_mul_2371_47_cdnfadd | CI v -> CO v | ADDFX1   | 0.035 |   1.924 |    3.785 | 
     | 46                                                 |              |          |       |         |          | 
     | picorv32_core_genblk1.pcpi_mul_mul_2371_47_cdnfadd | CI v -> CO v | ADDFX1   | 0.033 |   1.957 |    3.818 | 
     | 47                                                 |              |          |       |         |          | 
     | picorv32_core_genblk1.pcpi_mul_mul_2371_47_cdnfadd | CI v -> CO v | ADDFX1   | 0.035 |   1.992 |    3.853 | 
     | 48                                                 |              |          |       |         |          | 
     | picorv32_core_genblk1.pcpi_mul_mul_2371_47_cdnfadd | CI v -> CO v | ADDFX1   | 0.034 |   2.026 |    3.887 | 
     | 49                                                 |              |          |       |         |          | 
     | picorv32_core_genblk1.pcpi_mul_mul_2371_47_cdnfadd | CI v -> CO v | ADDFX1   | 0.033 |   2.060 |    3.921 | 
     | 50                                                 |              |          |       |         |          | 
     | picorv32_core_genblk1.pcpi_mul_mul_2371_47_cdnfadd | CI v -> S ^  | ADDFX1   | 0.050 |   2.109 |    3.971 | 
     | 51                                                 |              |          |       |         |          | 
     | picorv32_core_genblk1.pcpi_mul_rd_reg[51]          | D ^          | DFFQXL   | 0.000 |   2.109 |    3.971 | 
     +-----------------------------------------------------------------------------------------------------------+ 
Path 14: MET Setup Check with Pin picorv32_core_genblk1.pcpi_mul_rd_reg[50]/CK 
Endpoint:   picorv32_core_genblk1.pcpi_mul_rd_reg[50]/D (^) checked with  
leading edge of 'clk'
Beginpoint: picorv32_core_genblk1.pcpi_mul_rs2_reg[5]/Q (^) triggered by  
leading edge of 'clk'
Path Groups: {reg2reg}
Analysis View: analysis1
Other End Arrival Time          0.004
- Setup                         0.013
+ Phase Shift                   4.000
- Uncertainty                   0.020
= Required Time                 3.970
- Arrival Time                  2.077
= Slack Time                    1.894
     Clock Rise Edge                 0.000
     + Clock Network Latency (Prop)  0.003
     = Beginpoint Arrival Time       0.003
     +-----------------------------------------------------------------------------------------------------------+ 
     |                      Instance                      |     Arc      |   Cell   | Delay | Arrival | Required | 
     |                                                    |              |          |       |  Time   |   Time   | 
     |----------------------------------------------------+--------------+----------+-------+---------+----------| 
     | picorv32_core_genblk1.pcpi_mul_rs2_reg[5]          | CK ^         |          |       |   0.003 |    1.897 | 
     | picorv32_core_genblk1.pcpi_mul_rs2_reg[5]          | CK ^ -> Q ^  | MDFFHQX1 | 0.126 |   0.129 |    2.023 | 
     | picorv32_core_genblk1.pcpi_mul_mul_2371_47_g14046  | A ^ -> Y v   | INVX1    | 0.049 |   0.178 |    2.072 | 
     | picorv32_core_genblk1.pcpi_mul_mul_2371_47_g13987  | B v -> Y ^   | XNOR2X1  | 0.031 |   0.209 |    2.103 | 
     | picorv32_core_genblk1.pcpi_mul_mul_2371_47_g13897  | A ^ -> Y ^   | OR2X1    | 0.086 |   0.295 |    2.189 | 
     | picorv32_core_genblk1.pcpi_mul_mul_2371_47_g13890  | A ^ -> Y v   | INVX1    | 0.052 |   0.346 |    2.240 | 
     | picorv32_core_genblk1.pcpi_mul_mul_2371_47_g13740  | A1 v -> Y ^  | OAI21X1  | 0.027 |   0.374 |    2.268 | 
     | picorv32_core_genblk1.pcpi_mul_mul_2371_47_g13494  | B ^ -> Y ^   | XNOR2X1  | 0.025 |   0.398 |    2.292 | 
     | picorv32_core_genblk1.pcpi_mul_mul_2371_47_g13440  | B ^ -> S v   | ADDHX1   | 0.031 |   0.429 |    2.323 | 
     | picorv32_core_genblk1.pcpi_mul_mul_2371_47_cdnfadd | A v -> CO v  | ADDFX1   | 0.035 |   0.465 |    2.359 | 
     | 3                                                  |              |          |       |         |          | 
     | picorv32_core_genblk1.pcpi_mul_mul_2371_47_cdnfadd | CI v -> CO v | ADDFX1   | 0.034 |   0.499 |    2.393 | 
     | 4                                                  |              |          |       |         |          | 
     | picorv32_core_genblk1.pcpi_mul_mul_2371_47_cdnfadd | CI v -> CO v | ADDFX1   | 0.034 |   0.533 |    2.427 | 
     | 5                                                  |              |          |       |         |          | 
     | picorv32_core_genblk1.pcpi_mul_mul_2371_47_cdnfadd | CI v -> CO v | ADDFX1   | 0.033 |   0.566 |    2.460 | 
     | 6                                                  |              |          |       |         |          | 
     | picorv32_core_genblk1.pcpi_mul_mul_2371_47_cdnfadd | CI v -> CO v | ADDFX1   | 0.034 |   0.600 |    2.494 | 
     | 7                                                  |              |          |       |         |          | 
     | picorv32_core_genblk1.pcpi_mul_mul_2371_47_cdnfadd | CI v -> CO v | ADDFX1   | 0.034 |   0.634 |    2.527 | 
     | 8                                                  |              |          |       |         |          | 
     | picorv32_core_genblk1.pcpi_mul_mul_2371_47_cdnfadd | CI v -> CO v | ADDFX1   | 0.033 |   0.667 |    2.561 | 
     | 9                                                  |              |          |       |         |          | 
     | picorv32_core_genblk1.pcpi_mul_mul_2371_47_cdnfadd | CI v -> CO v | ADDFX1   | 0.034 |   0.700 |    2.594 | 
     | 10                                                 |              |          |       |         |          | 
     | picorv32_core_genblk1.pcpi_mul_mul_2371_47_cdnfadd | CI v -> CO v | ADDFX1   | 0.033 |   0.734 |    2.627 | 
     | 11                                                 |              |          |       |         |          | 
     | picorv32_core_genblk1.pcpi_mul_mul_2371_47_cdnfadd | CI v -> CO v | ADDFX1   | 0.034 |   0.768 |    2.662 | 
     | 12                                                 |              |          |       |         |          | 
     | picorv32_core_genblk1.pcpi_mul_mul_2371_47_cdnfadd | CI v -> CO v | ADDFX1   | 0.034 |   0.801 |    2.695 | 
     | 13                                                 |              |          |       |         |          | 
     | picorv32_core_genblk1.pcpi_mul_mul_2371_47_cdnfadd | CI v -> CO v | ADDFX1   | 0.033 |   0.835 |    2.728 | 
     | 14                                                 |              |          |       |         |          | 
     | picorv32_core_genblk1.pcpi_mul_mul_2371_47_cdnfadd | CI v -> CO v | ADDFX1   | 0.033 |   0.868 |    2.762 | 
     | 15                                                 |              |          |       |         |          | 
     | picorv32_core_genblk1.pcpi_mul_mul_2371_47_cdnfadd | CI v -> CO v | ADDFX1   | 0.033 |   0.901 |    2.795 | 
     | 16                                                 |              |          |       |         |          | 
     | picorv32_core_genblk1.pcpi_mul_mul_2371_47_cdnfadd | CI v -> CO v | ADDFX1   | 0.034 |   0.934 |    2.828 | 
     | 17                                                 |              |          |       |         |          | 
     | picorv32_core_genblk1.pcpi_mul_mul_2371_47_cdnfadd | CI v -> CO v | ADDFX1   | 0.033 |   0.968 |    2.862 | 
     | 18                                                 |              |          |       |         |          | 
     | picorv32_core_genblk1.pcpi_mul_mul_2371_47_cdnfadd | CI v -> CO v | ADDFX1   | 0.034 |   1.001 |    2.895 | 
     | 19                                                 |              |          |       |         |          | 
     | picorv32_core_genblk1.pcpi_mul_mul_2371_47_cdnfadd | CI v -> CO v | ADDFX1   | 0.034 |   1.036 |    2.929 | 
     | 20                                                 |              |          |       |         |          | 
     | picorv32_core_genblk1.pcpi_mul_mul_2371_47_cdnfadd | CI v -> CO v | ADDFX1   | 0.033 |   1.069 |    2.963 | 
     | 21                                                 |              |          |       |         |          | 
     | picorv32_core_genblk1.pcpi_mul_mul_2371_47_cdnfadd | CI v -> CO v | ADDFX1   | 0.033 |   1.102 |    2.996 | 
     | 22                                                 |              |          |       |         |          | 
     | picorv32_core_genblk1.pcpi_mul_mul_2371_47_cdnfadd | CI v -> CO v | ADDFX1   | 0.033 |   1.136 |    3.029 | 
     | 23                                                 |              |          |       |         |          | 
     | picorv32_core_genblk1.pcpi_mul_mul_2371_47_cdnfadd | CI v -> CO v | ADDFX1   | 0.035 |   1.171 |    3.065 | 
     | 24                                                 |              |          |       |         |          | 
     | picorv32_core_genblk1.pcpi_mul_mul_2371_47_cdnfadd | CI v -> CO v | ADDFX1   | 0.035 |   1.206 |    3.100 | 
     | 25                                                 |              |          |       |         |          | 
     | picorv32_core_genblk1.pcpi_mul_mul_2371_47_cdnfadd | CI v -> CO v | ADDFX1   | 0.033 |   1.239 |    3.133 | 
     | 26                                                 |              |          |       |         |          | 
     | picorv32_core_genblk1.pcpi_mul_mul_2371_47_cdnfadd | CI v -> CO v | ADDFX1   | 0.034 |   1.273 |    3.167 | 
     | 27                                                 |              |          |       |         |          | 
     | picorv32_core_genblk1.pcpi_mul_mul_2371_47_cdnfadd | CI v -> CO v | ADDFX1   | 0.034 |   1.307 |    3.201 | 
     | 28                                                 |              |          |       |         |          | 
     | picorv32_core_genblk1.pcpi_mul_mul_2371_47_cdnfadd | CI v -> CO v | ADDFX1   | 0.034 |   1.341 |    3.235 | 
     | 29                                                 |              |          |       |         |          | 
     | picorv32_core_genblk1.pcpi_mul_mul_2371_47_cdnfadd | CI v -> CO v | ADDFX1   | 0.035 |   1.375 |    3.269 | 
     | 30                                                 |              |          |       |         |          | 
     | picorv32_core_genblk1.pcpi_mul_mul_2371_47_cdnfadd | CI v -> CO v | ADDFX1   | 0.039 |   1.414 |    3.308 | 
     | 31                                                 |              |          |       |         |          | 
     | picorv32_core_genblk1.pcpi_mul_mul_2371_47_cdnfadd | CI v -> CO v | ADDFX1   | 0.036 |   1.450 |    3.344 | 
     | 32                                                 |              |          |       |         |          | 
     | picorv32_core_genblk1.pcpi_mul_mul_2371_47_cdnfadd | CI v -> CO v | ADDFX1   | 0.034 |   1.484 |    3.378 | 
     | 33                                                 |              |          |       |         |          | 
     | picorv32_core_genblk1.pcpi_mul_mul_2371_47_cdnfadd | CI v -> CO v | ADDFX1   | 0.035 |   1.519 |    3.412 | 
     | 34                                                 |              |          |       |         |          | 
     | picorv32_core_genblk1.pcpi_mul_mul_2371_47_cdnfadd | CI v -> CO v | ADDFX1   | 0.034 |   1.552 |    3.446 | 
     | 35                                                 |              |          |       |         |          | 
     | picorv32_core_genblk1.pcpi_mul_mul_2371_47_cdnfadd | CI v -> CO v | ADDFX1   | 0.033 |   1.586 |    3.479 | 
     | 36                                                 |              |          |       |         |          | 
     | picorv32_core_genblk1.pcpi_mul_mul_2371_47_cdnfadd | CI v -> CO v | ADDFX1   | 0.033 |   1.619 |    3.513 | 
     | 37                                                 |              |          |       |         |          | 
     | picorv32_core_genblk1.pcpi_mul_mul_2371_47_cdnfadd | CI v -> CO v | ADDFX1   | 0.034 |   1.652 |    3.546 | 
     | 38                                                 |              |          |       |         |          | 
     | picorv32_core_genblk1.pcpi_mul_mul_2371_47_cdnfadd | CI v -> CO v | ADDFX1   | 0.033 |   1.686 |    3.579 | 
     | 39                                                 |              |          |       |         |          | 
     | picorv32_core_genblk1.pcpi_mul_mul_2371_47_cdnfadd | CI v -> CO v | ADDFX1   | 0.033 |   1.719 |    3.613 | 
     | 40                                                 |              |          |       |         |          | 
     | picorv32_core_genblk1.pcpi_mul_mul_2371_47_cdnfadd | CI v -> CO v | ADDFX1   | 0.033 |   1.752 |    3.646 | 
     | 41                                                 |              |          |       |         |          | 
     | picorv32_core_genblk1.pcpi_mul_mul_2371_47_cdnfadd | CI v -> CO v | ADDFX1   | 0.034 |   1.786 |    3.680 | 
     | 42                                                 |              |          |       |         |          | 
     | picorv32_core_genblk1.pcpi_mul_mul_2371_47_cdnfadd | CI v -> CO v | ADDFX1   | 0.034 |   1.820 |    3.714 | 
     | 43                                                 |              |          |       |         |          | 
     | picorv32_core_genblk1.pcpi_mul_mul_2371_47_cdnfadd | CI v -> CO v | ADDFX1   | 0.035 |   1.855 |    3.749 | 
     | 44                                                 |              |          |       |         |          | 
     | picorv32_core_genblk1.pcpi_mul_mul_2371_47_cdnfadd | CI v -> CO v | ADDFX1   | 0.034 |   1.889 |    3.783 | 
     | 45                                                 |              |          |       |         |          | 
     | picorv32_core_genblk1.pcpi_mul_mul_2371_47_cdnfadd | CI v -> CO v | ADDFX1   | 0.035 |   1.924 |    3.817 | 
     | 46                                                 |              |          |       |         |          | 
     | picorv32_core_genblk1.pcpi_mul_mul_2371_47_cdnfadd | CI v -> CO v | ADDFX1   | 0.033 |   1.957 |    3.851 | 
     | 47                                                 |              |          |       |         |          | 
     | picorv32_core_genblk1.pcpi_mul_mul_2371_47_cdnfadd | CI v -> CO v | ADDFX1   | 0.035 |   1.992 |    3.886 | 
     | 48                                                 |              |          |       |         |          | 
     | picorv32_core_genblk1.pcpi_mul_mul_2371_47_cdnfadd | CI v -> CO v | ADDFX1   | 0.034 |   2.026 |    3.920 | 
     | 49                                                 |              |          |       |         |          | 
     | picorv32_core_genblk1.pcpi_mul_mul_2371_47_cdnfadd | CI v -> S ^  | ADDFX1   | 0.050 |   2.077 |    3.970 | 
     | 50                                                 |              |          |       |         |          | 
     | picorv32_core_genblk1.pcpi_mul_rd_reg[50]          | D ^          | DFFQXL   | 0.000 |   2.077 |    3.970 | 
     +-----------------------------------------------------------------------------------------------------------+ 
Path 15: MET Setup Check with Pin picorv32_core_genblk1.pcpi_mul_rd_reg[49]/CK 
Endpoint:   picorv32_core_genblk1.pcpi_mul_rd_reg[49]/D (^) checked with  
leading edge of 'clk'
Beginpoint: picorv32_core_genblk1.pcpi_mul_rs2_reg[5]/Q (^) triggered by  
leading edge of 'clk'
Path Groups: {reg2reg}
Analysis View: analysis1
Other End Arrival Time          0.003
- Setup                         0.013
+ Phase Shift                   4.000
- Uncertainty                   0.020
= Required Time                 3.970
- Arrival Time                  2.043
= Slack Time                    1.927
     Clock Rise Edge                 0.000
     + Clock Network Latency (Prop)  0.003
     = Beginpoint Arrival Time       0.003
     +-----------------------------------------------------------------------------------------------------------+ 
     |                      Instance                      |     Arc      |   Cell   | Delay | Arrival | Required | 
     |                                                    |              |          |       |  Time   |   Time   | 
     |----------------------------------------------------+--------------+----------+-------+---------+----------| 
     | picorv32_core_genblk1.pcpi_mul_rs2_reg[5]          | CK ^         |          |       |   0.003 |    1.930 | 
     | picorv32_core_genblk1.pcpi_mul_rs2_reg[5]          | CK ^ -> Q ^  | MDFFHQX1 | 0.126 |   0.129 |    2.056 | 
     | picorv32_core_genblk1.pcpi_mul_mul_2371_47_g14046  | A ^ -> Y v   | INVX1    | 0.049 |   0.178 |    2.105 | 
     | picorv32_core_genblk1.pcpi_mul_mul_2371_47_g13987  | B v -> Y ^   | XNOR2X1  | 0.031 |   0.209 |    2.135 | 
     | picorv32_core_genblk1.pcpi_mul_mul_2371_47_g13897  | A ^ -> Y ^   | OR2X1    | 0.086 |   0.295 |    2.221 | 
     | picorv32_core_genblk1.pcpi_mul_mul_2371_47_g13890  | A ^ -> Y v   | INVX1    | 0.052 |   0.346 |    2.273 | 
     | picorv32_core_genblk1.pcpi_mul_mul_2371_47_g13740  | A1 v -> Y ^  | OAI21X1  | 0.027 |   0.374 |    2.300 | 
     | picorv32_core_genblk1.pcpi_mul_mul_2371_47_g13494  | B ^ -> Y ^   | XNOR2X1  | 0.025 |   0.398 |    2.325 | 
     | picorv32_core_genblk1.pcpi_mul_mul_2371_47_g13440  | B ^ -> S v   | ADDHX1   | 0.031 |   0.429 |    2.356 | 
     | picorv32_core_genblk1.pcpi_mul_mul_2371_47_cdnfadd | A v -> CO v  | ADDFX1   | 0.035 |   0.465 |    2.391 | 
     | 3                                                  |              |          |       |         |          | 
     | picorv32_core_genblk1.pcpi_mul_mul_2371_47_cdnfadd | CI v -> CO v | ADDFX1   | 0.034 |   0.499 |    2.425 | 
     | 4                                                  |              |          |       |         |          | 
     | picorv32_core_genblk1.pcpi_mul_mul_2371_47_cdnfadd | CI v -> CO v | ADDFX1   | 0.034 |   0.533 |    2.459 | 
     | 5                                                  |              |          |       |         |          | 
     | picorv32_core_genblk1.pcpi_mul_mul_2371_47_cdnfadd | CI v -> CO v | ADDFX1   | 0.033 |   0.566 |    2.493 | 
     | 6                                                  |              |          |       |         |          | 
     | picorv32_core_genblk1.pcpi_mul_mul_2371_47_cdnfadd | CI v -> CO v | ADDFX1   | 0.034 |   0.600 |    2.527 | 
     | 7                                                  |              |          |       |         |          | 
     | picorv32_core_genblk1.pcpi_mul_mul_2371_47_cdnfadd | CI v -> CO v | ADDFX1   | 0.034 |   0.634 |    2.560 | 
     | 8                                                  |              |          |       |         |          | 
     | picorv32_core_genblk1.pcpi_mul_mul_2371_47_cdnfadd | CI v -> CO v | ADDFX1   | 0.033 |   0.667 |    2.593 | 
     | 9                                                  |              |          |       |         |          | 
     | picorv32_core_genblk1.pcpi_mul_mul_2371_47_cdnfadd | CI v -> CO v | ADDFX1   | 0.034 |   0.700 |    2.627 | 
     | 10                                                 |              |          |       |         |          | 
     | picorv32_core_genblk1.pcpi_mul_mul_2371_47_cdnfadd | CI v -> CO v | ADDFX1   | 0.033 |   0.734 |    2.660 | 
     | 11                                                 |              |          |       |         |          | 
     | picorv32_core_genblk1.pcpi_mul_mul_2371_47_cdnfadd | CI v -> CO v | ADDFX1   | 0.034 |   0.768 |    2.694 | 
     | 12                                                 |              |          |       |         |          | 
     | picorv32_core_genblk1.pcpi_mul_mul_2371_47_cdnfadd | CI v -> CO v | ADDFX1   | 0.034 |   0.801 |    2.728 | 
     | 13                                                 |              |          |       |         |          | 
     | picorv32_core_genblk1.pcpi_mul_mul_2371_47_cdnfadd | CI v -> CO v | ADDFX1   | 0.033 |   0.835 |    2.761 | 
     | 14                                                 |              |          |       |         |          | 
     | picorv32_core_genblk1.pcpi_mul_mul_2371_47_cdnfadd | CI v -> CO v | ADDFX1   | 0.033 |   0.868 |    2.794 | 
     | 15                                                 |              |          |       |         |          | 
     | picorv32_core_genblk1.pcpi_mul_mul_2371_47_cdnfadd | CI v -> CO v | ADDFX1   | 0.033 |   0.901 |    2.827 | 
     | 16                                                 |              |          |       |         |          | 
     | picorv32_core_genblk1.pcpi_mul_mul_2371_47_cdnfadd | CI v -> CO v | ADDFX1   | 0.034 |   0.934 |    2.861 | 
     | 17                                                 |              |          |       |         |          | 
     | picorv32_core_genblk1.pcpi_mul_mul_2371_47_cdnfadd | CI v -> CO v | ADDFX1   | 0.033 |   0.968 |    2.894 | 
     | 18                                                 |              |          |       |         |          | 
     | picorv32_core_genblk1.pcpi_mul_mul_2371_47_cdnfadd | CI v -> CO v | ADDFX1   | 0.034 |   1.001 |    2.928 | 
     | 19                                                 |              |          |       |         |          | 
     | picorv32_core_genblk1.pcpi_mul_mul_2371_47_cdnfadd | CI v -> CO v | ADDFX1   | 0.034 |   1.036 |    2.962 | 
     | 20                                                 |              |          |       |         |          | 
     | picorv32_core_genblk1.pcpi_mul_mul_2371_47_cdnfadd | CI v -> CO v | ADDFX1   | 0.033 |   1.069 |    2.996 | 
     | 21                                                 |              |          |       |         |          | 
     | picorv32_core_genblk1.pcpi_mul_mul_2371_47_cdnfadd | CI v -> CO v | ADDFX1   | 0.033 |   1.102 |    3.029 | 
     | 22                                                 |              |          |       |         |          | 
     | picorv32_core_genblk1.pcpi_mul_mul_2371_47_cdnfadd | CI v -> CO v | ADDFX1   | 0.033 |   1.136 |    3.062 | 
     | 23                                                 |              |          |       |         |          | 
     | picorv32_core_genblk1.pcpi_mul_mul_2371_47_cdnfadd | CI v -> CO v | ADDFX1   | 0.035 |   1.171 |    3.098 | 
     | 24                                                 |              |          |       |         |          | 
     | picorv32_core_genblk1.pcpi_mul_mul_2371_47_cdnfadd | CI v -> CO v | ADDFX1   | 0.035 |   1.206 |    3.132 | 
     | 25                                                 |              |          |       |         |          | 
     | picorv32_core_genblk1.pcpi_mul_mul_2371_47_cdnfadd | CI v -> CO v | ADDFX1   | 0.033 |   1.239 |    3.166 | 
     | 26                                                 |              |          |       |         |          | 
     | picorv32_core_genblk1.pcpi_mul_mul_2371_47_cdnfadd | CI v -> CO v | ADDFX1   | 0.034 |   1.273 |    3.200 | 
     | 27                                                 |              |          |       |         |          | 
     | picorv32_core_genblk1.pcpi_mul_mul_2371_47_cdnfadd | CI v -> CO v | ADDFX1   | 0.034 |   1.307 |    3.234 | 
     | 28                                                 |              |          |       |         |          | 
     | picorv32_core_genblk1.pcpi_mul_mul_2371_47_cdnfadd | CI v -> CO v | ADDFX1   | 0.034 |   1.341 |    3.267 | 
     | 29                                                 |              |          |       |         |          | 
     | picorv32_core_genblk1.pcpi_mul_mul_2371_47_cdnfadd | CI v -> CO v | ADDFX1   | 0.035 |   1.375 |    3.302 | 
     | 30                                                 |              |          |       |         |          | 
     | picorv32_core_genblk1.pcpi_mul_mul_2371_47_cdnfadd | CI v -> CO v | ADDFX1   | 0.039 |   1.414 |    3.341 | 
     | 31                                                 |              |          |       |         |          | 
     | picorv32_core_genblk1.pcpi_mul_mul_2371_47_cdnfadd | CI v -> CO v | ADDFX1   | 0.036 |   1.450 |    3.376 | 
     | 32                                                 |              |          |       |         |          | 
     | picorv32_core_genblk1.pcpi_mul_mul_2371_47_cdnfadd | CI v -> CO v | ADDFX1   | 0.034 |   1.484 |    3.410 | 
     | 33                                                 |              |          |       |         |          | 
     | picorv32_core_genblk1.pcpi_mul_mul_2371_47_cdnfadd | CI v -> CO v | ADDFX1   | 0.035 |   1.519 |    3.445 | 
     | 34                                                 |              |          |       |         |          | 
     | picorv32_core_genblk1.pcpi_mul_mul_2371_47_cdnfadd | CI v -> CO v | ADDFX1   | 0.034 |   1.552 |    3.479 | 
     | 35                                                 |              |          |       |         |          | 
     | picorv32_core_genblk1.pcpi_mul_mul_2371_47_cdnfadd | CI v -> CO v | ADDFX1   | 0.033 |   1.586 |    3.512 | 
     | 36                                                 |              |          |       |         |          | 
     | picorv32_core_genblk1.pcpi_mul_mul_2371_47_cdnfadd | CI v -> CO v | ADDFX1   | 0.033 |   1.619 |    3.545 | 
     | 37                                                 |              |          |       |         |          | 
     | picorv32_core_genblk1.pcpi_mul_mul_2371_47_cdnfadd | CI v -> CO v | ADDFX1   | 0.034 |   1.652 |    3.579 | 
     | 38                                                 |              |          |       |         |          | 
     | picorv32_core_genblk1.pcpi_mul_mul_2371_47_cdnfadd | CI v -> CO v | ADDFX1   | 0.033 |   1.686 |    3.612 | 
     | 39                                                 |              |          |       |         |          | 
     | picorv32_core_genblk1.pcpi_mul_mul_2371_47_cdnfadd | CI v -> CO v | ADDFX1   | 0.033 |   1.719 |    3.645 | 
     | 40                                                 |              |          |       |         |          | 
     | picorv32_core_genblk1.pcpi_mul_mul_2371_47_cdnfadd | CI v -> CO v | ADDFX1   | 0.033 |   1.752 |    3.678 | 
     | 41                                                 |              |          |       |         |          | 
     | picorv32_core_genblk1.pcpi_mul_mul_2371_47_cdnfadd | CI v -> CO v | ADDFX1   | 0.034 |   1.786 |    3.712 | 
     | 42                                                 |              |          |       |         |          | 
     | picorv32_core_genblk1.pcpi_mul_mul_2371_47_cdnfadd | CI v -> CO v | ADDFX1   | 0.034 |   1.820 |    3.747 | 
     | 43                                                 |              |          |       |         |          | 
     | picorv32_core_genblk1.pcpi_mul_mul_2371_47_cdnfadd | CI v -> CO v | ADDFX1   | 0.035 |   1.855 |    3.781 | 
     | 44                                                 |              |          |       |         |          | 
     | picorv32_core_genblk1.pcpi_mul_mul_2371_47_cdnfadd | CI v -> CO v | ADDFX1   | 0.034 |   1.889 |    3.815 | 
     | 45                                                 |              |          |       |         |          | 
     | picorv32_core_genblk1.pcpi_mul_mul_2371_47_cdnfadd | CI v -> CO v | ADDFX1   | 0.035 |   1.924 |    3.850 | 
     | 46                                                 |              |          |       |         |          | 
     | picorv32_core_genblk1.pcpi_mul_mul_2371_47_cdnfadd | CI v -> CO v | ADDFX1   | 0.033 |   1.957 |    3.884 | 
     | 47                                                 |              |          |       |         |          | 
     | picorv32_core_genblk1.pcpi_mul_mul_2371_47_cdnfadd | CI v -> CO v | ADDFX1   | 0.035 |   1.992 |    3.919 | 
     | 48                                                 |              |          |       |         |          | 
     | picorv32_core_genblk1.pcpi_mul_mul_2371_47_cdnfadd | CI v -> S ^  | ADDFX1   | 0.051 |   2.043 |    3.970 | 
     | 49                                                 |              |          |       |         |          | 
     | picorv32_core_genblk1.pcpi_mul_rd_reg[49]          | D ^          | DFFQXL   | 0.000 |   2.043 |    3.970 | 
     +-----------------------------------------------------------------------------------------------------------+ 
Path 16: MET Setup Check with Pin picorv32_core_genblk1.pcpi_mul_rd_reg[48]/CK 
Endpoint:   picorv32_core_genblk1.pcpi_mul_rd_reg[48]/D (^) checked with  
leading edge of 'clk'
Beginpoint: picorv32_core_genblk1.pcpi_mul_rs2_reg[5]/Q (^) triggered by  
leading edge of 'clk'
Path Groups: {reg2reg}
Analysis View: analysis1
Other End Arrival Time          0.004
- Setup                         0.013
+ Phase Shift                   4.000
- Uncertainty                   0.020
= Required Time                 3.971
- Arrival Time                  2.006
= Slack Time                    1.965
     Clock Rise Edge                 0.000
     + Clock Network Latency (Prop)  0.003
     = Beginpoint Arrival Time       0.003
     +-----------------------------------------------------------------------------------------------------------+ 
     |                      Instance                      |     Arc      |   Cell   | Delay | Arrival | Required | 
     |                                                    |              |          |       |  Time   |   Time   | 
     |----------------------------------------------------+--------------+----------+-------+---------+----------| 
     | picorv32_core_genblk1.pcpi_mul_rs2_reg[5]          | CK ^         |          |       |   0.003 |    1.968 | 
     | picorv32_core_genblk1.pcpi_mul_rs2_reg[5]          | CK ^ -> Q ^  | MDFFHQX1 | 0.126 |   0.129 |    2.094 | 
     | picorv32_core_genblk1.pcpi_mul_mul_2371_47_g14046  | A ^ -> Y v   | INVX1    | 0.049 |   0.178 |    2.143 | 
     | picorv32_core_genblk1.pcpi_mul_mul_2371_47_g13987  | B v -> Y ^   | XNOR2X1  | 0.031 |   0.209 |    2.174 | 
     | picorv32_core_genblk1.pcpi_mul_mul_2371_47_g13897  | A ^ -> Y ^   | OR2X1    | 0.086 |   0.295 |    2.260 | 
     | picorv32_core_genblk1.pcpi_mul_mul_2371_47_g13890  | A ^ -> Y v   | INVX1    | 0.052 |   0.346 |    2.312 | 
     | picorv32_core_genblk1.pcpi_mul_mul_2371_47_g13740  | A1 v -> Y ^  | OAI21X1  | 0.027 |   0.374 |    2.339 | 
     | picorv32_core_genblk1.pcpi_mul_mul_2371_47_g13494  | B ^ -> Y ^   | XNOR2X1  | 0.025 |   0.398 |    2.364 | 
     | picorv32_core_genblk1.pcpi_mul_mul_2371_47_g13440  | B ^ -> S v   | ADDHX1   | 0.031 |   0.429 |    2.394 | 
     | picorv32_core_genblk1.pcpi_mul_mul_2371_47_cdnfadd | A v -> CO v  | ADDFX1   | 0.035 |   0.465 |    2.430 | 
     | 3                                                  |              |          |       |         |          | 
     | picorv32_core_genblk1.pcpi_mul_mul_2371_47_cdnfadd | CI v -> CO v | ADDFX1   | 0.034 |   0.499 |    2.464 | 
     | 4                                                  |              |          |       |         |          | 
     | picorv32_core_genblk1.pcpi_mul_mul_2371_47_cdnfadd | CI v -> CO v | ADDFX1   | 0.034 |   0.533 |    2.498 | 
     | 5                                                  |              |          |       |         |          | 
     | picorv32_core_genblk1.pcpi_mul_mul_2371_47_cdnfadd | CI v -> CO v | ADDFX1   | 0.033 |   0.566 |    2.531 | 
     | 6                                                  |              |          |       |         |          | 
     | picorv32_core_genblk1.pcpi_mul_mul_2371_47_cdnfadd | CI v -> CO v | ADDFX1   | 0.034 |   0.600 |    2.565 | 
     | 7                                                  |              |          |       |         |          | 
     | picorv32_core_genblk1.pcpi_mul_mul_2371_47_cdnfadd | CI v -> CO v | ADDFX1   | 0.034 |   0.634 |    2.599 | 
     | 8                                                  |              |          |       |         |          | 
     | picorv32_core_genblk1.pcpi_mul_mul_2371_47_cdnfadd | CI v -> CO v | ADDFX1   | 0.033 |   0.667 |    2.632 | 
     | 9                                                  |              |          |       |         |          | 
     | picorv32_core_genblk1.pcpi_mul_mul_2371_47_cdnfadd | CI v -> CO v | ADDFX1   | 0.034 |   0.700 |    2.665 | 
     | 10                                                 |              |          |       |         |          | 
     | picorv32_core_genblk1.pcpi_mul_mul_2371_47_cdnfadd | CI v -> CO v | ADDFX1   | 0.033 |   0.734 |    2.699 | 
     | 11                                                 |              |          |       |         |          | 
     | picorv32_core_genblk1.pcpi_mul_mul_2371_47_cdnfadd | CI v -> CO v | ADDFX1   | 0.034 |   0.768 |    2.733 | 
     | 12                                                 |              |          |       |         |          | 
     | picorv32_core_genblk1.pcpi_mul_mul_2371_47_cdnfadd | CI v -> CO v | ADDFX1   | 0.034 |   0.801 |    2.766 | 
     | 13                                                 |              |          |       |         |          | 
     | picorv32_core_genblk1.pcpi_mul_mul_2371_47_cdnfadd | CI v -> CO v | ADDFX1   | 0.033 |   0.835 |    2.800 | 
     | 14                                                 |              |          |       |         |          | 
     | picorv32_core_genblk1.pcpi_mul_mul_2371_47_cdnfadd | CI v -> CO v | ADDFX1   | 0.033 |   0.868 |    2.833 | 
     | 15                                                 |              |          |       |         |          | 
     | picorv32_core_genblk1.pcpi_mul_mul_2371_47_cdnfadd | CI v -> CO v | ADDFX1   | 0.033 |   0.901 |    2.866 | 
     | 16                                                 |              |          |       |         |          | 
     | picorv32_core_genblk1.pcpi_mul_mul_2371_47_cdnfadd | CI v -> CO v | ADDFX1   | 0.034 |   0.934 |    2.900 | 
     | 17                                                 |              |          |       |         |          | 
     | picorv32_core_genblk1.pcpi_mul_mul_2371_47_cdnfadd | CI v -> CO v | ADDFX1   | 0.033 |   0.968 |    2.933 | 
     | 18                                                 |              |          |       |         |          | 
     | picorv32_core_genblk1.pcpi_mul_mul_2371_47_cdnfadd | CI v -> CO v | ADDFX1   | 0.034 |   1.001 |    2.967 | 
     | 19                                                 |              |          |       |         |          | 
     | picorv32_core_genblk1.pcpi_mul_mul_2371_47_cdnfadd | CI v -> CO v | ADDFX1   | 0.034 |   1.036 |    3.001 | 
     | 20                                                 |              |          |       |         |          | 
     | picorv32_core_genblk1.pcpi_mul_mul_2371_47_cdnfadd | CI v -> CO v | ADDFX1   | 0.033 |   1.069 |    3.034 | 
     | 21                                                 |              |          |       |         |          | 
     | picorv32_core_genblk1.pcpi_mul_mul_2371_47_cdnfadd | CI v -> CO v | ADDFX1   | 0.033 |   1.102 |    3.068 | 
     | 22                                                 |              |          |       |         |          | 
     | picorv32_core_genblk1.pcpi_mul_mul_2371_47_cdnfadd | CI v -> CO v | ADDFX1   | 0.033 |   1.136 |    3.101 | 
     | 23                                                 |              |          |       |         |          | 
     | picorv32_core_genblk1.pcpi_mul_mul_2371_47_cdnfadd | CI v -> CO v | ADDFX1   | 0.035 |   1.171 |    3.136 | 
     | 24                                                 |              |          |       |         |          | 
     | picorv32_core_genblk1.pcpi_mul_mul_2371_47_cdnfadd | CI v -> CO v | ADDFX1   | 0.035 |   1.206 |    3.171 | 
     | 25                                                 |              |          |       |         |          | 
     | picorv32_core_genblk1.pcpi_mul_mul_2371_47_cdnfadd | CI v -> CO v | ADDFX1   | 0.033 |   1.239 |    3.204 | 
     | 26                                                 |              |          |       |         |          | 
     | picorv32_core_genblk1.pcpi_mul_mul_2371_47_cdnfadd | CI v -> CO v | ADDFX1   | 0.034 |   1.273 |    3.239 | 
     | 27                                                 |              |          |       |         |          | 
     | picorv32_core_genblk1.pcpi_mul_mul_2371_47_cdnfadd | CI v -> CO v | ADDFX1   | 0.034 |   1.307 |    3.272 | 
     | 28                                                 |              |          |       |         |          | 
     | picorv32_core_genblk1.pcpi_mul_mul_2371_47_cdnfadd | CI v -> CO v | ADDFX1   | 0.034 |   1.341 |    3.306 | 
     | 29                                                 |              |          |       |         |          | 
     | picorv32_core_genblk1.pcpi_mul_mul_2371_47_cdnfadd | CI v -> CO v | ADDFX1   | 0.035 |   1.375 |    3.341 | 
     | 30                                                 |              |          |       |         |          | 
     | picorv32_core_genblk1.pcpi_mul_mul_2371_47_cdnfadd | CI v -> CO v | ADDFX1   | 0.039 |   1.414 |    3.379 | 
     | 31                                                 |              |          |       |         |          | 
     | picorv32_core_genblk1.pcpi_mul_mul_2371_47_cdnfadd | CI v -> CO v | ADDFX1   | 0.036 |   1.450 |    3.415 | 
     | 32                                                 |              |          |       |         |          | 
     | picorv32_core_genblk1.pcpi_mul_mul_2371_47_cdnfadd | CI v -> CO v | ADDFX1   | 0.034 |   1.484 |    3.449 | 
     | 33                                                 |              |          |       |         |          | 
     | picorv32_core_genblk1.pcpi_mul_mul_2371_47_cdnfadd | CI v -> CO v | ADDFX1   | 0.035 |   1.519 |    3.484 | 
     | 34                                                 |              |          |       |         |          | 
     | picorv32_core_genblk1.pcpi_mul_mul_2371_47_cdnfadd | CI v -> CO v | ADDFX1   | 0.034 |   1.552 |    3.517 | 
     | 35                                                 |              |          |       |         |          | 
     | picorv32_core_genblk1.pcpi_mul_mul_2371_47_cdnfadd | CI v -> CO v | ADDFX1   | 0.033 |   1.586 |    3.551 | 
     | 36                                                 |              |          |       |         |          | 
     | picorv32_core_genblk1.pcpi_mul_mul_2371_47_cdnfadd | CI v -> CO v | ADDFX1   | 0.033 |   1.619 |    3.584 | 
     | 37                                                 |              |          |       |         |          | 
     | picorv32_core_genblk1.pcpi_mul_mul_2371_47_cdnfadd | CI v -> CO v | ADDFX1   | 0.034 |   1.652 |    3.618 | 
     | 38                                                 |              |          |       |         |          | 
     | picorv32_core_genblk1.pcpi_mul_mul_2371_47_cdnfadd | CI v -> CO v | ADDFX1   | 0.033 |   1.686 |    3.651 | 
     | 39                                                 |              |          |       |         |          | 
     | picorv32_core_genblk1.pcpi_mul_mul_2371_47_cdnfadd | CI v -> CO v | ADDFX1   | 0.033 |   1.719 |    3.684 | 
     | 40                                                 |              |          |       |         |          | 
     | picorv32_core_genblk1.pcpi_mul_mul_2371_47_cdnfadd | CI v -> CO v | ADDFX1   | 0.033 |   1.752 |    3.717 | 
     | 41                                                 |              |          |       |         |          | 
     | picorv32_core_genblk1.pcpi_mul_mul_2371_47_cdnfadd | CI v -> CO v | ADDFX1   | 0.034 |   1.786 |    3.751 | 
     | 42                                                 |              |          |       |         |          | 
     | picorv32_core_genblk1.pcpi_mul_mul_2371_47_cdnfadd | CI v -> CO v | ADDFX1   | 0.034 |   1.820 |    3.785 | 
     | 43                                                 |              |          |       |         |          | 
     | picorv32_core_genblk1.pcpi_mul_mul_2371_47_cdnfadd | CI v -> CO v | ADDFX1   | 0.035 |   1.855 |    3.820 | 
     | 44                                                 |              |          |       |         |          | 
     | picorv32_core_genblk1.pcpi_mul_mul_2371_47_cdnfadd | CI v -> CO v | ADDFX1   | 0.034 |   1.889 |    3.854 | 
     | 45                                                 |              |          |       |         |          | 
     | picorv32_core_genblk1.pcpi_mul_mul_2371_47_cdnfadd | CI v -> CO v | ADDFX1   | 0.035 |   1.924 |    3.889 | 
     | 46                                                 |              |          |       |         |          | 
     | picorv32_core_genblk1.pcpi_mul_mul_2371_47_cdnfadd | CI v -> CO v | ADDFX1   | 0.033 |   1.957 |    3.922 | 
     | 47                                                 |              |          |       |         |          | 
     | picorv32_core_genblk1.pcpi_mul_mul_2371_47_cdnfadd | CI v -> S ^  | ADDFX1   | 0.049 |   2.006 |    3.971 | 
     | 48                                                 |              |          |       |         |          | 
     | picorv32_core_genblk1.pcpi_mul_rd_reg[48]          | D ^          | DFFQXL   | 0.000 |   2.006 |    3.971 | 
     +-----------------------------------------------------------------------------------------------------------+ 
Path 17: MET Setup Check with Pin picorv32_core_genblk1.pcpi_mul_rd_reg[47]/CK 
Endpoint:   picorv32_core_genblk1.pcpi_mul_rd_reg[47]/D (^) checked with  
leading edge of 'clk'
Beginpoint: picorv32_core_genblk1.pcpi_mul_rs2_reg[5]/Q (^) triggered by  
leading edge of 'clk'
Path Groups: {reg2reg}
Analysis View: analysis1
Other End Arrival Time          0.002
- Setup                         0.013
+ Phase Shift                   4.000
- Uncertainty                   0.020
= Required Time                 3.968
- Arrival Time                  1.974
= Slack Time                    1.995
     Clock Rise Edge                 0.000
     + Clock Network Latency (Prop)  0.003
     = Beginpoint Arrival Time       0.003
     +-----------------------------------------------------------------------------------------------------------+ 
     |                      Instance                      |     Arc      |   Cell   | Delay | Arrival | Required | 
     |                                                    |              |          |       |  Time   |   Time   | 
     |----------------------------------------------------+--------------+----------+-------+---------+----------| 
     | picorv32_core_genblk1.pcpi_mul_rs2_reg[5]          | CK ^         |          |       |   0.003 |    1.998 | 
     | picorv32_core_genblk1.pcpi_mul_rs2_reg[5]          | CK ^ -> Q ^  | MDFFHQX1 | 0.126 |   0.129 |    2.124 | 
     | picorv32_core_genblk1.pcpi_mul_mul_2371_47_g14046  | A ^ -> Y v   | INVX1    | 0.049 |   0.178 |    2.173 | 
     | picorv32_core_genblk1.pcpi_mul_mul_2371_47_g13987  | B v -> Y ^   | XNOR2X1  | 0.031 |   0.209 |    2.203 | 
     | picorv32_core_genblk1.pcpi_mul_mul_2371_47_g13897  | A ^ -> Y ^   | OR2X1    | 0.086 |   0.295 |    2.289 | 
     | picorv32_core_genblk1.pcpi_mul_mul_2371_47_g13890  | A ^ -> Y v   | INVX1    | 0.052 |   0.346 |    2.341 | 
     | picorv32_core_genblk1.pcpi_mul_mul_2371_47_g13740  | A1 v -> Y ^  | OAI21X1  | 0.027 |   0.374 |    2.368 | 
     | picorv32_core_genblk1.pcpi_mul_mul_2371_47_g13494  | B ^ -> Y ^   | XNOR2X1  | 0.025 |   0.398 |    2.393 | 
     | picorv32_core_genblk1.pcpi_mul_mul_2371_47_g13440  | B ^ -> S v   | ADDHX1   | 0.031 |   0.429 |    2.424 | 
     | picorv32_core_genblk1.pcpi_mul_mul_2371_47_cdnfadd | A v -> CO v  | ADDFX1   | 0.035 |   0.465 |    2.459 | 
     | 3                                                  |              |          |       |         |          | 
     | picorv32_core_genblk1.pcpi_mul_mul_2371_47_cdnfadd | CI v -> CO v | ADDFX1   | 0.034 |   0.499 |    2.493 | 
     | 4                                                  |              |          |       |         |          | 
     | picorv32_core_genblk1.pcpi_mul_mul_2371_47_cdnfadd | CI v -> CO v | ADDFX1   | 0.034 |   0.533 |    2.527 | 
     | 5                                                  |              |          |       |         |          | 
     | picorv32_core_genblk1.pcpi_mul_mul_2371_47_cdnfadd | CI v -> CO v | ADDFX1   | 0.033 |   0.566 |    2.561 | 
     | 6                                                  |              |          |       |         |          | 
     | picorv32_core_genblk1.pcpi_mul_mul_2371_47_cdnfadd | CI v -> CO v | ADDFX1   | 0.034 |   0.600 |    2.595 | 
     | 7                                                  |              |          |       |         |          | 
     | picorv32_core_genblk1.pcpi_mul_mul_2371_47_cdnfadd | CI v -> CO v | ADDFX1   | 0.034 |   0.634 |    2.628 | 
     | 8                                                  |              |          |       |         |          | 
     | picorv32_core_genblk1.pcpi_mul_mul_2371_47_cdnfadd | CI v -> CO v | ADDFX1   | 0.033 |   0.667 |    2.661 | 
     | 9                                                  |              |          |       |         |          | 
     | picorv32_core_genblk1.pcpi_mul_mul_2371_47_cdnfadd | CI v -> CO v | ADDFX1   | 0.034 |   0.700 |    2.695 | 
     | 10                                                 |              |          |       |         |          | 
     | picorv32_core_genblk1.pcpi_mul_mul_2371_47_cdnfadd | CI v -> CO v | ADDFX1   | 0.033 |   0.734 |    2.728 | 
     | 11                                                 |              |          |       |         |          | 
     | picorv32_core_genblk1.pcpi_mul_mul_2371_47_cdnfadd | CI v -> CO v | ADDFX1   | 0.034 |   0.768 |    2.762 | 
     | 12                                                 |              |          |       |         |          | 
     | picorv32_core_genblk1.pcpi_mul_mul_2371_47_cdnfadd | CI v -> CO v | ADDFX1   | 0.034 |   0.801 |    2.796 | 
     | 13                                                 |              |          |       |         |          | 
     | picorv32_core_genblk1.pcpi_mul_mul_2371_47_cdnfadd | CI v -> CO v | ADDFX1   | 0.033 |   0.835 |    2.829 | 
     | 14                                                 |              |          |       |         |          | 
     | picorv32_core_genblk1.pcpi_mul_mul_2371_47_cdnfadd | CI v -> CO v | ADDFX1   | 0.033 |   0.868 |    2.862 | 
     | 15                                                 |              |          |       |         |          | 
     | picorv32_core_genblk1.pcpi_mul_mul_2371_47_cdnfadd | CI v -> CO v | ADDFX1   | 0.033 |   0.901 |    2.895 | 
     | 16                                                 |              |          |       |         |          | 
     | picorv32_core_genblk1.pcpi_mul_mul_2371_47_cdnfadd | CI v -> CO v | ADDFX1   | 0.034 |   0.934 |    2.929 | 
     | 17                                                 |              |          |       |         |          | 
     | picorv32_core_genblk1.pcpi_mul_mul_2371_47_cdnfadd | CI v -> CO v | ADDFX1   | 0.033 |   0.968 |    2.962 | 
     | 18                                                 |              |          |       |         |          | 
     | picorv32_core_genblk1.pcpi_mul_mul_2371_47_cdnfadd | CI v -> CO v | ADDFX1   | 0.034 |   1.001 |    2.996 | 
     | 19                                                 |              |          |       |         |          | 
     | picorv32_core_genblk1.pcpi_mul_mul_2371_47_cdnfadd | CI v -> CO v | ADDFX1   | 0.034 |   1.036 |    3.030 | 
     | 20                                                 |              |          |       |         |          | 
     | picorv32_core_genblk1.pcpi_mul_mul_2371_47_cdnfadd | CI v -> CO v | ADDFX1   | 0.033 |   1.069 |    3.064 | 
     | 21                                                 |              |          |       |         |          | 
     | picorv32_core_genblk1.pcpi_mul_mul_2371_47_cdnfadd | CI v -> CO v | ADDFX1   | 0.033 |   1.102 |    3.097 | 
     | 22                                                 |              |          |       |         |          | 
     | picorv32_core_genblk1.pcpi_mul_mul_2371_47_cdnfadd | CI v -> CO v | ADDFX1   | 0.033 |   1.136 |    3.130 | 
     | 23                                                 |              |          |       |         |          | 
     | picorv32_core_genblk1.pcpi_mul_mul_2371_47_cdnfadd | CI v -> CO v | ADDFX1   | 0.035 |   1.171 |    3.166 | 
     | 24                                                 |              |          |       |         |          | 
     | picorv32_core_genblk1.pcpi_mul_mul_2371_47_cdnfadd | CI v -> CO v | ADDFX1   | 0.035 |   1.206 |    3.200 | 
     | 25                                                 |              |          |       |         |          | 
     | picorv32_core_genblk1.pcpi_mul_mul_2371_47_cdnfadd | CI v -> CO v | ADDFX1   | 0.033 |   1.239 |    3.234 | 
     | 26                                                 |              |          |       |         |          | 
     | picorv32_core_genblk1.pcpi_mul_mul_2371_47_cdnfadd | CI v -> CO v | ADDFX1   | 0.034 |   1.273 |    3.268 | 
     | 27                                                 |              |          |       |         |          | 
     | picorv32_core_genblk1.pcpi_mul_mul_2371_47_cdnfadd | CI v -> CO v | ADDFX1   | 0.034 |   1.307 |    3.302 | 
     | 28                                                 |              |          |       |         |          | 
     | picorv32_core_genblk1.pcpi_mul_mul_2371_47_cdnfadd | CI v -> CO v | ADDFX1   | 0.034 |   1.341 |    3.335 | 
     | 29                                                 |              |          |       |         |          | 
     | picorv32_core_genblk1.pcpi_mul_mul_2371_47_cdnfadd | CI v -> CO v | ADDFX1   | 0.035 |   1.375 |    3.370 | 
     | 30                                                 |              |          |       |         |          | 
     | picorv32_core_genblk1.pcpi_mul_mul_2371_47_cdnfadd | CI v -> CO v | ADDFX1   | 0.039 |   1.414 |    3.409 | 
     | 31                                                 |              |          |       |         |          | 
     | picorv32_core_genblk1.pcpi_mul_mul_2371_47_cdnfadd | CI v -> CO v | ADDFX1   | 0.036 |   1.450 |    3.444 | 
     | 32                                                 |              |          |       |         |          | 
     | picorv32_core_genblk1.pcpi_mul_mul_2371_47_cdnfadd | CI v -> CO v | ADDFX1   | 0.034 |   1.484 |    3.478 | 
     | 33                                                 |              |          |       |         |          | 
     | picorv32_core_genblk1.pcpi_mul_mul_2371_47_cdnfadd | CI v -> CO v | ADDFX1   | 0.035 |   1.519 |    3.513 | 
     | 34                                                 |              |          |       |         |          | 
     | picorv32_core_genblk1.pcpi_mul_mul_2371_47_cdnfadd | CI v -> CO v | ADDFX1   | 0.034 |   1.552 |    3.547 | 
     | 35                                                 |              |          |       |         |          | 
     | picorv32_core_genblk1.pcpi_mul_mul_2371_47_cdnfadd | CI v -> CO v | ADDFX1   | 0.033 |   1.586 |    3.580 | 
     | 36                                                 |              |          |       |         |          | 
     | picorv32_core_genblk1.pcpi_mul_mul_2371_47_cdnfadd | CI v -> CO v | ADDFX1   | 0.033 |   1.619 |    3.613 | 
     | 37                                                 |              |          |       |         |          | 
     | picorv32_core_genblk1.pcpi_mul_mul_2371_47_cdnfadd | CI v -> CO v | ADDFX1   | 0.034 |   1.652 |    3.647 | 
     | 38                                                 |              |          |       |         |          | 
     | picorv32_core_genblk1.pcpi_mul_mul_2371_47_cdnfadd | CI v -> CO v | ADDFX1   | 0.033 |   1.686 |    3.680 | 
     | 39                                                 |              |          |       |         |          | 
     | picorv32_core_genblk1.pcpi_mul_mul_2371_47_cdnfadd | CI v -> CO v | ADDFX1   | 0.033 |   1.719 |    3.713 | 
     | 40                                                 |              |          |       |         |          | 
     | picorv32_core_genblk1.pcpi_mul_mul_2371_47_cdnfadd | CI v -> CO v | ADDFX1   | 0.033 |   1.752 |    3.746 | 
     | 41                                                 |              |          |       |         |          | 
     | picorv32_core_genblk1.pcpi_mul_mul_2371_47_cdnfadd | CI v -> CO v | ADDFX1   | 0.034 |   1.786 |    3.780 | 
     | 42                                                 |              |          |       |         |          | 
     | picorv32_core_genblk1.pcpi_mul_mul_2371_47_cdnfadd | CI v -> CO v | ADDFX1   | 0.034 |   1.820 |    3.815 | 
     | 43                                                 |              |          |       |         |          | 
     | picorv32_core_genblk1.pcpi_mul_mul_2371_47_cdnfadd | CI v -> CO v | ADDFX1   | 0.035 |   1.855 |    3.849 | 
     | 44                                                 |              |          |       |         |          | 
     | picorv32_core_genblk1.pcpi_mul_mul_2371_47_cdnfadd | CI v -> CO v | ADDFX1   | 0.034 |   1.889 |    3.883 | 
     | 45                                                 |              |          |       |         |          | 
     | picorv32_core_genblk1.pcpi_mul_mul_2371_47_cdnfadd | CI v -> CO v | ADDFX1   | 0.035 |   1.924 |    3.918 | 
     | 46                                                 |              |          |       |         |          | 
     | picorv32_core_genblk1.pcpi_mul_mul_2371_47_cdnfadd | CI v -> S ^  | ADDFX1   | 0.050 |   1.974 |    3.968 | 
     | 47                                                 |              |          |       |         |          | 
     | picorv32_core_genblk1.pcpi_mul_rd_reg[47]          | D ^          | DFFQXL   | 0.000 |   1.974 |    3.968 | 
     +-----------------------------------------------------------------------------------------------------------+ 
Path 18: MET Setup Check with Pin picorv32_core_genblk1.pcpi_mul_rd_reg[46]/CK 
Endpoint:   picorv32_core_genblk1.pcpi_mul_rd_reg[46]/D (^) checked with  
leading edge of 'clk'
Beginpoint: picorv32_core_genblk1.pcpi_mul_rs2_reg[5]/Q (^) triggered by  
leading edge of 'clk'
Path Groups: {reg2reg}
Analysis View: analysis1
Other End Arrival Time          0.002
- Setup                         0.013
+ Phase Shift                   4.000
- Uncertainty                   0.020
= Required Time                 3.968
- Arrival Time                  1.940
= Slack Time                    2.029
     Clock Rise Edge                 0.000
     + Clock Network Latency (Prop)  0.003
     = Beginpoint Arrival Time       0.003
     +-----------------------------------------------------------------------------------------------------------+ 
     |                      Instance                      |     Arc      |   Cell   | Delay | Arrival | Required | 
     |                                                    |              |          |       |  Time   |   Time   | 
     |----------------------------------------------------+--------------+----------+-------+---------+----------| 
     | picorv32_core_genblk1.pcpi_mul_rs2_reg[5]          | CK ^         |          |       |   0.003 |    2.032 | 
     | picorv32_core_genblk1.pcpi_mul_rs2_reg[5]          | CK ^ -> Q ^  | MDFFHQX1 | 0.126 |   0.129 |    2.158 | 
     | picorv32_core_genblk1.pcpi_mul_mul_2371_47_g14046  | A ^ -> Y v   | INVX1    | 0.049 |   0.178 |    2.207 | 
     | picorv32_core_genblk1.pcpi_mul_mul_2371_47_g13987  | B v -> Y ^   | XNOR2X1  | 0.031 |   0.209 |    2.238 | 
     | picorv32_core_genblk1.pcpi_mul_mul_2371_47_g13897  | A ^ -> Y ^   | OR2X1    | 0.086 |   0.295 |    2.324 | 
     | picorv32_core_genblk1.pcpi_mul_mul_2371_47_g13890  | A ^ -> Y v   | INVX1    | 0.052 |   0.346 |    2.375 | 
     | picorv32_core_genblk1.pcpi_mul_mul_2371_47_g13740  | A1 v -> Y ^  | OAI21X1  | 0.027 |   0.374 |    2.403 | 
     | picorv32_core_genblk1.pcpi_mul_mul_2371_47_g13494  | B ^ -> Y ^   | XNOR2X1  | 0.025 |   0.398 |    2.427 | 
     | picorv32_core_genblk1.pcpi_mul_mul_2371_47_g13440  | B ^ -> S v   | ADDHX1   | 0.031 |   0.429 |    2.458 | 
     | picorv32_core_genblk1.pcpi_mul_mul_2371_47_cdnfadd | A v -> CO v  | ADDFX1   | 0.035 |   0.465 |    2.494 | 
     | 3                                                  |              |          |       |         |          | 
     | picorv32_core_genblk1.pcpi_mul_mul_2371_47_cdnfadd | CI v -> CO v | ADDFX1   | 0.034 |   0.499 |    2.528 | 
     | 4                                                  |              |          |       |         |          | 
     | picorv32_core_genblk1.pcpi_mul_mul_2371_47_cdnfadd | CI v -> CO v | ADDFX1   | 0.034 |   0.533 |    2.562 | 
     | 5                                                  |              |          |       |         |          | 
     | picorv32_core_genblk1.pcpi_mul_mul_2371_47_cdnfadd | CI v -> CO v | ADDFX1   | 0.033 |   0.566 |    2.595 | 
     | 6                                                  |              |          |       |         |          | 
     | picorv32_core_genblk1.pcpi_mul_mul_2371_47_cdnfadd | CI v -> CO v | ADDFX1   | 0.034 |   0.600 |    2.629 | 
     | 7                                                  |              |          |       |         |          | 
     | picorv32_core_genblk1.pcpi_mul_mul_2371_47_cdnfadd | CI v -> CO v | ADDFX1   | 0.034 |   0.634 |    2.662 | 
     | 8                                                  |              |          |       |         |          | 
     | picorv32_core_genblk1.pcpi_mul_mul_2371_47_cdnfadd | CI v -> CO v | ADDFX1   | 0.033 |   0.667 |    2.696 | 
     | 9                                                  |              |          |       |         |          | 
     | picorv32_core_genblk1.pcpi_mul_mul_2371_47_cdnfadd | CI v -> CO v | ADDFX1   | 0.034 |   0.700 |    2.729 | 
     | 10                                                 |              |          |       |         |          | 
     | picorv32_core_genblk1.pcpi_mul_mul_2371_47_cdnfadd | CI v -> CO v | ADDFX1   | 0.033 |   0.734 |    2.762 | 
     | 11                                                 |              |          |       |         |          | 
     | picorv32_core_genblk1.pcpi_mul_mul_2371_47_cdnfadd | CI v -> CO v | ADDFX1   | 0.034 |   0.768 |    2.797 | 
     | 12                                                 |              |          |       |         |          | 
     | picorv32_core_genblk1.pcpi_mul_mul_2371_47_cdnfadd | CI v -> CO v | ADDFX1   | 0.034 |   0.801 |    2.830 | 
     | 13                                                 |              |          |       |         |          | 
     | picorv32_core_genblk1.pcpi_mul_mul_2371_47_cdnfadd | CI v -> CO v | ADDFX1   | 0.033 |   0.835 |    2.863 | 
     | 14                                                 |              |          |       |         |          | 
     | picorv32_core_genblk1.pcpi_mul_mul_2371_47_cdnfadd | CI v -> CO v | ADDFX1   | 0.033 |   0.868 |    2.897 | 
     | 15                                                 |              |          |       |         |          | 
     | picorv32_core_genblk1.pcpi_mul_mul_2371_47_cdnfadd | CI v -> CO v | ADDFX1   | 0.033 |   0.901 |    2.930 | 
     | 16                                                 |              |          |       |         |          | 
     | picorv32_core_genblk1.pcpi_mul_mul_2371_47_cdnfadd | CI v -> CO v | ADDFX1   | 0.034 |   0.934 |    2.963 | 
     | 17                                                 |              |          |       |         |          | 
     | picorv32_core_genblk1.pcpi_mul_mul_2371_47_cdnfadd | CI v -> CO v | ADDFX1   | 0.033 |   0.968 |    2.997 | 
     | 18                                                 |              |          |       |         |          | 
     | picorv32_core_genblk1.pcpi_mul_mul_2371_47_cdnfadd | CI v -> CO v | ADDFX1   | 0.034 |   1.001 |    3.030 | 
     | 19                                                 |              |          |       |         |          | 
     | picorv32_core_genblk1.pcpi_mul_mul_2371_47_cdnfadd | CI v -> CO v | ADDFX1   | 0.034 |   1.036 |    3.064 | 
     | 20                                                 |              |          |       |         |          | 
     | picorv32_core_genblk1.pcpi_mul_mul_2371_47_cdnfadd | CI v -> CO v | ADDFX1   | 0.033 |   1.069 |    3.098 | 
     | 21                                                 |              |          |       |         |          | 
     | picorv32_core_genblk1.pcpi_mul_mul_2371_47_cdnfadd | CI v -> CO v | ADDFX1   | 0.033 |   1.102 |    3.131 | 
     | 22                                                 |              |          |       |         |          | 
     | picorv32_core_genblk1.pcpi_mul_mul_2371_47_cdnfadd | CI v -> CO v | ADDFX1   | 0.033 |   1.136 |    3.164 | 
     | 23                                                 |              |          |       |         |          | 
     | picorv32_core_genblk1.pcpi_mul_mul_2371_47_cdnfadd | CI v -> CO v | ADDFX1   | 0.035 |   1.171 |    3.200 | 
     | 24                                                 |              |          |       |         |          | 
     | picorv32_core_genblk1.pcpi_mul_mul_2371_47_cdnfadd | CI v -> CO v | ADDFX1   | 0.035 |   1.206 |    3.235 | 
     | 25                                                 |              |          |       |         |          | 
     | picorv32_core_genblk1.pcpi_mul_mul_2371_47_cdnfadd | CI v -> CO v | ADDFX1   | 0.033 |   1.239 |    3.268 | 
     | 26                                                 |              |          |       |         |          | 
     | picorv32_core_genblk1.pcpi_mul_mul_2371_47_cdnfadd | CI v -> CO v | ADDFX1   | 0.034 |   1.273 |    3.302 | 
     | 27                                                 |              |          |       |         |          | 
     | picorv32_core_genblk1.pcpi_mul_mul_2371_47_cdnfadd | CI v -> CO v | ADDFX1   | 0.034 |   1.307 |    3.336 | 
     | 28                                                 |              |          |       |         |          | 
     | picorv32_core_genblk1.pcpi_mul_mul_2371_47_cdnfadd | CI v -> CO v | ADDFX1   | 0.034 |   1.341 |    3.370 | 
     | 29                                                 |              |          |       |         |          | 
     | picorv32_core_genblk1.pcpi_mul_mul_2371_47_cdnfadd | CI v -> CO v | ADDFX1   | 0.035 |   1.375 |    3.404 | 
     | 30                                                 |              |          |       |         |          | 
     | picorv32_core_genblk1.pcpi_mul_mul_2371_47_cdnfadd | CI v -> CO v | ADDFX1   | 0.039 |   1.414 |    3.443 | 
     | 31                                                 |              |          |       |         |          | 
     | picorv32_core_genblk1.pcpi_mul_mul_2371_47_cdnfadd | CI v -> CO v | ADDFX1   | 0.036 |   1.450 |    3.479 | 
     | 32                                                 |              |          |       |         |          | 
     | picorv32_core_genblk1.pcpi_mul_mul_2371_47_cdnfadd | CI v -> CO v | ADDFX1   | 0.034 |   1.484 |    3.513 | 
     | 33                                                 |              |          |       |         |          | 
     | picorv32_core_genblk1.pcpi_mul_mul_2371_47_cdnfadd | CI v -> CO v | ADDFX1   | 0.035 |   1.519 |    3.547 | 
     | 34                                                 |              |          |       |         |          | 
     | picorv32_core_genblk1.pcpi_mul_mul_2371_47_cdnfadd | CI v -> CO v | ADDFX1   | 0.034 |   1.552 |    3.581 | 
     | 35                                                 |              |          |       |         |          | 
     | picorv32_core_genblk1.pcpi_mul_mul_2371_47_cdnfadd | CI v -> CO v | ADDFX1   | 0.033 |   1.586 |    3.614 | 
     | 36                                                 |              |          |       |         |          | 
     | picorv32_core_genblk1.pcpi_mul_mul_2371_47_cdnfadd | CI v -> CO v | ADDFX1   | 0.033 |   1.619 |    3.648 | 
     | 37                                                 |              |          |       |         |          | 
     | picorv32_core_genblk1.pcpi_mul_mul_2371_47_cdnfadd | CI v -> CO v | ADDFX1   | 0.034 |   1.652 |    3.681 | 
     | 38                                                 |              |          |       |         |          | 
     | picorv32_core_genblk1.pcpi_mul_mul_2371_47_cdnfadd | CI v -> CO v | ADDFX1   | 0.033 |   1.686 |    3.714 | 
     | 39                                                 |              |          |       |         |          | 
     | picorv32_core_genblk1.pcpi_mul_mul_2371_47_cdnfadd | CI v -> CO v | ADDFX1   | 0.033 |   1.719 |    3.748 | 
     | 40                                                 |              |          |       |         |          | 
     | picorv32_core_genblk1.pcpi_mul_mul_2371_47_cdnfadd | CI v -> CO v | ADDFX1   | 0.033 |   1.752 |    3.781 | 
     | 41                                                 |              |          |       |         |          | 
     | picorv32_core_genblk1.pcpi_mul_mul_2371_47_cdnfadd | CI v -> CO v | ADDFX1   | 0.034 |   1.786 |    3.815 | 
     | 42                                                 |              |          |       |         |          | 
     | picorv32_core_genblk1.pcpi_mul_mul_2371_47_cdnfadd | CI v -> CO v | ADDFX1   | 0.034 |   1.820 |    3.849 | 
     | 43                                                 |              |          |       |         |          | 
     | picorv32_core_genblk1.pcpi_mul_mul_2371_47_cdnfadd | CI v -> CO v | ADDFX1   | 0.035 |   1.855 |    3.884 | 
     | 44                                                 |              |          |       |         |          | 
     | picorv32_core_genblk1.pcpi_mul_mul_2371_47_cdnfadd | CI v -> CO v | ADDFX1   | 0.034 |   1.889 |    3.918 | 
     | 45                                                 |              |          |       |         |          | 
     | picorv32_core_genblk1.pcpi_mul_mul_2371_47_cdnfadd | CI v -> S ^  | ADDFX1   | 0.051 |   1.940 |    3.968 | 
     | 46                                                 |              |          |       |         |          | 
     | picorv32_core_genblk1.pcpi_mul_rd_reg[46]          | D ^          | DFFQXL   | 0.000 |   1.940 |    3.968 | 
     +-----------------------------------------------------------------------------------------------------------+ 
Path 19: MET Setup Check with Pin picorv32_core_genblk1.pcpi_mul_rd_reg[45]/CK 
Endpoint:   picorv32_core_genblk1.pcpi_mul_rd_reg[45]/D (^) checked with  
leading edge of 'clk'
Beginpoint: picorv32_core_genblk1.pcpi_mul_rs2_reg[5]/Q (^) triggered by  
leading edge of 'clk'
Path Groups: {reg2reg}
Analysis View: analysis1
Other End Arrival Time          0.002
- Setup                         0.013
+ Phase Shift                   4.000
- Uncertainty                   0.020
= Required Time                 3.968
- Arrival Time                  1.906
= Slack Time                    2.062
     Clock Rise Edge                 0.000
     + Clock Network Latency (Prop)  0.003
     = Beginpoint Arrival Time       0.003
     +-----------------------------------------------------------------------------------------------------------+ 
     |                      Instance                      |     Arc      |   Cell   | Delay | Arrival | Required | 
     |                                                    |              |          |       |  Time   |   Time   | 
     |----------------------------------------------------+--------------+----------+-------+---------+----------| 
     | picorv32_core_genblk1.pcpi_mul_rs2_reg[5]          | CK ^         |          |       |   0.003 |    2.065 | 
     | picorv32_core_genblk1.pcpi_mul_rs2_reg[5]          | CK ^ -> Q ^  | MDFFHQX1 | 0.126 |   0.129 |    2.191 | 
     | picorv32_core_genblk1.pcpi_mul_mul_2371_47_g14046  | A ^ -> Y v   | INVX1    | 0.049 |   0.178 |    2.240 | 
     | picorv32_core_genblk1.pcpi_mul_mul_2371_47_g13987  | B v -> Y ^   | XNOR2X1  | 0.031 |   0.209 |    2.271 | 
     | picorv32_core_genblk1.pcpi_mul_mul_2371_47_g13897  | A ^ -> Y ^   | OR2X1    | 0.086 |   0.295 |    2.357 | 
     | picorv32_core_genblk1.pcpi_mul_mul_2371_47_g13890  | A ^ -> Y v   | INVX1    | 0.052 |   0.346 |    2.408 | 
     | picorv32_core_genblk1.pcpi_mul_mul_2371_47_g13740  | A1 v -> Y ^  | OAI21X1  | 0.027 |   0.374 |    2.436 | 
     | picorv32_core_genblk1.pcpi_mul_mul_2371_47_g13494  | B ^ -> Y ^   | XNOR2X1  | 0.025 |   0.398 |    2.460 | 
     | picorv32_core_genblk1.pcpi_mul_mul_2371_47_g13440  | B ^ -> S v   | ADDHX1   | 0.031 |   0.429 |    2.491 | 
     | picorv32_core_genblk1.pcpi_mul_mul_2371_47_cdnfadd | A v -> CO v  | ADDFX1   | 0.035 |   0.465 |    2.527 | 
     | 3                                                  |              |          |       |         |          | 
     | picorv32_core_genblk1.pcpi_mul_mul_2371_47_cdnfadd | CI v -> CO v | ADDFX1   | 0.034 |   0.499 |    2.561 | 
     | 4                                                  |              |          |       |         |          | 
     | picorv32_core_genblk1.pcpi_mul_mul_2371_47_cdnfadd | CI v -> CO v | ADDFX1   | 0.034 |   0.533 |    2.595 | 
     | 5                                                  |              |          |       |         |          | 
     | picorv32_core_genblk1.pcpi_mul_mul_2371_47_cdnfadd | CI v -> CO v | ADDFX1   | 0.033 |   0.566 |    2.628 | 
     | 6                                                  |              |          |       |         |          | 
     | picorv32_core_genblk1.pcpi_mul_mul_2371_47_cdnfadd | CI v -> CO v | ADDFX1   | 0.034 |   0.600 |    2.662 | 
     | 7                                                  |              |          |       |         |          | 
     | picorv32_core_genblk1.pcpi_mul_mul_2371_47_cdnfadd | CI v -> CO v | ADDFX1   | 0.034 |   0.634 |    2.695 | 
     | 8                                                  |              |          |       |         |          | 
     | picorv32_core_genblk1.pcpi_mul_mul_2371_47_cdnfadd | CI v -> CO v | ADDFX1   | 0.033 |   0.667 |    2.729 | 
     | 9                                                  |              |          |       |         |          | 
     | picorv32_core_genblk1.pcpi_mul_mul_2371_47_cdnfadd | CI v -> CO v | ADDFX1   | 0.034 |   0.700 |    2.762 | 
     | 10                                                 |              |          |       |         |          | 
     | picorv32_core_genblk1.pcpi_mul_mul_2371_47_cdnfadd | CI v -> CO v | ADDFX1   | 0.033 |   0.734 |    2.795 | 
     | 11                                                 |              |          |       |         |          | 
     | picorv32_core_genblk1.pcpi_mul_mul_2371_47_cdnfadd | CI v -> CO v | ADDFX1   | 0.034 |   0.768 |    2.830 | 
     | 12                                                 |              |          |       |         |          | 
     | picorv32_core_genblk1.pcpi_mul_mul_2371_47_cdnfadd | CI v -> CO v | ADDFX1   | 0.034 |   0.801 |    2.863 | 
     | 13                                                 |              |          |       |         |          | 
     | picorv32_core_genblk1.pcpi_mul_mul_2371_47_cdnfadd | CI v -> CO v | ADDFX1   | 0.033 |   0.835 |    2.896 | 
     | 14                                                 |              |          |       |         |          | 
     | picorv32_core_genblk1.pcpi_mul_mul_2371_47_cdnfadd | CI v -> CO v | ADDFX1   | 0.033 |   0.868 |    2.930 | 
     | 15                                                 |              |          |       |         |          | 
     | picorv32_core_genblk1.pcpi_mul_mul_2371_47_cdnfadd | CI v -> CO v | ADDFX1   | 0.033 |   0.901 |    2.963 | 
     | 16                                                 |              |          |       |         |          | 
     | picorv32_core_genblk1.pcpi_mul_mul_2371_47_cdnfadd | CI v -> CO v | ADDFX1   | 0.034 |   0.934 |    2.996 | 
     | 17                                                 |              |          |       |         |          | 
     | picorv32_core_genblk1.pcpi_mul_mul_2371_47_cdnfadd | CI v -> CO v | ADDFX1   | 0.033 |   0.968 |    3.030 | 
     | 18                                                 |              |          |       |         |          | 
     | picorv32_core_genblk1.pcpi_mul_mul_2371_47_cdnfadd | CI v -> CO v | ADDFX1   | 0.034 |   1.001 |    3.063 | 
     | 19                                                 |              |          |       |         |          | 
     | picorv32_core_genblk1.pcpi_mul_mul_2371_47_cdnfadd | CI v -> CO v | ADDFX1   | 0.034 |   1.036 |    3.097 | 
     | 20                                                 |              |          |       |         |          | 
     | picorv32_core_genblk1.pcpi_mul_mul_2371_47_cdnfadd | CI v -> CO v | ADDFX1   | 0.033 |   1.069 |    3.131 | 
     | 21                                                 |              |          |       |         |          | 
     | picorv32_core_genblk1.pcpi_mul_mul_2371_47_cdnfadd | CI v -> CO v | ADDFX1   | 0.033 |   1.102 |    3.164 | 
     | 22                                                 |              |          |       |         |          | 
     | picorv32_core_genblk1.pcpi_mul_mul_2371_47_cdnfadd | CI v -> CO v | ADDFX1   | 0.033 |   1.136 |    3.198 | 
     | 23                                                 |              |          |       |         |          | 
     | picorv32_core_genblk1.pcpi_mul_mul_2371_47_cdnfadd | CI v -> CO v | ADDFX1   | 0.035 |   1.171 |    3.233 | 
     | 24                                                 |              |          |       |         |          | 
     | picorv32_core_genblk1.pcpi_mul_mul_2371_47_cdnfadd | CI v -> CO v | ADDFX1   | 0.035 |   1.206 |    3.268 | 
     | 25                                                 |              |          |       |         |          | 
     | picorv32_core_genblk1.pcpi_mul_mul_2371_47_cdnfadd | CI v -> CO v | ADDFX1   | 0.033 |   1.239 |    3.301 | 
     | 26                                                 |              |          |       |         |          | 
     | picorv32_core_genblk1.pcpi_mul_mul_2371_47_cdnfadd | CI v -> CO v | ADDFX1   | 0.034 |   1.273 |    3.335 | 
     | 27                                                 |              |          |       |         |          | 
     | picorv32_core_genblk1.pcpi_mul_mul_2371_47_cdnfadd | CI v -> CO v | ADDFX1   | 0.034 |   1.307 |    3.369 | 
     | 28                                                 |              |          |       |         |          | 
     | picorv32_core_genblk1.pcpi_mul_mul_2371_47_cdnfadd | CI v -> CO v | ADDFX1   | 0.034 |   1.341 |    3.403 | 
     | 29                                                 |              |          |       |         |          | 
     | picorv32_core_genblk1.pcpi_mul_mul_2371_47_cdnfadd | CI v -> CO v | ADDFX1   | 0.035 |   1.375 |    3.437 | 
     | 30                                                 |              |          |       |         |          | 
     | picorv32_core_genblk1.pcpi_mul_mul_2371_47_cdnfadd | CI v -> CO v | ADDFX1   | 0.039 |   1.414 |    3.476 | 
     | 31                                                 |              |          |       |         |          | 
     | picorv32_core_genblk1.pcpi_mul_mul_2371_47_cdnfadd | CI v -> CO v | ADDFX1   | 0.036 |   1.450 |    3.512 | 
     | 32                                                 |              |          |       |         |          | 
     | picorv32_core_genblk1.pcpi_mul_mul_2371_47_cdnfadd | CI v -> CO v | ADDFX1   | 0.034 |   1.484 |    3.546 | 
     | 33                                                 |              |          |       |         |          | 
     | picorv32_core_genblk1.pcpi_mul_mul_2371_47_cdnfadd | CI v -> CO v | ADDFX1   | 0.035 |   1.519 |    3.581 | 
     | 34                                                 |              |          |       |         |          | 
     | picorv32_core_genblk1.pcpi_mul_mul_2371_47_cdnfadd | CI v -> CO v | ADDFX1   | 0.034 |   1.552 |    3.614 | 
     | 35                                                 |              |          |       |         |          | 
     | picorv32_core_genblk1.pcpi_mul_mul_2371_47_cdnfadd | CI v -> CO v | ADDFX1   | 0.033 |   1.586 |    3.648 | 
     | 36                                                 |              |          |       |         |          | 
     | picorv32_core_genblk1.pcpi_mul_mul_2371_47_cdnfadd | CI v -> CO v | ADDFX1   | 0.033 |   1.619 |    3.681 | 
     | 37                                                 |              |          |       |         |          | 
     | picorv32_core_genblk1.pcpi_mul_mul_2371_47_cdnfadd | CI v -> CO v | ADDFX1   | 0.034 |   1.652 |    3.714 | 
     | 38                                                 |              |          |       |         |          | 
     | picorv32_core_genblk1.pcpi_mul_mul_2371_47_cdnfadd | CI v -> CO v | ADDFX1   | 0.033 |   1.686 |    3.748 | 
     | 39                                                 |              |          |       |         |          | 
     | picorv32_core_genblk1.pcpi_mul_mul_2371_47_cdnfadd | CI v -> CO v | ADDFX1   | 0.033 |   1.719 |    3.781 | 
     | 40                                                 |              |          |       |         |          | 
     | picorv32_core_genblk1.pcpi_mul_mul_2371_47_cdnfadd | CI v -> CO v | ADDFX1   | 0.033 |   1.752 |    3.814 | 
     | 41                                                 |              |          |       |         |          | 
     | picorv32_core_genblk1.pcpi_mul_mul_2371_47_cdnfadd | CI v -> CO v | ADDFX1   | 0.034 |   1.786 |    3.848 | 
     | 42                                                 |              |          |       |         |          | 
     | picorv32_core_genblk1.pcpi_mul_mul_2371_47_cdnfadd | CI v -> CO v | ADDFX1   | 0.034 |   1.820 |    3.882 | 
     | 43                                                 |              |          |       |         |          | 
     | picorv32_core_genblk1.pcpi_mul_mul_2371_47_cdnfadd | CI v -> CO v | ADDFX1   | 0.035 |   1.855 |    3.917 | 
     | 44                                                 |              |          |       |         |          | 
     | picorv32_core_genblk1.pcpi_mul_mul_2371_47_cdnfadd | CI v -> S ^  | ADDFX1   | 0.051 |   1.906 |    3.968 | 
     | 45                                                 |              |          |       |         |          | 
     | picorv32_core_genblk1.pcpi_mul_rd_reg[45]          | D ^          | DFFQXL   | 0.000 |   1.906 |    3.968 | 
     +-----------------------------------------------------------------------------------------------------------+ 
Path 20: MET Setup Check with Pin picorv32_core_genblk1.pcpi_mul_rd_reg[44]/CK 
Endpoint:   picorv32_core_genblk1.pcpi_mul_rd_reg[44]/D (^) checked with  
leading edge of 'clk'
Beginpoint: picorv32_core_genblk1.pcpi_mul_rs2_reg[5]/Q (^) triggered by  
leading edge of 'clk'
Path Groups: {reg2reg}
Analysis View: analysis1
Other End Arrival Time          0.002
- Setup                         0.013
+ Phase Shift                   4.000
- Uncertainty                   0.020
= Required Time                 3.969
- Arrival Time                  1.869
= Slack Time                    2.100
     Clock Rise Edge                 0.000
     + Clock Network Latency (Prop)  0.003
     = Beginpoint Arrival Time       0.003
     +-----------------------------------------------------------------------------------------------------------+ 
     |                      Instance                      |     Arc      |   Cell   | Delay | Arrival | Required | 
     |                                                    |              |          |       |  Time   |   Time   | 
     |----------------------------------------------------+--------------+----------+-------+---------+----------| 
     | picorv32_core_genblk1.pcpi_mul_rs2_reg[5]          | CK ^         |          |       |   0.003 |    2.103 | 
     | picorv32_core_genblk1.pcpi_mul_rs2_reg[5]          | CK ^ -> Q ^  | MDFFHQX1 | 0.126 |   0.129 |    2.229 | 
     | picorv32_core_genblk1.pcpi_mul_mul_2371_47_g14046  | A ^ -> Y v   | INVX1    | 0.049 |   0.178 |    2.278 | 
     | picorv32_core_genblk1.pcpi_mul_mul_2371_47_g13987  | B v -> Y ^   | XNOR2X1  | 0.031 |   0.209 |    2.308 | 
     | picorv32_core_genblk1.pcpi_mul_mul_2371_47_g13897  | A ^ -> Y ^   | OR2X1    | 0.086 |   0.295 |    2.394 | 
     | picorv32_core_genblk1.pcpi_mul_mul_2371_47_g13890  | A ^ -> Y v   | INVX1    | 0.052 |   0.346 |    2.446 | 
     | picorv32_core_genblk1.pcpi_mul_mul_2371_47_g13740  | A1 v -> Y ^  | OAI21X1  | 0.027 |   0.374 |    2.473 | 
     | picorv32_core_genblk1.pcpi_mul_mul_2371_47_g13494  | B ^ -> Y ^   | XNOR2X1  | 0.025 |   0.398 |    2.498 | 
     | picorv32_core_genblk1.pcpi_mul_mul_2371_47_g13440  | B ^ -> S v   | ADDHX1   | 0.031 |   0.429 |    2.529 | 
     | picorv32_core_genblk1.pcpi_mul_mul_2371_47_cdnfadd | A v -> CO v  | ADDFX1   | 0.035 |   0.465 |    2.564 | 
     | 3                                                  |              |          |       |         |          | 
     | picorv32_core_genblk1.pcpi_mul_mul_2371_47_cdnfadd | CI v -> CO v | ADDFX1   | 0.034 |   0.499 |    2.598 | 
     | 4                                                  |              |          |       |         |          | 
     | picorv32_core_genblk1.pcpi_mul_mul_2371_47_cdnfadd | CI v -> CO v | ADDFX1   | 0.034 |   0.533 |    2.632 | 
     | 5                                                  |              |          |       |         |          | 
     | picorv32_core_genblk1.pcpi_mul_mul_2371_47_cdnfadd | CI v -> CO v | ADDFX1   | 0.033 |   0.566 |    2.666 | 
     | 6                                                  |              |          |       |         |          | 
     | picorv32_core_genblk1.pcpi_mul_mul_2371_47_cdnfadd | CI v -> CO v | ADDFX1   | 0.034 |   0.600 |    2.700 | 
     | 7                                                  |              |          |       |         |          | 
     | picorv32_core_genblk1.pcpi_mul_mul_2371_47_cdnfadd | CI v -> CO v | ADDFX1   | 0.034 |   0.634 |    2.733 | 
     | 8                                                  |              |          |       |         |          | 
     | picorv32_core_genblk1.pcpi_mul_mul_2371_47_cdnfadd | CI v -> CO v | ADDFX1   | 0.033 |   0.667 |    2.766 | 
     | 9                                                  |              |          |       |         |          | 
     | picorv32_core_genblk1.pcpi_mul_mul_2371_47_cdnfadd | CI v -> CO v | ADDFX1   | 0.034 |   0.700 |    2.800 | 
     | 10                                                 |              |          |       |         |          | 
     | picorv32_core_genblk1.pcpi_mul_mul_2371_47_cdnfadd | CI v -> CO v | ADDFX1   | 0.033 |   0.734 |    2.833 | 
     | 11                                                 |              |          |       |         |          | 
     | picorv32_core_genblk1.pcpi_mul_mul_2371_47_cdnfadd | CI v -> CO v | ADDFX1   | 0.034 |   0.768 |    2.867 | 
     | 12                                                 |              |          |       |         |          | 
     | picorv32_core_genblk1.pcpi_mul_mul_2371_47_cdnfadd | CI v -> CO v | ADDFX1   | 0.034 |   0.801 |    2.901 | 
     | 13                                                 |              |          |       |         |          | 
     | picorv32_core_genblk1.pcpi_mul_mul_2371_47_cdnfadd | CI v -> CO v | ADDFX1   | 0.033 |   0.835 |    2.934 | 
     | 14                                                 |              |          |       |         |          | 
     | picorv32_core_genblk1.pcpi_mul_mul_2371_47_cdnfadd | CI v -> CO v | ADDFX1   | 0.033 |   0.868 |    2.967 | 
     | 15                                                 |              |          |       |         |          | 
     | picorv32_core_genblk1.pcpi_mul_mul_2371_47_cdnfadd | CI v -> CO v | ADDFX1   | 0.033 |   0.901 |    3.001 | 
     | 16                                                 |              |          |       |         |          | 
     | picorv32_core_genblk1.pcpi_mul_mul_2371_47_cdnfadd | CI v -> CO v | ADDFX1   | 0.034 |   0.934 |    3.034 | 
     | 17                                                 |              |          |       |         |          | 
     | picorv32_core_genblk1.pcpi_mul_mul_2371_47_cdnfadd | CI v -> CO v | ADDFX1   | 0.033 |   0.968 |    3.067 | 
     | 18                                                 |              |          |       |         |          | 
     | picorv32_core_genblk1.pcpi_mul_mul_2371_47_cdnfadd | CI v -> CO v | ADDFX1   | 0.034 |   1.001 |    3.101 | 
     | 19                                                 |              |          |       |         |          | 
     | picorv32_core_genblk1.pcpi_mul_mul_2371_47_cdnfadd | CI v -> CO v | ADDFX1   | 0.034 |   1.036 |    3.135 | 
     | 20                                                 |              |          |       |         |          | 
     | picorv32_core_genblk1.pcpi_mul_mul_2371_47_cdnfadd | CI v -> CO v | ADDFX1   | 0.033 |   1.069 |    3.169 | 
     | 21                                                 |              |          |       |         |          | 
     | picorv32_core_genblk1.pcpi_mul_mul_2371_47_cdnfadd | CI v -> CO v | ADDFX1   | 0.033 |   1.102 |    3.202 | 
     | 22                                                 |              |          |       |         |          | 
     | picorv32_core_genblk1.pcpi_mul_mul_2371_47_cdnfadd | CI v -> CO v | ADDFX1   | 0.033 |   1.136 |    3.235 | 
     | 23                                                 |              |          |       |         |          | 
     | picorv32_core_genblk1.pcpi_mul_mul_2371_47_cdnfadd | CI v -> CO v | ADDFX1   | 0.035 |   1.171 |    3.271 | 
     | 24                                                 |              |          |       |         |          | 
     | picorv32_core_genblk1.pcpi_mul_mul_2371_47_cdnfadd | CI v -> CO v | ADDFX1   | 0.035 |   1.206 |    3.305 | 
     | 25                                                 |              |          |       |         |          | 
     | picorv32_core_genblk1.pcpi_mul_mul_2371_47_cdnfadd | CI v -> CO v | ADDFX1   | 0.033 |   1.239 |    3.339 | 
     | 26                                                 |              |          |       |         |          | 
     | picorv32_core_genblk1.pcpi_mul_mul_2371_47_cdnfadd | CI v -> CO v | ADDFX1   | 0.034 |   1.273 |    3.373 | 
     | 27                                                 |              |          |       |         |          | 
     | picorv32_core_genblk1.pcpi_mul_mul_2371_47_cdnfadd | CI v -> CO v | ADDFX1   | 0.034 |   1.307 |    3.407 | 
     | 28                                                 |              |          |       |         |          | 
     | picorv32_core_genblk1.pcpi_mul_mul_2371_47_cdnfadd | CI v -> CO v | ADDFX1   | 0.034 |   1.341 |    3.441 | 
     | 29                                                 |              |          |       |         |          | 
     | picorv32_core_genblk1.pcpi_mul_mul_2371_47_cdnfadd | CI v -> CO v | ADDFX1   | 0.035 |   1.375 |    3.475 | 
     | 30                                                 |              |          |       |         |          | 
     | picorv32_core_genblk1.pcpi_mul_mul_2371_47_cdnfadd | CI v -> CO v | ADDFX1   | 0.039 |   1.414 |    3.514 | 
     | 31                                                 |              |          |       |         |          | 
     | picorv32_core_genblk1.pcpi_mul_mul_2371_47_cdnfadd | CI v -> CO v | ADDFX1   | 0.036 |   1.450 |    3.550 | 
     | 32                                                 |              |          |       |         |          | 
     | picorv32_core_genblk1.pcpi_mul_mul_2371_47_cdnfadd | CI v -> CO v | ADDFX1   | 0.034 |   1.484 |    3.584 | 
     | 33                                                 |              |          |       |         |          | 
     | picorv32_core_genblk1.pcpi_mul_mul_2371_47_cdnfadd | CI v -> CO v | ADDFX1   | 0.035 |   1.519 |    3.618 | 
     | 34                                                 |              |          |       |         |          | 
     | picorv32_core_genblk1.pcpi_mul_mul_2371_47_cdnfadd | CI v -> CO v | ADDFX1   | 0.034 |   1.552 |    3.652 | 
     | 35                                                 |              |          |       |         |          | 
     | picorv32_core_genblk1.pcpi_mul_mul_2371_47_cdnfadd | CI v -> CO v | ADDFX1   | 0.033 |   1.586 |    3.685 | 
     | 36                                                 |              |          |       |         |          | 
     | picorv32_core_genblk1.pcpi_mul_mul_2371_47_cdnfadd | CI v -> CO v | ADDFX1   | 0.033 |   1.619 |    3.718 | 
     | 37                                                 |              |          |       |         |          | 
     | picorv32_core_genblk1.pcpi_mul_mul_2371_47_cdnfadd | CI v -> CO v | ADDFX1   | 0.034 |   1.652 |    3.752 | 
     | 38                                                 |              |          |       |         |          | 
     | picorv32_core_genblk1.pcpi_mul_mul_2371_47_cdnfadd | CI v -> CO v | ADDFX1   | 0.033 |   1.686 |    3.785 | 
     | 39                                                 |              |          |       |         |          | 
     | picorv32_core_genblk1.pcpi_mul_mul_2371_47_cdnfadd | CI v -> CO v | ADDFX1   | 0.033 |   1.719 |    3.818 | 
     | 40                                                 |              |          |       |         |          | 
     | picorv32_core_genblk1.pcpi_mul_mul_2371_47_cdnfadd | CI v -> CO v | ADDFX1   | 0.033 |   1.752 |    3.852 | 
     | 41                                                 |              |          |       |         |          | 
     | picorv32_core_genblk1.pcpi_mul_mul_2371_47_cdnfadd | CI v -> CO v | ADDFX1   | 0.034 |   1.786 |    3.885 | 
     | 42                                                 |              |          |       |         |          | 
     | picorv32_core_genblk1.pcpi_mul_mul_2371_47_cdnfadd | CI v -> CO v | ADDFX1   | 0.034 |   1.820 |    3.920 | 
     | 43                                                 |              |          |       |         |          | 
     | picorv32_core_genblk1.pcpi_mul_mul_2371_47_cdnfadd | CI v -> S ^  | ADDFX1   | 0.049 |   1.869 |    3.969 | 
     | 44                                                 |              |          |       |         |          | 
     | picorv32_core_genblk1.pcpi_mul_rd_reg[44]          | D ^          | DFFQXL   | 0.000 |   1.869 |    3.969 | 
     +-----------------------------------------------------------------------------------------------------------+ 
Path 21: MET Setup Check with Pin picorv32_core_genblk1.pcpi_mul_rd_reg[43]/CK 
Endpoint:   picorv32_core_genblk1.pcpi_mul_rd_reg[43]/D (^) checked with  
leading edge of 'clk'
Beginpoint: picorv32_core_genblk1.pcpi_mul_rs2_reg[5]/Q (^) triggered by  
leading edge of 'clk'
Path Groups: {reg2reg}
Analysis View: analysis1
Other End Arrival Time          0.002
- Setup                         0.013
+ Phase Shift                   4.000
- Uncertainty                   0.020
= Required Time                 3.969
- Arrival Time                  1.833
= Slack Time                    2.136
     Clock Rise Edge                 0.000
     + Clock Network Latency (Prop)  0.003
     = Beginpoint Arrival Time       0.003
     +-----------------------------------------------------------------------------------------------------------+ 
     |                      Instance                      |     Arc      |   Cell   | Delay | Arrival | Required | 
     |                                                    |              |          |       |  Time   |   Time   | 
     |----------------------------------------------------+--------------+----------+-------+---------+----------| 
     | picorv32_core_genblk1.pcpi_mul_rs2_reg[5]          | CK ^         |          |       |   0.003 |    2.139 | 
     | picorv32_core_genblk1.pcpi_mul_rs2_reg[5]          | CK ^ -> Q ^  | MDFFHQX1 | 0.126 |   0.129 |    2.265 | 
     | picorv32_core_genblk1.pcpi_mul_mul_2371_47_g14046  | A ^ -> Y v   | INVX1    | 0.049 |   0.178 |    2.314 | 
     | picorv32_core_genblk1.pcpi_mul_mul_2371_47_g13987  | B v -> Y ^   | XNOR2X1  | 0.031 |   0.209 |    2.345 | 
     | picorv32_core_genblk1.pcpi_mul_mul_2371_47_g13897  | A ^ -> Y ^   | OR2X1    | 0.086 |   0.295 |    2.431 | 
     | picorv32_core_genblk1.pcpi_mul_mul_2371_47_g13890  | A ^ -> Y v   | INVX1    | 0.052 |   0.346 |    2.483 | 
     | picorv32_core_genblk1.pcpi_mul_mul_2371_47_g13740  | A1 v -> Y ^  | OAI21X1  | 0.027 |   0.374 |    2.510 | 
     | picorv32_core_genblk1.pcpi_mul_mul_2371_47_g13494  | B ^ -> Y ^   | XNOR2X1  | 0.025 |   0.398 |    2.535 | 
     | picorv32_core_genblk1.pcpi_mul_mul_2371_47_g13440  | B ^ -> S v   | ADDHX1   | 0.031 |   0.429 |    2.565 | 
     | picorv32_core_genblk1.pcpi_mul_mul_2371_47_cdnfadd | A v -> CO v  | ADDFX1   | 0.035 |   0.465 |    2.601 | 
     | 3                                                  |              |          |       |         |          | 
     | picorv32_core_genblk1.pcpi_mul_mul_2371_47_cdnfadd | CI v -> CO v | ADDFX1   | 0.034 |   0.499 |    2.635 | 
     | 4                                                  |              |          |       |         |          | 
     | picorv32_core_genblk1.pcpi_mul_mul_2371_47_cdnfadd | CI v -> CO v | ADDFX1   | 0.034 |   0.533 |    2.669 | 
     | 5                                                  |              |          |       |         |          | 
     | picorv32_core_genblk1.pcpi_mul_mul_2371_47_cdnfadd | CI v -> CO v | ADDFX1   | 0.033 |   0.566 |    2.702 | 
     | 6                                                  |              |          |       |         |          | 
     | picorv32_core_genblk1.pcpi_mul_mul_2371_47_cdnfadd | CI v -> CO v | ADDFX1   | 0.034 |   0.600 |    2.736 | 
     | 7                                                  |              |          |       |         |          | 
     | picorv32_core_genblk1.pcpi_mul_mul_2371_47_cdnfadd | CI v -> CO v | ADDFX1   | 0.034 |   0.634 |    2.770 | 
     | 8                                                  |              |          |       |         |          | 
     | picorv32_core_genblk1.pcpi_mul_mul_2371_47_cdnfadd | CI v -> CO v | ADDFX1   | 0.033 |   0.667 |    2.803 | 
     | 9                                                  |              |          |       |         |          | 
     | picorv32_core_genblk1.pcpi_mul_mul_2371_47_cdnfadd | CI v -> CO v | ADDFX1   | 0.034 |   0.700 |    2.836 | 
     | 10                                                 |              |          |       |         |          | 
     | picorv32_core_genblk1.pcpi_mul_mul_2371_47_cdnfadd | CI v -> CO v | ADDFX1   | 0.033 |   0.734 |    2.870 | 
     | 11                                                 |              |          |       |         |          | 
     | picorv32_core_genblk1.pcpi_mul_mul_2371_47_cdnfadd | CI v -> CO v | ADDFX1   | 0.034 |   0.768 |    2.904 | 
     | 12                                                 |              |          |       |         |          | 
     | picorv32_core_genblk1.pcpi_mul_mul_2371_47_cdnfadd | CI v -> CO v | ADDFX1   | 0.034 |   0.801 |    2.937 | 
     | 13                                                 |              |          |       |         |          | 
     | picorv32_core_genblk1.pcpi_mul_mul_2371_47_cdnfadd | CI v -> CO v | ADDFX1   | 0.033 |   0.835 |    2.971 | 
     | 14                                                 |              |          |       |         |          | 
     | picorv32_core_genblk1.pcpi_mul_mul_2371_47_cdnfadd | CI v -> CO v | ADDFX1   | 0.033 |   0.868 |    3.004 | 
     | 15                                                 |              |          |       |         |          | 
     | picorv32_core_genblk1.pcpi_mul_mul_2371_47_cdnfadd | CI v -> CO v | ADDFX1   | 0.033 |   0.901 |    3.037 | 
     | 16                                                 |              |          |       |         |          | 
     | picorv32_core_genblk1.pcpi_mul_mul_2371_47_cdnfadd | CI v -> CO v | ADDFX1   | 0.034 |   0.934 |    3.071 | 
     | 17                                                 |              |          |       |         |          | 
     | picorv32_core_genblk1.pcpi_mul_mul_2371_47_cdnfadd | CI v -> CO v | ADDFX1   | 0.033 |   0.968 |    3.104 | 
     | 18                                                 |              |          |       |         |          | 
     | picorv32_core_genblk1.pcpi_mul_mul_2371_47_cdnfadd | CI v -> CO v | ADDFX1   | 0.034 |   1.001 |    3.138 | 
     | 19                                                 |              |          |       |         |          | 
     | picorv32_core_genblk1.pcpi_mul_mul_2371_47_cdnfadd | CI v -> CO v | ADDFX1   | 0.034 |   1.036 |    3.172 | 
     | 20                                                 |              |          |       |         |          | 
     | picorv32_core_genblk1.pcpi_mul_mul_2371_47_cdnfadd | CI v -> CO v | ADDFX1   | 0.033 |   1.069 |    3.205 | 
     | 21                                                 |              |          |       |         |          | 
     | picorv32_core_genblk1.pcpi_mul_mul_2371_47_cdnfadd | CI v -> CO v | ADDFX1   | 0.033 |   1.102 |    3.239 | 
     | 22                                                 |              |          |       |         |          | 
     | picorv32_core_genblk1.pcpi_mul_mul_2371_47_cdnfadd | CI v -> CO v | ADDFX1   | 0.033 |   1.136 |    3.272 | 
     | 23                                                 |              |          |       |         |          | 
     | picorv32_core_genblk1.pcpi_mul_mul_2371_47_cdnfadd | CI v -> CO v | ADDFX1   | 0.035 |   1.171 |    3.307 | 
     | 24                                                 |              |          |       |         |          | 
     | picorv32_core_genblk1.pcpi_mul_mul_2371_47_cdnfadd | CI v -> CO v | ADDFX1   | 0.035 |   1.206 |    3.342 | 
     | 25                                                 |              |          |       |         |          | 
     | picorv32_core_genblk1.pcpi_mul_mul_2371_47_cdnfadd | CI v -> CO v | ADDFX1   | 0.033 |   1.239 |    3.375 | 
     | 26                                                 |              |          |       |         |          | 
     | picorv32_core_genblk1.pcpi_mul_mul_2371_47_cdnfadd | CI v -> CO v | ADDFX1   | 0.034 |   1.273 |    3.410 | 
     | 27                                                 |              |          |       |         |          | 
     | picorv32_core_genblk1.pcpi_mul_mul_2371_47_cdnfadd | CI v -> CO v | ADDFX1   | 0.034 |   1.307 |    3.443 | 
     | 28                                                 |              |          |       |         |          | 
     | picorv32_core_genblk1.pcpi_mul_mul_2371_47_cdnfadd | CI v -> CO v | ADDFX1   | 0.034 |   1.341 |    3.477 | 
     | 29                                                 |              |          |       |         |          | 
     | picorv32_core_genblk1.pcpi_mul_mul_2371_47_cdnfadd | CI v -> CO v | ADDFX1   | 0.035 |   1.375 |    3.512 | 
     | 30                                                 |              |          |       |         |          | 
     | picorv32_core_genblk1.pcpi_mul_mul_2371_47_cdnfadd | CI v -> CO v | ADDFX1   | 0.039 |   1.414 |    3.550 | 
     | 31                                                 |              |          |       |         |          | 
     | picorv32_core_genblk1.pcpi_mul_mul_2371_47_cdnfadd | CI v -> CO v | ADDFX1   | 0.036 |   1.450 |    3.586 | 
     | 32                                                 |              |          |       |         |          | 
     | picorv32_core_genblk1.pcpi_mul_mul_2371_47_cdnfadd | CI v -> CO v | ADDFX1   | 0.034 |   1.484 |    3.620 | 
     | 33                                                 |              |          |       |         |          | 
     | picorv32_core_genblk1.pcpi_mul_mul_2371_47_cdnfadd | CI v -> CO v | ADDFX1   | 0.035 |   1.519 |    3.655 | 
     | 34                                                 |              |          |       |         |          | 
     | picorv32_core_genblk1.pcpi_mul_mul_2371_47_cdnfadd | CI v -> CO v | ADDFX1   | 0.034 |   1.552 |    3.688 | 
     | 35                                                 |              |          |       |         |          | 
     | picorv32_core_genblk1.pcpi_mul_mul_2371_47_cdnfadd | CI v -> CO v | ADDFX1   | 0.033 |   1.586 |    3.722 | 
     | 36                                                 |              |          |       |         |          | 
     | picorv32_core_genblk1.pcpi_mul_mul_2371_47_cdnfadd | CI v -> CO v | ADDFX1   | 0.033 |   1.619 |    3.755 | 
     | 37                                                 |              |          |       |         |          | 
     | picorv32_core_genblk1.pcpi_mul_mul_2371_47_cdnfadd | CI v -> CO v | ADDFX1   | 0.034 |   1.652 |    3.789 | 
     | 38                                                 |              |          |       |         |          | 
     | picorv32_core_genblk1.pcpi_mul_mul_2371_47_cdnfadd | CI v -> CO v | ADDFX1   | 0.033 |   1.686 |    3.822 | 
     | 39                                                 |              |          |       |         |          | 
     | picorv32_core_genblk1.pcpi_mul_mul_2371_47_cdnfadd | CI v -> CO v | ADDFX1   | 0.033 |   1.719 |    3.855 | 
     | 40                                                 |              |          |       |         |          | 
     | picorv32_core_genblk1.pcpi_mul_mul_2371_47_cdnfadd | CI v -> CO v | ADDFX1   | 0.033 |   1.752 |    3.888 | 
     | 41                                                 |              |          |       |         |          | 
     | picorv32_core_genblk1.pcpi_mul_mul_2371_47_cdnfadd | CI v -> CO v | ADDFX1   | 0.034 |   1.786 |    3.922 | 
     | 42                                                 |              |          |       |         |          | 
     | picorv32_core_genblk1.pcpi_mul_mul_2371_47_cdnfadd | CI v -> S ^  | ADDFX1   | 0.047 |   1.833 |    3.969 | 
     | 43                                                 |              |          |       |         |          | 
     | picorv32_core_genblk1.pcpi_mul_rd_reg[43]          | D ^          | DFFQXL   | 0.000 |   1.833 |    3.969 | 
     +-----------------------------------------------------------------------------------------------------------+ 
Path 22: MET Setup Check with Pin picorv32_core_reg_next_pc_reg[31]/CK 
Endpoint:   picorv32_core_reg_next_pc_reg[31]/D (v) checked with  leading edge 
of 'clk'
Beginpoint: picorv32_core_irq_mask_reg[12]/Q    (^) triggered by  leading edge 
of 'clk'
Path Groups: {reg2reg}
Analysis View: analysis1
Other End Arrival Time          0.002
- Setup                         0.005
+ Phase Shift                   4.000
- Uncertainty                   0.020
= Required Time                 3.977
- Arrival Time                  1.813
= Slack Time                    2.164
     Clock Rise Edge                 0.000
     + Clock Network Latency (Prop)  0.000
     = Beginpoint Arrival Time       0.000
     +------------------------------------------------------------------------------------------------------+ 
     |                   Instance                   |     Arc      |   Cell    | Delay | Arrival | Required | 
     |                                              |              |           |       |  Time   |   Time   | 
     |----------------------------------------------+--------------+-----------+-------+---------+----------| 
     | picorv32_core_irq_mask_reg[12]               | CK ^         |           |       |   0.000 |    2.164 | 
     | picorv32_core_irq_mask_reg[12]               | CK ^ -> Q ^  | DFFHQX1   | 0.044 |   0.044 |    2.208 | 
     | picorv32_core_g88708__2883                   | AN ^ -> Y ^  | NAND2BX1  | 0.038 |   0.082 |    2.246 | 
     | picorv32_core_g88395__5115                   | B ^ -> Y ^   | AND4XL    | 0.044 |   0.126 |    2.290 | 
     | picorv32_core_g88377__2398                   | D ^ -> Y ^   | AND4XL    | 0.034 |   0.160 |    2.324 | 
     | picorv32_core_g88366__6161                   | D ^ -> Y ^   | AND4XL    | 0.040 |   0.199 |    2.363 | 
     | picorv32_core_g88356__5122                   | D ^ -> Y ^   | AND4XL    | 0.055 |   0.254 |    2.418 | 
     | picorv32_core_g88349__6783                   | D ^ -> Y ^   | AND4XL    | 0.050 |   0.304 |    2.468 | 
     | picorv32_core_g88343__6260                   | D ^ -> Y ^   | AND4XL    | 0.059 |   0.364 |    2.527 | 
     | picorv32_core_g88337__1666                   | D ^ -> Y ^   | AND4XL    | 0.042 |   0.405 |    2.569 | 
     | picorv32_core_g88335__2883                   | D ^ -> Y ^   | AND4XL    | 0.042 |   0.447 |    2.611 | 
     | picorv32_core_g88333__9315                   | D ^ -> Y ^   | AND4X1    | 0.039 |   0.486 |    2.650 | 
     | picorv32_core_g88331__4733                   | D ^ -> Y v   | NAND4XL   | 0.025 |   0.511 |    2.675 | 
     | picorv32_core_g88330__7482                   | B v -> Y ^   | NOR2BX1   | 0.079 |   0.590 |    2.754 | 
     | picorv32_core_g88328__1881                   | D ^ -> Y ^   | OR4X1     | 0.030 |   0.620 |    2.784 | 
     | picorv32_core_g88326__6131                   | B ^ -> Y v   | NAND2BX1  | 0.033 |   0.653 |    2.817 | 
     | picorv32_core_g88325__7098                   | AN v -> Y v  | NAND2BX1  | 0.026 |   0.679 |    2.842 | 
     | picorv32_core_g88323__5122                   | AN v -> Y v  | NAND2BX1  | 0.018 |   0.697 |    2.861 | 
     | picorv32_core_g88322__1705                   | B v -> Y v   | OR2X1     | 0.074 |   0.771 |    2.935 | 
     | picorv32_core_g88320__1617                   | B v -> Y ^   | NOR2BX1   | 0.054 |   0.825 |    2.988 | 
     | picorv32_core_add_1569_33_Y_add_1552_33_g763 | B ^ -> CO ^  | ADDHX1    | 0.028 |   0.853 |    3.017 | 
     | picorv32_core_add_1569_33_Y_add_1552_33_g762 | CI ^ -> CO ^ | ADDFX1    | 0.030 |   0.884 |    3.047 | 
     | picorv32_core_add_1569_33_Y_add_1552_33_g761 | CI ^ -> CO ^ | ADDFX1    | 0.030 |   0.914 |    3.078 | 
     | picorv32_core_add_1569_33_Y_add_1552_33_g760 | CI ^ -> CO ^ | ADDFX1    | 0.031 |   0.945 |    3.109 | 
     | picorv32_core_add_1569_33_Y_add_1552_33_g759 | CI ^ -> CO ^ | ADDFX1    | 0.031 |   0.976 |    3.140 | 
     | picorv32_core_add_1569_33_Y_add_1552_33_g758 | CI ^ -> CO ^ | ADDFX1    | 0.031 |   1.007 |    3.171 | 
     | picorv32_core_add_1569_33_Y_add_1552_33_g757 | CI ^ -> CO ^ | ADDFX1    | 0.031 |   1.038 |    3.202 | 
     | picorv32_core_add_1569_33_Y_add_1552_33_g756 | CI ^ -> CO ^ | ADDFX1    | 0.032 |   1.071 |    3.234 | 
     | picorv32_core_add_1569_33_Y_add_1552_33_g755 | CI ^ -> CO ^ | ADDFX1    | 0.030 |   1.101 |    3.265 | 
     | picorv32_core_add_1569_33_Y_add_1552_33_g754 | CI ^ -> CO ^ | ADDFX1    | 0.031 |   1.132 |    3.296 | 
     | picorv32_core_add_1569_33_Y_add_1552_33_g753 | CI ^ -> CO ^ | ADDFX1    | 0.030 |   1.162 |    3.326 | 
     | picorv32_core_add_1569_33_Y_add_1552_33_g752 | CI ^ -> CO ^ | ADDFX1    | 0.032 |   1.195 |    3.358 | 
     | picorv32_core_add_1569_33_Y_add_1552_33_g751 | CI ^ -> CO ^ | ADDFX1    | 0.031 |   1.226 |    3.390 | 
     | picorv32_core_add_1569_33_Y_add_1552_33_g750 | CI ^ -> CO ^ | ADDFX1    | 0.032 |   1.258 |    3.421 | 
     | picorv32_core_add_1569_33_Y_add_1552_33_g749 | CI ^ -> CO ^ | ADDFX1    | 0.031 |   1.289 |    3.452 | 
     | picorv32_core_add_1569_33_Y_add_1552_33_g748 | CI ^ -> CO ^ | ADDFX1    | 0.030 |   1.319 |    3.483 | 
     | picorv32_core_add_1569_33_Y_add_1552_33_g747 | CI ^ -> CO ^ | ADDFX1    | 0.031 |   1.350 |    3.514 | 
     | picorv32_core_add_1569_33_Y_add_1552_33_g746 | CI ^ -> CO ^ | ADDFX1    | 0.031 |   1.381 |    3.544 | 
     | picorv32_core_add_1569_33_Y_add_1552_33_g745 | CI ^ -> CO ^ | ADDFX1    | 0.033 |   1.414 |    3.578 | 
     | picorv32_core_add_1569_33_Y_add_1552_33_g744 | CI ^ -> CO ^ | ADDFX1    | 0.031 |   1.445 |    3.608 | 
     | picorv32_core_add_1569_33_Y_add_1552_33_g743 | CI ^ -> CO ^ | ADDFX1    | 0.031 |   1.475 |    3.639 | 
     | picorv32_core_add_1569_33_Y_add_1552_33_g742 | CI ^ -> CO ^ | ADDFX1    | 0.032 |   1.507 |    3.671 | 
     | picorv32_core_add_1569_33_Y_add_1552_33_g741 | CI ^ -> CO ^ | ADDFX1    | 0.031 |   1.539 |    3.702 | 
     | picorv32_core_add_1569_33_Y_add_1552_33_g740 | CI ^ -> CO ^ | ADDFX1    | 0.033 |   1.572 |    3.736 | 
     | picorv32_core_add_1569_33_Y_add_1552_33_g739 | CI ^ -> CO ^ | ADDFX1    | 0.031 |   1.604 |    3.767 | 
     | picorv32_core_add_1569_33_Y_add_1552_33_g738 | CI ^ -> CO ^ | ADDFX1    | 0.031 |   1.634 |    3.798 | 
     | picorv32_core_add_1569_33_Y_add_1552_33_g737 | CI ^ -> CO ^ | ADDFX1    | 0.031 |   1.666 |    3.829 | 
     | picorv32_core_add_1569_33_Y_add_1552_33_g736 | CI ^ -> CO ^ | ADDFX1    | 0.030 |   1.696 |    3.859 | 
     | picorv32_core_add_1569_33_Y_add_1552_33_g735 | CI ^ -> CO ^ | ADDFX1    | 0.030 |   1.725 |    3.889 | 
     | picorv32_core_add_1569_33_Y_add_1552_33_g734 | CI ^ -> CO ^ | ADDFX1    | 0.031 |   1.756 |    3.920 | 
     | picorv32_core_add_1569_33_Y_add_1552_33_g733 | B ^ -> Y v   | XNOR2X1   | 0.023 |   1.780 |    3.943 | 
     | picorv32_core_g190239__7098                  | B1 v -> Y ^  | AOI22X1   | 0.014 |   1.794 |    3.957 | 
     | picorv32_core_g190223__7410                  | B0 ^ -> Y v  | OAI2BB1X1 | 0.020 |   1.813 |    3.977 | 
     | picorv32_core_reg_next_pc_reg[31]            | D v          | DFFHQX1   | 0.000 |   1.813 |    3.977 | 
     +------------------------------------------------------------------------------------------------------+ 
Path 23: MET Setup Check with Pin picorv32_core_genblk1.pcpi_mul_rd_reg[42]/CK 
Endpoint:   picorv32_core_genblk1.pcpi_mul_rd_reg[42]/D (^) checked with  
leading edge of 'clk'
Beginpoint: picorv32_core_genblk1.pcpi_mul_rs2_reg[5]/Q (^) triggered by  
leading edge of 'clk'
Path Groups: {reg2reg}
Analysis View: analysis1
Other End Arrival Time          0.002
- Setup                         0.013
+ Phase Shift                   4.000
- Uncertainty                   0.020
= Required Time                 3.969
- Arrival Time                  1.799
= Slack Time                    2.169
     Clock Rise Edge                 0.000
     + Clock Network Latency (Prop)  0.003
     = Beginpoint Arrival Time       0.003
     +-----------------------------------------------------------------------------------------------------------+ 
     |                      Instance                      |     Arc      |   Cell   | Delay | Arrival | Required | 
     |                                                    |              |          |       |  Time   |   Time   | 
     |----------------------------------------------------+--------------+----------+-------+---------+----------| 
     | picorv32_core_genblk1.pcpi_mul_rs2_reg[5]          | CK ^         |          |       |   0.003 |    2.172 | 
     | picorv32_core_genblk1.pcpi_mul_rs2_reg[5]          | CK ^ -> Q ^  | MDFFHQX1 | 0.126 |   0.129 |    2.298 | 
     | picorv32_core_genblk1.pcpi_mul_mul_2371_47_g14046  | A ^ -> Y v   | INVX1    | 0.049 |   0.178 |    2.348 | 
     | picorv32_core_genblk1.pcpi_mul_mul_2371_47_g13987  | B v -> Y ^   | XNOR2X1  | 0.031 |   0.209 |    2.378 | 
     | picorv32_core_genblk1.pcpi_mul_mul_2371_47_g13897  | A ^ -> Y ^   | OR2X1    | 0.086 |   0.295 |    2.464 | 
     | picorv32_core_genblk1.pcpi_mul_mul_2371_47_g13890  | A ^ -> Y v   | INVX1    | 0.052 |   0.346 |    2.516 | 
     | picorv32_core_genblk1.pcpi_mul_mul_2371_47_g13740  | A1 v -> Y ^  | OAI21X1  | 0.027 |   0.374 |    2.543 | 
     | picorv32_core_genblk1.pcpi_mul_mul_2371_47_g13494  | B ^ -> Y ^   | XNOR2X1  | 0.025 |   0.398 |    2.568 | 
     | picorv32_core_genblk1.pcpi_mul_mul_2371_47_g13440  | B ^ -> S v   | ADDHX1   | 0.031 |   0.429 |    2.599 | 
     | picorv32_core_genblk1.pcpi_mul_mul_2371_47_cdnfadd | A v -> CO v  | ADDFX1   | 0.035 |   0.465 |    2.634 | 
     | 3                                                  |              |          |       |         |          | 
     | picorv32_core_genblk1.pcpi_mul_mul_2371_47_cdnfadd | CI v -> CO v | ADDFX1   | 0.034 |   0.499 |    2.668 | 
     | 4                                                  |              |          |       |         |          | 
     | picorv32_core_genblk1.pcpi_mul_mul_2371_47_cdnfadd | CI v -> CO v | ADDFX1   | 0.034 |   0.533 |    2.702 | 
     | 5                                                  |              |          |       |         |          | 
     | picorv32_core_genblk1.pcpi_mul_mul_2371_47_cdnfadd | CI v -> CO v | ADDFX1   | 0.033 |   0.566 |    2.736 | 
     | 6                                                  |              |          |       |         |          | 
     | picorv32_core_genblk1.pcpi_mul_mul_2371_47_cdnfadd | CI v -> CO v | ADDFX1   | 0.034 |   0.600 |    2.769 | 
     | 7                                                  |              |          |       |         |          | 
     | picorv32_core_genblk1.pcpi_mul_mul_2371_47_cdnfadd | CI v -> CO v | ADDFX1   | 0.034 |   0.634 |    2.803 | 
     | 8                                                  |              |          |       |         |          | 
     | picorv32_core_genblk1.pcpi_mul_mul_2371_47_cdnfadd | CI v -> CO v | ADDFX1   | 0.033 |   0.667 |    2.836 | 
     | 9                                                  |              |          |       |         |          | 
     | picorv32_core_genblk1.pcpi_mul_mul_2371_47_cdnfadd | CI v -> CO v | ADDFX1   | 0.034 |   0.700 |    2.870 | 
     | 10                                                 |              |          |       |         |          | 
     | picorv32_core_genblk1.pcpi_mul_mul_2371_47_cdnfadd | CI v -> CO v | ADDFX1   | 0.033 |   0.734 |    2.903 | 
     | 11                                                 |              |          |       |         |          | 
     | picorv32_core_genblk1.pcpi_mul_mul_2371_47_cdnfadd | CI v -> CO v | ADDFX1   | 0.034 |   0.768 |    2.937 | 
     | 12                                                 |              |          |       |         |          | 
     | picorv32_core_genblk1.pcpi_mul_mul_2371_47_cdnfadd | CI v -> CO v | ADDFX1   | 0.034 |   0.801 |    2.971 | 
     | 13                                                 |              |          |       |         |          | 
     | picorv32_core_genblk1.pcpi_mul_mul_2371_47_cdnfadd | CI v -> CO v | ADDFX1   | 0.033 |   0.835 |    3.004 | 
     | 14                                                 |              |          |       |         |          | 
     | picorv32_core_genblk1.pcpi_mul_mul_2371_47_cdnfadd | CI v -> CO v | ADDFX1   | 0.033 |   0.868 |    3.037 | 
     | 15                                                 |              |          |       |         |          | 
     | picorv32_core_genblk1.pcpi_mul_mul_2371_47_cdnfadd | CI v -> CO v | ADDFX1   | 0.033 |   0.901 |    3.070 | 
     | 16                                                 |              |          |       |         |          | 
     | picorv32_core_genblk1.pcpi_mul_mul_2371_47_cdnfadd | CI v -> CO v | ADDFX1   | 0.034 |   0.934 |    3.104 | 
     | 17                                                 |              |          |       |         |          | 
     | picorv32_core_genblk1.pcpi_mul_mul_2371_47_cdnfadd | CI v -> CO v | ADDFX1   | 0.033 |   0.968 |    3.137 | 
     | 18                                                 |              |          |       |         |          | 
     | picorv32_core_genblk1.pcpi_mul_mul_2371_47_cdnfadd | CI v -> CO v | ADDFX1   | 0.034 |   1.001 |    3.171 | 
     | 19                                                 |              |          |       |         |          | 
     | picorv32_core_genblk1.pcpi_mul_mul_2371_47_cdnfadd | CI v -> CO v | ADDFX1   | 0.034 |   1.036 |    3.205 | 
     | 20                                                 |              |          |       |         |          | 
     | picorv32_core_genblk1.pcpi_mul_mul_2371_47_cdnfadd | CI v -> CO v | ADDFX1   | 0.033 |   1.069 |    3.238 | 
     | 21                                                 |              |          |       |         |          | 
     | picorv32_core_genblk1.pcpi_mul_mul_2371_47_cdnfadd | CI v -> CO v | ADDFX1   | 0.033 |   1.102 |    3.272 | 
     | 22                                                 |              |          |       |         |          | 
     | picorv32_core_genblk1.pcpi_mul_mul_2371_47_cdnfadd | CI v -> CO v | ADDFX1   | 0.033 |   1.136 |    3.305 | 
     | 23                                                 |              |          |       |         |          | 
     | picorv32_core_genblk1.pcpi_mul_mul_2371_47_cdnfadd | CI v -> CO v | ADDFX1   | 0.035 |   1.171 |    3.340 | 
     | 24                                                 |              |          |       |         |          | 
     | picorv32_core_genblk1.pcpi_mul_mul_2371_47_cdnfadd | CI v -> CO v | ADDFX1   | 0.035 |   1.206 |    3.375 | 
     | 25                                                 |              |          |       |         |          | 
     | picorv32_core_genblk1.pcpi_mul_mul_2371_47_cdnfadd | CI v -> CO v | ADDFX1   | 0.033 |   1.239 |    3.409 | 
     | 26                                                 |              |          |       |         |          | 
     | picorv32_core_genblk1.pcpi_mul_mul_2371_47_cdnfadd | CI v -> CO v | ADDFX1   | 0.034 |   1.273 |    3.443 | 
     | 27                                                 |              |          |       |         |          | 
     | picorv32_core_genblk1.pcpi_mul_mul_2371_47_cdnfadd | CI v -> CO v | ADDFX1   | 0.034 |   1.307 |    3.476 | 
     | 28                                                 |              |          |       |         |          | 
     | picorv32_core_genblk1.pcpi_mul_mul_2371_47_cdnfadd | CI v -> CO v | ADDFX1   | 0.034 |   1.341 |    3.510 | 
     | 29                                                 |              |          |       |         |          | 
     | picorv32_core_genblk1.pcpi_mul_mul_2371_47_cdnfadd | CI v -> CO v | ADDFX1   | 0.035 |   1.375 |    3.545 | 
     | 30                                                 |              |          |       |         |          | 
     | picorv32_core_genblk1.pcpi_mul_mul_2371_47_cdnfadd | CI v -> CO v | ADDFX1   | 0.039 |   1.414 |    3.584 | 
     | 31                                                 |              |          |       |         |          | 
     | picorv32_core_genblk1.pcpi_mul_mul_2371_47_cdnfadd | CI v -> CO v | ADDFX1   | 0.036 |   1.450 |    3.619 | 
     | 32                                                 |              |          |       |         |          | 
     | picorv32_core_genblk1.pcpi_mul_mul_2371_47_cdnfadd | CI v -> CO v | ADDFX1   | 0.034 |   1.484 |    3.653 | 
     | 33                                                 |              |          |       |         |          | 
     | picorv32_core_genblk1.pcpi_mul_mul_2371_47_cdnfadd | CI v -> CO v | ADDFX1   | 0.035 |   1.519 |    3.688 | 
     | 34                                                 |              |          |       |         |          | 
     | picorv32_core_genblk1.pcpi_mul_mul_2371_47_cdnfadd | CI v -> CO v | ADDFX1   | 0.034 |   1.552 |    3.722 | 
     | 35                                                 |              |          |       |         |          | 
     | picorv32_core_genblk1.pcpi_mul_mul_2371_47_cdnfadd | CI v -> CO v | ADDFX1   | 0.033 |   1.586 |    3.755 | 
     | 36                                                 |              |          |       |         |          | 
     | picorv32_core_genblk1.pcpi_mul_mul_2371_47_cdnfadd | CI v -> CO v | ADDFX1   | 0.033 |   1.619 |    3.788 | 
     | 37                                                 |              |          |       |         |          | 
     | picorv32_core_genblk1.pcpi_mul_mul_2371_47_cdnfadd | CI v -> CO v | ADDFX1   | 0.034 |   1.652 |    3.822 | 
     | 38                                                 |              |          |       |         |          | 
     | picorv32_core_genblk1.pcpi_mul_mul_2371_47_cdnfadd | CI v -> CO v | ADDFX1   | 0.033 |   1.686 |    3.855 | 
     | 39                                                 |              |          |       |         |          | 
     | picorv32_core_genblk1.pcpi_mul_mul_2371_47_cdnfadd | CI v -> CO v | ADDFX1   | 0.033 |   1.719 |    3.888 | 
     | 40                                                 |              |          |       |         |          | 
     | picorv32_core_genblk1.pcpi_mul_mul_2371_47_cdnfadd | CI v -> CO v | ADDFX1   | 0.033 |   1.752 |    3.921 | 
     | 41                                                 |              |          |       |         |          | 
     | picorv32_core_genblk1.pcpi_mul_mul_2371_47_cdnfadd | CI v -> S ^  | ADDFX1   | 0.047 |   1.799 |    3.969 | 
     | 42                                                 |              |          |       |         |          | 
     | picorv32_core_genblk1.pcpi_mul_rd_reg[42]          | D ^          | DFFQXL   | 0.000 |   1.799 |    3.969 | 
     +-----------------------------------------------------------------------------------------------------------+ 
Path 24: MET Setup Check with Pin picorv32_core_reg_next_pc_reg[30]/CK 
Endpoint:   picorv32_core_reg_next_pc_reg[30]/D (v) checked with  leading edge 
of 'clk'
Beginpoint: picorv32_core_irq_mask_reg[12]/Q    (^) triggered by  leading edge 
of 'clk'
Path Groups: {reg2reg}
Analysis View: analysis1
Other End Arrival Time          0.003
- Setup                         0.005
+ Phase Shift                   4.000
- Uncertainty                   0.020
= Required Time                 3.978
- Arrival Time                  1.806
= Slack Time                    2.171
     Clock Rise Edge                 0.000
     + Clock Network Latency (Prop)  0.000
     = Beginpoint Arrival Time       0.000
     +------------------------------------------------------------------------------------------------------+ 
     |                   Instance                   |     Arc      |   Cell    | Delay | Arrival | Required | 
     |                                              |              |           |       |  Time   |   Time   | 
     |----------------------------------------------+--------------+-----------+-------+---------+----------| 
     | picorv32_core_irq_mask_reg[12]               | CK ^         |           |       |   0.000 |    2.171 | 
     | picorv32_core_irq_mask_reg[12]               | CK ^ -> Q ^  | DFFHQX1   | 0.044 |   0.044 |    2.215 | 
     | picorv32_core_g88708__2883                   | AN ^ -> Y ^  | NAND2BX1  | 0.038 |   0.082 |    2.254 | 
     | picorv32_core_g88395__5115                   | B ^ -> Y ^   | AND4XL    | 0.044 |   0.126 |    2.297 | 
     | picorv32_core_g88377__2398                   | D ^ -> Y ^   | AND4XL    | 0.034 |   0.160 |    2.331 | 
     | picorv32_core_g88366__6161                   | D ^ -> Y ^   | AND4XL    | 0.040 |   0.199 |    2.371 | 
     | picorv32_core_g88356__5122                   | D ^ -> Y ^   | AND4XL    | 0.055 |   0.254 |    2.426 | 
     | picorv32_core_g88349__6783                   | D ^ -> Y ^   | AND4XL    | 0.050 |   0.304 |    2.475 | 
     | picorv32_core_g88343__6260                   | D ^ -> Y ^   | AND4XL    | 0.059 |   0.364 |    2.535 | 
     | picorv32_core_g88337__1666                   | D ^ -> Y ^   | AND4XL    | 0.042 |   0.405 |    2.577 | 
     | picorv32_core_g88335__2883                   | D ^ -> Y ^   | AND4XL    | 0.042 |   0.447 |    2.619 | 
     | picorv32_core_g88333__9315                   | D ^ -> Y ^   | AND4X1    | 0.039 |   0.486 |    2.657 | 
     | picorv32_core_g88331__4733                   | D ^ -> Y v   | NAND4XL   | 0.025 |   0.511 |    2.682 | 
     | picorv32_core_g88330__7482                   | B v -> Y ^   | NOR2BX1   | 0.079 |   0.590 |    2.761 | 
     | picorv32_core_g88328__1881                   | D ^ -> Y ^   | OR4X1     | 0.030 |   0.620 |    2.791 | 
     | picorv32_core_g88326__6131                   | B ^ -> Y v   | NAND2BX1  | 0.033 |   0.653 |    2.824 | 
     | picorv32_core_g88325__7098                   | AN v -> Y v  | NAND2BX1  | 0.026 |   0.679 |    2.850 | 
     | picorv32_core_g88323__5122                   | AN v -> Y v  | NAND2BX1  | 0.018 |   0.697 |    2.868 | 
     | picorv32_core_g88322__1705                   | B v -> Y v   | OR2X1     | 0.074 |   0.771 |    2.942 | 
     | picorv32_core_g88320__1617                   | B v -> Y ^   | NOR2BX1   | 0.054 |   0.825 |    2.996 | 
     | picorv32_core_add_1569_33_Y_add_1552_33_g763 | B ^ -> CO ^  | ADDHX1    | 0.028 |   0.853 |    3.024 | 
     | picorv32_core_add_1569_33_Y_add_1552_33_g762 | CI ^ -> CO ^ | ADDFX1    | 0.030 |   0.884 |    3.055 | 
     | picorv32_core_add_1569_33_Y_add_1552_33_g761 | CI ^ -> CO ^ | ADDFX1    | 0.030 |   0.914 |    3.085 | 
     | picorv32_core_add_1569_33_Y_add_1552_33_g760 | CI ^ -> CO ^ | ADDFX1    | 0.031 |   0.945 |    3.116 | 
     | picorv32_core_add_1569_33_Y_add_1552_33_g759 | CI ^ -> CO ^ | ADDFX1    | 0.031 |   0.976 |    3.147 | 
     | picorv32_core_add_1569_33_Y_add_1552_33_g758 | CI ^ -> CO ^ | ADDFX1    | 0.031 |   1.007 |    3.178 | 
     | picorv32_core_add_1569_33_Y_add_1552_33_g757 | CI ^ -> CO ^ | ADDFX1    | 0.031 |   1.038 |    3.209 | 
     | picorv32_core_add_1569_33_Y_add_1552_33_g756 | CI ^ -> CO ^ | ADDFX1    | 0.032 |   1.071 |    3.242 | 
     | picorv32_core_add_1569_33_Y_add_1552_33_g755 | CI ^ -> CO ^ | ADDFX1    | 0.030 |   1.101 |    3.272 | 
     | picorv32_core_add_1569_33_Y_add_1552_33_g754 | CI ^ -> CO ^ | ADDFX1    | 0.031 |   1.132 |    3.303 | 
     | picorv32_core_add_1569_33_Y_add_1552_33_g753 | CI ^ -> CO ^ | ADDFX1    | 0.030 |   1.162 |    3.333 | 
     | picorv32_core_add_1569_33_Y_add_1552_33_g752 | CI ^ -> CO ^ | ADDFX1    | 0.032 |   1.195 |    3.366 | 
     | picorv32_core_add_1569_33_Y_add_1552_33_g751 | CI ^ -> CO ^ | ADDFX1    | 0.031 |   1.226 |    3.397 | 
     | picorv32_core_add_1569_33_Y_add_1552_33_g750 | CI ^ -> CO ^ | ADDFX1    | 0.032 |   1.258 |    3.429 | 
     | picorv32_core_add_1569_33_Y_add_1552_33_g749 | CI ^ -> CO ^ | ADDFX1    | 0.031 |   1.289 |    3.460 | 
     | picorv32_core_add_1569_33_Y_add_1552_33_g748 | CI ^ -> CO ^ | ADDFX1    | 0.030 |   1.319 |    3.490 | 
     | picorv32_core_add_1569_33_Y_add_1552_33_g747 | CI ^ -> CO ^ | ADDFX1    | 0.031 |   1.350 |    3.521 | 
     | picorv32_core_add_1569_33_Y_add_1552_33_g746 | CI ^ -> CO ^ | ADDFX1    | 0.031 |   1.381 |    3.552 | 
     | picorv32_core_add_1569_33_Y_add_1552_33_g745 | CI ^ -> CO ^ | ADDFX1    | 0.033 |   1.414 |    3.585 | 
     | picorv32_core_add_1569_33_Y_add_1552_33_g744 | CI ^ -> CO ^ | ADDFX1    | 0.031 |   1.445 |    3.616 | 
     | picorv32_core_add_1569_33_Y_add_1552_33_g743 | CI ^ -> CO ^ | ADDFX1    | 0.031 |   1.475 |    3.647 | 
     | picorv32_core_add_1569_33_Y_add_1552_33_g742 | CI ^ -> CO ^ | ADDFX1    | 0.032 |   1.507 |    3.679 | 
     | picorv32_core_add_1569_33_Y_add_1552_33_g741 | CI ^ -> CO ^ | ADDFX1    | 0.031 |   1.539 |    3.710 | 
     | picorv32_core_add_1569_33_Y_add_1552_33_g740 | CI ^ -> CO ^ | ADDFX1    | 0.033 |   1.572 |    3.743 | 
     | picorv32_core_add_1569_33_Y_add_1552_33_g739 | CI ^ -> CO ^ | ADDFX1    | 0.031 |   1.604 |    3.775 | 
     | picorv32_core_add_1569_33_Y_add_1552_33_g738 | CI ^ -> CO ^ | ADDFX1    | 0.031 |   1.634 |    3.805 | 
     | picorv32_core_add_1569_33_Y_add_1552_33_g737 | CI ^ -> CO ^ | ADDFX1    | 0.031 |   1.666 |    3.837 | 
     | picorv32_core_add_1569_33_Y_add_1552_33_g736 | CI ^ -> CO ^ | ADDFX1    | 0.030 |   1.696 |    3.867 | 
     | picorv32_core_add_1569_33_Y_add_1552_33_g735 | CI ^ -> CO ^ | ADDFX1    | 0.030 |   1.725 |    3.896 | 
     | picorv32_core_add_1569_33_Y_add_1552_33_g734 | CI ^ -> S v  | ADDFX1    | 0.047 |   1.772 |    3.943 | 
     | picorv32_core_g190253__5477                  | B1 v -> Y ^  | AOI22X1   | 0.015 |   1.787 |    3.958 | 
     | picorv32_core_g190222__1666                  | B0 ^ -> Y v  | OAI2BB1X1 | 0.020 |   1.806 |    3.978 | 
     | picorv32_core_reg_next_pc_reg[30]            | D v          | DFFHQX1   | 0.000 |   1.806 |    3.978 | 
     +------------------------------------------------------------------------------------------------------+ 
Path 25: MET Setup Check with Pin picorv32_core_reg_next_pc_reg[29]/CK 
Endpoint:   picorv32_core_reg_next_pc_reg[29]/D (v) checked with  leading edge 
of 'clk'
Beginpoint: picorv32_core_irq_mask_reg[12]/Q    (^) triggered by  leading edge 
of 'clk'
Path Groups: {reg2reg}
Analysis View: analysis1
Other End Arrival Time          0.003
- Setup                         0.005
+ Phase Shift                   4.000
- Uncertainty                   0.020
= Required Time                 3.978
- Arrival Time                  1.776
= Slack Time                    2.202
     Clock Rise Edge                 0.000
     + Clock Network Latency (Prop)  0.000
     = Beginpoint Arrival Time       0.000
     +------------------------------------------------------------------------------------------------------+ 
     |                   Instance                   |     Arc      |   Cell    | Delay | Arrival | Required | 
     |                                              |              |           |       |  Time   |   Time   | 
     |----------------------------------------------+--------------+-----------+-------+---------+----------| 
     | picorv32_core_irq_mask_reg[12]               | CK ^         |           |       |   0.000 |    2.202 | 
     | picorv32_core_irq_mask_reg[12]               | CK ^ -> Q ^  | DFFHQX1   | 0.044 |   0.044 |    2.246 | 
     | picorv32_core_g88708__2883                   | AN ^ -> Y ^  | NAND2BX1  | 0.038 |   0.082 |    2.284 | 
     | picorv32_core_g88395__5115                   | B ^ -> Y ^   | AND4XL    | 0.044 |   0.126 |    2.328 | 
     | picorv32_core_g88377__2398                   | D ^ -> Y ^   | AND4XL    | 0.034 |   0.160 |    2.361 | 
     | picorv32_core_g88366__6161                   | D ^ -> Y ^   | AND4XL    | 0.040 |   0.199 |    2.401 | 
     | picorv32_core_g88356__5122                   | D ^ -> Y ^   | AND4XL    | 0.055 |   0.254 |    2.456 | 
     | picorv32_core_g88349__6783                   | D ^ -> Y ^   | AND4XL    | 0.050 |   0.304 |    2.506 | 
     | picorv32_core_g88343__6260                   | D ^ -> Y ^   | AND4XL    | 0.059 |   0.364 |    2.565 | 
     | picorv32_core_g88337__1666                   | D ^ -> Y ^   | AND4XL    | 0.042 |   0.405 |    2.607 | 
     | picorv32_core_g88335__2883                   | D ^ -> Y ^   | AND4XL    | 0.042 |   0.447 |    2.649 | 
     | picorv32_core_g88333__9315                   | D ^ -> Y ^   | AND4X1    | 0.039 |   0.486 |    2.688 | 
     | picorv32_core_g88331__4733                   | D ^ -> Y v   | NAND4XL   | 0.025 |   0.511 |    2.713 | 
     | picorv32_core_g88330__7482                   | B v -> Y ^   | NOR2BX1   | 0.079 |   0.590 |    2.792 | 
     | picorv32_core_g88328__1881                   | D ^ -> Y ^   | OR4X1     | 0.030 |   0.620 |    2.822 | 
     | picorv32_core_g88326__6131                   | B ^ -> Y v   | NAND2BX1  | 0.033 |   0.653 |    2.855 | 
     | picorv32_core_g88325__7098                   | AN v -> Y v  | NAND2BX1  | 0.026 |   0.679 |    2.880 | 
     | picorv32_core_g88323__5122                   | AN v -> Y v  | NAND2BX1  | 0.018 |   0.697 |    2.898 | 
     | picorv32_core_g88322__1705                   | B v -> Y v   | OR2X1     | 0.074 |   0.771 |    2.973 | 
     | picorv32_core_g88320__1617                   | B v -> Y ^   | NOR2BX1   | 0.054 |   0.825 |    3.026 | 
     | picorv32_core_add_1569_33_Y_add_1552_33_g763 | B ^ -> CO ^  | ADDHX1    | 0.028 |   0.853 |    3.055 | 
     | picorv32_core_add_1569_33_Y_add_1552_33_g762 | CI ^ -> CO ^ | ADDFX1    | 0.030 |   0.884 |    3.085 | 
     | picorv32_core_add_1569_33_Y_add_1552_33_g761 | CI ^ -> CO ^ | ADDFX1    | 0.030 |   0.914 |    3.115 | 
     | picorv32_core_add_1569_33_Y_add_1552_33_g760 | CI ^ -> CO ^ | ADDFX1    | 0.031 |   0.945 |    3.147 | 
     | picorv32_core_add_1569_33_Y_add_1552_33_g759 | CI ^ -> CO ^ | ADDFX1    | 0.031 |   0.976 |    3.178 | 
     | picorv32_core_add_1569_33_Y_add_1552_33_g758 | CI ^ -> CO ^ | ADDFX1    | 0.031 |   1.007 |    3.209 | 
     | picorv32_core_add_1569_33_Y_add_1552_33_g757 | CI ^ -> CO ^ | ADDFX1    | 0.031 |   1.038 |    3.240 | 
     | picorv32_core_add_1569_33_Y_add_1552_33_g756 | CI ^ -> CO ^ | ADDFX1    | 0.032 |   1.071 |    3.272 | 
     | picorv32_core_add_1569_33_Y_add_1552_33_g755 | CI ^ -> CO ^ | ADDFX1    | 0.030 |   1.101 |    3.303 | 
     | picorv32_core_add_1569_33_Y_add_1552_33_g754 | CI ^ -> CO ^ | ADDFX1    | 0.031 |   1.132 |    3.334 | 
     | picorv32_core_add_1569_33_Y_add_1552_33_g753 | CI ^ -> CO ^ | ADDFX1    | 0.030 |   1.162 |    3.364 | 
     | picorv32_core_add_1569_33_Y_add_1552_33_g752 | CI ^ -> CO ^ | ADDFX1    | 0.032 |   1.195 |    3.396 | 
     | picorv32_core_add_1569_33_Y_add_1552_33_g751 | CI ^ -> CO ^ | ADDFX1    | 0.031 |   1.226 |    3.428 | 
     | picorv32_core_add_1569_33_Y_add_1552_33_g750 | CI ^ -> CO ^ | ADDFX1    | 0.032 |   1.258 |    3.459 | 
     | picorv32_core_add_1569_33_Y_add_1552_33_g749 | CI ^ -> CO ^ | ADDFX1    | 0.031 |   1.289 |    3.490 | 
     | picorv32_core_add_1569_33_Y_add_1552_33_g748 | CI ^ -> CO ^ | ADDFX1    | 0.030 |   1.319 |    3.521 | 
     | picorv32_core_add_1569_33_Y_add_1552_33_g747 | CI ^ -> CO ^ | ADDFX1    | 0.031 |   1.350 |    3.552 | 
     | picorv32_core_add_1569_33_Y_add_1552_33_g746 | CI ^ -> CO ^ | ADDFX1    | 0.031 |   1.381 |    3.582 | 
     | picorv32_core_add_1569_33_Y_add_1552_33_g745 | CI ^ -> CO ^ | ADDFX1    | 0.033 |   1.414 |    3.615 | 
     | picorv32_core_add_1569_33_Y_add_1552_33_g744 | CI ^ -> CO ^ | ADDFX1    | 0.031 |   1.445 |    3.646 | 
     | picorv32_core_add_1569_33_Y_add_1552_33_g743 | CI ^ -> CO ^ | ADDFX1    | 0.031 |   1.475 |    3.677 | 
     | picorv32_core_add_1569_33_Y_add_1552_33_g742 | CI ^ -> CO ^ | ADDFX1    | 0.032 |   1.507 |    3.709 | 
     | picorv32_core_add_1569_33_Y_add_1552_33_g741 | CI ^ -> CO ^ | ADDFX1    | 0.031 |   1.539 |    3.740 | 
     | picorv32_core_add_1569_33_Y_add_1552_33_g740 | CI ^ -> CO ^ | ADDFX1    | 0.033 |   1.572 |    3.774 | 
     | picorv32_core_add_1569_33_Y_add_1552_33_g739 | CI ^ -> CO ^ | ADDFX1    | 0.031 |   1.604 |    3.805 | 
     | picorv32_core_add_1569_33_Y_add_1552_33_g738 | CI ^ -> CO ^ | ADDFX1    | 0.031 |   1.634 |    3.836 | 
     | picorv32_core_add_1569_33_Y_add_1552_33_g737 | CI ^ -> CO ^ | ADDFX1    | 0.031 |   1.666 |    3.867 | 
     | picorv32_core_add_1569_33_Y_add_1552_33_g736 | CI ^ -> CO ^ | ADDFX1    | 0.030 |   1.696 |    3.897 | 
     | picorv32_core_add_1569_33_Y_add_1552_33_g735 | CI ^ -> S v  | ADDFX1    | 0.046 |   1.742 |    3.944 | 
     | picorv32_core_g190252__6417                  | B1 v -> Y ^  | AOI22X1   | 0.014 |   1.756 |    3.958 | 
     | picorv32_core_g190221__2346                  | B0 ^ -> Y v  | OAI2BB1X1 | 0.020 |   1.776 |    3.978 | 
     | picorv32_core_reg_next_pc_reg[29]            | D v          | DFFHQX1   | 0.000 |   1.776 |    3.978 | 
     +------------------------------------------------------------------------------------------------------+ 
Path 26: MET Setup Check with Pin picorv32_core_genblk1.pcpi_mul_rd_reg[41]/CK 
Endpoint:   picorv32_core_genblk1.pcpi_mul_rd_reg[41]/D (^) checked with  
leading edge of 'clk'
Beginpoint: picorv32_core_genblk1.pcpi_mul_rs2_reg[5]/Q (^) triggered by  
leading edge of 'clk'
Path Groups: {reg2reg}
Analysis View: analysis1
Other End Arrival Time          0.002
- Setup                         0.013
+ Phase Shift                   4.000
- Uncertainty                   0.020
= Required Time                 3.969
- Arrival Time                  1.766
= Slack Time                    2.203
     Clock Rise Edge                 0.000
     + Clock Network Latency (Prop)  0.003
     = Beginpoint Arrival Time       0.003
     +-----------------------------------------------------------------------------------------------------------+ 
     |                      Instance                      |     Arc      |   Cell   | Delay | Arrival | Required | 
     |                                                    |              |          |       |  Time   |   Time   | 
     |----------------------------------------------------+--------------+----------+-------+---------+----------| 
     | picorv32_core_genblk1.pcpi_mul_rs2_reg[5]          | CK ^         |          |       |   0.003 |    2.206 | 
     | picorv32_core_genblk1.pcpi_mul_rs2_reg[5]          | CK ^ -> Q ^  | MDFFHQX1 | 0.126 |   0.129 |    2.332 | 
     | picorv32_core_genblk1.pcpi_mul_mul_2371_47_g14046  | A ^ -> Y v   | INVX1    | 0.049 |   0.178 |    2.381 | 
     | picorv32_core_genblk1.pcpi_mul_mul_2371_47_g13987  | B v -> Y ^   | XNOR2X1  | 0.031 |   0.209 |    2.412 | 
     | picorv32_core_genblk1.pcpi_mul_mul_2371_47_g13897  | A ^ -> Y ^   | OR2X1    | 0.086 |   0.295 |    2.498 | 
     | picorv32_core_genblk1.pcpi_mul_mul_2371_47_g13890  | A ^ -> Y v   | INVX1    | 0.052 |   0.346 |    2.549 | 
     | picorv32_core_genblk1.pcpi_mul_mul_2371_47_g13740  | A1 v -> Y ^  | OAI21X1  | 0.027 |   0.374 |    2.577 | 
     | picorv32_core_genblk1.pcpi_mul_mul_2371_47_g13494  | B ^ -> Y ^   | XNOR2X1  | 0.025 |   0.398 |    2.601 | 
     | picorv32_core_genblk1.pcpi_mul_mul_2371_47_g13440  | B ^ -> S v   | ADDHX1   | 0.031 |   0.429 |    2.632 | 
     | picorv32_core_genblk1.pcpi_mul_mul_2371_47_cdnfadd | A v -> CO v  | ADDFX1   | 0.035 |   0.465 |    2.668 | 
     | 3                                                  |              |          |       |         |          | 
     | picorv32_core_genblk1.pcpi_mul_mul_2371_47_cdnfadd | CI v -> CO v | ADDFX1   | 0.034 |   0.499 |    2.702 | 
     | 4                                                  |              |          |       |         |          | 
     | picorv32_core_genblk1.pcpi_mul_mul_2371_47_cdnfadd | CI v -> CO v | ADDFX1   | 0.034 |   0.533 |    2.736 | 
     | 5                                                  |              |          |       |         |          | 
     | picorv32_core_genblk1.pcpi_mul_mul_2371_47_cdnfadd | CI v -> CO v | ADDFX1   | 0.033 |   0.566 |    2.769 | 
     | 6                                                  |              |          |       |         |          | 
     | picorv32_core_genblk1.pcpi_mul_mul_2371_47_cdnfadd | CI v -> CO v | ADDFX1   | 0.034 |   0.600 |    2.803 | 
     | 7                                                  |              |          |       |         |          | 
     | picorv32_core_genblk1.pcpi_mul_mul_2371_47_cdnfadd | CI v -> CO v | ADDFX1   | 0.034 |   0.634 |    2.836 | 
     | 8                                                  |              |          |       |         |          | 
     | picorv32_core_genblk1.pcpi_mul_mul_2371_47_cdnfadd | CI v -> CO v | ADDFX1   | 0.033 |   0.667 |    2.870 | 
     | 9                                                  |              |          |       |         |          | 
     | picorv32_core_genblk1.pcpi_mul_mul_2371_47_cdnfadd | CI v -> CO v | ADDFX1   | 0.034 |   0.700 |    2.903 | 
     | 10                                                 |              |          |       |         |          | 
     | picorv32_core_genblk1.pcpi_mul_mul_2371_47_cdnfadd | CI v -> CO v | ADDFX1   | 0.033 |   0.734 |    2.936 | 
     | 11                                                 |              |          |       |         |          | 
     | picorv32_core_genblk1.pcpi_mul_mul_2371_47_cdnfadd | CI v -> CO v | ADDFX1   | 0.034 |   0.768 |    2.971 | 
     | 12                                                 |              |          |       |         |          | 
     | picorv32_core_genblk1.pcpi_mul_mul_2371_47_cdnfadd | CI v -> CO v | ADDFX1   | 0.034 |   0.801 |    3.004 | 
     | 13                                                 |              |          |       |         |          | 
     | picorv32_core_genblk1.pcpi_mul_mul_2371_47_cdnfadd | CI v -> CO v | ADDFX1   | 0.033 |   0.835 |    3.037 | 
     | 14                                                 |              |          |       |         |          | 
     | picorv32_core_genblk1.pcpi_mul_mul_2371_47_cdnfadd | CI v -> CO v | ADDFX1   | 0.033 |   0.868 |    3.071 | 
     | 15                                                 |              |          |       |         |          | 
     | picorv32_core_genblk1.pcpi_mul_mul_2371_47_cdnfadd | CI v -> CO v | ADDFX1   | 0.033 |   0.901 |    3.104 | 
     | 16                                                 |              |          |       |         |          | 
     | picorv32_core_genblk1.pcpi_mul_mul_2371_47_cdnfadd | CI v -> CO v | ADDFX1   | 0.034 |   0.934 |    3.137 | 
     | 17                                                 |              |          |       |         |          | 
     | picorv32_core_genblk1.pcpi_mul_mul_2371_47_cdnfadd | CI v -> CO v | ADDFX1   | 0.033 |   0.968 |    3.171 | 
     | 18                                                 |              |          |       |         |          | 
     | picorv32_core_genblk1.pcpi_mul_mul_2371_47_cdnfadd | CI v -> CO v | ADDFX1   | 0.034 |   1.001 |    3.204 | 
     | 19                                                 |              |          |       |         |          | 
     | picorv32_core_genblk1.pcpi_mul_mul_2371_47_cdnfadd | CI v -> CO v | ADDFX1   | 0.034 |   1.036 |    3.238 | 
     | 20                                                 |              |          |       |         |          | 
     | picorv32_core_genblk1.pcpi_mul_mul_2371_47_cdnfadd | CI v -> CO v | ADDFX1   | 0.033 |   1.069 |    3.272 | 
     | 21                                                 |              |          |       |         |          | 
     | picorv32_core_genblk1.pcpi_mul_mul_2371_47_cdnfadd | CI v -> CO v | ADDFX1   | 0.033 |   1.102 |    3.305 | 
     | 22                                                 |              |          |       |         |          | 
     | picorv32_core_genblk1.pcpi_mul_mul_2371_47_cdnfadd | CI v -> CO v | ADDFX1   | 0.033 |   1.136 |    3.338 | 
     | 23                                                 |              |          |       |         |          | 
     | picorv32_core_genblk1.pcpi_mul_mul_2371_47_cdnfadd | CI v -> CO v | ADDFX1   | 0.035 |   1.171 |    3.374 | 
     | 24                                                 |              |          |       |         |          | 
     | picorv32_core_genblk1.pcpi_mul_mul_2371_47_cdnfadd | CI v -> CO v | ADDFX1   | 0.035 |   1.206 |    3.409 | 
     | 25                                                 |              |          |       |         |          | 
     | picorv32_core_genblk1.pcpi_mul_mul_2371_47_cdnfadd | CI v -> CO v | ADDFX1   | 0.033 |   1.239 |    3.442 | 
     | 26                                                 |              |          |       |         |          | 
     | picorv32_core_genblk1.pcpi_mul_mul_2371_47_cdnfadd | CI v -> CO v | ADDFX1   | 0.034 |   1.273 |    3.476 | 
     | 27                                                 |              |          |       |         |          | 
     | picorv32_core_genblk1.pcpi_mul_mul_2371_47_cdnfadd | CI v -> CO v | ADDFX1   | 0.034 |   1.307 |    3.510 | 
     | 28                                                 |              |          |       |         |          | 
     | picorv32_core_genblk1.pcpi_mul_mul_2371_47_cdnfadd | CI v -> CO v | ADDFX1   | 0.034 |   1.341 |    3.544 | 
     | 29                                                 |              |          |       |         |          | 
     | picorv32_core_genblk1.pcpi_mul_mul_2371_47_cdnfadd | CI v -> CO v | ADDFX1   | 0.035 |   1.375 |    3.578 | 
     | 30                                                 |              |          |       |         |          | 
     | picorv32_core_genblk1.pcpi_mul_mul_2371_47_cdnfadd | CI v -> CO v | ADDFX1   | 0.039 |   1.414 |    3.617 | 
     | 31                                                 |              |          |       |         |          | 
     | picorv32_core_genblk1.pcpi_mul_mul_2371_47_cdnfadd | CI v -> CO v | ADDFX1   | 0.036 |   1.450 |    3.653 | 
     | 32                                                 |              |          |       |         |          | 
     | picorv32_core_genblk1.pcpi_mul_mul_2371_47_cdnfadd | CI v -> CO v | ADDFX1   | 0.034 |   1.484 |    3.687 | 
     | 33                                                 |              |          |       |         |          | 
     | picorv32_core_genblk1.pcpi_mul_mul_2371_47_cdnfadd | CI v -> CO v | ADDFX1   | 0.035 |   1.519 |    3.721 | 
     | 34                                                 |              |          |       |         |          | 
     | picorv32_core_genblk1.pcpi_mul_mul_2371_47_cdnfadd | CI v -> CO v | ADDFX1   | 0.034 |   1.552 |    3.755 | 
     | 35                                                 |              |          |       |         |          | 
     | picorv32_core_genblk1.pcpi_mul_mul_2371_47_cdnfadd | CI v -> CO v | ADDFX1   | 0.033 |   1.586 |    3.788 | 
     | 36                                                 |              |          |       |         |          | 
     | picorv32_core_genblk1.pcpi_mul_mul_2371_47_cdnfadd | CI v -> CO v | ADDFX1   | 0.033 |   1.619 |    3.822 | 
     | 37                                                 |              |          |       |         |          | 
     | picorv32_core_genblk1.pcpi_mul_mul_2371_47_cdnfadd | CI v -> CO v | ADDFX1   | 0.034 |   1.652 |    3.855 | 
     | 38                                                 |              |          |       |         |          | 
     | picorv32_core_genblk1.pcpi_mul_mul_2371_47_cdnfadd | CI v -> CO v | ADDFX1   | 0.033 |   1.686 |    3.888 | 
     | 39                                                 |              |          |       |         |          | 
     | picorv32_core_genblk1.pcpi_mul_mul_2371_47_cdnfadd | CI v -> CO v | ADDFX1   | 0.033 |   1.719 |    3.922 | 
     | 40                                                 |              |          |       |         |          | 
     | picorv32_core_genblk1.pcpi_mul_mul_2371_47_cdnfadd | CI v -> S ^  | ADDFX1   | 0.047 |   1.766 |    3.969 | 
     | 41                                                 |              |          |       |         |          | 
     | picorv32_core_genblk1.pcpi_mul_rd_reg[41]          | D ^          | DFFQXL   | 0.000 |   1.766 |    3.969 | 
     +-----------------------------------------------------------------------------------------------------------+ 
Path 27: MET Setup Check with Pin picorv32_core_reg_next_pc_reg[28]/CK 
Endpoint:   picorv32_core_reg_next_pc_reg[28]/D (v) checked with  leading edge 
of 'clk'
Beginpoint: picorv32_core_irq_mask_reg[12]/Q    (^) triggered by  leading edge 
of 'clk'
Path Groups: {reg2reg}
Analysis View: analysis1
Other End Arrival Time          0.003
- Setup                         0.005
+ Phase Shift                   4.000
- Uncertainty                   0.020
= Required Time                 3.978
- Arrival Time                  1.744
= Slack Time                    2.234
     Clock Rise Edge                 0.000
     + Clock Network Latency (Prop)  0.000
     = Beginpoint Arrival Time       0.000
     +------------------------------------------------------------------------------------------------------+ 
     |                   Instance                   |     Arc      |   Cell    | Delay | Arrival | Required | 
     |                                              |              |           |       |  Time   |   Time   | 
     |----------------------------------------------+--------------+-----------+-------+---------+----------| 
     | picorv32_core_irq_mask_reg[12]               | CK ^         |           |       |   0.000 |    2.234 | 
     | picorv32_core_irq_mask_reg[12]               | CK ^ -> Q ^  | DFFHQX1   | 0.044 |   0.044 |    2.278 | 
     | picorv32_core_g88708__2883                   | AN ^ -> Y ^  | NAND2BX1  | 0.038 |   0.082 |    2.316 | 
     | picorv32_core_g88395__5115                   | B ^ -> Y ^   | AND4XL    | 0.044 |   0.126 |    2.360 | 
     | picorv32_core_g88377__2398                   | D ^ -> Y ^   | AND4XL    | 0.034 |   0.160 |    2.394 | 
     | picorv32_core_g88366__6161                   | D ^ -> Y ^   | AND4XL    | 0.040 |   0.199 |    2.433 | 
     | picorv32_core_g88356__5122                   | D ^ -> Y ^   | AND4XL    | 0.055 |   0.254 |    2.488 | 
     | picorv32_core_g88349__6783                   | D ^ -> Y ^   | AND4XL    | 0.050 |   0.304 |    2.538 | 
     | picorv32_core_g88343__6260                   | D ^ -> Y ^   | AND4XL    | 0.059 |   0.364 |    2.597 | 
     | picorv32_core_g88337__1666                   | D ^ -> Y ^   | AND4XL    | 0.042 |   0.405 |    2.639 | 
     | picorv32_core_g88335__2883                   | D ^ -> Y ^   | AND4XL    | 0.042 |   0.447 |    2.681 | 
     | picorv32_core_g88333__9315                   | D ^ -> Y ^   | AND4X1    | 0.039 |   0.486 |    2.720 | 
     | picorv32_core_g88331__4733                   | D ^ -> Y v   | NAND4XL   | 0.025 |   0.511 |    2.745 | 
     | picorv32_core_g88330__7482                   | B v -> Y ^   | NOR2BX1   | 0.079 |   0.590 |    2.824 | 
     | picorv32_core_g88328__1881                   | D ^ -> Y ^   | OR4X1     | 0.030 |   0.620 |    2.854 | 
     | picorv32_core_g88326__6131                   | B ^ -> Y v   | NAND2BX1  | 0.033 |   0.653 |    2.887 | 
     | picorv32_core_g88325__7098                   | AN v -> Y v  | NAND2BX1  | 0.026 |   0.679 |    2.912 | 
     | picorv32_core_g88323__5122                   | AN v -> Y v  | NAND2BX1  | 0.018 |   0.697 |    2.931 | 
     | picorv32_core_g88322__1705                   | B v -> Y v   | OR2X1     | 0.074 |   0.771 |    3.005 | 
     | picorv32_core_g88320__1617                   | B v -> Y ^   | NOR2BX1   | 0.054 |   0.825 |    3.058 | 
     | picorv32_core_add_1569_33_Y_add_1552_33_g763 | B ^ -> CO ^  | ADDHX1    | 0.028 |   0.853 |    3.087 | 
     | picorv32_core_add_1569_33_Y_add_1552_33_g762 | CI ^ -> CO ^ | ADDFX1    | 0.030 |   0.884 |    3.117 | 
     | picorv32_core_add_1569_33_Y_add_1552_33_g761 | CI ^ -> CO ^ | ADDFX1    | 0.030 |   0.914 |    3.148 | 
     | picorv32_core_add_1569_33_Y_add_1552_33_g760 | CI ^ -> CO ^ | ADDFX1    | 0.031 |   0.945 |    3.179 | 
     | picorv32_core_add_1569_33_Y_add_1552_33_g759 | CI ^ -> CO ^ | ADDFX1    | 0.031 |   0.976 |    3.210 | 
     | picorv32_core_add_1569_33_Y_add_1552_33_g758 | CI ^ -> CO ^ | ADDFX1    | 0.031 |   1.007 |    3.241 | 
     | picorv32_core_add_1569_33_Y_add_1552_33_g757 | CI ^ -> CO ^ | ADDFX1    | 0.031 |   1.038 |    3.272 | 
     | picorv32_core_add_1569_33_Y_add_1552_33_g756 | CI ^ -> CO ^ | ADDFX1    | 0.032 |   1.071 |    3.304 | 
     | picorv32_core_add_1569_33_Y_add_1552_33_g755 | CI ^ -> CO ^ | ADDFX1    | 0.030 |   1.101 |    3.335 | 
     | picorv32_core_add_1569_33_Y_add_1552_33_g754 | CI ^ -> CO ^ | ADDFX1    | 0.031 |   1.132 |    3.366 | 
     | picorv32_core_add_1569_33_Y_add_1552_33_g753 | CI ^ -> CO ^ | ADDFX1    | 0.030 |   1.162 |    3.396 | 
     | picorv32_core_add_1569_33_Y_add_1552_33_g752 | CI ^ -> CO ^ | ADDFX1    | 0.032 |   1.195 |    3.428 | 
     | picorv32_core_add_1569_33_Y_add_1552_33_g751 | CI ^ -> CO ^ | ADDFX1    | 0.031 |   1.226 |    3.460 | 
     | picorv32_core_add_1569_33_Y_add_1552_33_g750 | CI ^ -> CO ^ | ADDFX1    | 0.032 |   1.258 |    3.491 | 
     | picorv32_core_add_1569_33_Y_add_1552_33_g749 | CI ^ -> CO ^ | ADDFX1    | 0.031 |   1.289 |    3.522 | 
     | picorv32_core_add_1569_33_Y_add_1552_33_g748 | CI ^ -> CO ^ | ADDFX1    | 0.030 |   1.319 |    3.553 | 
     | picorv32_core_add_1569_33_Y_add_1552_33_g747 | CI ^ -> CO ^ | ADDFX1    | 0.031 |   1.350 |    3.584 | 
     | picorv32_core_add_1569_33_Y_add_1552_33_g746 | CI ^ -> CO ^ | ADDFX1    | 0.031 |   1.381 |    3.614 | 
     | picorv32_core_add_1569_33_Y_add_1552_33_g745 | CI ^ -> CO ^ | ADDFX1    | 0.033 |   1.414 |    3.648 | 
     | picorv32_core_add_1569_33_Y_add_1552_33_g744 | CI ^ -> CO ^ | ADDFX1    | 0.031 |   1.445 |    3.678 | 
     | picorv32_core_add_1569_33_Y_add_1552_33_g743 | CI ^ -> CO ^ | ADDFX1    | 0.031 |   1.475 |    3.709 | 
     | picorv32_core_add_1569_33_Y_add_1552_33_g742 | CI ^ -> CO ^ | ADDFX1    | 0.032 |   1.507 |    3.741 | 
     | picorv32_core_add_1569_33_Y_add_1552_33_g741 | CI ^ -> CO ^ | ADDFX1    | 0.031 |   1.539 |    3.772 | 
     | picorv32_core_add_1569_33_Y_add_1552_33_g740 | CI ^ -> CO ^ | ADDFX1    | 0.033 |   1.572 |    3.806 | 
     | picorv32_core_add_1569_33_Y_add_1552_33_g739 | CI ^ -> CO ^ | ADDFX1    | 0.031 |   1.604 |    3.837 | 
     | picorv32_core_add_1569_33_Y_add_1552_33_g738 | CI ^ -> CO ^ | ADDFX1    | 0.031 |   1.634 |    3.868 | 
     | picorv32_core_add_1569_33_Y_add_1552_33_g737 | CI ^ -> CO ^ | ADDFX1    | 0.031 |   1.666 |    3.899 | 
     | picorv32_core_add_1569_33_Y_add_1552_33_g736 | CI ^ -> S v  | ADDFX1    | 0.046 |   1.712 |    3.946 | 
     | picorv32_core_g190251__7410                  | B1 v -> Y ^  | AOI22X1   | 0.014 |   1.726 |    3.960 | 
     | picorv32_core_g190219__9945                  | B0 ^ -> Y v  | OAI2BB1X1 | 0.018 |   1.744 |    3.978 | 
     | picorv32_core_reg_next_pc_reg[28]            | D v          | DFFHQX1   | 0.000 |   1.744 |    3.978 | 
     +------------------------------------------------------------------------------------------------------+ 
Path 28: MET Setup Check with Pin picorv32_core_genblk1.pcpi_mul_rd_reg[40]/CK 
Endpoint:   picorv32_core_genblk1.pcpi_mul_rd_reg[40]/D (^) checked with  
leading edge of 'clk'
Beginpoint: picorv32_core_genblk1.pcpi_mul_rs2_reg[5]/Q (^) triggered by  
leading edge of 'clk'
Path Groups: {reg2reg}
Analysis View: analysis1
Other End Arrival Time          0.002
- Setup                         0.013
+ Phase Shift                   4.000
- Uncertainty                   0.020
= Required Time                 3.969
- Arrival Time                  1.733
= Slack Time                    2.236
     Clock Rise Edge                 0.000
     + Clock Network Latency (Prop)  0.003
     = Beginpoint Arrival Time       0.003
     +-----------------------------------------------------------------------------------------------------------+ 
     |                      Instance                      |     Arc      |   Cell   | Delay | Arrival | Required | 
     |                                                    |              |          |       |  Time   |   Time   | 
     |----------------------------------------------------+--------------+----------+-------+---------+----------| 
     | picorv32_core_genblk1.pcpi_mul_rs2_reg[5]          | CK ^         |          |       |   0.003 |    2.239 | 
     | picorv32_core_genblk1.pcpi_mul_rs2_reg[5]          | CK ^ -> Q ^  | MDFFHQX1 | 0.126 |   0.129 |    2.365 | 
     | picorv32_core_genblk1.pcpi_mul_mul_2371_47_g14046  | A ^ -> Y v   | INVX1    | 0.049 |   0.178 |    2.414 | 
     | picorv32_core_genblk1.pcpi_mul_mul_2371_47_g13987  | B v -> Y ^   | XNOR2X1  | 0.031 |   0.209 |    2.444 | 
     | picorv32_core_genblk1.pcpi_mul_mul_2371_47_g13897  | A ^ -> Y ^   | OR2X1    | 0.086 |   0.295 |    2.530 | 
     | picorv32_core_genblk1.pcpi_mul_mul_2371_47_g13890  | A ^ -> Y v   | INVX1    | 0.052 |   0.346 |    2.582 | 
     | picorv32_core_genblk1.pcpi_mul_mul_2371_47_g13740  | A1 v -> Y ^  | OAI21X1  | 0.027 |   0.374 |    2.610 | 
     | picorv32_core_genblk1.pcpi_mul_mul_2371_47_g13494  | B ^ -> Y ^   | XNOR2X1  | 0.025 |   0.398 |    2.634 | 
     | picorv32_core_genblk1.pcpi_mul_mul_2371_47_g13440  | B ^ -> S v   | ADDHX1   | 0.031 |   0.429 |    2.665 | 
     | picorv32_core_genblk1.pcpi_mul_mul_2371_47_cdnfadd | A v -> CO v  | ADDFX1   | 0.035 |   0.465 |    2.700 | 
     | 3                                                  |              |          |       |         |          | 
     | picorv32_core_genblk1.pcpi_mul_mul_2371_47_cdnfadd | CI v -> CO v | ADDFX1   | 0.034 |   0.499 |    2.734 | 
     | 4                                                  |              |          |       |         |          | 
     | picorv32_core_genblk1.pcpi_mul_mul_2371_47_cdnfadd | CI v -> CO v | ADDFX1   | 0.034 |   0.533 |    2.769 | 
     | 5                                                  |              |          |       |         |          | 
     | picorv32_core_genblk1.pcpi_mul_mul_2371_47_cdnfadd | CI v -> CO v | ADDFX1   | 0.033 |   0.566 |    2.802 | 
     | 6                                                  |              |          |       |         |          | 
     | picorv32_core_genblk1.pcpi_mul_mul_2371_47_cdnfadd | CI v -> CO v | ADDFX1   | 0.034 |   0.600 |    2.836 | 
     | 7                                                  |              |          |       |         |          | 
     | picorv32_core_genblk1.pcpi_mul_mul_2371_47_cdnfadd | CI v -> CO v | ADDFX1   | 0.034 |   0.634 |    2.869 | 
     | 8                                                  |              |          |       |         |          | 
     | picorv32_core_genblk1.pcpi_mul_mul_2371_47_cdnfadd | CI v -> CO v | ADDFX1   | 0.033 |   0.667 |    2.902 | 
     | 9                                                  |              |          |       |         |          | 
     | picorv32_core_genblk1.pcpi_mul_mul_2371_47_cdnfadd | CI v -> CO v | ADDFX1   | 0.034 |   0.700 |    2.936 | 
     | 10                                                 |              |          |       |         |          | 
     | picorv32_core_genblk1.pcpi_mul_mul_2371_47_cdnfadd | CI v -> CO v | ADDFX1   | 0.033 |   0.734 |    2.969 | 
     | 11                                                 |              |          |       |         |          | 
     | picorv32_core_genblk1.pcpi_mul_mul_2371_47_cdnfadd | CI v -> CO v | ADDFX1   | 0.034 |   0.768 |    3.003 | 
     | 12                                                 |              |          |       |         |          | 
     | picorv32_core_genblk1.pcpi_mul_mul_2371_47_cdnfadd | CI v -> CO v | ADDFX1   | 0.034 |   0.801 |    3.037 | 
     | 13                                                 |              |          |       |         |          | 
     | picorv32_core_genblk1.pcpi_mul_mul_2371_47_cdnfadd | CI v -> CO v | ADDFX1   | 0.033 |   0.835 |    3.070 | 
     | 14                                                 |              |          |       |         |          | 
     | picorv32_core_genblk1.pcpi_mul_mul_2371_47_cdnfadd | CI v -> CO v | ADDFX1   | 0.033 |   0.868 |    3.103 | 
     | 15                                                 |              |          |       |         |          | 
     | picorv32_core_genblk1.pcpi_mul_mul_2371_47_cdnfadd | CI v -> CO v | ADDFX1   | 0.033 |   0.901 |    3.137 | 
     | 16                                                 |              |          |       |         |          | 
     | picorv32_core_genblk1.pcpi_mul_mul_2371_47_cdnfadd | CI v -> CO v | ADDFX1   | 0.034 |   0.934 |    3.170 | 
     | 17                                                 |              |          |       |         |          | 
     | picorv32_core_genblk1.pcpi_mul_mul_2371_47_cdnfadd | CI v -> CO v | ADDFX1   | 0.033 |   0.968 |    3.203 | 
     | 18                                                 |              |          |       |         |          | 
     | picorv32_core_genblk1.pcpi_mul_mul_2371_47_cdnfadd | CI v -> CO v | ADDFX1   | 0.034 |   1.001 |    3.237 | 
     | 19                                                 |              |          |       |         |          | 
     | picorv32_core_genblk1.pcpi_mul_mul_2371_47_cdnfadd | CI v -> CO v | ADDFX1   | 0.034 |   1.036 |    3.271 | 
     | 20                                                 |              |          |       |         |          | 
     | picorv32_core_genblk1.pcpi_mul_mul_2371_47_cdnfadd | CI v -> CO v | ADDFX1   | 0.033 |   1.069 |    3.305 | 
     | 21                                                 |              |          |       |         |          | 
     | picorv32_core_genblk1.pcpi_mul_mul_2371_47_cdnfadd | CI v -> CO v | ADDFX1   | 0.033 |   1.102 |    3.338 | 
     | 22                                                 |              |          |       |         |          | 
     | picorv32_core_genblk1.pcpi_mul_mul_2371_47_cdnfadd | CI v -> CO v | ADDFX1   | 0.033 |   1.136 |    3.371 | 
     | 23                                                 |              |          |       |         |          | 
     | picorv32_core_genblk1.pcpi_mul_mul_2371_47_cdnfadd | CI v -> CO v | ADDFX1   | 0.035 |   1.171 |    3.407 | 
     | 24                                                 |              |          |       |         |          | 
     | picorv32_core_genblk1.pcpi_mul_mul_2371_47_cdnfadd | CI v -> CO v | ADDFX1   | 0.035 |   1.206 |    3.441 | 
     | 25                                                 |              |          |       |         |          | 
     | picorv32_core_genblk1.pcpi_mul_mul_2371_47_cdnfadd | CI v -> CO v | ADDFX1   | 0.033 |   1.239 |    3.475 | 
     | 26                                                 |              |          |       |         |          | 
     | picorv32_core_genblk1.pcpi_mul_mul_2371_47_cdnfadd | CI v -> CO v | ADDFX1   | 0.034 |   1.273 |    3.509 | 
     | 27                                                 |              |          |       |         |          | 
     | picorv32_core_genblk1.pcpi_mul_mul_2371_47_cdnfadd | CI v -> CO v | ADDFX1   | 0.034 |   1.307 |    3.543 | 
     | 28                                                 |              |          |       |         |          | 
     | picorv32_core_genblk1.pcpi_mul_mul_2371_47_cdnfadd | CI v -> CO v | ADDFX1   | 0.034 |   1.341 |    3.577 | 
     | 29                                                 |              |          |       |         |          | 
     | picorv32_core_genblk1.pcpi_mul_mul_2371_47_cdnfadd | CI v -> CO v | ADDFX1   | 0.035 |   1.375 |    3.611 | 
     | 30                                                 |              |          |       |         |          | 
     | picorv32_core_genblk1.pcpi_mul_mul_2371_47_cdnfadd | CI v -> CO v | ADDFX1   | 0.039 |   1.414 |    3.650 | 
     | 31                                                 |              |          |       |         |          | 
     | picorv32_core_genblk1.pcpi_mul_mul_2371_47_cdnfadd | CI v -> CO v | ADDFX1   | 0.036 |   1.450 |    3.686 | 
     | 32                                                 |              |          |       |         |          | 
     | picorv32_core_genblk1.pcpi_mul_mul_2371_47_cdnfadd | CI v -> CO v | ADDFX1   | 0.034 |   1.484 |    3.720 | 
     | 33                                                 |              |          |       |         |          | 
     | picorv32_core_genblk1.pcpi_mul_mul_2371_47_cdnfadd | CI v -> CO v | ADDFX1   | 0.035 |   1.519 |    3.754 | 
     | 34                                                 |              |          |       |         |          | 
     | picorv32_core_genblk1.pcpi_mul_mul_2371_47_cdnfadd | CI v -> CO v | ADDFX1   | 0.034 |   1.552 |    3.788 | 
     | 35                                                 |              |          |       |         |          | 
     | picorv32_core_genblk1.pcpi_mul_mul_2371_47_cdnfadd | CI v -> CO v | ADDFX1   | 0.033 |   1.586 |    3.821 | 
     | 36                                                 |              |          |       |         |          | 
     | picorv32_core_genblk1.pcpi_mul_mul_2371_47_cdnfadd | CI v -> CO v | ADDFX1   | 0.033 |   1.619 |    3.854 | 
     | 37                                                 |              |          |       |         |          | 
     | picorv32_core_genblk1.pcpi_mul_mul_2371_47_cdnfadd | CI v -> CO v | ADDFX1   | 0.034 |   1.652 |    3.888 | 
     | 38                                                 |              |          |       |         |          | 
     | picorv32_core_genblk1.pcpi_mul_mul_2371_47_cdnfadd | CI v -> CO v | ADDFX1   | 0.033 |   1.686 |    3.921 | 
     | 39                                                 |              |          |       |         |          | 
     | picorv32_core_genblk1.pcpi_mul_mul_2371_47_cdnfadd | CI v -> S ^  | ADDFX1   | 0.047 |   1.733 |    3.969 | 
     | 40                                                 |              |          |       |         |          | 
     | picorv32_core_genblk1.pcpi_mul_rd_reg[40]          | D ^          | DFFQXL   | 0.000 |   1.733 |    3.969 | 
     +-----------------------------------------------------------------------------------------------------------+ 
Path 29: MET Setup Check with Pin picorv32_core_reg_next_pc_reg[27]/CK 
Endpoint:   picorv32_core_reg_next_pc_reg[27]/D (v) checked with  leading edge 
of 'clk'
Beginpoint: picorv32_core_irq_mask_reg[12]/Q    (^) triggered by  leading edge 
of 'clk'
Path Groups: {reg2reg}
Analysis View: analysis1
Other End Arrival Time          0.004
- Setup                         0.005
+ Phase Shift                   4.000
- Uncertainty                   0.020
= Required Time                 3.978
- Arrival Time                  1.715
= Slack Time                    2.263
     Clock Rise Edge                 0.000
     + Clock Network Latency (Prop)  0.000
     = Beginpoint Arrival Time       0.000
     +------------------------------------------------------------------------------------------------------+ 
     |                   Instance                   |     Arc      |   Cell    | Delay | Arrival | Required | 
     |                                              |              |           |       |  Time   |   Time   | 
     |----------------------------------------------+--------------+-----------+-------+---------+----------| 
     | picorv32_core_irq_mask_reg[12]               | CK ^         |           |       |   0.000 |    2.264 | 
     | picorv32_core_irq_mask_reg[12]               | CK ^ -> Q ^  | DFFHQX1   | 0.044 |   0.044 |    2.308 | 
     | picorv32_core_g88708__2883                   | AN ^ -> Y ^  | NAND2BX1  | 0.038 |   0.082 |    2.346 | 
     | picorv32_core_g88395__5115                   | B ^ -> Y ^   | AND4XL    | 0.044 |   0.126 |    2.389 | 
     | picorv32_core_g88377__2398                   | D ^ -> Y ^   | AND4XL    | 0.034 |   0.160 |    2.423 | 
     | picorv32_core_g88366__6161                   | D ^ -> Y ^   | AND4XL    | 0.040 |   0.199 |    2.463 | 
     | picorv32_core_g88356__5122                   | D ^ -> Y ^   | AND4XL    | 0.055 |   0.254 |    2.518 | 
     | picorv32_core_g88349__6783                   | D ^ -> Y ^   | AND4XL    | 0.050 |   0.304 |    2.568 | 
     | picorv32_core_g88343__6260                   | D ^ -> Y ^   | AND4XL    | 0.059 |   0.364 |    2.627 | 
     | picorv32_core_g88337__1666                   | D ^ -> Y ^   | AND4XL    | 0.042 |   0.405 |    2.669 | 
     | picorv32_core_g88335__2883                   | D ^ -> Y ^   | AND4XL    | 0.042 |   0.447 |    2.711 | 
     | picorv32_core_g88333__9315                   | D ^ -> Y ^   | AND4X1    | 0.039 |   0.486 |    2.750 | 
     | picorv32_core_g88331__4733                   | D ^ -> Y v   | NAND4XL   | 0.025 |   0.511 |    2.774 | 
     | picorv32_core_g88330__7482                   | B v -> Y ^   | NOR2BX1   | 0.079 |   0.590 |    2.853 | 
     | picorv32_core_g88328__1881                   | D ^ -> Y ^   | OR4X1     | 0.030 |   0.620 |    2.883 | 
     | picorv32_core_g88326__6131                   | B ^ -> Y v   | NAND2BX1  | 0.033 |   0.653 |    2.916 | 
     | picorv32_core_g88325__7098                   | AN v -> Y v  | NAND2BX1  | 0.026 |   0.679 |    2.942 | 
     | picorv32_core_g88323__5122                   | AN v -> Y v  | NAND2BX1  | 0.018 |   0.697 |    2.960 | 
     | picorv32_core_g88322__1705                   | B v -> Y v   | OR2X1     | 0.074 |   0.771 |    3.034 | 
     | picorv32_core_g88320__1617                   | B v -> Y ^   | NOR2BX1   | 0.054 |   0.825 |    3.088 | 
     | picorv32_core_add_1569_33_Y_add_1552_33_g763 | B ^ -> CO ^  | ADDHX1    | 0.028 |   0.853 |    3.116 | 
     | picorv32_core_add_1569_33_Y_add_1552_33_g762 | CI ^ -> CO ^ | ADDFX1    | 0.030 |   0.884 |    3.147 | 
     | picorv32_core_add_1569_33_Y_add_1552_33_g761 | CI ^ -> CO ^ | ADDFX1    | 0.030 |   0.914 |    3.177 | 
     | picorv32_core_add_1569_33_Y_add_1552_33_g760 | CI ^ -> CO ^ | ADDFX1    | 0.031 |   0.945 |    3.208 | 
     | picorv32_core_add_1569_33_Y_add_1552_33_g759 | CI ^ -> CO ^ | ADDFX1    | 0.031 |   0.976 |    3.239 | 
     | picorv32_core_add_1569_33_Y_add_1552_33_g758 | CI ^ -> CO ^ | ADDFX1    | 0.031 |   1.007 |    3.271 | 
     | picorv32_core_add_1569_33_Y_add_1552_33_g757 | CI ^ -> CO ^ | ADDFX1    | 0.031 |   1.038 |    3.302 | 
     | picorv32_core_add_1569_33_Y_add_1552_33_g756 | CI ^ -> CO ^ | ADDFX1    | 0.032 |   1.071 |    3.334 | 
     | picorv32_core_add_1569_33_Y_add_1552_33_g755 | CI ^ -> CO ^ | ADDFX1    | 0.030 |   1.101 |    3.364 | 
     | picorv32_core_add_1569_33_Y_add_1552_33_g754 | CI ^ -> CO ^ | ADDFX1    | 0.031 |   1.132 |    3.395 | 
     | picorv32_core_add_1569_33_Y_add_1552_33_g753 | CI ^ -> CO ^ | ADDFX1    | 0.030 |   1.162 |    3.426 | 
     | picorv32_core_add_1569_33_Y_add_1552_33_g752 | CI ^ -> CO ^ | ADDFX1    | 0.032 |   1.195 |    3.458 | 
     | picorv32_core_add_1569_33_Y_add_1552_33_g751 | CI ^ -> CO ^ | ADDFX1    | 0.031 |   1.226 |    3.489 | 
     | picorv32_core_add_1569_33_Y_add_1552_33_g750 | CI ^ -> CO ^ | ADDFX1    | 0.032 |   1.258 |    3.521 | 
     | picorv32_core_add_1569_33_Y_add_1552_33_g749 | CI ^ -> CO ^ | ADDFX1    | 0.031 |   1.289 |    3.552 | 
     | picorv32_core_add_1569_33_Y_add_1552_33_g748 | CI ^ -> CO ^ | ADDFX1    | 0.030 |   1.319 |    3.582 | 
     | picorv32_core_add_1569_33_Y_add_1552_33_g747 | CI ^ -> CO ^ | ADDFX1    | 0.031 |   1.350 |    3.613 | 
     | picorv32_core_add_1569_33_Y_add_1552_33_g746 | CI ^ -> CO ^ | ADDFX1    | 0.031 |   1.381 |    3.644 | 
     | picorv32_core_add_1569_33_Y_add_1552_33_g745 | CI ^ -> CO ^ | ADDFX1    | 0.033 |   1.414 |    3.677 | 
     | picorv32_core_add_1569_33_Y_add_1552_33_g744 | CI ^ -> CO ^ | ADDFX1    | 0.031 |   1.445 |    3.708 | 
     | picorv32_core_add_1569_33_Y_add_1552_33_g743 | CI ^ -> CO ^ | ADDFX1    | 0.031 |   1.475 |    3.739 | 
     | picorv32_core_add_1569_33_Y_add_1552_33_g742 | CI ^ -> CO ^ | ADDFX1    | 0.032 |   1.507 |    3.771 | 
     | picorv32_core_add_1569_33_Y_add_1552_33_g741 | CI ^ -> CO ^ | ADDFX1    | 0.031 |   1.539 |    3.802 | 
     | picorv32_core_add_1569_33_Y_add_1552_33_g740 | CI ^ -> CO ^ | ADDFX1    | 0.033 |   1.572 |    3.835 | 
     | picorv32_core_add_1569_33_Y_add_1552_33_g739 | CI ^ -> CO ^ | ADDFX1    | 0.031 |   1.604 |    3.867 | 
     | picorv32_core_add_1569_33_Y_add_1552_33_g738 | CI ^ -> CO ^ | ADDFX1    | 0.031 |   1.634 |    3.898 | 
     | picorv32_core_add_1569_33_Y_add_1552_33_g737 | CI ^ -> S v  | ADDFX1    | 0.047 |   1.681 |    3.944 | 
     | picorv32_core_g190250__1666                  | B1 v -> Y ^  | AOI22X1   | 0.015 |   1.696 |    3.959 | 
     | picorv32_core_g190220__2883                  | B0 ^ -> Y v  | OAI2BB1X1 | 0.019 |   1.715 |    3.978 | 
     | picorv32_core_reg_next_pc_reg[27]            | D v          | DFFHQX1   | 0.000 |   1.715 |    3.978 | 
     +------------------------------------------------------------------------------------------------------+ 
Path 30: MET Setup Check with Pin picorv32_core_genblk1.pcpi_mul_rd_reg[39]/CK 
Endpoint:   picorv32_core_genblk1.pcpi_mul_rd_reg[39]/D (^) checked with  
leading edge of 'clk'
Beginpoint: picorv32_core_genblk1.pcpi_mul_rs2_reg[5]/Q (^) triggered by  
leading edge of 'clk'
Path Groups: {reg2reg}
Analysis View: analysis1
Other End Arrival Time          0.002
- Setup                         0.013
+ Phase Shift                   4.000
- Uncertainty                   0.020
= Required Time                 3.969
- Arrival Time                  1.701
= Slack Time                    2.267
     Clock Rise Edge                 0.000
     + Clock Network Latency (Prop)  0.003
     = Beginpoint Arrival Time       0.003
     +-----------------------------------------------------------------------------------------------------------+ 
     |                      Instance                      |     Arc      |   Cell   | Delay | Arrival | Required | 
     |                                                    |              |          |       |  Time   |   Time   | 
     |----------------------------------------------------+--------------+----------+-------+---------+----------| 
     | picorv32_core_genblk1.pcpi_mul_rs2_reg[5]          | CK ^         |          |       |   0.003 |    2.270 | 
     | picorv32_core_genblk1.pcpi_mul_rs2_reg[5]          | CK ^ -> Q ^  | MDFFHQX1 | 0.126 |   0.129 |    2.396 | 
     | picorv32_core_genblk1.pcpi_mul_mul_2371_47_g14046  | A ^ -> Y v   | INVX1    | 0.049 |   0.178 |    2.445 | 
     | picorv32_core_genblk1.pcpi_mul_mul_2371_47_g13987  | B v -> Y ^   | XNOR2X1  | 0.031 |   0.209 |    2.476 | 
     | picorv32_core_genblk1.pcpi_mul_mul_2371_47_g13897  | A ^ -> Y ^   | OR2X1    | 0.086 |   0.295 |    2.562 | 
     | picorv32_core_genblk1.pcpi_mul_mul_2371_47_g13890  | A ^ -> Y v   | INVX1    | 0.052 |   0.346 |    2.614 | 
     | picorv32_core_genblk1.pcpi_mul_mul_2371_47_g13740  | A1 v -> Y ^  | OAI21X1  | 0.027 |   0.374 |    2.641 | 
     | picorv32_core_genblk1.pcpi_mul_mul_2371_47_g13494  | B ^ -> Y ^   | XNOR2X1  | 0.025 |   0.398 |    2.666 | 
     | picorv32_core_genblk1.pcpi_mul_mul_2371_47_g13440  | B ^ -> S v   | ADDHX1   | 0.031 |   0.429 |    2.697 | 
     | picorv32_core_genblk1.pcpi_mul_mul_2371_47_cdnfadd | A v -> CO v  | ADDFX1   | 0.035 |   0.465 |    2.732 | 
     | 3                                                  |              |          |       |         |          | 
     | picorv32_core_genblk1.pcpi_mul_mul_2371_47_cdnfadd | CI v -> CO v | ADDFX1   | 0.034 |   0.499 |    2.766 | 
     | 4                                                  |              |          |       |         |          | 
     | picorv32_core_genblk1.pcpi_mul_mul_2371_47_cdnfadd | CI v -> CO v | ADDFX1   | 0.034 |   0.533 |    2.800 | 
     | 5                                                  |              |          |       |         |          | 
     | picorv32_core_genblk1.pcpi_mul_mul_2371_47_cdnfadd | CI v -> CO v | ADDFX1   | 0.033 |   0.566 |    2.833 | 
     | 6                                                  |              |          |       |         |          | 
     | picorv32_core_genblk1.pcpi_mul_mul_2371_47_cdnfadd | CI v -> CO v | ADDFX1   | 0.034 |   0.600 |    2.867 | 
     | 7                                                  |              |          |       |         |          | 
     | picorv32_core_genblk1.pcpi_mul_mul_2371_47_cdnfadd | CI v -> CO v | ADDFX1   | 0.034 |   0.634 |    2.901 | 
     | 8                                                  |              |          |       |         |          | 
     | picorv32_core_genblk1.pcpi_mul_mul_2371_47_cdnfadd | CI v -> CO v | ADDFX1   | 0.033 |   0.667 |    2.934 | 
     | 9                                                  |              |          |       |         |          | 
     | picorv32_core_genblk1.pcpi_mul_mul_2371_47_cdnfadd | CI v -> CO v | ADDFX1   | 0.034 |   0.700 |    2.968 | 
     | 10                                                 |              |          |       |         |          | 
     | picorv32_core_genblk1.pcpi_mul_mul_2371_47_cdnfadd | CI v -> CO v | ADDFX1   | 0.033 |   0.734 |    3.001 | 
     | 11                                                 |              |          |       |         |          | 
     | picorv32_core_genblk1.pcpi_mul_mul_2371_47_cdnfadd | CI v -> CO v | ADDFX1   | 0.034 |   0.768 |    3.035 | 
     | 12                                                 |              |          |       |         |          | 
     | picorv32_core_genblk1.pcpi_mul_mul_2371_47_cdnfadd | CI v -> CO v | ADDFX1   | 0.034 |   0.801 |    3.069 | 
     | 13                                                 |              |          |       |         |          | 
     | picorv32_core_genblk1.pcpi_mul_mul_2371_47_cdnfadd | CI v -> CO v | ADDFX1   | 0.033 |   0.835 |    3.102 | 
     | 14                                                 |              |          |       |         |          | 
     | picorv32_core_genblk1.pcpi_mul_mul_2371_47_cdnfadd | CI v -> CO v | ADDFX1   | 0.033 |   0.868 |    3.135 | 
     | 15                                                 |              |          |       |         |          | 
     | picorv32_core_genblk1.pcpi_mul_mul_2371_47_cdnfadd | CI v -> CO v | ADDFX1   | 0.033 |   0.901 |    3.168 | 
     | 16                                                 |              |          |       |         |          | 
     | picorv32_core_genblk1.pcpi_mul_mul_2371_47_cdnfadd | CI v -> CO v | ADDFX1   | 0.034 |   0.934 |    3.202 | 
     | 17                                                 |              |          |       |         |          | 
     | picorv32_core_genblk1.pcpi_mul_mul_2371_47_cdnfadd | CI v -> CO v | ADDFX1   | 0.033 |   0.968 |    3.235 | 
     | 18                                                 |              |          |       |         |          | 
     | picorv32_core_genblk1.pcpi_mul_mul_2371_47_cdnfadd | CI v -> CO v | ADDFX1   | 0.034 |   1.001 |    3.269 | 
     | 19                                                 |              |          |       |         |          | 
     | picorv32_core_genblk1.pcpi_mul_mul_2371_47_cdnfadd | CI v -> CO v | ADDFX1   | 0.034 |   1.036 |    3.303 | 
     | 20                                                 |              |          |       |         |          | 
     | picorv32_core_genblk1.pcpi_mul_mul_2371_47_cdnfadd | CI v -> CO v | ADDFX1   | 0.033 |   1.069 |    3.336 | 
     | 21                                                 |              |          |       |         |          | 
     | picorv32_core_genblk1.pcpi_mul_mul_2371_47_cdnfadd | CI v -> CO v | ADDFX1   | 0.033 |   1.102 |    3.370 | 
     | 22                                                 |              |          |       |         |          | 
     | picorv32_core_genblk1.pcpi_mul_mul_2371_47_cdnfadd | CI v -> CO v | ADDFX1   | 0.033 |   1.136 |    3.403 | 
     | 23                                                 |              |          |       |         |          | 
     | picorv32_core_genblk1.pcpi_mul_mul_2371_47_cdnfadd | CI v -> CO v | ADDFX1   | 0.035 |   1.171 |    3.438 | 
     | 24                                                 |              |          |       |         |          | 
     | picorv32_core_genblk1.pcpi_mul_mul_2371_47_cdnfadd | CI v -> CO v | ADDFX1   | 0.035 |   1.206 |    3.473 | 
     | 25                                                 |              |          |       |         |          | 
     | picorv32_core_genblk1.pcpi_mul_mul_2371_47_cdnfadd | CI v -> CO v | ADDFX1   | 0.033 |   1.239 |    3.506 | 
     | 26                                                 |              |          |       |         |          | 
     | picorv32_core_genblk1.pcpi_mul_mul_2371_47_cdnfadd | CI v -> CO v | ADDFX1   | 0.034 |   1.273 |    3.541 | 
     | 27                                                 |              |          |       |         |          | 
     | picorv32_core_genblk1.pcpi_mul_mul_2371_47_cdnfadd | CI v -> CO v | ADDFX1   | 0.034 |   1.307 |    3.574 | 
     | 28                                                 |              |          |       |         |          | 
     | picorv32_core_genblk1.pcpi_mul_mul_2371_47_cdnfadd | CI v -> CO v | ADDFX1   | 0.034 |   1.341 |    3.608 | 
     | 29                                                 |              |          |       |         |          | 
     | picorv32_core_genblk1.pcpi_mul_mul_2371_47_cdnfadd | CI v -> CO v | ADDFX1   | 0.035 |   1.375 |    3.643 | 
     | 30                                                 |              |          |       |         |          | 
     | picorv32_core_genblk1.pcpi_mul_mul_2371_47_cdnfadd | CI v -> CO v | ADDFX1   | 0.039 |   1.414 |    3.681 | 
     | 31                                                 |              |          |       |         |          | 
     | picorv32_core_genblk1.pcpi_mul_mul_2371_47_cdnfadd | CI v -> CO v | ADDFX1   | 0.036 |   1.450 |    3.717 | 
     | 32                                                 |              |          |       |         |          | 
     | picorv32_core_genblk1.pcpi_mul_mul_2371_47_cdnfadd | CI v -> CO v | ADDFX1   | 0.034 |   1.484 |    3.751 | 
     | 33                                                 |              |          |       |         |          | 
     | picorv32_core_genblk1.pcpi_mul_mul_2371_47_cdnfadd | CI v -> CO v | ADDFX1   | 0.035 |   1.519 |    3.786 | 
     | 34                                                 |              |          |       |         |          | 
     | picorv32_core_genblk1.pcpi_mul_mul_2371_47_cdnfadd | CI v -> CO v | ADDFX1   | 0.034 |   1.552 |    3.820 | 
     | 35                                                 |              |          |       |         |          | 
     | picorv32_core_genblk1.pcpi_mul_mul_2371_47_cdnfadd | CI v -> CO v | ADDFX1   | 0.033 |   1.586 |    3.853 | 
     | 36                                                 |              |          |       |         |          | 
     | picorv32_core_genblk1.pcpi_mul_mul_2371_47_cdnfadd | CI v -> CO v | ADDFX1   | 0.033 |   1.619 |    3.886 | 
     | 37                                                 |              |          |       |         |          | 
     | picorv32_core_genblk1.pcpi_mul_mul_2371_47_cdnfadd | CI v -> CO v | ADDFX1   | 0.034 |   1.652 |    3.920 | 
     | 38                                                 |              |          |       |         |          | 
     | picorv32_core_genblk1.pcpi_mul_mul_2371_47_cdnfadd | CI v -> S ^  | ADDFX1   | 0.049 |   1.701 |    3.969 | 
     | 39                                                 |              |          |       |         |          | 
     | picorv32_core_genblk1.pcpi_mul_rd_reg[39]          | D ^          | DFFQXL   | 0.000 |   1.701 |    3.969 | 
     +-----------------------------------------------------------------------------------------------------------+ 
Path 31: MET Setup Check with Pin picorv32_core_reg_next_pc_reg[26]/CK 
Endpoint:   picorv32_core_reg_next_pc_reg[26]/D (v) checked with  leading edge 
of 'clk'
Beginpoint: picorv32_core_irq_mask_reg[12]/Q    (^) triggered by  leading edge 
of 'clk'
Path Groups: {reg2reg}
Analysis View: analysis1
Other End Arrival Time          0.004
- Setup                         0.005
+ Phase Shift                   4.000
- Uncertainty                   0.020
= Required Time                 3.978
- Arrival Time                  1.685
= Slack Time                    2.293
     Clock Rise Edge                 0.000
     + Clock Network Latency (Prop)  0.000
     = Beginpoint Arrival Time       0.000
     +------------------------------------------------------------------------------------------------------+ 
     |                   Instance                   |     Arc      |   Cell    | Delay | Arrival | Required | 
     |                                              |              |           |       |  Time   |   Time   | 
     |----------------------------------------------+--------------+-----------+-------+---------+----------| 
     | picorv32_core_irq_mask_reg[12]               | CK ^         |           |       |   0.000 |    2.293 | 
     | picorv32_core_irq_mask_reg[12]               | CK ^ -> Q ^  | DFFHQX1   | 0.044 |   0.044 |    2.337 | 
     | picorv32_core_g88708__2883                   | AN ^ -> Y ^  | NAND2BX1  | 0.038 |   0.082 |    2.376 | 
     | picorv32_core_g88395__5115                   | B ^ -> Y ^   | AND4XL    | 0.044 |   0.126 |    2.419 | 
     | picorv32_core_g88377__2398                   | D ^ -> Y ^   | AND4XL    | 0.034 |   0.160 |    2.453 | 
     | picorv32_core_g88366__6161                   | D ^ -> Y ^   | AND4XL    | 0.040 |   0.199 |    2.493 | 
     | picorv32_core_g88356__5122                   | D ^ -> Y ^   | AND4XL    | 0.055 |   0.254 |    2.548 | 
     | picorv32_core_g88349__6783                   | D ^ -> Y ^   | AND4XL    | 0.050 |   0.304 |    2.597 | 
     | picorv32_core_g88343__6260                   | D ^ -> Y ^   | AND4XL    | 0.059 |   0.364 |    2.657 | 
     | picorv32_core_g88337__1666                   | D ^ -> Y ^   | AND4XL    | 0.042 |   0.405 |    2.699 | 
     | picorv32_core_g88335__2883                   | D ^ -> Y ^   | AND4XL    | 0.042 |   0.447 |    2.741 | 
     | picorv32_core_g88333__9315                   | D ^ -> Y ^   | AND4X1    | 0.039 |   0.486 |    2.779 | 
     | picorv32_core_g88331__4733                   | D ^ -> Y v   | NAND4XL   | 0.025 |   0.511 |    2.804 | 
     | picorv32_core_g88330__7482                   | B v -> Y ^   | NOR2BX1   | 0.079 |   0.590 |    2.883 | 
     | picorv32_core_g88328__1881                   | D ^ -> Y ^   | OR4X1     | 0.030 |   0.620 |    2.913 | 
     | picorv32_core_g88326__6131                   | B ^ -> Y v   | NAND2BX1  | 0.033 |   0.653 |    2.946 | 
     | picorv32_core_g88325__7098                   | AN v -> Y v  | NAND2BX1  | 0.026 |   0.679 |    2.972 | 
     | picorv32_core_g88323__5122                   | AN v -> Y v  | NAND2BX1  | 0.018 |   0.697 |    2.990 | 
     | picorv32_core_g88322__1705                   | B v -> Y v   | OR2X1     | 0.074 |   0.771 |    3.064 | 
     | picorv32_core_g88320__1617                   | B v -> Y ^   | NOR2BX1   | 0.054 |   0.825 |    3.118 | 
     | picorv32_core_add_1569_33_Y_add_1552_33_g763 | B ^ -> CO ^  | ADDHX1    | 0.028 |   0.853 |    3.146 | 
     | picorv32_core_add_1569_33_Y_add_1552_33_g762 | CI ^ -> CO ^ | ADDFX1    | 0.030 |   0.884 |    3.177 | 
     | picorv32_core_add_1569_33_Y_add_1552_33_g761 | CI ^ -> CO ^ | ADDFX1    | 0.030 |   0.914 |    3.207 | 
     | picorv32_core_add_1569_33_Y_add_1552_33_g760 | CI ^ -> CO ^ | ADDFX1    | 0.031 |   0.945 |    3.238 | 
     | picorv32_core_add_1569_33_Y_add_1552_33_g759 | CI ^ -> CO ^ | ADDFX1    | 0.031 |   0.976 |    3.269 | 
     | picorv32_core_add_1569_33_Y_add_1552_33_g758 | CI ^ -> CO ^ | ADDFX1    | 0.031 |   1.007 |    3.300 | 
     | picorv32_core_add_1569_33_Y_add_1552_33_g757 | CI ^ -> CO ^ | ADDFX1    | 0.031 |   1.038 |    3.331 | 
     | picorv32_core_add_1569_33_Y_add_1552_33_g756 | CI ^ -> CO ^ | ADDFX1    | 0.032 |   1.071 |    3.364 | 
     | picorv32_core_add_1569_33_Y_add_1552_33_g755 | CI ^ -> CO ^ | ADDFX1    | 0.030 |   1.101 |    3.394 | 
     | picorv32_core_add_1569_33_Y_add_1552_33_g754 | CI ^ -> CO ^ | ADDFX1    | 0.031 |   1.132 |    3.425 | 
     | picorv32_core_add_1569_33_Y_add_1552_33_g753 | CI ^ -> CO ^ | ADDFX1    | 0.030 |   1.162 |    3.455 | 
     | picorv32_core_add_1569_33_Y_add_1552_33_g752 | CI ^ -> CO ^ | ADDFX1    | 0.032 |   1.195 |    3.488 | 
     | picorv32_core_add_1569_33_Y_add_1552_33_g751 | CI ^ -> CO ^ | ADDFX1    | 0.031 |   1.226 |    3.519 | 
     | picorv32_core_add_1569_33_Y_add_1552_33_g750 | CI ^ -> CO ^ | ADDFX1    | 0.032 |   1.258 |    3.551 | 
     | picorv32_core_add_1569_33_Y_add_1552_33_g749 | CI ^ -> CO ^ | ADDFX1    | 0.031 |   1.289 |    3.582 | 
     | picorv32_core_add_1569_33_Y_add_1552_33_g748 | CI ^ -> CO ^ | ADDFX1    | 0.030 |   1.319 |    3.612 | 
     | picorv32_core_add_1569_33_Y_add_1552_33_g747 | CI ^ -> CO ^ | ADDFX1    | 0.031 |   1.350 |    3.643 | 
     | picorv32_core_add_1569_33_Y_add_1552_33_g746 | CI ^ -> CO ^ | ADDFX1    | 0.031 |   1.381 |    3.674 | 
     | picorv32_core_add_1569_33_Y_add_1552_33_g745 | CI ^ -> CO ^ | ADDFX1    | 0.033 |   1.414 |    3.707 | 
     | picorv32_core_add_1569_33_Y_add_1552_33_g744 | CI ^ -> CO ^ | ADDFX1    | 0.031 |   1.445 |    3.738 | 
     | picorv32_core_add_1569_33_Y_add_1552_33_g743 | CI ^ -> CO ^ | ADDFX1    | 0.031 |   1.475 |    3.769 | 
     | picorv32_core_add_1569_33_Y_add_1552_33_g742 | CI ^ -> CO ^ | ADDFX1    | 0.032 |   1.507 |    3.801 | 
     | picorv32_core_add_1569_33_Y_add_1552_33_g741 | CI ^ -> CO ^ | ADDFX1    | 0.031 |   1.539 |    3.832 | 
     | picorv32_core_add_1569_33_Y_add_1552_33_g740 | CI ^ -> CO ^ | ADDFX1    | 0.033 |   1.572 |    3.865 | 
     | picorv32_core_add_1569_33_Y_add_1552_33_g739 | CI ^ -> CO ^ | ADDFX1    | 0.031 |   1.604 |    3.897 | 
     | picorv32_core_add_1569_33_Y_add_1552_33_g738 | CI ^ -> S v  | ADDFX1    | 0.046 |   1.650 |    3.943 | 
     | picorv32_core_g190249__2346                  | B1 v -> Y ^  | AOI22X1   | 0.015 |   1.665 |    3.958 | 
     | picorv32_core_g190218__9315                  | B0 ^ -> Y v  | OAI2BB1X1 | 0.020 |   1.685 |    3.978 | 
     | picorv32_core_reg_next_pc_reg[26]            | D v          | DFFHQX1   | 0.000 |   1.685 |    3.978 | 
     +------------------------------------------------------------------------------------------------------+ 
Path 32: MET Setup Check with Pin picorv32_core_genblk1.pcpi_mul_rd_reg[38]/CK 
Endpoint:   picorv32_core_genblk1.pcpi_mul_rd_reg[38]/D (^) checked with  
leading edge of 'clk'
Beginpoint: picorv32_core_genblk1.pcpi_mul_rs2_reg[5]/Q (^) triggered by  
leading edge of 'clk'
Path Groups: {reg2reg}
Analysis View: analysis1
Other End Arrival Time          0.002
- Setup                         0.013
+ Phase Shift                   4.000
- Uncertainty                   0.020
= Required Time                 3.969
- Arrival Time                  1.666
= Slack Time                    2.303
     Clock Rise Edge                 0.000
     + Clock Network Latency (Prop)  0.003
     = Beginpoint Arrival Time       0.003
     +-----------------------------------------------------------------------------------------------------------+ 
     |                      Instance                      |     Arc      |   Cell   | Delay | Arrival | Required | 
     |                                                    |              |          |       |  Time   |   Time   | 
     |----------------------------------------------------+--------------+----------+-------+---------+----------| 
     | picorv32_core_genblk1.pcpi_mul_rs2_reg[5]          | CK ^         |          |       |   0.003 |    2.306 | 
     | picorv32_core_genblk1.pcpi_mul_rs2_reg[5]          | CK ^ -> Q ^  | MDFFHQX1 | 0.126 |   0.129 |    2.432 | 
     | picorv32_core_genblk1.pcpi_mul_mul_2371_47_g14046  | A ^ -> Y v   | INVX1    | 0.049 |   0.178 |    2.481 | 
     | picorv32_core_genblk1.pcpi_mul_mul_2371_47_g13987  | B v -> Y ^   | XNOR2X1  | 0.031 |   0.209 |    2.511 | 
     | picorv32_core_genblk1.pcpi_mul_mul_2371_47_g13897  | A ^ -> Y ^   | OR2X1    | 0.086 |   0.295 |    2.597 | 
     | picorv32_core_genblk1.pcpi_mul_mul_2371_47_g13890  | A ^ -> Y v   | INVX1    | 0.052 |   0.346 |    2.649 | 
     | picorv32_core_genblk1.pcpi_mul_mul_2371_47_g13740  | A1 v -> Y ^  | OAI21X1  | 0.027 |   0.374 |    2.677 | 
     | picorv32_core_genblk1.pcpi_mul_mul_2371_47_g13494  | B ^ -> Y ^   | XNOR2X1  | 0.025 |   0.398 |    2.701 | 
     | picorv32_core_genblk1.pcpi_mul_mul_2371_47_g13440  | B ^ -> S v   | ADDHX1   | 0.031 |   0.429 |    2.732 | 
     | picorv32_core_genblk1.pcpi_mul_mul_2371_47_cdnfadd | A v -> CO v  | ADDFX1   | 0.035 |   0.465 |    2.767 | 
     | 3                                                  |              |          |       |         |          | 
     | picorv32_core_genblk1.pcpi_mul_mul_2371_47_cdnfadd | CI v -> CO v | ADDFX1   | 0.034 |   0.499 |    2.801 | 
     | 4                                                  |              |          |       |         |          | 
     | picorv32_core_genblk1.pcpi_mul_mul_2371_47_cdnfadd | CI v -> CO v | ADDFX1   | 0.034 |   0.533 |    2.836 | 
     | 5                                                  |              |          |       |         |          | 
     | picorv32_core_genblk1.pcpi_mul_mul_2371_47_cdnfadd | CI v -> CO v | ADDFX1   | 0.033 |   0.566 |    2.869 | 
     | 6                                                  |              |          |       |         |          | 
     | picorv32_core_genblk1.pcpi_mul_mul_2371_47_cdnfadd | CI v -> CO v | ADDFX1   | 0.034 |   0.600 |    2.903 | 
     | 7                                                  |              |          |       |         |          | 
     | picorv32_core_genblk1.pcpi_mul_mul_2371_47_cdnfadd | CI v -> CO v | ADDFX1   | 0.034 |   0.634 |    2.936 | 
     | 8                                                  |              |          |       |         |          | 
     | picorv32_core_genblk1.pcpi_mul_mul_2371_47_cdnfadd | CI v -> CO v | ADDFX1   | 0.033 |   0.667 |    2.969 | 
     | 9                                                  |              |          |       |         |          | 
     | picorv32_core_genblk1.pcpi_mul_mul_2371_47_cdnfadd | CI v -> CO v | ADDFX1   | 0.034 |   0.700 |    3.003 | 
     | 10                                                 |              |          |       |         |          | 
     | picorv32_core_genblk1.pcpi_mul_mul_2371_47_cdnfadd | CI v -> CO v | ADDFX1   | 0.033 |   0.734 |    3.036 | 
     | 11                                                 |              |          |       |         |          | 
     | picorv32_core_genblk1.pcpi_mul_mul_2371_47_cdnfadd | CI v -> CO v | ADDFX1   | 0.034 |   0.768 |    3.070 | 
     | 12                                                 |              |          |       |         |          | 
     | picorv32_core_genblk1.pcpi_mul_mul_2371_47_cdnfadd | CI v -> CO v | ADDFX1   | 0.034 |   0.801 |    3.104 | 
     | 13                                                 |              |          |       |         |          | 
     | picorv32_core_genblk1.pcpi_mul_mul_2371_47_cdnfadd | CI v -> CO v | ADDFX1   | 0.033 |   0.835 |    3.137 | 
     | 14                                                 |              |          |       |         |          | 
     | picorv32_core_genblk1.pcpi_mul_mul_2371_47_cdnfadd | CI v -> CO v | ADDFX1   | 0.033 |   0.868 |    3.170 | 
     | 15                                                 |              |          |       |         |          | 
     | picorv32_core_genblk1.pcpi_mul_mul_2371_47_cdnfadd | CI v -> CO v | ADDFX1   | 0.033 |   0.901 |    3.204 | 
     | 16                                                 |              |          |       |         |          | 
     | picorv32_core_genblk1.pcpi_mul_mul_2371_47_cdnfadd | CI v -> CO v | ADDFX1   | 0.034 |   0.934 |    3.237 | 
     | 17                                                 |              |          |       |         |          | 
     | picorv32_core_genblk1.pcpi_mul_mul_2371_47_cdnfadd | CI v -> CO v | ADDFX1   | 0.033 |   0.968 |    3.270 | 
     | 18                                                 |              |          |       |         |          | 
     | picorv32_core_genblk1.pcpi_mul_mul_2371_47_cdnfadd | CI v -> CO v | ADDFX1   | 0.034 |   1.001 |    3.304 | 
     | 19                                                 |              |          |       |         |          | 
     | picorv32_core_genblk1.pcpi_mul_mul_2371_47_cdnfadd | CI v -> CO v | ADDFX1   | 0.034 |   1.036 |    3.338 | 
     | 20                                                 |              |          |       |         |          | 
     | picorv32_core_genblk1.pcpi_mul_mul_2371_47_cdnfadd | CI v -> CO v | ADDFX1   | 0.033 |   1.069 |    3.372 | 
     | 21                                                 |              |          |       |         |          | 
     | picorv32_core_genblk1.pcpi_mul_mul_2371_47_cdnfadd | CI v -> CO v | ADDFX1   | 0.033 |   1.102 |    3.405 | 
     | 22                                                 |              |          |       |         |          | 
     | picorv32_core_genblk1.pcpi_mul_mul_2371_47_cdnfadd | CI v -> CO v | ADDFX1   | 0.033 |   1.136 |    3.438 | 
     | 23                                                 |              |          |       |         |          | 
     | picorv32_core_genblk1.pcpi_mul_mul_2371_47_cdnfadd | CI v -> CO v | ADDFX1   | 0.035 |   1.171 |    3.474 | 
     | 24                                                 |              |          |       |         |          | 
     | picorv32_core_genblk1.pcpi_mul_mul_2371_47_cdnfadd | CI v -> CO v | ADDFX1   | 0.035 |   1.206 |    3.508 | 
     | 25                                                 |              |          |       |         |          | 
     | picorv32_core_genblk1.pcpi_mul_mul_2371_47_cdnfadd | CI v -> CO v | ADDFX1   | 0.033 |   1.239 |    3.542 | 
     | 26                                                 |              |          |       |         |          | 
     | picorv32_core_genblk1.pcpi_mul_mul_2371_47_cdnfadd | CI v -> CO v | ADDFX1   | 0.034 |   1.273 |    3.576 | 
     | 27                                                 |              |          |       |         |          | 
     | picorv32_core_genblk1.pcpi_mul_mul_2371_47_cdnfadd | CI v -> CO v | ADDFX1   | 0.034 |   1.307 |    3.610 | 
     | 28                                                 |              |          |       |         |          | 
     | picorv32_core_genblk1.pcpi_mul_mul_2371_47_cdnfadd | CI v -> CO v | ADDFX1   | 0.034 |   1.341 |    3.644 | 
     | 29                                                 |              |          |       |         |          | 
     | picorv32_core_genblk1.pcpi_mul_mul_2371_47_cdnfadd | CI v -> CO v | ADDFX1   | 0.035 |   1.375 |    3.678 | 
     | 30                                                 |              |          |       |         |          | 
     | picorv32_core_genblk1.pcpi_mul_mul_2371_47_cdnfadd | CI v -> CO v | ADDFX1   | 0.039 |   1.414 |    3.717 | 
     | 31                                                 |              |          |       |         |          | 
     | picorv32_core_genblk1.pcpi_mul_mul_2371_47_cdnfadd | CI v -> CO v | ADDFX1   | 0.036 |   1.450 |    3.753 | 
     | 32                                                 |              |          |       |         |          | 
     | picorv32_core_genblk1.pcpi_mul_mul_2371_47_cdnfadd | CI v -> CO v | ADDFX1   | 0.034 |   1.484 |    3.787 | 
     | 33                                                 |              |          |       |         |          | 
     | picorv32_core_genblk1.pcpi_mul_mul_2371_47_cdnfadd | CI v -> CO v | ADDFX1   | 0.035 |   1.519 |    3.821 | 
     | 34                                                 |              |          |       |         |          | 
     | picorv32_core_genblk1.pcpi_mul_mul_2371_47_cdnfadd | CI v -> CO v | ADDFX1   | 0.034 |   1.552 |    3.855 | 
     | 35                                                 |              |          |       |         |          | 
     | picorv32_core_genblk1.pcpi_mul_mul_2371_47_cdnfadd | CI v -> CO v | ADDFX1   | 0.033 |   1.586 |    3.888 | 
     | 36                                                 |              |          |       |         |          | 
     | picorv32_core_genblk1.pcpi_mul_mul_2371_47_cdnfadd | CI v -> CO v | ADDFX1   | 0.033 |   1.619 |    3.921 | 
     | 37                                                 |              |          |       |         |          | 
     | picorv32_core_genblk1.pcpi_mul_mul_2371_47_cdnfadd | CI v -> S ^  | ADDFX1   | 0.047 |   1.666 |    3.969 | 
     | 38                                                 |              |          |       |         |          | 
     | picorv32_core_genblk1.pcpi_mul_rd_reg[38]          | D ^          | DFFQXL   | 0.000 |   1.666 |    3.969 | 
     +-----------------------------------------------------------------------------------------------------------+ 
Path 33: MET Setup Check with Pin picorv32_core_genblk1.pcpi_mul_rd_reg[37]/CK 
Endpoint:   picorv32_core_genblk1.pcpi_mul_rd_reg[37]/D (^) checked with  
leading edge of 'clk'
Beginpoint: picorv32_core_genblk1.pcpi_mul_rs2_reg[5]/Q (^) triggered by  
leading edge of 'clk'
Path Groups: {reg2reg}
Analysis View: analysis1
Other End Arrival Time          0.005
- Setup                         0.015
+ Phase Shift                   4.000
- Uncertainty                   0.020
= Required Time                 3.969
- Arrival Time                  1.649
= Slack Time                    2.320
     Clock Rise Edge                 0.000
     + Clock Network Latency (Prop)  0.003
     = Beginpoint Arrival Time       0.003
     +-----------------------------------------------------------------------------------------------------------+ 
     |                      Instance                      |     Arc      |   Cell   | Delay | Arrival | Required | 
     |                                                    |              |          |       |  Time   |   Time   | 
     |----------------------------------------------------+--------------+----------+-------+---------+----------| 
     | picorv32_core_genblk1.pcpi_mul_rs2_reg[5]          | CK ^         |          |       |   0.003 |    2.323 | 
     | picorv32_core_genblk1.pcpi_mul_rs2_reg[5]          | CK ^ -> Q ^  | MDFFHQX1 | 0.126 |   0.129 |    2.449 | 
     | picorv32_core_genblk1.pcpi_mul_mul_2371_47_g14046  | A ^ -> Y v   | INVX1    | 0.049 |   0.178 |    2.499 | 
     | picorv32_core_genblk1.pcpi_mul_mul_2371_47_g13987  | B v -> Y ^   | XNOR2X1  | 0.031 |   0.209 |    2.529 | 
     | picorv32_core_genblk1.pcpi_mul_mul_2371_47_g13897  | A ^ -> Y ^   | OR2X1    | 0.086 |   0.295 |    2.615 | 
     | picorv32_core_genblk1.pcpi_mul_mul_2371_47_g13890  | A ^ -> Y v   | INVX1    | 0.052 |   0.346 |    2.667 | 
     | picorv32_core_genblk1.pcpi_mul_mul_2371_47_g13740  | A1 v -> Y ^  | OAI21X1  | 0.027 |   0.374 |    2.694 | 
     | picorv32_core_genblk1.pcpi_mul_mul_2371_47_g13494  | B ^ -> Y ^   | XNOR2X1  | 0.025 |   0.398 |    2.719 | 
     | picorv32_core_genblk1.pcpi_mul_mul_2371_47_g13440  | B ^ -> S v   | ADDHX1   | 0.031 |   0.429 |    2.750 | 
     | picorv32_core_genblk1.pcpi_mul_mul_2371_47_cdnfadd | A v -> CO v  | ADDFX1   | 0.035 |   0.465 |    2.785 | 
     | 3                                                  |              |          |       |         |          | 
     | picorv32_core_genblk1.pcpi_mul_mul_2371_47_cdnfadd | CI v -> CO v | ADDFX1   | 0.034 |   0.499 |    2.819 | 
     | 4                                                  |              |          |       |         |          | 
     | picorv32_core_genblk1.pcpi_mul_mul_2371_47_cdnfadd | CI v -> CO v | ADDFX1   | 0.034 |   0.533 |    2.853 | 
     | 5                                                  |              |          |       |         |          | 
     | picorv32_core_genblk1.pcpi_mul_mul_2371_47_cdnfadd | CI v -> CO v | ADDFX1   | 0.033 |   0.566 |    2.887 | 
     | 6                                                  |              |          |       |         |          | 
     | picorv32_core_genblk1.pcpi_mul_mul_2371_47_cdnfadd | CI v -> CO v | ADDFX1   | 0.034 |   0.600 |    2.920 | 
     | 7                                                  |              |          |       |         |          | 
     | picorv32_core_genblk1.pcpi_mul_mul_2371_47_cdnfadd | CI v -> CO v | ADDFX1   | 0.034 |   0.634 |    2.954 | 
     | 8                                                  |              |          |       |         |          | 
     | picorv32_core_genblk1.pcpi_mul_mul_2371_47_cdnfadd | CI v -> CO v | ADDFX1   | 0.033 |   0.667 |    2.987 | 
     | 9                                                  |              |          |       |         |          | 
     | picorv32_core_genblk1.pcpi_mul_mul_2371_47_cdnfadd | CI v -> CO v | ADDFX1   | 0.034 |   0.700 |    3.021 | 
     | 10                                                 |              |          |       |         |          | 
     | picorv32_core_genblk1.pcpi_mul_mul_2371_47_cdnfadd | CI v -> CO v | ADDFX1   | 0.033 |   0.734 |    3.054 | 
     | 11                                                 |              |          |       |         |          | 
     | picorv32_core_genblk1.pcpi_mul_mul_2371_47_cdnfadd | CI v -> CO v | ADDFX1   | 0.034 |   0.768 |    3.088 | 
     | 12                                                 |              |          |       |         |          | 
     | picorv32_core_genblk1.pcpi_mul_mul_2371_47_cdnfadd | CI v -> CO v | ADDFX1   | 0.034 |   0.801 |    3.122 | 
     | 13                                                 |              |          |       |         |          | 
     | picorv32_core_genblk1.pcpi_mul_mul_2371_47_cdnfadd | CI v -> CO v | ADDFX1   | 0.033 |   0.835 |    3.155 | 
     | 14                                                 |              |          |       |         |          | 
     | picorv32_core_genblk1.pcpi_mul_mul_2371_47_cdnfadd | CI v -> CO v | ADDFX1   | 0.033 |   0.868 |    3.188 | 
     | 15                                                 |              |          |       |         |          | 
     | picorv32_core_genblk1.pcpi_mul_mul_2371_47_cdnfadd | CI v -> CO v | ADDFX1   | 0.033 |   0.901 |    3.221 | 
     | 16                                                 |              |          |       |         |          | 
     | picorv32_core_genblk1.pcpi_mul_mul_2371_47_cdnfadd | CI v -> CO v | ADDFX1   | 0.034 |   0.934 |    3.255 | 
     | 17                                                 |              |          |       |         |          | 
     | picorv32_core_genblk1.pcpi_mul_mul_2371_47_cdnfadd | CI v -> CO v | ADDFX1   | 0.033 |   0.968 |    3.288 | 
     | 18                                                 |              |          |       |         |          | 
     | picorv32_core_genblk1.pcpi_mul_mul_2371_47_cdnfadd | CI v -> CO v | ADDFX1   | 0.034 |   1.001 |    3.322 | 
     | 19                                                 |              |          |       |         |          | 
     | picorv32_core_genblk1.pcpi_mul_mul_2371_47_cdnfadd | CI v -> CO v | ADDFX1   | 0.034 |   1.036 |    3.356 | 
     | 20                                                 |              |          |       |         |          | 
     | picorv32_core_genblk1.pcpi_mul_mul_2371_47_cdnfadd | CI v -> CO v | ADDFX1   | 0.033 |   1.069 |    3.389 | 
     | 21                                                 |              |          |       |         |          | 
     | picorv32_core_genblk1.pcpi_mul_mul_2371_47_cdnfadd | CI v -> CO v | ADDFX1   | 0.033 |   1.102 |    3.423 | 
     | 22                                                 |              |          |       |         |          | 
     | picorv32_core_genblk1.pcpi_mul_mul_2371_47_cdnfadd | CI v -> CO v | ADDFX1   | 0.033 |   1.136 |    3.456 | 
     | 23                                                 |              |          |       |         |          | 
     | picorv32_core_genblk1.pcpi_mul_mul_2371_47_cdnfadd | CI v -> CO v | ADDFX1   | 0.035 |   1.171 |    3.491 | 
     | 24                                                 |              |          |       |         |          | 
     | picorv32_core_genblk1.pcpi_mul_mul_2371_47_cdnfadd | CI v -> CO v | ADDFX1   | 0.035 |   1.206 |    3.526 | 
     | 25                                                 |              |          |       |         |          | 
     | picorv32_core_genblk1.pcpi_mul_mul_2371_47_cdnfadd | CI v -> CO v | ADDFX1   | 0.033 |   1.239 |    3.560 | 
     | 26                                                 |              |          |       |         |          | 
     | picorv32_core_genblk1.pcpi_mul_mul_2371_47_cdnfadd | CI v -> CO v | ADDFX1   | 0.034 |   1.273 |    3.594 | 
     | 27                                                 |              |          |       |         |          | 
     | picorv32_core_genblk1.pcpi_mul_mul_2371_47_cdnfadd | CI v -> CO v | ADDFX1   | 0.034 |   1.307 |    3.627 | 
     | 28                                                 |              |          |       |         |          | 
     | picorv32_core_genblk1.pcpi_mul_mul_2371_47_cdnfadd | CI v -> CO v | ADDFX1   | 0.034 |   1.341 |    3.661 | 
     | 29                                                 |              |          |       |         |          | 
     | picorv32_core_genblk1.pcpi_mul_mul_2371_47_cdnfadd | CI v -> CO v | ADDFX1   | 0.035 |   1.375 |    3.696 | 
     | 30                                                 |              |          |       |         |          | 
     | picorv32_core_genblk1.pcpi_mul_mul_2371_47_cdnfadd | CI v -> CO v | ADDFX1   | 0.039 |   1.414 |    3.735 | 
     | 31                                                 |              |          |       |         |          | 
     | picorv32_core_genblk1.pcpi_mul_mul_2371_47_cdnfadd | CI v -> CO v | ADDFX1   | 0.036 |   1.450 |    3.770 | 
     | 32                                                 |              |          |       |         |          | 
     | picorv32_core_genblk1.pcpi_mul_mul_2371_47_cdnfadd | CI v -> CO v | ADDFX1   | 0.034 |   1.484 |    3.804 | 
     | 33                                                 |              |          |       |         |          | 
     | picorv32_core_genblk1.pcpi_mul_mul_2371_47_cdnfadd | CI v -> CO v | ADDFX1   | 0.035 |   1.519 |    3.839 | 
     | 34                                                 |              |          |       |         |          | 
     | picorv32_core_genblk1.pcpi_mul_mul_2371_47_cdnfadd | CI v -> CO v | ADDFX1   | 0.034 |   1.552 |    3.873 | 
     | 35                                                 |              |          |       |         |          | 
     | picorv32_core_genblk1.pcpi_mul_mul_2371_47_cdnfadd | CI v -> CO v | ADDFX1   | 0.033 |   1.586 |    3.906 | 
     | 36                                                 |              |          |       |         |          | 
     | picorv32_core_genblk1.pcpi_mul_mul_2371_47_cdnfadd | CI v -> S ^  | ADDFX1   | 0.063 |   1.648 |    3.969 | 
     | 37                                                 |              |          |       |         |          | 
     | picorv32_core_genblk1.pcpi_mul_rd_reg[37]          | D ^          | DFFQXL   | 0.000 |   1.649 |    3.969 | 
     +-----------------------------------------------------------------------------------------------------------+ 
Path 34: MET Setup Check with Pin picorv32_core_reg_next_pc_reg[25]/CK 
Endpoint:   picorv32_core_reg_next_pc_reg[25]/D (v) checked with  leading edge 
of 'clk'
Beginpoint: picorv32_core_irq_mask_reg[12]/Q    (^) triggered by  leading edge 
of 'clk'
Path Groups: {reg2reg}
Analysis View: analysis1
Other End Arrival Time          0.004
- Setup                         0.005
+ Phase Shift                   4.000
- Uncertainty                   0.020
= Required Time                 3.978
- Arrival Time                  1.656
= Slack Time                    2.323
     Clock Rise Edge                 0.000
     + Clock Network Latency (Prop)  0.000
     = Beginpoint Arrival Time       0.000
     +------------------------------------------------------------------------------------------------------+ 
     |                   Instance                   |     Arc      |   Cell    | Delay | Arrival | Required | 
     |                                              |              |           |       |  Time   |   Time   | 
     |----------------------------------------------+--------------+-----------+-------+---------+----------| 
     | picorv32_core_irq_mask_reg[12]               | CK ^         |           |       |   0.000 |    2.323 | 
     | picorv32_core_irq_mask_reg[12]               | CK ^ -> Q ^  | DFFHQX1   | 0.044 |   0.044 |    2.367 | 
     | picorv32_core_g88708__2883                   | AN ^ -> Y ^  | NAND2BX1  | 0.038 |   0.082 |    2.405 | 
     | picorv32_core_g88395__5115                   | B ^ -> Y ^   | AND4XL    | 0.044 |   0.126 |    2.449 | 
     | picorv32_core_g88377__2398                   | D ^ -> Y ^   | AND4XL    | 0.034 |   0.160 |    2.483 | 
     | picorv32_core_g88366__6161                   | D ^ -> Y ^   | AND4XL    | 0.040 |   0.199 |    2.522 | 
     | picorv32_core_g88356__5122                   | D ^ -> Y ^   | AND4XL    | 0.055 |   0.254 |    2.577 | 
     | picorv32_core_g88349__6783                   | D ^ -> Y ^   | AND4XL    | 0.050 |   0.304 |    2.627 | 
     | picorv32_core_g88343__6260                   | D ^ -> Y ^   | AND4XL    | 0.059 |   0.364 |    2.686 | 
     | picorv32_core_g88337__1666                   | D ^ -> Y ^   | AND4XL    | 0.042 |   0.405 |    2.728 | 
     | picorv32_core_g88335__2883                   | D ^ -> Y ^   | AND4XL    | 0.042 |   0.447 |    2.770 | 
     | picorv32_core_g88333__9315                   | D ^ -> Y ^   | AND4X1    | 0.039 |   0.486 |    2.809 | 
     | picorv32_core_g88331__4733                   | D ^ -> Y v   | NAND4XL   | 0.025 |   0.511 |    2.834 | 
     | picorv32_core_g88330__7482                   | B v -> Y ^   | NOR2BX1   | 0.079 |   0.590 |    2.913 | 
     | picorv32_core_g88328__1881                   | D ^ -> Y ^   | OR4X1     | 0.030 |   0.620 |    2.943 | 
     | picorv32_core_g88326__6131                   | B ^ -> Y v   | NAND2BX1  | 0.033 |   0.653 |    2.976 | 
     | picorv32_core_g88325__7098                   | AN v -> Y v  | NAND2BX1  | 0.026 |   0.679 |    3.001 | 
     | picorv32_core_g88323__5122                   | AN v -> Y v  | NAND2BX1  | 0.018 |   0.697 |    3.020 | 
     | picorv32_core_g88322__1705                   | B v -> Y v   | OR2X1     | 0.074 |   0.771 |    3.094 | 
     | picorv32_core_g88320__1617                   | B v -> Y ^   | NOR2BX1   | 0.054 |   0.825 |    3.147 | 
     | picorv32_core_add_1569_33_Y_add_1552_33_g763 | B ^ -> CO ^  | ADDHX1    | 0.028 |   0.853 |    3.176 | 
     | picorv32_core_add_1569_33_Y_add_1552_33_g762 | CI ^ -> CO ^ | ADDFX1    | 0.030 |   0.884 |    3.206 | 
     | picorv32_core_add_1569_33_Y_add_1552_33_g761 | CI ^ -> CO ^ | ADDFX1    | 0.030 |   0.914 |    3.237 | 
     | picorv32_core_add_1569_33_Y_add_1552_33_g760 | CI ^ -> CO ^ | ADDFX1    | 0.031 |   0.945 |    3.268 | 
     | picorv32_core_add_1569_33_Y_add_1552_33_g759 | CI ^ -> CO ^ | ADDFX1    | 0.031 |   0.976 |    3.299 | 
     | picorv32_core_add_1569_33_Y_add_1552_33_g758 | CI ^ -> CO ^ | ADDFX1    | 0.031 |   1.007 |    3.330 | 
     | picorv32_core_add_1569_33_Y_add_1552_33_g757 | CI ^ -> CO ^ | ADDFX1    | 0.031 |   1.038 |    3.361 | 
     | picorv32_core_add_1569_33_Y_add_1552_33_g756 | CI ^ -> CO ^ | ADDFX1    | 0.032 |   1.071 |    3.393 | 
     | picorv32_core_add_1569_33_Y_add_1552_33_g755 | CI ^ -> CO ^ | ADDFX1    | 0.030 |   1.101 |    3.424 | 
     | picorv32_core_add_1569_33_Y_add_1552_33_g754 | CI ^ -> CO ^ | ADDFX1    | 0.031 |   1.132 |    3.455 | 
     | picorv32_core_add_1569_33_Y_add_1552_33_g753 | CI ^ -> CO ^ | ADDFX1    | 0.030 |   1.162 |    3.485 | 
     | picorv32_core_add_1569_33_Y_add_1552_33_g752 | CI ^ -> CO ^ | ADDFX1    | 0.032 |   1.195 |    3.517 | 
     | picorv32_core_add_1569_33_Y_add_1552_33_g751 | CI ^ -> CO ^ | ADDFX1    | 0.031 |   1.226 |    3.549 | 
     | picorv32_core_add_1569_33_Y_add_1552_33_g750 | CI ^ -> CO ^ | ADDFX1    | 0.032 |   1.258 |    3.580 | 
     | picorv32_core_add_1569_33_Y_add_1552_33_g749 | CI ^ -> CO ^ | ADDFX1    | 0.031 |   1.289 |    3.611 | 
     | picorv32_core_add_1569_33_Y_add_1552_33_g748 | CI ^ -> CO ^ | ADDFX1    | 0.030 |   1.319 |    3.642 | 
     | picorv32_core_add_1569_33_Y_add_1552_33_g747 | CI ^ -> CO ^ | ADDFX1    | 0.031 |   1.350 |    3.673 | 
     | picorv32_core_add_1569_33_Y_add_1552_33_g746 | CI ^ -> CO ^ | ADDFX1    | 0.031 |   1.381 |    3.703 | 
     | picorv32_core_add_1569_33_Y_add_1552_33_g745 | CI ^ -> CO ^ | ADDFX1    | 0.033 |   1.414 |    3.737 | 
     | picorv32_core_add_1569_33_Y_add_1552_33_g744 | CI ^ -> CO ^ | ADDFX1    | 0.031 |   1.445 |    3.767 | 
     | picorv32_core_add_1569_33_Y_add_1552_33_g743 | CI ^ -> CO ^ | ADDFX1    | 0.031 |   1.475 |    3.798 | 
     | picorv32_core_add_1569_33_Y_add_1552_33_g742 | CI ^ -> CO ^ | ADDFX1    | 0.032 |   1.507 |    3.830 | 
     | picorv32_core_add_1569_33_Y_add_1552_33_g741 | CI ^ -> CO ^ | ADDFX1    | 0.031 |   1.539 |    3.861 | 
     | picorv32_core_add_1569_33_Y_add_1552_33_g740 | CI ^ -> CO ^ | ADDFX1    | 0.033 |   1.572 |    3.895 | 
     | picorv32_core_add_1569_33_Y_add_1552_33_g739 | CI ^ -> S v  | ADDFX1    | 0.047 |   1.619 |    3.942 | 
     | picorv32_core_g190248__2883                  | B1 v -> Y ^  | AOI22X1   | 0.017 |   1.636 |    3.958 | 
     | picorv32_core_g190217__6161                  | B0 ^ -> Y v  | OAI2BB1X1 | 0.020 |   1.656 |    3.978 | 
     | picorv32_core_reg_next_pc_reg[25]            | D v          | DFFHQX1   | 0.000 |   1.656 |    3.978 | 
     +------------------------------------------------------------------------------------------------------+ 
Path 35: MET Setup Check with Pin picorv32_core_genblk1.pcpi_mul_rd_reg[36]/CK 
Endpoint:   picorv32_core_genblk1.pcpi_mul_rd_reg[36]/D (^) checked with  
leading edge of 'clk'
Beginpoint: picorv32_core_genblk1.pcpi_mul_rs2_reg[5]/Q (^) triggered by  
leading edge of 'clk'
Path Groups: {reg2reg}
Analysis View: analysis1
Other End Arrival Time          0.005
- Setup                         0.015
+ Phase Shift                   4.000
- Uncertainty                   0.020
= Required Time                 3.969
- Arrival Time                  1.616
= Slack Time                    2.353
     Clock Rise Edge                 0.000
     + Clock Network Latency (Prop)  0.003
     = Beginpoint Arrival Time       0.003
     +-----------------------------------------------------------------------------------------------------------+ 
     |                      Instance                      |     Arc      |   Cell   | Delay | Arrival | Required | 
     |                                                    |              |          |       |  Time   |   Time   | 
     |----------------------------------------------------+--------------+----------+-------+---------+----------| 
     | picorv32_core_genblk1.pcpi_mul_rs2_reg[5]          | CK ^         |          |       |   0.003 |    2.356 | 
     | picorv32_core_genblk1.pcpi_mul_rs2_reg[5]          | CK ^ -> Q ^  | MDFFHQX1 | 0.126 |   0.129 |    2.482 | 
     | picorv32_core_genblk1.pcpi_mul_mul_2371_47_g14046  | A ^ -> Y v   | INVX1    | 0.049 |   0.178 |    2.531 | 
     | picorv32_core_genblk1.pcpi_mul_mul_2371_47_g13987  | B v -> Y ^   | XNOR2X1  | 0.031 |   0.209 |    2.562 | 
     | picorv32_core_genblk1.pcpi_mul_mul_2371_47_g13897  | A ^ -> Y ^   | OR2X1    | 0.086 |   0.295 |    2.648 | 
     | picorv32_core_genblk1.pcpi_mul_mul_2371_47_g13890  | A ^ -> Y v   | INVX1    | 0.052 |   0.346 |    2.699 | 
     | picorv32_core_genblk1.pcpi_mul_mul_2371_47_g13740  | A1 v -> Y ^  | OAI21X1  | 0.027 |   0.374 |    2.727 | 
     | picorv32_core_genblk1.pcpi_mul_mul_2371_47_g13494  | B ^ -> Y ^   | XNOR2X1  | 0.025 |   0.398 |    2.751 | 
     | picorv32_core_genblk1.pcpi_mul_mul_2371_47_g13440  | B ^ -> S v   | ADDHX1   | 0.031 |   0.429 |    2.782 | 
     | picorv32_core_genblk1.pcpi_mul_mul_2371_47_cdnfadd | A v -> CO v  | ADDFX1   | 0.035 |   0.465 |    2.818 | 
     | 3                                                  |              |          |       |         |          | 
     | picorv32_core_genblk1.pcpi_mul_mul_2371_47_cdnfadd | CI v -> CO v | ADDFX1   | 0.034 |   0.499 |    2.852 | 
     | 4                                                  |              |          |       |         |          | 
     | picorv32_core_genblk1.pcpi_mul_mul_2371_47_cdnfadd | CI v -> CO v | ADDFX1   | 0.034 |   0.533 |    2.886 | 
     | 5                                                  |              |          |       |         |          | 
     | picorv32_core_genblk1.pcpi_mul_mul_2371_47_cdnfadd | CI v -> CO v | ADDFX1   | 0.033 |   0.566 |    2.919 | 
     | 6                                                  |              |          |       |         |          | 
     | picorv32_core_genblk1.pcpi_mul_mul_2371_47_cdnfadd | CI v -> CO v | ADDFX1   | 0.034 |   0.600 |    2.953 | 
     | 7                                                  |              |          |       |         |          | 
     | picorv32_core_genblk1.pcpi_mul_mul_2371_47_cdnfadd | CI v -> CO v | ADDFX1   | 0.034 |   0.634 |    2.986 | 
     | 8                                                  |              |          |       |         |          | 
     | picorv32_core_genblk1.pcpi_mul_mul_2371_47_cdnfadd | CI v -> CO v | ADDFX1   | 0.033 |   0.667 |    3.020 | 
     | 9                                                  |              |          |       |         |          | 
     | picorv32_core_genblk1.pcpi_mul_mul_2371_47_cdnfadd | CI v -> CO v | ADDFX1   | 0.034 |   0.700 |    3.053 | 
     | 10                                                 |              |          |       |         |          | 
     | picorv32_core_genblk1.pcpi_mul_mul_2371_47_cdnfadd | CI v -> CO v | ADDFX1   | 0.033 |   0.734 |    3.086 | 
     | 11                                                 |              |          |       |         |          | 
     | picorv32_core_genblk1.pcpi_mul_mul_2371_47_cdnfadd | CI v -> CO v | ADDFX1   | 0.034 |   0.768 |    3.121 | 
     | 12                                                 |              |          |       |         |          | 
     | picorv32_core_genblk1.pcpi_mul_mul_2371_47_cdnfadd | CI v -> CO v | ADDFX1   | 0.034 |   0.801 |    3.154 | 
     | 13                                                 |              |          |       |         |          | 
     | picorv32_core_genblk1.pcpi_mul_mul_2371_47_cdnfadd | CI v -> CO v | ADDFX1   | 0.033 |   0.835 |    3.187 | 
     | 14                                                 |              |          |       |         |          | 
     | picorv32_core_genblk1.pcpi_mul_mul_2371_47_cdnfadd | CI v -> CO v | ADDFX1   | 0.033 |   0.868 |    3.221 | 
     | 15                                                 |              |          |       |         |          | 
     | picorv32_core_genblk1.pcpi_mul_mul_2371_47_cdnfadd | CI v -> CO v | ADDFX1   | 0.033 |   0.901 |    3.254 | 
     | 16                                                 |              |          |       |         |          | 
     | picorv32_core_genblk1.pcpi_mul_mul_2371_47_cdnfadd | CI v -> CO v | ADDFX1   | 0.034 |   0.934 |    3.287 | 
     | 17                                                 |              |          |       |         |          | 
     | picorv32_core_genblk1.pcpi_mul_mul_2371_47_cdnfadd | CI v -> CO v | ADDFX1   | 0.033 |   0.968 |    3.321 | 
     | 18                                                 |              |          |       |         |          | 
     | picorv32_core_genblk1.pcpi_mul_mul_2371_47_cdnfadd | CI v -> CO v | ADDFX1   | 0.034 |   1.001 |    3.354 | 
     | 19                                                 |              |          |       |         |          | 
     | picorv32_core_genblk1.pcpi_mul_mul_2371_47_cdnfadd | CI v -> CO v | ADDFX1   | 0.034 |   1.036 |    3.388 | 
     | 20                                                 |              |          |       |         |          | 
     | picorv32_core_genblk1.pcpi_mul_mul_2371_47_cdnfadd | CI v -> CO v | ADDFX1   | 0.033 |   1.069 |    3.422 | 
     | 21                                                 |              |          |       |         |          | 
     | picorv32_core_genblk1.pcpi_mul_mul_2371_47_cdnfadd | CI v -> CO v | ADDFX1   | 0.033 |   1.102 |    3.455 | 
     | 22                                                 |              |          |       |         |          | 
     | picorv32_core_genblk1.pcpi_mul_mul_2371_47_cdnfadd | CI v -> CO v | ADDFX1   | 0.033 |   1.136 |    3.488 | 
     | 23                                                 |              |          |       |         |          | 
     | picorv32_core_genblk1.pcpi_mul_mul_2371_47_cdnfadd | CI v -> CO v | ADDFX1   | 0.035 |   1.171 |    3.524 | 
     | 24                                                 |              |          |       |         |          | 
     | picorv32_core_genblk1.pcpi_mul_mul_2371_47_cdnfadd | CI v -> CO v | ADDFX1   | 0.035 |   1.206 |    3.559 | 
     | 25                                                 |              |          |       |         |          | 
     | picorv32_core_genblk1.pcpi_mul_mul_2371_47_cdnfadd | CI v -> CO v | ADDFX1   | 0.033 |   1.239 |    3.592 | 
     | 26                                                 |              |          |       |         |          | 
     | picorv32_core_genblk1.pcpi_mul_mul_2371_47_cdnfadd | CI v -> CO v | ADDFX1   | 0.034 |   1.273 |    3.626 | 
     | 27                                                 |              |          |       |         |          | 
     | picorv32_core_genblk1.pcpi_mul_mul_2371_47_cdnfadd | CI v -> CO v | ADDFX1   | 0.034 |   1.307 |    3.660 | 
     | 28                                                 |              |          |       |         |          | 
     | picorv32_core_genblk1.pcpi_mul_mul_2371_47_cdnfadd | CI v -> CO v | ADDFX1   | 0.034 |   1.341 |    3.694 | 
     | 29                                                 |              |          |       |         |          | 
     | picorv32_core_genblk1.pcpi_mul_mul_2371_47_cdnfadd | CI v -> CO v | ADDFX1   | 0.035 |   1.375 |    3.728 | 
     | 30                                                 |              |          |       |         |          | 
     | picorv32_core_genblk1.pcpi_mul_mul_2371_47_cdnfadd | CI v -> CO v | ADDFX1   | 0.039 |   1.414 |    3.767 | 
     | 31                                                 |              |          |       |         |          | 
     | picorv32_core_genblk1.pcpi_mul_mul_2371_47_cdnfadd | CI v -> CO v | ADDFX1   | 0.036 |   1.450 |    3.803 | 
     | 32                                                 |              |          |       |         |          | 
     | picorv32_core_genblk1.pcpi_mul_mul_2371_47_cdnfadd | CI v -> CO v | ADDFX1   | 0.034 |   1.484 |    3.837 | 
     | 33                                                 |              |          |       |         |          | 
     | picorv32_core_genblk1.pcpi_mul_mul_2371_47_cdnfadd | CI v -> CO v | ADDFX1   | 0.035 |   1.519 |    3.871 | 
     | 34                                                 |              |          |       |         |          | 
     | picorv32_core_genblk1.pcpi_mul_mul_2371_47_cdnfadd | CI v -> CO v | ADDFX1   | 0.034 |   1.552 |    3.905 | 
     | 35                                                 |              |          |       |         |          | 
     | picorv32_core_genblk1.pcpi_mul_mul_2371_47_cdnfadd | CI v -> S ^  | ADDFX1   | 0.064 |   1.616 |    3.969 | 
     | 36                                                 |              |          |       |         |          | 
     | picorv32_core_genblk1.pcpi_mul_rd_reg[36]          | D ^          | DFFQXL   | 0.000 |   1.616 |    3.969 | 
     +-----------------------------------------------------------------------------------------------------------+ 
Path 36: MET Setup Check with Pin picorv32_core_reg_next_pc_reg[24]/CK 
Endpoint:   picorv32_core_reg_next_pc_reg[24]/D (v) checked with  leading edge 
of 'clk'
Beginpoint: picorv32_core_irq_mask_reg[12]/Q    (^) triggered by  leading edge 
of 'clk'
Path Groups: {reg2reg}
Analysis View: analysis1
Other End Arrival Time          0.000
- Setup                         0.006
+ Phase Shift                   4.000
- Uncertainty                   0.020
= Required Time                 3.974
- Arrival Time                  1.619
= Slack Time                    2.355
     Clock Rise Edge                 0.000
     + Clock Network Latency (Prop)  0.000
     = Beginpoint Arrival Time       0.000
     +------------------------------------------------------------------------------------------------------+ 
     |                   Instance                   |     Arc      |   Cell    | Delay | Arrival | Required | 
     |                                              |              |           |       |  Time   |   Time   | 
     |----------------------------------------------+--------------+-----------+-------+---------+----------| 
     | picorv32_core_irq_mask_reg[12]               | CK ^         |           |       |   0.000 |    2.355 | 
     | picorv32_core_irq_mask_reg[12]               | CK ^ -> Q ^  | DFFHQX1   | 0.044 |   0.044 |    2.399 | 
     | picorv32_core_g88708__2883                   | AN ^ -> Y ^  | NAND2BX1  | 0.038 |   0.082 |    2.437 | 
     | picorv32_core_g88395__5115                   | B ^ -> Y ^   | AND4XL    | 0.044 |   0.126 |    2.481 | 
     | picorv32_core_g88377__2398                   | D ^ -> Y ^   | AND4XL    | 0.034 |   0.160 |    2.515 | 
     | picorv32_core_g88366__6161                   | D ^ -> Y ^   | AND4XL    | 0.040 |   0.199 |    2.554 | 
     | picorv32_core_g88356__5122                   | D ^ -> Y ^   | AND4XL    | 0.055 |   0.254 |    2.609 | 
     | picorv32_core_g88349__6783                   | D ^ -> Y ^   | AND4XL    | 0.050 |   0.304 |    2.659 | 
     | picorv32_core_g88343__6260                   | D ^ -> Y ^   | AND4XL    | 0.059 |   0.364 |    2.719 | 
     | picorv32_core_g88337__1666                   | D ^ -> Y ^   | AND4XL    | 0.042 |   0.405 |    2.760 | 
     | picorv32_core_g88335__2883                   | D ^ -> Y ^   | AND4XL    | 0.042 |   0.447 |    2.802 | 
     | picorv32_core_g88333__9315                   | D ^ -> Y ^   | AND4X1    | 0.039 |   0.486 |    2.841 | 
     | picorv32_core_g88331__4733                   | D ^ -> Y v   | NAND4XL   | 0.025 |   0.511 |    2.866 | 
     | picorv32_core_g88330__7482                   | B v -> Y ^   | NOR2BX1   | 0.079 |   0.590 |    2.945 | 
     | picorv32_core_g88328__1881                   | D ^ -> Y ^   | OR4X1     | 0.030 |   0.620 |    2.975 | 
     | picorv32_core_g88326__6131                   | B ^ -> Y v   | NAND2BX1  | 0.033 |   0.653 |    3.008 | 
     | picorv32_core_g88325__7098                   | AN v -> Y v  | NAND2BX1  | 0.026 |   0.679 |    3.033 | 
     | picorv32_core_g88323__5122                   | AN v -> Y v  | NAND2BX1  | 0.018 |   0.697 |    3.052 | 
     | picorv32_core_g88322__1705                   | B v -> Y v   | OR2X1     | 0.074 |   0.771 |    3.126 | 
     | picorv32_core_g88320__1617                   | B v -> Y ^   | NOR2BX1   | 0.054 |   0.825 |    3.180 | 
     | picorv32_core_add_1569_33_Y_add_1552_33_g763 | B ^ -> CO ^  | ADDHX1    | 0.028 |   0.853 |    3.208 | 
     | picorv32_core_add_1569_33_Y_add_1552_33_g762 | CI ^ -> CO ^ | ADDFX1    | 0.030 |   0.884 |    3.238 | 
     | picorv32_core_add_1569_33_Y_add_1552_33_g761 | CI ^ -> CO ^ | ADDFX1    | 0.030 |   0.914 |    3.269 | 
     | picorv32_core_add_1569_33_Y_add_1552_33_g760 | CI ^ -> CO ^ | ADDFX1    | 0.031 |   0.945 |    3.300 | 
     | picorv32_core_add_1569_33_Y_add_1552_33_g759 | CI ^ -> CO ^ | ADDFX1    | 0.031 |   0.976 |    3.331 | 
     | picorv32_core_add_1569_33_Y_add_1552_33_g758 | CI ^ -> CO ^ | ADDFX1    | 0.031 |   1.007 |    3.362 | 
     | picorv32_core_add_1569_33_Y_add_1552_33_g757 | CI ^ -> CO ^ | ADDFX1    | 0.031 |   1.038 |    3.393 | 
     | picorv32_core_add_1569_33_Y_add_1552_33_g756 | CI ^ -> CO ^ | ADDFX1    | 0.032 |   1.071 |    3.425 | 
     | picorv32_core_add_1569_33_Y_add_1552_33_g755 | CI ^ -> CO ^ | ADDFX1    | 0.030 |   1.101 |    3.456 | 
     | picorv32_core_add_1569_33_Y_add_1552_33_g754 | CI ^ -> CO ^ | ADDFX1    | 0.031 |   1.132 |    3.487 | 
     | picorv32_core_add_1569_33_Y_add_1552_33_g753 | CI ^ -> CO ^ | ADDFX1    | 0.030 |   1.162 |    3.517 | 
     | picorv32_core_add_1569_33_Y_add_1552_33_g752 | CI ^ -> CO ^ | ADDFX1    | 0.032 |   1.195 |    3.550 | 
     | picorv32_core_add_1569_33_Y_add_1552_33_g751 | CI ^ -> CO ^ | ADDFX1    | 0.031 |   1.226 |    3.581 | 
     | picorv32_core_add_1569_33_Y_add_1552_33_g750 | CI ^ -> CO ^ | ADDFX1    | 0.032 |   1.258 |    3.613 | 
     | picorv32_core_add_1569_33_Y_add_1552_33_g749 | CI ^ -> CO ^ | ADDFX1    | 0.031 |   1.289 |    3.644 | 
     | picorv32_core_add_1569_33_Y_add_1552_33_g748 | CI ^ -> CO ^ | ADDFX1    | 0.030 |   1.319 |    3.674 | 
     | picorv32_core_add_1569_33_Y_add_1552_33_g747 | CI ^ -> CO ^ | ADDFX1    | 0.031 |   1.350 |    3.705 | 
     | picorv32_core_add_1569_33_Y_add_1552_33_g746 | CI ^ -> CO ^ | ADDFX1    | 0.031 |   1.381 |    3.736 | 
     | picorv32_core_add_1569_33_Y_add_1552_33_g745 | CI ^ -> CO ^ | ADDFX1    | 0.033 |   1.414 |    3.769 | 
     | picorv32_core_add_1569_33_Y_add_1552_33_g744 | CI ^ -> CO ^ | ADDFX1    | 0.031 |   1.445 |    3.799 | 
     | picorv32_core_add_1569_33_Y_add_1552_33_g743 | CI ^ -> CO ^ | ADDFX1    | 0.031 |   1.475 |    3.830 | 
     | picorv32_core_add_1569_33_Y_add_1552_33_g742 | CI ^ -> CO ^ | ADDFX1    | 0.032 |   1.507 |    3.862 | 
     | picorv32_core_add_1569_33_Y_add_1552_33_g741 | CI ^ -> CO ^ | ADDFX1    | 0.031 |   1.539 |    3.894 | 
     | picorv32_core_add_1569_33_Y_add_1552_33_g740 | CI ^ -> S v  | ADDFX1    | 0.046 |   1.585 |    3.940 | 
     | picorv32_core_g190247__9945                  | B1 v -> Y ^  | AOI22X1   | 0.014 |   1.599 |    3.954 | 
     | picorv32_core_g190216__4733                  | B0 ^ -> Y v  | OAI2BB1X1 | 0.020 |   1.619 |    3.974 | 
     | picorv32_core_reg_next_pc_reg[24]            | D v          | DFFHQX1   | 0.000 |   1.619 |    3.974 | 
     +------------------------------------------------------------------------------------------------------+ 
Path 37: MET Setup Check with Pin picorv32_core_genblk1.pcpi_mul_rd_reg[35]/CK 
Endpoint:   picorv32_core_genblk1.pcpi_mul_rd_reg[35]/D (^) checked with  
leading edge of 'clk'
Beginpoint: picorv32_core_genblk1.pcpi_mul_rs2_reg[5]/Q (^) triggered by  
leading edge of 'clk'
Path Groups: {reg2reg}
Analysis View: analysis1
Other End Arrival Time          0.004
- Setup                         0.016
+ Phase Shift                   4.000
- Uncertainty                   0.020
= Required Time                 3.968
- Arrival Time                  1.586
= Slack Time                    2.382
     Clock Rise Edge                 0.000
     + Clock Network Latency (Prop)  0.003
     = Beginpoint Arrival Time       0.003
     +-----------------------------------------------------------------------------------------------------------+ 
     |                      Instance                      |     Arc      |   Cell   | Delay | Arrival | Required | 
     |                                                    |              |          |       |  Time   |   Time   | 
     |----------------------------------------------------+--------------+----------+-------+---------+----------| 
     | picorv32_core_genblk1.pcpi_mul_rs2_reg[5]          | CK ^         |          |       |   0.003 |    2.385 | 
     | picorv32_core_genblk1.pcpi_mul_rs2_reg[5]          | CK ^ -> Q ^  | MDFFHQX1 | 0.126 |   0.129 |    2.511 | 
     | picorv32_core_genblk1.pcpi_mul_mul_2371_47_g14046  | A ^ -> Y v   | INVX1    | 0.049 |   0.178 |    2.560 | 
     | picorv32_core_genblk1.pcpi_mul_mul_2371_47_g13987  | B v -> Y ^   | XNOR2X1  | 0.031 |   0.209 |    2.591 | 
     | picorv32_core_genblk1.pcpi_mul_mul_2371_47_g13897  | A ^ -> Y ^   | OR2X1    | 0.086 |   0.295 |    2.677 | 
     | picorv32_core_genblk1.pcpi_mul_mul_2371_47_g13890  | A ^ -> Y v   | INVX1    | 0.052 |   0.346 |    2.729 | 
     | picorv32_core_genblk1.pcpi_mul_mul_2371_47_g13740  | A1 v -> Y ^  | OAI21X1  | 0.027 |   0.374 |    2.756 | 
     | picorv32_core_genblk1.pcpi_mul_mul_2371_47_g13494  | B ^ -> Y ^   | XNOR2X1  | 0.025 |   0.398 |    2.780 | 
     | picorv32_core_genblk1.pcpi_mul_mul_2371_47_g13440  | B ^ -> S v   | ADDHX1   | 0.031 |   0.429 |    2.811 | 
     | picorv32_core_genblk1.pcpi_mul_mul_2371_47_cdnfadd | A v -> CO v  | ADDFX1   | 0.035 |   0.465 |    2.847 | 
     | 3                                                  |              |          |       |         |          | 
     | picorv32_core_genblk1.pcpi_mul_mul_2371_47_cdnfadd | CI v -> CO v | ADDFX1   | 0.034 |   0.499 |    2.881 | 
     | 4                                                  |              |          |       |         |          | 
     | picorv32_core_genblk1.pcpi_mul_mul_2371_47_cdnfadd | CI v -> CO v | ADDFX1   | 0.034 |   0.533 |    2.915 | 
     | 5                                                  |              |          |       |         |          | 
     | picorv32_core_genblk1.pcpi_mul_mul_2371_47_cdnfadd | CI v -> CO v | ADDFX1   | 0.033 |   0.566 |    2.948 | 
     | 6                                                  |              |          |       |         |          | 
     | picorv32_core_genblk1.pcpi_mul_mul_2371_47_cdnfadd | CI v -> CO v | ADDFX1   | 0.034 |   0.600 |    2.982 | 
     | 7                                                  |              |          |       |         |          | 
     | picorv32_core_genblk1.pcpi_mul_mul_2371_47_cdnfadd | CI v -> CO v | ADDFX1   | 0.034 |   0.634 |    3.016 | 
     | 8                                                  |              |          |       |         |          | 
     | picorv32_core_genblk1.pcpi_mul_mul_2371_47_cdnfadd | CI v -> CO v | ADDFX1   | 0.033 |   0.667 |    3.049 | 
     | 9                                                  |              |          |       |         |          | 
     | picorv32_core_genblk1.pcpi_mul_mul_2371_47_cdnfadd | CI v -> CO v | ADDFX1   | 0.034 |   0.700 |    3.082 | 
     | 10                                                 |              |          |       |         |          | 
     | picorv32_core_genblk1.pcpi_mul_mul_2371_47_cdnfadd | CI v -> CO v | ADDFX1   | 0.033 |   0.734 |    3.116 | 
     | 11                                                 |              |          |       |         |          | 
     | picorv32_core_genblk1.pcpi_mul_mul_2371_47_cdnfadd | CI v -> CO v | ADDFX1   | 0.034 |   0.768 |    3.150 | 
     | 12                                                 |              |          |       |         |          | 
     | picorv32_core_genblk1.pcpi_mul_mul_2371_47_cdnfadd | CI v -> CO v | ADDFX1   | 0.034 |   0.801 |    3.183 | 
     | 13                                                 |              |          |       |         |          | 
     | picorv32_core_genblk1.pcpi_mul_mul_2371_47_cdnfadd | CI v -> CO v | ADDFX1   | 0.033 |   0.835 |    3.217 | 
     | 14                                                 |              |          |       |         |          | 
     | picorv32_core_genblk1.pcpi_mul_mul_2371_47_cdnfadd | CI v -> CO v | ADDFX1   | 0.033 |   0.868 |    3.250 | 
     | 15                                                 |              |          |       |         |          | 
     | picorv32_core_genblk1.pcpi_mul_mul_2371_47_cdnfadd | CI v -> CO v | ADDFX1   | 0.033 |   0.901 |    3.283 | 
     | 16                                                 |              |          |       |         |          | 
     | picorv32_core_genblk1.pcpi_mul_mul_2371_47_cdnfadd | CI v -> CO v | ADDFX1   | 0.034 |   0.934 |    3.317 | 
     | 17                                                 |              |          |       |         |          | 
     | picorv32_core_genblk1.pcpi_mul_mul_2371_47_cdnfadd | CI v -> CO v | ADDFX1   | 0.033 |   0.968 |    3.350 | 
     | 18                                                 |              |          |       |         |          | 
     | picorv32_core_genblk1.pcpi_mul_mul_2371_47_cdnfadd | CI v -> CO v | ADDFX1   | 0.034 |   1.001 |    3.384 | 
     | 19                                                 |              |          |       |         |          | 
     | picorv32_core_genblk1.pcpi_mul_mul_2371_47_cdnfadd | CI v -> CO v | ADDFX1   | 0.034 |   1.036 |    3.418 | 
     | 20                                                 |              |          |       |         |          | 
     | picorv32_core_genblk1.pcpi_mul_mul_2371_47_cdnfadd | CI v -> CO v | ADDFX1   | 0.033 |   1.069 |    3.451 | 
     | 21                                                 |              |          |       |         |          | 
     | picorv32_core_genblk1.pcpi_mul_mul_2371_47_cdnfadd | CI v -> CO v | ADDFX1   | 0.033 |   1.102 |    3.485 | 
     | 22                                                 |              |          |       |         |          | 
     | picorv32_core_genblk1.pcpi_mul_mul_2371_47_cdnfadd | CI v -> CO v | ADDFX1   | 0.033 |   1.136 |    3.518 | 
     | 23                                                 |              |          |       |         |          | 
     | picorv32_core_genblk1.pcpi_mul_mul_2371_47_cdnfadd | CI v -> CO v | ADDFX1   | 0.035 |   1.171 |    3.553 | 
     | 24                                                 |              |          |       |         |          | 
     | picorv32_core_genblk1.pcpi_mul_mul_2371_47_cdnfadd | CI v -> CO v | ADDFX1   | 0.035 |   1.206 |    3.588 | 
     | 25                                                 |              |          |       |         |          | 
     | picorv32_core_genblk1.pcpi_mul_mul_2371_47_cdnfadd | CI v -> CO v | ADDFX1   | 0.033 |   1.239 |    3.621 | 
     | 26                                                 |              |          |       |         |          | 
     | picorv32_core_genblk1.pcpi_mul_mul_2371_47_cdnfadd | CI v -> CO v | ADDFX1   | 0.034 |   1.273 |    3.656 | 
     | 27                                                 |              |          |       |         |          | 
     | picorv32_core_genblk1.pcpi_mul_mul_2371_47_cdnfadd | CI v -> CO v | ADDFX1   | 0.034 |   1.307 |    3.689 | 
     | 28                                                 |              |          |       |         |          | 
     | picorv32_core_genblk1.pcpi_mul_mul_2371_47_cdnfadd | CI v -> CO v | ADDFX1   | 0.034 |   1.341 |    3.723 | 
     | 29                                                 |              |          |       |         |          | 
     | picorv32_core_genblk1.pcpi_mul_mul_2371_47_cdnfadd | CI v -> CO v | ADDFX1   | 0.035 |   1.375 |    3.758 | 
     | 30                                                 |              |          |       |         |          | 
     | picorv32_core_genblk1.pcpi_mul_mul_2371_47_cdnfadd | CI v -> CO v | ADDFX1   | 0.039 |   1.414 |    3.796 | 
     | 31                                                 |              |          |       |         |          | 
     | picorv32_core_genblk1.pcpi_mul_mul_2371_47_cdnfadd | CI v -> CO v | ADDFX1   | 0.036 |   1.450 |    3.832 | 
     | 32                                                 |              |          |       |         |          | 
     | picorv32_core_genblk1.pcpi_mul_mul_2371_47_cdnfadd | CI v -> CO v | ADDFX1   | 0.034 |   1.484 |    3.866 | 
     | 33                                                 |              |          |       |         |          | 
     | picorv32_core_genblk1.pcpi_mul_mul_2371_47_cdnfadd | CI v -> CO v | ADDFX1   | 0.035 |   1.519 |    3.901 | 
     | 34                                                 |              |          |       |         |          | 
     | picorv32_core_genblk1.pcpi_mul_mul_2371_47_cdnfadd | CI v -> S ^  | ADDFX1   | 0.067 |   1.586 |    3.968 | 
     | 35                                                 |              |          |       |         |          | 
     | picorv32_core_genblk1.pcpi_mul_rd_reg[35]          | D ^          | DFFQXL   | 0.001 |   1.586 |    3.968 | 
     +-----------------------------------------------------------------------------------------------------------+ 
Path 38: MET Setup Check with Pin picorv32_core_reg_next_pc_reg[23]/CK 
Endpoint:   picorv32_core_reg_next_pc_reg[23]/D (v) checked with  leading edge 
of 'clk'
Beginpoint: picorv32_core_irq_mask_reg[12]/Q    (^) triggered by  leading edge 
of 'clk'
Path Groups: {reg2reg}
Analysis View: analysis1
Other End Arrival Time          0.000
- Setup                         0.006
+ Phase Shift                   4.000
- Uncertainty                   0.020
= Required Time                 3.974
- Arrival Time                  1.588
= Slack Time                    2.386
     Clock Rise Edge                 0.000
     + Clock Network Latency (Prop)  0.000
     = Beginpoint Arrival Time       0.000
     +------------------------------------------------------------------------------------------------------+ 
     |                   Instance                   |     Arc      |   Cell    | Delay | Arrival | Required | 
     |                                              |              |           |       |  Time   |   Time   | 
     |----------------------------------------------+--------------+-----------+-------+---------+----------| 
     | picorv32_core_irq_mask_reg[12]               | CK ^         |           |       |   0.000 |    2.386 | 
     | picorv32_core_irq_mask_reg[12]               | CK ^ -> Q ^  | DFFHQX1   | 0.044 |   0.044 |    2.430 | 
     | picorv32_core_g88708__2883                   | AN ^ -> Y ^  | NAND2BX1  | 0.038 |   0.082 |    2.469 | 
     | picorv32_core_g88395__5115                   | B ^ -> Y ^   | AND4XL    | 0.044 |   0.126 |    2.512 | 
     | picorv32_core_g88377__2398                   | D ^ -> Y ^   | AND4XL    | 0.034 |   0.160 |    2.546 | 
     | picorv32_core_g88366__6161                   | D ^ -> Y ^   | AND4XL    | 0.040 |   0.199 |    2.586 | 
     | picorv32_core_g88356__5122                   | D ^ -> Y ^   | AND4XL    | 0.055 |   0.254 |    2.641 | 
     | picorv32_core_g88349__6783                   | D ^ -> Y ^   | AND4XL    | 0.050 |   0.304 |    2.690 | 
     | picorv32_core_g88343__6260                   | D ^ -> Y ^   | AND4XL    | 0.059 |   0.364 |    2.750 | 
     | picorv32_core_g88337__1666                   | D ^ -> Y ^   | AND4XL    | 0.042 |   0.405 |    2.792 | 
     | picorv32_core_g88335__2883                   | D ^ -> Y ^   | AND4XL    | 0.042 |   0.447 |    2.834 | 
     | picorv32_core_g88333__9315                   | D ^ -> Y ^   | AND4X1    | 0.039 |   0.486 |    2.872 | 
     | picorv32_core_g88331__4733                   | D ^ -> Y v   | NAND4XL   | 0.025 |   0.511 |    2.897 | 
     | picorv32_core_g88330__7482                   | B v -> Y ^   | NOR2BX1   | 0.079 |   0.590 |    2.976 | 
     | picorv32_core_g88328__1881                   | D ^ -> Y ^   | OR4X1     | 0.030 |   0.620 |    3.006 | 
     | picorv32_core_g88326__6131                   | B ^ -> Y v   | NAND2BX1  | 0.033 |   0.653 |    3.039 | 
     | picorv32_core_g88325__7098                   | AN v -> Y v  | NAND2BX1  | 0.026 |   0.679 |    3.065 | 
     | picorv32_core_g88323__5122                   | AN v -> Y v  | NAND2BX1  | 0.018 |   0.697 |    3.083 | 
     | picorv32_core_g88322__1705                   | B v -> Y v   | OR2X1     | 0.074 |   0.771 |    3.157 | 
     | picorv32_core_g88320__1617                   | B v -> Y ^   | NOR2BX1   | 0.054 |   0.825 |    3.211 | 
     | picorv32_core_add_1569_33_Y_add_1552_33_g763 | B ^ -> CO ^  | ADDHX1    | 0.028 |   0.853 |    3.239 | 
     | picorv32_core_add_1569_33_Y_add_1552_33_g762 | CI ^ -> CO ^ | ADDFX1    | 0.030 |   0.884 |    3.270 | 
     | picorv32_core_add_1569_33_Y_add_1552_33_g761 | CI ^ -> CO ^ | ADDFX1    | 0.030 |   0.914 |    3.300 | 
     | picorv32_core_add_1569_33_Y_add_1552_33_g760 | CI ^ -> CO ^ | ADDFX1    | 0.031 |   0.945 |    3.331 | 
     | picorv32_core_add_1569_33_Y_add_1552_33_g759 | CI ^ -> CO ^ | ADDFX1    | 0.031 |   0.976 |    3.362 | 
     | picorv32_core_add_1569_33_Y_add_1552_33_g758 | CI ^ -> CO ^ | ADDFX1    | 0.031 |   1.007 |    3.394 | 
     | picorv32_core_add_1569_33_Y_add_1552_33_g757 | CI ^ -> CO ^ | ADDFX1    | 0.031 |   1.038 |    3.425 | 
     | picorv32_core_add_1569_33_Y_add_1552_33_g756 | CI ^ -> CO ^ | ADDFX1    | 0.032 |   1.071 |    3.457 | 
     | picorv32_core_add_1569_33_Y_add_1552_33_g755 | CI ^ -> CO ^ | ADDFX1    | 0.030 |   1.101 |    3.487 | 
     | picorv32_core_add_1569_33_Y_add_1552_33_g754 | CI ^ -> CO ^ | ADDFX1    | 0.031 |   1.132 |    3.518 | 
     | picorv32_core_add_1569_33_Y_add_1552_33_g753 | CI ^ -> CO ^ | ADDFX1    | 0.030 |   1.162 |    3.549 | 
     | picorv32_core_add_1569_33_Y_add_1552_33_g752 | CI ^ -> CO ^ | ADDFX1    | 0.032 |   1.195 |    3.581 | 
     | picorv32_core_add_1569_33_Y_add_1552_33_g751 | CI ^ -> CO ^ | ADDFX1    | 0.031 |   1.226 |    3.612 | 
     | picorv32_core_add_1569_33_Y_add_1552_33_g750 | CI ^ -> CO ^ | ADDFX1    | 0.032 |   1.258 |    3.644 | 
     | picorv32_core_add_1569_33_Y_add_1552_33_g749 | CI ^ -> CO ^ | ADDFX1    | 0.031 |   1.289 |    3.675 | 
     | picorv32_core_add_1569_33_Y_add_1552_33_g748 | CI ^ -> CO ^ | ADDFX1    | 0.030 |   1.319 |    3.705 | 
     | picorv32_core_add_1569_33_Y_add_1552_33_g747 | CI ^ -> CO ^ | ADDFX1    | 0.031 |   1.350 |    3.736 | 
     | picorv32_core_add_1569_33_Y_add_1552_33_g746 | CI ^ -> CO ^ | ADDFX1    | 0.031 |   1.381 |    3.767 | 
     | picorv32_core_add_1569_33_Y_add_1552_33_g745 | CI ^ -> CO ^ | ADDFX1    | 0.033 |   1.414 |    3.800 | 
     | picorv32_core_add_1569_33_Y_add_1552_33_g744 | CI ^ -> CO ^ | ADDFX1    | 0.031 |   1.445 |    3.831 | 
     | picorv32_core_add_1569_33_Y_add_1552_33_g743 | CI ^ -> CO ^ | ADDFX1    | 0.031 |   1.475 |    3.862 | 
     | picorv32_core_add_1569_33_Y_add_1552_33_g742 | CI ^ -> CO ^ | ADDFX1    | 0.032 |   1.507 |    3.894 | 
     | picorv32_core_add_1569_33_Y_add_1552_33_g741 | CI ^ -> S v  | ADDFX1    | 0.047 |   1.554 |    3.941 | 
     | picorv32_core_g190246__9315                  | B1 v -> Y ^  | AOI22X1   | 0.014 |   1.569 |    3.955 | 
     | picorv32_core_g190214__5115                  | B0 ^ -> Y v  | OAI2BB1X1 | 0.019 |   1.588 |    3.974 | 
     | picorv32_core_reg_next_pc_reg[23]            | D v          | DFFHQX1   | 0.000 |   1.588 |    3.974 | 
     +------------------------------------------------------------------------------------------------------+ 
Path 39: MET Setup Check with Pin picorv32_core_genblk1.pcpi_mul_rd_reg[34]/CK 
Endpoint:   picorv32_core_genblk1.pcpi_mul_rd_reg[34]/D (^) checked with  
leading edge of 'clk'
Beginpoint: picorv32_core_genblk1.pcpi_mul_rs2_reg[5]/Q (^) triggered by  
leading edge of 'clk'
Path Groups: {reg2reg}
Analysis View: analysis1
Other End Arrival Time          0.004
- Setup                         0.016
+ Phase Shift                   4.000
- Uncertainty                   0.020
= Required Time                 3.968
- Arrival Time                  1.552
= Slack Time                    2.416
     Clock Rise Edge                 0.000
     + Clock Network Latency (Prop)  0.003
     = Beginpoint Arrival Time       0.003
     +-----------------------------------------------------------------------------------------------------------+ 
     |                      Instance                      |     Arc      |   Cell   | Delay | Arrival | Required | 
     |                                                    |              |          |       |  Time   |   Time   | 
     |----------------------------------------------------+--------------+----------+-------+---------+----------| 
     | picorv32_core_genblk1.pcpi_mul_rs2_reg[5]          | CK ^         |          |       |   0.003 |    2.419 | 
     | picorv32_core_genblk1.pcpi_mul_rs2_reg[5]          | CK ^ -> Q ^  | MDFFHQX1 | 0.126 |   0.129 |    2.545 | 
     | picorv32_core_genblk1.pcpi_mul_mul_2371_47_g14046  | A ^ -> Y v   | INVX1    | 0.049 |   0.178 |    2.594 | 
     | picorv32_core_genblk1.pcpi_mul_mul_2371_47_g13987  | B v -> Y ^   | XNOR2X1  | 0.031 |   0.209 |    2.625 | 
     | picorv32_core_genblk1.pcpi_mul_mul_2371_47_g13897  | A ^ -> Y ^   | OR2X1    | 0.086 |   0.295 |    2.711 | 
     | picorv32_core_genblk1.pcpi_mul_mul_2371_47_g13890  | A ^ -> Y v   | INVX1    | 0.052 |   0.346 |    2.763 | 
     | picorv32_core_genblk1.pcpi_mul_mul_2371_47_g13740  | A1 v -> Y ^  | OAI21X1  | 0.027 |   0.374 |    2.790 | 
     | picorv32_core_genblk1.pcpi_mul_mul_2371_47_g13494  | B ^ -> Y ^   | XNOR2X1  | 0.025 |   0.398 |    2.815 | 
     | picorv32_core_genblk1.pcpi_mul_mul_2371_47_g13440  | B ^ -> S v   | ADDHX1   | 0.031 |   0.429 |    2.845 | 
     | picorv32_core_genblk1.pcpi_mul_mul_2371_47_cdnfadd | A v -> CO v  | ADDFX1   | 0.035 |   0.465 |    2.881 | 
     | 3                                                  |              |          |       |         |          | 
     | picorv32_core_genblk1.pcpi_mul_mul_2371_47_cdnfadd | CI v -> CO v | ADDFX1   | 0.034 |   0.499 |    2.915 | 
     | 4                                                  |              |          |       |         |          | 
     | picorv32_core_genblk1.pcpi_mul_mul_2371_47_cdnfadd | CI v -> CO v | ADDFX1   | 0.034 |   0.533 |    2.949 | 
     | 5                                                  |              |          |       |         |          | 
     | picorv32_core_genblk1.pcpi_mul_mul_2371_47_cdnfadd | CI v -> CO v | ADDFX1   | 0.033 |   0.566 |    2.982 | 
     | 6                                                  |              |          |       |         |          | 
     | picorv32_core_genblk1.pcpi_mul_mul_2371_47_cdnfadd | CI v -> CO v | ADDFX1   | 0.034 |   0.600 |    3.016 | 
     | 7                                                  |              |          |       |         |          | 
     | picorv32_core_genblk1.pcpi_mul_mul_2371_47_cdnfadd | CI v -> CO v | ADDFX1   | 0.034 |   0.634 |    3.050 | 
     | 8                                                  |              |          |       |         |          | 
     | picorv32_core_genblk1.pcpi_mul_mul_2371_47_cdnfadd | CI v -> CO v | ADDFX1   | 0.033 |   0.667 |    3.083 | 
     | 9                                                  |              |          |       |         |          | 
     | picorv32_core_genblk1.pcpi_mul_mul_2371_47_cdnfadd | CI v -> CO v | ADDFX1   | 0.034 |   0.700 |    3.116 | 
     | 10                                                 |              |          |       |         |          | 
     | picorv32_core_genblk1.pcpi_mul_mul_2371_47_cdnfadd | CI v -> CO v | ADDFX1   | 0.033 |   0.734 |    3.150 | 
     | 11                                                 |              |          |       |         |          | 
     | picorv32_core_genblk1.pcpi_mul_mul_2371_47_cdnfadd | CI v -> CO v | ADDFX1   | 0.034 |   0.768 |    3.184 | 
     | 12                                                 |              |          |       |         |          | 
     | picorv32_core_genblk1.pcpi_mul_mul_2371_47_cdnfadd | CI v -> CO v | ADDFX1   | 0.034 |   0.801 |    3.217 | 
     | 13                                                 |              |          |       |         |          | 
     | picorv32_core_genblk1.pcpi_mul_mul_2371_47_cdnfadd | CI v -> CO v | ADDFX1   | 0.033 |   0.835 |    3.251 | 
     | 14                                                 |              |          |       |         |          | 
     | picorv32_core_genblk1.pcpi_mul_mul_2371_47_cdnfadd | CI v -> CO v | ADDFX1   | 0.033 |   0.868 |    3.284 | 
     | 15                                                 |              |          |       |         |          | 
     | picorv32_core_genblk1.pcpi_mul_mul_2371_47_cdnfadd | CI v -> CO v | ADDFX1   | 0.033 |   0.901 |    3.317 | 
     | 16                                                 |              |          |       |         |          | 
     | picorv32_core_genblk1.pcpi_mul_mul_2371_47_cdnfadd | CI v -> CO v | ADDFX1   | 0.034 |   0.934 |    3.351 | 
     | 17                                                 |              |          |       |         |          | 
     | picorv32_core_genblk1.pcpi_mul_mul_2371_47_cdnfadd | CI v -> CO v | ADDFX1   | 0.033 |   0.968 |    3.384 | 
     | 18                                                 |              |          |       |         |          | 
     | picorv32_core_genblk1.pcpi_mul_mul_2371_47_cdnfadd | CI v -> CO v | ADDFX1   | 0.034 |   1.001 |    3.418 | 
     | 19                                                 |              |          |       |         |          | 
     | picorv32_core_genblk1.pcpi_mul_mul_2371_47_cdnfadd | CI v -> CO v | ADDFX1   | 0.034 |   1.036 |    3.452 | 
     | 20                                                 |              |          |       |         |          | 
     | picorv32_core_genblk1.pcpi_mul_mul_2371_47_cdnfadd | CI v -> CO v | ADDFX1   | 0.033 |   1.069 |    3.485 | 
     | 21                                                 |              |          |       |         |          | 
     | picorv32_core_genblk1.pcpi_mul_mul_2371_47_cdnfadd | CI v -> CO v | ADDFX1   | 0.033 |   1.102 |    3.519 | 
     | 22                                                 |              |          |       |         |          | 
     | picorv32_core_genblk1.pcpi_mul_mul_2371_47_cdnfadd | CI v -> CO v | ADDFX1   | 0.033 |   1.136 |    3.552 | 
     | 23                                                 |              |          |       |         |          | 
     | picorv32_core_genblk1.pcpi_mul_mul_2371_47_cdnfadd | CI v -> CO v | ADDFX1   | 0.035 |   1.171 |    3.587 | 
     | 24                                                 |              |          |       |         |          | 
     | picorv32_core_genblk1.pcpi_mul_mul_2371_47_cdnfadd | CI v -> CO v | ADDFX1   | 0.035 |   1.206 |    3.622 | 
     | 25                                                 |              |          |       |         |          | 
     | picorv32_core_genblk1.pcpi_mul_mul_2371_47_cdnfadd | CI v -> CO v | ADDFX1   | 0.033 |   1.239 |    3.655 | 
     | 26                                                 |              |          |       |         |          | 
     | picorv32_core_genblk1.pcpi_mul_mul_2371_47_cdnfadd | CI v -> CO v | ADDFX1   | 0.034 |   1.273 |    3.690 | 
     | 27                                                 |              |          |       |         |          | 
     | picorv32_core_genblk1.pcpi_mul_mul_2371_47_cdnfadd | CI v -> CO v | ADDFX1   | 0.034 |   1.307 |    3.723 | 
     | 28                                                 |              |          |       |         |          | 
     | picorv32_core_genblk1.pcpi_mul_mul_2371_47_cdnfadd | CI v -> CO v | ADDFX1   | 0.034 |   1.341 |    3.757 | 
     | 29                                                 |              |          |       |         |          | 
     | picorv32_core_genblk1.pcpi_mul_mul_2371_47_cdnfadd | CI v -> CO v | ADDFX1   | 0.035 |   1.375 |    3.792 | 
     | 30                                                 |              |          |       |         |          | 
     | picorv32_core_genblk1.pcpi_mul_mul_2371_47_cdnfadd | CI v -> CO v | ADDFX1   | 0.039 |   1.414 |    3.830 | 
     | 31                                                 |              |          |       |         |          | 
     | picorv32_core_genblk1.pcpi_mul_mul_2371_47_cdnfadd | CI v -> CO v | ADDFX1   | 0.036 |   1.450 |    3.866 | 
     | 32                                                 |              |          |       |         |          | 
     | picorv32_core_genblk1.pcpi_mul_mul_2371_47_cdnfadd | CI v -> CO v | ADDFX1   | 0.034 |   1.484 |    3.900 | 
     | 33                                                 |              |          |       |         |          | 
     | picorv32_core_genblk1.pcpi_mul_mul_2371_47_cdnfadd | CI v -> S ^  | ADDFX1   | 0.067 |   1.551 |    3.967 | 
     | 34                                                 |              |          |       |         |          | 
     | picorv32_core_genblk1.pcpi_mul_rd_reg[34]          | D ^          | DFFQXL   | 0.001 |   1.552 |    3.968 | 
     +-----------------------------------------------------------------------------------------------------------+ 
Path 40: MET Setup Check with Pin picorv32_core_reg_next_pc_reg[22]/CK 
Endpoint:   picorv32_core_reg_next_pc_reg[22]/D (v) checked with  leading edge 
of 'clk'
Beginpoint: picorv32_core_irq_mask_reg[12]/Q    (^) triggered by  leading edge 
of 'clk'
Path Groups: {reg2reg}
Analysis View: analysis1
Other End Arrival Time         -0.000
- Setup                         0.006
+ Phase Shift                   4.000
- Uncertainty                   0.020
= Required Time                 3.974
- Arrival Time                  1.556
= Slack Time                    2.418
     Clock Rise Edge                 0.000
     + Clock Network Latency (Prop)  0.000
     = Beginpoint Arrival Time       0.000
     +------------------------------------------------------------------------------------------------------+ 
     |                   Instance                   |     Arc      |   Cell    | Delay | Arrival | Required | 
     |                                              |              |           |       |  Time   |   Time   | 
     |----------------------------------------------+--------------+-----------+-------+---------+----------| 
     | picorv32_core_irq_mask_reg[12]               | CK ^         |           |       |   0.000 |    2.418 | 
     | picorv32_core_irq_mask_reg[12]               | CK ^ -> Q ^  | DFFHQX1   | 0.044 |   0.044 |    2.462 | 
     | picorv32_core_g88708__2883                   | AN ^ -> Y ^  | NAND2BX1  | 0.038 |   0.082 |    2.501 | 
     | picorv32_core_g88395__5115                   | B ^ -> Y ^   | AND4XL    | 0.044 |   0.126 |    2.544 | 
     | picorv32_core_g88377__2398                   | D ^ -> Y ^   | AND4XL    | 0.034 |   0.160 |    2.578 | 
     | picorv32_core_g88366__6161                   | D ^ -> Y ^   | AND4XL    | 0.040 |   0.199 |    2.618 | 
     | picorv32_core_g88356__5122                   | D ^ -> Y ^   | AND4XL    | 0.055 |   0.254 |    2.673 | 
     | picorv32_core_g88349__6783                   | D ^ -> Y ^   | AND4XL    | 0.050 |   0.304 |    2.722 | 
     | picorv32_core_g88343__6260                   | D ^ -> Y ^   | AND4XL    | 0.059 |   0.364 |    2.782 | 
     | picorv32_core_g88337__1666                   | D ^ -> Y ^   | AND4XL    | 0.042 |   0.405 |    2.824 | 
     | picorv32_core_g88335__2883                   | D ^ -> Y ^   | AND4XL    | 0.042 |   0.447 |    2.866 | 
     | picorv32_core_g88333__9315                   | D ^ -> Y ^   | AND4X1    | 0.039 |   0.486 |    2.904 | 
     | picorv32_core_g88331__4733                   | D ^ -> Y v   | NAND4XL   | 0.025 |   0.511 |    2.929 | 
     | picorv32_core_g88330__7482                   | B v -> Y ^   | NOR2BX1   | 0.079 |   0.590 |    3.008 | 
     | picorv32_core_g88328__1881                   | D ^ -> Y ^   | OR4X1     | 0.030 |   0.620 |    3.038 | 
     | picorv32_core_g88326__6131                   | B ^ -> Y v   | NAND2BX1  | 0.033 |   0.653 |    3.071 | 
     | picorv32_core_g88325__7098                   | AN v -> Y v  | NAND2BX1  | 0.026 |   0.679 |    3.097 | 
     | picorv32_core_g88323__5122                   | AN v -> Y v  | NAND2BX1  | 0.018 |   0.697 |    3.115 | 
     | picorv32_core_g88322__1705                   | B v -> Y v   | OR2X1     | 0.074 |   0.771 |    3.189 | 
     | picorv32_core_g88320__1617                   | B v -> Y ^   | NOR2BX1   | 0.054 |   0.825 |    3.243 | 
     | picorv32_core_add_1569_33_Y_add_1552_33_g763 | B ^ -> CO ^  | ADDHX1    | 0.028 |   0.853 |    3.271 | 
     | picorv32_core_add_1569_33_Y_add_1552_33_g762 | CI ^ -> CO ^ | ADDFX1    | 0.030 |   0.884 |    3.302 | 
     | picorv32_core_add_1569_33_Y_add_1552_33_g761 | CI ^ -> CO ^ | ADDFX1    | 0.030 |   0.914 |    3.332 | 
     | picorv32_core_add_1569_33_Y_add_1552_33_g760 | CI ^ -> CO ^ | ADDFX1    | 0.031 |   0.945 |    3.363 | 
     | picorv32_core_add_1569_33_Y_add_1552_33_g759 | CI ^ -> CO ^ | ADDFX1    | 0.031 |   0.976 |    3.394 | 
     | picorv32_core_add_1569_33_Y_add_1552_33_g758 | CI ^ -> CO ^ | ADDFX1    | 0.031 |   1.007 |    3.425 | 
     | picorv32_core_add_1569_33_Y_add_1552_33_g757 | CI ^ -> CO ^ | ADDFX1    | 0.031 |   1.038 |    3.456 | 
     | picorv32_core_add_1569_33_Y_add_1552_33_g756 | CI ^ -> CO ^ | ADDFX1    | 0.032 |   1.071 |    3.489 | 
     | picorv32_core_add_1569_33_Y_add_1552_33_g755 | CI ^ -> CO ^ | ADDFX1    | 0.030 |   1.101 |    3.519 | 
     | picorv32_core_add_1569_33_Y_add_1552_33_g754 | CI ^ -> CO ^ | ADDFX1    | 0.031 |   1.132 |    3.550 | 
     | picorv32_core_add_1569_33_Y_add_1552_33_g753 | CI ^ -> CO ^ | ADDFX1    | 0.030 |   1.162 |    3.580 | 
     | picorv32_core_add_1569_33_Y_add_1552_33_g752 | CI ^ -> CO ^ | ADDFX1    | 0.032 |   1.195 |    3.613 | 
     | picorv32_core_add_1569_33_Y_add_1552_33_g751 | CI ^ -> CO ^ | ADDFX1    | 0.031 |   1.226 |    3.644 | 
     | picorv32_core_add_1569_33_Y_add_1552_33_g750 | CI ^ -> CO ^ | ADDFX1    | 0.032 |   1.258 |    3.676 | 
     | picorv32_core_add_1569_33_Y_add_1552_33_g749 | CI ^ -> CO ^ | ADDFX1    | 0.031 |   1.289 |    3.707 | 
     | picorv32_core_add_1569_33_Y_add_1552_33_g748 | CI ^ -> CO ^ | ADDFX1    | 0.030 |   1.319 |    3.737 | 
     | picorv32_core_add_1569_33_Y_add_1552_33_g747 | CI ^ -> CO ^ | ADDFX1    | 0.031 |   1.350 |    3.768 | 
     | picorv32_core_add_1569_33_Y_add_1552_33_g746 | CI ^ -> CO ^ | ADDFX1    | 0.031 |   1.381 |    3.799 | 
     | picorv32_core_add_1569_33_Y_add_1552_33_g745 | CI ^ -> CO ^ | ADDFX1    | 0.033 |   1.414 |    3.832 | 
     | picorv32_core_add_1569_33_Y_add_1552_33_g744 | CI ^ -> CO ^ | ADDFX1    | 0.031 |   1.445 |    3.863 | 
     | picorv32_core_add_1569_33_Y_add_1552_33_g743 | CI ^ -> CO ^ | ADDFX1    | 0.031 |   1.475 |    3.894 | 
     | picorv32_core_add_1569_33_Y_add_1552_33_g742 | CI ^ -> S v  | ADDFX1    | 0.046 |   1.522 |    3.940 | 
     | picorv32_core_g190245__6161                  | B1 v -> Y ^  | AOI22X1   | 0.014 |   1.536 |    3.954 | 
     | picorv32_core_g190213__1881                  | B0 ^ -> Y v  | OAI2BB1X1 | 0.020 |   1.556 |    3.974 | 
     | picorv32_core_reg_next_pc_reg[22]            | D v          | DFFHQX1   | 0.000 |   1.556 |    3.974 | 
     +------------------------------------------------------------------------------------------------------+ 
Path 41: MET Setup Check with Pin picorv32_core_count_instr_reg[63]/CK 
Endpoint:   picorv32_core_count_instr_reg[63]/D (^) checked with  leading edge 
of 'clk'
Beginpoint: picorv32_core_count_instr_reg[1]/Q  (^) triggered by  leading edge 
of 'clk'
Path Groups: {reg2reg}
Analysis View: analysis1
Other End Arrival Time          0.004
- Setup                         0.016
+ Phase Shift                   4.000
- Uncertainty                   0.020
= Required Time                 3.968
- Arrival Time                  1.540
= Slack Time                    2.428
     Clock Rise Edge                 0.000
     + Clock Network Latency (Prop)  -0.001
     = Beginpoint Arrival Time       -0.001
     +--------------------------------------------------------------------------------------------+ 
     |              Instance               |     Arc     |   Cell    | Delay | Arrival | Required | 
     |                                     |             |           |       |  Time   |   Time   | 
     |-------------------------------------+-------------+-----------+-------+---------+----------| 
     | picorv32_core_count_instr_reg[1]    | CK ^        |           |       |  -0.001 |    2.427 | 
     | picorv32_core_count_instr_reg[1]    | CK ^ -> Q ^ | DFFHQX1   | 0.042 |   0.041 |    2.469 | 
     | picorv32_core_inc_add_1564_34_g1249 | A ^ -> CO ^ | ADDHX1    | 0.023 |   0.064 |    2.492 | 
     | picorv32_core_inc_add_1564_34_g1248 | B ^ -> CO ^ | ADDHX1    | 0.022 |   0.086 |    2.514 | 
     | picorv32_core_inc_add_1564_34_g1247 | B ^ -> CO ^ | ADDHX1    | 0.022 |   0.108 |    2.536 | 
     | picorv32_core_inc_add_1564_34_g1246 | B ^ -> CO ^ | ADDHX1    | 0.021 |   0.129 |    2.557 | 
     | picorv32_core_inc_add_1564_34_g1245 | B ^ -> CO ^ | ADDHX1    | 0.022 |   0.151 |    2.579 | 
     | picorv32_core_inc_add_1564_34_g1244 | B ^ -> CO ^ | ADDHX1    | 0.024 |   0.175 |    2.603 | 
     | picorv32_core_inc_add_1564_34_g1243 | B ^ -> CO ^ | ADDHX1    | 0.022 |   0.197 |    2.625 | 
     | picorv32_core_inc_add_1564_34_g1242 | B ^ -> CO ^ | ADDHX1    | 0.021 |   0.218 |    2.646 | 
     | picorv32_core_inc_add_1564_34_g1241 | B ^ -> CO ^ | ADDHX1    | 0.022 |   0.240 |    2.668 | 
     | picorv32_core_inc_add_1564_34_g1240 | B ^ -> CO ^ | ADDHX1    | 0.021 |   0.261 |    2.689 | 
     | picorv32_core_inc_add_1564_34_g1239 | B ^ -> CO ^ | ADDHX1    | 0.021 |   0.282 |    2.710 | 
     | picorv32_core_inc_add_1564_34_g1238 | B ^ -> CO ^ | ADDHX1    | 0.022 |   0.304 |    2.732 | 
     | picorv32_core_inc_add_1564_34_g1237 | B ^ -> CO ^ | ADDHX1    | 0.021 |   0.325 |    2.753 | 
     | picorv32_core_inc_add_1564_34_g1236 | B ^ -> CO ^ | ADDHX1    | 0.023 |   0.348 |    2.775 | 
     | picorv32_core_inc_add_1564_34_g1235 | B ^ -> CO ^ | ADDHX1    | 0.037 |   0.384 |    2.812 | 
     | picorv32_core_inc_add_1564_34_g1234 | B ^ -> CO ^ | ADDHX1    | 0.026 |   0.410 |    2.838 | 
     | picorv32_core_inc_add_1564_34_g1233 | B ^ -> CO ^ | ADDHX1    | 0.023 |   0.434 |    2.862 | 
     | picorv32_core_inc_add_1564_34_g1232 | B ^ -> CO ^ | ADDHX1    | 0.022 |   0.456 |    2.884 | 
     | picorv32_core_inc_add_1564_34_g1231 | B ^ -> CO ^ | ADDHX1    | 0.022 |   0.478 |    2.906 | 
     | picorv32_core_inc_add_1564_34_g1230 | B ^ -> CO ^ | ADDHX1    | 0.021 |   0.499 |    2.927 | 
     | picorv32_core_inc_add_1564_34_g1229 | B ^ -> CO ^ | ADDHX1    | 0.021 |   0.520 |    2.948 | 
     | picorv32_core_inc_add_1564_34_g1228 | B ^ -> CO ^ | ADDHX1    | 0.021 |   0.541 |    2.969 | 
     | picorv32_core_inc_add_1564_34_g1227 | B ^ -> CO ^ | ADDHX1    | 0.021 |   0.562 |    2.990 | 
     | picorv32_core_inc_add_1564_34_g1226 | B ^ -> CO ^ | ADDHX1    | 0.022 |   0.584 |    3.012 | 
     | picorv32_core_inc_add_1564_34_g1225 | B ^ -> CO ^ | ADDHX1    | 0.022 |   0.607 |    3.035 | 
     | picorv32_core_inc_add_1564_34_g1224 | B ^ -> CO ^ | ADDHX1    | 0.021 |   0.628 |    3.056 | 
     | picorv32_core_inc_add_1564_34_g1223 | B ^ -> CO ^ | ADDHX1    | 0.021 |   0.649 |    3.077 | 
     | picorv32_core_inc_add_1564_34_g1222 | B ^ -> CO ^ | ADDHX1    | 0.021 |   0.670 |    3.098 | 
     | picorv32_core_inc_add_1564_34_g1221 | B ^ -> CO ^ | ADDHX1    | 0.022 |   0.692 |    3.120 | 
     | picorv32_core_inc_add_1564_34_g1220 | B ^ -> CO ^ | ADDHX1    | 0.031 |   0.723 |    3.151 | 
     | picorv32_core_inc_add_1564_34_g1219 | B ^ -> CO ^ | ADDHX1    | 0.052 |   0.775 |    3.203 | 
     | picorv32_core_inc_add_1564_34_g1218 | B ^ -> CO ^ | ADDHX1    | 0.029 |   0.804 |    3.232 | 
     | picorv32_core_inc_add_1564_34_g1217 | B ^ -> CO ^ | ADDHX1    | 0.021 |   0.824 |    3.252 | 
     | picorv32_core_inc_add_1564_34_g1216 | B ^ -> CO ^ | ADDHX1    | 0.021 |   0.846 |    3.274 | 
     | picorv32_core_inc_add_1564_34_g1215 | B ^ -> CO ^ | ADDHX1    | 0.021 |   0.867 |    3.295 | 
     | picorv32_core_inc_add_1564_34_g1214 | B ^ -> CO ^ | ADDHX1    | 0.023 |   0.890 |    3.318 | 
     | picorv32_core_inc_add_1564_34_g1213 | B ^ -> CO ^ | ADDHX1    | 0.021 |   0.911 |    3.339 | 
     | picorv32_core_inc_add_1564_34_g1212 | B ^ -> CO ^ | ADDHX1    | 0.026 |   0.937 |    3.365 | 
     | picorv32_core_inc_add_1564_34_g1211 | B ^ -> CO ^ | ADDHX1    | 0.023 |   0.960 |    3.388 | 
     | picorv32_core_inc_add_1564_34_g1210 | B ^ -> CO ^ | ADDHX1    | 0.022 |   0.981 |    3.409 | 
     | picorv32_core_inc_add_1564_34_g1209 | B ^ -> CO ^ | ADDHX1    | 0.021 |   1.003 |    3.431 | 
     | picorv32_core_inc_add_1564_34_g1208 | B ^ -> CO ^ | ADDHX1    | 0.023 |   1.025 |    3.453 | 
     | picorv32_core_inc_add_1564_34_g1207 | B ^ -> CO ^ | ADDHX1    | 0.021 |   1.046 |    3.474 | 
     | picorv32_core_inc_add_1564_34_g1206 | B ^ -> CO ^ | ADDHX1    | 0.021 |   1.068 |    3.496 | 
     | picorv32_core_inc_add_1564_34_g1205 | B ^ -> CO ^ | ADDHX1    | 0.022 |   1.089 |    3.517 | 
     | picorv32_core_inc_add_1564_34_g1204 | B ^ -> CO ^ | ADDHX1    | 0.022 |   1.111 |    3.539 | 
     | picorv32_core_inc_add_1564_34_g1203 | B ^ -> CO ^ | ADDHX1    | 0.038 |   1.149 |    3.577 | 
     | picorv32_core_inc_add_1564_34_g1202 | B ^ -> CO ^ | ADDHX1    | 0.027 |   1.177 |    3.604 | 
     | picorv32_core_inc_add_1564_34_g1201 | B ^ -> CO ^ | ADDHX1    | 0.022 |   1.198 |    3.626 | 
     | picorv32_core_inc_add_1564_34_g1200 | B ^ -> CO ^ | ADDHX1    | 0.022 |   1.220 |    3.648 | 
     | picorv32_core_inc_add_1564_34_g1199 | B ^ -> CO ^ | ADDHX1    | 0.022 |   1.242 |    3.670 | 
     | picorv32_core_inc_add_1564_34_g1198 | B ^ -> CO ^ | ADDHX1    | 0.021 |   1.264 |    3.692 | 
     | picorv32_core_inc_add_1564_34_g1197 | B ^ -> CO ^ | ADDHX1    | 0.023 |   1.286 |    3.714 | 
     | picorv32_core_inc_add_1564_34_g1196 | B ^ -> CO ^ | ADDHX1    | 0.022 |   1.308 |    3.736 | 
     | picorv32_core_inc_add_1564_34_g1195 | B ^ -> CO ^ | ADDHX1    | 0.023 |   1.330 |    3.758 | 
     | picorv32_core_inc_add_1564_34_g1194 | B ^ -> CO ^ | ADDHX1    | 0.021 |   1.352 |    3.780 | 
     | picorv32_core_inc_add_1564_34_g1193 | B ^ -> CO ^ | ADDHX1    | 0.023 |   1.374 |    3.802 | 
     | picorv32_core_inc_add_1564_34_g1192 | B ^ -> CO ^ | ADDHX1    | 0.021 |   1.396 |    3.824 | 
     | picorv32_core_inc_add_1564_34_g1191 | B ^ -> CO ^ | ADDHX1    | 0.022 |   1.418 |    3.846 | 
     | picorv32_core_inc_add_1564_34_g1190 | B ^ -> CO ^ | ADDHX1    | 0.022 |   1.439 |    3.867 | 
     | picorv32_core_inc_add_1564_34_g1189 | B ^ -> CO ^ | ADDHX1    | 0.022 |   1.461 |    3.889 | 
     | picorv32_core_inc_add_1564_34_g1188 | B ^ -> CO ^ | ADDHX1    | 0.021 |   1.482 |    3.910 | 
     | picorv32_core_inc_add_1564_34_g1187 | B ^ -> Y ^  | CLKXOR2X1 | 0.021 |   1.503 |    3.931 | 
     | picorv32_core_g194709               | A ^ -> Y v  | MXI2XL    | 0.017 |   1.520 |    3.948 | 
     | picorv32_core_g193778               | B v -> Y ^  | NOR2X1    | 0.020 |   1.540 |    3.968 | 
     | picorv32_core_count_instr_reg[63]   | D ^         | DFFHQX1   | 0.000 |   1.540 |    3.968 | 
     +--------------------------------------------------------------------------------------------+ 
Path 42: MET Setup Check with Pin picorv32_core_count_instr_reg[62]/CK 
Endpoint:   picorv32_core_count_instr_reg[62]/D (^) checked with  leading edge 
of 'clk'
Beginpoint: picorv32_core_count_instr_reg[1]/Q  (^) triggered by  leading edge 
of 'clk'
Path Groups: {reg2reg}
Analysis View: analysis1
Other End Arrival Time          0.004
- Setup                         0.016
+ Phase Shift                   4.000
- Uncertainty                   0.020
= Required Time                 3.968
- Arrival Time                  1.519
= Slack Time                    2.448
     Clock Rise Edge                 0.000
     + Clock Network Latency (Prop)  -0.001
     = Beginpoint Arrival Time       -0.001
     +------------------------------------------------------------------------------------------+ 
     |              Instance               |     Arc     |  Cell   | Delay | Arrival | Required | 
     |                                     |             |         |       |  Time   |   Time   | 
     |-------------------------------------+-------------+---------+-------+---------+----------| 
     | picorv32_core_count_instr_reg[1]    | CK ^        |         |       |  -0.001 |    2.447 | 
     | picorv32_core_count_instr_reg[1]    | CK ^ -> Q ^ | DFFHQX1 | 0.042 |   0.041 |    2.489 | 
     | picorv32_core_inc_add_1564_34_g1249 | A ^ -> CO ^ | ADDHX1  | 0.023 |   0.064 |    2.512 | 
     | picorv32_core_inc_add_1564_34_g1248 | B ^ -> CO ^ | ADDHX1  | 0.022 |   0.086 |    2.534 | 
     | picorv32_core_inc_add_1564_34_g1247 | B ^ -> CO ^ | ADDHX1  | 0.022 |   0.108 |    2.556 | 
     | picorv32_core_inc_add_1564_34_g1246 | B ^ -> CO ^ | ADDHX1  | 0.021 |   0.129 |    2.577 | 
     | picorv32_core_inc_add_1564_34_g1245 | B ^ -> CO ^ | ADDHX1  | 0.022 |   0.151 |    2.599 | 
     | picorv32_core_inc_add_1564_34_g1244 | B ^ -> CO ^ | ADDHX1  | 0.024 |   0.175 |    2.623 | 
     | picorv32_core_inc_add_1564_34_g1243 | B ^ -> CO ^ | ADDHX1  | 0.022 |   0.197 |    2.645 | 
     | picorv32_core_inc_add_1564_34_g1242 | B ^ -> CO ^ | ADDHX1  | 0.021 |   0.218 |    2.666 | 
     | picorv32_core_inc_add_1564_34_g1241 | B ^ -> CO ^ | ADDHX1  | 0.022 |   0.240 |    2.688 | 
     | picorv32_core_inc_add_1564_34_g1240 | B ^ -> CO ^ | ADDHX1  | 0.021 |   0.261 |    2.709 | 
     | picorv32_core_inc_add_1564_34_g1239 | B ^ -> CO ^ | ADDHX1  | 0.021 |   0.282 |    2.730 | 
     | picorv32_core_inc_add_1564_34_g1238 | B ^ -> CO ^ | ADDHX1  | 0.022 |   0.304 |    2.752 | 
     | picorv32_core_inc_add_1564_34_g1237 | B ^ -> CO ^ | ADDHX1  | 0.021 |   0.325 |    2.773 | 
     | picorv32_core_inc_add_1564_34_g1236 | B ^ -> CO ^ | ADDHX1  | 0.023 |   0.348 |    2.796 | 
     | picorv32_core_inc_add_1564_34_g1235 | B ^ -> CO ^ | ADDHX1  | 0.037 |   0.384 |    2.833 | 
     | picorv32_core_inc_add_1564_34_g1234 | B ^ -> CO ^ | ADDHX1  | 0.026 |   0.410 |    2.859 | 
     | picorv32_core_inc_add_1564_34_g1233 | B ^ -> CO ^ | ADDHX1  | 0.023 |   0.434 |    2.882 | 
     | picorv32_core_inc_add_1564_34_g1232 | B ^ -> CO ^ | ADDHX1  | 0.022 |   0.456 |    2.905 | 
     | picorv32_core_inc_add_1564_34_g1231 | B ^ -> CO ^ | ADDHX1  | 0.022 |   0.478 |    2.926 | 
     | picorv32_core_inc_add_1564_34_g1230 | B ^ -> CO ^ | ADDHX1  | 0.021 |   0.499 |    2.947 | 
     | picorv32_core_inc_add_1564_34_g1229 | B ^ -> CO ^ | ADDHX1  | 0.021 |   0.520 |    2.968 | 
     | picorv32_core_inc_add_1564_34_g1228 | B ^ -> CO ^ | ADDHX1  | 0.021 |   0.541 |    2.989 | 
     | picorv32_core_inc_add_1564_34_g1227 | B ^ -> CO ^ | ADDHX1  | 0.021 |   0.562 |    3.010 | 
     | picorv32_core_inc_add_1564_34_g1226 | B ^ -> CO ^ | ADDHX1  | 0.022 |   0.584 |    3.033 | 
     | picorv32_core_inc_add_1564_34_g1225 | B ^ -> CO ^ | ADDHX1  | 0.022 |   0.607 |    3.055 | 
     | picorv32_core_inc_add_1564_34_g1224 | B ^ -> CO ^ | ADDHX1  | 0.021 |   0.628 |    3.076 | 
     | picorv32_core_inc_add_1564_34_g1223 | B ^ -> CO ^ | ADDHX1  | 0.021 |   0.649 |    3.097 | 
     | picorv32_core_inc_add_1564_34_g1222 | B ^ -> CO ^ | ADDHX1  | 0.021 |   0.670 |    3.118 | 
     | picorv32_core_inc_add_1564_34_g1221 | B ^ -> CO ^ | ADDHX1  | 0.022 |   0.692 |    3.140 | 
     | picorv32_core_inc_add_1564_34_g1220 | B ^ -> CO ^ | ADDHX1  | 0.031 |   0.723 |    3.171 | 
     | picorv32_core_inc_add_1564_34_g1219 | B ^ -> CO ^ | ADDHX1  | 0.052 |   0.775 |    3.223 | 
     | picorv32_core_inc_add_1564_34_g1218 | B ^ -> CO ^ | ADDHX1  | 0.029 |   0.804 |    3.252 | 
     | picorv32_core_inc_add_1564_34_g1217 | B ^ -> CO ^ | ADDHX1  | 0.021 |   0.824 |    3.273 | 
     | picorv32_core_inc_add_1564_34_g1216 | B ^ -> CO ^ | ADDHX1  | 0.021 |   0.846 |    3.294 | 
     | picorv32_core_inc_add_1564_34_g1215 | B ^ -> CO ^ | ADDHX1  | 0.021 |   0.867 |    3.315 | 
     | picorv32_core_inc_add_1564_34_g1214 | B ^ -> CO ^ | ADDHX1  | 0.023 |   0.890 |    3.338 | 
     | picorv32_core_inc_add_1564_34_g1213 | B ^ -> CO ^ | ADDHX1  | 0.021 |   0.911 |    3.359 | 
     | picorv32_core_inc_add_1564_34_g1212 | B ^ -> CO ^ | ADDHX1  | 0.026 |   0.937 |    3.385 | 
     | picorv32_core_inc_add_1564_34_g1211 | B ^ -> CO ^ | ADDHX1  | 0.023 |   0.960 |    3.408 | 
     | picorv32_core_inc_add_1564_34_g1210 | B ^ -> CO ^ | ADDHX1  | 0.022 |   0.981 |    3.430 | 
     | picorv32_core_inc_add_1564_34_g1209 | B ^ -> CO ^ | ADDHX1  | 0.021 |   1.003 |    3.451 | 
     | picorv32_core_inc_add_1564_34_g1208 | B ^ -> CO ^ | ADDHX1  | 0.023 |   1.025 |    3.474 | 
     | picorv32_core_inc_add_1564_34_g1207 | B ^ -> CO ^ | ADDHX1  | 0.021 |   1.046 |    3.495 | 
     | picorv32_core_inc_add_1564_34_g1206 | B ^ -> CO ^ | ADDHX1  | 0.021 |   1.068 |    3.516 | 
     | picorv32_core_inc_add_1564_34_g1205 | B ^ -> CO ^ | ADDHX1  | 0.022 |   1.089 |    3.538 | 
     | picorv32_core_inc_add_1564_34_g1204 | B ^ -> CO ^ | ADDHX1  | 0.022 |   1.111 |    3.560 | 
     | picorv32_core_inc_add_1564_34_g1203 | B ^ -> CO ^ | ADDHX1  | 0.038 |   1.149 |    3.597 | 
     | picorv32_core_inc_add_1564_34_g1202 | B ^ -> CO ^ | ADDHX1  | 0.027 |   1.177 |    3.625 | 
     | picorv32_core_inc_add_1564_34_g1201 | B ^ -> CO ^ | ADDHX1  | 0.022 |   1.198 |    3.647 | 
     | picorv32_core_inc_add_1564_34_g1200 | B ^ -> CO ^ | ADDHX1  | 0.022 |   1.220 |    3.668 | 
     | picorv32_core_inc_add_1564_34_g1199 | B ^ -> CO ^ | ADDHX1  | 0.022 |   1.242 |    3.691 | 
     | picorv32_core_inc_add_1564_34_g1198 | B ^ -> CO ^ | ADDHX1  | 0.021 |   1.264 |    3.712 | 
     | picorv32_core_inc_add_1564_34_g1197 | B ^ -> CO ^ | ADDHX1  | 0.023 |   1.286 |    3.735 | 
     | picorv32_core_inc_add_1564_34_g1196 | B ^ -> CO ^ | ADDHX1  | 0.022 |   1.308 |    3.756 | 
     | picorv32_core_inc_add_1564_34_g1195 | B ^ -> CO ^ | ADDHX1  | 0.023 |   1.330 |    3.779 | 
     | picorv32_core_inc_add_1564_34_g1194 | B ^ -> CO ^ | ADDHX1  | 0.021 |   1.352 |    3.800 | 
     | picorv32_core_inc_add_1564_34_g1193 | B ^ -> CO ^ | ADDHX1  | 0.023 |   1.374 |    3.823 | 
     | picorv32_core_inc_add_1564_34_g1192 | B ^ -> CO ^ | ADDHX1  | 0.021 |   1.396 |    3.844 | 
     | picorv32_core_inc_add_1564_34_g1191 | B ^ -> CO ^ | ADDHX1  | 0.022 |   1.418 |    3.866 | 
     | picorv32_core_inc_add_1564_34_g1190 | B ^ -> CO ^ | ADDHX1  | 0.022 |   1.439 |    3.888 | 
     | picorv32_core_inc_add_1564_34_g1189 | B ^ -> CO ^ | ADDHX1  | 0.022 |   1.461 |    3.910 | 
     | picorv32_core_inc_add_1564_34_g1188 | B ^ -> S ^  | ADDHX1  | 0.021 |   1.482 |    3.930 | 
     | picorv32_core_g194708               | A ^ -> Y v  | MXI2XL  | 0.017 |   1.499 |    3.947 | 
     | picorv32_core_g193777               | B v -> Y ^  | NOR2X1  | 0.021 |   1.519 |    3.968 | 
     | picorv32_core_count_instr_reg[62]   | D ^         | DFFHQX1 | 0.000 |   1.519 |    3.968 | 
     +------------------------------------------------------------------------------------------+ 
Path 43: MET Setup Check with Pin picorv32_core_reg_next_pc_reg[21]/CK 
Endpoint:   picorv32_core_reg_next_pc_reg[21]/D (v) checked with  leading edge 
of 'clk'
Beginpoint: picorv32_core_irq_mask_reg[12]/Q    (^) triggered by  leading edge 
of 'clk'
Path Groups: {reg2reg}
Analysis View: analysis1
Other End Arrival Time         -0.000
- Setup                         0.006
+ Phase Shift                   4.000
- Uncertainty                   0.020
= Required Time                 3.974
- Arrival Time                  1.525
= Slack Time                    2.449
     Clock Rise Edge                 0.000
     + Clock Network Latency (Prop)  0.000
     = Beginpoint Arrival Time       0.000
     +------------------------------------------------------------------------------------------------------+ 
     |                   Instance                   |     Arc      |   Cell    | Delay | Arrival | Required | 
     |                                              |              |           |       |  Time   |   Time   | 
     |----------------------------------------------+--------------+-----------+-------+---------+----------| 
     | picorv32_core_irq_mask_reg[12]               | CK ^         |           |       |   0.000 |    2.449 | 
     | picorv32_core_irq_mask_reg[12]               | CK ^ -> Q ^  | DFFHQX1   | 0.044 |   0.044 |    2.493 | 
     | picorv32_core_g88708__2883                   | AN ^ -> Y ^  | NAND2BX1  | 0.038 |   0.082 |    2.531 | 
     | picorv32_core_g88395__5115                   | B ^ -> Y ^   | AND4XL    | 0.044 |   0.126 |    2.575 | 
     | picorv32_core_g88377__2398                   | D ^ -> Y ^   | AND4XL    | 0.034 |   0.160 |    2.609 | 
     | picorv32_core_g88366__6161                   | D ^ -> Y ^   | AND4XL    | 0.040 |   0.199 |    2.648 | 
     | picorv32_core_g88356__5122                   | D ^ -> Y ^   | AND4XL    | 0.055 |   0.254 |    2.703 | 
     | picorv32_core_g88349__6783                   | D ^ -> Y ^   | AND4XL    | 0.050 |   0.304 |    2.753 | 
     | picorv32_core_g88343__6260                   | D ^ -> Y ^   | AND4XL    | 0.059 |   0.364 |    2.812 | 
     | picorv32_core_g88337__1666                   | D ^ -> Y ^   | AND4XL    | 0.042 |   0.405 |    2.854 | 
     | picorv32_core_g88335__2883                   | D ^ -> Y ^   | AND4XL    | 0.042 |   0.447 |    2.896 | 
     | picorv32_core_g88333__9315                   | D ^ -> Y ^   | AND4X1    | 0.039 |   0.486 |    2.935 | 
     | picorv32_core_g88331__4733                   | D ^ -> Y v   | NAND4XL   | 0.025 |   0.511 |    2.960 | 
     | picorv32_core_g88330__7482                   | B v -> Y ^   | NOR2BX1   | 0.079 |   0.590 |    3.039 | 
     | picorv32_core_g88328__1881                   | D ^ -> Y ^   | OR4X1     | 0.030 |   0.620 |    3.069 | 
     | picorv32_core_g88326__6131                   | B ^ -> Y v   | NAND2BX1  | 0.033 |   0.653 |    3.102 | 
     | picorv32_core_g88325__7098                   | AN v -> Y v  | NAND2BX1  | 0.026 |   0.679 |    3.127 | 
     | picorv32_core_g88323__5122                   | AN v -> Y v  | NAND2BX1  | 0.018 |   0.697 |    3.145 | 
     | picorv32_core_g88322__1705                   | B v -> Y v   | OR2X1     | 0.074 |   0.771 |    3.220 | 
     | picorv32_core_g88320__1617                   | B v -> Y ^   | NOR2BX1   | 0.054 |   0.825 |    3.273 | 
     | picorv32_core_add_1569_33_Y_add_1552_33_g763 | B ^ -> CO ^  | ADDHX1    | 0.028 |   0.853 |    3.302 | 
     | picorv32_core_add_1569_33_Y_add_1552_33_g762 | CI ^ -> CO ^ | ADDFX1    | 0.030 |   0.884 |    3.332 | 
     | picorv32_core_add_1569_33_Y_add_1552_33_g761 | CI ^ -> CO ^ | ADDFX1    | 0.030 |   0.914 |    3.362 | 
     | picorv32_core_add_1569_33_Y_add_1552_33_g760 | CI ^ -> CO ^ | ADDFX1    | 0.031 |   0.945 |    3.394 | 
     | picorv32_core_add_1569_33_Y_add_1552_33_g759 | CI ^ -> CO ^ | ADDFX1    | 0.031 |   0.976 |    3.425 | 
     | picorv32_core_add_1569_33_Y_add_1552_33_g758 | CI ^ -> CO ^ | ADDFX1    | 0.031 |   1.007 |    3.456 | 
     | picorv32_core_add_1569_33_Y_add_1552_33_g757 | CI ^ -> CO ^ | ADDFX1    | 0.031 |   1.038 |    3.487 | 
     | picorv32_core_add_1569_33_Y_add_1552_33_g756 | CI ^ -> CO ^ | ADDFX1    | 0.032 |   1.071 |    3.519 | 
     | picorv32_core_add_1569_33_Y_add_1552_33_g755 | CI ^ -> CO ^ | ADDFX1    | 0.030 |   1.101 |    3.550 | 
     | picorv32_core_add_1569_33_Y_add_1552_33_g754 | CI ^ -> CO ^ | ADDFX1    | 0.031 |   1.132 |    3.581 | 
     | picorv32_core_add_1569_33_Y_add_1552_33_g753 | CI ^ -> CO ^ | ADDFX1    | 0.030 |   1.162 |    3.611 | 
     | picorv32_core_add_1569_33_Y_add_1552_33_g752 | CI ^ -> CO ^ | ADDFX1    | 0.032 |   1.195 |    3.643 | 
     | picorv32_core_add_1569_33_Y_add_1552_33_g751 | CI ^ -> CO ^ | ADDFX1    | 0.031 |   1.226 |    3.675 | 
     | picorv32_core_add_1569_33_Y_add_1552_33_g750 | CI ^ -> CO ^ | ADDFX1    | 0.032 |   1.258 |    3.706 | 
     | picorv32_core_add_1569_33_Y_add_1552_33_g749 | CI ^ -> CO ^ | ADDFX1    | 0.031 |   1.289 |    3.737 | 
     | picorv32_core_add_1569_33_Y_add_1552_33_g748 | CI ^ -> CO ^ | ADDFX1    | 0.030 |   1.319 |    3.768 | 
     | picorv32_core_add_1569_33_Y_add_1552_33_g747 | CI ^ -> CO ^ | ADDFX1    | 0.031 |   1.350 |    3.799 | 
     | picorv32_core_add_1569_33_Y_add_1552_33_g746 | CI ^ -> CO ^ | ADDFX1    | 0.031 |   1.381 |    3.829 | 
     | picorv32_core_add_1569_33_Y_add_1552_33_g745 | CI ^ -> CO ^ | ADDFX1    | 0.033 |   1.414 |    3.863 | 
     | picorv32_core_add_1569_33_Y_add_1552_33_g744 | CI ^ -> CO ^ | ADDFX1    | 0.031 |   1.445 |    3.893 | 
     | picorv32_core_add_1569_33_Y_add_1552_33_g743 | CI ^ -> S v  | ADDFX1    | 0.046 |   1.491 |    3.939 | 
     | picorv32_core_g190244__4733                  | B1 v -> Y ^  | AOI22X1   | 0.014 |   1.505 |    3.954 | 
     | picorv32_core_g190215__7482                  | B0 ^ -> Y v  | OAI2BB1X1 | 0.020 |   1.525 |    3.974 | 
     | picorv32_core_reg_next_pc_reg[21]            | D v          | DFFHQX1   | 0.000 |   1.525 |    3.974 | 
     +------------------------------------------------------------------------------------------------------+ 
Path 44: MET Setup Check with Pin picorv32_core_genblk1.pcpi_mul_rd_reg[33]/CK 
Endpoint:   picorv32_core_genblk1.pcpi_mul_rd_reg[33]/D (^) checked with  
leading edge of 'clk'
Beginpoint: picorv32_core_genblk1.pcpi_mul_rs2_reg[5]/Q (^) triggered by  
leading edge of 'clk'
Path Groups: {reg2reg}
Analysis View: analysis1
Other End Arrival Time          0.004
- Setup                         0.016
+ Phase Shift                   4.000
- Uncertainty                   0.020
= Required Time                 3.968
- Arrival Time                  1.519
= Slack Time                    2.449
     Clock Rise Edge                 0.000
     + Clock Network Latency (Prop)  0.003
     = Beginpoint Arrival Time       0.003
     +-----------------------------------------------------------------------------------------------------------+ 
     |                      Instance                      |     Arc      |   Cell   | Delay | Arrival | Required | 
     |                                                    |              |          |       |  Time   |   Time   | 
     |----------------------------------------------------+--------------+----------+-------+---------+----------| 
     | picorv32_core_genblk1.pcpi_mul_rs2_reg[5]          | CK ^         |          |       |   0.003 |    2.452 | 
     | picorv32_core_genblk1.pcpi_mul_rs2_reg[5]          | CK ^ -> Q ^  | MDFFHQX1 | 0.126 |   0.129 |    2.578 | 
     | picorv32_core_genblk1.pcpi_mul_mul_2371_47_g14046  | A ^ -> Y v   | INVX1    | 0.049 |   0.178 |    2.627 | 
     | picorv32_core_genblk1.pcpi_mul_mul_2371_47_g13987  | B v -> Y ^   | XNOR2X1  | 0.031 |   0.209 |    2.657 | 
     | picorv32_core_genblk1.pcpi_mul_mul_2371_47_g13897  | A ^ -> Y ^   | OR2X1    | 0.086 |   0.295 |    2.743 | 
     | picorv32_core_genblk1.pcpi_mul_mul_2371_47_g13890  | A ^ -> Y v   | INVX1    | 0.052 |   0.346 |    2.795 | 
     | picorv32_core_genblk1.pcpi_mul_mul_2371_47_g13740  | A1 v -> Y ^  | OAI21X1  | 0.027 |   0.374 |    2.823 | 
     | picorv32_core_genblk1.pcpi_mul_mul_2371_47_g13494  | B ^ -> Y ^   | XNOR2X1  | 0.025 |   0.398 |    2.847 | 
     | picorv32_core_genblk1.pcpi_mul_mul_2371_47_g13440  | B ^ -> S v   | ADDHX1   | 0.031 |   0.429 |    2.878 | 
     | picorv32_core_genblk1.pcpi_mul_mul_2371_47_cdnfadd | A v -> CO v  | ADDFX1   | 0.035 |   0.465 |    2.913 | 
     | 3                                                  |              |          |       |         |          | 
     | picorv32_core_genblk1.pcpi_mul_mul_2371_47_cdnfadd | CI v -> CO v | ADDFX1   | 0.034 |   0.499 |    2.947 | 
     | 4                                                  |              |          |       |         |          | 
     | picorv32_core_genblk1.pcpi_mul_mul_2371_47_cdnfadd | CI v -> CO v | ADDFX1   | 0.034 |   0.533 |    2.982 | 
     | 5                                                  |              |          |       |         |          | 
     | picorv32_core_genblk1.pcpi_mul_mul_2371_47_cdnfadd | CI v -> CO v | ADDFX1   | 0.033 |   0.566 |    3.015 | 
     | 6                                                  |              |          |       |         |          | 
     | picorv32_core_genblk1.pcpi_mul_mul_2371_47_cdnfadd | CI v -> CO v | ADDFX1   | 0.034 |   0.600 |    3.049 | 
     | 7                                                  |              |          |       |         |          | 
     | picorv32_core_genblk1.pcpi_mul_mul_2371_47_cdnfadd | CI v -> CO v | ADDFX1   | 0.034 |   0.634 |    3.082 | 
     | 8                                                  |              |          |       |         |          | 
     | picorv32_core_genblk1.pcpi_mul_mul_2371_47_cdnfadd | CI v -> CO v | ADDFX1   | 0.033 |   0.667 |    3.115 | 
     | 9                                                  |              |          |       |         |          | 
     | picorv32_core_genblk1.pcpi_mul_mul_2371_47_cdnfadd | CI v -> CO v | ADDFX1   | 0.034 |   0.700 |    3.149 | 
     | 10                                                 |              |          |       |         |          | 
     | picorv32_core_genblk1.pcpi_mul_mul_2371_47_cdnfadd | CI v -> CO v | ADDFX1   | 0.033 |   0.734 |    3.182 | 
     | 11                                                 |              |          |       |         |          | 
     | picorv32_core_genblk1.pcpi_mul_mul_2371_47_cdnfadd | CI v -> CO v | ADDFX1   | 0.034 |   0.768 |    3.216 | 
     | 12                                                 |              |          |       |         |          | 
     | picorv32_core_genblk1.pcpi_mul_mul_2371_47_cdnfadd | CI v -> CO v | ADDFX1   | 0.034 |   0.801 |    3.250 | 
     | 13                                                 |              |          |       |         |          | 
     | picorv32_core_genblk1.pcpi_mul_mul_2371_47_cdnfadd | CI v -> CO v | ADDFX1   | 0.033 |   0.835 |    3.283 | 
     | 14                                                 |              |          |       |         |          | 
     | picorv32_core_genblk1.pcpi_mul_mul_2371_47_cdnfadd | CI v -> CO v | ADDFX1   | 0.033 |   0.868 |    3.316 | 
     | 15                                                 |              |          |       |         |          | 
     | picorv32_core_genblk1.pcpi_mul_mul_2371_47_cdnfadd | CI v -> CO v | ADDFX1   | 0.033 |   0.901 |    3.350 | 
     | 16                                                 |              |          |       |         |          | 
     | picorv32_core_genblk1.pcpi_mul_mul_2371_47_cdnfadd | CI v -> CO v | ADDFX1   | 0.034 |   0.934 |    3.383 | 
     | 17                                                 |              |          |       |         |          | 
     | picorv32_core_genblk1.pcpi_mul_mul_2371_47_cdnfadd | CI v -> CO v | ADDFX1   | 0.033 |   0.968 |    3.416 | 
     | 18                                                 |              |          |       |         |          | 
     | picorv32_core_genblk1.pcpi_mul_mul_2371_47_cdnfadd | CI v -> CO v | ADDFX1   | 0.034 |   1.001 |    3.450 | 
     | 19                                                 |              |          |       |         |          | 
     | picorv32_core_genblk1.pcpi_mul_mul_2371_47_cdnfadd | CI v -> CO v | ADDFX1   | 0.034 |   1.036 |    3.484 | 
     | 20                                                 |              |          |       |         |          | 
     | picorv32_core_genblk1.pcpi_mul_mul_2371_47_cdnfadd | CI v -> CO v | ADDFX1   | 0.033 |   1.069 |    3.518 | 
     | 21                                                 |              |          |       |         |          | 
     | picorv32_core_genblk1.pcpi_mul_mul_2371_47_cdnfadd | CI v -> CO v | ADDFX1   | 0.033 |   1.102 |    3.551 | 
     | 22                                                 |              |          |       |         |          | 
     | picorv32_core_genblk1.pcpi_mul_mul_2371_47_cdnfadd | CI v -> CO v | ADDFX1   | 0.033 |   1.136 |    3.584 | 
     | 23                                                 |              |          |       |         |          | 
     | picorv32_core_genblk1.pcpi_mul_mul_2371_47_cdnfadd | CI v -> CO v | ADDFX1   | 0.035 |   1.171 |    3.620 | 
     | 24                                                 |              |          |       |         |          | 
     | picorv32_core_genblk1.pcpi_mul_mul_2371_47_cdnfadd | CI v -> CO v | ADDFX1   | 0.035 |   1.206 |    3.654 | 
     | 25                                                 |              |          |       |         |          | 
     | picorv32_core_genblk1.pcpi_mul_mul_2371_47_cdnfadd | CI v -> CO v | ADDFX1   | 0.033 |   1.239 |    3.688 | 
     | 26                                                 |              |          |       |         |          | 
     | picorv32_core_genblk1.pcpi_mul_mul_2371_47_cdnfadd | CI v -> CO v | ADDFX1   | 0.034 |   1.273 |    3.722 | 
     | 27                                                 |              |          |       |         |          | 
     | picorv32_core_genblk1.pcpi_mul_mul_2371_47_cdnfadd | CI v -> CO v | ADDFX1   | 0.034 |   1.307 |    3.756 | 
     | 28                                                 |              |          |       |         |          | 
     | picorv32_core_genblk1.pcpi_mul_mul_2371_47_cdnfadd | CI v -> CO v | ADDFX1   | 0.034 |   1.341 |    3.790 | 
     | 29                                                 |              |          |       |         |          | 
     | picorv32_core_genblk1.pcpi_mul_mul_2371_47_cdnfadd | CI v -> CO v | ADDFX1   | 0.035 |   1.375 |    3.824 | 
     | 30                                                 |              |          |       |         |          | 
     | picorv32_core_genblk1.pcpi_mul_mul_2371_47_cdnfadd | CI v -> CO v | ADDFX1   | 0.039 |   1.414 |    3.863 | 
     | 31                                                 |              |          |       |         |          | 
     | picorv32_core_genblk1.pcpi_mul_mul_2371_47_cdnfadd | CI v -> CO v | ADDFX1   | 0.036 |   1.450 |    3.899 | 
     | 32                                                 |              |          |       |         |          | 
     | picorv32_core_genblk1.pcpi_mul_mul_2371_47_cdnfadd | CI v -> S ^  | ADDFX1   | 0.069 |   1.518 |    3.967 | 
     | 33                                                 |              |          |       |         |          | 
     | picorv32_core_genblk1.pcpi_mul_rd_reg[33]          | D ^          | DFFQXL   | 0.001 |   1.519 |    3.968 | 
     +-----------------------------------------------------------------------------------------------------------+ 
Path 45: MET Setup Check with Pin picorv32_core_count_instr_reg[61]/CK 
Endpoint:   picorv32_core_count_instr_reg[61]/D (^) checked with  leading edge 
of 'clk'
Beginpoint: picorv32_core_count_instr_reg[1]/Q  (^) triggered by  leading edge 
of 'clk'
Path Groups: {reg2reg}
Analysis View: analysis1
Other End Arrival Time          0.004
- Setup                         0.016
+ Phase Shift                   4.000
- Uncertainty                   0.020
= Required Time                 3.968
- Arrival Time                  1.496
= Slack Time                    2.472
     Clock Rise Edge                 0.000
     + Clock Network Latency (Prop)  -0.001
     = Beginpoint Arrival Time       -0.001
     +------------------------------------------------------------------------------------------+ 
     |              Instance               |     Arc     |  Cell   | Delay | Arrival | Required | 
     |                                     |             |         |       |  Time   |   Time   | 
     |-------------------------------------+-------------+---------+-------+---------+----------| 
     | picorv32_core_count_instr_reg[1]    | CK ^        |         |       |  -0.001 |    2.470 | 
     | picorv32_core_count_instr_reg[1]    | CK ^ -> Q ^ | DFFHQX1 | 0.042 |   0.041 |    2.513 | 
     | picorv32_core_inc_add_1564_34_g1249 | A ^ -> CO ^ | ADDHX1  | 0.023 |   0.064 |    2.535 | 
     | picorv32_core_inc_add_1564_34_g1248 | B ^ -> CO ^ | ADDHX1  | 0.022 |   0.086 |    2.558 | 
     | picorv32_core_inc_add_1564_34_g1247 | B ^ -> CO ^ | ADDHX1  | 0.022 |   0.108 |    2.580 | 
     | picorv32_core_inc_add_1564_34_g1246 | B ^ -> CO ^ | ADDHX1  | 0.021 |   0.129 |    2.601 | 
     | picorv32_core_inc_add_1564_34_g1245 | B ^ -> CO ^ | ADDHX1  | 0.022 |   0.151 |    2.623 | 
     | picorv32_core_inc_add_1564_34_g1244 | B ^ -> CO ^ | ADDHX1  | 0.024 |   0.175 |    2.647 | 
     | picorv32_core_inc_add_1564_34_g1243 | B ^ -> CO ^ | ADDHX1  | 0.022 |   0.197 |    2.668 | 
     | picorv32_core_inc_add_1564_34_g1242 | B ^ -> CO ^ | ADDHX1  | 0.021 |   0.218 |    2.690 | 
     | picorv32_core_inc_add_1564_34_g1241 | B ^ -> CO ^ | ADDHX1  | 0.022 |   0.240 |    2.712 | 
     | picorv32_core_inc_add_1564_34_g1240 | B ^ -> CO ^ | ADDHX1  | 0.021 |   0.261 |    2.733 | 
     | picorv32_core_inc_add_1564_34_g1239 | B ^ -> CO ^ | ADDHX1  | 0.021 |   0.282 |    2.753 | 
     | picorv32_core_inc_add_1564_34_g1238 | B ^ -> CO ^ | ADDHX1  | 0.022 |   0.304 |    2.775 | 
     | picorv32_core_inc_add_1564_34_g1237 | B ^ -> CO ^ | ADDHX1  | 0.021 |   0.325 |    2.797 | 
     | picorv32_core_inc_add_1564_34_g1236 | B ^ -> CO ^ | ADDHX1  | 0.023 |   0.348 |    2.819 | 
     | picorv32_core_inc_add_1564_34_g1235 | B ^ -> CO ^ | ADDHX1  | 0.037 |   0.384 |    2.856 | 
     | picorv32_core_inc_add_1564_34_g1234 | B ^ -> CO ^ | ADDHX1  | 0.026 |   0.410 |    2.882 | 
     | picorv32_core_inc_add_1564_34_g1233 | B ^ -> CO ^ | ADDHX1  | 0.023 |   0.434 |    2.906 | 
     | picorv32_core_inc_add_1564_34_g1232 | B ^ -> CO ^ | ADDHX1  | 0.022 |   0.456 |    2.928 | 
     | picorv32_core_inc_add_1564_34_g1231 | B ^ -> CO ^ | ADDHX1  | 0.022 |   0.478 |    2.950 | 
     | picorv32_core_inc_add_1564_34_g1230 | B ^ -> CO ^ | ADDHX1  | 0.021 |   0.499 |    2.971 | 
     | picorv32_core_inc_add_1564_34_g1229 | B ^ -> CO ^ | ADDHX1  | 0.021 |   0.520 |    2.991 | 
     | picorv32_core_inc_add_1564_34_g1228 | B ^ -> CO ^ | ADDHX1  | 0.021 |   0.541 |    3.012 | 
     | picorv32_core_inc_add_1564_34_g1227 | B ^ -> CO ^ | ADDHX1  | 0.021 |   0.562 |    3.034 | 
     | picorv32_core_inc_add_1564_34_g1226 | B ^ -> CO ^ | ADDHX1  | 0.022 |   0.584 |    3.056 | 
     | picorv32_core_inc_add_1564_34_g1225 | B ^ -> CO ^ | ADDHX1  | 0.022 |   0.607 |    3.078 | 
     | picorv32_core_inc_add_1564_34_g1224 | B ^ -> CO ^ | ADDHX1  | 0.021 |   0.628 |    3.100 | 
     | picorv32_core_inc_add_1564_34_g1223 | B ^ -> CO ^ | ADDHX1  | 0.021 |   0.649 |    3.121 | 
     | picorv32_core_inc_add_1564_34_g1222 | B ^ -> CO ^ | ADDHX1  | 0.021 |   0.670 |    3.142 | 
     | picorv32_core_inc_add_1564_34_g1221 | B ^ -> CO ^ | ADDHX1  | 0.022 |   0.692 |    3.164 | 
     | picorv32_core_inc_add_1564_34_g1220 | B ^ -> CO ^ | ADDHX1  | 0.031 |   0.723 |    3.194 | 
     | picorv32_core_inc_add_1564_34_g1219 | B ^ -> CO ^ | ADDHX1  | 0.052 |   0.775 |    3.246 | 
     | picorv32_core_inc_add_1564_34_g1218 | B ^ -> CO ^ | ADDHX1  | 0.029 |   0.804 |    3.275 | 
     | picorv32_core_inc_add_1564_34_g1217 | B ^ -> CO ^ | ADDHX1  | 0.021 |   0.824 |    3.296 | 
     | picorv32_core_inc_add_1564_34_g1216 | B ^ -> CO ^ | ADDHX1  | 0.021 |   0.846 |    3.318 | 
     | picorv32_core_inc_add_1564_34_g1215 | B ^ -> CO ^ | ADDHX1  | 0.021 |   0.867 |    3.339 | 
     | picorv32_core_inc_add_1564_34_g1214 | B ^ -> CO ^ | ADDHX1  | 0.023 |   0.890 |    3.362 | 
     | picorv32_core_inc_add_1564_34_g1213 | B ^ -> CO ^ | ADDHX1  | 0.021 |   0.911 |    3.383 | 
     | picorv32_core_inc_add_1564_34_g1212 | B ^ -> CO ^ | ADDHX1  | 0.026 |   0.937 |    3.409 | 
     | picorv32_core_inc_add_1564_34_g1211 | B ^ -> CO ^ | ADDHX1  | 0.023 |   0.960 |    3.431 | 
     | picorv32_core_inc_add_1564_34_g1210 | B ^ -> CO ^ | ADDHX1  | 0.022 |   0.981 |    3.453 | 
     | picorv32_core_inc_add_1564_34_g1209 | B ^ -> CO ^ | ADDHX1  | 0.021 |   1.003 |    3.474 | 
     | picorv32_core_inc_add_1564_34_g1208 | B ^ -> CO ^ | ADDHX1  | 0.023 |   1.025 |    3.497 | 
     | picorv32_core_inc_add_1564_34_g1207 | B ^ -> CO ^ | ADDHX1  | 0.021 |   1.046 |    3.518 | 
     | picorv32_core_inc_add_1564_34_g1206 | B ^ -> CO ^ | ADDHX1  | 0.021 |   1.068 |    3.540 | 
     | picorv32_core_inc_add_1564_34_g1205 | B ^ -> CO ^ | ADDHX1  | 0.022 |   1.089 |    3.561 | 
     | picorv32_core_inc_add_1564_34_g1204 | B ^ -> CO ^ | ADDHX1  | 0.022 |   1.111 |    3.583 | 
     | picorv32_core_inc_add_1564_34_g1203 | B ^ -> CO ^ | ADDHX1  | 0.038 |   1.149 |    3.621 | 
     | picorv32_core_inc_add_1564_34_g1202 | B ^ -> CO ^ | ADDHX1  | 0.027 |   1.177 |    3.648 | 
     | picorv32_core_inc_add_1564_34_g1201 | B ^ -> CO ^ | ADDHX1  | 0.022 |   1.198 |    3.670 | 
     | picorv32_core_inc_add_1564_34_g1200 | B ^ -> CO ^ | ADDHX1  | 0.022 |   1.220 |    3.692 | 
     | picorv32_core_inc_add_1564_34_g1199 | B ^ -> CO ^ | ADDHX1  | 0.022 |   1.242 |    3.714 | 
     | picorv32_core_inc_add_1564_34_g1198 | B ^ -> CO ^ | ADDHX1  | 0.021 |   1.264 |    3.735 | 
     | picorv32_core_inc_add_1564_34_g1197 | B ^ -> CO ^ | ADDHX1  | 0.023 |   1.286 |    3.758 | 
     | picorv32_core_inc_add_1564_34_g1196 | B ^ -> CO ^ | ADDHX1  | 0.022 |   1.308 |    3.780 | 
     | picorv32_core_inc_add_1564_34_g1195 | B ^ -> CO ^ | ADDHX1  | 0.023 |   1.330 |    3.802 | 
     | picorv32_core_inc_add_1564_34_g1194 | B ^ -> CO ^ | ADDHX1  | 0.021 |   1.352 |    3.824 | 
     | picorv32_core_inc_add_1564_34_g1193 | B ^ -> CO ^ | ADDHX1  | 0.023 |   1.374 |    3.846 | 
     | picorv32_core_inc_add_1564_34_g1192 | B ^ -> CO ^ | ADDHX1  | 0.021 |   1.396 |    3.867 | 
     | picorv32_core_inc_add_1564_34_g1191 | B ^ -> CO ^ | ADDHX1  | 0.022 |   1.418 |    3.889 | 
     | picorv32_core_inc_add_1564_34_g1190 | B ^ -> CO ^ | ADDHX1  | 0.022 |   1.439 |    3.911 | 
     | picorv32_core_inc_add_1564_34_g1189 | B ^ -> S ^  | ADDHX1  | 0.021 |   1.460 |    3.932 | 
     | picorv32_core_g194707               | A ^ -> Y v  | MXI2XL  | 0.017 |   1.477 |    3.948 | 
     | picorv32_core_g193776               | B v -> Y ^  | NOR2X1  | 0.020 |   1.496 |    3.968 | 
     | picorv32_core_count_instr_reg[61]   | D ^         | DFFHQX1 | 0.000 |   1.496 |    3.968 | 
     +------------------------------------------------------------------------------------------+ 
Path 46: MET Setup Check with Pin picorv32_core_reg_next_pc_reg[20]/CK 
Endpoint:   picorv32_core_reg_next_pc_reg[20]/D (v) checked with  leading edge 
of 'clk'
Beginpoint: picorv32_core_irq_mask_reg[12]/Q    (^) triggered by  leading edge 
of 'clk'
Path Groups: {reg2reg}
Analysis View: analysis1
Other End Arrival Time          0.000
- Setup                         0.006
+ Phase Shift                   4.000
- Uncertainty                   0.020
= Required Time                 3.974
- Arrival Time                  1.495
= Slack Time                    2.479
     Clock Rise Edge                 0.000
     + Clock Network Latency (Prop)  0.000
     = Beginpoint Arrival Time       0.000
     +------------------------------------------------------------------------------------------------------+ 
     |                   Instance                   |     Arc      |   Cell    | Delay | Arrival | Required | 
     |                                              |              |           |       |  Time   |   Time   | 
     |----------------------------------------------+--------------+-----------+-------+---------+----------| 
     | picorv32_core_irq_mask_reg[12]               | CK ^         |           |       |   0.000 |    2.479 | 
     | picorv32_core_irq_mask_reg[12]               | CK ^ -> Q ^  | DFFHQX1   | 0.044 |   0.044 |    2.523 | 
     | picorv32_core_g88708__2883                   | AN ^ -> Y ^  | NAND2BX1  | 0.038 |   0.082 |    2.561 | 
     | picorv32_core_g88395__5115                   | B ^ -> Y ^   | AND4XL    | 0.044 |   0.126 |    2.605 | 
     | picorv32_core_g88377__2398                   | D ^ -> Y ^   | AND4XL    | 0.034 |   0.160 |    2.638 | 
     | picorv32_core_g88366__6161                   | D ^ -> Y ^   | AND4XL    | 0.040 |   0.199 |    2.678 | 
     | picorv32_core_g88356__5122                   | D ^ -> Y ^   | AND4XL    | 0.055 |   0.254 |    2.733 | 
     | picorv32_core_g88349__6783                   | D ^ -> Y ^   | AND4XL    | 0.050 |   0.304 |    2.783 | 
     | picorv32_core_g88343__6260                   | D ^ -> Y ^   | AND4XL    | 0.059 |   0.364 |    2.842 | 
     | picorv32_core_g88337__1666                   | D ^ -> Y ^   | AND4XL    | 0.042 |   0.405 |    2.884 | 
     | picorv32_core_g88335__2883                   | D ^ -> Y ^   | AND4XL    | 0.042 |   0.447 |    2.926 | 
     | picorv32_core_g88333__9315                   | D ^ -> Y ^   | AND4X1    | 0.039 |   0.486 |    2.965 | 
     | picorv32_core_g88331__4733                   | D ^ -> Y v   | NAND4XL   | 0.025 |   0.511 |    2.990 | 
     | picorv32_core_g88330__7482                   | B v -> Y ^   | NOR2BX1   | 0.079 |   0.590 |    3.069 | 
     | picorv32_core_g88328__1881                   | D ^ -> Y ^   | OR4X1     | 0.030 |   0.620 |    3.099 | 
     | picorv32_core_g88326__6131                   | B ^ -> Y v   | NAND2BX1  | 0.033 |   0.653 |    3.132 | 
     | picorv32_core_g88325__7098                   | AN v -> Y v  | NAND2BX1  | 0.026 |   0.679 |    3.157 | 
     | picorv32_core_g88323__5122                   | AN v -> Y v  | NAND2BX1  | 0.018 |   0.697 |    3.175 | 
     | picorv32_core_g88322__1705                   | B v -> Y v   | OR2X1     | 0.074 |   0.771 |    3.250 | 
     | picorv32_core_g88320__1617                   | B v -> Y ^   | NOR2BX1   | 0.054 |   0.825 |    3.303 | 
     | picorv32_core_add_1569_33_Y_add_1552_33_g763 | B ^ -> CO ^  | ADDHX1    | 0.028 |   0.853 |    3.332 | 
     | picorv32_core_add_1569_33_Y_add_1552_33_g762 | CI ^ -> CO ^ | ADDFX1    | 0.030 |   0.884 |    3.362 | 
     | picorv32_core_add_1569_33_Y_add_1552_33_g761 | CI ^ -> CO ^ | ADDFX1    | 0.030 |   0.914 |    3.392 | 
     | picorv32_core_add_1569_33_Y_add_1552_33_g760 | CI ^ -> CO ^ | ADDFX1    | 0.031 |   0.945 |    3.424 | 
     | picorv32_core_add_1569_33_Y_add_1552_33_g759 | CI ^ -> CO ^ | ADDFX1    | 0.031 |   0.976 |    3.455 | 
     | picorv32_core_add_1569_33_Y_add_1552_33_g758 | CI ^ -> CO ^ | ADDFX1    | 0.031 |   1.007 |    3.486 | 
     | picorv32_core_add_1569_33_Y_add_1552_33_g757 | CI ^ -> CO ^ | ADDFX1    | 0.031 |   1.038 |    3.517 | 
     | picorv32_core_add_1569_33_Y_add_1552_33_g756 | CI ^ -> CO ^ | ADDFX1    | 0.032 |   1.071 |    3.549 | 
     | picorv32_core_add_1569_33_Y_add_1552_33_g755 | CI ^ -> CO ^ | ADDFX1    | 0.030 |   1.101 |    3.580 | 
     | picorv32_core_add_1569_33_Y_add_1552_33_g754 | CI ^ -> CO ^ | ADDFX1    | 0.031 |   1.132 |    3.611 | 
     | picorv32_core_add_1569_33_Y_add_1552_33_g753 | CI ^ -> CO ^ | ADDFX1    | 0.030 |   1.162 |    3.641 | 
     | picorv32_core_add_1569_33_Y_add_1552_33_g752 | CI ^ -> CO ^ | ADDFX1    | 0.032 |   1.195 |    3.673 | 
     | picorv32_core_add_1569_33_Y_add_1552_33_g751 | CI ^ -> CO ^ | ADDFX1    | 0.031 |   1.226 |    3.705 | 
     | picorv32_core_add_1569_33_Y_add_1552_33_g750 | CI ^ -> CO ^ | ADDFX1    | 0.032 |   1.258 |    3.736 | 
     | picorv32_core_add_1569_33_Y_add_1552_33_g749 | CI ^ -> CO ^ | ADDFX1    | 0.031 |   1.289 |    3.767 | 
     | picorv32_core_add_1569_33_Y_add_1552_33_g748 | CI ^ -> CO ^ | ADDFX1    | 0.030 |   1.319 |    3.798 | 
     | picorv32_core_add_1569_33_Y_add_1552_33_g747 | CI ^ -> CO ^ | ADDFX1    | 0.031 |   1.350 |    3.829 | 
     | picorv32_core_add_1569_33_Y_add_1552_33_g746 | CI ^ -> CO ^ | ADDFX1    | 0.031 |   1.381 |    3.859 | 
     | picorv32_core_add_1569_33_Y_add_1552_33_g745 | CI ^ -> CO ^ | ADDFX1    | 0.033 |   1.414 |    3.892 | 
     | picorv32_core_add_1569_33_Y_add_1552_33_g744 | CI ^ -> S v  | ADDFX1    | 0.047 |   1.461 |    3.940 | 
     | picorv32_core_g190243__7482                  | B1 v -> Y ^  | AOI22X1   | 0.014 |   1.475 |    3.954 | 
     | picorv32_core_g190212__6131                  | B0 ^ -> Y v  | OAI2BB1X1 | 0.020 |   1.495 |    3.974 | 
     | picorv32_core_reg_next_pc_reg[20]            | D v          | DFFHQX1   | 0.000 |   1.495 |    3.974 | 
     +------------------------------------------------------------------------------------------------------+ 
Path 47: MET Setup Check with Pin picorv32_core_count_cycle_reg[63]/CK 
Endpoint:   picorv32_core_count_cycle_reg[63]/D (^) checked with  leading edge 
of 'clk'
Beginpoint: picorv32_core_count_cycle_reg[0]/Q  (^) triggered by  leading edge 
of 'clk'
Path Groups: {reg2reg}
Analysis View: analysis1
Other End Arrival Time          0.002
- Setup                         0.013
+ Phase Shift                   4.000
- Uncertainty                   0.020
= Required Time                 3.969
- Arrival Time                  1.482
= Slack Time                    2.487
     Clock Rise Edge                 0.000
     + Clock Network Latency (Prop)  0.003
     = Beginpoint Arrival Time       0.003
     +--------------------------------------------------------------------------------------------+ 
     |              Instance               |     Arc     |   Cell    | Delay | Arrival | Required | 
     |                                     |             |           |       |  Time   |   Time   | 
     |-------------------------------------+-------------+-----------+-------+---------+----------| 
     | picorv32_core_count_cycle_reg[0]    | CK ^        |           |       |   0.003 |    2.490 | 
     | picorv32_core_count_cycle_reg[0]    | CK ^ -> Q ^ | DFFHQX1   | 0.044 |   0.047 |    2.534 | 
     | picorv32_core_inc_add_1433_40_g1249 | B ^ -> CO ^ | ADDHX1    | 0.024 |   0.071 |    2.558 | 
     | picorv32_core_inc_add_1433_40_g1248 | B ^ -> CO ^ | ADDHX1    | 0.022 |   0.093 |    2.580 | 
     | picorv32_core_inc_add_1433_40_g1247 | B ^ -> CO ^ | ADDHX1    | 0.021 |   0.114 |    2.600 | 
     | picorv32_core_inc_add_1433_40_g1246 | B ^ -> CO ^ | ADDHX1    | 0.021 |   0.135 |    2.622 | 
     | picorv32_core_inc_add_1433_40_g1245 | B ^ -> CO ^ | ADDHX1    | 0.022 |   0.157 |    2.644 | 
     | picorv32_core_inc_add_1433_40_g1244 | B ^ -> CO ^ | ADDHX1    | 0.023 |   0.180 |    2.666 | 
     | picorv32_core_inc_add_1433_40_g1243 | B ^ -> CO ^ | ADDHX1    | 0.023 |   0.203 |    2.690 | 
     | picorv32_core_inc_add_1433_40_g1242 | B ^ -> CO ^ | ADDHX1    | 0.022 |   0.225 |    2.711 | 
     | picorv32_core_inc_add_1433_40_g1241 | B ^ -> CO ^ | ADDHX1    | 0.022 |   0.247 |    2.733 | 
     | picorv32_core_inc_add_1433_40_g1240 | B ^ -> CO ^ | ADDHX1    | 0.022 |   0.268 |    2.755 | 
     | picorv32_core_inc_add_1433_40_g1239 | B ^ -> CO ^ | ADDHX1    | 0.022 |   0.290 |    2.777 | 
     | picorv32_core_inc_add_1433_40_g1238 | B ^ -> CO ^ | ADDHX1    | 0.022 |   0.312 |    2.798 | 
     | picorv32_core_inc_add_1433_40_g1237 | B ^ -> CO ^ | ADDHX1    | 0.021 |   0.333 |    2.819 | 
     | picorv32_core_inc_add_1433_40_g1236 | B ^ -> CO ^ | ADDHX1    | 0.021 |   0.354 |    2.841 | 
     | picorv32_core_inc_add_1433_40_g1235 | B ^ -> CO ^ | ADDHX1    | 0.022 |   0.376 |    2.863 | 
     | picorv32_core_inc_add_1433_40_g1234 | B ^ -> CO ^ | ADDHX1    | 0.022 |   0.398 |    2.884 | 
     | picorv32_core_inc_add_1433_40_g1233 | B ^ -> CO ^ | ADDHX1    | 0.021 |   0.419 |    2.905 | 
     | picorv32_core_inc_add_1433_40_g1232 | B ^ -> CO ^ | ADDHX1    | 0.022 |   0.440 |    2.927 | 
     | picorv32_core_inc_add_1433_40_g1231 | B ^ -> CO ^ | ADDHX1    | 0.021 |   0.462 |    2.948 | 
     | picorv32_core_inc_add_1433_40_g1230 | B ^ -> CO ^ | ADDHX1    | 0.022 |   0.484 |    2.970 | 
     | picorv32_core_inc_add_1433_40_g1229 | B ^ -> CO ^ | ADDHX1    | 0.021 |   0.505 |    2.991 | 
     | picorv32_core_inc_add_1433_40_g1228 | B ^ -> CO ^ | ADDHX1    | 0.022 |   0.527 |    3.013 | 
     | picorv32_core_inc_add_1433_40_g1227 | B ^ -> CO ^ | ADDHX1    | 0.022 |   0.549 |    3.036 | 
     | picorv32_core_inc_add_1433_40_g1226 | B ^ -> CO ^ | ADDHX1    | 0.025 |   0.574 |    3.060 | 
     | picorv32_core_inc_add_1433_40_g1225 | B ^ -> CO ^ | ADDHX1    | 0.022 |   0.596 |    3.082 | 
     | picorv32_core_inc_add_1433_40_g1224 | B ^ -> CO ^ | ADDHX1    | 0.021 |   0.617 |    3.103 | 
     | picorv32_core_inc_add_1433_40_g1223 | B ^ -> CO ^ | ADDHX1    | 0.021 |   0.637 |    3.124 | 
     | picorv32_core_inc_add_1433_40_g1222 | B ^ -> CO ^ | ADDHX1    | 0.021 |   0.659 |    3.146 | 
     | picorv32_core_inc_add_1433_40_g1221 | B ^ -> CO ^ | ADDHX1    | 0.022 |   0.681 |    3.168 | 
     | picorv32_core_inc_add_1433_40_g1220 | B ^ -> CO ^ | ADDHX1    | 0.022 |   0.704 |    3.190 | 
     | picorv32_core_inc_add_1433_40_g1219 | B ^ -> CO ^ | ADDHX1    | 0.048 |   0.752 |    3.239 | 
     | picorv32_core_inc_add_1433_40_g1218 | B ^ -> CO ^ | ADDHX1    | 0.028 |   0.780 |    3.267 | 
     | picorv32_core_inc_add_1433_40_g1217 | B ^ -> CO ^ | ADDHX1    | 0.021 |   0.801 |    3.288 | 
     | picorv32_core_inc_add_1433_40_g1216 | B ^ -> CO ^ | ADDHX1    | 0.021 |   0.822 |    3.309 | 
     | picorv32_core_inc_add_1433_40_g1215 | B ^ -> CO ^ | ADDHX1    | 0.022 |   0.845 |    3.332 | 
     | picorv32_core_inc_add_1433_40_g1214 | B ^ -> CO ^ | ADDHX1    | 0.021 |   0.866 |    3.353 | 
     | picorv32_core_inc_add_1433_40_g1213 | B ^ -> CO ^ | ADDHX1    | 0.022 |   0.888 |    3.375 | 
     | picorv32_core_inc_add_1433_40_g1212 | B ^ -> CO ^ | ADDHX1    | 0.023 |   0.911 |    3.398 | 
     | picorv32_core_inc_add_1433_40_g1211 | B ^ -> CO ^ | ADDHX1    | 0.022 |   0.933 |    3.420 | 
     | picorv32_core_inc_add_1433_40_g1210 | B ^ -> CO ^ | ADDHX1    | 0.021 |   0.954 |    3.441 | 
     | picorv32_core_inc_add_1433_40_g1209 | B ^ -> CO ^ | ADDHX1    | 0.022 |   0.976 |    3.463 | 
     | picorv32_core_inc_add_1433_40_g1208 | B ^ -> CO ^ | ADDHX1    | 0.022 |   0.998 |    3.485 | 
     | picorv32_core_inc_add_1433_40_g1207 | B ^ -> CO ^ | ADDHX1    | 0.022 |   1.020 |    3.506 | 
     | picorv32_core_inc_add_1433_40_g1206 | B ^ -> CO ^ | ADDHX1    | 0.021 |   1.041 |    3.528 | 
     | picorv32_core_inc_add_1433_40_g1205 | B ^ -> CO ^ | ADDHX1    | 0.021 |   1.062 |    3.548 | 
     | picorv32_core_inc_add_1433_40_g1204 | B ^ -> CO ^ | ADDHX1    | 0.022 |   1.083 |    3.570 | 
     | picorv32_core_inc_add_1433_40_g1203 | B ^ -> CO ^ | ADDHX1    | 0.023 |   1.107 |    3.593 | 
     | picorv32_core_inc_add_1433_40_g1202 | B ^ -> CO ^ | ADDHX1    | 0.022 |   1.129 |    3.615 | 
     | picorv32_core_inc_add_1433_40_g1201 | B ^ -> CO ^ | ADDHX1    | 0.021 |   1.150 |    3.637 | 
     | picorv32_core_inc_add_1433_40_g1200 | B ^ -> CO ^ | ADDHX1    | 0.023 |   1.173 |    3.660 | 
     | picorv32_core_inc_add_1433_40_g1199 | B ^ -> CO ^ | ADDHX1    | 0.021 |   1.195 |    3.682 | 
     | picorv32_core_inc_add_1433_40_g1198 | B ^ -> CO ^ | ADDHX1    | 0.022 |   1.217 |    3.704 | 
     | picorv32_core_inc_add_1433_40_g1197 | B ^ -> CO ^ | ADDHX1    | 0.022 |   1.239 |    3.725 | 
     | picorv32_core_inc_add_1433_40_g1196 | B ^ -> CO ^ | ADDHX1    | 0.026 |   1.264 |    3.751 | 
     | picorv32_core_inc_add_1433_40_g1195 | B ^ -> CO ^ | ADDHX1    | 0.026 |   1.291 |    3.777 | 
     | picorv32_core_inc_add_1433_40_g1194 | B ^ -> CO ^ | ADDHX1    | 0.023 |   1.314 |    3.801 | 
     | picorv32_core_inc_add_1433_40_g1193 | B ^ -> CO ^ | ADDHX1    | 0.023 |   1.337 |    3.824 | 
     | picorv32_core_inc_add_1433_40_g1192 | B ^ -> CO ^ | ADDHX1    | 0.021 |   1.358 |    3.845 | 
     | picorv32_core_inc_add_1433_40_g1191 | B ^ -> CO ^ | ADDHX1    | 0.021 |   1.379 |    3.866 | 
     | picorv32_core_inc_add_1433_40_g1190 | B ^ -> CO ^ | ADDHX1    | 0.021 |   1.399 |    3.886 | 
     | picorv32_core_inc_add_1433_40_g1189 | B ^ -> CO ^ | ADDHX1    | 0.021 |   1.421 |    3.907 | 
     | picorv32_core_inc_add_1433_40_g1188 | B ^ -> CO ^ | ADDHX1    | 0.021 |   1.442 |    3.928 | 
     | picorv32_core_inc_add_1433_40_g1187 | B ^ -> Y ^  | CLKXOR2X1 | 0.021 |   1.463 |    3.950 | 
     | picorv32_core_g195424               | A ^ -> Y ^  | AND2X1    | 0.019 |   1.482 |    3.969 | 
     | picorv32_core_count_cycle_reg[63]   | D ^         | DFFHQX1   | 0.000 |   1.482 |    3.969 | 
     +--------------------------------------------------------------------------------------------+ 
Path 48: MET Setup Check with Pin picorv32_core_count_instr_reg[60]/CK 
Endpoint:   picorv32_core_count_instr_reg[60]/D (^) checked with  leading edge 
of 'clk'
Beginpoint: picorv32_core_count_instr_reg[1]/Q  (^) triggered by  leading edge 
of 'clk'
Path Groups: {reg2reg}
Analysis View: analysis1
Other End Arrival Time          0.004
- Setup                         0.016
+ Phase Shift                   4.000
- Uncertainty                   0.020
= Required Time                 3.968
- Arrival Time                  1.476
= Slack Time                    2.492
     Clock Rise Edge                 0.000
     + Clock Network Latency (Prop)  -0.001
     = Beginpoint Arrival Time       -0.001
     +------------------------------------------------------------------------------------------+ 
     |              Instance               |     Arc     |  Cell   | Delay | Arrival | Required | 
     |                                     |             |         |       |  Time   |   Time   | 
     |-------------------------------------+-------------+---------+-------+---------+----------| 
     | picorv32_core_count_instr_reg[1]    | CK ^        |         |       |  -0.001 |    2.490 | 
     | picorv32_core_count_instr_reg[1]    | CK ^ -> Q ^ | DFFHQX1 | 0.042 |   0.041 |    2.533 | 
     | picorv32_core_inc_add_1564_34_g1249 | A ^ -> CO ^ | ADDHX1  | 0.023 |   0.064 |    2.555 | 
     | picorv32_core_inc_add_1564_34_g1248 | B ^ -> CO ^ | ADDHX1  | 0.022 |   0.086 |    2.578 | 
     | picorv32_core_inc_add_1564_34_g1247 | B ^ -> CO ^ | ADDHX1  | 0.022 |   0.108 |    2.600 | 
     | picorv32_core_inc_add_1564_34_g1246 | B ^ -> CO ^ | ADDHX1  | 0.021 |   0.129 |    2.621 | 
     | picorv32_core_inc_add_1564_34_g1245 | B ^ -> CO ^ | ADDHX1  | 0.022 |   0.151 |    2.643 | 
     | picorv32_core_inc_add_1564_34_g1244 | B ^ -> CO ^ | ADDHX1  | 0.024 |   0.175 |    2.667 | 
     | picorv32_core_inc_add_1564_34_g1243 | B ^ -> CO ^ | ADDHX1  | 0.022 |   0.197 |    2.688 | 
     | picorv32_core_inc_add_1564_34_g1242 | B ^ -> CO ^ | ADDHX1  | 0.021 |   0.218 |    2.710 | 
     | picorv32_core_inc_add_1564_34_g1241 | B ^ -> CO ^ | ADDHX1  | 0.022 |   0.240 |    2.732 | 
     | picorv32_core_inc_add_1564_34_g1240 | B ^ -> CO ^ | ADDHX1  | 0.021 |   0.261 |    2.753 | 
     | picorv32_core_inc_add_1564_34_g1239 | B ^ -> CO ^ | ADDHX1  | 0.021 |   0.282 |    2.773 | 
     | picorv32_core_inc_add_1564_34_g1238 | B ^ -> CO ^ | ADDHX1  | 0.022 |   0.304 |    2.795 | 
     | picorv32_core_inc_add_1564_34_g1237 | B ^ -> CO ^ | ADDHX1  | 0.021 |   0.325 |    2.817 | 
     | picorv32_core_inc_add_1564_34_g1236 | B ^ -> CO ^ | ADDHX1  | 0.023 |   0.348 |    2.839 | 
     | picorv32_core_inc_add_1564_34_g1235 | B ^ -> CO ^ | ADDHX1  | 0.037 |   0.384 |    2.876 | 
     | picorv32_core_inc_add_1564_34_g1234 | B ^ -> CO ^ | ADDHX1  | 0.026 |   0.410 |    2.902 | 
     | picorv32_core_inc_add_1564_34_g1233 | B ^ -> CO ^ | ADDHX1  | 0.023 |   0.434 |    2.926 | 
     | picorv32_core_inc_add_1564_34_g1232 | B ^ -> CO ^ | ADDHX1  | 0.022 |   0.456 |    2.948 | 
     | picorv32_core_inc_add_1564_34_g1231 | B ^ -> CO ^ | ADDHX1  | 0.022 |   0.478 |    2.970 | 
     | picorv32_core_inc_add_1564_34_g1230 | B ^ -> CO ^ | ADDHX1  | 0.021 |   0.499 |    2.991 | 
     | picorv32_core_inc_add_1564_34_g1229 | B ^ -> CO ^ | ADDHX1  | 0.021 |   0.520 |    3.011 | 
     | picorv32_core_inc_add_1564_34_g1228 | B ^ -> CO ^ | ADDHX1  | 0.021 |   0.541 |    3.032 | 
     | picorv32_core_inc_add_1564_34_g1227 | B ^ -> CO ^ | ADDHX1  | 0.021 |   0.562 |    3.054 | 
     | picorv32_core_inc_add_1564_34_g1226 | B ^ -> CO ^ | ADDHX1  | 0.022 |   0.584 |    3.076 | 
     | picorv32_core_inc_add_1564_34_g1225 | B ^ -> CO ^ | ADDHX1  | 0.022 |   0.607 |    3.098 | 
     | picorv32_core_inc_add_1564_34_g1224 | B ^ -> CO ^ | ADDHX1  | 0.021 |   0.628 |    3.120 | 
     | picorv32_core_inc_add_1564_34_g1223 | B ^ -> CO ^ | ADDHX1  | 0.021 |   0.649 |    3.141 | 
     | picorv32_core_inc_add_1564_34_g1222 | B ^ -> CO ^ | ADDHX1  | 0.021 |   0.670 |    3.162 | 
     | picorv32_core_inc_add_1564_34_g1221 | B ^ -> CO ^ | ADDHX1  | 0.022 |   0.692 |    3.184 | 
     | picorv32_core_inc_add_1564_34_g1220 | B ^ -> CO ^ | ADDHX1  | 0.031 |   0.723 |    3.214 | 
     | picorv32_core_inc_add_1564_34_g1219 | B ^ -> CO ^ | ADDHX1  | 0.052 |   0.775 |    3.266 | 
     | picorv32_core_inc_add_1564_34_g1218 | B ^ -> CO ^ | ADDHX1  | 0.029 |   0.804 |    3.295 | 
     | picorv32_core_inc_add_1564_34_g1217 | B ^ -> CO ^ | ADDHX1  | 0.021 |   0.824 |    3.316 | 
     | picorv32_core_inc_add_1564_34_g1216 | B ^ -> CO ^ | ADDHX1  | 0.021 |   0.846 |    3.338 | 
     | picorv32_core_inc_add_1564_34_g1215 | B ^ -> CO ^ | ADDHX1  | 0.021 |   0.867 |    3.359 | 
     | picorv32_core_inc_add_1564_34_g1214 | B ^ -> CO ^ | ADDHX1  | 0.023 |   0.890 |    3.382 | 
     | picorv32_core_inc_add_1564_34_g1213 | B ^ -> CO ^ | ADDHX1  | 0.021 |   0.911 |    3.403 | 
     | picorv32_core_inc_add_1564_34_g1212 | B ^ -> CO ^ | ADDHX1  | 0.026 |   0.937 |    3.429 | 
     | picorv32_core_inc_add_1564_34_g1211 | B ^ -> CO ^ | ADDHX1  | 0.023 |   0.960 |    3.451 | 
     | picorv32_core_inc_add_1564_34_g1210 | B ^ -> CO ^ | ADDHX1  | 0.022 |   0.981 |    3.473 | 
     | picorv32_core_inc_add_1564_34_g1209 | B ^ -> CO ^ | ADDHX1  | 0.021 |   1.003 |    3.494 | 
     | picorv32_core_inc_add_1564_34_g1208 | B ^ -> CO ^ | ADDHX1  | 0.023 |   1.025 |    3.517 | 
     | picorv32_core_inc_add_1564_34_g1207 | B ^ -> CO ^ | ADDHX1  | 0.021 |   1.046 |    3.538 | 
     | picorv32_core_inc_add_1564_34_g1206 | B ^ -> CO ^ | ADDHX1  | 0.021 |   1.068 |    3.560 | 
     | picorv32_core_inc_add_1564_34_g1205 | B ^ -> CO ^ | ADDHX1  | 0.022 |   1.089 |    3.581 | 
     | picorv32_core_inc_add_1564_34_g1204 | B ^ -> CO ^ | ADDHX1  | 0.022 |   1.111 |    3.603 | 
     | picorv32_core_inc_add_1564_34_g1203 | B ^ -> CO ^ | ADDHX1  | 0.038 |   1.149 |    3.641 | 
     | picorv32_core_inc_add_1564_34_g1202 | B ^ -> CO ^ | ADDHX1  | 0.027 |   1.177 |    3.668 | 
     | picorv32_core_inc_add_1564_34_g1201 | B ^ -> CO ^ | ADDHX1  | 0.022 |   1.198 |    3.690 | 
     | picorv32_core_inc_add_1564_34_g1200 | B ^ -> CO ^ | ADDHX1  | 0.022 |   1.220 |    3.712 | 
     | picorv32_core_inc_add_1564_34_g1199 | B ^ -> CO ^ | ADDHX1  | 0.022 |   1.242 |    3.734 | 
     | picorv32_core_inc_add_1564_34_g1198 | B ^ -> CO ^ | ADDHX1  | 0.021 |   1.264 |    3.755 | 
     | picorv32_core_inc_add_1564_34_g1197 | B ^ -> CO ^ | ADDHX1  | 0.023 |   1.286 |    3.778 | 
     | picorv32_core_inc_add_1564_34_g1196 | B ^ -> CO ^ | ADDHX1  | 0.022 |   1.308 |    3.800 | 
     | picorv32_core_inc_add_1564_34_g1195 | B ^ -> CO ^ | ADDHX1  | 0.023 |   1.330 |    3.822 | 
     | picorv32_core_inc_add_1564_34_g1194 | B ^ -> CO ^ | ADDHX1  | 0.021 |   1.352 |    3.844 | 
     | picorv32_core_inc_add_1564_34_g1193 | B ^ -> CO ^ | ADDHX1  | 0.023 |   1.374 |    3.866 | 
     | picorv32_core_inc_add_1564_34_g1192 | B ^ -> CO ^ | ADDHX1  | 0.021 |   1.396 |    3.887 | 
     | picorv32_core_inc_add_1564_34_g1191 | B ^ -> CO ^ | ADDHX1  | 0.022 |   1.418 |    3.909 | 
     | picorv32_core_inc_add_1564_34_g1190 | B ^ -> S ^  | ADDHX1  | 0.021 |   1.438 |    3.930 | 
     | picorv32_core_g194706               | A ^ -> Y v  | MXI2XL  | 0.018 |   1.456 |    3.948 | 
     | picorv32_core_g193775               | B v -> Y ^  | NOR2X1  | 0.020 |   1.476 |    3.968 | 
     | picorv32_core_count_instr_reg[60]   | D ^         | DFFHQX1 | 0.000 |   1.476 |    3.968 | 
     +------------------------------------------------------------------------------------------+ 
Path 49: MET Setup Check with Pin picorv32_core_genblk1.pcpi_mul_rd_reg[32]/CK 
Endpoint:   picorv32_core_genblk1.pcpi_mul_rd_reg[32]/D (^) checked with  
leading edge of 'clk'
Beginpoint: picorv32_core_genblk1.pcpi_mul_rs2_reg[5]/Q (^) triggered by  
leading edge of 'clk'
Path Groups: {reg2reg}
Analysis View: analysis1
Other End Arrival Time          0.002
- Setup                         0.013
+ Phase Shift                   4.000
- Uncertainty                   0.020
= Required Time                 3.969
- Arrival Time                  1.467
= Slack Time                    2.502
     Clock Rise Edge                 0.000
     + Clock Network Latency (Prop)  0.003
     = Beginpoint Arrival Time       0.003
     +-----------------------------------------------------------------------------------------------------------+ 
     |                      Instance                      |     Arc      |   Cell   | Delay | Arrival | Required | 
     |                                                    |              |          |       |  Time   |   Time   | 
     |----------------------------------------------------+--------------+----------+-------+---------+----------| 
     | picorv32_core_genblk1.pcpi_mul_rs2_reg[5]          | CK ^         |          |       |   0.003 |    2.505 | 
     | picorv32_core_genblk1.pcpi_mul_rs2_reg[5]          | CK ^ -> Q ^  | MDFFHQX1 | 0.126 |   0.129 |    2.631 | 
     | picorv32_core_genblk1.pcpi_mul_mul_2371_47_g14046  | A ^ -> Y v   | INVX1    | 0.049 |   0.178 |    2.680 | 
     | picorv32_core_genblk1.pcpi_mul_mul_2371_47_g13987  | B v -> Y ^   | XNOR2X1  | 0.031 |   0.209 |    2.711 | 
     | picorv32_core_genblk1.pcpi_mul_mul_2371_47_g13897  | A ^ -> Y ^   | OR2X1    | 0.086 |   0.295 |    2.797 | 
     | picorv32_core_genblk1.pcpi_mul_mul_2371_47_g13890  | A ^ -> Y v   | INVX1    | 0.052 |   0.346 |    2.848 | 
     | picorv32_core_genblk1.pcpi_mul_mul_2371_47_g13740  | A1 v -> Y ^  | OAI21X1  | 0.027 |   0.374 |    2.876 | 
     | picorv32_core_genblk1.pcpi_mul_mul_2371_47_g13494  | B ^ -> Y ^   | XNOR2X1  | 0.025 |   0.398 |    2.900 | 
     | picorv32_core_genblk1.pcpi_mul_mul_2371_47_g13440  | B ^ -> S v   | ADDHX1   | 0.031 |   0.429 |    2.931 | 
     | picorv32_core_genblk1.pcpi_mul_mul_2371_47_cdnfadd | A v -> CO v  | ADDFX1   | 0.035 |   0.465 |    2.967 | 
     | 3                                                  |              |          |       |         |          | 
     | picorv32_core_genblk1.pcpi_mul_mul_2371_47_cdnfadd | CI v -> CO v | ADDFX1   | 0.034 |   0.499 |    3.001 | 
     | 4                                                  |              |          |       |         |          | 
     | picorv32_core_genblk1.pcpi_mul_mul_2371_47_cdnfadd | CI v -> CO v | ADDFX1   | 0.034 |   0.533 |    3.035 | 
     | 5                                                  |              |          |       |         |          | 
     | picorv32_core_genblk1.pcpi_mul_mul_2371_47_cdnfadd | CI v -> CO v | ADDFX1   | 0.033 |   0.566 |    3.068 | 
     | 6                                                  |              |          |       |         |          | 
     | picorv32_core_genblk1.pcpi_mul_mul_2371_47_cdnfadd | CI v -> CO v | ADDFX1   | 0.034 |   0.600 |    3.102 | 
     | 7                                                  |              |          |       |         |          | 
     | picorv32_core_genblk1.pcpi_mul_mul_2371_47_cdnfadd | CI v -> CO v | ADDFX1   | 0.034 |   0.634 |    3.136 | 
     | 8                                                  |              |          |       |         |          | 
     | picorv32_core_genblk1.pcpi_mul_mul_2371_47_cdnfadd | CI v -> CO v | ADDFX1   | 0.033 |   0.667 |    3.169 | 
     | 9                                                  |              |          |       |         |          | 
     | picorv32_core_genblk1.pcpi_mul_mul_2371_47_cdnfadd | CI v -> CO v | ADDFX1   | 0.034 |   0.700 |    3.202 | 
     | 10                                                 |              |          |       |         |          | 
     | picorv32_core_genblk1.pcpi_mul_mul_2371_47_cdnfadd | CI v -> CO v | ADDFX1   | 0.033 |   0.734 |    3.236 | 
     | 11                                                 |              |          |       |         |          | 
     | picorv32_core_genblk1.pcpi_mul_mul_2371_47_cdnfadd | CI v -> CO v | ADDFX1   | 0.034 |   0.768 |    3.270 | 
     | 12                                                 |              |          |       |         |          | 
     | picorv32_core_genblk1.pcpi_mul_mul_2371_47_cdnfadd | CI v -> CO v | ADDFX1   | 0.034 |   0.801 |    3.303 | 
     | 13                                                 |              |          |       |         |          | 
     | picorv32_core_genblk1.pcpi_mul_mul_2371_47_cdnfadd | CI v -> CO v | ADDFX1   | 0.033 |   0.835 |    3.337 | 
     | 14                                                 |              |          |       |         |          | 
     | picorv32_core_genblk1.pcpi_mul_mul_2371_47_cdnfadd | CI v -> CO v | ADDFX1   | 0.033 |   0.868 |    3.370 | 
     | 15                                                 |              |          |       |         |          | 
     | picorv32_core_genblk1.pcpi_mul_mul_2371_47_cdnfadd | CI v -> CO v | ADDFX1   | 0.033 |   0.901 |    3.403 | 
     | 16                                                 |              |          |       |         |          | 
     | picorv32_core_genblk1.pcpi_mul_mul_2371_47_cdnfadd | CI v -> CO v | ADDFX1   | 0.034 |   0.934 |    3.436 | 
     | 17                                                 |              |          |       |         |          | 
     | picorv32_core_genblk1.pcpi_mul_mul_2371_47_cdnfadd | CI v -> CO v | ADDFX1   | 0.033 |   0.968 |    3.470 | 
     | 18                                                 |              |          |       |         |          | 
     | picorv32_core_genblk1.pcpi_mul_mul_2371_47_cdnfadd | CI v -> CO v | ADDFX1   | 0.034 |   1.001 |    3.503 | 
     | 19                                                 |              |          |       |         |          | 
     | picorv32_core_genblk1.pcpi_mul_mul_2371_47_cdnfadd | CI v -> CO v | ADDFX1   | 0.034 |   1.036 |    3.538 | 
     | 20                                                 |              |          |       |         |          | 
     | picorv32_core_genblk1.pcpi_mul_mul_2371_47_cdnfadd | CI v -> CO v | ADDFX1   | 0.033 |   1.069 |    3.571 | 
     | 21                                                 |              |          |       |         |          | 
     | picorv32_core_genblk1.pcpi_mul_mul_2371_47_cdnfadd | CI v -> CO v | ADDFX1   | 0.033 |   1.102 |    3.604 | 
     | 22                                                 |              |          |       |         |          | 
     | picorv32_core_genblk1.pcpi_mul_mul_2371_47_cdnfadd | CI v -> CO v | ADDFX1   | 0.033 |   1.136 |    3.638 | 
     | 23                                                 |              |          |       |         |          | 
     | picorv32_core_genblk1.pcpi_mul_mul_2371_47_cdnfadd | CI v -> CO v | ADDFX1   | 0.035 |   1.171 |    3.673 | 
     | 24                                                 |              |          |       |         |          | 
     | picorv32_core_genblk1.pcpi_mul_mul_2371_47_cdnfadd | CI v -> CO v | ADDFX1   | 0.035 |   1.206 |    3.708 | 
     | 25                                                 |              |          |       |         |          | 
     | picorv32_core_genblk1.pcpi_mul_mul_2371_47_cdnfadd | CI v -> CO v | ADDFX1   | 0.033 |   1.239 |    3.741 | 
     | 26                                                 |              |          |       |         |          | 
     | picorv32_core_genblk1.pcpi_mul_mul_2371_47_cdnfadd | CI v -> CO v | ADDFX1   | 0.034 |   1.273 |    3.775 | 
     | 27                                                 |              |          |       |         |          | 
     | picorv32_core_genblk1.pcpi_mul_mul_2371_47_cdnfadd | CI v -> CO v | ADDFX1   | 0.034 |   1.307 |    3.809 | 
     | 28                                                 |              |          |       |         |          | 
     | picorv32_core_genblk1.pcpi_mul_mul_2371_47_cdnfadd | CI v -> CO v | ADDFX1   | 0.034 |   1.341 |    3.843 | 
     | 29                                                 |              |          |       |         |          | 
     | picorv32_core_genblk1.pcpi_mul_mul_2371_47_cdnfadd | CI v -> CO v | ADDFX1   | 0.035 |   1.375 |    3.877 | 
     | 30                                                 |              |          |       |         |          | 
     | picorv32_core_genblk1.pcpi_mul_mul_2371_47_cdnfadd | CI v -> CO v | ADDFX1   | 0.039 |   1.414 |    3.916 | 
     | 31                                                 |              |          |       |         |          | 
     | picorv32_core_genblk1.pcpi_mul_mul_2371_47_cdnfadd | CI v -> S ^  | ADDFX1   | 0.052 |   1.466 |    3.968 | 
     | 32                                                 |              |          |       |         |          | 
     | picorv32_core_genblk1.pcpi_mul_rd_reg[32]          | D ^          | DFFQXL   | 0.000 |   1.467 |    3.969 | 
     +-----------------------------------------------------------------------------------------------------------+ 
Path 50: MET Setup Check with Pin picorv32_core_count_cycle_reg[62]/CK 
Endpoint:   picorv32_core_count_cycle_reg[62]/D (^) checked with  leading edge 
of 'clk'
Beginpoint: picorv32_core_count_cycle_reg[0]/Q  (^) triggered by  leading edge 
of 'clk'
Path Groups: {reg2reg}
Analysis View: analysis1
Other End Arrival Time          0.002
- Setup                         0.013
+ Phase Shift                   4.000
- Uncertainty                   0.020
= Required Time                 3.969
- Arrival Time                  1.461
= Slack Time                    2.508
     Clock Rise Edge                 0.000
     + Clock Network Latency (Prop)  0.003
     = Beginpoint Arrival Time       0.003
     +------------------------------------------------------------------------------------------+ 
     |              Instance               |     Arc     |  Cell   | Delay | Arrival | Required | 
     |                                     |             |         |       |  Time   |   Time   | 
     |-------------------------------------+-------------+---------+-------+---------+----------| 
     | picorv32_core_count_cycle_reg[0]    | CK ^        |         |       |   0.003 |    2.511 | 
     | picorv32_core_count_cycle_reg[0]    | CK ^ -> Q ^ | DFFHQX1 | 0.044 |   0.047 |    2.555 | 
     | picorv32_core_inc_add_1433_40_g1249 | B ^ -> CO ^ | ADDHX1  | 0.024 |   0.071 |    2.579 | 
     | picorv32_core_inc_add_1433_40_g1248 | B ^ -> CO ^ | ADDHX1  | 0.022 |   0.093 |    2.601 | 
     | picorv32_core_inc_add_1433_40_g1247 | B ^ -> CO ^ | ADDHX1  | 0.021 |   0.114 |    2.622 | 
     | picorv32_core_inc_add_1433_40_g1246 | B ^ -> CO ^ | ADDHX1  | 0.021 |   0.135 |    2.643 | 
     | picorv32_core_inc_add_1433_40_g1245 | B ^ -> CO ^ | ADDHX1  | 0.022 |   0.157 |    2.665 | 
     | picorv32_core_inc_add_1433_40_g1244 | B ^ -> CO ^ | ADDHX1  | 0.023 |   0.180 |    2.688 | 
     | picorv32_core_inc_add_1433_40_g1243 | B ^ -> CO ^ | ADDHX1  | 0.023 |   0.203 |    2.711 | 
     | picorv32_core_inc_add_1433_40_g1242 | B ^ -> CO ^ | ADDHX1  | 0.022 |   0.225 |    2.733 | 
     | picorv32_core_inc_add_1433_40_g1241 | B ^ -> CO ^ | ADDHX1  | 0.022 |   0.247 |    2.755 | 
     | picorv32_core_inc_add_1433_40_g1240 | B ^ -> CO ^ | ADDHX1  | 0.022 |   0.268 |    2.776 | 
     | picorv32_core_inc_add_1433_40_g1239 | B ^ -> CO ^ | ADDHX1  | 0.022 |   0.290 |    2.798 | 
     | picorv32_core_inc_add_1433_40_g1238 | B ^ -> CO ^ | ADDHX1  | 0.022 |   0.312 |    2.820 | 
     | picorv32_core_inc_add_1433_40_g1237 | B ^ -> CO ^ | ADDHX1  | 0.021 |   0.333 |    2.841 | 
     | picorv32_core_inc_add_1433_40_g1236 | B ^ -> CO ^ | ADDHX1  | 0.021 |   0.354 |    2.862 | 
     | picorv32_core_inc_add_1433_40_g1235 | B ^ -> CO ^ | ADDHX1  | 0.022 |   0.376 |    2.884 | 
     | picorv32_core_inc_add_1433_40_g1234 | B ^ -> CO ^ | ADDHX1  | 0.022 |   0.398 |    2.906 | 
     | picorv32_core_inc_add_1433_40_g1233 | B ^ -> CO ^ | ADDHX1  | 0.021 |   0.419 |    2.926 | 
     | picorv32_core_inc_add_1433_40_g1232 | B ^ -> CO ^ | ADDHX1  | 0.022 |   0.440 |    2.948 | 
     | picorv32_core_inc_add_1433_40_g1231 | B ^ -> CO ^ | ADDHX1  | 0.021 |   0.462 |    2.970 | 
     | picorv32_core_inc_add_1433_40_g1230 | B ^ -> CO ^ | ADDHX1  | 0.022 |   0.484 |    2.992 | 
     | picorv32_core_inc_add_1433_40_g1229 | B ^ -> CO ^ | ADDHX1  | 0.021 |   0.505 |    3.012 | 
     | picorv32_core_inc_add_1433_40_g1228 | B ^ -> CO ^ | ADDHX1  | 0.022 |   0.527 |    3.035 | 
     | picorv32_core_inc_add_1433_40_g1227 | B ^ -> CO ^ | ADDHX1  | 0.022 |   0.549 |    3.057 | 
     | picorv32_core_inc_add_1433_40_g1226 | B ^ -> CO ^ | ADDHX1  | 0.025 |   0.574 |    3.082 | 
     | picorv32_core_inc_add_1433_40_g1225 | B ^ -> CO ^ | ADDHX1  | 0.022 |   0.596 |    3.104 | 
     | picorv32_core_inc_add_1433_40_g1224 | B ^ -> CO ^ | ADDHX1  | 0.021 |   0.617 |    3.124 | 
     | picorv32_core_inc_add_1433_40_g1223 | B ^ -> CO ^ | ADDHX1  | 0.021 |   0.637 |    3.145 | 
     | picorv32_core_inc_add_1433_40_g1222 | B ^ -> CO ^ | ADDHX1  | 0.021 |   0.659 |    3.167 | 
     | picorv32_core_inc_add_1433_40_g1221 | B ^ -> CO ^ | ADDHX1  | 0.022 |   0.681 |    3.189 | 
     | picorv32_core_inc_add_1433_40_g1220 | B ^ -> CO ^ | ADDHX1  | 0.022 |   0.704 |    3.212 | 
     | picorv32_core_inc_add_1433_40_g1219 | B ^ -> CO ^ | ADDHX1  | 0.048 |   0.752 |    3.260 | 
     | picorv32_core_inc_add_1433_40_g1218 | B ^ -> CO ^ | ADDHX1  | 0.028 |   0.780 |    3.288 | 
     | picorv32_core_inc_add_1433_40_g1217 | B ^ -> CO ^ | ADDHX1  | 0.021 |   0.801 |    3.309 | 
     | picorv32_core_inc_add_1433_40_g1216 | B ^ -> CO ^ | ADDHX1  | 0.021 |   0.822 |    3.330 | 
     | picorv32_core_inc_add_1433_40_g1215 | B ^ -> CO ^ | ADDHX1  | 0.022 |   0.845 |    3.353 | 
     | picorv32_core_inc_add_1433_40_g1214 | B ^ -> CO ^ | ADDHX1  | 0.021 |   0.866 |    3.374 | 
     | picorv32_core_inc_add_1433_40_g1213 | B ^ -> CO ^ | ADDHX1  | 0.022 |   0.888 |    3.396 | 
     | picorv32_core_inc_add_1433_40_g1212 | B ^ -> CO ^ | ADDHX1  | 0.023 |   0.911 |    3.419 | 
     | picorv32_core_inc_add_1433_40_g1211 | B ^ -> CO ^ | ADDHX1  | 0.022 |   0.933 |    3.441 | 
     | picorv32_core_inc_add_1433_40_g1210 | B ^ -> CO ^ | ADDHX1  | 0.021 |   0.954 |    3.462 | 
     | picorv32_core_inc_add_1433_40_g1209 | B ^ -> CO ^ | ADDHX1  | 0.022 |   0.976 |    3.484 | 
     | picorv32_core_inc_add_1433_40_g1208 | B ^ -> CO ^ | ADDHX1  | 0.022 |   0.998 |    3.506 | 
     | picorv32_core_inc_add_1433_40_g1207 | B ^ -> CO ^ | ADDHX1  | 0.022 |   1.020 |    3.528 | 
     | picorv32_core_inc_add_1433_40_g1206 | B ^ -> CO ^ | ADDHX1  | 0.021 |   1.041 |    3.549 | 
     | picorv32_core_inc_add_1433_40_g1205 | B ^ -> CO ^ | ADDHX1  | 0.021 |   1.062 |    3.570 | 
     | picorv32_core_inc_add_1433_40_g1204 | B ^ -> CO ^ | ADDHX1  | 0.022 |   1.083 |    3.591 | 
     | picorv32_core_inc_add_1433_40_g1203 | B ^ -> CO ^ | ADDHX1  | 0.023 |   1.107 |    3.614 | 
     | picorv32_core_inc_add_1433_40_g1202 | B ^ -> CO ^ | ADDHX1  | 0.022 |   1.129 |    3.637 | 
     | picorv32_core_inc_add_1433_40_g1201 | B ^ -> CO ^ | ADDHX1  | 0.021 |   1.150 |    3.658 | 
     | picorv32_core_inc_add_1433_40_g1200 | B ^ -> CO ^ | ADDHX1  | 0.023 |   1.173 |    3.681 | 
     | picorv32_core_inc_add_1433_40_g1199 | B ^ -> CO ^ | ADDHX1  | 0.021 |   1.195 |    3.703 | 
     | picorv32_core_inc_add_1433_40_g1198 | B ^ -> CO ^ | ADDHX1  | 0.022 |   1.217 |    3.725 | 
     | picorv32_core_inc_add_1433_40_g1197 | B ^ -> CO ^ | ADDHX1  | 0.022 |   1.239 |    3.747 | 
     | picorv32_core_inc_add_1433_40_g1196 | B ^ -> CO ^ | ADDHX1  | 0.026 |   1.264 |    3.772 | 
     | picorv32_core_inc_add_1433_40_g1195 | B ^ -> CO ^ | ADDHX1  | 0.026 |   1.291 |    3.799 | 
     | picorv32_core_inc_add_1433_40_g1194 | B ^ -> CO ^ | ADDHX1  | 0.023 |   1.314 |    3.822 | 
     | picorv32_core_inc_add_1433_40_g1193 | B ^ -> CO ^ | ADDHX1  | 0.023 |   1.337 |    3.845 | 
     | picorv32_core_inc_add_1433_40_g1192 | B ^ -> CO ^ | ADDHX1  | 0.021 |   1.358 |    3.866 | 
     | picorv32_core_inc_add_1433_40_g1191 | B ^ -> CO ^ | ADDHX1  | 0.021 |   1.379 |    3.887 | 
     | picorv32_core_inc_add_1433_40_g1190 | B ^ -> CO ^ | ADDHX1  | 0.021 |   1.399 |    3.907 | 
     | picorv32_core_inc_add_1433_40_g1189 | B ^ -> CO ^ | ADDHX1  | 0.021 |   1.421 |    3.929 | 
     | picorv32_core_inc_add_1433_40_g1188 | B ^ -> S ^  | ADDHX1  | 0.021 |   1.442 |    3.950 | 
     | picorv32_core_g195421               | A ^ -> Y ^  | AND2X1  | 0.019 |   1.461 |    3.969 | 
     | picorv32_core_count_cycle_reg[62]   | D ^         | DFFHQX1 | 0.000 |   1.461 |    3.969 | 
     +------------------------------------------------------------------------------------------+ 

