Cadence Genus(TM) Synthesis Solution.
Copyright 2022 Cadence Design Systems, Inc. All rights reserved worldwide.
Cadence and the Cadence logo are registered trademarks and Genus is a trademark
of Cadence Design Systems, Inc. in the United States and other countries.

[14:23:28.187809] Configured Lic search path (21.01-s002): 5280@cadence.it.auth.gr

Version: 21.15-s080_1, built Fri Sep 23 02:57:55 PDT 2022
Options: 
Date:    Fri Nov 28 14:23:28 2025
Host:    cn92.it.auth.gr (x86_64 w/Linux 5.14.0-570.52.1.el9_6.x86_64) (12cores*12cpus*1physical cpu*AMD EPYC 7352 24-Core Processor 512KB) (49034408KB)
PID:     523169
OS:      Rocky Linux release 9.6 (Blue Onyx)


[14:23:28.443488] Periodic Lic check successful
[14:23:28.443499] Feature usage summary:
[14:23:28.443504] Genus_Synthesis
Checking out license: Genus_Synthesis


***********************************************************************************************************
***********************************************************************************************************



Loading tool scripts...
Finished loading tool scripts (16 seconds elapsed).

WARNING: This version of the tool is 1162 days old.
@genus:root: 1> set_db library /mnt/apps/prebuilt/eda/designkits/GPDK/gsclib045/lan/flow/t1u1/reference_libs/GPDK045/gsclib045_svt_v4.4/gsclib045/timing/fast_vdd1v2_basicCells.lib

Threads Configured:3

  Message Summary for Library fast_vdd1v2_basicCells.lib:
  *******************************************************
  Missing a function attribute in the output pin definition. [LBR-518]: 1
  *******************************************************
 
Info    : Created nominal operating condition. [LBR-412]
        : Operating condition '_nominal_' was created for the PVT values (1.000000, 1.320000, 0.000000) in library 'fast_vdd1v2_basicCells.lib'.
        : The nominal operating condition is represented, either by the nominal PVT values specified in the library source (via nom_process,nom_voltage and nom_temperature respectively), or by the default PVT values (1.0,1.0,1.0).
Warning : Library cell has no output pins defined. [LBR-9]
        : Library cell 'ANTENNA' must have an output pin.
        : Add the missing output pin(s), then reload the library. Else the library cell will be marked as timing model i.e. unusable. Timing_model means that the cell does not have any defined function. If there is no output pin, Genus will mark library cell as unusable i.e. the attribute 'usable' will be marked to 'false' on the libcell. Therefore, the cell is not used for mapping and it will not be picked up from the library for synthesis. If you query the attribute 'unusable_reason' on the libcell; result will be: 'Library cell has no output pins.'Note: The message LBR-9 is only for the logical pins and not for the power_ground pins. Genus will depend upon the output function defined in the pin group (output pin) of the cell, to use it for mapping. The pg_pin will not have any function defined.
Warning : Library cell has no output pins defined. [LBR-9]
        : Library cell 'ANTENNA' must have an output pin.
Warning : Library cell has no output pins defined. [LBR-9]
        : Library cell 'DECAP10' must have an output pin.
Warning : Library cell has no output pins defined. [LBR-9]
        : Library cell 'DECAP10' must have an output pin.
Warning : Library cell has no output pins defined. [LBR-9]
        : Library cell 'DECAP2' must have an output pin.
Warning : Library cell has no output pins defined. [LBR-9]
        : Library cell 'DECAP2' must have an output pin.
Warning : Library cell has no output pins defined. [LBR-9]
        : Library cell 'DECAP3' must have an output pin.
Warning : Library cell has no output pins defined. [LBR-9]
        : Library cell 'DECAP3' must have an output pin.
Warning : Library cell has no output pins defined. [LBR-9]
        : Library cell 'DECAP4' must have an output pin.
Warning : Library cell has no output pins defined. [LBR-9]
        : Library cell 'DECAP4' must have an output pin.
Warning : Library cell has no output pins defined. [LBR-9]
        : Library cell 'DECAP5' must have an output pin.
Warning : Library cell has no output pins defined. [LBR-9]
        : Library cell 'DECAP5' must have an output pin.
Warning : Library cell has no output pins defined. [LBR-9]
        : Library cell 'DECAP6' must have an output pin.
Warning : Library cell has no output pins defined. [LBR-9]
        : Library cell 'DECAP6' must have an output pin.
Warning : Library cell has no output pins defined. [LBR-9]
        : Library cell 'DECAP7' must have an output pin.
Warning : Library cell has no output pins defined. [LBR-9]
        : Library cell 'DECAP7' must have an output pin.
Warning : Library cell has no output pins defined. [LBR-9]
        : Library cell 'DECAP8' must have an output pin.
Warning : Library cell has no output pins defined. [LBR-9]
        : Library cell 'DECAP8' must have an output pin.
Warning : Library cell has no output pins defined. [LBR-9]
        : Library cell 'DECAP9' must have an output pin.
Warning : Library cell has no output pins defined. [LBR-9]
        : Library cell 'DECAP9' must have an output pin.
  Setting attribute of root '/': 'library' = /mnt/apps/prebuilt/eda/designkits/GPDK/gsclib045/lan/flow/t1u1/reference_libs/GPDK045/gsclib045_svt_v4.4/gsclib045/timing/fast_vdd1v2_basicCells.lib
1 /mnt/apps/prebuilt/eda/designkits/GPDK/gsclib045/lan/flow/t1u1/reference_libs/GPDK045/gsclib045_svt_v4.4/gsclib045/timing/fast_vdd1v2_basicCells.lib
@genus:root: 2> 
@genus:root: 2> # Set physical libraries (LEF macro and tech files)
@genus:root: 3> set_db lef_library {/mnt/apps/prebuilt/eda/designkits/GPDK/gsclib045/lan/flow/t1u1/reference_libs/GPDK045/gsclib045_svt_v4.4/gsclib045/lef/gsclib045_tech.lef /mnt/apps/prebuilt/eda/designkits/GPDK/gsclib045/lan/flow/t1u1/reference_libs/GPDK045/gsclib045_svt_v4.4/gsclib045/lef/gsclib045_macro.lef }
Info    : Via with no resistance will have a value of '0.0' assigned for resistance value. [PHYS-129]
        : Via 'M2_M1_HV' has no resistance value.
        : If this is the expected behavior, this message can be ignored.
Info    : Via with no resistance will have a value of '0.0' assigned for resistance value. [PHYS-129]
        : Via 'M2_M1_VV' has no resistance value.
Info    : Via with no resistance will have a value of '0.0' assigned for resistance value. [PHYS-129]
        : Via 'M2_M1_VH' has no resistance value.
Info    : Via with no resistance will have a value of '0.0' assigned for resistance value. [PHYS-129]
        : Via 'M2_M1_HH' has no resistance value.
Info    : Via with no resistance will have a value of '0.0' assigned for resistance value. [PHYS-129]
        : Via 'M2_M1_2x1_HV_E' has no resistance value.
Info    : Via with no resistance will have a value of '0.0' assigned for resistance value. [PHYS-129]
        : Via 'M2_M1_2x1_HV_W' has no resistance value.
Info    : Via with no resistance will have a value of '0.0' assigned for resistance value. [PHYS-129]
        : Via 'M2_M1_1x2_HV_N' has no resistance value.
Info    : Via with no resistance will have a value of '0.0' assigned for resistance value. [PHYS-129]
        : Via 'M2_M1_1x2_HV_S' has no resistance value.
Info    : Via with no resistance will have a value of '0.0' assigned for resistance value. [PHYS-129]
        : Via 'M3_M2_VH' has no resistance value.
Info    : Via with no resistance will have a value of '0.0' assigned for resistance value. [PHYS-129]
        : Via 'M3_M2_HH' has no resistance value.
Info    : Via with no resistance will have a value of '0.0' assigned for resistance value. [PHYS-129]
        : Via 'M3_M2_HV' has no resistance value.
Info    : Via with no resistance will have a value of '0.0' assigned for resistance value. [PHYS-129]
        : Via 'M3_M2_VV' has no resistance value.
Info    : Via with no resistance will have a value of '0.0' assigned for resistance value. [PHYS-129]
        : Via 'M3_M2_M_NH' has no resistance value.
Info    : Via with no resistance will have a value of '0.0' assigned for resistance value. [PHYS-129]
        : Via 'M3_M2_M_SH' has no resistance value.
Info    : Via with no resistance will have a value of '0.0' assigned for resistance value. [PHYS-129]
        : Via 'M3_M2_2x1_VH_E' has no resistance value.
Info    : Via with no resistance will have a value of '0.0' assigned for resistance value. [PHYS-129]
        : Via 'M3_M2_2x1_VH_W' has no resistance value.
Info    : Via with no resistance will have a value of '0.0' assigned for resistance value. [PHYS-129]
        : Via 'M3_M2_1x2_VH_N' has no resistance value.
Info    : Via with no resistance will have a value of '0.0' assigned for resistance value. [PHYS-129]
        : Via 'M3_M2_1x2_VH_S' has no resistance value.
Info    : Via with no resistance will have a value of '0.0' assigned for resistance value. [PHYS-129]
        : Via 'M4_M3_HV' has no resistance value.
Info    : Via with no resistance will have a value of '0.0' assigned for resistance value. [PHYS-129]
        : Via 'M4_M3_VV' has no resistance value.
Warning : Maximum message print count reached. [MESG-11]
        : Maximum print count of '20' reached for message 'PHYS-129'.

  According to lef_library, there are total 11 routing layers [ V(5) / H(6) ]

  Library has 324 usable logic and 128 usable sequential lib-cells.
Warning : Physical cell not defined in library. [PHYS-279]
        : The physical (LEF) cell DFF2RX1 cannot be found in library.
        : Ensure that the proper library files are available and have been imported.
Warning : Physical cell not defined in library. [PHYS-279]
        : The physical (LEF) cell DFF2RX2 cannot be found in library.
Warning : Physical cell not defined in library. [PHYS-279]
        : The physical (LEF) cell DFF2X1 cannot be found in library.
Warning : Physical cell not defined in library. [PHYS-279]
        : The physical (LEF) cell DFF2X2 cannot be found in library.
Warning : Physical cell not defined in library. [PHYS-279]
        : The physical (LEF) cell DFF4RX1 cannot be found in library.
Warning : Physical cell not defined in library. [PHYS-279]
        : The physical (LEF) cell DFF4RX2 cannot be found in library.
Warning : Physical cell not defined in library. [PHYS-279]
        : The physical (LEF) cell DFF4X1 cannot be found in library.
Warning : Physical cell not defined in library. [PHYS-279]
        : The physical (LEF) cell DFF4X2 cannot be found in library.
Warning : Physical cell not defined in library. [PHYS-279]
        : The physical (LEF) cell FILL1 cannot be found in library.
Warning : Physical cell not defined in library. [PHYS-279]
        : The physical (LEF) cell FILL16 cannot be found in library.
Warning : Physical cell not defined in library. [PHYS-279]
        : The physical (LEF) cell FILL2 cannot be found in library.
Warning : Physical cell not defined in library. [PHYS-279]
        : The physical (LEF) cell FILL32 cannot be found in library.
Warning : Physical cell not defined in library. [PHYS-279]
        : The physical (LEF) cell FILL4 cannot be found in library.
Warning : Physical cell not defined in library. [PHYS-279]
        : The physical (LEF) cell FILL64 cannot be found in library.
Warning : Physical cell not defined in library. [PHYS-279]
        : The physical (LEF) cell FILL8 cannot be found in library.
Warning : Physical cell not defined in library. [PHYS-279]
        : The physical (LEF) cell FSWNX1 cannot be found in library.
Warning : Physical cell not defined in library. [PHYS-279]
        : The physical (LEF) cell FSWX1 cannot be found in library.
Warning : Physical cell not defined in library. [PHYS-279]
        : The physical (LEF) cell HSWDNX1 cannot be found in library.
Warning : Physical cell not defined in library. [PHYS-279]
        : The physical (LEF) cell HSWDX1 cannot be found in library.
Warning : Physical cell not defined in library. [PHYS-279]
        : The physical (LEF) cell HSWNX1 cannot be found in library.
Warning : Maximum message print count reached. [MESG-11]
        : Maximum print count of '20' reached for message 'PHYS-279'.
  Setting attribute of root '/': 'lef_library' = /mnt/apps/prebuilt/eda/designkits/GPDK/gsclib045/lan/flow/t1u1/reference_libs/GPDK045/gsclib045_svt_v4.4/gsclib045/lef/gsclib045_tech.lef /mnt/apps/prebuilt/eda/designkits/GPDK/gsclib045/lan/flow/t1u1/reference_libs/GPDK045/gsclib045_svt_v4.4/gsclib045/lef/gsclib045_macro.lef
1 {/mnt/apps/prebuilt/eda/designkits/GPDK/gsclib045/lan/flow/t1u1/reference_libs/GPDK045/gsclib045_svt_v4.4/gsclib045/lef/gsclib045_tech.lef /mnt/apps/prebuilt/eda/designkits/GPDK/gsclib045/lan/flow/t1u1/reference_libs/GPDK045/gsclib045_svt_v4.4/gsclib045/lef/gsclib045_macro.lef}
@genus:root: 4> 
@genus:root: 4> # Set parasitical library (QRC tech file)
@genus:root: 5> read_qrc /mnt/apps/prebuilt/eda/designkits/GPDK/gsclib045/lan/flow/t1u1/reference_libs/GPDK045/gsclib045_svt_v4.4/gsclib045/qrc/qx/gpdk045.tch

  According to qrc_tech_file, there are total 11 routing layers [ V(5) / H(6) ]

Done reading qrc_tech_file
@genus:root: 6> 
@genus:root: 6> ################################################################################
@genus:root: 7> ## 2. READ AND ELABORATE DESIGN
@genus:root: 8> ##
@genus:root: 9> ## Load the RTL and create the initial unmapped design.
@genus:root: 10> ################################################################################
@genus:root: 11> 
@genus:root: 11> # Read the top-level Verilog file
@genus:root: 12> read_hdl /home/p/ppapadoe/Desktop/vlsi-asic/picorv32.v
	initial begin
	      |
Warning : Ignoring unsynthesizable construct. [VLOGPT-37]
        : Initial in file '/home/p/ppapadoe/Desktop/vlsi-asic/picorv32.v' on line 206, column 8.
        : For example, the following constructs will be ignored:
    - initial block
    - final block
    - program block
    - property block
    - sequence block
    - covergroup
    - checker block
    - gate drive strength
    - system task enable
    - reg declaration with initial value
    - specify block.
@genus:root: 13> 
@genus:root: 13> # Elaborate the design (instantiate the module)
@genus:root: 14> elaborate picorv32_wb
Info    : Elaborating Design. [ELAB-1]
        : Elaborating top-level block 'picorv32_wb' from file '/home/p/ppapadoe/Desktop/vlsi-asic/picorv32.v'.
Warning : Using default parameter value for module elaboration. [CDFG-818]
        : Elaborating block 'picorv32_wb' with default parameters value.
Warning : Removing unused register. [CDFG-508]
        : Removing unused flip-flop register 'rs1_q' in module 'picorv32_pcpi_fast_mul' in file '/home/p/ppapadoe/Desktop/vlsi-asic/picorv32.v' on line 2342.
        : Genus removes the flip-flop or latch inferred for an unused signal or variable. To preserve the flip-flop or latch, set the hdl_preserve_unused_registers attribute to true or use a pragma in the RTL.
Warning : Removing unused register. [CDFG-508]
        : Removing unused flip-flop register 'rs2_q' in module 'picorv32_pcpi_fast_mul' in file '/home/p/ppapadoe/Desktop/vlsi-asic/picorv32.v' on line 2342.
Warning : Removing unused register. [CDFG-508]
        : Removing unused flip-flop register 'rd_q' in module 'picorv32_pcpi_fast_mul' in file '/home/p/ppapadoe/Desktop/vlsi-asic/picorv32.v' on line 2343.
Warning : Removing unused register. [CDFG-508]
        : Removing unused flip-flop register 'pcpi_insn_valid_q' in module 'picorv32_pcpi_fast_mul' in file '/home/p/ppapadoe/Desktop/vlsi-asic/picorv32.v' on line 2346.
Warning : Removing unused register. [CDFG-508]
        : Removing unused flip-flop register 'mem_la_firstword_reg' in module 'picorv32_ENABLE_COUNTERS1_ENABLE_COUNTERS641_ENABLE_REGS_16_311_ENABLE_REGS_DUALPORT1_TWO_STAGE_SHIFT1_BARREL_SHIFTER1_TWO_CYCLE_COMPARE0_TWO_CYCLE_ALU1_COMPRESSED_ISA0_CATCH_MISALIGN1_CATCH_ILLINSN1_ENABLE_PCPI1_ENABLE_MUL1_ENABLE_FAST_MUL1_ENABLE_DIV1_ENABLE_IRQ1_ENABLE_IRQ_QREGS1_ENABLE_IRQ_TIMER1_ENABLE_TRACE0_REGS_INIT_ZERO0_MASKED_IRQ0_LATCHED_IRQn1_PROGADDR_RESET0_PROGADDR_IRQ16_STACKADDRn1' in file '/home/p/ppapadoe/Desktop/vlsi-asic/picorv32.v' on line 361.
Warning : Removing unused register. [CDFG-508]
        : Removing unused flip-flop register 'last_mem_valid' in module 'picorv32_ENABLE_COUNTERS1_ENABLE_COUNTERS641_ENABLE_REGS_16_311_ENABLE_REGS_DUALPORT1_TWO_STAGE_SHIFT1_BARREL_SHIFTER1_TWO_CYCLE_COMPARE0_TWO_CYCLE_ALU1_COMPRESSED_ISA0_CATCH_MISALIGN1_CATCH_ILLINSN1_ENABLE_PCPI1_ENABLE_MUL1_ENABLE_FAST_MUL1_ENABLE_DIV1_ENABLE_IRQ1_ENABLE_IRQ_QREGS1_ENABLE_IRQ_TIMER1_ENABLE_TRACE0_REGS_INIT_ZERO0_MASKED_IRQ0_LATCHED_IRQn1_PROGADDR_RESET0_PROGADDR_IRQ16_STACKADDRn1' in file '/home/p/ppapadoe/Desktop/vlsi-asic/picorv32.v' on line 395.
Warning : Removing unused register. [CDFG-508]
        : Removing unused flip-flop register 'next_insn_opcode' in module 'picorv32_ENABLE_COUNTERS1_ENABLE_COUNTERS641_ENABLE_REGS_16_311_ENABLE_REGS_DUALPORT1_TWO_STAGE_SHIFT1_BARREL_SHIFTER1_TWO_CYCLE_COMPARE0_TWO_CYCLE_ALU1_COMPRESSED_ISA0_CATCH_MISALIGN1_CATCH_ILLINSN1_ENABLE_PCPI1_ENABLE_MUL1_ENABLE_FAST_MUL1_ENABLE_DIV1_ENABLE_IRQ1_ENABLE_IRQ_QREGS1_ENABLE_IRQ_TIMER1_ENABLE_TRACE0_REGS_INIT_ZERO0_MASKED_IRQ0_LATCHED_IRQn1_PROGADDR_RESET0_PROGADDR_IRQ16_STACKADDRn1' in file '/home/p/ppapadoe/Desktop/vlsi-asic/picorv32.v' on line 179.
Warning : Removing unused register. [CDFG-508]
        : Removing unused flip-flop register 'mem_la_secondword' in module 'picorv32_ENABLE_COUNTERS1_ENABLE_COUNTERS641_ENABLE_REGS_16_311_ENABLE_REGS_DUALPORT1_TWO_STAGE_SHIFT1_BARREL_SHIFTER1_TWO_CYCLE_COMPARE0_TWO_CYCLE_ALU1_COMPRESSED_ISA0_CATCH_MISALIGN1_CATCH_ILLINSN1_ENABLE_PCPI1_ENABLE_MUL1_ENABLE_FAST_MUL1_ENABLE_DIV1_ENABLE_IRQ1_ENABLE_IRQ_QREGS1_ENABLE_IRQ_TIMER1_ENABLE_TRACE0_REGS_INIT_ZERO0_MASKED_IRQ0_LATCHED_IRQn1_PROGADDR_RESET0_PROGADDR_IRQ16_STACKADDRn1' in file '/home/p/ppapadoe/Desktop/vlsi-asic/picorv32.v' on line 361.
Warning : Removing unused register. [CDFG-508]
        : Removing unused flip-flop register 'prefetched_high_word' in module 'picorv32_ENABLE_COUNTERS1_ENABLE_COUNTERS641_ENABLE_REGS_16_311_ENABLE_REGS_DUALPORT1_TWO_STAGE_SHIFT1_BARREL_SHIFTER1_TWO_CYCLE_COMPARE0_TWO_CYCLE_ALU1_COMPRESSED_ISA0_CATCH_MISALIGN1_CATCH_ILLINSN1_ENABLE_PCPI1_ENABLE_MUL1_ENABLE_FAST_MUL1_ENABLE_DIV1_ENABLE_IRQ1_ENABLE_IRQ_QREGS1_ENABLE_IRQ_TIMER1_ENABLE_TRACE0_REGS_INIT_ZERO0_MASKED_IRQ0_LATCHED_IRQn1_PROGADDR_RESET0_PROGADDR_IRQ16_STACKADDRn1' in file '/home/p/ppapadoe/Desktop/vlsi-asic/picorv32.v' on line 365.
Warning : Removing unused register. [CDFG-508]
        : Removing unused latch register 'new_ascii_instr' in module 'picorv32_ENABLE_COUNTERS1_ENABLE_COUNTERS641_ENABLE_REGS_16_311_ENABLE_REGS_DUALPORT1_TWO_STAGE_SHIFT1_BARREL_SHIFTER1_TWO_CYCLE_COMPARE0_TWO_CYCLE_ALU1_COMPRESSED_ISA0_CATCH_MISALIGN1_CATCH_ILLINSN1_ENABLE_PCPI1_ENABLE_MUL1_ENABLE_FAST_MUL1_ENABLE_DIV1_ENABLE_IRQ1_ENABLE_IRQ_QREGS1_ENABLE_IRQ_TIMER1_ENABLE_TRACE0_REGS_INIT_ZERO0_MASKED_IRQ0_LATCHED_IRQn1_PROGADDR_RESET0_PROGADDR_IRQ16_STACKADDRn1' in file '/home/p/ppapadoe/Desktop/vlsi-asic/picorv32.v' on line 690.
Warning : Removing unused register. [CDFG-508]
        : Removing unused flip-flop register 'dbg_insn_addr' in module 'picorv32_ENABLE_COUNTERS1_ENABLE_COUNTERS641_ENABLE_REGS_16_311_ENABLE_REGS_DUALPORT1_TWO_STAGE_SHIFT1_BARREL_SHIFTER1_TWO_CYCLE_COMPARE0_TWO_CYCLE_ALU1_COMPRESSED_ISA0_CATCH_MISALIGN1_CATCH_ILLINSN1_ENABLE_PCPI1_ENABLE_MUL1_ENABLE_FAST_MUL1_ENABLE_DIV1_ENABLE_IRQ1_ENABLE_IRQ_QREGS1_ENABLE_IRQ_TIMER1_ENABLE_TRACE0_REGS_INIT_ZERO0_MASKED_IRQ0_LATCHED_IRQn1_PROGADDR_RESET0_PROGADDR_IRQ16_STACKADDRn1' in file '/home/p/ppapadoe/Desktop/vlsi-asic/picorv32.v' on line 181.
Warning : Removing unused register. [CDFG-508]
        : Removing unused flip-flop register 'q_ascii_instr' in module 'picorv32_ENABLE_COUNTERS1_ENABLE_COUNTERS641_ENABLE_REGS_16_311_ENABLE_REGS_DUALPORT1_TWO_STAGE_SHIFT1_BARREL_SHIFTER1_TWO_CYCLE_COMPARE0_TWO_CYCLE_ALU1_COMPRESSED_ISA0_CATCH_MISALIGN1_CATCH_ILLINSN1_ENABLE_PCPI1_ENABLE_MUL1_ENABLE_FAST_MUL1_ENABLE_DIV1_ENABLE_IRQ1_ENABLE_IRQ_QREGS1_ENABLE_IRQ_TIMER1_ENABLE_TRACE0_REGS_INIT_ZERO0_MASKED_IRQ0_LATCHED_IRQn1_PROGADDR_RESET0_PROGADDR_IRQ16_STACKADDRn1' in file '/home/p/ppapadoe/Desktop/vlsi-asic/picorv32.v' on line 760.
Warning : Removing unused register. [CDFG-508]
        : Removing unused flip-flop register 'q_insn_imm' in module 'picorv32_ENABLE_COUNTERS1_ENABLE_COUNTERS641_ENABLE_REGS_16_311_ENABLE_REGS_DUALPORT1_TWO_STAGE_SHIFT1_BARREL_SHIFTER1_TWO_CYCLE_COMPARE0_TWO_CYCLE_ALU1_COMPRESSED_ISA0_CATCH_MISALIGN1_CATCH_ILLINSN1_ENABLE_PCPI1_ENABLE_MUL1_ENABLE_FAST_MUL1_ENABLE_DIV1_ENABLE_IRQ1_ENABLE_IRQ_QREGS1_ENABLE_IRQ_TIMER1_ENABLE_TRACE0_REGS_INIT_ZERO0_MASKED_IRQ0_LATCHED_IRQn1_PROGADDR_RESET0_PROGADDR_IRQ16_STACKADDRn1' in file '/home/p/ppapadoe/Desktop/vlsi-asic/picorv32.v' on line 761.
Warning : Removing unused register. [CDFG-508]
        : Removing unused flip-flop register 'q_insn_opcode' in module 'picorv32_ENABLE_COUNTERS1_ENABLE_COUNTERS641_ENABLE_REGS_16_311_ENABLE_REGS_DUALPORT1_TWO_STAGE_SHIFT1_BARREL_SHIFTER1_TWO_CYCLE_COMPARE0_TWO_CYCLE_ALU1_COMPRESSED_ISA0_CATCH_MISALIGN1_CATCH_ILLINSN1_ENABLE_PCPI1_ENABLE_MUL1_ENABLE_FAST_MUL1_ENABLE_DIV1_ENABLE_IRQ1_ENABLE_IRQ_QREGS1_ENABLE_IRQ_TIMER1_ENABLE_TRACE0_REGS_INIT_ZERO0_MASKED_IRQ0_LATCHED_IRQn1_PROGADDR_RESET0_PROGADDR_IRQ16_STACKADDRn1' in file '/home/p/ppapadoe/Desktop/vlsi-asic/picorv32.v' on line 762.
Warning : Removing unused register. [CDFG-508]
        : Removing unused flip-flop register 'q_insn_rs1' in module 'picorv32_ENABLE_COUNTERS1_ENABLE_COUNTERS641_ENABLE_REGS_16_311_ENABLE_REGS_DUALPORT1_TWO_STAGE_SHIFT1_BARREL_SHIFTER1_TWO_CYCLE_COMPARE0_TWO_CYCLE_ALU1_COMPRESSED_ISA0_CATCH_MISALIGN1_CATCH_ILLINSN1_ENABLE_PCPI1_ENABLE_MUL1_ENABLE_FAST_MUL1_ENABLE_DIV1_ENABLE_IRQ1_ENABLE_IRQ_QREGS1_ENABLE_IRQ_TIMER1_ENABLE_TRACE0_REGS_INIT_ZERO0_MASKED_IRQ0_LATCHED_IRQn1_PROGADDR_RESET0_PROGADDR_IRQ16_STACKADDRn1' in file '/home/p/ppapadoe/Desktop/vlsi-asic/picorv32.v' on line 763.
Warning : Removing unused register. [CDFG-508]
        : Removing unused flip-flop register 'q_insn_rs2' in module 'picorv32_ENABLE_COUNTERS1_ENABLE_COUNTERS641_ENABLE_REGS_16_311_ENABLE_REGS_DUALPORT1_TWO_STAGE_SHIFT1_BARREL_SHIFTER1_TWO_CYCLE_COMPARE0_TWO_CYCLE_ALU1_COMPRESSED_ISA0_CATCH_MISALIGN1_CATCH_ILLINSN1_ENABLE_PCPI1_ENABLE_MUL1_ENABLE_FAST_MUL1_ENABLE_DIV1_ENABLE_IRQ1_ENABLE_IRQ_QREGS1_ENABLE_IRQ_TIMER1_ENABLE_TRACE0_REGS_INIT_ZERO0_MASKED_IRQ0_LATCHED_IRQn1_PROGADDR_RESET0_PROGADDR_IRQ16_STACKADDRn1' in file '/home/p/ppapadoe/Desktop/vlsi-asic/picorv32.v' on line 764.
Warning : Removing unused register. [CDFG-508]
        : Removing unused flip-flop register 'q_insn_rd' in module 'picorv32_ENABLE_COUNTERS1_ENABLE_COUNTERS641_ENABLE_REGS_16_311_ENABLE_REGS_DUALPORT1_TWO_STAGE_SHIFT1_BARREL_SHIFTER1_TWO_CYCLE_COMPARE0_TWO_CYCLE_ALU1_COMPRESSED_ISA0_CATCH_MISALIGN1_CATCH_ILLINSN1_ENABLE_PCPI1_ENABLE_MUL1_ENABLE_FAST_MUL1_ENABLE_DIV1_ENABLE_IRQ1_ENABLE_IRQ_QREGS1_ENABLE_IRQ_TIMER1_ENABLE_TRACE0_REGS_INIT_ZERO0_MASKED_IRQ0_LATCHED_IRQn1_PROGADDR_RESET0_PROGADDR_IRQ16_STACKADDRn1' in file '/home/p/ppapadoe/Desktop/vlsi-asic/picorv32.v' on line 765.
Warning : Removing unused register. [CDFG-508]
        : Removing unused flip-flop register 'dbg_next' in module 'picorv32_ENABLE_COUNTERS1_ENABLE_COUNTERS641_ENABLE_REGS_16_311_ENABLE_REGS_DUALPORT1_TWO_STAGE_SHIFT1_BARREL_SHIFTER1_TWO_CYCLE_COMPARE0_TWO_CYCLE_ALU1_COMPRESSED_ISA0_CATCH_MISALIGN1_CATCH_ILLINSN1_ENABLE_PCPI1_ENABLE_MUL1_ENABLE_FAST_MUL1_ENABLE_DIV1_ENABLE_IRQ1_ENABLE_IRQ_QREGS1_ENABLE_IRQ_TIMER1_ENABLE_TRACE0_REGS_INIT_ZERO0_MASKED_IRQ0_LATCHED_IRQn1_PROGADDR_RESET0_PROGADDR_IRQ16_STACKADDRn1' in file '/home/p/ppapadoe/Desktop/vlsi-asic/picorv32.v' on line 766.
Warning : Removing unused register. [CDFG-508]
        : Removing unused flip-flop register 'dbg_valid_insn' in module 'picorv32_ENABLE_COUNTERS1_ENABLE_COUNTERS641_ENABLE_REGS_16_311_ENABLE_REGS_DUALPORT1_TWO_STAGE_SHIFT1_BARREL_SHIFTER1_TWO_CYCLE_COMPARE0_TWO_CYCLE_ALU1_COMPRESSED_ISA0_CATCH_MISALIGN1_CATCH_ILLINSN1_ENABLE_PCPI1_ENABLE_MUL1_ENABLE_FAST_MUL1_ENABLE_DIV1_ENABLE_IRQ1_ENABLE_IRQ_QREGS1_ENABLE_IRQ_TIMER1_ENABLE_TRACE0_REGS_INIT_ZERO0_MASKED_IRQ0_LATCHED_IRQn1_PROGADDR_RESET0_PROGADDR_IRQ16_STACKADDRn1' in file '/home/p/ppapadoe/Desktop/vlsi-asic/picorv32.v' on line 769.
Warning : Removing unused register. [CDFG-508]
        : Removing unused flip-flop register 'cached_ascii_instr' in module 'picorv32_ENABLE_COUNTERS1_ENABLE_COUNTERS641_ENABLE_REGS_16_311_ENABLE_REGS_DUALPORT1_TWO_STAGE_SHIFT1_BARREL_SHIFTER1_TWO_CYCLE_COMPARE0_TWO_CYCLE_ALU1_COMPRESSED_ISA0_CATCH_MISALIGN1_CATCH_ILLINSN1_ENABLE_PCPI1_ENABLE_MUL1_ENABLE_FAST_MUL1_ENABLE_DIV1_ENABLE_IRQ1_ENABLE_IRQ_QREGS1_ENABLE_IRQ_TIMER1_ENABLE_TRACE0_REGS_INIT_ZERO0_MASKED_IRQ0_LATCHED_IRQn1_PROGADDR_RESET0_PROGADDR_IRQ16_STACKADDRn1' in file '/home/p/ppapadoe/Desktop/vlsi-asic/picorv32.v' on line 771.
Warning : Maximum message print count reached. [MESG-11]
        : Maximum print count of '20' reached for message 'CDFG-508'.
Info    : Done Elaborating Design. [ELAB-3]
        : Done elaborating 'picorv32_wb'.
Checking for analog nets...
Check completed for analog nets.
Checking for source RTL...
Check completed for source RTL.
Running Unified Mux Engine Tricks...
Completed Unified Mux Engine Tricks

Stage: post_elab
--------------------------------------------------------
| Trick             | Accepts | Rejects | Runtime (ms) | 
--------------------------------------------------------
| ume_constant_bmux |       0 |       0 |         1.00 | 
--------------------------------------------------------
Starting clip mux common data inputs [v1.0] (stage: post_elab, startdef: picorv32_wb, recur: true)
Completed clip mux common data inputs (accepts: 0, rejects: 0, runtime: 0.001s)
Starting clip the non-user hierarchies [v2.0] (stage: post_elab, startdef: picorv32_wb, recur: true)
Completed clip the non-user hierarchies (accepts: 1, rejects: 0, runtime: 0.016s)

Stage: post_elab
---------------------------------------------------------
| Transform          | Accepts | Rejects | Runtime (ms) | 
---------------------------------------------------------
| hlo_clip_mux_input |       0 |       0 |         1.00 | 
| hlo_clip           |       1 |       0 |        16.00 | 
---------------------------------------------------------
UM:   flow.cputime  flow.realtime  timing.setup.tns  timing.setup.wns  snapshot
UM:*                                                                   elaborate
design:picorv32_wb
@genus:root: 15> 
@genus:root: 15> # Set the elaborated design as the current working design
@genus:root: 16> current_design picorv32_wb
design:picorv32_wb
@genus:design:picorv32_wb 17> read_sdc constraints.sdc
Statistics for commands executed by read_sdc:
 "all_inputs"               - successful      1 , failed      0 (runtime  0.00)
 "all_outputs"              - successful      1 , failed      0 (runtime  0.00)
 "create_clock"             - successful      1 , failed      0 (runtime  0.01)
 "get_clocks"               - successful      7 , failed      0 (runtime  0.00)
 "get_ports"                - successful      1 , failed      0 (runtime  0.01)
 "remove_from_collection"   - successful      1 , failed      0 (runtime  0.00)
 "set_clock_latency"        - successful      1 , failed      0 (runtime  0.01)
 "set_clock_transition"     - successful      1 , failed      0 (runtime  0.00)
 "set_clock_uncertainty"    - successful      1 , failed      0 (runtime  0.01)
 "set_driving_cell"         - successful      2 , failed      0 (runtime  0.01)
 "set_input_delay"          - successful      2 , failed      0 (runtime  0.01)
 "set_load"                 - successful      2 , failed      0 (runtime  0.01)
 "set_output_delay"         - successful      2 , failed      0 (runtime  0.00)
read_sdc completed in 00:00:00 (hh:mm:ss)
@genus:design:picorv32_wb 18> 
@genus:design:picorv32_wb 18> 
@genus:design:picorv32_wb 18> # Enable high effort for power optimization [cite: 230-232]
@genus:design:picorv32_wb 19> # This tells Genus to apply algorithms specifically for power saving.
@genus:design:picorv32_wb 20> set_db design_power_effort high
  Setting attribute of root '/': 'design_power_effort' = high
1 high
@genus:design:picorv32_wb 21> 
@genus:design:picorv32_wb 21> # Focus specifically on Dynamic Power [cite: 233]
@genus:design:picorv32_wb 22> # 0.0 = Optimization focuses only on Dynamic Power
@genus:design:picorv32_wb 23> # 1.0 = Optimization focuses only on Leakage Power
@genus:design:picorv32_wb 24> # Since Task 2 asks for "minimum dynamic power", set this to 0.0.
@genus:design:picorv32_wb 25> set_db opt_leakage_to_dynamic_ratio 0.0
  Setting attribute of root '/': 'opt_leakage_to_dynamic_ratio' = 0.0
1 0.0
@genus:design:picorv32_wb 26> 
@genus:design:picorv32_wb 26> 
@genus:design:picorv32_wb 26> 
@genus:design:picorv32_wb 26> # --- Define Optimization Cost Groups ---
@genus:design:picorv32_wb 27> # Tell Genus which path types to prioritize during synthesis.
@genus:design:picorv32_wb 28> # This (and set_cost_group_weight) changes the synthesis *effort*.
@genus:design:picorv32_wb 29> define_cost_group -name I2R -design picorv32_wb
cost_group:picorv32_wb/I2R
@genus:design:picorv32_wb 30> define_cost_group -name R2R -design picorv32_wb
cost_group:picorv32_wb/R2R
@genus:design:picorv32_wb 31> define_cost_group -name R2O -design picorv32_wb
cost_group:picorv32_wb/R2O
@genus:design:picorv32_wb 32> define_cost_group -name I2O -design picorv32_wb
cost_group:picorv32_wb/I2O
@genus:design:picorv32_wb 33> 
@genus:design:picorv32_wb 33> # Example: Make Genus try twice as hard on R2R paths
@genus:design:picorv32_wb 34> # set_cost_group_weight -group my_r2r_paths -weight 2.0
@genus:design:picorv32_wb 35> 
@genus:design:picorv32_wb 35> 
@genus:design:picorv32_wb 35> # Prevent Genus from swapping normal DFFs with SDFFs
@genus:design:picorv32_wb 36> set_db / .use_scan_seqs_for_non_dft false
  Setting attribute of root '/': 'use_scan_seqs_for_non_dft' = false
1 false
@genus:design:picorv32_wb 37> syn_generic

Stage: pre_early_cg
------------------------------------------------
| Transform | Accepts | Rejects | Runtime (ms) | 
------------------------------------------------
------------------------------------------------
##Generic Timing Info for library domain: _default_ typical gate delay: 25.8 ps std_slew: 4.7 ps std_load: 1.2 fF
Starting mux data reorder optimization [v1.0] (stage: pre_to_gen_setup, startdef: picorv32_wb, recur: true)
Completed mux data reorder optimization (accepts: 0, rejects: 0, runtime: 0.012s)

Stage: pre_to_gen_setup
------------------------------------------------------
| Transform       | Accepts | Rejects | Runtime (ms) | 
------------------------------------------------------
| hlo_mux_reorder |       0 |       0 |        12.00 | 
------------------------------------------------------
Info    : Deleting instances not driving any primary outputs. [GLO-34]
        : Deleting 1 sequential instance.
        : Optimizations such as constant propagation or redundancy removal could change the connections so a hierarchical instance does not drive any primary outputs anymore. To see the list of deleted hierarchical instances, set the 'information_level' attribute to 2 or above. If the message is truncated set the message attribute 'truncate' to false to see the complete list. To prevent this optimization, set the 'delete_unloaded_insts' root/subdesign attribute to 'false' or 'preserve' instance attribute to 'true'.
Info    : Replacing a flip-flop with a logic constant 0. [GLO-12]
        : The instance is 'picorv32_core/mem_addr_reg[0]'.
        : To prevent this optimization, set the 'optimize_constant_0_flops' root attribute to 'false' or 'optimize_constant_0_seq' instance attribute to 'false'. You can also see the complete list of deleted sequential with command "report sequential -deleted" (on Reason "constant0").
Info    : Replacing a flip-flop with a logic constant 0. [GLO-12]
        : The instance is 'picorv32_core/mem_addr_reg[1]'.
Info    : Replacing a flip-flop with a logic constant 0. [GLO-12]
        : The instance is 'picorv32_core/decoded_rd_reg[5]'.
Info    : Replacing a flip-flop with a logic constant 0. [GLO-12]
        : The instance is 'picorv32_core/decoded_imm_j_reg[0]'.
Info    : Replacing a flip-flop with a logic constant 0. [GLO-12]
        : The instance is 'picorv32_core/compressed_instr_reg'.
Info    : Replacing a flip-flop with a logic constant 0. [GLO-12]
        : The instance is 'picorv32_core/trace_valid_reg'.
Info    : Replacing a dont care flip-flop with a logic constant 0. [GLO-24]
        : The instance is 'picorv32_core/trace_data_reg[0]'.
        : The value used to replace the flop can be set by the root attribute 'optimize_seq_x_to'.
Info    : Replacing a dont care flip-flop with a logic constant 0. [GLO-24]
        : The instance is 'picorv32_core/trace_data_reg[1]'.
Info    : Replacing a dont care flip-flop with a logic constant 0. [GLO-24]
        : The instance is 'picorv32_core/trace_data_reg[2]'.
Info    : Replacing a dont care flip-flop with a logic constant 0. [GLO-24]
        : The instance is 'picorv32_core/trace_data_reg[3]'.
Info    : Replacing a dont care flip-flop with a logic constant 0. [GLO-24]
        : The instance is 'picorv32_core/trace_data_reg[4]'.
Info    : Replacing a dont care flip-flop with a logic constant 0. [GLO-24]
        : The instance is 'picorv32_core/trace_data_reg[5]'.
Info    : Replacing a dont care flip-flop with a logic constant 0. [GLO-24]
        : The instance is 'picorv32_core/trace_data_reg[6]'.
Info    : Replacing a dont care flip-flop with a logic constant 0. [GLO-24]
        : The instance is 'picorv32_core/trace_data_reg[7]'.
Info    : Replacing a dont care flip-flop with a logic constant 0. [GLO-24]
        : The instance is 'picorv32_core/trace_data_reg[8]'.
Info    : Replacing a dont care flip-flop with a logic constant 0. [GLO-24]
        : The instance is 'picorv32_core/trace_data_reg[9]'.
Info    : Replacing a dont care flip-flop with a logic constant 0. [GLO-24]
        : The instance is 'picorv32_core/trace_data_reg[10]'.
Info    : Replacing a dont care flip-flop with a logic constant 0. [GLO-24]
        : The instance is 'picorv32_core/trace_data_reg[11]'.
Info    : Replacing a dont care flip-flop with a logic constant 0. [GLO-24]
        : The instance is 'picorv32_core/trace_data_reg[12]'.
Info    : Replacing a dont care flip-flop with a logic constant 0. [GLO-24]
        : The instance is 'picorv32_core/trace_data_reg[13]'.
Info    : Replacing a dont care flip-flop with a logic constant 0. [GLO-24]
        : The instance is 'picorv32_core/trace_data_reg[14]'.
Info    : Replacing a dont care flip-flop with a logic constant 0. [GLO-24]
        : The instance is 'picorv32_core/trace_data_reg[15]'.
Info    : Replacing a dont care flip-flop with a logic constant 0. [GLO-24]
        : The instance is 'picorv32_core/trace_data_reg[16]'.
Info    : Replacing a dont care flip-flop with a logic constant 0. [GLO-24]
        : The instance is 'picorv32_core/trace_data_reg[17]'.
Info    : Replacing a dont care flip-flop with a logic constant 0. [GLO-24]
        : The instance is 'picorv32_core/trace_data_reg[18]'.
Info    : Replacing a dont care flip-flop with a logic constant 0. [GLO-24]
        : The instance is 'picorv32_core/trace_data_reg[19]'.
Warning : Maximum message print count reached. [MESG-11]
        : Maximum print count of '20' reached for message 'GLO-24'.
Info    : Replacing a flip-flop with a logic constant 0. [GLO-12]
        : The instance is 'picorv32_core/cpu_state_reg[4]'.
Info    : Replacing a flip-flop with a logic constant 0. [GLO-12]
        : The instance is 'picorv32_core/alu_wait_2_reg'.
Info    : Replacing a flip-flop with a logic constant 0. [GLO-12]
        : The instance is 'wbm_adr_o_reg[0]'.
Info    : Replacing a flip-flop with a logic constant 0. [GLO-12]
        : The instance is 'wbm_adr_o_reg[1]'.
Info    : Deleting instances not driving any primary outputs. [GLO-34]
        : Deleting 46 sequential instances.
Info    : Deleting instances not driving any primary outputs. [GLO-34]
        : Deleting 9 hierarchical instances.
Current PLE settings:

Aspect ratio        : 1.000
Shrink factor       : 1.000
Scale of res/length : 1.000
Scale of cap/length : 1.000
Net derating factor : 1.000
Thermal factor      : 1.000
Via Resistance      : 6.600 ohm (from qrc_tech_file)
Site size           : 1.910 um (from lef [tech+cell])

                                   Capacitance  
  Layer                             / Length         Data source:
Name        Direction Utilization  (pF/micron)       qrc_tech_file
------------------------------------------------
METAL_1         H         0.00        0.000210  
METAL_2         V         1.00        0.000174  
METAL_3         H         1.00        0.000174  
METAL_4         V         1.00        0.000174  
METAL_5         H         1.00        0.000174  
METAL_6         V         1.00        0.000174  
METAL_7         H         1.00        0.000175  
METAL_8         V         1.00        0.000176  
METAL_9         H         1.00        0.001240  
METAL_10        V         1.00        0.000529  
METAL_11        H         1.00        0.000686  

                                    Resistance   
  Layer                              / Length         Data source:
Name        Direction Utilization  (ohm/micron)       qrc_tech_file
-------------------------------------------------
METAL_1         H         0.00         1.226667  
METAL_2         V         1.00         0.755000  
METAL_3         H         1.00         0.755000  
METAL_4         V         1.00         0.755000  
METAL_5         H         1.00         0.755000  
METAL_6         V         1.00         0.755000  
METAL_7         H         1.00         0.755000  
METAL_8         V         1.00         0.267500  
METAL_9         H         1.00         0.267500  
METAL_10        V         1.00         0.097273  
METAL_11        H         1.00         0.095455  

                                        Area     
  Layer                               / Length        Data source:
Name        Direction Utilization     (micron)        lef_library
-------------------------------------------------
Metal1          H         0.00         0.060000  
Metal2          V         1.00         0.080000  
Metal3          H         1.00         0.080000  
Metal4          V         1.00         0.080000  
Metal5          H         1.00         0.080000  
Metal6          V         1.00         0.080000  
Metal7          H         1.00         0.080000  
Metal8          V         1.00         0.080000  
Metal9          H         1.00         0.080000  
Metal10         V         1.00         0.220000  
Metal11         H         1.00         0.220000  

Info    : Synthesizing. [SYNTH-1]
        : Synthesizing 'picorv32_wb' to generic gates using 'medium' effort.
PBS_Generic-Start - Elapsed_Time 0, CPU_Time 0.0
stamp 'PBS_Generic-Start' being created for table 'pbs_debug'

  Total Time (Wall) |  Stage Time (Wall)  |   % (Wall)   |    Date - Time     |  Memory   | Stage
--------------------+---------------------+--------------+--------------------+-----------+----------------------
 00:00:30(00:04:01) |  00:00:00(00:00:00) |   0.0(  0.0) |   14:27:38 (Nov28) |  512.6 MB | PBS_Generic-Start
--------------------+---------------------+--------------+--------------------+-----------+----------------------
Number of threads: 8 * 1   (id: pbs_debug, time_info v1.57)
Info: (*N*) indicates data that was populated from previously saved time_info database
Info: CPU time includes time of parent + longest thread
TNS Restructuring config: no_value at stage: generic applied.
Info    : Partition Based Synthesis execution skipped. [PHYS-752]
        : Design size is less than the partition size '100000' for distributed generic optimization to kick in.
Starting mux data reorder optimization [v1.0] (stage: pre_to_gen_setup, startdef: picorv32_wb, recur: true)
Completed mux data reorder optimization (accepts: 0, rejects: 0, runtime: 0.057s)

Stage: pre_to_gen_setup
------------------------------------------------------
| Transform       | Accepts | Rejects | Runtime (ms) | 
------------------------------------------------------
| hlo_mux_reorder |       0 |       0 |        57.00 | 
------------------------------------------------------
Info    : Deleting instances not driving any primary outputs. [GLO-34]
        : Deleting 5 hierarchical instances.
Starting mux data reorder optimization [v1.0] (stage: post_to_gen_setup, startdef: picorv32_wb, recur: true)
Completed mux data reorder optimization (accepts: 0, rejects: 0, runtime: 0.015s)

Stage: post_to_gen_setup
------------------------------------------------------
| Transform       | Accepts | Rejects | Runtime (ms) | 
------------------------------------------------------
| hlo_mux_reorder |       0 |       0 |        15.00 | 
------------------------------------------------------
Current PLE settings:

Aspect ratio        : 1.000
Shrink factor       : 1.000
Scale of res/length : 1.000
Scale of cap/length : 1.000
Net derating factor : 1.000
Thermal factor      : 1.000
Via Resistance      : 6.600 ohm (from qrc_tech_file)
Site size           : 1.910 um (from lef [tech+cell])

                                   Capacitance  
  Layer                             / Length         Data source:
Name        Direction Utilization  (pF/micron)       qrc_tech_file
------------------------------------------------
METAL_1         H         0.00        0.000210  
METAL_2         V         1.00        0.000174  
METAL_3         H         1.00        0.000174  
METAL_4         V         1.00        0.000174  
METAL_5         H         1.00        0.000174  
METAL_6         V         1.00        0.000174  
METAL_7         H         1.00        0.000175  
METAL_8         V         1.00        0.000176  
METAL_9         H         1.00        0.001240  
METAL_10        V         1.00        0.000529  
METAL_11        H         1.00        0.000686  

                                    Resistance   
  Layer                              / Length         Data source:
Name        Direction Utilization  (ohm/micron)       qrc_tech_file
-------------------------------------------------
METAL_1         H         0.00         1.226667  
METAL_2         V         1.00         0.755000  
METAL_3         H         1.00         0.755000  
METAL_4         V         1.00         0.755000  
METAL_5         H         1.00         0.755000  
METAL_6         V         1.00         0.755000  
METAL_7         H         1.00         0.755000  
METAL_8         V         1.00         0.267500  
METAL_9         H         1.00         0.267500  
METAL_10        V         1.00         0.097273  
METAL_11        H         1.00         0.095455  

                                        Area     
  Layer                               / Length        Data source:
Name        Direction Utilization     (micron)        lef_library
-------------------------------------------------
Metal1          H         0.00         0.060000  
Metal2          V         1.00         0.080000  
Metal3          H         1.00         0.080000  
Metal4          V         1.00         0.080000  
Metal5          H         1.00         0.080000  
Metal6          V         1.00         0.080000  
Metal7          H         1.00         0.080000  
Metal8          V         1.00         0.080000  
Metal9          H         1.00         0.080000  
Metal10         V         1.00         0.220000  
Metal11         H         1.00         0.220000  

Running Unified Mux Engine Tricks...
Completed Unified Mux Engine Tricks

Stage: pre_hlo_rtlopt
--------------------------------------------
| Trick | Accepts | Rejects | Runtime (ms) | 
--------------------------------------------
--------------------------------------------
Starting infer macro optimization [v1.0] (stage: pre_rtlopt, startdef: picorv32_wb, recur: true)
Info    : Deleting instances not driving any primary outputs. [GLO-34]
        : Deleting 18 sequential instances.
Completed infer macro optimization (accepts: 0, rejects: 57, runtime: 0.061s)
Starting decode mux sandwich optimization [v2.0] (stage: pre_rtlopt, startdef: picorv32_wb, recur: true)
Completed decode mux sandwich optimization (accepts: 0, rejects: 0, runtime: 0.002s)
Starting decode mux optimization [v1.0] (stage: pre_rtlopt, startdef: picorv32_wb, recur: true)
Completed decode mux optimization (accepts: 0, rejects: 0, runtime: 0.000s)
Starting chop wide muxes [v1.0] (stage: pre_rtlopt, startdef: picorv32_wb, recur: true)
Completed chop wide muxes (accepts: 0, rejects: 0, runtime: 0.002s)
Starting common data mux cascade opt [v1.0] (stage: pre_rtlopt, startdef: picorv32_wb, recur: true)
Completed common data mux cascade opt (accepts: 0, rejects: 0, runtime: 0.002s)
Starting mux input consolidation [v1.0] (stage: pre_rtlopt, startdef: picorv32_wb, recur: true)
Completed mux input consolidation (accepts: 0, rejects: 0, runtime: 0.007s)
Starting constant-data mux optimization [v1.0] (stage: pre_rtlopt, startdef: picorv32_wb, recur: true)
Completed constant-data mux optimization (accepts: 0, rejects: 0, runtime: 0.002s)
Starting chain-to-tree inequality transform [v2.0] (stage: pre_rtlopt, startdef: picorv32_wb, recur: true)
Completed chain-to-tree inequality transform (accepts: 0, rejects: 0, runtime: 0.071s)
Starting reconvergence optimization [v1.0] (stage: pre_rtlopt, startdef: picorv32_wb, recur: true)
Completed reconvergence optimization (accepts: 0, rejects: 0, runtime: 0.002s)
Starting logic restructure optimization [v1.0] (stage: pre_rtlopt, startdef: picorv32_wb, recur: true)
Completed logic restructure optimization (accepts: 0, rejects: 0, runtime: 0.007s)
Starting common select mux optimization [v1.0] (stage: pre_rtlopt, startdef: picorv32_wb, recur: true)
Completed common select mux optimization (accepts: 0, rejects: 1, runtime: 0.005s)
Starting identity transform [v3.0] (stage: pre_rtlopt, startdef: picorv32_wb, recur: true)
Completed identity transform (accepts: 0, rejects: 1, runtime: 0.008s)
Starting reduce operator chain [v1.0] (stage: pre_rtlopt, startdef: picorv32_wb, recur: true)
Completed reduce operator chain (accepts: 0, rejects: 0, runtime: 0.000s)
Starting common data mux cascade opt [v1.0] (stage: pre_rtlopt, startdef: picorv32_wb, recur: true)
Completed common data mux cascade opt (accepts: 0, rejects: 0, runtime: 0.002s)
Starting mux input consolidation [v1.0] (stage: pre_rtlopt, startdef: picorv32_wb, recur: true)
Completed mux input consolidation (accepts: 0, rejects: 0, runtime: 0.006s)
Starting optimize datapath elements [v1.0] (stage: pre_rtlopt, startdef: picorv32_wb, recur: true)
Completed optimize datapath elements (accepts: 6, rejects: 0, runtime: 0.006s)
Starting datapath recasting [v1.0] (stage: pre_rtlopt, startdef: picorv32_wb, recur: true)
Completed datapath recasting (accepts: 0, rejects: 0, runtime: 0.001s)
Starting clip mux common data inputs [v1.0] (stage: pre_rtlopt, startdef: picorv32_wb, recur: true)
Completed clip mux common data inputs (accepts: 1, rejects: 0, runtime: 0.002s)
Starting clip the non-user hierarchies [v2.0] (stage: pre_rtlopt, startdef: picorv32_wb, recur: true)
Completed clip the non-user hierarchies (accepts: 0, rejects: 0, runtime: 0.001s)

Stage: pre_rtlopt
----------------------------------------------------------------
| Transform                 | Accepts | Rejects | Runtime (ms) | 
----------------------------------------------------------------
| hlo_infer_macro           |       0 |      57 |        61.00 | 
| hlo_decode_mux_sandwich   |       0 |       0 |         2.00 | 
| hlo_mux_decode            |       0 |       0 |         0.00 | 
| hlo_chop_mux              |       0 |       0 |         2.00 | 
| hlo_mux_cascade_opt       |       0 |       0 |         2.00 | 
| hlo_mux_consolidation     |       0 |       0 |         7.00 | 
| hlo_constant_mux_opt      |       0 |       0 |         2.00 | 
| hlo_inequality_transform  |       0 |       0 |        71.00 | 
| hlo_reconv_opt            |       0 |       0 |         2.00 | 
| hlo_restructure           |       0 |       0 |         7.00 | 
| hlo_common_select_muxopto |       0 |       1 |         5.00 | 
| hlo_identity_transform    |       0 |       1 |         8.00 | 
| hlo_reduce_operator_chain |       0 |       0 |         0.00 | 
| hlo_mux_cascade_opt       |       0 |       0 |         2.00 | 
| hlo_mux_consolidation     |       0 |       0 |         6.00 | 
| hlo_optimize_datapath     |       6 |       0 |         6.00 | 
| hlo_datapath_recast       |       0 |       0 |         1.00 | 
| hlo_clip_mux_input        |       1 |       0 |         2.00 | 
| hlo_clip                  |       0 |       0 |         1.00 | 
----------------------------------------------------------------
Running Unified Mux Engine Tricks...
Completed Unified Mux Engine Tricks

Stage: post_hlo_rtlopt
--------------------------------------------------
| Trick       | Accepts | Rejects | Runtime (ms) | 
--------------------------------------------------
| ume_runtime |       0 |       0 |         1.00 | 
--------------------------------------------------
Number of big hc bmuxes before = 2
Number of non-ctl's : 106
g3468 g3477 g3478 g4894 g4909 g4918 g4921 g4922 g4923 g4936 g4937 g5032 g5049 g5072 g5074 g5077 g5078 g5079 g5090 g5091 g5092 g5093 g5094 g5095 g5096 g5182 g5191 g5192 g5198 g5199 g5216 g5217 g5225 g5256 g5258 g5260 g5265 g5269 g5274 g5278 g5282 g5284 g5288 g5302 g5308 g5314 g5316 g5318 g5322 g5328 g5332 g5334 g5382 g5384 g5387 g5389 g5395 g5398 g5399 g5412 g5414 g5418 mux_alu_wait_1486_9 mux_cmbsop_trap_1486_9 mux_cpu_state_1486_9 mux_decoder_pseudo_trigger_1486_9 mux_decoder_trigger_1486_9 mux_do_waitirq_1486_9 mux_irq_active_1486_9 mux_latched_branch_1486_9 mux_latched_is_lb_1486_9 mux_latched_is_lh_1486_9 mux_latched_is_lu_1486_9 mux_latched_rd_1486_9 mux_latched_stalu_1486_9 mux_latched_store_1486_9 mux_mem_do_rinst_1486_9 mux_mem_wordsize_1486_9 mux_next_irq_pending_1486_9 mux_pcpi_valid_1486_9 mux_reg_op2_1486_9 mux_reg_sh_1486_9 mux_set_mem_do_rdata_1486_9 mux_set_mem_do_rinst_1486_9 mux_set_mem_do_wdata_1486_9 mux_set_mem_do_rdata_1486_472 mux_set_mem_do_wdata_1486_483 mux_decoder_pseudo_trigger_1486_487 mux_set_mem_do_rinst_1486_489 mux_cpu_state_1598_5438 mux_pcpi_valid_1598_5448 mux_cpu_state_1608_5440 mux_decoder_pseudo_trigger_1857_5442 mux_set_mem_do_rdata_1882_5454 mux_set_mem_do_wdata_1857_5468 mux_decoder_pseudo_trigger_1872_5444 mux_next_irq_pending_1457_5446 mux_set_mem_do_rdata_1457_5452 mux_set_mem_do_rinst_1457_5458 mux_set_mem_do_wdata_1457_5466 mux_pcpi_valid_1605_5450 mux_set_mem_do_rdata_1883_5456 mux_set_mem_do_rinst_1807_5460 mux_set_mem_do_rinst_1811_5462 mux_set_mem_do_rinst_1817_5464 mux_set_mem_do_wdata_1858_5470 
SOP DEBUG : Module= picorv32_ENABLE_COUNTERS1_ENABLE_COUNTERS641_ENABLE_REGS_16_311_ENABLE_REGS_DUALPORT1_TWO_STAGE_SHIFT1_BARREL_SHIFTER1_TWO_CYCLE_COMPARE0_TWO_CYCLE_ALU1_COMPRESSED_ISA0_CATCH_MISALIGN1_CATCH_ILLINSN1_ENABLE_PCPI1_ENABLE_MUL1_ENABLE_FAST_MUL1_ENABLE_DIV1_ENABLE_IRQ1_ENABLE_IRQ_QREGS1_ENABLE_IRQ_TIMER1_ENABLE_TRACE0_REGS_INIT_ZERO0_MASKED_IRQ0_LATCHED_IRQn1_PROGADDR_RESET0_PROGADDR_IRQ16_STACKADDRn1, Cluster= ctl_1486_9, ctl= 23, Non-ctl= 106
Selected impl_type 1 (pla_form1 (optimized)) for sop cluster ctl_1486_9.
Number of non-ctl's : 7
mux_do_waitirq_1486_481 mux_do_waitirq_1538_5472 mux_latched_store_1538_5478 mux_do_waitirq_1548_5474 mux_latched_store_1548_5480 mux_do_waitirq_1549_5476 mux_latched_store_1549_5482 
SOP DEBUG : Module= picorv32_ENABLE_COUNTERS1_ENABLE_COUNTERS641_ENABLE_REGS_16_311_ENABLE_REGS_DUALPORT1_TWO_STAGE_SHIFT1_BARREL_SHIFTER1_TWO_CYCLE_COMPARE0_TWO_CYCLE_ALU1_COMPRESSED_ISA0_CATCH_MISALIGN1_CATCH_ILLINSN1_ENABLE_PCPI1_ENABLE_MUL1_ENABLE_FAST_MUL1_ENABLE_DIV1_ENABLE_IRQ1_ENABLE_IRQ_QREGS1_ENABLE_IRQ_TIMER1_ENABLE_TRACE0_REGS_INIT_ZERO0_MASKED_IRQ0_LATCHED_IRQn1_PROGADDR_RESET0_PROGADDR_IRQ16_STACKADDRn1, Cluster= ctl_1486_480, ctl= 7, Non-ctl= 7
Selected impl_type 0 (ctl + 1-hot mux form) for sop cluster ctl_1486_480.
Number of non-ctl's : 5
mux_cmbsop_instr_div_2445_10 mux_instr_div_2444_431 mux_instr_divu_2444_433 mux_instr_rem_2444_435 mux_instr_remu_2444_437 
SOP DEBUG : Module= picorv32_pcpi_div, Cluster= ctl_2445_10, ctl= 5, Non-ctl= 5
Selected impl_type 0 (ctl + 1-hot mux form) for sop cluster ctl_2445_10.
Number of non-ctl's : 5
mux_cmbsop_instr_mul_2355_10 mux_instr_mul_2354_123 mux_instr_mulh_2354_125 mux_instr_mulhsu_2354_127 mux_instr_mulhu_2354_129 
SOP DEBUG : Module= picorv32_pcpi_fast_mul, Cluster= ctl_2355_10, ctl= 5, Non-ctl= 5
Selected impl_type 0 (ctl + 1-hot mux form) for sop cluster ctl_2355_10.
Number of non-ctl's : 15
g247 g250 g251 g252 g253 g255 g258 g259 g260 g262 mux_mem_ready_3008_10 mux_state_3008_10 mux_wbm_cyc_o_3008_10 mux_wbm_we_o_3008_10 mux_wbm_cyc_o_3010_266 
SOP DEBUG : Module= picorv32_wb, Cluster= ctl_state_3008_10, ctl= 2, Non-ctl= 15
Selected impl_type 0 (ctl + 1-hot mux form) for sop cluster ctl_state_3008_10.
Info    : Pre-processed datapath logic. [DPOPT-6]
        : Pre-processing optimizations applied to datapath logic in 'picorv32_wb':
          live_trim(3) sop(5) 
Info    : Optimizing datapath logic. [DPOPT-1]
        : Optimizing datapath logic in 'picorv32_wb'.
Info    : Implementing datapath configurations. [DPOPT-3]
        : Implementing datapath configurations for 'CDN_DP_region_0_0'
CSAGen Prep Share:0 Re-Write:2 Speculation: 0
Warning : Use of 'parallel_case' pragma may hinder datapath resource sharing. [RTLOPT-54]
        : Multiplexor mux_alu_out_0_1252_3 in module CDN_DP_region_0_0_c1.
Warning : Use of 'parallel_case' pragma may hinder datapath resource sharing. [RTLOPT-54]
        : Multiplexor mux_alu_out_1269_3 in module CDN_DP_region_0_0_c1.
Warning : Use of 'parallel_case' pragma may hinder datapath resource sharing. [RTLOPT-54]
        : Multiplexor mux_alu_wait_1736_8 in module CDN_DP_region_0_0_c1.
Warning : Use of 'parallel_case' pragma may hinder datapath resource sharing. [RTLOPT-54]
        : Multiplexor mux_cpu_state_1736_8 in module CDN_DP_region_0_0_c1.
Warning : Use of 'parallel_case' pragma may hinder datapath resource sharing. [RTLOPT-54]
        : Multiplexor mux_next_irq_pending_1498_5 in module CDN_DP_region_0_0_c1.
Warning : Use of 'parallel_case' pragma may hinder datapath resource sharing. [RTLOPT-54]
        : Multiplexor mux_pcpi_int_wr_332_3 in module CDN_DP_region_0_0_c1.
Warning : Use of 'parallel_case' pragma may hinder datapath resource sharing. [RTLOPT-54]
        : Multiplexor mux_reg_out_1628_7 in module CDN_DP_region_0_0_c1.
Warning : Use of 'parallel_case' pragma may hinder datapath resource sharing. [RTLOPT-54]
        : Multiplexor mux_reg_out_1902_7 in module CDN_DP_region_0_0_c1.
Info    : Accepted resource sharing opportunity. [RTLOPT-30]
        : Merged the following sets of instances in 'CDN_DP_region_0_0_c1 in picorv32_ENABLE_COUNTERS1_ENABLE_COUNTERS641_ENABLE_REGS_16_311_ENABLE_REGS_DUALPORT1_TWO_STAGE_SHIFT1_BARREL_SHIFTER1_TWO_CYCLE_COMPARE0_TWO_CYCLE_ALU1_COMPRESSED_ISA0_CATCH_MISALIGN1_CATCH_ILLINSN1_ENABLE_PCPI1_ENABLE_MUL1_ENABLE_FAST_MUL1_ENABLE_DIV1_ENABLE_IRQ1_ENABLE_IRQ_QREGS1_ENABLE_IRQ_TIMER1_ENABLE_TRACE0_REGS_INIT_ZERO0_MASKED_IRQ0_LATCHED_IRQn1_PROGADDR_RESET0_PROGADDR_IRQ16_STACKADDRn1':
	  (add_1569_33, add_1552_33)

Warning : Use of 'parallel_case' pragma may hinder datapath resource sharing. [RTLOPT-54]
        : Multiplexor mux_alu_out_0_1252_3 in module CDN_DP_region_0_0_c1.
Warning : Use of 'parallel_case' pragma may hinder datapath resource sharing. [RTLOPT-54]
        : Multiplexor mux_alu_out_1269_3 in module CDN_DP_region_0_0_c1.
Warning : Maximum message print count reached. [MESG-11]
        : Maximum print count of '10' reached for message 'RTLOPT-54'.
Number of non-ctl's : 13
F_F_mux_reg_out_1486_9 g6485 g6486 g6526 g6528 g6529 g6530 g6531 g6532 g6533 g6535 mux_eoi_1486_9 mux_reg_op1_1486_9 
SOP DEBUG : Module= CDN_DP_region_0_0_c1, Cluster= ctl_cpu_state_1486_9_create, ctl= 1, Non-ctl= 13
Selected impl_type 4 (factored_form (optimized)) for sop cluster ctl_cpu_state_1486_9_create.
Info    : Accepted resource sharing opportunity. [RTLOPT-30]
        : Merged the following sets of instances in 'CDN_DP_region_0_0_c2 in picorv32_ENABLE_COUNTERS1_ENABLE_COUNTERS641_ENABLE_REGS_16_311_ENABLE_REGS_DUALPORT1_TWO_STAGE_SHIFT1_BARREL_SHIFTER1_TWO_CYCLE_COMPARE0_TWO_CYCLE_ALU1_COMPRESSED_ISA0_CATCH_MISALIGN1_CATCH_ILLINSN1_ENABLE_PCPI1_ENABLE_MUL1_ENABLE_FAST_MUL1_ENABLE_DIV1_ENABLE_IRQ1_ENABLE_IRQ_QREGS1_ENABLE_IRQ_TIMER1_ENABLE_TRACE0_REGS_INIT_ZERO0_MASKED_IRQ0_LATCHED_IRQn1_PROGADDR_RESET0_PROGADDR_IRQ16_STACKADDRn1':
	  (add_1569_33, add_1552_33)

Number of non-ctl's : 13
F_F_mux_reg_out_1486_9 g6485 g6486 g6526 g6528 g6529 g6530 g6531 g6532 g6533 g6535 mux_eoi_1486_9 mux_reg_op1_1486_9 
SOP DEBUG : Module= CDN_DP_region_0_0_c2, Cluster= ctl_cpu_state_1486_9_create, ctl= 1, Non-ctl= 13
Selected impl_type 4 (factored_form (optimized)) for sop cluster ctl_cpu_state_1486_9_create.
Info    : Accepted resource sharing opportunity. [RTLOPT-30]
        : Merged the following sets of instances in 'CDN_DP_region_0_0_c3 in picorv32_ENABLE_COUNTERS1_ENABLE_COUNTERS641_ENABLE_REGS_16_311_ENABLE_REGS_DUALPORT1_TWO_STAGE_SHIFT1_BARREL_SHIFTER1_TWO_CYCLE_COMPARE0_TWO_CYCLE_ALU1_COMPRESSED_ISA0_CATCH_MISALIGN1_CATCH_ILLINSN1_ENABLE_PCPI1_ENABLE_MUL1_ENABLE_FAST_MUL1_ENABLE_DIV1_ENABLE_IRQ1_ENABLE_IRQ_QREGS1_ENABLE_IRQ_TIMER1_ENABLE_TRACE0_REGS_INIT_ZERO0_MASKED_IRQ0_LATCHED_IRQn1_PROGADDR_RESET0_PROGADDR_IRQ16_STACKADDRn1':
	  (add_1569_33, add_1552_33)

Number of non-ctl's : 13
F_F_mux_reg_out_1486_9 g6485 g6486 g6526 g6528 g6529 g6530 g6531 g6532 g6533 g6535 mux_eoi_1486_9 mux_reg_op1_1486_9 
SOP DEBUG : Module= CDN_DP_region_0_0_c3, Cluster= ctl_cpu_state_1486_9_create, ctl= 1, Non-ctl= 13
Selected impl_type 4 (factored_form (optimized)) for sop cluster ctl_cpu_state_1486_9_create.
Info    : Accepted resource sharing opportunity. [RTLOPT-30]
        : Merged the following sets of instances in 'CDN_DP_region_0_0_c4 in picorv32_ENABLE_COUNTERS1_ENABLE_COUNTERS641_ENABLE_REGS_16_311_ENABLE_REGS_DUALPORT1_TWO_STAGE_SHIFT1_BARREL_SHIFTER1_TWO_CYCLE_COMPARE0_TWO_CYCLE_ALU1_COMPRESSED_ISA0_CATCH_MISALIGN1_CATCH_ILLINSN1_ENABLE_PCPI1_ENABLE_MUL1_ENABLE_FAST_MUL1_ENABLE_DIV1_ENABLE_IRQ1_ENABLE_IRQ_QREGS1_ENABLE_IRQ_TIMER1_ENABLE_TRACE0_REGS_INIT_ZERO0_MASKED_IRQ0_LATCHED_IRQn1_PROGADDR_RESET0_PROGADDR_IRQ16_STACKADDRn1':
	  (add_1569_33, add_1552_33)

Number of non-ctl's : 13
F_F_mux_reg_out_1486_9 g6485 g6486 g6526 g6528 g6529 g6530 g6531 g6532 g6533 g6535 mux_eoi_1486_9 mux_reg_op1_1486_9 
SOP DEBUG : Module= CDN_DP_region_0_0_c4, Cluster= ctl_cpu_state_1486_9_create, ctl= 1, Non-ctl= 13
Selected impl_type 4 (factored_form (optimized)) for sop cluster ctl_cpu_state_1486_9_create.
Info    : Accepted resource sharing opportunity. [RTLOPT-30]
        : Merged the following sets of instances in 'CDN_DP_region_0_0_c5 in picorv32_ENABLE_COUNTERS1_ENABLE_COUNTERS641_ENABLE_REGS_16_311_ENABLE_REGS_DUALPORT1_TWO_STAGE_SHIFT1_BARREL_SHIFTER1_TWO_CYCLE_COMPARE0_TWO_CYCLE_ALU1_COMPRESSED_ISA0_CATCH_MISALIGN1_CATCH_ILLINSN1_ENABLE_PCPI1_ENABLE_MUL1_ENABLE_FAST_MUL1_ENABLE_DIV1_ENABLE_IRQ1_ENABLE_IRQ_QREGS1_ENABLE_IRQ_TIMER1_ENABLE_TRACE0_REGS_INIT_ZERO0_MASKED_IRQ0_LATCHED_IRQn1_PROGADDR_RESET0_PROGADDR_IRQ16_STACKADDRn1':
	  (add_1569_33, add_1552_33)

Number of non-ctl's : 13
F_F_mux_reg_out_1486_9 g6485 g6486 g6526 g6528 g6529 g6530 g6531 g6532 g6533 g6535 mux_eoi_1486_9 mux_reg_op1_1486_9 
SOP DEBUG : Module= CDN_DP_region_0_0_c5, Cluster= ctl_cpu_state_1486_9_create, ctl= 1, Non-ctl= 13
Selected impl_type 4 (factored_form (optimized)) for sop cluster ctl_cpu_state_1486_9_create.
Info    : Accepted resource sharing opportunity. [RTLOPT-30]
        : Merged the following sets of instances in 'CDN_DP_region_0_0_c6 in picorv32_ENABLE_COUNTERS1_ENABLE_COUNTERS641_ENABLE_REGS_16_311_ENABLE_REGS_DUALPORT1_TWO_STAGE_SHIFT1_BARREL_SHIFTER1_TWO_CYCLE_COMPARE0_TWO_CYCLE_ALU1_COMPRESSED_ISA0_CATCH_MISALIGN1_CATCH_ILLINSN1_ENABLE_PCPI1_ENABLE_MUL1_ENABLE_FAST_MUL1_ENABLE_DIV1_ENABLE_IRQ1_ENABLE_IRQ_QREGS1_ENABLE_IRQ_TIMER1_ENABLE_TRACE0_REGS_INIT_ZERO0_MASKED_IRQ0_LATCHED_IRQn1_PROGADDR_RESET0_PROGADDR_IRQ16_STACKADDRn1':
	  (add_1569_33, add_1552_33)

Number of non-ctl's : 13
F_F_mux_reg_out_1486_9 g6485 g6486 g6526 g6528 g6529 g6530 g6531 g6532 g6533 g6535 mux_eoi_1486_9 mux_reg_op1_1486_9 
SOP DEBUG : Module= CDN_DP_region_0_0_c6, Cluster= ctl_cpu_state_1486_9_create, ctl= 1, Non-ctl= 13
Selected impl_type 4 (factored_form (optimized)) for sop cluster ctl_cpu_state_1486_9_create.
CDN_DP_region_0_0 level = 0 loads = 1 drivers = 0
CDN_DP_region_0_0_c0 in picorv32_ENABLE_COUNTERS1_ENABLE_COUNTERS641_ENABLE_REGS_16_311_ENABLE_REGS_DUALPORT1_TWO_STAGE_SHIFT1_BARREL_SHIFTER1_TWO_CYCLE_COMPARE0_TWO_CYCLE_ALU1_COMPRESSED_ISA0_CATCH_MISALIGN1_CATCH_ILLINSN1_ENABLE_PCPI1_ENABLE_MUL1_ENABLE_FAST_MUL1_ENABLE_DIV1_ENABLE_IRQ1_ENABLE_IRQ_QREGS1_ENABLE_IRQ_TIMER1_ENABLE_TRACE0_REGS_INIT_ZERO0_MASKED_IRQ0_LATCHED_IRQn1_PROGADDR_RESET0_PROGADDR_IRQ16_STACKADDRn1: area: 112731407775 ,dp = 51 mux = 99 sg = slow         worst_clk_period: -1.0000 
    wns: 0  norm_wns:  -1.0000 
    fail_endp: -1 
    tns:  0  tns_per_endp:  -1.0000   norm_tns_per_endp:  -1.0000 
    tns_sense_max:  -1.0000  tns_sense_avg:  -1.0000   tns_sense_num: -1
 skipped
CDN_DP_region_0_0_c1 in picorv32_ENABLE_COUNTERS1_ENABLE_COUNTERS641_ENABLE_REGS_16_311_ENABLE_REGS_DUALPORT1_TWO_STAGE_SHIFT1_BARREL_SHIFTER1_TWO_CYCLE_COMPARE0_TWO_CYCLE_ALU1_COMPRESSED_ISA0_CATCH_MISALIGN1_CATCH_ILLINSN1_ENABLE_PCPI1_ENABLE_MUL1_ENABLE_FAST_MUL1_ENABLE_DIV1_ENABLE_IRQ1_ENABLE_IRQ_QREGS1_ENABLE_IRQ_TIMER1_ENABLE_TRACE0_REGS_INIT_ZERO0_MASKED_IRQ0_LATCHED_IRQn1_PROGADDR_RESET0_PROGADDR_IRQ16_STACKADDRn1: area: 105087785670 ,dp = 23 mux = 100 sg = fast         worst_clk_period: -1.0000 
    wns: 0  norm_wns:  -1.0000 
    fail_endp: -1 
    tns:  0  tns_per_endp:  -1.0000   norm_tns_per_endp:  -1.0000 
    tns_sense_max:  -1.0000  tns_sense_avg:  -1.0000   tns_sense_num: -1
 is current best
CDN_DP_region_0_0_c2 in picorv32_ENABLE_COUNTERS1_ENABLE_COUNTERS641_ENABLE_REGS_16_311_ENABLE_REGS_DUALPORT1_TWO_STAGE_SHIFT1_BARREL_SHIFTER1_TWO_CYCLE_COMPARE0_TWO_CYCLE_ALU1_COMPRESSED_ISA0_CATCH_MISALIGN1_CATCH_ILLINSN1_ENABLE_PCPI1_ENABLE_MUL1_ENABLE_FAST_MUL1_ENABLE_DIV1_ENABLE_IRQ1_ENABLE_IRQ_QREGS1_ENABLE_IRQ_TIMER1_ENABLE_TRACE0_REGS_INIT_ZERO0_MASKED_IRQ0_LATCHED_IRQn1_PROGADDR_RESET0_PROGADDR_IRQ16_STACKADDRn1: area: 103565470995 ,dp = 22 mux = 99 sg = very_slow    worst_clk_period: -1.0000 
    wns: 0  norm_wns:  -1.0000 
    fail_endp: -1 
    tns:  0  tns_per_endp:  -1.0000   norm_tns_per_endp:  -1.0000 
    tns_sense_max:  -1.0000  tns_sense_avg:  -1.0000   tns_sense_num: -1
 is current best
CDN_DP_region_0_0_c3 in picorv32_ENABLE_COUNTERS1_ENABLE_COUNTERS641_ENABLE_REGS_16_311_ENABLE_REGS_DUALPORT1_TWO_STAGE_SHIFT1_BARREL_SHIFTER1_TWO_CYCLE_COMPARE0_TWO_CYCLE_ALU1_COMPRESSED_ISA0_CATCH_MISALIGN1_CATCH_ILLINSN1_ENABLE_PCPI1_ENABLE_MUL1_ENABLE_FAST_MUL1_ENABLE_DIV1_ENABLE_IRQ1_ENABLE_IRQ_QREGS1_ENABLE_IRQ_TIMER1_ENABLE_TRACE0_REGS_INIT_ZERO0_MASKED_IRQ0_LATCHED_IRQn1_PROGADDR_RESET0_PROGADDR_IRQ16_STACKADDRn1: area: 104104957950 ,dp = 23 mux = 99 sg = very_fast    worst_clk_period: -1.0000 
    wns: 0  norm_wns:  -1.0000 
    fail_endp: -1 
    tns:  0  tns_per_endp:  -1.0000   norm_tns_per_endp:  -1.0000 
    tns_sense_max:  -1.0000  tns_sense_avg:  -1.0000   tns_sense_num: -1

CDN_DP_region_0_0_c4 in picorv32_ENABLE_COUNTERS1_ENABLE_COUNTERS641_ENABLE_REGS_16_311_ENABLE_REGS_DUALPORT1_TWO_STAGE_SHIFT1_BARREL_SHIFTER1_TWO_CYCLE_COMPARE0_TWO_CYCLE_ALU1_COMPRESSED_ISA0_CATCH_MISALIGN1_CATCH_ILLINSN1_ENABLE_PCPI1_ENABLE_MUL1_ENABLE_FAST_MUL1_ENABLE_DIV1_ENABLE_IRQ1_ENABLE_IRQ_QREGS1_ENABLE_IRQ_TIMER1_ENABLE_TRACE0_REGS_INIT_ZERO0_MASKED_IRQ0_LATCHED_IRQn1_PROGADDR_RESET0_PROGADDR_IRQ16_STACKADDRn1: area: 103565470995 ,dp = 22 mux = 99 sg = very_fast    worst_clk_period: -1.0000 
    wns: 0  norm_wns:  -1.0000 
    fail_endp: -1 
    tns:  0  tns_per_endp:  -1.0000   norm_tns_per_endp:  -1.0000 
    tns_sense_max:  -1.0000  tns_sense_avg:  -1.0000   tns_sense_num: -1
 is current best
CDN_DP_region_0_0_c5 in picorv32_ENABLE_COUNTERS1_ENABLE_COUNTERS641_ENABLE_REGS_16_311_ENABLE_REGS_DUALPORT1_TWO_STAGE_SHIFT1_BARREL_SHIFTER1_TWO_CYCLE_COMPARE0_TWO_CYCLE_ALU1_COMPRESSED_ISA0_CATCH_MISALIGN1_CATCH_ILLINSN1_ENABLE_PCPI1_ENABLE_MUL1_ENABLE_FAST_MUL1_ENABLE_DIV1_ENABLE_IRQ1_ENABLE_IRQ_QREGS1_ENABLE_IRQ_TIMER1_ENABLE_TRACE0_REGS_INIT_ZERO0_MASKED_IRQ0_LATCHED_IRQn1_PROGADDR_RESET0_PROGADDR_IRQ16_STACKADDRn1: area: 103565470995 ,dp = 22 mux = 99 sg = very_fast    worst_clk_period: -1.0000 
    wns: 0  norm_wns:  -1.0000 
    fail_endp: -1 
    tns:  0  tns_per_endp:  -1.0000   norm_tns_per_endp:  -1.0000 
    tns_sense_max:  -1.0000  tns_sense_avg:  -1.0000   tns_sense_num: -1
 is current best
CDN_DP_region_0_0_c6 in picorv32_ENABLE_COUNTERS1_ENABLE_COUNTERS641_ENABLE_REGS_16_311_ENABLE_REGS_DUALPORT1_TWO_STAGE_SHIFT1_BARREL_SHIFTER1_TWO_CYCLE_COMPARE0_TWO_CYCLE_ALU1_COMPRESSED_ISA0_CATCH_MISALIGN1_CATCH_ILLINSN1_ENABLE_PCPI1_ENABLE_MUL1_ENABLE_FAST_MUL1_ENABLE_DIV1_ENABLE_IRQ1_ENABLE_IRQ_QREGS1_ENABLE_IRQ_TIMER1_ENABLE_TRACE0_REGS_INIT_ZERO0_MASKED_IRQ0_LATCHED_IRQn1_PROGADDR_RESET0_PROGADDR_IRQ16_STACKADDRn1: area: 105087785670 ,dp = 23 mux = 100 sg = very_fast    worst_clk_period: -1.0000 
    wns: 0  norm_wns:  -1.0000 
    fail_endp: -1 
    tns:  0  tns_per_endp:  -1.0000   norm_tns_per_endp:  -1.0000 
    tns_sense_max:  -1.0000  tns_sense_avg:  -1.0000   tns_sense_num: -1

Not considering config 7 due to bailout. 
Best config: CDN_DP_region_0_0_c5 in picorv32_ENABLE_COUNTERS1_ENABLE_COUNTERS641_ENABLE_REGS_16_311_ENABLE_REGS_DUALPORT1_TWO_STAGE_SHIFT1_BARREL_SHIFTER1_TWO_CYCLE_COMPARE0_TWO_CYCLE_ALU1_COMPRESSED_ISA0_CATCH_MISALIGN1_CATCH_ILLINSN1_ENABLE_PCPI1_ENABLE_MUL1_ENABLE_FAST_MUL1_ENABLE_DIV1_ENABLE_IRQ1_ENABLE_IRQ_QREGS1_ENABLE_IRQ_TIMER1_ENABLE_TRACE0_REGS_INIT_ZERO0_MASKED_IRQ0_LATCHED_IRQn1_PROGADDR_RESET0_PROGADDR_IRQ16_STACKADDRn1: area: 103565470995 ,dp = 22 mux = 99 sg = very_fast    worst_clk_period: -1.0000 
    wns: 0  norm_wns:  -1.0000 
    fail_endp: -1 
    tns:  0  tns_per_endp:  -1.0000   norm_tns_per_endp:  -1.0000 
    tns_sense_max:  -1.0000  tns_sense_avg:  -1.0000   tns_sense_num: -1
  Smallest config area : 103565470995.  Fastest config wns;  0
##>+----------------------------------------------------------------------------------------------------------------------------------------------------------------+
##>Summary table of configs (Best config is CDN_DP_region_0_0_c5)
##>+----------------------------------------------------------------------------------------------------------------------------------------------------------------+
##>                     0                  1                  2                  3                  4                  5                  6            
##>+----------------------------------------------------------------------------------------------------------------------------------------------------------------+
##>           Area     112731407775       105087785670       103565470995       104104957950       103565470995       103565470995       105087785670  
##>            WNS         +2900.60           +2900.60           +2900.60           +2900.60           +2900.60           +2900.60           +2900.60  
##>            TNS                0                  0                  0                  0                  0                  0                  0  
##>    Num Rewrite                0                  4                  4                  4                  4                  4                  3  
##>     Num Factor                0                  0                  0                  0                  0                  0                  0  
##>      Num Share                0                  1                  1                  1                  1                  1                  1  
##>   Num CmultCse                0                  0                  0                  0                  0                  0                  0  
##>   Num Downsize                0                  0                  0                  0                  0                  0                  0  
##>  Num Speculate                0                  0                  0                  0                  0                  0                  0  
##>     Runtime(s)                0                  4                  3                  4                  3                  3                  3  
+----------------------------------------------------------------------------------------------------------------------------------------------------------------+
##>
##>
##>+------------------------------------------------------------------------------------------------------------------------------------------------------------+
##>Optimization Step DEBUG Table for config CDN_DP_region_0_0_c5
##>
##>                          Step                        Area   ( % Chg)        WNS (Change)        TNS (Change)          Runtime (s)        Comment                   
##>+------------------------------------------------------------------------------------------------------------------------------------------------------------+
##>createMaxCarrySave              START           112731407775 (      )     2900.60 (        )             0 (        )              
##> datapath_rewrite_one_def       START           112731407775 ( +0.00)     2900.60 (   +0.00)             0 (       0)              
##>  fast_cse_elim                 START           112731407775 ( +0.00)     2900.60 (   +0.00)             0 (       0)              
##>                                  END           112507066665 ( -0.20)     2900.60 (   +0.00)             0 (       0)           0  
##>  fast_cse_elim                 START           112507066665 ( +0.00)     2900.60 (   +0.00)             0 (       0)              
##>                                  END           112507066665 ( +0.00)     2900.60 (   +0.00)             0 (       0)           0  
##>  rewrite                       START           112507066665 ( +0.00)     2900.60 (   +0.00)             0 (       0)              (a,csaa) add_sub_with_select --> add_sub_with_mux_v2
##>                                  END           108554389965 ( -3.51)     2900.60 (   +0.00)             0 (       0)           0  
##>  rewrite                       START           108554389965 ( +0.00)     2900.60 (   +0.00)             0 (       0)              (na,csaa) and_en_v2 --> en_mux
##>                                  END           108602463060 ( +0.04)     2900.60 (   +0.00)             0 (       0)           0  
##>  fast_cse_elim                 START           108554389965 ( -0.04)     2900.60 (   +0.00)             0 (       0)              
##>                                  END           108554389965 ( +0.00)     2900.60 (   +0.00)             0 (       0)           0  
##>  fast_cse_elim                 START           108554389965 ( +0.00)     2900.60 (   +0.00)             0 (       0)              
##>                                  END           108554389965 ( +0.00)     2900.60 (   +0.00)             0 (       0)           0  
##>  rewrite                       START           108554389965 ( +0.00)     2900.60 (   +0.00)             0 (       0)              (a,ar) add_ci --> add_and_inc 
##>                                  END           110092729005 ( +1.42)     2900.60 (   +0.00)             0 (       0)           0  
##>                                  END           110092729005 ( -2.34)     2900.60 (   +0.00)             0 (       0)           0  
##> speculate_in_gdef              START           110092729005 ( +0.00)     2900.60 (   +0.00)             0 (       0)              
##>  pre_speculate_mux_merge       START           110092729005 ( +0.00)     2900.60 (   +0.00)             0 (       0)              
##>                                  END           110092729005 ( +0.00)     2900.60 (   +0.00)             0 (       0)           0  
##>                                  END           110092729005 ( +0.00)     2900.60 (   +0.00)             0 (       0)           0  
##> csa_opto                       START           110092729005 ( +0.00)     2900.60 (   +0.00)             0 (       0)              
##>                                  END           108271292850 ( -1.65)     2900.60 (   +0.00)             0 (       0)           0  
##>                                  END           108271292850 ( -3.96)     2900.60 (   +0.00)             0 (       0)           0  
##>canonicalize_by_names           START           108271292850 ( +0.00)     2900.60 (   +0.00)             0 (       0)              
##>                                  END           108271292850 ( +0.00)     2900.60 (   +0.00)             0 (       0)           0  
##>datapath_rewrite_post_csa_one_  START           108271292850 ( +0.00)     2900.60 (   +0.00)             0 (       0)              
##>                                  END           108271292850 ( +0.00)     2900.60 (   +0.00)             0 (       0)           0  
##>datapath_csa_factoring_one_gde  START           108271292850 ( +0.00)     2900.60 (   +0.00)             0 (       0)              
##>                                  END           108271292850 ( +0.00)     2900.60 (   +0.00)             0 (       0)           0  
##>dpopt_share_one_def             START           108271292850 ( +0.00)     2900.60 (   +0.00)             0 (       0)              
##>                                  END           107203001850 ( -0.99)     2900.60 (   +0.00)             0 (       0)           0  
##>datapath_rewrite_post_share     START           107203001850 ( +0.00)     2900.60 (   +0.00)             0 (       0)              
##>                                  END           107203001850 ( +0.00)     2900.60 (   +0.00)             0 (       0)           0  
##>dp_combine_const_mult_with_com  START           107203001850 ( +0.00)     2900.60 (   +0.00)             0 (       0)              
##>                                  END           107203001850 ( +0.00)     2900.60 (   +0.00)             0 (       0)           0  
##>speculate_in_gdef               START           107203001850 ( +0.00)     2900.60 (   +0.00)             0 (       0)              
##> pre_speculate_mux_merge        START           107203001850 ( +0.00)     2900.60 (   +0.00)             0 (       0)              
##>                                  END           107203001850 ( +0.00)     2900.60 (   +0.00)             0 (       0)           0  
##>                                  END           107203001850 ( +0.00)     2900.60 (   +0.00)             0 (       0)           0  
##>dp_operator_level_decompositio  START           107203001850 ( +0.00)     2900.60 (   +0.00)             0 (       0)              
##>                                  END           107203001850 ( +0.00)     2900.60 (   +0.00)             0 (       0)           0  
##>selective_flatten_dp_config     START           107203001850 ( +0.00)     2900.60 (   +0.00)             0 (       0)              
##>                                  END           107106855660 ( -0.09)     2900.60 (   +0.00)             0 (       0)           0  
##>createMaxCarrySave              START           107106855660 ( +0.00)     2900.60 (   +0.00)             0 (       0)              
##> datapath_rewrite_one_def       START           107106855660 ( +0.00)     2900.60 (   +0.00)             0 (       0)              
##>  fast_cse_elim                 START           107106855660 ( +0.00)     2900.60 (   +0.00)             0 (       0)              
##>                                  END           107106855660 ( +0.00)     2900.60 (   +0.00)             0 (       0)           0  
##>  fast_cse_elim                 START           107106855660 ( +0.00)     2900.60 (   +0.00)             0 (       0)              
##>                                  END           107106855660 ( +0.00)     2900.60 (   +0.00)             0 (       0)           0  
##>  rewrite                       START           107106855660 ( +0.00)     2900.60 (   +0.00)             0 (       0)              (a,ar) add_ci --> add_and_inc 
##>                                  END           108645194700 ( +1.44)     2900.60 (   +0.00)             0 (       0)           0  
##>                                  END           108645194700 ( +1.44)     2900.60 (   +0.00)             0 (       0)           0  
##> speculate_in_gdef              START           108645194700 ( +0.00)     2900.60 (   +0.00)             0 (       0)              
##>  pre_speculate_mux_merge       START           108645194700 ( +0.00)     2900.60 (   +0.00)             0 (       0)              
##>                                  END           108645194700 ( +0.00)     2900.60 (   +0.00)             0 (       0)           0  
##>                                  END           108645194700 ( +0.00)     2900.60 (   +0.00)             0 (       0)           0  
##> csa_opto                       START           108645194700 ( +0.00)     2900.60 (   +0.00)             0 (       0)              
##>                                  END           107106855660 ( -1.42)     2900.60 (   +0.00)             0 (       0)           0  
##>                                  END           107106855660 ( +0.00)     2900.60 (   +0.00)             0 (       0)           0  
##>datapath_rewrite_post_csa_one_  START           107106855660 ( +0.00)     2900.60 (   +0.00)             0 (       0)              
##>                                  END           107106855660 ( +0.00)     2900.60 (   +0.00)             0 (       0)           0  
##>datapath_csa_factoring_one_gde  START           107106855660 ( +0.00)     2900.60 (   +0.00)             0 (       0)              
##>                                  END           107106855660 ( +0.00)     2900.60 (   +0.00)             0 (       0)           0  
##>dpopt_share_one_def             START           107106855660 ( +0.00)     2900.60 (   +0.00)             0 (       0)              
##>                                  END           107106855660 ( +0.00)     2900.60 (   +0.00)             0 (       0)           0  
##>datapath_rewrite_post_share     START           107106855660 ( +0.00)     2900.60 (   +0.00)             0 (       0)              
##>                                  END           107106855660 ( +0.00)     2900.60 (   +0.00)             0 (       0)           0  
##>dp_combine_const_mult_with_com  START           107106855660 ( +0.00)     2900.60 (   +0.00)             0 (       0)              
##>                                  END           107106855660 ( +0.00)     2900.60 (   +0.00)             0 (       0)           0  
##>speculate_in_gdef               START           107106855660 ( +0.00)     2900.60 (   +0.00)             0 (       0)              
##> pre_speculate_mux_merge        START           107106855660 ( +0.00)     2900.60 (   +0.00)             0 (       0)              
##>                                  END           107106855660 ( +0.00)     2900.60 (   +0.00)             0 (       0)           0  
##>                                  END           107106855660 ( +0.00)     2900.60 (   +0.00)             0 (       0)           0  
##>dp_operator_level_decompositio  START           107106855660 ( +0.00)     2900.60 (   +0.00)             0 (       0)              
##>                                  END           107106855660 ( +0.00)     2900.60 (   +0.00)             0 (       0)           0  
##>selective_flatten_dp_config     START           107106855660 ( +0.00)     2900.60 (   +0.00)             0 (       0)              
##>                                  END           107106855660 ( +0.00)     2900.60 (   +0.00)             0 (       0)           0  
##>createMaxCarrySave              START           107106855660 ( +0.00)     2900.60 (   +0.00)             0 (       0)              
##> datapath_rewrite_one_def       START           107106855660 ( +0.00)     2900.60 (   +0.00)             0 (       0)              
##>  fast_cse_elim                 START           107106855660 ( +0.00)     2900.60 (   +0.00)             0 (       0)              
##>                                  END           107106855660 ( +0.00)     2900.60 (   +0.00)             0 (       0)           0  
##>  fast_cse_elim                 START           107106855660 ( +0.00)     2900.60 (   +0.00)             0 (       0)              
##>                                  END           107106855660 ( +0.00)     2900.60 (   +0.00)             0 (       0)           0  
##>  rewrite                       START           107106855660 ( +0.00)     2900.60 (   +0.00)             0 (       0)              (a,ar) add_ci --> add_and_inc 
##>                                  END           108645194700 ( +1.44)     2900.60 (   +0.00)             0 (       0)           0  
##>                                  END           108645194700 ( +1.44)     2900.60 (   +0.00)             0 (       0)           0  
##> speculate_in_gdef              START           108645194700 ( +0.00)     2900.60 (   +0.00)             0 (       0)              
##>  pre_speculate_mux_merge       START           108645194700 ( +0.00)     2900.60 (   +0.00)             0 (       0)              
##>                                  END           108645194700 ( +0.00)     2900.60 (   +0.00)             0 (       0)           0  
##>                                  END           108645194700 ( +0.00)     2900.60 (   +0.00)             0 (       0)           0  
##> csa_opto                       START           108645194700 ( +0.00)     2900.60 (   +0.00)             0 (       0)              
##>                                  END           107106855660 ( -1.42)     2900.60 (   +0.00)             0 (       0)           0  
##>                                  END           107106855660 ( +0.00)     2900.60 (   +0.00)             0 (       0)           0  
##>context_based_simplify          START           106925246190 ( -0.17)     2900.60 (   +0.00)             0 (       0)              
##>                                  END           104548298715 ( -2.22)     2900.60 (   +0.00)             0 (       0)           0  
##>group_csa_final_adder_dp        START           104548298715 ( +0.00)     2900.60 (   +0.00)             0 (       0)              
##>                                  END           104548298715 ( +0.00)     2900.60 (   +0.00)             0 (       0)           0  
##>dpopt_flatten_critical_muxes_i  START           104548298715 ( +0.00)     2900.60 (   +0.00)             0 (       0)              
##>                                  END           103565470995 ( -0.94)     2900.60 (   +0.00)             0 (       0)           0  
##>speculate_in_gdef               START           103565470995 ( +0.00)     2900.60 (   +0.00)             0 (       0)              
##> pre_speculate_mux_merge        START           103565470995 ( +0.00)     2900.60 (   +0.00)             0 (       0)              
##>                                  END           103565470995 ( +0.00)     2900.60 (   +0.00)             0 (       0)           0  
##>                                  END           103565470995 ( +0.00)     2900.60 (   +0.00)             0 (       0)           0  
##>create_score                    START           103565470995 ( +0.00)     2900.60 (   +0.00)             0 (       0)              
##>                                  END           103565470995 ( +0.00)     2900.60 (   +0.00)             0 (       0)           0  
##>+------------------------------------------------------------------------------------------------------------------------------------------------------------+
Committed config: CDN_DP_region_0_0_c5
Info    : Done implementing datapath configurations. [DPOPT-4]
        : Selected 'very_fast' configuration 5 for module 'CDN_DP_region_0_0_c5'.
          Optimizations applied to 'very_fast' configuration:
            rewriting(4), factoring(0), sharing(1), cmultcse(0), downsizing(0), speculation(0)
Info    : Implementing datapath configurations. [DPOPT-3]
        : Implementing datapath configurations for 'CDN_DP_region_1_0'
CSAGen Prep Share:0 Re-Write:0 Speculation: 0
MaxCSA: Successfully built Maximal CSA Expression Expr0
MaxCSA: Successfully built Maximal CSA Expression Expr1
MaxCSA: Successfully built Maximal CSA Expression Expr2
MaxCSA: Successfully built Maximal CSA Expression Expr3
Info    : Accepted resource sharing opportunity. [RTLOPT-30]
        : Merged the following sets of instances in 'CDN_DP_region_1_0_c1 in picorv32_pcpi_div':
	  (minus_2495_26, minus_2493_26)
	  (sub_2499_26, minus_2474_59)

Info    : Accepted resource sharing opportunity. [RTLOPT-30]
        : Merged the following sets of instances in 'CDN_DP_region_1_0_c2 in picorv32_pcpi_div':
	  (minus_2495_26, minus_2493_26)
	  (sub_2499_26, minus_2474_59)

Info    : Accepted resource sharing opportunity. [RTLOPT-30]
        : Merged the following sets of instances in 'CDN_DP_region_1_0_c3 in picorv32_pcpi_div':
	  (minus_2495_26, minus_2493_26)
	  (sub_2499_26, minus_2474_59)

Info    : Accepted resource sharing opportunity. [RTLOPT-30]
        : Merged the following sets of instances in 'CDN_DP_region_1_0_c4 in picorv32_pcpi_div':
	  (minus_2495_26, minus_2493_26)
	  (sub_2499_26, minus_2474_59)

Info    : Accepted resource sharing opportunity. [RTLOPT-30]
        : Merged the following sets of instances in 'CDN_DP_region_1_0_c5 in picorv32_pcpi_div':
	  (minus_2495_26, minus_2493_26)
	  (sub_2499_26, minus_2474_59)

Info    : Accepted resource sharing opportunity. [RTLOPT-30]
        : Merged the following sets of instances in 'CDN_DP_region_1_0_c6 in picorv32_pcpi_div':
	  (minus_2495_26, minus_2493_26)
	  (sub_2499_26, minus_2474_59)

CDN_DP_region_1_0 level = 0 loads = 0 drivers = 0
CDN_DP_region_1_0_c0 in picorv32_pcpi_div: area: 19693944585 ,dp = 8 mux = 8 sg = slow         worst_clk_period: -1.0000 
    wns: 0  norm_wns:  -1.0000 
    fail_endp: -1 
    tns:  0  tns_per_endp:  -1.0000   norm_tns_per_endp:  -1.0000 
    tns_sense_max:  -1.0000  tns_sense_avg:  -1.0000   tns_sense_num: -1
 skipped
CDN_DP_region_1_0_c1 in picorv32_pcpi_div: area: 18112873905 ,dp = 4 mux = 11 sg = fast         worst_clk_period: -1.0000 
    wns: 0  norm_wns:  -1.0000 
    fail_endp: -1 
    tns:  0  tns_per_endp:  -1.0000   norm_tns_per_endp:  -1.0000 
    tns_sense_max:  -1.0000  tns_sense_avg:  -1.0000   tns_sense_num: -1
 is current best
CDN_DP_region_1_0_c2 in picorv32_pcpi_div: area: 17461216395 ,dp = 4 mux = 10 sg = very_slow    worst_clk_period: -1.0000 
    wns: 0  norm_wns:  -1.0000 
    fail_endp: -1 
    tns:  0  tns_per_endp:  -1.0000   norm_tns_per_endp:  -1.0000 
    tns_sense_max:  -1.0000  tns_sense_avg:  -1.0000   tns_sense_num: -1
 is current best
CDN_DP_region_1_0_c3 in picorv32_pcpi_div: area: 17461216395 ,dp = 4 mux = 10 sg = very_fast    worst_clk_period: -1.0000 
    wns: 0  norm_wns:  -1.0000 
    fail_endp: -1 
    tns:  0  tns_per_endp:  -1.0000   norm_tns_per_endp:  -1.0000 
    tns_sense_max:  -1.0000  tns_sense_avg:  -1.0000   tns_sense_num: -1
 is current best
CDN_DP_region_1_0_c4 in picorv32_pcpi_div: area: 17461216395 ,dp = 4 mux = 10 sg = very_fast    worst_clk_period: -1.0000 
    wns: 0  norm_wns:  -1.0000 
    fail_endp: -1 
    tns:  0  tns_per_endp:  -1.0000   norm_tns_per_endp:  -1.0000 
    tns_sense_max:  -1.0000  tns_sense_avg:  -1.0000   tns_sense_num: -1
 is current best
CDN_DP_region_1_0_c5 in picorv32_pcpi_div: area: 17461216395 ,dp = 4 mux = 10 sg = very_fast    worst_clk_period: -1.0000 
    wns: 0  norm_wns:  -1.0000 
    fail_endp: -1 
    tns:  0  tns_per_endp:  -1.0000   norm_tns_per_endp:  -1.0000 
    tns_sense_max:  -1.0000  tns_sense_avg:  -1.0000   tns_sense_num: -1
 is current best
CDN_DP_region_1_0_c6 in picorv32_pcpi_div: area: 18112873905 ,dp = 4 mux = 11 sg = very_fast    worst_clk_period: -1.0000 
    wns: 0  norm_wns:  -1.0000 
    fail_endp: -1 
    tns:  0  tns_per_endp:  -1.0000   norm_tns_per_endp:  -1.0000 
    tns_sense_max:  -1.0000  tns_sense_avg:  -1.0000   tns_sense_num: -1

CDN_DP_region_1_0_c7 in picorv32_pcpi_div: area: 23534450730 ,dp = 6 mux = 8 sg = very_fast    worst_clk_period: -1.0000 
    wns: 0  norm_wns:  -1.0000 
    fail_endp: -1 
    tns:  0  tns_per_endp:  -1.0000   norm_tns_per_endp:  -1.0000 
    tns_sense_max:  -1.0000  tns_sense_avg:  -1.0000   tns_sense_num: -1

Best config: CDN_DP_region_1_0_c5 in picorv32_pcpi_div: area: 17461216395 ,dp = 4 mux = 10 sg = very_fast    worst_clk_period: -1.0000 
    wns: 0  norm_wns:  -1.0000 
    fail_endp: -1 
    tns:  0  tns_per_endp:  -1.0000   norm_tns_per_endp:  -1.0000 
    tns_sense_max:  -1.0000  tns_sense_avg:  -1.0000   tns_sense_num: -1
  Smallest config area : 17461216395.  Fastest config wns;  0
##>+----------------------------------------------------------------------------------------------------------------------------------------------------------------+
##>Summary table of configs (Best config is CDN_DP_region_1_0_c5)
##>+----------------------------------------------------------------------------------------------------------------------------------------------------------------+
##>                     0                  1                  2                  3                  4                  5                  6                  7            
##>+----------------------------------------------------------------------------------------------------------------------------------------------------------------+
##>           Area      19693944585        18112873905        17461216395        17461216395        17461216395        17461216395        18112873905        23534450730  
##>            WNS         +2897.10           +2897.10           +2897.10           +2897.10           +2897.10           +2897.10           +2897.10           +2897.10  
##>            TNS                0                  0                  0                  0                  0                  0                  0                  0  
##>    Num Rewrite                0                  0                  0                  0                  0                  0                  0                  0  
##>     Num Factor                0                  0                  0                  0                  0                  0                  0                  0  
##>      Num Share                0                  2                  2                  2                  2                  2                  2                  0  
##>   Num CmultCse                0                  0                  0                  0                  0                  0                  0                  0  
##>   Num Downsize                0                  0                  0                  0                  0                  0                  0                  0  
##>  Num Speculate                0                  0                  0                  0                  0                  0                  0                  0  
##>     Runtime(s)                0                  1                  1                  1                  1                  1                  1                  3  
+----------------------------------------------------------------------------------------------------------------------------------------------------------------+
##>
##>
##>+------------------------------------------------------------------------------------------------------------------------------------------------------------+
##>Optimization Step DEBUG Table for config CDN_DP_region_1_0_c5
##>
##>                          Step                        Area   ( % Chg)        WNS (Change)        TNS (Change)          Runtime (s)        Comment                   
##>+------------------------------------------------------------------------------------------------------------------------------------------------------------+
##>createMaxCarrySave              START            19693944585 (      )     2897.10 (        )             0 (        )              
##> datapath_rewrite_one_def       START            19693944585 ( +0.00)     2897.10 (   +0.00)             0 (       0)              
##>  fast_cse_elim                 START            19693944585 ( +0.00)     2897.10 (   +0.00)             0 (       0)              
##>                                  END            19693944585 ( +0.00)     2897.10 (   +0.00)             0 (       0)           0  
##>  fast_cse_elim                 START            19693944585 ( +0.00)     2897.10 (   +0.00)             0 (       0)              
##>                                  END            19693944585 ( +0.00)     2897.10 (   +0.00)             0 (       0)           0  
##>                                  END            19693944585 ( +0.00)     2897.10 (   +0.00)             0 (       0)           0  
##> csa_opto                       START            19693944585 ( +0.00)     2897.10 (   +0.00)             0 (       0)              
##>                                  END            19693944585 ( +0.00)     2897.10 (   +0.00)             0 (       0)           0  
##>                                  END            19693944585 ( +0.00)     2897.10 (   +0.00)             0 (       0)           0  
##>canonicalize_by_names           START            19693944585 ( +0.00)     2897.10 (   +0.00)             0 (       0)              
##>                                  END            19693944585 ( +0.00)     2897.10 (   +0.00)             0 (       0)           0  
##>datapath_rewrite_post_csa_one_  START            19693944585 ( +0.00)     2897.10 (   +0.00)             0 (       0)              
##>                                  END            19693944585 ( +0.00)     2897.10 (   +0.00)             0 (       0)           0  
##>datapath_csa_factoring_one_gde  START            19693944585 ( +0.00)     2897.10 (   +0.00)             0 (       0)              
##>                                  END            19693944585 ( +0.00)     2897.10 (   +0.00)             0 (       0)           0  
##>dpopt_share_one_def             START            19693944585 ( +0.00)     2897.10 (   +0.00)             0 (       0)              
##>                                  END            18486775755 ( -6.13)     2897.10 (   +0.00)             0 (       0)           0  
##>datapath_rewrite_post_share     START            18486775755 ( +0.00)     2897.10 (   +0.00)             0 (       0)              
##>                                  END            18486775755 ( +0.00)     2897.10 (   +0.00)             0 (       0)           0  
##>dp_combine_const_mult_with_com  START            18486775755 ( +0.00)     2897.10 (   +0.00)             0 (       0)              
##>                                  END            18486775755 ( +0.00)     2897.10 (   +0.00)             0 (       0)           0  
##>speculate_in_gdef               START            18486775755 ( +0.00)     2897.10 (   +0.00)             0 (       0)              
##> pre_speculate_mux_merge        START            18486775755 ( +0.00)     2897.10 (   +0.00)             0 (       0)              
##>                                  END            18486775755 ( +0.00)     2897.10 (   +0.00)             0 (       0)           0  
##>                                  END            18486775755 ( +0.00)     2897.10 (   +0.00)             0 (       0)           0  
##>dp_operator_level_decompositio  START            18486775755 ( +0.00)     2897.10 (   +0.00)             0 (       0)              
##>                                  END            18486775755 ( +0.00)     2897.10 (   +0.00)             0 (       0)           0  
##>selective_flatten_dp_config     START            18486775755 ( +0.00)     2897.10 (   +0.00)             0 (       0)              
##>                                  END            18486775755 ( +0.00)     2897.10 (   +0.00)             0 (       0)           0  
##>createMaxCarrySave              START            18486775755 ( +0.00)     2897.10 (   +0.00)             0 (       0)              
##> datapath_rewrite_one_def       START            18486775755 ( +0.00)     2897.10 (   +0.00)             0 (       0)              
##>  fast_cse_elim                 START            18486775755 ( +0.00)     2897.10 (   +0.00)             0 (       0)              
##>                                  END            18486775755 ( +0.00)     2897.10 (   +0.00)             0 (       0)           0  
##>  fast_cse_elim                 START            18486775755 ( +0.00)     2897.10 (   +0.00)             0 (       0)              
##>                                  END            18486775755 ( +0.00)     2897.10 (   +0.00)             0 (       0)           0  
##>                                  END            18486775755 ( +0.00)     2897.10 (   +0.00)             0 (       0)           0  
##> speculate_in_gdef              START            18486775755 ( +0.00)     2897.10 (   +0.00)             0 (       0)              
##>  pre_speculate_mux_merge       START            18486775755 ( +0.00)     2897.10 (   +0.00)             0 (       0)              
##>                                  END            18486775755 ( +0.00)     2897.10 (   +0.00)             0 (       0)           0  
##>                                  END            18486775755 ( +0.00)     2897.10 (   +0.00)             0 (       0)           0  
##> csa_opto                       START            18486775755 ( +0.00)     2897.10 (   +0.00)             0 (       0)              
##>                                  END            18486775755 ( +0.00)     2897.10 (   +0.00)             0 (       0)           0  
##>                                  END            18486775755 ( +0.00)     2897.10 (   +0.00)             0 (       0)           0  
##>datapath_rewrite_post_csa_one_  START            18486775755 ( +0.00)     2897.10 (   +0.00)             0 (       0)              
##>                                  END            18486775755 ( +0.00)     2897.10 (   +0.00)             0 (       0)           0  
##>datapath_csa_factoring_one_gde  START            18486775755 ( +0.00)     2897.10 (   +0.00)             0 (       0)              
##>                                  END            18486775755 ( +0.00)     2897.10 (   +0.00)             0 (       0)           0  
##>dpopt_share_one_def             START            18486775755 ( +0.00)     2897.10 (   +0.00)             0 (       0)              
##>                                  END            18486775755 ( +0.00)     2897.10 (   +0.00)             0 (       0)           0  
##>datapath_rewrite_post_share     START            18486775755 ( +0.00)     2897.10 (   +0.00)             0 (       0)              
##>                                  END            18486775755 ( +0.00)     2897.10 (   +0.00)             0 (       0)           0  
##>dp_combine_const_mult_with_com  START            18486775755 ( +0.00)     2897.10 (   +0.00)             0 (       0)              
##>                                  END            18486775755 ( +0.00)     2897.10 (   +0.00)             0 (       0)           0  
##>speculate_in_gdef               START            18486775755 ( +0.00)     2897.10 (   +0.00)             0 (       0)              
##> pre_speculate_mux_merge        START            18486775755 ( +0.00)     2897.10 (   +0.00)             0 (       0)              
##>                                  END            18486775755 ( +0.00)     2897.10 (   +0.00)             0 (       0)           0  
##>                                  END            18486775755 ( +0.00)     2897.10 (   +0.00)             0 (       0)           0  
##>dp_operator_level_decompositio  START            18486775755 ( +0.00)     2897.10 (   +0.00)             0 (       0)              
##>                                  END            18486775755 ( +0.00)     2897.10 (   +0.00)             0 (       0)           0  
##>selective_flatten_dp_config     START            18486775755 ( +0.00)     2897.10 (   +0.00)             0 (       0)              
##>                                  END            18486775755 ( +0.00)     2897.10 (   +0.00)             0 (       0)           0  
##>createMaxCarrySave              START            18486775755 ( +0.00)     2897.10 (   +0.00)             0 (       0)              
##> datapath_rewrite_one_def       START            18486775755 ( +0.00)     2897.10 (   +0.00)             0 (       0)              
##>  fast_cse_elim                 START            18486775755 ( +0.00)     2897.10 (   +0.00)             0 (       0)              
##>                                  END            18486775755 ( +0.00)     2897.10 (   +0.00)             0 (       0)           0  
##>  fast_cse_elim                 START            18486775755 ( +0.00)     2897.10 (   +0.00)             0 (       0)              
##>                                  END            18486775755 ( +0.00)     2897.10 (   +0.00)             0 (       0)           0  
##>                                  END            18486775755 ( +0.00)     2897.10 (   +0.00)             0 (       0)           0  
##> speculate_in_gdef              START            18486775755 ( +0.00)     2897.10 (   +0.00)             0 (       0)              
##>  pre_speculate_mux_merge       START            18486775755 ( +0.00)     2897.10 (   +0.00)             0 (       0)              
##>                                  END            18486775755 ( +0.00)     2897.10 (   +0.00)             0 (       0)           0  
##>                                  END            18486775755 ( +0.00)     2897.10 (   +0.00)             0 (       0)           0  
##> csa_opto                       START            18486775755 ( +0.00)     2897.10 (   +0.00)             0 (       0)              
##>                                  END            18486775755 ( +0.00)     2897.10 (   +0.00)             0 (       0)           0  
##>                                  END            18486775755 ( +0.00)     2897.10 (   +0.00)             0 (       0)           0  
##>context_based_simplify          START            18486775755 ( +0.00)     2897.10 (   +0.00)             0 (       0)              
##>                                  END            18112873905 ( -2.02)     2897.10 (   +0.00)             0 (       0)           0  
##>group_csa_final_adder_dp        START            18112873905 ( +0.00)     2897.10 (   +0.00)             0 (       0)              
##>                                  END            18112873905 ( +0.00)     2897.10 (   +0.00)             0 (       0)           0  
##>dpopt_flatten_critical_muxes_i  START            18112873905 ( +0.00)     2897.10 (   +0.00)             0 (       0)              
##>                                  END            17461216395 ( -3.60)     2897.10 (   +0.00)             0 (       0)           0  
##>speculate_in_gdef               START            17461216395 ( +0.00)     2897.10 (   +0.00)             0 (       0)              
##> pre_speculate_mux_merge        START            17461216395 ( +0.00)     2897.10 (   +0.00)             0 (       0)              
##>                                  END            17461216395 ( +0.00)     2897.10 (   +0.00)             0 (       0)           0  
##>                                  END            17461216395 ( +0.00)     2897.10 (   +0.00)             0 (       0)           0  
##>create_score                    START            17461216395 ( +0.00)     2897.10 (   +0.00)             0 (       0)              
##>                                  END            17461216395 ( +0.00)     2897.10 (   +0.00)             0 (       0)           0  
##>+------------------------------------------------------------------------------------------------------------------------------------------------------------+
Committed config: CDN_DP_region_1_0_c5
Info    : Done implementing datapath configurations. [DPOPT-4]
        : Selected 'very_fast' configuration 5 for module 'CDN_DP_region_1_0_c5'.
          Optimizations applied to 'very_fast' configuration:
            rewriting(0), factoring(0), sharing(2), cmultcse(0), downsizing(0), speculation(0)
Info    : Implementing datapath configurations. [DPOPT-3]
        : Implementing datapath configurations for 'CDN_DP_region_0_2'
CSAGen Prep Share:0 Re-Write:0 Speculation: 0
MaxCSA: Successfully built Maximal CSA Expression Expr4
CDN_DP_region_0_2 level = 0 loads = 0 drivers = 0
CDN_DP_region_0_2_c0 in picorv32_ENABLE_COUNTERS1_ENABLE_COUNTERS641_ENABLE_REGS_16_311_ENABLE_REGS_DUALPORT1_TWO_STAGE_SHIFT1_BARREL_SHIFTER1_TWO_CYCLE_COMPARE0_TWO_CYCLE_ALU1_COMPRESSED_ISA0_CATCH_MISALIGN1_CATCH_ILLINSN1_ENABLE_PCPI1_ENABLE_MUL1_ENABLE_FAST_MUL1_ENABLE_DIV1_ENABLE_IRQ1_ENABLE_IRQ_QREGS1_ENABLE_IRQ_TIMER1_ENABLE_TRACE0_REGS_INIT_ZERO0_MASKED_IRQ0_LATCHED_IRQn1_PROGADDR_RESET0_PROGADDR_IRQ16_STACKADDRn1: area: 68044795245 ,dp = 1 mux = 0 sg = slow         worst_clk_period: -1.0000 
    wns: 0  norm_wns:  -1.0000 
    fail_endp: -1 
    tns:  0  tns_per_endp:  -1.0000   norm_tns_per_endp:  -1.0000 
    tns_sense_max:  -1.0000  tns_sense_avg:  -1.0000   tns_sense_num: -1
 skipped
CDN_DP_region_0_2_c1 in picorv32_ENABLE_COUNTERS1_ENABLE_COUNTERS641_ENABLE_REGS_16_311_ENABLE_REGS_DUALPORT1_TWO_STAGE_SHIFT1_BARREL_SHIFTER1_TWO_CYCLE_COMPARE0_TWO_CYCLE_ALU1_COMPRESSED_ISA0_CATCH_MISALIGN1_CATCH_ILLINSN1_ENABLE_PCPI1_ENABLE_MUL1_ENABLE_FAST_MUL1_ENABLE_DIV1_ENABLE_IRQ1_ENABLE_IRQ_QREGS1_ENABLE_IRQ_TIMER1_ENABLE_TRACE0_REGS_INIT_ZERO0_MASKED_IRQ0_LATCHED_IRQn1_PROGADDR_RESET0_PROGADDR_IRQ16_STACKADDRn1: area: 68044795245 ,dp = 1 mux = 0 sg = fast         worst_clk_period: -1.0000 
    wns: 0  norm_wns:  -1.0000 
    fail_endp: -1 
    tns:  0  tns_per_endp:  -1.0000   norm_tns_per_endp:  -1.0000 
    tns_sense_max:  -1.0000  tns_sense_avg:  -1.0000   tns_sense_num: -1
 is current best
CDN_DP_region_0_2_c2 in picorv32_ENABLE_COUNTERS1_ENABLE_COUNTERS641_ENABLE_REGS_16_311_ENABLE_REGS_DUALPORT1_TWO_STAGE_SHIFT1_BARREL_SHIFTER1_TWO_CYCLE_COMPARE0_TWO_CYCLE_ALU1_COMPRESSED_ISA0_CATCH_MISALIGN1_CATCH_ILLINSN1_ENABLE_PCPI1_ENABLE_MUL1_ENABLE_FAST_MUL1_ENABLE_DIV1_ENABLE_IRQ1_ENABLE_IRQ_QREGS1_ENABLE_IRQ_TIMER1_ENABLE_TRACE0_REGS_INIT_ZERO0_MASKED_IRQ0_LATCHED_IRQn1_PROGADDR_RESET0_PROGADDR_IRQ16_STACKADDRn1: area: 68044795245 ,dp = 1 mux = 0 sg = very_slow    worst_clk_period: -1.0000 
    wns: 0  norm_wns:  -1.0000 
    fail_endp: -1 
    tns:  0  tns_per_endp:  -1.0000   norm_tns_per_endp:  -1.0000 
    tns_sense_max:  -1.0000  tns_sense_avg:  -1.0000   tns_sense_num: -1
 is current best
CDN_DP_region_0_2_c3 in picorv32_ENABLE_COUNTERS1_ENABLE_COUNTERS641_ENABLE_REGS_16_311_ENABLE_REGS_DUALPORT1_TWO_STAGE_SHIFT1_BARREL_SHIFTER1_TWO_CYCLE_COMPARE0_TWO_CYCLE_ALU1_COMPRESSED_ISA0_CATCH_MISALIGN1_CATCH_ILLINSN1_ENABLE_PCPI1_ENABLE_MUL1_ENABLE_FAST_MUL1_ENABLE_DIV1_ENABLE_IRQ1_ENABLE_IRQ_QREGS1_ENABLE_IRQ_TIMER1_ENABLE_TRACE0_REGS_INIT_ZERO0_MASKED_IRQ0_LATCHED_IRQn1_PROGADDR_RESET0_PROGADDR_IRQ16_STACKADDRn1: area: 68044795245 ,dp = 1 mux = 0 sg = very_fast    worst_clk_period: -1.0000 
    wns: 0  norm_wns:  -1.0000 
    fail_endp: -1 
    tns:  0  tns_per_endp:  -1.0000   norm_tns_per_endp:  -1.0000 
    tns_sense_max:  -1.0000  tns_sense_avg:  -1.0000   tns_sense_num: -1
 is current best
CDN_DP_region_0_2_c4 in picorv32_ENABLE_COUNTERS1_ENABLE_COUNTERS641_ENABLE_REGS_16_311_ENABLE_REGS_DUALPORT1_TWO_STAGE_SHIFT1_BARREL_SHIFTER1_TWO_CYCLE_COMPARE0_TWO_CYCLE_ALU1_COMPRESSED_ISA0_CATCH_MISALIGN1_CATCH_ILLINSN1_ENABLE_PCPI1_ENABLE_MUL1_ENABLE_FAST_MUL1_ENABLE_DIV1_ENABLE_IRQ1_ENABLE_IRQ_QREGS1_ENABLE_IRQ_TIMER1_ENABLE_TRACE0_REGS_INIT_ZERO0_MASKED_IRQ0_LATCHED_IRQn1_PROGADDR_RESET0_PROGADDR_IRQ16_STACKADDRn1: area: 68044795245 ,dp = 1 mux = 0 sg = very_fast    worst_clk_period: -1.0000 
    wns: 0  norm_wns:  -1.0000 
    fail_endp: -1 
    tns:  0  tns_per_endp:  -1.0000   norm_tns_per_endp:  -1.0000 
    tns_sense_max:  -1.0000  tns_sense_avg:  -1.0000   tns_sense_num: -1
 is current best
CDN_DP_region_0_2_c5 in picorv32_ENABLE_COUNTERS1_ENABLE_COUNTERS641_ENABLE_REGS_16_311_ENABLE_REGS_DUALPORT1_TWO_STAGE_SHIFT1_BARREL_SHIFTER1_TWO_CYCLE_COMPARE0_TWO_CYCLE_ALU1_COMPRESSED_ISA0_CATCH_MISALIGN1_CATCH_ILLINSN1_ENABLE_PCPI1_ENABLE_MUL1_ENABLE_FAST_MUL1_ENABLE_DIV1_ENABLE_IRQ1_ENABLE_IRQ_QREGS1_ENABLE_IRQ_TIMER1_ENABLE_TRACE0_REGS_INIT_ZERO0_MASKED_IRQ0_LATCHED_IRQn1_PROGADDR_RESET0_PROGADDR_IRQ16_STACKADDRn1: area: 68044795245 ,dp = 1 mux = 0 sg = very_fast    worst_clk_period: -1.0000 
    wns: 0  norm_wns:  -1.0000 
    fail_endp: -1 
    tns:  0  tns_per_endp:  -1.0000   norm_tns_per_endp:  -1.0000 
    tns_sense_max:  -1.0000  tns_sense_avg:  -1.0000   tns_sense_num: -1
 is current best
CDN_DP_region_0_2_c6 in picorv32_ENABLE_COUNTERS1_ENABLE_COUNTERS641_ENABLE_REGS_16_311_ENABLE_REGS_DUALPORT1_TWO_STAGE_SHIFT1_BARREL_SHIFTER1_TWO_CYCLE_COMPARE0_TWO_CYCLE_ALU1_COMPRESSED_ISA0_CATCH_MISALIGN1_CATCH_ILLINSN1_ENABLE_PCPI1_ENABLE_MUL1_ENABLE_FAST_MUL1_ENABLE_DIV1_ENABLE_IRQ1_ENABLE_IRQ_QREGS1_ENABLE_IRQ_TIMER1_ENABLE_TRACE0_REGS_INIT_ZERO0_MASKED_IRQ0_LATCHED_IRQn1_PROGADDR_RESET0_PROGADDR_IRQ16_STACKADDRn1: area: 68044795245 ,dp = 1 mux = 0 sg = very_fast    worst_clk_period: -1.0000 
    wns: 0  norm_wns:  -1.0000 
    fail_endp: -1 
    tns:  0  tns_per_endp:  -1.0000   norm_tns_per_endp:  -1.0000 
    tns_sense_max:  -1.0000  tns_sense_avg:  -1.0000   tns_sense_num: -1
 is current best
CDN_DP_region_0_2_c7 in picorv32_ENABLE_COUNTERS1_ENABLE_COUNTERS641_ENABLE_REGS_16_311_ENABLE_REGS_DUALPORT1_TWO_STAGE_SHIFT1_BARREL_SHIFTER1_TWO_CYCLE_COMPARE0_TWO_CYCLE_ALU1_COMPRESSED_ISA0_CATCH_MISALIGN1_CATCH_ILLINSN1_ENABLE_PCPI1_ENABLE_MUL1_ENABLE_FAST_MUL1_ENABLE_DIV1_ENABLE_IRQ1_ENABLE_IRQ_QREGS1_ENABLE_IRQ_TIMER1_ENABLE_TRACE0_REGS_INIT_ZERO0_MASKED_IRQ0_LATCHED_IRQn1_PROGADDR_RESET0_PROGADDR_IRQ16_STACKADDRn1: area: 68044795245 ,dp = 1 mux = 0 sg = very_fast    worst_clk_period: -1.0000 
    wns: 0  norm_wns:  -1.0000 
    fail_endp: -1 
    tns:  0  tns_per_endp:  -1.0000   norm_tns_per_endp:  -1.0000 
    tns_sense_max:  -1.0000  tns_sense_avg:  -1.0000   tns_sense_num: -1
 is current best
Best config: CDN_DP_region_0_2_c7 in picorv32_ENABLE_COUNTERS1_ENABLE_COUNTERS641_ENABLE_REGS_16_311_ENABLE_REGS_DUALPORT1_TWO_STAGE_SHIFT1_BARREL_SHIFTER1_TWO_CYCLE_COMPARE0_TWO_CYCLE_ALU1_COMPRESSED_ISA0_CATCH_MISALIGN1_CATCH_ILLINSN1_ENABLE_PCPI1_ENABLE_MUL1_ENABLE_FAST_MUL1_ENABLE_DIV1_ENABLE_IRQ1_ENABLE_IRQ_QREGS1_ENABLE_IRQ_TIMER1_ENABLE_TRACE0_REGS_INIT_ZERO0_MASKED_IRQ0_LATCHED_IRQn1_PROGADDR_RESET0_PROGADDR_IRQ16_STACKADDRn1: area: 68044795245 ,dp = 1 mux = 0 sg = very_fast    worst_clk_period: -1.0000 
    wns: 0  norm_wns:  -1.0000 
    fail_endp: -1 
    tns:  0  tns_per_endp:  -1.0000   norm_tns_per_endp:  -1.0000 
    tns_sense_max:  -1.0000  tns_sense_avg:  -1.0000   tns_sense_num: -1
  Smallest config area : 68044795245.  Fastest config wns;  0
##>+----------------------------------------------------------------------------------------------------------------------------------------------------------------+
##>Summary table of configs (Best config is CDN_DP_region_0_2_c7)
##>+----------------------------------------------------------------------------------------------------------------------------------------------------------------+
##>                     0                  1                  2                  3                  4                  5                  6                  7            
##>+----------------------------------------------------------------------------------------------------------------------------------------------------------------+
##>           Area      68044795245        68044795245        68044795245        68044795245        68044795245        68044795245        68044795245        68044795245  
##>            WNS         +3225.50           +3225.50           +3225.50           +3225.50           +3225.50           +3225.50           +3225.50           +3225.50  
##>            TNS                0                  0                  0                  0                  0                  0                  0                  0  
##>    Num Rewrite                0                  0                  0                  0                  0                  0                  0                  0  
##>     Num Factor                0                  0                  0                  0                  0                  0                  0                  0  
##>      Num Share                0                  0                  0                  0                  0                  0                  0                  0  
##>   Num CmultCse                0                  0                  0                  0                  0                  0                  0                  0  
##>   Num Downsize                0                  0                  0                  0                  0                  0                  0                  0  
##>  Num Speculate                0                  0                  0                  0                  0                  0                  0                  0  
##>     Runtime(s)                0                  0                  0                  0                  0                  0                  0                  6  
+----------------------------------------------------------------------------------------------------------------------------------------------------------------+
##>
##>
##>+------------------------------------------------------------------------------------------------------------------------------------------------------------+
##>Optimization Step DEBUG Table for config CDN_DP_region_0_2_c7
##>
##>                          Step                        Area   ( % Chg)        WNS (Change)        TNS (Change)          Runtime (s)        Comment                   
##>+------------------------------------------------------------------------------------------------------------------------------------------------------------+
##>EquationExtraction              START            68044795245 (      )     3225.50 (        )             0 (        )              
##> rewrite                        START           299976112800 (+340.85)     3193.50 (  -32.00)             0 (       0)              (a,ar) Expr4_from --> Expr4_to
##>                                  END           188825775705 (-37.05)     3199.00 (   +5.50)             0 (       0)           2  
##>                                  END            68044795245 ( +0.00)     3225.50 (   +0.00)             0 (       0)           6  
##>createMaxCarrySave              START            68044795245 ( +0.00)     3225.50 (   +0.00)             0 (       0)              
##> datapath_rewrite_one_def       START            68044795245 ( +0.00)     3225.50 (   +0.00)             0 (       0)              
##>                                  END            68044795245 ( +0.00)     3225.50 (   +0.00)             0 (       0)           0  
##> csa_opto                       START            68044795245 ( +0.00)     3225.50 (   +0.00)             0 (       0)              
##>                                  END            68044795245 ( +0.00)     3225.50 (   +0.00)             0 (       0)           0  
##>                                  END            68044795245 ( +0.00)     3225.50 (   +0.00)             0 (       0)           0  
##>canonicalize_by_names           START            68044795245 ( +0.00)     3225.50 (   +0.00)             0 (       0)              
##>                                  END            68044795245 ( +0.00)     3225.50 (   +0.00)             0 (       0)           0  
##>datapath_rewrite_post_csa_one_  START            68044795245 ( +0.00)     3225.50 (   +0.00)             0 (       0)              
##>                                  END            68044795245 ( +0.00)     3225.50 (   +0.00)             0 (       0)           0  
##>datapath_csa_factoring_one_gde  START            68044795245 ( +0.00)     3225.50 (   +0.00)             0 (       0)              
##>                                  END            68044795245 ( +0.00)     3225.50 (   +0.00)             0 (       0)           0  
##>dpopt_share_one_def             START            68044795245 ( +0.00)     3225.50 (   +0.00)             0 (       0)              
##>                                  END            68044795245 ( +0.00)     3225.50 (   +0.00)             0 (       0)           0  
##>datapath_rewrite_post_share     START            68044795245 ( +0.00)     3225.50 (   +0.00)             0 (       0)              
##>                                  END            68044795245 ( +0.00)     3225.50 (   +0.00)             0 (       0)           0  
##>dp_combine_const_mult_with_com  START            68044795245 ( +0.00)     3225.50 (   +0.00)             0 (       0)              
##>                                  END            68044795245 ( +0.00)     3225.50 (   +0.00)             0 (       0)           0  
##>dp_operator_level_decompositio  START            68044795245 ( +0.00)     3225.50 (   +0.00)             0 (       0)              
##>                                  END            68044795245 ( +0.00)     3225.50 (   +0.00)             0 (       0)           0  
##>selective_flatten_dp_config     START            68044795245 ( +0.00)     3225.50 (   +0.00)             0 (       0)              
##>                                  END            68044795245 ( +0.00)     3225.50 (   +0.00)             0 (       0)           0  
##>createMaxCarrySave              START            68044795245 ( +0.00)     3225.50 (   +0.00)             0 (       0)              
##> datapath_rewrite_one_def       START            68044795245 ( +0.00)     3225.50 (   +0.00)             0 (       0)              
##>  fast_cse_elim                 START            68044795245 ( +0.00)     3225.50 (   +0.00)             0 (       0)              
##>                                  END            68044795245 ( +0.00)     3225.50 (   +0.00)             0 (       0)           0  
##>  fast_cse_elim                 START            68044795245 ( +0.00)     3225.50 (   +0.00)             0 (       0)              
##>                                  END            68044795245 ( +0.00)     3225.50 (   +0.00)             0 (       0)           0  
##>                                  END            68044795245 ( +0.00)     3225.50 (   +0.00)             0 (       0)           0  
##> csa_opto                       START            68044795245 ( +0.00)     3225.50 (   +0.00)             0 (       0)              
##>                                  END            68044795245 ( +0.00)     3225.50 (   +0.00)             0 (       0)           0  
##>                                  END            68044795245 ( +0.00)     3225.50 (   +0.00)             0 (       0)           0  
##>context_based_simplify          START            68044795245 ( +0.00)     3225.50 (   +0.00)             0 (       0)              
##>                                  END            68044795245 ( +0.00)     3225.50 (   +0.00)             0 (       0)           0  
##>group_csa_final_adder_dp        START            68044795245 ( +0.00)     3225.50 (   +0.00)             0 (       0)              
##>                                  END            68044795245 ( +0.00)     3225.50 (   +0.00)             0 (       0)           0  
##>dpopt_flatten_critical_muxes_i  START            68044795245 ( +0.00)     3225.50 (   +0.00)             0 (       0)              
##>                                  END            68044795245 ( +0.00)     3225.50 (   +0.00)             0 (       0)           0  
##>create_score                    START            68044795245 ( +0.00)     3225.50 (   +0.00)             0 (       0)              
##>                                  END            68044795245 ( +0.00)     3225.50 (   +0.00)             0 (       0)           0  
##>+------------------------------------------------------------------------------------------------------------------------------------------------------------+
Committed config: CDN_DP_region_0_2_c7
Info    : Done implementing datapath configurations. [DPOPT-4]
        : Selected 'very_fast' configuration 7 for module 'CDN_DP_region_0_2_c7'.
          Optimizations applied to 'very_fast' configuration:
            rewriting(0), factoring(0), sharing(0), cmultcse(0), downsizing(0), speculation(0)
Info    : Implementing datapath configurations. [DPOPT-3]
        : Implementing datapath configurations for 'CDN_DP_region_0_1'
CSAGen Prep Share:0 Re-Write:0 Speculation: 0
MaxCSA: Successfully built Maximal CSA Expression Expr5
CDN_DP_region_0_1 level = 1 loads = 0 drivers = 1 is driven by : CDN_DP_region_0_0 
CDN_DP_region_0_1_c0 in picorv32_ENABLE_COUNTERS1_ENABLE_COUNTERS641_ENABLE_REGS_16_311_ENABLE_REGS_DUALPORT1_TWO_STAGE_SHIFT1_BARREL_SHIFTER1_TWO_CYCLE_COMPARE0_TWO_CYCLE_ALU1_COMPRESSED_ISA0_CATCH_MISALIGN1_CATCH_ILLINSN1_ENABLE_PCPI1_ENABLE_MUL1_ENABLE_FAST_MUL1_ENABLE_DIV1_ENABLE_IRQ1_ENABLE_IRQ_QREGS1_ENABLE_IRQ_TIMER1_ENABLE_TRACE0_REGS_INIT_ZERO0_MASKED_IRQ0_LATCHED_IRQn1_PROGADDR_RESET0_PROGADDR_IRQ16_STACKADDRn1: area: 181609470 ,dp = 1 mux = 1 sg = slow         worst_clk_period: -1.0000 
    wns: 0  norm_wns:  -1.0000 
    fail_endp: -1 
    tns:  0  tns_per_endp:  -1.0000   norm_tns_per_endp:  -1.0000 
    tns_sense_max:  -1.0000  tns_sense_avg:  -1.0000   tns_sense_num: -1
 skipped
CDN_DP_region_0_1_c1 in picorv32_ENABLE_COUNTERS1_ENABLE_COUNTERS641_ENABLE_REGS_16_311_ENABLE_REGS_DUALPORT1_TWO_STAGE_SHIFT1_BARREL_SHIFTER1_TWO_CYCLE_COMPARE0_TWO_CYCLE_ALU1_COMPRESSED_ISA0_CATCH_MISALIGN1_CATCH_ILLINSN1_ENABLE_PCPI1_ENABLE_MUL1_ENABLE_FAST_MUL1_ENABLE_DIV1_ENABLE_IRQ1_ENABLE_IRQ_QREGS1_ENABLE_IRQ_TIMER1_ENABLE_TRACE0_REGS_INIT_ZERO0_MASKED_IRQ0_LATCHED_IRQn1_PROGADDR_RESET0_PROGADDR_IRQ16_STACKADDRn1: area: 165585105 ,dp = 1 mux = 1 sg = fast         worst_clk_period: -1.0000 
    wns: 0  norm_wns:  -1.0000 
    fail_endp: -1 
    tns:  0  tns_per_endp:  -1.0000   norm_tns_per_endp:  -1.0000 
    tns_sense_max:  -1.0000  tns_sense_avg:  -1.0000   tns_sense_num: -1
 is current best
CDN_DP_region_0_1_c2 in picorv32_ENABLE_COUNTERS1_ENABLE_COUNTERS641_ENABLE_REGS_16_311_ENABLE_REGS_DUALPORT1_TWO_STAGE_SHIFT1_BARREL_SHIFTER1_TWO_CYCLE_COMPARE0_TWO_CYCLE_ALU1_COMPRESSED_ISA0_CATCH_MISALIGN1_CATCH_ILLINSN1_ENABLE_PCPI1_ENABLE_MUL1_ENABLE_FAST_MUL1_ENABLE_DIV1_ENABLE_IRQ1_ENABLE_IRQ_QREGS1_ENABLE_IRQ_TIMER1_ENABLE_TRACE0_REGS_INIT_ZERO0_MASKED_IRQ0_LATCHED_IRQn1_PROGADDR_RESET0_PROGADDR_IRQ16_STACKADDRn1: area: 165585105 ,dp = 1 mux = 1 sg = very_slow    worst_clk_period: -1.0000 
    wns: 0  norm_wns:  -1.0000 
    fail_endp: -1 
    tns:  0  tns_per_endp:  -1.0000   norm_tns_per_endp:  -1.0000 
    tns_sense_max:  -1.0000  tns_sense_avg:  -1.0000   tns_sense_num: -1
 is current best
CDN_DP_region_0_1_c3 in picorv32_ENABLE_COUNTERS1_ENABLE_COUNTERS641_ENABLE_REGS_16_311_ENABLE_REGS_DUALPORT1_TWO_STAGE_SHIFT1_BARREL_SHIFTER1_TWO_CYCLE_COMPARE0_TWO_CYCLE_ALU1_COMPRESSED_ISA0_CATCH_MISALIGN1_CATCH_ILLINSN1_ENABLE_PCPI1_ENABLE_MUL1_ENABLE_FAST_MUL1_ENABLE_DIV1_ENABLE_IRQ1_ENABLE_IRQ_QREGS1_ENABLE_IRQ_TIMER1_ENABLE_TRACE0_REGS_INIT_ZERO0_MASKED_IRQ0_LATCHED_IRQn1_PROGADDR_RESET0_PROGADDR_IRQ16_STACKADDRn1: area: 165585105 ,dp = 1 mux = 1 sg = very_fast    worst_clk_period: -1.0000 
    wns: 0  norm_wns:  -1.0000 
    fail_endp: -1 
    tns:  0  tns_per_endp:  -1.0000   norm_tns_per_endp:  -1.0000 
    tns_sense_max:  -1.0000  tns_sense_avg:  -1.0000   tns_sense_num: -1
 is current best
CDN_DP_region_0_1_c4 in picorv32_ENABLE_COUNTERS1_ENABLE_COUNTERS641_ENABLE_REGS_16_311_ENABLE_REGS_DUALPORT1_TWO_STAGE_SHIFT1_BARREL_SHIFTER1_TWO_CYCLE_COMPARE0_TWO_CYCLE_ALU1_COMPRESSED_ISA0_CATCH_MISALIGN1_CATCH_ILLINSN1_ENABLE_PCPI1_ENABLE_MUL1_ENABLE_FAST_MUL1_ENABLE_DIV1_ENABLE_IRQ1_ENABLE_IRQ_QREGS1_ENABLE_IRQ_TIMER1_ENABLE_TRACE0_REGS_INIT_ZERO0_MASKED_IRQ0_LATCHED_IRQn1_PROGADDR_RESET0_PROGADDR_IRQ16_STACKADDRn1: area: 165585105 ,dp = 1 mux = 1 sg = very_fast    worst_clk_period: -1.0000 
    wns: 0  norm_wns:  -1.0000 
    fail_endp: -1 
    tns:  0  tns_per_endp:  -1.0000   norm_tns_per_endp:  -1.0000 
    tns_sense_max:  -1.0000  tns_sense_avg:  -1.0000   tns_sense_num: -1
 is current best
CDN_DP_region_0_1_c5 in picorv32_ENABLE_COUNTERS1_ENABLE_COUNTERS641_ENABLE_REGS_16_311_ENABLE_REGS_DUALPORT1_TWO_STAGE_SHIFT1_BARREL_SHIFTER1_TWO_CYCLE_COMPARE0_TWO_CYCLE_ALU1_COMPRESSED_ISA0_CATCH_MISALIGN1_CATCH_ILLINSN1_ENABLE_PCPI1_ENABLE_MUL1_ENABLE_FAST_MUL1_ENABLE_DIV1_ENABLE_IRQ1_ENABLE_IRQ_QREGS1_ENABLE_IRQ_TIMER1_ENABLE_TRACE0_REGS_INIT_ZERO0_MASKED_IRQ0_LATCHED_IRQn1_PROGADDR_RESET0_PROGADDR_IRQ16_STACKADDRn1: area: 165585105 ,dp = 1 mux = 1 sg = very_fast    worst_clk_period: -1.0000 
    wns: 0  norm_wns:  -1.0000 
    fail_endp: -1 
    tns:  0  tns_per_endp:  -1.0000   norm_tns_per_endp:  -1.0000 
    tns_sense_max:  -1.0000  tns_sense_avg:  -1.0000   tns_sense_num: -1
 is current best
CDN_DP_region_0_1_c6 in picorv32_ENABLE_COUNTERS1_ENABLE_COUNTERS641_ENABLE_REGS_16_311_ENABLE_REGS_DUALPORT1_TWO_STAGE_SHIFT1_BARREL_SHIFTER1_TWO_CYCLE_COMPARE0_TWO_CYCLE_ALU1_COMPRESSED_ISA0_CATCH_MISALIGN1_CATCH_ILLINSN1_ENABLE_PCPI1_ENABLE_MUL1_ENABLE_FAST_MUL1_ENABLE_DIV1_ENABLE_IRQ1_ENABLE_IRQ_QREGS1_ENABLE_IRQ_TIMER1_ENABLE_TRACE0_REGS_INIT_ZERO0_MASKED_IRQ0_LATCHED_IRQn1_PROGADDR_RESET0_PROGADDR_IRQ16_STACKADDRn1: area: 165585105 ,dp = 1 mux = 1 sg = very_fast    worst_clk_period: -1.0000 
    wns: 0  norm_wns:  -1.0000 
    fail_endp: -1 
    tns:  0  tns_per_endp:  -1.0000   norm_tns_per_endp:  -1.0000 
    tns_sense_max:  -1.0000  tns_sense_avg:  -1.0000   tns_sense_num: -1
 is current best
CDN_DP_region_0_1_c7 in picorv32_ENABLE_COUNTERS1_ENABLE_COUNTERS641_ENABLE_REGS_16_311_ENABLE_REGS_DUALPORT1_TWO_STAGE_SHIFT1_BARREL_SHIFTER1_TWO_CYCLE_COMPARE0_TWO_CYCLE_ALU1_COMPRESSED_ISA0_CATCH_MISALIGN1_CATCH_ILLINSN1_ENABLE_PCPI1_ENABLE_MUL1_ENABLE_FAST_MUL1_ENABLE_DIV1_ENABLE_IRQ1_ENABLE_IRQ_QREGS1_ENABLE_IRQ_TIMER1_ENABLE_TRACE0_REGS_INIT_ZERO0_MASKED_IRQ0_LATCHED_IRQn1_PROGADDR_RESET0_PROGADDR_IRQ16_STACKADDRn1: area: 165585105 ,dp = 1 mux = 1 sg = very_fast    worst_clk_period: -1.0000 
    wns: 0  norm_wns:  -1.0000 
    fail_endp: -1 
    tns:  0  tns_per_endp:  -1.0000   norm_tns_per_endp:  -1.0000 
    tns_sense_max:  -1.0000  tns_sense_avg:  -1.0000   tns_sense_num: -1
 is current best
Best config: CDN_DP_region_0_1_c7 in picorv32_ENABLE_COUNTERS1_ENABLE_COUNTERS641_ENABLE_REGS_16_311_ENABLE_REGS_DUALPORT1_TWO_STAGE_SHIFT1_BARREL_SHIFTER1_TWO_CYCLE_COMPARE0_TWO_CYCLE_ALU1_COMPRESSED_ISA0_CATCH_MISALIGN1_CATCH_ILLINSN1_ENABLE_PCPI1_ENABLE_MUL1_ENABLE_FAST_MUL1_ENABLE_DIV1_ENABLE_IRQ1_ENABLE_IRQ_QREGS1_ENABLE_IRQ_TIMER1_ENABLE_TRACE0_REGS_INIT_ZERO0_MASKED_IRQ0_LATCHED_IRQn1_PROGADDR_RESET0_PROGADDR_IRQ16_STACKADDRn1: area: 165585105 ,dp = 1 mux = 1 sg = very_fast    worst_clk_period: -1.0000 
    wns: 0  norm_wns:  -1.0000 
    fail_endp: -1 
    tns:  0  tns_per_endp:  -1.0000   norm_tns_per_endp:  -1.0000 
    tns_sense_max:  -1.0000  tns_sense_avg:  -1.0000   tns_sense_num: -1
  Smallest config area : 165585105.  Fastest config wns;  0
##>+----------------------------------------------------------------------------------------------------------------------------------------------------------------+
##>Summary table of configs (Best config is CDN_DP_region_0_1_c7)
##>+----------------------------------------------------------------------------------------------------------------------------------------------------------------+
##>                     0                  1                  2                  3                  4                  5                  6                  7            
##>+----------------------------------------------------------------------------------------------------------------------------------------------------------------+
##>           Area        181609470          165585105          165585105          165585105          165585105          165585105          165585105          165585105  
##>            WNS         +2900.60           +2900.60           +2900.60           +2900.60           +2900.60           +2900.60           +2900.60           +2900.60  
##>            TNS                0                  0                  0                  0                  0                  0                  0                  0  
##>    Num Rewrite                0                  0                  0                  0                  0                  0                  0                  0  
##>     Num Factor                0                  0                  0                  0                  0                  0                  0                  0  
##>      Num Share                0                  0                  0                  0                  0                  0                  0                  0  
##>   Num CmultCse                0                  0                  0                  0                  0                  0                  0                  0  
##>   Num Downsize                0                  0                  0                  0                  0                  0                  0                  0  
##>  Num Speculate                0                  0                  0                  0                  0                  0                  0                  0  
##>     Runtime(s)                0                  0                  0                  0                  0                  0                  0                  0  
+----------------------------------------------------------------------------------------------------------------------------------------------------------------+
##>
##>
##>+------------------------------------------------------------------------------------------------------------------------------------------------------------+
##>Optimization Step DEBUG Table for config CDN_DP_region_0_1_c7
##>
##>                          Step                        Area   ( % Chg)        WNS (Change)        TNS (Change)          Runtime (s)        Comment                   
##>+------------------------------------------------------------------------------------------------------------------------------------------------------------+
##>EquationExtraction              START              181609470 (      )     2900.60 (        )             0 (        )              
##> rewrite                        START              288438570 (+58.82)     2900.60 (   +0.00)             0 (       0)              (a,ar) Expr5_from --> Expr5_to
##>                                  END              421974945 (+46.30)     2900.60 (   +0.00)             0 (       0)           0  
##>                                  END              181609470 ( +0.00)     2900.60 (   +0.00)             0 (       0)           0  
##>createMaxCarrySave              START              181609470 ( +0.00)     2900.60 (   +0.00)             0 (       0)              
##> datapath_rewrite_one_def       START              181609470 ( +0.00)     2900.60 (   +0.00)             0 (       0)              
##>                                  END              181609470 ( +0.00)     2900.60 (   +0.00)             0 (       0)           0  
##> csa_opto                       START              181609470 ( +0.00)     2900.60 (   +0.00)             0 (       0)              
##>                                  END              202975290 (+11.76)     2900.60 (   +0.00)             0 (       0)           0  
##>                                  END              202975290 (+11.76)     2900.60 (   +0.00)             0 (       0)           0  
##>canonicalize_by_names           START              202975290 ( +0.00)     2900.60 (   +0.00)             0 (       0)              
##>                                  END              202975290 ( +0.00)     2900.60 (   +0.00)             0 (       0)           0  
##>datapath_rewrite_post_csa_one_  START              202975290 ( +0.00)     2900.60 (   +0.00)             0 (       0)              
##>                                  END              202975290 ( +0.00)     2900.60 (   +0.00)             0 (       0)           0  
##>datapath_csa_factoring_one_gde  START              202975290 ( +0.00)     2900.60 (   +0.00)             0 (       0)              
##>                                  END              202975290 ( +0.00)     2900.60 (   +0.00)             0 (       0)           0  
##>dpopt_share_one_def             START              202975290 ( +0.00)     2900.60 (   +0.00)             0 (       0)              
##>                                  END              202975290 ( +0.00)     2900.60 (   +0.00)             0 (       0)           0  
##>datapath_rewrite_post_share     START              202975290 ( +0.00)     2900.60 (   +0.00)             0 (       0)              
##>                                  END              202975290 ( +0.00)     2900.60 (   +0.00)             0 (       0)           0  
##>dp_combine_const_mult_with_com  START              202975290 ( +0.00)     2900.60 (   +0.00)             0 (       0)              
##>                                  END              202975290 ( +0.00)     2900.60 (   +0.00)             0 (       0)           0  
##>dp_operator_level_decompositio  START              202975290 ( +0.00)     2900.60 (   +0.00)             0 (       0)              
##>                                  END              202975290 ( +0.00)     2900.60 (   +0.00)             0 (       0)           0  
##>selective_flatten_dp_config     START              202975290 ( +0.00)     2900.60 (   +0.00)             0 (       0)              
##>                                  END              202975290 ( +0.00)     2900.60 (   +0.00)             0 (       0)           0  
##>createMaxCarrySave              START              202975290 ( +0.00)     2900.60 (   +0.00)             0 (       0)              
##> datapath_rewrite_one_def       START              202975290 ( +0.00)     2900.60 (   +0.00)             0 (       0)              
##>  fast_cse_elim                 START              202975290 ( +0.00)     2900.60 (   +0.00)             0 (       0)              
##>                                  END              202975290 ( +0.00)     2900.60 (   +0.00)             0 (       0)           0  
##>  fast_cse_elim                 START              202975290 ( +0.00)     2900.60 (   +0.00)             0 (       0)              
##>                                  END              202975290 ( +0.00)     2900.60 (   +0.00)             0 (       0)           0  
##>                                  END              202975290 ( +0.00)     2900.60 (   +0.00)             0 (       0)           0  
##> csa_opto                       START              202975290 ( +0.00)     2900.60 (   +0.00)             0 (       0)              
##>                                  END              202975290 ( +0.00)     2900.60 (   +0.00)             0 (       0)           0  
##>                                  END              202975290 ( +0.00)     2900.60 (   +0.00)             0 (       0)           0  
##>context_based_simplify          START              176268015 (-13.16)     2900.60 (   +0.00)             0 (       0)              
##>                                  END              165585105 ( -6.06)     2900.60 (   +0.00)             0 (       0)           0  
##>group_csa_final_adder_dp        START              165585105 ( +0.00)     2900.60 (   +0.00)             0 (       0)              
##>                                  END              165585105 ( +0.00)     2900.60 (   +0.00)             0 (       0)           0  
##>dpopt_flatten_critical_muxes_i  START              165585105 ( +0.00)     2900.60 (   +0.00)             0 (       0)              
##>                                  END              165585105 ( +0.00)     2900.60 (   +0.00)             0 (       0)           0  
##>create_score                    START              165585105 ( +0.00)     2900.60 (   +0.00)             0 (       0)              
##>                                  END              165585105 ( +0.00)     2900.60 (   +0.00)             0 (       0)           0  
##>+------------------------------------------------------------------------------------------------------------------------------------------------------------+
Committed config: CDN_DP_region_0_1_c7
Info    : Done implementing datapath configurations. [DPOPT-4]
        : Selected 'very_fast' configuration 7 for module 'CDN_DP_region_0_1_c7'.
          Optimizations applied to 'very_fast' configuration:
            rewriting(0), factoring(0), sharing(0), cmultcse(0), downsizing(0), speculation(0)
Info:  Ungrouped 0 dp-cluster instances.  0 cluster instances were left intact, to aid verification.
Info    : Done optimizing datapath logic. [DPOPT-2]
        : Done optimizing datapath logic in 'picorv32_wb'.
Number of big hc bmuxes after = 2
Starting logic reduction [v1.0] (stage: post_rtlopt, startdef: picorv32_wb, recur: true)
Completed logic reduction (accepts: 0, rejects: 0, runtime: 0.001s)
Starting mux data reorder optimization [v1.0] (stage: post_rtlopt, startdef: picorv32_wb, recur: true)
Completed mux data reorder optimization (accepts: 0, rejects: 0, runtime: 0.014s)

Stage: post_rtlopt
----------------------------------------------------------
| Transform           | Accepts | Rejects | Runtime (ms) | 
----------------------------------------------------------
| hlo_logic_reduction |       0 |       0 |         1.00 | 
| hlo_mux_reorder     |       0 |       0 |        14.00 | 
----------------------------------------------------------
Info    : Deleting instances not driving any primary outputs. [GLO-34]
        : Deleting 32 sequential instances.
Starting mux speculation [v1.0] (stage: post_muxopt, startdef: picorv32_wb, recur: true)
Starting speculation optimization
Completed speculation optimization (accepts:0)
Completed mux speculation (accepts: 0, rejects: 0, runtime: 0.930s)

Stage: post_muxopt
------------------------------------------------------
| Transform       | Accepts | Rejects | Runtime (ms) | 
------------------------------------------------------
| hlo_speculation |       0 |       0 |       930.00 | 
------------------------------------------------------
==================================
Stage : to_generic 
==================================
  =================
   Message Summary
  =================
------------------------------------------------------------
|     Id      |  Sev   |Count |       Message Text         |
------------------------------------------------------------
| CDFG-250    |Info    |    1 |Processing                  |
|             |        |      | multi-dimensional arrays.  |
| CDFG-372    |Info    |  291 |Bitwidth mismatch in        |
|             |        |      | assignment.                |
|             |        |      |Review and make sure the    |
|             |        |      | mismatch is unintentional. |
|             |        |      | Genus can possibly issue   |
|             |        |      | bitwidth mismatch warning  |
|             |        |      | for explicit assignments   |
|             |        |      | present in RTL as-well-as  |
|             |        |      | for implicit assignments   |
|             |        |      | inferred by the tool. For  |
|             |        |      | example, in case of enum   |
|             |        |      | declaration without value, |
|             |        |      | the tool will implicitly   |
|             |        |      | assign value to the enum   |
|             |        |      | variables. It also issues  |
|             |        |      | the warning for any        |
|             |        |      | bitwidth mismatch that     |
|             |        |      | appears in this implicit   |
|             |        |      | assignment.                |
| CDFG-373    |Info    |   14 |Sign mismatch in            |
|             |        |      | assignment.                |
| CDFG-508    |Warning |   44 |Removing unused register.   |
|             |        |      |Genus removes the flip-flop |
|             |        |      | or latch inferred for an   |
|             |        |      | unused signal or variable. |
|             |        |      | To preserve the flip-flop  |
|             |        |      | or latch, set the          |
|             |        |      | hdl_preserve_unused_regist |
|             |        |      | ers attribute to true or   |
|             |        |      | use a pragma in the RTL.   |
| CDFG-738    |Info    |   71 |Common subexpression        |
|             |        |      | eliminated.                |
| CDFG-739    |Info    |   71 |Common subexpression kept.  |
| CDFG-769    |Info    |    4 |Identified sum-of-products  |
|             |        |      | logic to be optimized      |
|             |        |      | during syn_generic.        |
| CDFG-771    |Info    |    4 |Replaced logic with a       |
|             |        |      | constant value.            |
| CDFG-773    |Info    |    1 |Skip related conditional    |
|             |        |      | write and read sequence.   |
| CDFG-818    |Warning |    1 |Using default parameter     |
|             |        |      | value for module           |
|             |        |      | elaboration.               |
| CWD-19      |Info    |  307 |An implementation was       |
|             |        |      | inferred.                  |
| DPOPT-1     |Info    |    1 |Optimizing datapath logic.  |
| DPOPT-2     |Info    |    1 |Done optimizing datapath    |
|             |        |      | logic.                     |
| DPOPT-3     |Info    |    4 |Implementing datapath       |
|             |        |      | configurations.            |
| DPOPT-4     |Info    |    4 |Done implementing datapath  |
|             |        |      | configurations.            |
| DPOPT-6     |Info    |    1 |Pre-processed datapath      |
|             |        |      | logic.                     |
| DPOPT-10    |Info    |   16 |Optimized a mux chain.      |
| ELAB-1      |Info    |    1 |Elaborating Design.         |
| ELAB-2      |Info    |    3 |Elaborating Subdesign.      |
| ELAB-3      |Info    |    1 |Done Elaborating Design.    |
| ELABUTL-132 |Info    |    5 |Unused instance port.       |
|             |        |      |Please check the reported   |
|             |        |      | scenario of unconnected    |
|             |        |      | instance port to ensure    |
|             |        |      | that it matches the design |
|             |        |      | intent.                    |
| GB-6        |Info    |    2 |A datapath component has    |
|             |        |      | been ungrouped.            |
| GLO-12      |Info    |   10 |Replacing a flip-flop with  |
|             |        |      | a logic constant 0.        |
|             |        |      |To prevent this             |
|             |        |      | optimization, set the      |
|             |        |      | 'optimize_constant_0_flops |
|             |        |      | ' root attribute to        |
|             |        |      | 'false' or                 |
|             |        |      | 'optimize_constant_0_seq'  |
|             |        |      | instance attribute to      |
|             |        |      | 'false'. You can also see  |
|             |        |      | the complete list of       |
|             |        |      | deleted sequential with    |
|             |        |      | command 'report sequential |
|             |        |      | -deleted'                  |
|             |        |      | (on Reason 'constant0').   |
| GLO-24      |Info    |   36 |Replacing a dont care       |
|             |        |      | flip-flop with a logic     |
|             |        |      | constant 0.                |
|             |        |      |The value used to replace   |
|             |        |      | the flop can be set by the |
|             |        |      | root attribute             |
|             |        |      | 'optimize_seq_x_to'.       |
| GLO-34      |Info    |    6 |Deleting instances not      |
|             |        |      | driving any primary        |
|             |        |      | outputs.                   |
|             |        |      |Optimizations such as       |
|             |        |      | constant propagation or    |
|             |        |      | redundancy removal could   |
|             |        |      | change the connections so  |
|             |        |      | a hierarchical instance    |
|             |        |      | does not drive any primary |
|             |        |      | outputs anymore. To see    |
|             |        |      | the list of deleted        |
|             |        |      | hierarchical instances,    |
|             |        |      | set the                    |
|             |        |      | 'information_level'        |
|             |        |      | attribute to 2 or above.   |
|             |        |      | If the message is          |
|             |        |      | truncated set the message  |
|             |        |      | attribute 'truncate' to    |
|             |        |      | false to see the complete  |
|             |        |      | list. To prevent this      |
|             |        |      | optimization, set the      |
|             |        |      | 'delete_unloaded_insts'    |
|             |        |      | root/subdesign attribute   |
|             |        |      | to 'false' or 'preserve'   |
|             |        |      | instance attribute to      |
|             |        |      | 'true'.                    |
| GLO-40      |Info    |    4 |Combinational hierarchical  |
|             |        |      | blocks with identical      |
|             |        |      | inputs have been merged.   |
|             |        |      |This optimization usually   |
|             |        |      | reduces design area. To    |
|             |        |      | prevent merging of         |
|             |        |      | combinational hierarchical |
|             |        |      | blocks, set the            |
|             |        |      | 'merge_combinational_hier_ |
|             |        |      | instances' root attribute  |
|             |        |      | to 'false' or the          |
|             |        |      | 'merge_combinational_hier_ |
|             |        |      | instance' instance         |
|             |        |      | attribute to 'false'.      |
| GLO-42      |Info    |   18 |Equivalent sequential       |
|             |        |      | instances have been        |
|             |        |      | merged.                    |
|             |        |      |To prevent merging of       |
|             |        |      | sequential instances, set  |
|             |        |      | the 'optimize_merge_flops' |
|             |        |      | and                        |
|             |        |      | 'optimize_merge_latches'   |
|             |        |      | root attributes to 'false' |
|             |        |      | or the                     |
|             |        |      | 'optimize_merge_seq'       |
|             |        |      | instance attribute to      |
|             |        |      | 'false'.                   |
| GLO-51      |Info    |    2 |Hierarchical instance       |
|             |        |      | automatically ungrouped.   |
|             |        |      |Hierarchical instances can  |
|             |        |      | be automatically ungrouped |
|             |        |      | to allow for better area   |
|             |        |      | or timing optimization. To |
|             |        |      | prevent this ungroup, set  |
|             |        |      | the root-level attribute   |
|             |        |      | 'auto_ungroup' to 'none'.  |
|             |        |      | You can also prevent       |
|             |        |      | individual ungroup with    |
|             |        |      | setting the attribute      |
|             |        |      | 'ungroup_ok' of instances  |
|             |        |      | or modules to 'false'.     |
| LBR-9       |Warning |   20 |Library cell has no output  |
|             |        |      | pins defined.              |
|             |        |      |Add the missing output pin  |
|             |        |      | (s)                        |
|             |        |      | , then reload the library. |
|             |        |      | Else the library cell will |
|             |        |      | be marked as timing model  |
|             |        |      | i.e. unusable.             |
|             |        |      | Timing_model means that    |
|             |        |      | the cell does not have any |
|             |        |      | defined function. If there |
|             |        |      | is no output pin, Genus    |
|             |        |      | will mark library cell as  |
|             |        |      | unusable i.e. the          |
|             |        |      | attribute 'usable' will be |
|             |        |      | marked to 'false' on the   |
|             |        |      | libcell. Therefore, the    |
|             |        |      | cell is not used for       |
|             |        |      | mapping and it will not be |
|             |        |      | picked up from the library |
|             |        |      | for synthesis. If you      |
|             |        |      | query the attribute        |
|             |        |      | 'unusable_reason' on the   |
|             |        |      | libcell; result will be:   |
|             |        |      | 'Library cell has no       |
|             |        |      | output pins.'Note: The     |
|             |        |      | message LBR-9 is only for  |
|             |        |      | the logical pins and not   |
|             |        |      | for the power_ground pins. |
|             |        |      | Genus will depend upon the |
|             |        |      | output function defined in |
|             |        |      | the pin group (output pin) |
|             |        |      | of the cell, to use it for |
|             |        |      | mapping. The pg_pin will   |
|             |        |      | not have any function      |
|             |        |      | defined.                   |
| LBR-41      |Info    |    1 |An output library pin lacks |
|             |        |      | a function attribute.      |
|             |        |      |If the remainder of this    |
|             |        |      | library cell's semantic    |
|             |        |      | checks are successful, it  |
|             |        |      | will be considered as a    |
|             |        |      | timing-model               |
|             |        |      | (because one of its output |
|             |        |      | s does not have a valid    |
|             |        |      | function.                  |
| LBR-155     |Info    | 1056 |Mismatch in unateness       |
|             |        |      | between 'timing_sense'     |
|             |        |      | attribute and the          |
|             |        |      | function.                  |
|             |        |      |The 'timing_sense'          |
|             |        |      | attribute will be          |
|             |        |      | respected.                 |
| LBR-161     |Info    |    1 |Setting the maximum print   |
|             |        |      | count of this message to   |
|             |        |      | 10 if information_level is |
|             |        |      | less than 9.               |
| LBR-162     |Info    |  124 |Both 'pos_unate' and        |
|             |        |      | 'neg_unate' timing_sense   |
|             |        |      | arcs have been processed.  |
|             |        |      |Setting the 'timing_sense'  |
|             |        |      | to non_unate.              |
| LBR-412     |Info    |    1 |Created nominal operating   |
|             |        |      | condition.                 |
|             |        |      |The nominal operating       |
|             |        |      | condition is represented,  |
|             |        |      | either by the nominal PVT  |
|             |        |      | values specified in the    |
|             |        |      | library source             |
|             |        |      | (via nom_process,nom_volta |
|             |        |      | ge and nom_temperature     |
|             |        |      | respectively)              |
|             |        |      | , or by the default PVT    |
|             |        |      | values (1.0,1.0,1.0).      |
| LBR-518     |Info    |    1 |Missing a function          |
|             |        |      | attribute in the output    |
|             |        |      | pin definition.            |
| PHYS-129    |Info    |  119 |Via with no resistance will |
|             |        |      | have a value of '0.0'      |
|             |        |      | assigned for resistance    |
|             |        |      | value.                     |
|             |        |      |If this is the expected     |
|             |        |      | behavior, this message can |
|             |        |      | be ignored.                |
| PHYS-279    |Warning |   94 |Physical cell not defined   |
|             |        |      | in library.                |
|             |        |      |Ensure that the proper      |
|             |        |      | library files are          |
|             |        |      | available and have been    |
|             |        |      | imported.                  |
| PHYS-752    |Info    |    1 |Partition Based Synthesis   |
|             |        |      | execution skipped.         |
| RTLOPT-30   |Info    |   12 |Accepted resource sharing   |
|             |        |      | opportunity.               |
| RTLOPT-40   |Info    |   17 |Transformed datapath macro. |
| RTLOPT-54   |Warning |  104 |Use of 'parallel_case'      |
|             |        |      | pragma may hinder datapath |
|             |        |      | resource sharing.          |
| SYNTH-1     |Info    |    1 |Synthesizing.               |
| TIM-1000    |Info    |    1 |Multimode clock gating      |
|             |        |      | check is disabled.         |
| VLOGPT-37   |Warning |    1 |Ignoring unsynthesizable    |
|             |        |      | construct.                 |
|             |        |      |For example, the following  |
|             |        |      | constructs will be         |
|             |        |      | ignored:
    - initial     |
|             |        |      | block
    - final block
   |
|             |        |      | - program block
    -      |
|             |        |      | property block
    -       |
|             |        |      | sequence block
    -       |
|             |        |      | covergroup
    - checker   |
|             |        |      | block
    - gate drive     |
|             |        |      | strength
    - system task |
|             |        |      | enable
    - reg           |
|             |        |      | declaration with initial   |
|             |        |      | value
    - specify block. |
------------------------------------------------------------
Current PLE settings:

Aspect ratio        : 1.000
Shrink factor       : 1.000
Scale of res/length : 1.000
Scale of cap/length : 1.000
Net derating factor : 1.000
Thermal factor      : 1.000
Via Resistance      : 6.600 ohm (from qrc_tech_file)
Site size           : 1.910 um (from lef [tech+cell])

                                   Capacitance  
  Layer                             / Length         Data source:
Name        Direction Utilization  (pF/micron)       qrc_tech_file
------------------------------------------------
METAL_1         H         0.00        0.000210  
METAL_2         V         1.00        0.000174  
METAL_3         H         1.00        0.000174  
METAL_4         V         1.00        0.000174  
METAL_5         H         1.00        0.000174  
METAL_6         V         1.00        0.000174  
METAL_7         H         1.00        0.000175  
METAL_8         V         1.00        0.000176  
METAL_9         H         1.00        0.001240  
METAL_10        V         1.00        0.000529  
METAL_11        H         1.00        0.000686  

                                    Resistance   
  Layer                              / Length         Data source:
Name        Direction Utilization  (ohm/micron)       qrc_tech_file
-------------------------------------------------
METAL_1         H         0.00         1.226667  
METAL_2         V         1.00         0.755000  
METAL_3         H         1.00         0.755000  
METAL_4         V         1.00         0.755000  
METAL_5         H         1.00         0.755000  
METAL_6         V         1.00         0.755000  
METAL_7         H         1.00         0.755000  
METAL_8         V         1.00         0.267500  
METAL_9         H         1.00         0.267500  
METAL_10        V         1.00         0.097273  
METAL_11        H         1.00         0.095455  

                                        Area     
  Layer                               / Length        Data source:
Name        Direction Utilization     (micron)        lef_library
-------------------------------------------------
Metal1          H         0.00         0.060000  
Metal2          V         1.00         0.080000  
Metal3          H         1.00         0.080000  
Metal4          V         1.00         0.080000  
Metal5          H         1.00         0.080000  
Metal6          V         1.00         0.080000  
Metal7          H         1.00         0.080000  
Metal8          V         1.00         0.080000  
Metal9          H         1.00         0.080000  
Metal10         V         1.00         0.220000  
Metal11         H         1.00         0.220000  

Warning : Total power has skewed contributions from leakage and dynamic power. [POPT-502]
        : With 'opt_leakage_to_dynamic_ratio' set to 0, the total power of 'NAND2XL' is being computed as:
	  Total Power = (Leakage Power * 0) + (Dynamic Power * (1 - 0))
	  Leakage Power:     0.0935110000 nW
	  Dynamic Power:   472.3632260000 nW
	  Total Power:     472.3632260000 nW
	  Leakage Power is contributing 0% to the Total Power.
        : Dynamic power is typically calculated/specified for some 'active period'. For combination of leakage and dynamic power opt_leakage_to_dynamic_ratio must specify the percentage of overall time for which the design is not in the 'active period' but in 'idle mode', i.e. no dynamic power but only leakage power is consumed. For a reasonable optimization across dynamic and leakage power, leakage contribution is expected to be above 5% and below 95%. A contribution of less than 5% will result in limited leakage optimization and contribution of more than 95% will result in limited dynamic optimization. Adjust 'opt_leakage_to_dynamic_ratio' so that leakage contribution comes to an intermediate value if you intend both optimizations to occur.
Mapper: Libraries have:
	domain _default_: 324 combo usable cells and 128 sequential usable cells
Multi-threaded constant propagation [1|0] ...
Info    : Replacing the synchronous part of an always feeding back flip-flop with a logic constant. [GLO-45]
        : The instance is 'picorv32_core/cpu_state_reg[2]'. The constant is '0'.
        : To prevent this optimization, set 'optimize_constant_feedback_seqs' root attribute to 'false'. The instance attribute 'optimize_constant_feedback_seq' controls this optimization. 
Info    : Replacing the synchronous part of an always feeding back flip-flop with a logic constant. [GLO-45]
        : The instance is 'picorv32_core/latched_compr_reg'. The constant is '0'.
Info    : Replacing a flip-flop with a logic constant 0. [GLO-12]
        : The instance is 'picorv32_core/cpu_state_reg[2]'.
Info    : Replacing a flip-flop with a logic constant 0. [GLO-12]
        : The instance is 'picorv32_core/latched_compr_reg'.
Info    : Replacing the synchronous part of an always feeding back flip-flop with a logic constant. [GLO-45]
        : The instance is 'picorv32_core/reg_next_pc_reg[0]'. The constant is '0'.
Info    : Replacing a flip-flop with a logic constant 0. [GLO-12]
        : The instance is 'picorv32_core/reg_next_pc_reg[0]'.
Info    : Replacing the synchronous part of an always feeding back flip-flop with a logic constant. [GLO-45]
        : The instance is 'picorv32_core/reg_pc_reg[0]'. The constant is '0'.
Info    : Replacing a flip-flop with a logic constant 0. [GLO-12]
        : The instance is 'picorv32_core/reg_pc_reg[0]'.
Info    : Deleting instances not driving any primary outputs. [GLO-34]
        : Deleting 9 sequential instances.
Multi-threaded Virtual Mapping    (4 threads per ST process, 4 of 4 CPUs usable)
==================================
Stage : first_condense 
==================================
  =================
   Message Summary
  =================
------------------------------------------------------------
|    Id    |  Sev   |Count |         Message Text          |
------------------------------------------------------------
| GB-6     |Info    |    4 |A datapath component has been  |
|          |        |      | ungrouped.                    |
| GLO-12   |Info    |    4 |Replacing a flip-flop with a   |
|          |        |      | logic constant 0.             |
|          |        |      |To prevent this optimization,  |
|          |        |      | set the                       |
|          |        |      | 'optimize_constant_0_flops'   |
|          |        |      | root attribute to 'false' or  |
|          |        |      | 'optimize_constant_0_seq'     |
|          |        |      | instance attribute to         |
|          |        |      | 'false'. You can also see the |
|          |        |      | complete list of deleted      |
|          |        |      | sequential with command       |
|          |        |      | 'report sequential -deleted'  |
|          |        |      | (on Reason 'constant0').      |
| GLO-34   |Info    |    1 |Deleting instances not driving |
|          |        |      | any primary outputs.          |
|          |        |      |Optimizations such as constant |
|          |        |      | propagation or redundancy     |
|          |        |      | removal could change the      |
|          |        |      | connections so a hierarchical |
|          |        |      | instance does not drive any   |
|          |        |      | primary outputs anymore. To   |
|          |        |      | see the list of deleted       |
|          |        |      | hierarchical instances, set   |
|          |        |      | the 'information_level'       |
|          |        |      | attribute to 2 or above. If   |
|          |        |      | the message is truncated set  |
|          |        |      | the message attribute         |
|          |        |      | 'truncate' to false to see    |
|          |        |      | the complete list. To prevent |
|          |        |      | this optimization, set the    |
|          |        |      | 'delete_unloaded_insts'       |
|          |        |      | root/subdesign attribute to   |
|          |        |      | 'false' or 'preserve'         |
|          |        |      | instance attribute to 'true'. |
| GLO-45   |Info    |    4 |Replacing the synchronous part |
|          |        |      | of an always feeding back     |
|          |        |      | flip-flop with a logic        |
|          |        |      | constant.                     |
|          |        |      |To prevent this optimization,  |
|          |        |      | set                           |
|          |        |      | 'optimize_constant_feedback_s |
|          |        |      | eqs' root attribute to        |
|          |        |      | 'false'. The instance         |
|          |        |      | attribute                     |
|          |        |      | 'optimize_constant_feedback_s |
|          |        |      | eq' controls this             |
|          |        |      | optimization.                 |
| POPT-502 |Warning |    1 |Total power has skewed         |
|          |        |      | contributions from leakage    |
|          |        |      | and dynamic power.            |
|          |        |      |Dynamic power is typically     |
|          |        |      | calculated/specified for some |
|          |        |      | 'active period'. For          |
|          |        |      | combination of leakage and    |
|          |        |      | dynamic power                 |
|          |        |      | opt_leakage_to_dynamic_ratio  |
|          |        |      | must specify the percentage   |
|          |        |      | of overall time for which the |
|          |        |      | design is not in the 'active  |
|          |        |      | period' but in 'idle mode',   |
|          |        |      | i.e. no dynamic power but     |
|          |        |      | only leakage power is         |
|          |        |      | consumed. For a reasonable    |
|          |        |      | optimization across dynamic   |
|          |        |      | and leakage power, leakage    |
|          |        |      | contribution is expected to   |
|          |        |      | be above 5% and below 95%. A  |
|          |        |      | contribution of less than 5%  |
|          |        |      | will result in limited        |
|          |        |      | leakage optimization and      |
|          |        |      | contribution of more than 95% |
|          |        |      | will result in limited        |
|          |        |      | dynamic optimization. Adjust  |
|          |        |      | 'opt_leakage_to_dynamic_ratio |
|          |        |      | ' so that leakage             |
|          |        |      | contribution comes to an      |
|          |        |      | intermediate value if you     |
|          |        |      | intend both optimizations to  |
|          |        |      | occur.                        |
------------------------------------------------------------
 
Global mapping target info
==========================
Cost Group 'clk' target slack:   119 ps
Target path end-point (Pin: picorv32_core/genblk1.pcpi_mul_rd_reg[63]/d)


State Retention Synthesis Status
================================

Category                        Flops   Percentage
--------------------------------------------------
Total instances                  2399        100.0
Excluded from State Retention    2399        100.0
    - Will not convert           2399        100.0
      - Preserved                   0          0.0
      - Power intent excluded    2399        100.0
    - Could not convert             0          0.0
      - Scan type                   0          0.0
      - No suitable cell            0          0.0
State Retention instances           0          0.0
--------------------------------------------------

PBS_Generic_Opt-Post - Elapsed_Time 214, CPU_Time 215.59650799999997
stamp 'PBS_Generic_Opt-Post' being created for table 'pbs_debug'

  Total Time (Wall) |  Stage Time (Wall)  |   % (Wall)   |    Date - Time     |  Memory   | Stage
--------------------+---------------------+--------------+--------------------+-----------+----------------------
 00:00:30(00:04:01) |  00:00:00(00:00:00) |   0.0(  0.0) |   14:27:38 (Nov28) |  512.6 MB | PBS_Generic-Start
--------------------+---------------------+--------------+--------------------+-----------+----------------------
 00:04:05(00:07:35) |  00:03:35(00:03:34) | 100.0(100.0) |   14:31:12 (Nov28) |   1.02 GB | PBS_Generic_Opt-Post
--------------------+---------------------+--------------+--------------------+-----------+----------------------
Number of threads: 8 * 1   (id: pbs_debug, time_info v1.57)
Info: (*N*) indicates data that was populated from previously saved time_info database
Info: CPU time includes time of parent + longest thread
PBS_Generic-Postgen HBO Optimizations - Elapsed_Time 0, CPU_Time 1.0
stamp 'PBS_Generic-Postgen HBO Optimizations' being created for table 'pbs_debug'

  Total Time (Wall) |  Stage Time (Wall)  |   % (Wall)   |    Date - Time     |  Memory   | Stage
--------------------+---------------------+--------------+--------------------+-----------+----------------------
 00:00:30(00:04:01) |  00:00:00(00:00:00) |   0.0(  0.0) |   14:27:38 (Nov28) |  512.6 MB | PBS_Generic-Start
--------------------+---------------------+--------------+--------------------+-----------+----------------------
 00:04:05(00:07:35) |  00:03:35(00:03:34) |  99.5(100.0) |   14:31:12 (Nov28) |   1.02 GB | PBS_Generic_Opt-Post
--------------------+---------------------+--------------+--------------------+-----------+----------------------
 00:04:06(00:07:35) |  00:00:01(00:00:00) |   0.5(  0.0) |   14:31:12 (Nov28) |   1.02 GB | PBS_Generic-Postgen HBO Optimizations
--------------------+---------------------+--------------+--------------------+-----------+----------------------
Number of threads: 8 * 1   (id: pbs_debug, time_info v1.57)
Info: (*N*) indicates data that was populated from previously saved time_info database
Info: CPU time includes time of parent + longest thread
##>=================== Cadence Confidential (Generic-Logical) ===================
##>=================== Cadence Confidential (Generic-Logical) ===================
##>Main Thread Summary:
##>----------------------------------------------------------------------------------------
##>STEP                           Elapsed       WNS       TNS     Insts      Area    Memory
##>----------------------------------------------------------------------------------------
##>G:Initial                            1         -         -     19413     81779       512
##>G:Setup                              0         -         -         -         -         -
##>G:Launch ST                          0         -         -         -         -         -
##>G:Design Partition                   0         -         -         -         -         -
##>G:Create Partition Netlists          0         -         -         -         -         -
##>G:Init Power                         0         -         -         -         -         -
##>G:Budgeting                          0         -         -         -         -         -
##>G:Derenv-DB                          0         -         -         -         -         -
##>G:Debug Outputs                      0         -         -         -         -         -
##>G:ST loading                         0         -         -         -         -         -
##>G:Distributed                        0         -         -         -         -         -
##>G:Timer                              0         -         -         -         -         -
##>G:Assembly                           0         -         -         -         -         -
##>G:DFT                                0         -         -         -         -         -
##>G:Const Prop                         0         -         -     28535     92196      1022
##>G:Misc                             214
##>----------------------------------------------------------------------------------------
##>Total Elapsed                      215
##>========================================================================================
Info    : Done synthesizing. [SYNTH-2]
        : Done synthesizing 'picorv32_wb' to generic gates.
      flow.cputime  flow.realtime  timing.setup.tns  timing.setup.wns  snapshot
UM:*                                                                   syn_gen
@genus:design:picorv32_wb 38> syn_map
##Generic Timing Info for library domain: _default_ typical gate delay: 25.8 ps std_slew: 4.7 ps std_load: 1.2 fF
Current PLE settings:

Aspect ratio        : 1.000
Shrink factor       : 1.000
Scale of res/length : 1.000
Scale of cap/length : 1.000
Net derating factor : 1.000
Thermal factor      : 1.000
Via Resistance      : 6.600 ohm (from qrc_tech_file)
Site size           : 1.910 um (from lef [tech+cell])

                                   Capacitance  
  Layer                             / Length         Data source:
Name        Direction Utilization  (pF/micron)       qrc_tech_file
------------------------------------------------
METAL_1         H         0.00        0.000210  
METAL_2         V         1.00        0.000174  
METAL_3         H         1.00        0.000174  
METAL_4         V         1.00        0.000174  
METAL_5         H         1.00        0.000174  
METAL_6         V         1.00        0.000174  
METAL_7         H         1.00        0.000175  
METAL_8         V         1.00        0.000176  
METAL_9         H         1.00        0.001240  
METAL_10        V         1.00        0.000529  
METAL_11        H         1.00        0.000686  

                                    Resistance   
  Layer                              / Length         Data source:
Name        Direction Utilization  (ohm/micron)       qrc_tech_file
-------------------------------------------------
METAL_1         H         0.00         1.226667  
METAL_2         V         1.00         0.755000  
METAL_3         H         1.00         0.755000  
METAL_4         V         1.00         0.755000  
METAL_5         H         1.00         0.755000  
METAL_6         V         1.00         0.755000  
METAL_7         H         1.00         0.755000  
METAL_8         V         1.00         0.267500  
METAL_9         H         1.00         0.267500  
METAL_10        V         1.00         0.097273  
METAL_11        H         1.00         0.095455  

                                        Area     
  Layer                               / Length        Data source:
Name        Direction Utilization     (micron)        lef_library
-------------------------------------------------
Metal1          H         0.00         0.060000  
Metal2          V         1.00         0.080000  
Metal3          H         1.00         0.080000  
Metal4          V         1.00         0.080000  
Metal5          H         1.00         0.080000  
Metal6          V         1.00         0.080000  
Metal7          H         1.00         0.080000  
Metal8          V         1.00         0.080000  
Metal9          H         1.00         0.080000  
Metal10         V         1.00         0.220000  
Metal11         H         1.00         0.220000  

Warning : Total power has skewed contributions from leakage and dynamic power. [POPT-502]
        : With 'opt_leakage_to_dynamic_ratio' set to 0, the total power of 'NAND2XL' is being computed as:
	  Total Power = (Leakage Power * 0) + (Dynamic Power * (1 - 0))
	  Leakage Power:     0.0935110000 nW
	  Dynamic Power:   472.3632260000 nW
	  Total Power:     472.3632260000 nW
	  Leakage Power is contributing 0% to the Total Power.
Info    : Mapping. [SYNTH-4]
        : Mapping 'picorv32_wb' using 'high' effort.
Mapper: Libraries have:
	domain _default_: 324 combo usable cells and 128 sequential usable cells
Configuring mapper costing (none)
TNS Restructuring config: no_value at stage: map applied.
PBS_TechMap-Start - Elapsed_Time 0, CPU_Time 0.0
stamp 'PBS_TechMap-Start' being created for table 'pbs_debug'

  Total Time (Wall) |  Stage Time (Wall)  |   % (Wall)   |    Date - Time     |  Memory   | Stage
--------------------+---------------------+--------------+--------------------+-----------+----------------------
 00:00:30(00:04:01) |  00:00:00(00:00:00) |   0.0(  0.0) |   14:27:38 (Nov28) |  512.6 MB | PBS_Generic-Start
--------------------+---------------------+--------------+--------------------+-----------+----------------------
 00:04:05(00:07:35) |  00:03:35(00:03:34) |  98.6( 98.6) |   14:31:12 (Nov28) |   1.02 GB | PBS_Generic_Opt-Post
--------------------+---------------------+--------------+--------------------+-----------+----------------------
 00:04:06(00:07:35) |  00:00:01(00:00:00) |   0.5(  0.0) |   14:31:12 (Nov28) |   1.02 GB | PBS_Generic-Postgen HBO Optimizations
--------------------+---------------------+--------------+--------------------+-----------+----------------------
 00:04:08(00:07:38) |  00:00:02(00:00:03) |   0.9(  1.4) |   14:31:15 (Nov28) |  995.5 MB | PBS_TechMap-Start
--------------------+---------------------+--------------+--------------------+-----------+----------------------
Number of threads: 8 * 1   (id: pbs_debug, time_info v1.57)
Info: (*N*) indicates data that was populated from previously saved time_info database
Info: CPU time includes time of parent + longest thread
PBS_TechMap-Premap HBO Optimizations - Elapsed_Time 0, CPU_Time 1.0
stamp 'PBS_TechMap-Premap HBO Optimizations' being created for table 'pbs_debug'

  Total Time (Wall) |  Stage Time (Wall)  |   % (Wall)   |    Date - Time     |  Memory   | Stage
--------------------+---------------------+--------------+--------------------+-----------+----------------------
 00:00:30(00:04:01) |  00:00:00(00:00:00) |   0.0(  0.0) |   14:27:38 (Nov28) |  512.6 MB | PBS_Generic-Start
--------------------+---------------------+--------------+--------------------+-----------+----------------------
 00:04:05(00:07:35) |  00:03:35(00:03:34) |  98.2( 98.6) |   14:31:12 (Nov28) |   1.02 GB | PBS_Generic_Opt-Post
--------------------+---------------------+--------------+--------------------+-----------+----------------------
 00:04:06(00:07:35) |  00:00:01(00:00:00) |   0.5(  0.0) |   14:31:12 (Nov28) |   1.02 GB | PBS_Generic-Postgen HBO Optimizations
--------------------+---------------------+--------------+--------------------+-----------+----------------------
 00:04:08(00:07:38) |  00:00:02(00:00:03) |   0.9(  1.4) |   14:31:15 (Nov28) |  995.5 MB | PBS_TechMap-Start
--------------------+---------------------+--------------+--------------------+-----------+----------------------
 00:04:09(00:07:38) |  00:00:01(00:00:00) |   0.5(  0.0) |   14:31:15 (Nov28) |  995.5 MB | PBS_TechMap-Premap HBO Optimizations
--------------------+---------------------+--------------+--------------------+-----------+----------------------
Number of threads: 8 * 1   (id: pbs_debug, time_info v1.57)
Info: (*N*) indicates data that was populated from previously saved time_info database
Info: CPU time includes time of parent + longest thread
Info    : Partition Based Synthesis execution skipped. [PHYS-752]
        : Design size is less than the partition size '100000' for distributed mapping optimization to kick in.
Current PLE settings:

Aspect ratio        : 1.000
Shrink factor       : 1.000
Scale of res/length : 1.000
Scale of cap/length : 1.000
Net derating factor : 1.000
Thermal factor      : 1.000
Via Resistance      : 6.600 ohm (from qrc_tech_file)
Site size           : 1.910 um (from lef [tech+cell])

                                   Capacitance  
  Layer                             / Length         Data source:
Name        Direction Utilization  (pF/micron)       qrc_tech_file
------------------------------------------------
METAL_1         H         0.00        0.000210  
METAL_2         V         1.00        0.000174  
METAL_3         H         1.00        0.000174  
METAL_4         V         1.00        0.000174  
METAL_5         H         1.00        0.000174  
METAL_6         V         1.00        0.000174  
METAL_7         H         1.00        0.000175  
METAL_8         V         1.00        0.000176  
METAL_9         H         1.00        0.001240  
METAL_10        V         1.00        0.000529  
METAL_11        H         1.00        0.000686  

                                    Resistance   
  Layer                              / Length         Data source:
Name        Direction Utilization  (ohm/micron)       qrc_tech_file
-------------------------------------------------
METAL_1         H         0.00         1.226667  
METAL_2         V         1.00         0.755000  
METAL_3         H         1.00         0.755000  
METAL_4         V         1.00         0.755000  
METAL_5         H         1.00         0.755000  
METAL_6         V         1.00         0.755000  
METAL_7         H         1.00         0.755000  
METAL_8         V         1.00         0.267500  
METAL_9         H         1.00         0.267500  
METAL_10        V         1.00         0.097273  
METAL_11        H         1.00         0.095455  

                                        Area     
  Layer                               / Length        Data source:
Name        Direction Utilization     (micron)        lef_library
-------------------------------------------------
Metal1          H         0.00         0.060000  
Metal2          V         1.00         0.080000  
Metal3          H         1.00         0.080000  
Metal4          V         1.00         0.080000  
Metal5          H         1.00         0.080000  
Metal6          V         1.00         0.080000  
Metal7          H         1.00         0.080000  
Metal8          V         1.00         0.080000  
Metal9          H         1.00         0.080000  
Metal10         V         1.00         0.220000  
Metal11         H         1.00         0.220000  

Warning : Total power has skewed contributions from leakage and dynamic power. [POPT-502]
        : With 'opt_leakage_to_dynamic_ratio' set to 0, the total power of 'NAND2XL' is being computed as:
	  Total Power = (Leakage Power * 0) + (Dynamic Power * (1 - 0))
	  Leakage Power:     0.0935110000 nW
	  Dynamic Power:   472.3632260000 nW
	  Total Power:     472.3632260000 nW
	  Leakage Power is contributing 0% to the Total Power.
Mapper: Libraries have:
	domain _default_: 324 combo usable cells and 128 sequential usable cells
Info    : Attempting to launch a super-threading server. [ST-120]
        : Attempting to Launch server 1 of 8.
        : The tool is entering super-threading mode and is launching a CPU server process.  This is enabled by the root attribute 'super_thread_servers' or 'auto_super_thread'.
Info    : Connection established with super-threading server. [ST-110]
        : The server 'localhost_1_0' is process '526224' on this host.
        : The tool is entering super-threading mode and has established a connection with a CPU server process.  This is enabled by the root attributes 'super_thread_servers' or 'auto_super_thread'.
                  Library loading done successfully on server 'localhost_1_0'.
Info    : Connection established with super-threading server. [ST-110]
        : The server 'localhost_1_1' is forked process '526554' on this host.
Info    : Connection established with super-threading server. [ST-110]
        : The server 'localhost_1_2' is forked process '526556' on this host.
Info    : Connection established with super-threading server. [ST-110]
        : The server 'localhost_1_3' is forked process '526558' on this host.
Info    : Connection established with super-threading server. [ST-110]
        : The server 'localhost_1_4' is forked process '526560' on this host.
Info    : Connection established with super-threading server. [ST-110]
        : The server 'localhost_1_5' is forked process '526562' on this host.
Info    : Connection established with super-threading server. [ST-110]
        : The server 'localhost_1_6' is forked process '526565' on this host.
Info    : Connection established with super-threading server. [ST-110]
        : The server 'localhost_1_7' is forked process '526567' on this host.
Uniquify design for activity based dynamic power optimization.
Computing dynamic power activities for use in dynamic power optimization.
Info   : ACTP-0001 [ACTPInfo] Activity propagation started for stim#0 netlist
       : picorv32_wb
Info   : ACTP-0009 [ACTPInfo] Activity Propagation Progress Report :   0%   1%   2%   3%   4%   5%   6%   7%   8%   9%  10%  11%  12%  13%  14%  15%  16%  17%  18%  19%  20%  21%  22%  23%  24%  25%  26%  27%  28%  29%  30%  31%  32%  33%  34%  35%  36%  37%  38%  39%  40%  41%  42%  43%  44%  45%  46%  47%  48%  49%  50%  51%  52%  53%  54%  55%  56%  57%  58%  59%  60%  61%  62%  63%  64%  65%  66%  67%  68%  69%  70%  71%  72%  73%  74%  75%  76%  77%  78%  79%  80%  81%  82%  83%  84%  85%  86%  87%  88%  89%  90%  91%  92%  93%  94%  95%  96%  97%  98%  99% 100%
Info   : ACTP-0001 Activity propagation ended for stim#0
Computing dynamic power activities on modules for use in dynamic power optimization.
Multi-threaded Virtual Mapping    (4 threads per ST process, 4 of 4 CPUs usable)
        Distributing super-thread jobs: mult_signed arith_shift_right_vlog_signed_690_rtlopto_model_90 shift_left_vlog_unsigned_1244 cb_seq_4022 add_unsigned_carry add_unsigned_1082_6_1118 increment_unsigned_303_1126 increment_unsigned_303_1126_1039 add_unsigned_1082_6_1117 leq_unsigned_rtlopto_model_1638 lt_signed_rtlopto_model_1127 lt_unsigned_rtlopto_model_1128 sub_unsigned_1036 sub_unsigned_1038
          Sending 'mult_signed' to server 'localhost_1_7'...
            Sent 'mult_signed' to server 'localhost_1_7'.
          Sending 'arith_shift_right_vlog_signed_690_rtlopto_model_90' to server 'localhost_1_3'...
            Sent 'arith_shift_right_vlog_signed_690_rtlopto_model_90' to server 'localhost_1_3'.
          Sending 'shift_left_vlog_unsigned_1244' to server 'localhost_1_0'...
            Sent 'shift_left_vlog_unsigned_1244' to server 'localhost_1_0'.
          Sending 'cb_seq_4022' to server 'localhost_1_6'...
            Sent 'cb_seq_4022' to server 'localhost_1_6'.
          Sending 'add_unsigned_carry' to server 'localhost_1_5'...
            Sent 'add_unsigned_carry' to server 'localhost_1_5'.
          Sending 'add_unsigned_1082_6_1118' to server 'localhost_1_2'...
            Sent 'add_unsigned_1082_6_1118' to server 'localhost_1_2'.
          Sending 'increment_unsigned_303_1126' to server 'localhost_1_4'...
            Sent 'increment_unsigned_303_1126' to server 'localhost_1_4'.
          Sending 'increment_unsigned_303_1126_1039' to server 'localhost_1_1'...
            Sent 'increment_unsigned_303_1126_1039' to server 'localhost_1_1'.
          Received 'shift_left_vlog_unsigned_1244' from server 'localhost_1_0'. (1383 ms elapsed)
          Sending 'add_unsigned_1082_6_1117' to server 'localhost_1_0'...
            Sent 'add_unsigned_1082_6_1117' to server 'localhost_1_0'.
          Received 'add_unsigned_1082_6_1118' from server 'localhost_1_2'. (1816 ms elapsed)
          Sending 'leq_unsigned_rtlopto_model_1638' to server 'localhost_1_2'...
            Sent 'leq_unsigned_rtlopto_model_1638' to server 'localhost_1_2'.
          Received 'add_unsigned_carry' from server 'localhost_1_5'. (1885 ms elapsed)
          Sending 'lt_signed_rtlopto_model_1127' to server 'localhost_1_5'...
            Sent 'lt_signed_rtlopto_model_1127' to server 'localhost_1_5'.
          Received 'add_unsigned_1082_6_1117' from server 'localhost_1_0'. (610 ms elapsed)
          Sending 'lt_unsigned_rtlopto_model_1128' to server 'localhost_1_0'...
            Sent 'lt_unsigned_rtlopto_model_1128' to server 'localhost_1_0'.
          Received 'lt_signed_rtlopto_model_1127' from server 'localhost_1_5'. (478 ms elapsed)
          Sending 'sub_unsigned_1036' to server 'localhost_1_5'...
            Sent 'sub_unsigned_1036' to server 'localhost_1_5'.
          Received 'increment_unsigned_303_1126_1039' from server 'localhost_1_1'. (2256 ms elapsed)
          Sending 'sub_unsigned_1038' to server 'localhost_1_1'...
            Sent 'sub_unsigned_1038' to server 'localhost_1_1'.
          Received 'increment_unsigned_303_1126' from server 'localhost_1_4'. (2348 ms elapsed)
          Received 'cb_seq_4022' from server 'localhost_1_6'. (2435 ms elapsed)
          Received 'arith_shift_right_vlog_signed_690_rtlopto_model_90' from server 'localhost_1_3'. (2487 ms elapsed)
          Received 'leq_unsigned_rtlopto_model_1638' from server 'localhost_1_2'. (631 ms elapsed)
          Received 'lt_unsigned_rtlopto_model_1128' from server 'localhost_1_0'. (197 ms elapsed)
          Received 'sub_unsigned_1036' from server 'localhost_1_5'. (191 ms elapsed)
          Received 'sub_unsigned_1038' from server 'localhost_1_1'. (173 ms elapsed)
          Received 'mult_signed' from server 'localhost_1_7'. (6175 ms elapsed)
        Distributing super-thread jobs: cb_part_4026 cb_part_4028
          Sending 'cb_part_4026' to server 'localhost_1_7'...
            Sent 'cb_part_4026' to server 'localhost_1_7'.
          Sending 'cb_part_4028' to server 'localhost_1_3'...
            Sent 'cb_part_4028' to server 'localhost_1_3'.
          Received 'cb_part_4028' from server 'localhost_1_3'. (641 ms elapsed)
          Received 'cb_part_4026' from server 'localhost_1_7'. (1721 ms elapsed)
        Distributing super-thread jobs: add_unsigned_1082_6 sub_unsigned_982_1
          Sending 'add_unsigned_1082_6' to server 'localhost_1_7'...
            Sent 'add_unsigned_1082_6' to server 'localhost_1_7'.
          Sending 'sub_unsigned_982_1' to server 'localhost_1_3'...
            Sent 'sub_unsigned_982_1' to server 'localhost_1_3'.
          Received 'add_unsigned_1082_6' from server 'localhost_1_7'. (361 ms elapsed)
          Received 'sub_unsigned_982_1' from server 'localhost_1_3'. (382 ms elapsed)
        Distributing super-thread jobs: cb_seq_4020 cb_seq
          Sending 'cb_seq_4020' to server 'localhost_1_7'...
            Sent 'cb_seq_4020' to server 'localhost_1_7'.
          Sending 'cb_seq' to server 'localhost_1_3'...
            Sent 'cb_seq' to server 'localhost_1_3'.
          Received 'cb_seq' from server 'localhost_1_3'. (2494 ms elapsed)
          Received 'cb_seq_4020' from server 'localhost_1_7'. (25905 ms elapsed)
 
Global mapping target info
==========================
Cost Group 'clk' target slack:   119 ps
Target path end-point (Pin: picorv32_core/genblk1.pcpi_mul_rd_reg[63]/d)

Multi-threaded Technology Mapping (4 threads per ST process, 4 of 4 CPUs usable)
        Distributing super-thread jobs: cb_seq_4020 cb_seq
          Sending 'cb_seq_4020' to server 'localhost_1_7'...
            Sent 'cb_seq_4020' to server 'localhost_1_7'.
          Sending 'cb_seq' to server 'localhost_1_3'...
            Sent 'cb_seq' to server 'localhost_1_3'.
          Received 'cb_seq' from server 'localhost_1_3'. (3668 ms elapsed)
          Received 'cb_seq_4020' from server 'localhost_1_7'. (43593 ms elapsed)
Info   : ACTP-0001 [ACTPInfo] Activity propagation started for stim#0 netlist
       : cb_seq_4020
Info   : ACTP-0009 [ACTPInfo] Activity Propagation Progress Report :   0%   1%   2%   3%   4%   5%   6%   7%   8%   9%  10%  11%  12%  13%  14%  15%  16%  17%  18%  19%  20%  21%  22%  23%  24%  25%  26%  27%  28%  29%  30%  31%  32%  33%  34%  35%  36%  37%  38%  39%  40%  41%  42%  43%  44%  45%  46%  47%  48%  49%  50%  51%  52%  53%  54%  55%  56%  57%  58%  59%  60%  61%  62%  63%  64%  65%  66%  67%  68%  69%  70%  71%  72%  73%  74%  75%  76%  77%  78%  79%  80%  81%  82%  83%  84%  85%  86%  87%  88%  89%  90%  91%  92%  93%  94%  95%  96%  97%  98%  99% 100%
Info   : ACTP-0001 Activity propagation ended for stim#0
Info   : ACTP-0001 [ACTPInfo] Activity propagation started for stim#0 netlist
       : cb_seq
Info   : ACTP-0009 [ACTPInfo] Activity Propagation Progress Report :   0%   1%   2%   3%   4%   5%   6%   7%   8%   9%  10%  11%  12%  13%  14%  15%  16%  17%  18%  19%  20%  21%  22%  23%  24%  25%  26%  27%  28%  29%  30%  31%  32%  33%  34%  35%  36%  37%  38%  39%  40%  41%  42%  43%  44%  45%  46%  47%  48%  49%  50%  51%  52%  53%  54%  55%  56%  57%  58%  59%  60%  61%  62%  63%  64%  65%  66%  67%  68%  69%  70%  71%  72%  73%  74%  75%  76%  77%  78%  79%  80%  81%  82%  83%  84%  85%  86%  87%  88%  89%  90%  91%  92%  93%  94%  95%  96%  97%  98%  99% 100%
Info   : ACTP-0001 Activity propagation ended for stim#0
        Distributing super-thread jobs: add_unsigned_1082_6 sub_unsigned_982_1
          Sending 'add_unsigned_1082_6' to server 'localhost_1_7'...
            Sent 'add_unsigned_1082_6' to server 'localhost_1_7'.
          Sending 'sub_unsigned_982_1' to server 'localhost_1_3'...
            Sent 'sub_unsigned_982_1' to server 'localhost_1_3'.
          Received 'add_unsigned_1082_6' from server 'localhost_1_7'. (1835 ms elapsed)
          Received 'sub_unsigned_982_1' from server 'localhost_1_3'. (2483 ms elapsed)
Uninitialized primary driver in case of PBS partition AP...
Uninitialized primary driver in case of PBS partition AP...
Uninitialized primary driver in case of PBS partition AP...
Uninitialized primary driver in case of PBS partition AP...
Uninitialized primary driver in case of PBS partition AP...
Uninitialized primary driver in case of PBS partition AP...
Uninitialized primary driver in case of PBS partition AP...
Uninitialized primary driver in case of PBS partition AP...
Uninitialized primary driver in case of PBS partition AP...
Uninitialized primary driver in case of PBS partition AP...
Uninitialized primary driver in case of PBS partition AP...
Uninitialized primary driver in case of PBS partition AP...
Uninitialized primary driver in case of PBS partition AP...
Uninitialized primary driver in case of PBS partition AP...
Uninitialized primary driver in case of PBS partition AP...
Uninitialized primary driver in case of PBS partition AP...
Uninitialized primary driver in case of PBS partition AP...
Info   : ACTP-0001 Activity propagation started for stim#0 netlist
       : add_unsigned_1082_6
Info   : ACTP-0009 [ACTPInfo] Activity Propagation Progress Report :   0%   1%   2%   3%   4%   5%   6%   7%   8%   9%  10%  11%  12%  13%  14%  15%  16%  17%  18%  19%  20%  21%  22%  23%  24%  25%  26%  27%  28%  29%  30%  31%  32%  33%  34%  35%  36%  37%  38%  39%  40%  41%  42%  43%  44%  45%  46%  47%  48%  49%  50%  51%  52%  53%  54%  55%  56%  57%  58%  59%  60%  61%  62%  63%  64%  65%  66%  67%  68%  69%  70%  71%  72%  73%  74%  75%  76%  77%  78%  79%  80%  81%  82%  83%  84%  85%  86%  87%  88%  89%  90%  91%  92%  93%  94%  95%  96%  97%  98%  99% 100%
Info   : ACTP-0001 Activity propagation ended for stim#0
Info   : ACTP-0001 Activity propagation started for stim#0 netlist
       : sub_unsigned_982_1
Info   : ACTP-0009 [ACTPInfo] Activity Propagation Progress Report :   0%   1%   2%   3%   4%   5%   6%   7%   8%   9%  10%  11%  12%  13%  14%  15%  16%  17%  18%  19%  20%  21%  22%  23%  24%  25%  26%  27%  28%  29%  30%  31%  32%  33%  34%  35%  36%  37%  38%  39%  40%  41%  42%  43%  44%  45%  46%  47%  48%  49%  50%  51%  52%  53%  54%  55%  56%  57%  58%  59%  60%  61%  62%  63%  64%  65%  66%  67%  68%  69%  70%  71%  72%  73%  74%  75%  76%  77%  78%  79%  80%  81%  82%  83%  84%  85%  86%  87%  88%  89%  90%  91%  92%  93%  94%  95%  96%  97%  98%  99% 100%
Info   : ACTP-0001 Activity propagation ended for stim#0
        Distributing super-thread jobs: cb_part_4026 cb_part_4028
          Sending 'cb_part_4026' to server 'localhost_1_7'...
            Sent 'cb_part_4026' to server 'localhost_1_7'.
          Sending 'cb_part_4028' to server 'localhost_1_3'...
            Sent 'cb_part_4028' to server 'localhost_1_3'.
          Received 'cb_part_4028' from server 'localhost_1_3'. (1195 ms elapsed)
          Received 'cb_part_4026' from server 'localhost_1_7'. (2521 ms elapsed)
Info   : ACTP-0001 Activity propagation started for stim#0 netlist cb_part_4026
Info   : ACTP-0009 [ACTPInfo] Activity Propagation Progress Report :   0%   1%   2%   3%   4%   5%   6%   7%   8%   9%  10%  11%  12%  13%  14%  15%  16%  17%  18%  19%  20%  21%  22%  23%  24%  25%  26%  27%  28%  29%  30%  31%  32%  33%  34%  35%  36%  37%  38%  39%  40%  41%  42%  43%  44%  45%  46%  47%  48%  49%  50%  51%  52%  53%  54%  55%  56%  57%  58%  59%  60%  61%  62%  63%  64%  65%  66%  67%  68%  69%  70%  71%  72%  73%  74%  75%  76%  77%  78%  79%  80%  81%  82%  83%  84%  85%  86%  87%  88%  89%  90%  91%  92%  93%  94%  95%  96%  97%  98%  99% 100%
Info   : ACTP-0001 Activity propagation ended for stim#0
Info   : ACTP-0001 Activity propagation started for stim#0 netlist cb_part_4028
Info   : ACTP-0009 [ACTPInfo] Activity Propagation Progress Report :   0%   1%   2%   3%   4%   5%   6%   7%   8%   9%  10%  11%  12%  13%  14%  15%  16%  17%  18%  19%  20%  21%  22%  23%  24%  25%  26%  27%  28%  29%  30%  31%  32%  33%  34%  35%  36%  37%  38%  39%  40%  41%  42%  43%  44%  45%  46%  47%  48%  49%  50%  51%  52%  53%  54%  55%  56%  57%  58%  59%  60%  61%  62%  63%  64%  65%  66%  67%  68%  69%  70%  71%  72%  73%  74%  75%  76%  77%  78%  79%  80%  81%  82%  83%  84%  85%  86%  87%  88%  89%  90%  91%  92%  93%  94%  95%  96%  97%  98%  99% 100%
Info   : ACTP-0001 Activity propagation ended for stim#0
        Distributing super-thread jobs: cb_seq_4022
          Sending 'cb_seq_4022' to server 'localhost_1_7'...
            Sent 'cb_seq_4022' to server 'localhost_1_7'.
          Received 'cb_seq_4022' from server 'localhost_1_7'. (1248 ms elapsed)
Info   : ACTP-0001 Activity propagation started for stim#0 netlist cb_seq_4022
Info   : ACTP-0009 [ACTPInfo] Activity Propagation Progress Report :   0%   1%   2%   3%   4%   5%   6%   7%   8%   9%  10%  11%  12%  13%  14%  15%  16%  17%  18%  19%  20%  21%  22%  23%  24%  25%  26%  27%  28%  29%  30%  31%  32%  33%  34%  35%  36%  37%  38%  39%  40%  41%  42%  43%  44%  45%  46%  47%  48%  49%  50%  51%  52%  53%  54%  55%  56%  57%  58%  59%  60%  61%  62%  63%  64%  65%  66%  67%  68%  69%  70%  71%  72%  73%  74%  75%  76%  77%  78%  79%  80%  81%  82%  83%  84%  85%  86%  87%  88%  89%  90%  91%  92%  93%  94%  95%  96%  97%  98%  99% 100%
Info   : ACTP-0001 Activity propagation ended for stim#0
        Distributing super-thread jobs: mult_signed arith_shift_right_vlog_signed_690_rtlopto_model_90 shift_left_vlog_unsigned_1244 add_unsigned_carry add_unsigned_1082_6_1118 increment_unsigned_303_1126 increment_unsigned_303_1126_1039 add_unsigned_1082_6_1117 leq_unsigned_rtlopto_model_1638 lt_signed_rtlopto_model_1127 lt_unsigned_rtlopto_model_1128 sub_unsigned_1036 sub_unsigned_1038
          Sending 'mult_signed' to server 'localhost_1_7'...
            Sent 'mult_signed' to server 'localhost_1_7'.
          Sending 'arith_shift_right_vlog_signed_690_rtlopto_model_90' to server 'localhost_1_3'...
            Sent 'arith_shift_right_vlog_signed_690_rtlopto_model_90' to server 'localhost_1_3'.
          Sending 'shift_left_vlog_unsigned_1244' to server 'localhost_1_0'...
            Sent 'shift_left_vlog_unsigned_1244' to server 'localhost_1_0'.
          Sending 'add_unsigned_carry' to server 'localhost_1_6'...
            Sent 'add_unsigned_carry' to server 'localhost_1_6'.
          Sending 'add_unsigned_1082_6_1118' to server 'localhost_1_5'...
            Sent 'add_unsigned_1082_6_1118' to server 'localhost_1_5'.
          Sending 'increment_unsigned_303_1126' to server 'localhost_1_2'...
            Sent 'increment_unsigned_303_1126' to server 'localhost_1_2'.
          Sending 'increment_unsigned_303_1126_1039' to server 'localhost_1_4'...
            Sent 'increment_unsigned_303_1126_1039' to server 'localhost_1_4'.
          Sending 'add_unsigned_1082_6_1117' to server 'localhost_1_1'...
            Sent 'add_unsigned_1082_6_1117' to server 'localhost_1_1'.
          Received 'add_unsigned_1082_6_1118' from server 'localhost_1_5'. (2201 ms elapsed)
          Sending 'leq_unsigned_rtlopto_model_1638' to server 'localhost_1_5'...
            Sent 'leq_unsigned_rtlopto_model_1638' to server 'localhost_1_5'.
          Received 'add_unsigned_carry' from server 'localhost_1_6'. (4340 ms elapsed)
          Sending 'lt_signed_rtlopto_model_1127' to server 'localhost_1_6'...
            Sent 'lt_signed_rtlopto_model_1127' to server 'localhost_1_6'.
          Received 'leq_unsigned_rtlopto_model_1638' from server 'localhost_1_5'. (2209 ms elapsed)
          Sending 'lt_unsigned_rtlopto_model_1128' to server 'localhost_1_5'...
            Sent 'lt_unsigned_rtlopto_model_1128' to server 'localhost_1_5'.
          Received 'arith_shift_right_vlog_signed_690_rtlopto_model_90' from server 'localhost_1_3'. (5061 ms elapsed)
          Sending 'sub_unsigned_1036' to server 'localhost_1_3'...
            Sent 'sub_unsigned_1036' to server 'localhost_1_3'.
          Received 'shift_left_vlog_unsigned_1244' from server 'localhost_1_0'. (5225 ms elapsed)
          Sending 'sub_unsigned_1038' to server 'localhost_1_0'...
            Sent 'sub_unsigned_1038' to server 'localhost_1_0'.
          Received 'increment_unsigned_303_1126' from server 'localhost_1_2'. (5590 ms elapsed)
          Received 'lt_unsigned_rtlopto_model_1128' from server 'localhost_1_5'. (1958 ms elapsed)
          Received 'lt_signed_rtlopto_model_1127' from server 'localhost_1_6'. (2100 ms elapsed)
          Received 'increment_unsigned_303_1126_1039' from server 'localhost_1_4'. (6449 ms elapsed)
          Received 'add_unsigned_1082_6_1117' from server 'localhost_1_1'. (6477 ms elapsed)
          Received 'sub_unsigned_1038' from server 'localhost_1_0'. (1697 ms elapsed)
          Received 'sub_unsigned_1036' from server 'localhost_1_3'. (2304 ms elapsed)
          Received 'mult_signed' from server 'localhost_1_7'. (50449 ms elapsed)
Info   : ACTP-0001 Activity propagation started for stim#0 netlist mult_signed
Info   : ACTP-0009 [ACTPInfo] Activity Propagation Progress Report :   0%   1%   2%   3%   4%   5%   6%   7%   8%   9%  10%  11%  12%  13%  14%  15%  16%  17%  18%  19%  20%  21%  22%  23%  24%  25%  26%  27%  28%  29%  30%  31%  32%  33%  34%  35%  36%  37%  38%  39%  40%  41%  42%  43%  44%  45%  46%  47%  48%  49%  50%  51%  52%  53%  54%  55%  56%  57%  58%  59%  60%  61%  62%  63%  64%  65%  66%  67%  68%  69%  70%  71%  72%  73%  74%  75%  76%  77%  78%  79%  80%  81%  82%  83%  84%  85%  86%  87%  88%  89%  90%  91%  92%  93%  94%  95%  96%  97%  98%  99% 100%
Info   : ACTP-0001 Activity propagation ended for stim#0
Info   : ACTP-0001 Activity propagation started for stim#0 netlist
       : arith_shift_right_vlog_signed_690_rtlopto_model_90
Info   : ACTP-0009 [ACTPInfo] Activity Propagation Progress Report :   0%   1%   2%   3%   4%   5%   6%   7%   8%   9%  10%  11%  12%  13%  14%  15%  16%  17%  18%  19%  20%  21%  22%  23%  24%  25%  26%  27%  28%  29%  30%  31%  32%  33%  34%  35%  36%  37%  38%  39%  40%  41%  42%  43%  44%  45%  46%  47%  48%  49%  50%  51%  52%  53%  54%  55%  56%  57%  58%  59%  60%  61%  62%  63%  64%  65%  66%  67%  68%  69%  70%  71%  72%  73%  74%  75%  76%  77%  78%  79%  80%  81%  82%  83%  84%  85%  86%  87%  88%  89%  90%  91%  92%  93%  94%  95%  96%  97%  98%  99% 100%
Info   : ACTP-0001 Activity propagation ended for stim#0
Info   : ACTP-0001 [ACTPInfo] Activity propagation started for stim#0 netlist
       : shift_left_vlog_unsigned_1244
Info   : ACTP-0009 [ACTPInfo] Activity Propagation Progress Report :   0%   1%   2%   3%   4%   5%   6%   7%   8%   9%  10%  11%  12%  13%  14%  15%  16%  17%  18%  19%  20%  21%  22%  23%  24%  25%  26%  27%  28%  29%  30%  31%  32%  33%  34%  35%  36%  37%  38%  39%  40%  41%  42%  43%  44%  45%  46%  47%  48%  49%  50%  51%  52%  53%  54%  55%  56%  57%  58%  59%  60%  61%  62%  63%  64%  65%  66%  67%  68%  69%  70%  71%  72%  73%  74%  75%  76%  77%  78%  79%  80%  81%  82%  83%  84%  85%  86%  87%  88%  89%  90%  91%  92%  93%  94%  95%  96%  97%  98%  99% 100%
Info   : ACTP-0001 Activity propagation ended for stim#0
Info   : ACTP-0001 [ACTPInfo] Activity propagation started for stim#0 netlist
       : add_unsigned_carry
Info   : ACTP-0009 [ACTPInfo] Activity Propagation Progress Report :   0%   1%   2%   3%   4%   5%   6%   7%   8%   9%  10%  11%  12%  13%  14%  15%  16%  17%  18%  19%  20%  21%  22%  23%  24%  25%  26%  27%  28%  29%  30%  31%  32%  33%  34%  35%  36%  37%  38%  39%  40%  41%  42%  43%  44%  45%  46%  47%  48%  49%  50%  51%  52%  53%  54%  55%  56%  57%  58%  59%  60%  61%  62%  63%  64%  65%  66%  67%  68%  69%  70%  71%  72%  73%  74%  75%  76%  77%  78%  79%  80%  81%  82%  83%  84%  85%  86%  87%  88%  89%  90%  91%  92%  93%  94%  95%  96%  97%  98%  99% 100%
Info   : ACTP-0001 Activity propagation ended for stim#0
Info   : ACTP-0001 [ACTPInfo] Activity propagation started for stim#0 netlist
       : add_unsigned_1082_6_1118
Info   : ACTP-0009 [ACTPInfo] Activity Propagation Progress Report :   0%   1%   2%   3%   4%   5%   6%   7%   8%   9%  10%  11%  12%  13%  14%  15%  16%  17%  18%  19%  20%  21%  22%  23%  24%  25%  26%  27%  28%  29%  30%  31%  32%  33%  34%  35%  36%  37%  38%  39%  40%  41%  42%  43%  44%  45%  46%  47%  48%  49%  50%  51%  52%  53%  54%  55%  56%  57%  58%  59%  60%  61%  62%  63%  64%  65%  66%  67%  68%  69%  70%  71%  72%  73%  74%  75%  76%  77%  78%  79%  80%  81%  82%  83%  84%  85%  86%  87%  88%  89%  90%  91%  92%  93%  94%  95%  96%  97%  98%  99% 100%
Info   : ACTP-0001 Activity propagation ended for stim#0
Info   : ACTP-0001 [ACTPInfo] Activity propagation started for stim#0 netlist
       : increment_unsigned_303_1126
Info   : ACTP-0009 [ACTPInfo] Activity Propagation Progress Report :   0%   1%   2%   3%   4%   5%   6%   7%   8%   9%  10%  11%  12%  13%  14%  15%  16%  17%  18%  19%  20%  21%  22%  23%  24%  25%  26%  27%  28%  29%  30%  31%  32%  33%  34%  35%  36%  37%  38%  39%  40%  41%  42%  43%  44%  45%  46%  47%  48%  49%  50%  51%  52%  53%  54%  55%  56%  57%  58%  59%  60%  61%  62%  63%  64%  65%  66%  67%  68%  69%  70%  71%  72%  73%  74%  75%  76%  77%  78%  79%  80%  81%  82%  83%  84%  85%  86%  87%  88%  89%  90%  91%  92%  93%  94%  95%  96%  97%  98%  99% 100%
Info   : ACTP-0001 Activity propagation ended for stim#0
Info   : ACTP-0001 [ACTPInfo] Activity propagation started for stim#0 netlist
       : increment_unsigned_303_1126_1039
Info   : ACTP-0009 [ACTPInfo] Activity Propagation Progress Report :   0%   1%   2%   3%   4%   5%   6%   7%   8%   9%  10%  11%  12%  13%  14%  15%  16%  17%  18%  19%  20%  21%  22%  23%  24%  25%  26%  27%  28%  29%  30%  31%  32%  33%  34%  35%  36%  37%  38%  39%  40%  41%  42%  43%  44%  45%  46%  47%  48%  49%  50%  51%  52%  53%  54%  55%  56%  57%  58%  59%  60%  61%  62%  63%  64%  65%  66%  67%  68%  69%  70%  71%  72%  73%  74%  75%  76%  77%  78%  79%  80%  81%  82%  83%  84%  85%  86%  87%  88%  89%  90%  91%  92%  93%  94%  95%  96%  97%  98%  99% 100%
Info   : ACTP-0001 Activity propagation ended for stim#0
Info   : ACTP-0001 [ACTPInfo] Activity propagation started for stim#0 netlist
       : add_unsigned_1082_6_1117
Info   : ACTP-0009 [ACTPInfo] Activity Propagation Progress Report :   0%   1%   2%   3%   4%   5%   6%   7%   8%   9%  10%  11%  12%  13%  14%  15%  16%  17%  18%  19%  20%  21%  22%  23%  24%  25%  26%  27%  28%  29%  30%  31%  32%  33%  34%  35%  36%  37%  38%  39%  40%  41%  42%  43%  44%  45%  46%  47%  48%  49%  50%  51%  52%  53%  54%  55%  56%  57%  58%  59%  60%  61%  62%  63%  64%  65%  66%  67%  68%  69%  70%  71%  72%  73%  74%  75%  76%  77%  78%  79%  80%  81%  82%  83%  84%  85%  86%  87%  88%  89%  90%  91%  92%  93%  94%  95%  96%  97%  98%  99% 100%
Info   : ACTP-0001 Activity propagation ended for stim#0
Info   : ACTP-0001 Activity propagation started for stim#0 netlist
       : leq_unsigned_rtlopto_model_1638
Info   : ACTP-0009 [ACTPInfo] Activity Propagation Progress Report :   0%   1%   2%   3%   4%   5%   6%   7%   8%   9%  10%  11%  12%  13%  14%  15%  16%  17%  18%  19%  20%  21%  22%  23%  24%  25%  26%  27%  28%  29%  30%  31%  32%  33%  34%  35%  36%  37%  38%  39%  40%  41%  42%  43%  44%  45%  46%  47%  48%  49%  50%  51%  52%  53%  54%  55%  56%  57%  58%  59%  60%  61%  62%  63%  64%  65%  66%  67%  68%  69%  70%  71%  72%  73%  74%  75%  76%  77%  78%  79%  80%  81%  82%  83%  84%  85%  86%  87%  88%  89%  90%  91%  92%  93%  94%  95%  96%  97%  98%  99% 100%
Info   : ACTP-0001 Activity propagation ended for stim#0
Info   : ACTP-0001 Activity propagation started for stim#0 netlist
       : lt_signed_rtlopto_model_1127
Info   : ACTP-0009 [ACTPInfo] Activity Propagation Progress Report :   0%   1%   2%   3%   4%   5%   6%   7%   8%   9%  10%  11%  12%  13%  14%  15%  16%  17%  18%  19%  20%  21%  22%  23%  24%  25%  26%  27%  28%  29%  30%  31%  32%  33%  34%  35%  36%  37%  38%  39%  40%  41%  42%  43%  44%  45%  46%  47%  48%  49%  50%  51%  52%  53%  54%  55%  56%  57%  58%  59%  60%  61%  62%  63%  64%  65%  66%  67%  68%  69%  70%  71%  72%  73%  74%  75%  76%  77%  78%  79%  80%  81%  82%  83%  84%  85%  86%  87%  88%  89%  90%  91%  92%  93%  94%  95%  96%  97%  98%  99% 100%
Info   : ACTP-0001 Activity propagation ended for stim#0
Info   : ACTP-0001 Activity propagation started for stim#0 netlist
       : lt_unsigned_rtlopto_model_1128
Info   : ACTP-0009 [ACTPInfo] Activity Propagation Progress Report :   0%   1%   2%   3%   4%   5%   6%   7%   8%   9%  10%  11%  12%  13%  14%  15%  16%  17%  18%  19%  20%  21%  22%  23%  24%  25%  26%  27%  28%  29%  30%  31%  32%  33%  34%  35%  36%  37%  38%  39%  40%  41%  42%  43%  44%  45%  46%  47%  48%  49%  50%  51%  52%  53%  54%  55%  56%  57%  58%  59%  60%  61%  62%  63%  64%  65%  66%  67%  68%  69%  70%  71%  72%  73%  74%  75%  76%  77%  78%  79%  80%  81%  82%  83%  84%  85%  86%  87%  88%  89%  90%  91%  92%  93%  94%  95%  96%  97%  98%  99% 100%
Info   : ACTP-0001 Activity propagation ended for stim#0
Info   : ACTP-0001 Activity propagation started for stim#0 netlist
       : sub_unsigned_1036
Info   : ACTP-0009 [ACTPInfo] Activity Propagation Progress Report :   0%   1%   2%   3%   4%   5%   6%   7%   8%   9%  10%  11%  12%  13%  14%  15%  16%  17%  18%  19%  20%  21%  22%  23%  24%  25%  26%  27%  28%  29%  30%  31%  32%  33%  34%  35%  36%  37%  38%  39%  40%  41%  42%  43%  44%  45%  46%  47%  48%  49%  50%  51%  52%  53%  54%  55%  56%  57%  58%  59%  60%  61%  62%  63%  64%  65%  66%  67%  68%  69%  70%  71%  72%  73%  74%  75%  76%  77%  78%  79%  80%  81%  82%  83%  84%  85%  86%  87%  88%  89%  90%  91%  92%  93%  94%  95%  96%  97%  98%  99% 100%
Info   : ACTP-0001 Activity propagation ended for stim#0
Info   : ACTP-0001 Activity propagation started for stim#0 netlist
       : sub_unsigned_1038
Info   : ACTP-0009 [ACTPInfo] Activity Propagation Progress Report :   0%   1%   2%   3%   4%   5%   6%   7%   8%   9%  10%  11%  12%  13%  14%  15%  16%  17%  18%  19%  20%  21%  22%  23%  24%  25%  26%  27%  28%  29%  30%  31%  32%  33%  34%  35%  36%  37%  38%  39%  40%  41%  42%  43%  44%  45%  46%  47%  48%  49%  50%  51%  52%  53%  54%  55%  56%  57%  58%  59%  60%  61%  62%  63%  64%  65%  66%  67%  68%  69%  70%  71%  72%  73%  74%  75%  76%  77%  78%  79%  80%  81%  82%  83%  84%  85%  86%  87%  88%  89%  90%  91%  92%  93%  94%  95%  96%  97%  98%  99% 100%
Info   : ACTP-0001 Activity propagation ended for stim#0
        Distributing super-thread jobs: cb_part_4027
          Sending 'cb_part_4027' to server 'localhost_1_7'...
            Sent 'cb_part_4027' to server 'localhost_1_7'.
          Received 'cb_part_4027' from server 'localhost_1_7'. (447 ms elapsed)
Info   : ACTP-0001 Activity propagation started for stim#0 netlist cb_part_4027
Info   : ACTP-0009 [ACTPInfo] Activity Propagation Progress Report :   0%   1%   2%   3%   4%   5%   6%   7%   8%   9%  10%  11%  12%  13%  14%  15%  16%  17%  18%  19%  20%  21%  22%  23%  24%  25%  26%  27%  28%  29%  30%  31%  32%  33%  34%  35%  36%  37%  38%  39%  40%  41%  42%  43%  44%  45%  46%  47%  48%  49%  50%  51%  52%  53%  54%  55%  56%  57%  58%  59%  60%  61%  62%  63%  64%  65%  66%  67%  68%  69%  70%  71%  72%  73%  74%  75%  76%  77%  78%  79%  80%  81%  82%  83%  84%  85%  86%  87%  88%  89%  90%  91%  92%  93%  94%  95%  96%  97%  98%  99% 100%
Info   : ACTP-0001 Activity propagation ended for stim#0
Info   : ACTP-0001 Activity propagation started for stim#0 netlist picorv32_wb
Info   : ACTP-0009 [ACTPInfo] Activity Propagation Progress Report : 100%
Info   : ACTP-0001 Activity propagation ended for stim#0
 
Global mapping status
=====================
                                   Group   
                                  Tot Wrst 
                           Total  Weighted 
Operation                   Area   Slacks  
 global_map                53099        0 

    Cost Group            Target    Slack    Diff.  Constr.
-----------------------------------------------------------
           clk               119     1188              4000 

Computing dynamic power activities for use in dynamic power optimization.
Info   : ACTP-0001 Activity propagation started for stim#0 netlist picorv32_wb
Info   : ACTP-0009 [ACTPInfo] Activity Propagation Progress Report :   0%   1%   2%   3%   4%   5%   6%   7%   8%   9%  10%  11%  12%  13%  14%  15%  16%  17%  18%  19%  20%  21%  22%  23%  24%  25%  26%  27%  28%  29%  30%  31%  32%  33%  34%  35%  36%  37%  38%  39%  40%  41%  42%  43%  44%  45%  46%  47%  48%  49%  50%  51%  52%  53%  54%  55%  56%  57%  58%  59%  60%  61%  62%  63%  64%  65%  66%  67%  68%  69%  70%  71%  72%  73%  74%  75%  76%  77%  78%  79%  80%  81%  82%  83%  84%  85%  86%  87%  88%  89%  90%  91%  92%  93%  94%  95%  96%  97%  98%  99% 100%
Info   : ACTP-0001 Activity propagation ended for stim#0
 
Global incremental target info
==============================
Cost Group 'clk' target slack:    79 ps
Target path end-point (Pin: picorv32_core/genblk1.pcpi_mul_rd_reg[63]/D (DFFQXL/D))

              Distributing super-thread jobs: cb_seq_4020
                Sending 'cb_seq_4020' to server 'localhost_1_7'...
                  Sent 'cb_seq_4020' to server 'localhost_1_7'.
                Received 'cb_seq_4020' from server 'localhost_1_7'. (20619 ms elapsed)
              Distributing super-thread jobs: cb_part_4026
                Sending 'cb_part_4026' to server 'localhost_1_7'...
                  Sent 'cb_part_4026' to server 'localhost_1_7'.
                Received 'cb_part_4026' from server 'localhost_1_7'. (845 ms elapsed)
              Distributing super-thread jobs: cb_seq cb_seq_4022
                Sending 'cb_seq' to server 'localhost_1_7'...
                  Sent 'cb_seq' to server 'localhost_1_7'.
                Sending 'cb_seq_4022' to server 'localhost_1_3'...
                  Sent 'cb_seq_4022' to server 'localhost_1_3'.
                Received 'cb_seq' from server 'localhost_1_7'. (1175 ms elapsed)
                Received 'cb_seq_4022' from server 'localhost_1_3'. (1397 ms elapsed)
              Distributing super-thread jobs: mult_signed
                Sending 'mult_signed' to server 'localhost_1_7'...
                  Sent 'mult_signed' to server 'localhost_1_7'.
                Received 'mult_signed' from server 'localhost_1_7'. (8929 ms elapsed)
==================================
Stage : global_incr_map 
==================================
  =================
   Message Summary
  =================
------------------------------------------------------------
|    Id    |  Sev   |Count |         Message Text          |
------------------------------------------------------------
| LBR-155  |Info    |  264 |Mismatch in unateness between  |
|          |        |      | 'timing_sense' attribute and  |
|          |        |      | the function.                 |
|          |        |      |The 'timing_sense' attribute   |
|          |        |      | will be respected.            |
| PA-7     |Info    |   42 |Resetting power analysis       |
|          |        |      | results.                      |
|          |        |      |All computed switching         |
|          |        |      | activities are removed.       |
| PHYS-752 |Info    |    1 |Partition Based Synthesis      |
|          |        |      | execution skipped.            |
| POPT-502 |Warning |    2 |Total power has skewed         |
|          |        |      | contributions from leakage    |
|          |        |      | and dynamic power.            |
|          |        |      |Dynamic power is typically     |
|          |        |      | calculated/specified for some |
|          |        |      | 'active period'. For          |
|          |        |      | combination of leakage and    |
|          |        |      | dynamic power                 |
|          |        |      | opt_leakage_to_dynamic_ratio  |
|          |        |      | must specify the percentage   |
|          |        |      | of overall time for which the |
|          |        |      | design is not in the 'active  |
|          |        |      | period' but in 'idle mode',   |
|          |        |      | i.e. no dynamic power but     |
|          |        |      | only leakage power is         |
|          |        |      | consumed. For a reasonable    |
|          |        |      | optimization across dynamic   |
|          |        |      | and leakage power, leakage    |
|          |        |      | contribution is expected to   |
|          |        |      | be above 5% and below 95%. A  |
|          |        |      | contribution of less than 5%  |
|          |        |      | will result in limited        |
|          |        |      | leakage optimization and      |
|          |        |      | contribution of more than 95% |
|          |        |      | will result in limited        |
|          |        |      | dynamic optimization. Adjust  |
|          |        |      | 'opt_leakage_to_dynamic_ratio |
|          |        |      | ' so that leakage             |
|          |        |      | contribution comes to an      |
|          |        |      | intermediate value if you     |
|          |        |      | intend both optimizations to  |
|          |        |      | occur.                        |
| ST-110   |Info    |    8 |Connection established with    |
|          |        |      | super-threading server.       |
|          |        |      |The tool is entering           |
|          |        |      | super-threading mode and has  |
|          |        |      | established a connection with |
|          |        |      | a CPU server process.  This   |
|          |        |      | is enabled by the root        |
|          |        |      | attributes                    |
|          |        |      | 'super_thread_servers' or     |
|          |        |      | 'auto_super_thread'.          |
| ST-120   |Info    |    1 |Attempting to launch a         |
|          |        |      | super-threading server.       |
|          |        |      |The tool is entering           |
|          |        |      | super-threading mode and is   |
|          |        |      | launching a CPU server        |
|          |        |      | process.  This is enabled by  |
|          |        |      | the root attribute            |
|          |        |      | 'super_thread_servers' or     |
|          |        |      | 'auto_super_thread'.          |
| ST-128   |Info    |    2 |Super thread servers are       |
|          |        |      | launched successfully.        |
| SYNTH-2  |Info    |    1 |Done synthesizing.             |
| SYNTH-4  |Info    |    1 |Mapping.                       |
------------------------------------------------------------
 
Global incremental optimization status
======================================
                                   Group   
                                  Tot Wrst 
                           Total  Weighted 
Operation                   Area   Slacks  
 global_incr               50752        0 

    Cost Group            Target    Slack    Diff.  Constr.
-----------------------------------------------------------
           clk                79     1011              4000 


+-----------+-----------------+-----+----------------------+---------------------------+
|   Host    |     Machine     | CPU | Physical Memory (MB) | Peak Physical Memory (MB) |
+-----------+-----------------+-----+----------------------+---------------------------+
| localhost | cn92.it.auth.gr |  8  |        1582.2        |          1584.1           |
+-----------+-----------------+-----+----------------------+---------------------------+

+---------------+----------------------+---------------------------+
|    Server     | Physical Memory (MB) | Peak Physical Memory (MB) |
+---------------+----------------------+---------------------------+
| localhost_1_1 |       69.2 [1]       |          [1] [2]          |
| localhost_1_0 |      682.4 [3]       |         684.7 [3]         |
| localhost_1_3 |       84.6 [1]       |          [1] [2]          |
| localhost_1_7 |      145.1 [1]       |          [1] [2]          |
| localhost_1_2 |       69.1 [1]       |          [1] [2]          |
| localhost_1_4 |       68.9 [1]       |          [1] [2]          |
| localhost_1_5 |       70.3 [1]       |          [1] [2]          |
| localhost_1_6 |       71.4 [1]       |          [1] [2]          |
+---------------+----------------------+---------------------------+
[1] Memory is included in parent localhost_1_0.
[2] Peak physical memory is not available for forked background servers.
[3] Memory of child processes is included.


State Retention Synthesis Status
================================

Category                        Flops   Percentage
--------------------------------------------------
Total instances                  2399        100.0
Excluded from State Retention    2399        100.0
    - Will not convert           2399        100.0
      - Preserved                   0          0.0
      - Power intent excluded    2399        100.0
    - Could not convert             0          0.0
      - Scan type                   0          0.0
      - No suitable cell            0          0.0
State Retention instances           0          0.0
--------------------------------------------------

INFO: skipping constant propagation
PBS_Techmap-Global Mapping - Elapsed_Time 231, CPU_Time 205.59915
stamp 'PBS_Techmap-Global Mapping' being created for table 'pbs_debug'

  Total Time (Wall) |  Stage Time (Wall)  |   % (Wall)   |    Date - Time     |  Memory   | Stage
--------------------+---------------------+--------------+--------------------+-----------+----------------------
 00:00:30(00:04:01) |  00:00:00(00:00:00) |   0.0(  0.0) |   14:27:38 (Nov28) |  512.6 MB | PBS_Generic-Start
--------------------+---------------------+--------------+--------------------+-----------+----------------------
 00:04:05(00:07:35) |  00:03:35(00:03:34) |  50.7( 47.8) |   14:31:12 (Nov28) |   1.02 GB | PBS_Generic_Opt-Post
--------------------+---------------------+--------------+--------------------+-----------+----------------------
 00:04:06(00:07:35) |  00:00:01(00:00:00) |   0.2(  0.0) |   14:31:12 (Nov28) |   1.02 GB | PBS_Generic-Postgen HBO Optimizations
--------------------+---------------------+--------------+--------------------+-----------+----------------------
 00:04:08(00:07:38) |  00:00:02(00:00:03) |   0.5(  0.7) |   14:31:15 (Nov28) |  995.5 MB | PBS_TechMap-Start
--------------------+---------------------+--------------+--------------------+-----------+----------------------
 00:04:09(00:07:38) |  00:00:01(00:00:00) |   0.2(  0.0) |   14:31:15 (Nov28) |  995.5 MB | PBS_TechMap-Premap HBO Optimizations
--------------------+---------------------+--------------+--------------------+-----------+----------------------
 00:07:35(00:11:29) |  00:03:25(00:03:51) |  48.4( 51.6) |   14:35:06 (Nov28) |   1.30 GB | PBS_Techmap-Global Mapping
--------------------+---------------------+--------------+--------------------+-----------+----------------------
Number of threads: 8 * 1   (id: pbs_debug, time_info v1.57)
Info: (*N*) indicates data that was populated from previously saved time_info database
Info: CPU time includes time of parent + longest thread
Warning : Command 'commit_power_intent' cannot proceed as there is no power intent loaded. [CPI-506]
        : Command 'commit_power_intent' requires a valid power_intent to be loaded.
Info    : Wrote formal verification information. [CFM-5]
        : Wrote 'fv/picorv32_wb/fv_map.fv.json' for netlist 'fv/picorv32_wb/fv_map.v.gz'.
Info    : Wrote dofile. [CFM-1]
        : Dofile is 'fv/picorv32_wb/rtl_to_fv_map.do'.
        : Alias mapping flow is enabled.
PBS_TechMap-Datapath Postmap Operations - Elapsed_Time 5, CPU_Time 4.843568000000005
stamp 'PBS_TechMap-Datapath Postmap Operations' being created for table 'pbs_debug'

  Total Time (Wall) |  Stage Time (Wall)  |   % (Wall)   |    Date - Time     |  Memory   | Stage
--------------------+---------------------+--------------+--------------------+-----------+----------------------
 00:00:30(00:04:01) |  00:00:00(00:00:00) |   0.0(  0.0) |   14:27:38 (Nov28) |  512.6 MB | PBS_Generic-Start
--------------------+---------------------+--------------+--------------------+-----------+----------------------
 00:04:05(00:07:35) |  00:03:35(00:03:34) |  50.1( 47.2) |   14:31:12 (Nov28) |   1.02 GB | PBS_Generic_Opt-Post
--------------------+---------------------+--------------+--------------------+-----------+----------------------
 00:04:06(00:07:35) |  00:00:01(00:00:00) |   0.2(  0.0) |   14:31:12 (Nov28) |   1.02 GB | PBS_Generic-Postgen HBO Optimizations
--------------------+---------------------+--------------+--------------------+-----------+----------------------
 00:04:08(00:07:38) |  00:00:02(00:00:03) |   0.5(  0.7) |   14:31:15 (Nov28) |  995.5 MB | PBS_TechMap-Start
--------------------+---------------------+--------------+--------------------+-----------+----------------------
 00:04:09(00:07:38) |  00:00:01(00:00:00) |   0.2(  0.0) |   14:31:15 (Nov28) |  995.5 MB | PBS_TechMap-Premap HBO Optimizations
--------------------+---------------------+--------------+--------------------+-----------+----------------------
 00:07:35(00:11:29) |  00:03:25(00:03:51) |  47.8( 51.0) |   14:35:06 (Nov28) |   1.30 GB | PBS_Techmap-Global Mapping
--------------------+---------------------+--------------+--------------------+-----------+----------------------
 00:07:40(00:11:34) |  00:00:04(00:00:05) |   1.1(  1.1) |   14:35:11 (Nov28) |   1.30 GB | PBS_TechMap-Datapath Postmap Operations
--------------------+---------------------+--------------+--------------------+-----------+----------------------
Number of threads: 8 * 1   (id: pbs_debug, time_info v1.57)
Info: (*N*) indicates data that was populated from previously saved time_info database
Info: CPU time includes time of parent + longest thread
PBS_TechMap-Postmap HBO Optimizations - Elapsed_Time 0, CPU_Time 0.8476689999999962
stamp 'PBS_TechMap-Postmap HBO Optimizations' being created for table 'pbs_debug'

  Total Time (Wall) |  Stage Time (Wall)  |   % (Wall)   |    Date - Time     |  Memory   | Stage
--------------------+---------------------+--------------+--------------------+-----------+----------------------
 00:00:30(00:04:01) |  00:00:00(00:00:00) |   0.0(  0.0) |   14:27:38 (Nov28) |  512.6 MB | PBS_Generic-Start
--------------------+---------------------+--------------+--------------------+-----------+----------------------
 00:04:05(00:07:35) |  00:03:35(00:03:34) |  50.0( 47.2) |   14:31:12 (Nov28) |   1.02 GB | PBS_Generic_Opt-Post
--------------------+---------------------+--------------+--------------------+-----------+----------------------
 00:04:06(00:07:35) |  00:00:01(00:00:00) |   0.2(  0.0) |   14:31:12 (Nov28) |   1.02 GB | PBS_Generic-Postgen HBO Optimizations
--------------------+---------------------+--------------+--------------------+-----------+----------------------
 00:04:08(00:07:38) |  00:00:02(00:00:03) |   0.5(  0.7) |   14:31:15 (Nov28) |  995.5 MB | PBS_TechMap-Start
--------------------+---------------------+--------------+--------------------+-----------+----------------------
 00:04:09(00:07:38) |  00:00:01(00:00:00) |   0.2(  0.0) |   14:31:15 (Nov28) |  995.5 MB | PBS_TechMap-Premap HBO Optimizations
--------------------+---------------------+--------------+--------------------+-----------+----------------------
 00:07:35(00:11:29) |  00:03:25(00:03:51) |  47.7( 51.0) |   14:35:06 (Nov28) |   1.30 GB | PBS_Techmap-Global Mapping
--------------------+---------------------+--------------+--------------------+-----------+----------------------
 00:07:40(00:11:34) |  00:00:04(00:00:05) |   1.1(  1.1) |   14:35:11 (Nov28) |   1.30 GB | PBS_TechMap-Datapath Postmap Operations
--------------------+---------------------+--------------+--------------------+-----------+----------------------
 00:07:40(00:11:34) |  00:00:00(00:00:00) |   0.2(  0.0) |   14:35:11 (Nov28) |   1.30 GB | PBS_TechMap-Postmap HBO Optimizations
--------------------+---------------------+--------------+--------------------+-----------+----------------------
Number of threads: 8 * 1   (id: pbs_debug, time_info v1.57)
Info: (*N*) indicates data that was populated from previously saved time_info database
Info: CPU time includes time of parent + longest thread
 Doing ConstProp on design:picorv32_wb ... 

Time taken by ConstProp Step: 00:00:02
PBS_TechMap-Postmap Clock Gating - Elapsed_Time 2, CPU_Time 1.0
stamp 'PBS_TechMap-Postmap Clock Gating' being created for table 'pbs_debug'

  Total Time (Wall) |  Stage Time (Wall)  |   % (Wall)   |    Date - Time     |  Memory   | Stage
--------------------+---------------------+--------------+--------------------+-----------+----------------------
 00:00:30(00:04:01) |  00:00:00(00:00:00) |   0.0(  0.0) |   14:27:38 (Nov28) |  512.6 MB | PBS_Generic-Start
--------------------+---------------------+--------------+--------------------+-----------+----------------------
 00:04:05(00:07:35) |  00:03:35(00:03:34) |  49.9( 47.0) |   14:31:12 (Nov28) |   1.02 GB | PBS_Generic_Opt-Post
--------------------+---------------------+--------------+--------------------+-----------+----------------------
 00:04:06(00:07:35) |  00:00:01(00:00:00) |   0.2(  0.0) |   14:31:12 (Nov28) |   1.02 GB | PBS_Generic-Postgen HBO Optimizations
--------------------+---------------------+--------------+--------------------+-----------+----------------------
 00:04:08(00:07:38) |  00:00:02(00:00:03) |   0.5(  0.7) |   14:31:15 (Nov28) |  995.5 MB | PBS_TechMap-Start
--------------------+---------------------+--------------+--------------------+-----------+----------------------
 00:04:09(00:07:38) |  00:00:01(00:00:00) |   0.2(  0.0) |   14:31:15 (Nov28) |  995.5 MB | PBS_TechMap-Premap HBO Optimizations
--------------------+---------------------+--------------+--------------------+-----------+----------------------
 00:07:35(00:11:29) |  00:03:25(00:03:51) |  47.6( 50.8) |   14:35:06 (Nov28) |   1.30 GB | PBS_Techmap-Global Mapping
--------------------+---------------------+--------------+--------------------+-----------+----------------------
 00:07:40(00:11:34) |  00:00:04(00:00:05) |   1.1(  1.1) |   14:35:11 (Nov28) |   1.30 GB | PBS_TechMap-Datapath Postmap Operations
--------------------+---------------------+--------------+--------------------+-----------+----------------------
 00:07:40(00:11:34) |  00:00:00(00:00:00) |   0.2(  0.0) |   14:35:11 (Nov28) |   1.30 GB | PBS_TechMap-Postmap HBO Optimizations
--------------------+---------------------+--------------+--------------------+-----------+----------------------
 00:07:41(00:11:36) |  00:00:01(00:00:02) |   0.2(  0.4) |   14:35:13 (Nov28) |   1.30 GB | PBS_TechMap-Postmap Clock Gating
--------------------+---------------------+--------------+--------------------+-----------+----------------------
Number of threads: 8 * 1   (id: pbs_debug, time_info v1.57)
Info: (*N*) indicates data that was populated from previously saved time_info database
Info: CPU time includes time of parent + longest thread
-------------------------------------------------------------------------------
 hi_fo_buf                 50744        0         0         0        0

           Trick     Calls     Accepts   Attempts    Time(secs) 
-----------------------------------------------------------
       hi_fo_buf         0  (        0 /        0 )  0.00

 
Incremental optimization status
===============================
                                   Group   
                                  Tot Wrst     Total - - DRC Totals - -
                           Total  Weighted      Neg      Max       Max     Dynamic 
Operation                   Area   Slacks      Slack    Trans      Cap       Power   
 init_delay                50744        0         0         0        0    8387251 

           Trick     Calls     Accepts   Attempts    Time(secs) 
-----------------------------------------------------------
       crit_upsz         0  (        0 /        0 )  0.00
    plc_bal_star         0  (        0 /        0 )  0.00
     drc_buftimb         0  (        0 /        0 )  0.00
          plc_st         0  (        0 /        0 )  0.00
    plc_st_fence         0  (        0 /        0 )  0.00
        plc_star         0  (        0 /        0 )  0.00
      plc_laf_st         0  (        0 /        0 )  0.00
 plc_laf_st_fence         0  (        0 /        0 )  0.00
     drc_buftims         0  (        0 /        0 )  0.00
            fopt         0  (        0 /        0 )  0.00
   plc_laf_lo_st         0  (        0 /        0 )  0.00
       plc_lo_st         0  (        0 /        0 )  0.00
        mb_split         0  (        0 /        0 )  0.00

 
Local TNS optimization status
=============================
                                   Group   
                                  Tot Wrst     Total - - DRC Totals - -
                           Total  Weighted      Neg      Max       Max     Dynamic 
Operation                   Area   Slacks      Slack    Trans      Cap       Power   
 init_tns                  50744        0         0         0        0    8387251 

           Trick     Calls     Accepts   Attempts    Time(secs) 
-----------------------------------------------------------
    plc_bal_star         0  (        0 /        0 )  0.00
     drc_buftimb         0  (        0 /        0 )  0.00
     drc_buftims         0  (        0 /        0 )  0.00
       crit_upsz         0  (        0 /        0 )  0.00
   plc_laf_lo_st         0  (        0 /        0 )  0.00
       plc_lo_st         0  (        0 /        0 )  0.00
            fopt         0  (        0 /        0 )  0.00
       crit_dnsz         0  (        0 /        0 )  0.00
             dup         0  (        0 /        0 )  0.00
        setup_dn         0  (        0 /        0 )  0.00
        mb_split         0  (        0 /        0 )  0.00

PBS_TechMap-Postmap Cleanup - Elapsed_Time 1, CPU_Time 1.8568290000000047
stamp 'PBS_TechMap-Postmap Cleanup' being created for table 'pbs_debug'

  Total Time (Wall) |  Stage Time (Wall)  |   % (Wall)   |    Date - Time     |  Memory   | Stage
--------------------+---------------------+--------------+--------------------+-----------+----------------------
 00:00:30(00:04:01) |  00:00:00(00:00:00) |   0.0(  0.0) |   14:27:38 (Nov28) |  512.6 MB | PBS_Generic-Start
--------------------+---------------------+--------------+--------------------+-----------+----------------------
 00:04:05(00:07:35) |  00:03:35(00:03:34) |  49.7( 46.9) |   14:31:12 (Nov28) |   1.02 GB | PBS_Generic_Opt-Post
--------------------+---------------------+--------------+--------------------+-----------+----------------------
 00:04:06(00:07:35) |  00:00:01(00:00:00) |   0.2(  0.0) |   14:31:12 (Nov28) |   1.02 GB | PBS_Generic-Postgen HBO Optimizations
--------------------+---------------------+--------------+--------------------+-----------+----------------------
 00:04:08(00:07:38) |  00:00:02(00:00:03) |   0.5(  0.7) |   14:31:15 (Nov28) |  995.5 MB | PBS_TechMap-Start
--------------------+---------------------+--------------+--------------------+-----------+----------------------
 00:04:09(00:07:38) |  00:00:01(00:00:00) |   0.2(  0.0) |   14:31:15 (Nov28) |  995.5 MB | PBS_TechMap-Premap HBO Optimizations
--------------------+---------------------+--------------+--------------------+-----------+----------------------
 00:07:35(00:11:29) |  00:03:25(00:03:51) |  47.4( 50.7) |   14:35:06 (Nov28) |   1.30 GB | PBS_Techmap-Global Mapping
--------------------+---------------------+--------------+--------------------+-----------+----------------------
 00:07:40(00:11:34) |  00:00:04(00:00:05) |   1.1(  1.1) |   14:35:11 (Nov28) |   1.30 GB | PBS_TechMap-Datapath Postmap Operations
--------------------+---------------------+--------------+--------------------+-----------+----------------------
 00:07:40(00:11:34) |  00:00:00(00:00:00) |   0.2(  0.0) |   14:35:11 (Nov28) |   1.30 GB | PBS_TechMap-Postmap HBO Optimizations
--------------------+---------------------+--------------+--------------------+-----------+----------------------
 00:07:41(00:11:36) |  00:00:01(00:00:02) |   0.2(  0.4) |   14:35:13 (Nov28) |   1.30 GB | PBS_TechMap-Postmap Clock Gating
--------------------+---------------------+--------------+--------------------+-----------+----------------------
 00:07:43(00:11:37) |  00:00:01(00:00:01) |   0.4(  0.2) |   14:35:14 (Nov28) |   1.30 GB | PBS_TechMap-Postmap Cleanup
--------------------+---------------------+--------------+--------------------+-----------+----------------------
Number of threads: 8 * 1   (id: pbs_debug, time_info v1.57)
Info: (*N*) indicates data that was populated from previously saved time_info database
Info: CPU time includes time of parent + longest thread
PBS_Techmap-Post_MBCI - Elapsed_Time 0, CPU_Time 0.0
stamp 'PBS_Techmap-Post_MBCI' being created for table 'pbs_debug'

  Total Time (Wall) |  Stage Time (Wall)  |   % (Wall)   |    Date - Time     |  Memory   | Stage
--------------------+---------------------+--------------+--------------------+-----------+----------------------
 00:00:30(00:04:01) |  00:00:00(00:00:00) |   0.0(  0.0) |   14:27:38 (Nov28) |  512.6 MB | PBS_Generic-Start
--------------------+---------------------+--------------+--------------------+-----------+----------------------
 00:04:05(00:07:35) |  00:03:35(00:03:34) |  49.7( 46.9) |   14:31:12 (Nov28) |   1.02 GB | PBS_Generic_Opt-Post
--------------------+---------------------+--------------+--------------------+-----------+----------------------
 00:04:06(00:07:35) |  00:00:01(00:00:00) |   0.2(  0.0) |   14:31:12 (Nov28) |   1.02 GB | PBS_Generic-Postgen HBO Optimizations
--------------------+---------------------+--------------+--------------------+-----------+----------------------
 00:04:08(00:07:38) |  00:00:02(00:00:03) |   0.5(  0.7) |   14:31:15 (Nov28) |  995.5 MB | PBS_TechMap-Start
--------------------+---------------------+--------------+--------------------+-----------+----------------------
 00:04:09(00:07:38) |  00:00:01(00:00:00) |   0.2(  0.0) |   14:31:15 (Nov28) |  995.5 MB | PBS_TechMap-Premap HBO Optimizations
--------------------+---------------------+--------------+--------------------+-----------+----------------------
 00:07:35(00:11:29) |  00:03:25(00:03:51) |  47.4( 50.7) |   14:35:06 (Nov28) |   1.30 GB | PBS_Techmap-Global Mapping
--------------------+---------------------+--------------+--------------------+-----------+----------------------
 00:07:40(00:11:34) |  00:00:04(00:00:05) |   1.1(  1.1) |   14:35:11 (Nov28) |   1.30 GB | PBS_TechMap-Datapath Postmap Operations
--------------------+---------------------+--------------+--------------------+-----------+----------------------
 00:07:40(00:11:34) |  00:00:00(00:00:00) |   0.2(  0.0) |   14:35:11 (Nov28) |   1.30 GB | PBS_TechMap-Postmap HBO Optimizations
--------------------+---------------------+--------------+--------------------+-----------+----------------------
 00:07:41(00:11:36) |  00:00:01(00:00:02) |   0.2(  0.4) |   14:35:13 (Nov28) |   1.30 GB | PBS_TechMap-Postmap Clock Gating
--------------------+---------------------+--------------+--------------------+-----------+----------------------
 00:07:43(00:11:37) |  00:00:01(00:00:01) |   0.4(  0.2) |   14:35:14 (Nov28) |   1.30 GB | PBS_TechMap-Postmap Cleanup
--------------------+---------------------+--------------+--------------------+-----------+----------------------
 00:07:43(00:11:37) |  00:00:00(00:00:00) |   0.0(  0.0) |   14:35:14 (Nov28) |   1.30 GB | PBS_Techmap-Post_MBCI
--------------------+---------------------+--------------+--------------------+-----------+----------------------
Number of threads: 8 * 1   (id: pbs_debug, time_info v1.57)
Info: (*N*) indicates data that was populated from previously saved time_info database
Info: CPU time includes time of parent + longest thread
##>=================== Cadence Confidential (Mapping-Logical) ===================
##>Main Thread Summary:
##>----------------------------------------------------------------------------------------
##>STEP                           Elapsed       WNS       TNS     Insts      Area    Memory
##>----------------------------------------------------------------------------------------
##>M:Initial                            1         -         -     28535     92196       995
##>M:Pre Cleanup                        0         -         -     28535     92196       995
##>M:Setup                              0         -         -         -         -         -
##>M:Launch ST                          0         -         -         -         -         -
##>M:Design Partition                   0         -         -         -         -         -
##>M:Create Partition Netlists          0         -         -         -         -         -
##>M:Init Power                         0         -         -         -         -         -
##>M:Budgeting                          0         -         -         -         -         -
##>M:Derenv-DB                          0         -         -         -         -         -
##>M:Debug Outputs                      0         -         -         -         -         -
##>M:ST loading                         0         -         -         -         -         -
##>M:Distributed                        0         -         -         -         -         -
##>M:Timer                              0         -         -         -         -         -
##>M:Assembly                           0         -         -         -         -         -
##>M:DFT                                0         -         -         -         -         -
##>M:DP Operations                      5         -         -     11150     35375      1302
##>M:Const Prop                         0      1011         0     11150     35375      1302
##>M:Cleanup                            1      1011         0     11150     35369      1302
##>M:MBCI                               0         -         -     11150     35369      1302
##>M:Const Gate Removal                 0         -         -         -         -         -
##>M:Misc                             233
##>----------------------------------------------------------------------------------------
##>Total Elapsed                      240
##>========================================================================================

+-----------+-----------------+-----+----------------------+---------------------------+
|   Host    |     Machine     | CPU | Physical Memory (MB) | Peak Physical Memory (MB) |
+-----------+-----------------+-----+----------------------+---------------------------+
| localhost | cn92.it.auth.gr |  1  |        1302.7        |          1584.1           |
+-----------+-----------------+-----+----------------------+---------------------------+

+---------------+----------------------+---------------------------+
|    Server     | Physical Memory (MB) | Peak Physical Memory (MB) |
+---------------+----------------------+---------------------------+
| localhost_1_0 |        370.2         |           684.7           |
+---------------+----------------------+---------------------------+

Info    : Done mapping. [SYNTH-5]
        : Done mapping 'picorv32_wb'.
      flow.cputime  flow.realtime  timing.setup.tns  timing.setup.wns  snapshot
UM:*                                                                   syn_map
@genus:design:picorv32_wb 39> syn_opt
Current PLE settings:

Aspect ratio        : 1.000
Shrink factor       : 1.000
Scale of res/length : 1.000
Scale of cap/length : 1.000
Net derating factor : 1.000
Thermal factor      : 1.000
Via Resistance      : 6.600 ohm (from qrc_tech_file)
Site size           : 1.910 um (from lef [tech+cell])

                                   Capacitance  
  Layer                             / Length         Data source:
Name        Direction Utilization  (pF/micron)       qrc_tech_file
------------------------------------------------
METAL_1         H         0.00        0.000210  
METAL_2         V         1.00        0.000174  
METAL_3         H         1.00        0.000174  
METAL_4         V         1.00        0.000174  
METAL_5         H         1.00        0.000174  
METAL_6         V         1.00        0.000174  
METAL_7         H         1.00        0.000175  
METAL_8         V         1.00        0.000176  
METAL_9         H         1.00        0.001240  
METAL_10        V         1.00        0.000529  
METAL_11        H         1.00        0.000686  

                                    Resistance   
  Layer                              / Length         Data source:
Name        Direction Utilization  (ohm/micron)       qrc_tech_file
-------------------------------------------------
METAL_1         H         0.00         1.226667  
METAL_2         V         1.00         0.755000  
METAL_3         H         1.00         0.755000  
METAL_4         V         1.00         0.755000  
METAL_5         H         1.00         0.755000  
METAL_6         V         1.00         0.755000  
METAL_7         H         1.00         0.755000  
METAL_8         V         1.00         0.267500  
METAL_9         H         1.00         0.267500  
METAL_10        V         1.00         0.097273  
METAL_11        H         1.00         0.095455  

                                        Area     
  Layer                               / Length        Data source:
Name        Direction Utilization     (micron)        lef_library
-------------------------------------------------
Metal1          H         0.00         0.060000  
Metal2          V         1.00         0.080000  
Metal3          H         1.00         0.080000  
Metal4          V         1.00         0.080000  
Metal5          H         1.00         0.080000  
Metal6          V         1.00         0.080000  
Metal7          H         1.00         0.080000  
Metal8          V         1.00         0.080000  
Metal9          H         1.00         0.080000  
Metal10         V         1.00         0.220000  
Metal11         H         1.00         0.220000  

Info    : Incrementally optimizing. [SYNTH-7]
        : Incrementally optimizing 'picorv32_wb' using 'high' effort.
Info: adm_seq_power_effort_experimental for incremental opto
 
Incremental optimization status
===============================
                                   Group   
                                  Tot Wrst     Total - - DRC Totals - -
                           Total  Weighted      Neg      Max       Max     Dynamic 
Operation                   Area   Slacks      Slack    Trans      Cap       Power   
 init_iopt                 50744        0         0         0        0    8387251 
-------------------------------------------------------------------------------
 const_prop                50744        0         0         0        0    8387251 
 simp_cc_inputs            50743        0         0         0        0    8387081 
-------------------------------------------------------------------------------
 hi_fo_buf                 50743        0         0         0        0    8387081 

           Trick     Calls     Accepts   Attempts    Time(secs) 
-----------------------------------------------------------
       hi_fo_buf         0  (        0 /        0 )  0.00

 
Incremental optimization status
===============================
                                   Group   
                                  Tot Wrst     Total - - DRC Totals - -
                           Total  Weighted      Neg      Max       Max     Dynamic 
Operation                   Area   Slacks      Slack    Trans      Cap       Power   
 init_delay                50743        0         0         0        0    8387081 

           Trick     Calls     Accepts   Attempts    Time(secs) 
-----------------------------------------------------------
        crit_msz         0  (        0 /        0 )  0.00
       crit_upsz         0  (        0 /        0 )  0.00
       crit_slew         0  (        0 /        0 )  0.00
        setup_dn         0  (        0 /        0 )  0.00
    plc_bal_star         0  (        0 /        0 )  0.00
     drc_buftimb         0  (        0 /        0 )  0.00
          plc_st         0  (        0 /        0 )  0.00
    plc_st_fence         0  (        0 /        0 )  0.00
        plc_star         0  (        0 /        0 )  0.00
      plc_laf_st         0  (        0 /        0 )  0.00
 plc_laf_st_fence         0  (        0 /        0 )  0.00
     drc_buftims         0  (        0 /        0 )  0.00
   plc_laf_lo_st         0  (        0 /        0 )  0.00
       plc_lo_st         0  (        0 /        0 )  0.00
            fopt         0  (        0 /        0 )  0.00
       crit_swap         0  (        0 /        0 )  0.00
       mux2_swap         0  (        0 /        0 )  0.00
       crit_dnsz         0  (        0 /        0 )  0.00
       load_swap         0  (        0 /        0 )  0.00
            fopt         0  (        0 /        0 )  0.00
        setup_dn         0  (        0 /        0 )  0.00
       load_isol         0  (        0 /        0 )  0.00
       load_isol         0  (        0 /        0 )  0.00
        move_for         0  (        0 /        0 )  0.00
        move_for         0  (        0 /        0 )  0.00
          rem_bi         0  (        0 /        0 )  0.00
         offload         0  (        0 /        0 )  0.00
          rem_bi         0  (        0 /        0 )  0.00
         offload         0  (        0 /        0 )  0.00
           phase         0  (        0 /        0 )  0.00
        in_phase         0  (        0 /        0 )  0.00
       merge_bit         0  (        0 /        0 )  0.00
     merge_idrvr         0  (        0 /        0 )  0.00
     merge_iload         0  (        0 /        0 )  0.00
    merge_idload         0  (        0 /        0 )  0.00
      merge_drvr         0  (        0 /        0 )  0.00
      merge_load         0  (        0 /        0 )  0.00
          decomp         0  (        0 /        0 )  0.00
        p_decomp         0  (        0 /        0 )  0.00
        levelize         0  (        0 /        0 )  0.00
        mb_split         0  (        0 /        0 )  0.00
             dup         0  (        0 /        0 )  0.00
      mux_retime         0  (        0 /        0 )  0.00
         buf2inv         0  (        0 /        0 )  0.00
             exp         0  (        0 /        0 )  0.00
       gate_deco         0  (        0 /        0 )  0.00
       gcomp_tim         0  (        0 /        0 )  0.00
  inv_pair_2_buf         0  (        0 /        0 )  0.00


           Trick     Calls     Accepts   Attempts    Time(secs) 
-----------------------------------------------------------
         crr_220         0  (        0 /        0 )  0.00
        crr_glob         0  (        0 /        0 )  0.00
         crr_200         0  (        0 /        0 )  0.00
        crr_glob         0  (        0 /        0 )  0.00
         crr_300         0  (        0 /        0 )  0.00
        crr_glob         0  (        0 /        0 )  0.00
         crr_400         0  (        0 /        0 )  0.00
        crr_glob         0  (        0 /        0 )  0.00
         crr_111         0  (        0 /        0 )  0.00
        crr_glob         0  (        0 /        0 )  0.00
         crr_210         0  (        0 /        0 )  0.00
        crr_glob         0  (        0 /        0 )  0.00
         crr_110         0  (        0 /        0 )  0.00
        crr_glob         0  (        0 /        0 )  0.00
         crr_101         0  (        0 /        0 )  0.00
        crr_glob         0  (        0 /        0 )  0.00
         crr_201         0  (        0 /        0 )  0.00
        crr_glob         0  (        0 /        0 )  0.00
         crr_211         0  (        0 /        0 )  0.00
        crr_glob         0  (        0 /        0 )  0.00
        crit_msz         0  (        0 /        0 )  0.00
       crit_upsz         0  (        0 /        0 )  0.00
       crit_slew         0  (        0 /        0 )  0.00
        setup_dn         0  (        0 /        0 )  0.00
    plc_bal_star         0  (        0 /        0 )  0.00
     drc_buftimb         0  (        0 /        0 )  0.00
          plc_st         0  (        0 /        0 )  0.00
    plc_st_fence         0  (        0 /        0 )  0.00
        plc_star         0  (        0 /        0 )  0.00
      plc_laf_st         0  (        0 /        0 )  0.00
 plc_laf_st_fence         0  (        0 /        0 )  0.00
     drc_buftims         0  (        0 /        0 )  0.00
       plc_lo_st         0  (        0 /        0 )  0.00
            fopt         0  (        0 /        0 )  0.00
       crit_swap         0  (        0 /        0 )  0.00
       mux2_swap         0  (        0 /        0 )  0.00
       crit_dnsz         0  (        0 /        0 )  0.00
       load_swap         0  (        0 /        0 )  0.00
            fopt         0  (        0 /        0 )  0.00
        setup_dn         0  (        0 /        0 )  0.00
       load_isol         0  (        0 /        0 )  0.00
       load_isol         0  (        0 /        0 )  0.00
        move_for         0  (        0 /        0 )  0.00
        move_for         0  (        0 /        0 )  0.00
          rem_bi         0  (        0 /        0 )  0.00
         offload         0  (        0 /        0 )  0.00
          rem_bi         0  (        0 /        0 )  0.00
         offload         0  (        0 /        0 )  0.00
       merge_bit         0  (        0 /        0 )  0.00
     merge_idrvr         0  (        0 /        0 )  0.00
     merge_iload         0  (        0 /        0 )  0.00
    merge_idload         0  (        0 /        0 )  0.00
      merge_drvr         0  (        0 /        0 )  0.00
      merge_load         0  (        0 /        0 )  0.00
           phase         0  (        0 /        0 )  0.00
          decomp         0  (        0 /        0 )  0.00
        p_decomp         0  (        0 /        0 )  0.00
        levelize         0  (        0 /        0 )  0.00
        mb_split         0  (        0 /        0 )  0.00
        in_phase         0  (        0 /        0 )  0.00
             dup         0  (        0 /        0 )  0.00
      mux_retime         0  (        0 /        0 )  0.00
         buf2inv         0  (        0 /        0 )  0.00
             exp         0  (        0 /        0 )  0.00
       gate_deco         0  (        0 /        0 )  0.00
       gcomp_tim         0  (        0 /        0 )  0.00
  inv_pair_2_buf         0  (        0 /        0 )  0.00
 init_drc                  50743        0         0         0        0    8387081 

           Trick     Calls     Accepts   Attempts    Time(secs) 
-----------------------------------------------------------
          plc_st         0  (        0 /        0 )  0.00
        plc_star         0  (        0 /        0 )  0.00
        drc_bufs         0  (        0 /        0 )  0.00
        drc_fopt         0  (        0 /        0 )  0.00
        drc_bufb         0  (        0 /        0 )  0.00
      simple_buf         0  (        0 /        0 )  0.00
             dup         0  (        0 /        0 )  0.00
       crit_dnsz         0  (        0 /        0 )  0.00
       crit_upsz         0  (        0 /        0 )  0.00
       crit_slew         0  (        0 /        0 )  0.00


           Trick     Calls     Accepts   Attempts    Time(secs) 
-----------------------------------------------------------
          plc_st         0  (        0 /        0 )  0.00
        plc_star         0  (        0 /        0 )  0.00
      drc_buf_sp         0  (        0 /        0 )  0.00
        drc_bufs         0  (        0 /        0 )  0.00
        drc_fopt         0  (        0 /        0 )  0.00
        drc_bufb         0  (        0 /        0 )  0.00
      simple_buf         0  (        0 /        0 )  0.00
             dup         0  (        0 /        0 )  0.00
       crit_dnsz         0  (        0 /        0 )  0.00
       crit_upsz         0  (        0 /        0 )  0.00


           Trick     Calls     Accepts   Attempts    Time(secs) 
-----------------------------------------------------------
          plc_st         0  (        0 /        0 )  0.00
        plc_star         0  (        0 /        0 )  0.00
      drc_buf_sp         0  (        0 /        0 )  0.00
        drc_bufs         0  (        0 /        0 )  0.00
        drc_fopt         0  (        0 /        0 )  0.00
        drc_bufb         0  (        0 /        0 )  0.00
             dup         0  (        0 /        0 )  0.00
       crit_dnsz         0  (        0 /        0 )  0.00
       crit_upsz         0  (        0 /        0 )  0.00

 init_tns                  50743        0         0         0        0    8387081 

           Trick     Calls     Accepts   Attempts    Time(secs) 
-----------------------------------------------------------
            fopt         0  (        0 /        0 )  0.00
    plc_bal_star         0  (        0 /        0 )  0.00
     drc_buftimb         0  (        0 /        0 )  0.00
     drc_buftims         0  (        0 /        0 )  0.00
        crit_msz         0  (        0 /        0 )  0.00
       crit_upsz         0  (        0 /        0 )  0.00
   plc_laf_lo_st         0  (        0 /        0 )  0.00
       plc_lo_st         0  (        0 /        0 )  0.00
       crit_swap         0  (        0 /        0 )  0.00
       mux2_swap         0  (        0 /        0 )  0.00
       crit_dnsz         0  (        0 /        0 )  0.00
       load_swap         0  (        0 /        0 )  0.00
            fopt         0  (        0 /        0 )  0.00
        setup_dn         0  (        0 /        0 )  0.00
       load_isol         0  (        0 /        0 )  0.00
       load_isol         0  (        0 /        0 )  0.00
        move_for         0  (        0 /        0 )  0.00
        move_for         0  (        0 /        0 )  0.00
          rem_bi         0  (        0 /        0 )  0.00
         offload         0  (        0 /        0 )  0.00
          rem_bi         0  (        0 /        0 )  0.00
         offload         0  (        0 /        0 )  0.00
       merge_bit         0  (        0 /        0 )  0.00
     merge_idrvr         0  (        0 /        0 )  0.00
     merge_iload         0  (        0 /        0 )  0.00
    merge_idload         0  (        0 /        0 )  0.00
      merge_drvr         0  (        0 /        0 )  0.00
      merge_load         0  (        0 /        0 )  0.00
           phase         0  (        0 /        0 )  0.00
          decomp         0  (        0 /        0 )  0.00
        p_decomp         0  (        0 /        0 )  0.00
        levelize         0  (        0 /        0 )  0.00
        mb_split         0  (        0 /        0 )  0.00
             dup         0  (        0 /        0 )  0.00
      mux_retime         0  (        0 /        0 )  0.00
       crr_local         0  (        0 /        0 )  0.00
         buf2inv         0  (        0 /        0 )  0.00

                                   Group   
                                  Tot Wrst     Total - - DRC Totals - -
                           Total  Weighted      Neg      Max       Max     Dynamic 
Operation                   Area   Slacks      Slack    Trans      Cap       Power   
 init_power                50743        0         0         0        0    8387081 
 p_rem_buf                 50557        0         0         0        0    8370559 
 p_rem_inv                 50547        0         0         0        0    8369635 
 p_merge_bi                50469        0         0         0        0    8359303 
 io_phase                  50416        0         0         0        0    8351605 
 gate_comp                 50417        0         0         0        0    8351145 
 glob_power                50665        0         0         0        0    8331362 
 power_down                50691        0         0         0        0    8318455 

           Trick     Calls     Accepts   Attempts    Time(secs) 
-----------------------------------------------------------
       p_rem_buf        76  (       59 /       60 )  0.69
       p_rem_inv         8  (        6 /        6 )  0.09
      p_merge_bi        55  (       55 /       55 )  0.46
        io_phase        47  (       37 /       37 )  0.48
       gate_comp       302  (        3 /        3 )  3.23
       gcomp_mog         0  (        0 /        0 )  0.29
      glob_power        86  (       34 /       86 )  2.71
      power_down       385  (      144 /      190 )  8.33
      size_n_buf        32  (        0 /        0 )  1.13
       p_rem_buf        17  (        0 /        1 )  0.06
       p_rem_inv         2  (        0 /        0 )  0.01
      p_merge_bi         0  (        0 /        0 )  0.03

 
Incremental optimization status
===============================
                                   Group   
                                  Tot Wrst     Total - - DRC Totals - -
                           Total  Weighted      Neg      Max       Max     Dynamic 
Operation                   Area   Slacks      Slack    Trans      Cap       Power   
 init_delay                50691        0         0         0        0    8318455 

           Trick     Calls     Accepts   Attempts    Time(secs) 
-----------------------------------------------------------
         crr_220         0  (        0 /        0 )  0.00
        crr_glob         0  (        0 /        0 )  0.00
         crr_200         0  (        0 /        0 )  0.00
        crr_glob         0  (        0 /        0 )  0.00
         crr_300         0  (        0 /        0 )  0.00
        crr_glob         0  (        0 /        0 )  0.00
         crr_400         0  (        0 /        0 )  0.00
        crr_glob         0  (        0 /        0 )  0.00
         crr_111         0  (        0 /        0 )  0.00
        crr_glob         0  (        0 /        0 )  0.00
         crr_210         0  (        0 /        0 )  0.00
        crr_glob         0  (        0 /        0 )  0.00
         crr_110         0  (        0 /        0 )  0.00
        crr_glob         0  (        0 /        0 )  0.00
         crr_101         0  (        0 /        0 )  0.00
        crr_glob         0  (        0 /        0 )  0.00
         crr_201         0  (        0 /        0 )  0.00
        crr_glob         0  (        0 /        0 )  0.00
         crr_211         0  (        0 /        0 )  0.00
        crr_glob         0  (        0 /        0 )  0.00
        crit_msz         0  (        0 /        0 )  0.00
       crit_upsz         0  (        0 /        0 )  0.00
       crit_slew         0  (        0 /        0 )  0.00
        setup_dn         0  (        0 /        0 )  0.00
    plc_bal_star         0  (        0 /        0 )  0.00
     drc_buftimb         0  (        0 /        0 )  0.00
          plc_st         0  (        0 /        0 )  0.00
    plc_st_fence         0  (        0 /        0 )  0.00
        plc_star         0  (        0 /        0 )  0.00
      plc_laf_st         0  (        0 /        0 )  0.00
 plc_laf_st_fence         0  (        0 /        0 )  0.00
     drc_buftims         0  (        0 /        0 )  0.00
       plc_lo_st         0  (        0 /        0 )  0.00
            fopt         0  (        0 /        0 )  0.00
       crit_swap         0  (        0 /        0 )  0.00
       mux2_swap         0  (        0 /        0 )  0.00
       crit_dnsz         0  (        0 /        0 )  0.00
       load_swap         0  (        0 /        0 )  0.00
            fopt         0  (        0 /        0 )  0.00
        setup_dn         0  (        0 /        0 )  0.00
       load_isol         0  (        0 /        0 )  0.00
       load_isol         0  (        0 /        0 )  0.00
        move_for         0  (        0 /        0 )  0.00
        move_for         0  (        0 /        0 )  0.00
          rem_bi         0  (        0 /        0 )  0.00
         offload         0  (        0 /        0 )  0.00
          rem_bi         0  (        0 /        0 )  0.00
         offload         0  (        0 /        0 )  0.00
       merge_bit         0  (        0 /        0 )  0.00
     merge_idrvr         0  (        0 /        0 )  0.00
     merge_iload         0  (        0 /        0 )  0.00
    merge_idload         0  (        0 /        0 )  0.00
      merge_drvr         0  (        0 /        0 )  0.00
      merge_load         0  (        0 /        0 )  0.00
           phase         0  (        0 /        0 )  0.00
          decomp         0  (        0 /        0 )  0.00
        p_decomp         0  (        0 /        0 )  0.00
        levelize         0  (        0 /        0 )  0.00
        mb_split         0  (        0 /        0 )  0.00
        in_phase         0  (        0 /        0 )  0.00
             dup         0  (        0 /        0 )  0.00
      mux_retime         0  (        0 /        0 )  0.00
         buf2inv         0  (        0 /        0 )  0.00
             exp         0  (        0 /        0 )  0.00
       gate_deco         0  (        0 /        0 )  0.00
       gcomp_tim         0  (        0 /        0 )  0.00
  inv_pair_2_buf         0  (        0 /        0 )  0.00
 init_drc                  50691        0         0         0        0    8318455 

           Trick     Calls     Accepts   Attempts    Time(secs) 
-----------------------------------------------------------
          plc_st         0  (        0 /        0 )  0.00
        plc_star         0  (        0 /        0 )  0.00
        drc_bufs         0  (        0 /        0 )  0.00
        drc_fopt         0  (        0 /        0 )  0.00
        drc_bufb         0  (        0 /        0 )  0.00
      simple_buf         0  (        0 /        0 )  0.00
             dup         0  (        0 /        0 )  0.00
       crit_dnsz         0  (        0 /        0 )  0.00
       crit_upsz         0  (        0 /        0 )  0.00
       crit_slew         0  (        0 /        0 )  0.00


           Trick     Calls     Accepts   Attempts    Time(secs) 
-----------------------------------------------------------
          plc_st         0  (        0 /        0 )  0.00
        plc_star         0  (        0 /        0 )  0.00
        drc_bufs         0  (        0 /        0 )  0.00
        drc_fopt         0  (        0 /        0 )  0.00
        drc_bufb         0  (        0 /        0 )  0.00
      simple_buf         0  (        0 /        0 )  0.00
             dup         0  (        0 /        0 )  0.00
       crit_dnsz         0  (        0 /        0 )  0.00
       crit_upsz         0  (        0 /        0 )  0.00


           Trick     Calls     Accepts   Attempts    Time(secs) 
-----------------------------------------------------------
          plc_st         0  (        0 /        0 )  0.00
        plc_star         0  (        0 /        0 )  0.00
        drc_bufs         0  (        0 /        0 )  0.00
        drc_fopt         0  (        0 /        0 )  0.00
        drc_bufb         0  (        0 /        0 )  0.00
             dup         0  (        0 /        0 )  0.00
       crit_dnsz         0  (        0 /        0 )  0.00
       crit_upsz         0  (        0 /        0 )  0.00

 init_tns                  50691        0         0         0        0    8318455 

           Trick     Calls     Accepts   Attempts    Time(secs) 
-----------------------------------------------------------
            fopt         0  (        0 /        0 )  0.00
    plc_bal_star         0  (        0 /        0 )  0.00
     drc_buftimb         0  (        0 /        0 )  0.00
     drc_buftims         0  (        0 /        0 )  0.00
        crit_msz         0  (        0 /        0 )  0.00
       crit_upsz         0  (        0 /        0 )  0.00
   plc_laf_lo_st         0  (        0 /        0 )  0.00
       plc_lo_st         0  (        0 /        0 )  0.00
       crit_swap         0  (        0 /        0 )  0.00
       mux2_swap         0  (        0 /        0 )  0.00
       crit_dnsz         0  (        0 /        0 )  0.00
       load_swap         0  (        0 /        0 )  0.00
            fopt         0  (        0 /        0 )  0.00
        setup_dn         0  (        0 /        0 )  0.00
       load_isol         0  (        0 /        0 )  0.00
       load_isol         0  (        0 /        0 )  0.00
        move_for         0  (        0 /        0 )  0.00
        move_for         0  (        0 /        0 )  0.00
          rem_bi         0  (        0 /        0 )  0.00
         offload         0  (        0 /        0 )  0.00
          rem_bi         0  (        0 /        0 )  0.00
         offload         0  (        0 /        0 )  0.00
       merge_bit         0  (        0 /        0 )  0.00
     merge_idrvr         0  (        0 /        0 )  0.00
     merge_iload         0  (        0 /        0 )  0.00
    merge_idload         0  (        0 /        0 )  0.00
      merge_drvr         0  (        0 /        0 )  0.00
      merge_load         0  (        0 /        0 )  0.00
           phase         0  (        0 /        0 )  0.00
          decomp         0  (        0 /        0 )  0.00
        p_decomp         0  (        0 /        0 )  0.00
        levelize         0  (        0 /        0 )  0.00
        mb_split         0  (        0 /        0 )  0.00
             dup         0  (        0 /        0 )  0.00
      mux_retime         0  (        0 /        0 )  0.00
       crr_local         0  (        0 /        0 )  0.00
         buf2inv         0  (        0 /        0 )  0.00

                                   Group   
                                  Tot Wrst     Total - - DRC Totals - -
                           Total  Weighted      Neg      Max       Max     Dynamic 
Operation                   Area   Slacks      Slack    Trans      Cap       Power   
 init_power                50691        0         0         0        0    8318455 
 glob_power                50690        0         0         0        0    8318455 
 power_down                50696        0         0         0        0    8317688 

           Trick     Calls     Accepts   Attempts    Time(secs) 
-----------------------------------------------------------
       p_rem_buf        17  (        0 /        1 )  0.07
       p_rem_inv         2  (        0 /        0 )  0.01
      p_merge_bi         0  (        0 /        0 )  0.04
        io_phase        10  (        0 /        0 )  0.02
       gate_comp       299  (        0 /        0 )  1.98
       gcomp_mog         0  (        0 /        0 )  0.28
      glob_power        68  (        2 /       68 )  2.41
      power_down       323  (       14 /       73 )  8.05
      size_n_buf         0  (        0 /        0 )  0.10

 
Incremental optimization status
===============================
                                   Group   
                                  Tot Wrst     Total - - DRC Totals - -
                           Total  Weighted      Neg      Max       Max     Dynamic 
Operation                   Area   Slacks      Slack    Trans      Cap       Power   
 init_delay                50696        0         0         0        0    8317688 

           Trick     Calls     Accepts   Attempts    Time(secs) 
-----------------------------------------------------------
        crit_msz         0  (        0 /        0 )  0.00
       crit_upsz         0  (        0 /        0 )  0.00
       crit_slew         0  (        0 /        0 )  0.00
        setup_dn         0  (        0 /        0 )  0.00
    plc_bal_star         0  (        0 /        0 )  0.00
     drc_buftimb         0  (        0 /        0 )  0.00
          plc_st         0  (        0 /        0 )  0.00
    plc_st_fence         0  (        0 /        0 )  0.00
        plc_star         0  (        0 /        0 )  0.00
      plc_laf_st         0  (        0 /        0 )  0.00
 plc_laf_st_fence         0  (        0 /        0 )  0.00
     drc_buftims         0  (        0 /        0 )  0.00
   plc_laf_lo_st         0  (        0 /        0 )  0.00
       plc_lo_st         0  (        0 /        0 )  0.00
            fopt         0  (        0 /        0 )  0.00
       crit_swap         0  (        0 /        0 )  0.00
       mux2_swap         0  (        0 /        0 )  0.00
       crit_dnsz         0  (        0 /        0 )  0.00
       load_swap         0  (        0 /        0 )  0.00
            fopt         0  (        0 /        0 )  0.00
        setup_dn         0  (        0 /        0 )  0.00
       load_isol         0  (        0 /        0 )  0.00
       load_isol         0  (        0 /        0 )  0.00
        move_for         0  (        0 /        0 )  0.00
        move_for         0  (        0 /        0 )  0.00
          rem_bi         0  (        0 /        0 )  0.00
         offload         0  (        0 /        0 )  0.00
          rem_bi         0  (        0 /        0 )  0.00
         offload         0  (        0 /        0 )  0.00
           phase         0  (        0 /        0 )  0.00
        in_phase         0  (        0 /        0 )  0.00
       merge_bit         0  (        0 /        0 )  0.00
     merge_idrvr         0  (        0 /        0 )  0.00
     merge_iload         0  (        0 /        0 )  0.00
    merge_idload         0  (        0 /        0 )  0.00
      merge_drvr         0  (        0 /        0 )  0.00
      merge_load         0  (        0 /        0 )  0.00
          decomp         0  (        0 /        0 )  0.00
        p_decomp         0  (        0 /        0 )  0.00
        levelize         0  (        0 /        0 )  0.00
        mb_split         0  (        0 /        0 )  0.00
             dup         0  (        0 /        0 )  0.00
      mux_retime         0  (        0 /        0 )  0.00
         buf2inv         0  (        0 /        0 )  0.00
             exp         0  (        0 /        0 )  0.00
       gate_deco         0  (        0 /        0 )  0.00
       gcomp_tim         0  (        0 /        0 )  0.00
  inv_pair_2_buf         0  (        0 /        0 )  0.00

 init_drc                  50696        0         0         0        0    8317688 

           Trick     Calls     Accepts   Attempts    Time(secs) 
-----------------------------------------------------------
          plc_st         0  (        0 /        0 )  0.00
        plc_star         0  (        0 /        0 )  0.00
        drc_bufs         0  (        0 /        0 )  0.00
        drc_fopt         0  (        0 /        0 )  0.00
        drc_bufb         0  (        0 /        0 )  0.00
      simple_buf         0  (        0 /        0 )  0.00
             dup         0  (        0 /        0 )  0.00
       crit_dnsz         0  (        0 /        0 )  0.00
       crit_upsz         0  (        0 /        0 )  0.00
       crit_slew         0  (        0 /        0 )  0.00


           Trick     Calls     Accepts   Attempts    Time(secs) 
-----------------------------------------------------------
          plc_st         0  (        0 /        0 )  0.00
        plc_star         0  (        0 /        0 )  0.00
        drc_bufs         0  (        0 /        0 )  0.00
        drc_fopt         0  (        0 /        0 )  0.00
        drc_bufb         0  (        0 /        0 )  0.00
      simple_buf         0  (        0 /        0 )  0.00
             dup         0  (        0 /        0 )  0.00
       crit_dnsz         0  (        0 /        0 )  0.00
       crit_upsz         0  (        0 /        0 )  0.00


           Trick     Calls     Accepts   Attempts    Time(secs) 
-----------------------------------------------------------
          plc_st         0  (        0 /        0 )  0.00
        plc_star         0  (        0 /        0 )  0.00
        drc_bufs         0  (        0 /        0 )  0.00
        drc_fopt         0  (        0 /        0 )  0.00
        drc_bufb         0  (        0 /        0 )  0.00
             dup         0  (        0 /        0 )  0.00
       crit_dnsz         0  (        0 /        0 )  0.00
       crit_upsz         0  (        0 /        0 )  0.00

==================================
Stage : incr_opt 
==================================
  =================
   Message Summary
  =================
------------------------------------------------------------
|   Id    |  Sev   |Count |         Message Text           |
------------------------------------------------------------
| CFM-1   |Info    |    1 |Wrote dofile.                   |
| CFM-5   |Info    |    1 |Wrote formal verification       |
|         |        |      | information.                   |
| CPI-506 |Warning |    1 |Command 'commit_power_intent'   |
|         |        |      | cannot proceed as there is no  |
|         |        |      | power intent loaded.           |
| GLO-51  |Info    |   13 |Hierarchical instance           |
|         |        |      | automatically ungrouped.       |
|         |        |      |Hierarchical instances can be   |
|         |        |      | automatically ungrouped to     |
|         |        |      | allow for better area or       |
|         |        |      | timing optimization. To        |
|         |        |      | prevent this ungroup, set the  |
|         |        |      | root-level attribute           |
|         |        |      | 'auto_ungroup' to 'none'. You  |
|         |        |      | can also prevent individual    |
|         |        |      | ungroup with setting the       |
|         |        |      | attribute 'ungroup_ok' of      |
|         |        |      | instances or modules to        |
|         |        |      | 'false'.                       |
| LBR-155 |Info    |  264 |Mismatch in unateness between   |
|         |        |      | 'timing_sense' attribute and   |
|         |        |      | the function.                  |
|         |        |      |The 'timing_sense' attribute    |
|         |        |      | will be respected.             |
| PA-7    |Info    |    4 |Resetting power analysis        |
|         |        |      | results.                       |
|         |        |      |All computed switching          |
|         |        |      | activities are removed.        |
| ST-112  |Info    |    7 |A super-threading server has    |
|         |        |      | been shut down normally.       |
|         |        |      |A super-threaded optimization   |
|         |        |      | is complete and a CPU server   |
|         |        |      | was successfully shut down.    |
| SYNTH-5 |Info    |    1 |Done mapping.                   |
| SYNTH-7 |Info    |    1 |Incrementally optimizing.       |
------------------------------------------------------------
 10990 positive slack instances before path adjust. 
Clock:  [0 s]! 

 10990 positive slack instances after path adjust of -100.0 ps. 
 


                                   Group   
                                  Tot Wrst     Total - - DRC Totals - -
                           Total  Weighted      Neg      Max       Max 
Operation                   Area   Slacks      Slack    Trans      Cap 
 init_tns                  50696        0         0         0        0

           Trick     Calls     Accepts   Attempts    Time(secs) 
-----------------------------------------------------------
    plc_bal_star         0  (        0 /        0 )  0.00
     drc_buftimb         0  (        0 /        0 )  0.00
     drc_buftims         0  (        0 /        0 )  0.00
       crit_upsz         0  (        0 /        0 )  0.00
   plc_laf_lo_st         0  (        0 /        0 )  0.00
       plc_lo_st         0  (        0 /        0 )  0.00
            fopt         0  (        0 /        0 )  0.00
       crit_dnsz         0  (        0 /        0 )  0.00
             dup         0  (        0 /        0 )  0.00
        setup_dn         0  (        0 /        0 )  0.00
       crr_local         0  (        0 /        0 )  0.00
         buf2inv         0  (        0 /        0 )  0.00
        mb_split         0  (        0 /        0 )  0.00

Clock:  [1 s]! 

 10990 positive slack instances after TNS Optimization. 
Runtime spent in Timer Init is 0hr: 0min: 1secs 
11846 driver-metric pairs supplied

 
Global Optimization Status
==========================
                                   Group   
                                  Tot Wrst     Total - - DRC Totals - -
                           Total  Weighted      Neg      Max       Max 
Operation                   Area   Slacks      Slack    Trans      Cap 
 init_global_opt           50696        0         0         0        0
no gcells found!
 Using 4 threads for global opt 
 incr_crr_area             50674        0         0         0        0
 incr_crr_area             50667        0         0         0        0

           Trick     Calls     Accepts   Attempts    Time(secs) 
-----------------------------------------------------------
             crr       111  (       25 /       25(      35) )  10.80
 Total cpu time(and elapsed time)  for tricks : 11.53 (10.80) secs 

Commit Time(s): 0

# Global Optimization Runtime Summary: 

                Step   Elapsed Time(s)
   **********************************************
          Timer Init         0 
           Init Opto         0 
          Trick Opto         3 
        Timer Update         1 
        Misc Runtime         0 
Runtime spent in MultiThreaded Global Optimization is 0hr: 0min: 6secs 
Runtime spent in Timer Init (old mt wns flow) is 0hr: 0min: 1secs 
Runtime spent in Timer Init is 0hr: 0min: 1secs 
 
Global Area Reclaim Optimization Status
=======================================
                                   Group   
                                  Tot Wrst     Total - - DRC Totals - -
                           Total  Weighted      Neg      Max       Max 
Operation                   Area   Slacks      Slack    Trans      Cap 
 init_area_reclaim         50667        0         0         0        0
 Using 4 threads for global opt 
Info   : ACTP-0001 Activity propagation ended for stim#0
Info   : PWRA-0002 [PwrInfo] Finished power computation.
Info   : PWRA-0007 [PwrInfo] Completed successfully.
       : Info=8, Warn=0, Error=0, Fatal=0
Info   : ACTP-0001 Activity propagation ended for stim#0
 gate_comp                 50667        0         0         0        0    8320854 
 Total cpu time(and elapsed time)  for tricks : 7.47 (2.51) secs 

 area_down                 50488        0         0         0        0    8328418 
 Total cpu time(and elapsed time)  for tricks : 5.19 (6.24) secs 


           Trick     Calls     Accepts   Attempts    Time(secs) 
-----------------------------------------------------------
       gate_comp        69  (        0 /       69 )  2.51
       area_down        68  (       31 /       68 )  6.24
Commit Time(s): 2
 Using 4 threads for global opt 
 gate_comp                 50488        0         0         0        0    8328418 
 Total cpu time(and elapsed time)  for tricks : 7.54 (2.52) secs 

 power_down                50514        0         0         0        0    8326377 
 Total cpu time(and elapsed time)  for tricks : 4.27 (5.12) secs 


           Trick     Calls     Accepts   Attempts    Time(secs) 
-----------------------------------------------------------
       gate_comp        69  (        0 /       69 )  2.52
      power_down        63  (        9 /       63 )  5.12
Commit Time(s): 3

# Global Optimization Runtime Summary: 

                Step   Elapsed Time(s)
   **********************************************
          Timer Init         0 
           Init Opto         0 
          Trick Opto        12 
        Timer Update         5 
        Misc Runtime         0 
Runtime spent in MultiThreaded Global Optimization is 0hr: 0min: 18secs 
Runtime spent in Timer Init (old mt wns flow) is 0hr: 0min: 0secs 
                                   Group   
                                  Tot Wrst     Total - - DRC Totals - -
                           Total  Weighted      Neg      Max       Max     Dynamic 
Operation                   Area   Slacks      Slack    Trans      Cap       Power   
 init_power                50514        0         0         0        0    8326377 
 io_phase                  50513        0         0         0        0    8326377 

           Trick     Calls     Accepts   Attempts    Time(secs) 
-----------------------------------------------------------
       p_rem_buf         0  (        0 /        0 )  0.00
       p_rem_inv         0  (        0 /        0 )  0.00
        io_phase        12  (        1 /        1 )  0.09

Info    : Skipping steps to optimize dynamic power. [MAP-152]
        : Dynamic power optimization will only be done in the presence of user activity data. Please read a stimulus file to activate dynamic power optimization steps.

# Optimization Runtime Summary: 
                       Step    Elapsed Time(s)         Runtime(s)   WNS(ps)           TNS(ps)           CELL AREA         NET AREA          Leakage Power     Dynamic Power  
##***************************************************************************************************************************************************************
##                     INIT         0 (0.0  %)         0 (0.0  %)   0.0               0                 35440             15255             NA             8317630        
##                 TPS_OPTO         1 (3.4  %)         1 (1.9  %)   0.0               0                 35440             15255             NA             8317630        
##            CRR_AREA_OPTO         7 (24.1 %)        15 (27.8 %)   0.0               0                 35413             15253             NA             8320854        
##             MT_AREA_OPTO        18 (62.1 %)        31 (57.4 %)   0.0               0                 35260             15253             NA             8326377        
##        AREA_RECLAIM_OPTO         1 (3.4  %)         1 (1.9  %)   0.0               0                 35260             15252             NA             8326377        
##              PDR_MT_OPTO         0 (0.0  %)         0 (0.0  %)   NOT_TIMED         NOT_TIMED         35260             15252             NA             NA             
##***************************************************************************************************************************************************************
                                   29                   54 
Info    : Done incrementally optimizing. [SYNTH-8]
        : Done incrementally optimizing 'picorv32_wb'.
      flow.cputime  flow.realtime  timing.setup.tns  timing.setup.wns  snapshot
UM:*                                                                   syn_opt
@genus:design:picorv32_wb 40> exec mkdir -p reports
@genus:design:picorv32_wb 41> 
@genus:design:picorv32_wb 41> 
@genus:design:picorv32_wb 41> # --- Define Reporting Path Groups ---
@genus:design:picorv32_wb 42> # This organizes the timing report into the required I2R, R2R,
@genus:design:picorv32_wb 43> # R2O, and I2O buckets.
@genus:design:picorv32_wb 44> path_group -name I2Rgroup -from [all_inputs] -to [all_registers] -group I2R
exception:picorv32_wb/I2Rgroup
@genus:design:picorv32_wb 45> path_group -name R2Rgroup -from [all_registers] -to [all_registers] -group R2R
exception:picorv32_wb/R2Rgroup
@genus:design:picorv32_wb 46> path_group -name R2Ogroup -from [all_registers] -to [all_outputs] -group R2O
exception:picorv32_wb/R2Ogroup
@genus:design:picorv32_wb 47> path_group -name I2Ogroup -from [all_inputs] -to [all_outputs] -group I2O
exception:picorv32_wb/I2Ogroup
@genus:design:picorv32_wb 48> 
@genus:design:picorv32_wb 48> # --- Generate Reports ---
@genus:design:picorv32_wb 49> puts ">> Generating Reports (saving to 'reports/' directory)..."
>> Generating Reports (saving to 'reports/' directory)...
@genus:design:picorv32_wb 50> 
@genus:design:picorv32_wb 50> # 1. Timing Report (Slack for I2O, I2R, R2O, R2R)
@genus:design:picorv32_wb 51> # The -summary flag uses the 'group_path' definitions to
@genus:design:picorv32_wb 52> # create the exact summary you need.
@genus:design:picorv32_wb 53> report_timing > reports/timing_summary.rpt
@genus:design:picorv32_wb 54> 
@genus:design:picorv32_wb 54> report_timing -from [all_registers] -to [all_registers] > reports/r2r.rpt
@genus:design:picorv32_wb 55> report_timing -from [all_inputs]    -to [all_registers] > reports/i2r.rpt
@genus:design:picorv32_wb 56> report_timing -from [all_registers] -to [all_outputs]   > reports/r2o.rpt
@genus:design:picorv32_wb 57> report_timing -from [all_inputs] -to [all_outputs] > reports/i20.rpt
@genus:design:picorv32_wb 58> 
@genus:design:picorv32_wb 58> # 2. Area Report (Total Area & Cell Types: Comb/Seq)
@genus:design:picorv32_wb 59> # This report provides the total area and the cell count
@genus:design:picorv32_wb 60> # broken down by type (combinational, sequential, etc.).
@genus:design:picorv32_wb 61> report_area -summary > reports/area.rpt
@genus:design:picorv32_wb 62> 
@genus:design:picorv32_wb 62> # 3. Power Report (Total & Leakage/Dynamic)
@genus:design:picorv32_wb 63> # This report provides the total power and its components
@genus:design:picorv32_wb 64> # (leakage, dynamic, etc.).
@genus:design:picorv32_wb 65> report_power > reports/power.rpt
Info    : Joules engine is used. [RPT-16]
        : Joules engine is being used for the command report_power.
Output file: reports/power.rpt
@genus:design:picorv32_wb 66> 
@genus:design:picorv32_wb 66> # 4. Number of Cells by Type
@genus:design:picorv32_wb 67> report_gates > reports/gates.rpt
@genus:design:picorv32_wb 68> 
@genus:design:picorv32_wb 68> # 5. Quality of Results (QoR) Summary
@genus:design:picorv32_wb 69> # This provides a high-level summary of the synthesis results.
@genus:design:picorv32_wb 70> report_qor > reports/qor.rpt
@genus:design:picorv32_wb 71> 
@genus:design:picorv32_wb 71> puts ">> All reports generated successfully."
>> All reports generated successfully.
@genus:design:picorv32_wb 72> write_design -innovus picorv32_wb
Warning : This command will be obsolete in a next major release. [TUI-37]
        : Option '-innovus' is being obsoleted. Use 'write_db -common' for saving design databases to operate with other Cadence tools. Use 'write_design' in future releases for saving files for operations with non-Cadence tools.

(write_design): Writing Innovus content. Constraint interface is: 'mmmc2'
(write_design): Writing Genus content. Constraint interface is 'smsc'
Warning : Attribute design_process_node is not set for this design. [PHYS-1011]
        : Missing data.
        : When attribute design_process_node is not set to an appropriate integer value >=5 and <=250, then Innovus will assume its own default value for the design process node. See the Innovus setDesignMode -process <> command for more information about what this setting does.
Exporting design data for 'picorv32_wb' to genus_invs_des/genus...
%# Begin write_design (11/28 14:37:18, mem=1527.96M)
      flow.cputime  flow.realtime  timing.setup.tns  timing.setup.wns  snapshot
UM:*                                                                   write_design
No loop breaker instances found (cdn_loop_breaker).
File genus_invs_des/genus.mmmc.tcl has been written.
Finished SDC export (command execution time mm:ss (real) = 00:01).
Info: file genus_invs_des/genus.default_emulate_constraint_mode.sdc has been written
Info: file genus_invs_des/genus.default_emulate_constraint_mode.sdc has been written

Number of user defined NDR nets found: 0

Number of NDR nets found: 0
Number of nets with minimum layer assignments: 0

** To load the database source genus_invs_des/genus.invs_setup.tcl in an Innovus session.
** To load the database source genus_invs_des/genus.genus_setup.tcl in an Genus(TM) Synthesis Solution session.
Finished exporting design data for 'picorv32_wb' (command execution time mm:ss cpu = 00:05, real = 00:11).
.
%# End write_design (11/28 14:37:29, total cpu=10:00:05, real=10:00:11, peak res=1584.10M, current mem=1526.96M)
@genus:design:picorv32_wb 73> 
@genus:design:picorv32_wb 73> 
@genus:design:picorv32_wb 73> exit

Lic Summary:
[14:40:02.187130] Cdslmd servers: tracker05
[14:40:02.187144] Feature usage summary:
[14:40:02.187144] Genus_Synthesis

Normal exit.