###############################################################
#  Generated by:      Cadence Innovus 21.35-s114_1
#  OS:                Linux x86_64(Host ID cn92.it.auth.gr)
#  Generated on:      Fri Nov 28 15:08:26 2025
#  Design:            picorv32_wb
#  Command:           report_timing -path_group in2reg  -check_type setup -max_paths 50 > reports/postRouting/setup_in2reg.rpt
###############################################################
Path 1: MET Setup Check with Pin picorv32_core_reg_op2_reg[18]/CK 
Endpoint:   picorv32_core_reg_op2_reg[18]/D (v) checked with  leading edge of 
'clk'
Beginpoint: wb_rst_i                        (^) triggered by  leading edge of 
'clk'
Path Groups: {in2reg}
Analysis View: analysis1
Other End Arrival Time          0.003
- Setup                         0.017
+ Phase Shift                   4.000
- Uncertainty                   0.020
= Required Time                 3.966
- Arrival Time                  1.393
= Slack Time                    2.573
     Clock Rise Edge                      0.000
     + Input Delay                        0.500
     + Drive Adjustment                   0.049
     = Beginpoint Arrival Time            0.549
     +------------------------------------------------------------------------------------------+ 
     |             Instance             |     Arc      |   Cell    | Delay | Arrival | Required | 
     |                                  |              |           |       |  Time   |   Time   | 
     |----------------------------------+--------------+-----------+-------+---------+----------| 
     |                                  | wb_rst_i ^   |           |       |   0.549 |    3.121 | 
     | picorv32_core_g197011            | B ^ -> Y ^   | OR2X1     | 0.137 |   0.685 |    3.258 | 
     | FE_OFC757_picorv32_core_n_199960 | A ^ -> Y v   | INVX1     | 0.085 |   0.770 |    3.343 | 
     | picorv32_core_g196363            | A1N v -> Y v | OAI2BB1X1 | 0.082 |   0.852 |    3.425 | 
     | picorv32_core_g195935            | B v -> Y v   | AND2XL    | 0.040 |   0.892 |    3.465 | 
     | picorv32_core_g195345            | B v -> Y v   | AND2X1    | 0.118 |   1.010 |    3.582 | 
     | picorv32_core_g194427            | B1 v -> Y ^  | AOI22XL   | 0.103 |   1.113 |    3.686 | 
     | picorv32_core_g193464            | C ^ -> Y v   | NAND4XL   | 0.045 |   1.158 |    3.730 | 
     | picorv32_core_g191135__8246      | C v -> Y ^   | NOR4XL    | 0.115 |   1.273 |    3.846 | 
     | picorv32_core_g190935__9945      | D ^ -> Y v   | NAND4XL   | 0.119 |   1.392 |    3.965 | 
     | picorv32_core_reg_op2_reg[18]    | D v          | DFFQXL    | 0.000 |   1.393 |    3.966 | 
     +------------------------------------------------------------------------------------------+ 
Path 2: MET Setup Check with Pin picorv32_core_reg_op2_reg[26]/CK 
Endpoint:   picorv32_core_reg_op2_reg[26]/D (v) checked with  leading edge of 
'clk'
Beginpoint: wb_rst_i                        (^) triggered by  leading edge of 
'clk'
Path Groups: {in2reg}
Analysis View: analysis1
Other End Arrival Time          0.002
- Setup                         0.012
+ Phase Shift                   4.000
- Uncertainty                   0.020
= Required Time                 3.971
- Arrival Time                  1.347
= Slack Time                    2.623
     Clock Rise Edge                      0.000
     + Input Delay                        0.500
     + Drive Adjustment                   0.049
     = Beginpoint Arrival Time            0.549
     +------------------------------------------------------------------------------------------+ 
     |             Instance             |     Arc      |   Cell    | Delay | Arrival | Required | 
     |                                  |              |           |       |  Time   |   Time   | 
     |----------------------------------+--------------+-----------+-------+---------+----------| 
     |                                  | wb_rst_i ^   |           |       |   0.549 |    3.172 | 
     | picorv32_core_g197011            | B ^ -> Y ^   | OR2X1     | 0.137 |   0.685 |    3.309 | 
     | FE_OFC757_picorv32_core_n_199960 | A ^ -> Y v   | INVX1     | 0.085 |   0.770 |    3.394 | 
     | picorv32_core_g196363            | A1N v -> Y v | OAI2BB1X1 | 0.082 |   0.852 |    3.475 | 
     | picorv32_core_g197866            | AN v -> Y v  | NOR2BX1   | 0.036 |   0.888 |    3.511 | 
     | picorv32_core_g195329            | B v -> Y v   | AND2X1    | 0.140 |   1.028 |    3.652 | 
     | picorv32_core_g194380            | B1 v -> Y ^  | AOI22XL   | 0.085 |   1.113 |    3.736 | 
     | picorv32_core_g193469            | B ^ -> Y v   | NAND4XL   | 0.056 |   1.169 |    3.792 | 
     | picorv32_core_g192736            | AN v -> Y v  | NAND4BXL  | 0.078 |   1.247 |    3.870 | 
     | picorv32_core_g191138__1881      | C0 v -> Y ^  | AOI211XL  | 0.050 |   1.296 |    3.920 | 
     | picorv32_core_g190938__1666      | D ^ -> Y v   | NAND4XL   | 0.051 |   1.347 |    3.971 | 
     | picorv32_core_reg_op2_reg[26]    | D v          | DFFQXL    | 0.000 |   1.347 |    3.971 | 
     +------------------------------------------------------------------------------------------+ 
Path 3: MET Setup Check with Pin picorv32_core_reg_op2_reg[25]/CK 
Endpoint:   picorv32_core_reg_op2_reg[25]/D (v) checked with  leading edge of 
'clk'
Beginpoint: wb_rst_i                        (^) triggered by  leading edge of 
'clk'
Path Groups: {in2reg}
Analysis View: analysis1
Other End Arrival Time          0.001
- Setup                         0.009
+ Phase Shift                   4.000
- Uncertainty                   0.020
= Required Time                 3.972
- Arrival Time                  1.344
= Slack Time                    2.628
     Clock Rise Edge                      0.000
     + Input Delay                        0.500
     + Drive Adjustment                   0.049
     = Beginpoint Arrival Time            0.549
     +------------------------------------------------------------------------------------------+ 
     |             Instance             |     Arc      |   Cell    | Delay | Arrival | Required | 
     |                                  |              |           |       |  Time   |   Time   | 
     |----------------------------------+--------------+-----------+-------+---------+----------| 
     |                                  | wb_rst_i ^   |           |       |   0.549 |    3.177 | 
     | picorv32_core_g197011            | B ^ -> Y ^   | OR2X1     | 0.137 |   0.685 |    3.313 | 
     | FE_OFC757_picorv32_core_n_199960 | A ^ -> Y v   | INVX1     | 0.085 |   0.770 |    3.398 | 
     | picorv32_core_g196363            | A1N v -> Y v | OAI2BB1X1 | 0.082 |   0.852 |    3.480 | 
     | picorv32_core_g195934            | B v -> Y v   | AND2XL    | 0.046 |   0.898 |    3.526 | 
     | picorv32_core_g195335            | B v -> Y v   | AND2X1    | 0.135 |   1.033 |    3.661 | 
     | picorv32_core_g194351            | B1 v -> Y ^  | AOI22XL   | 0.085 |   1.117 |    3.745 | 
     | picorv32_core_g193440            | B ^ -> Y v   | NAND4XL   | 0.043 |   1.160 |    3.788 | 
     | picorv32_core_g191259__6161      | C0 v -> Y ^  | AOI211XL  | 0.057 |   1.217 |    3.845 | 
     | picorv32_core_g191132__2802      | D ^ -> Y v   | NAND4XL   | 0.057 |   1.274 |    3.902 | 
     | picorv32_core_g191044__1617      | B0 v -> Y ^  | AOI21XL   | 0.039 |   1.313 |    3.941 | 
     | picorv32_core_g190924__1705      | D ^ -> Y v   | NAND4XL   | 0.031 |   1.344 |    3.972 | 
     | picorv32_core_reg_op2_reg[25]    | D v          | DFFQXL    | 0.000 |   1.344 |    3.972 | 
     +------------------------------------------------------------------------------------------+ 
Path 4: MET Setup Check with Pin picorv32_core_reg_op2_reg[5]/CK 
Endpoint:   picorv32_core_reg_op2_reg[5]/D (v) checked with  leading edge of 
'clk'
Beginpoint: wb_rst_i                       (^) triggered by  leading edge of 
'clk'
Path Groups: {in2reg}
Analysis View: analysis1
Other End Arrival Time          0.000
- Setup                         0.011
+ Phase Shift                   4.000
- Uncertainty                   0.020
= Required Time                 3.969
- Arrival Time                  1.334
= Slack Time                    2.635
     Clock Rise Edge                      0.000
     + Input Delay                        0.500
     + Drive Adjustment                   0.049
     = Beginpoint Arrival Time            0.549
     +------------------------------------------------------------------------------------------+ 
     |             Instance             |     Arc      |   Cell    | Delay | Arrival | Required | 
     |                                  |              |           |       |  Time   |   Time   | 
     |----------------------------------+--------------+-----------+-------+---------+----------| 
     |                                  | wb_rst_i ^   |           |       |   0.549 |    3.184 | 
     | picorv32_core_g197011            | B ^ -> Y ^   | OR2X1     | 0.137 |   0.685 |    3.321 | 
     | FE_OFC757_picorv32_core_n_199960 | A ^ -> Y v   | INVX1     | 0.085 |   0.770 |    3.405 | 
     | picorv32_core_g196363            | A1N v -> Y v | OAI2BB1X1 | 0.082 |   0.852 |    3.487 | 
     | picorv32_core_g195934            | B v -> Y v   | AND2XL    | 0.046 |   0.898 |    3.533 | 
     | picorv32_core_g195335            | B v -> Y v   | AND2X1    | 0.135 |   1.033 |    3.668 | 
     | picorv32_core_g194326            | B1 v -> Y ^  | AOI22XL   | 0.082 |   1.115 |    3.750 | 
     | picorv32_core_g193437            | A ^ -> Y v   | NAND4XL   | 0.044 |   1.159 |    3.794 | 
     | picorv32_core_g191250__1705      | C0 v -> Y ^  | AOI211XL  | 0.045 |   1.204 |    3.839 | 
     | picorv32_core_g191124__5107      | D ^ -> Y v   | NAND4XL   | 0.057 |   1.260 |    3.896 | 
     | picorv32_core_g191040__8428      | B0 v -> Y ^  | AOI21XL   | 0.033 |   1.293 |    3.929 | 
     | picorv32_core_g190918__8428      | D ^ -> Y v   | NAND4XL   | 0.041 |   1.334 |    3.969 | 
     | picorv32_core_reg_op2_reg[5]     | D v          | DFFQXL    | 0.000 |   1.334 |    3.969 | 
     +------------------------------------------------------------------------------------------+ 
Path 5: MET Setup Check with Pin picorv32_core_reg_op2_reg[28]/CK 
Endpoint:   picorv32_core_reg_op2_reg[28]/D (v) checked with  leading edge of 
'clk'
Beginpoint: wb_rst_i                        (^) triggered by  leading edge of 
'clk'
Path Groups: {in2reg}
Analysis View: analysis1
Other End Arrival Time          0.002
- Setup                         0.009
+ Phase Shift                   4.000
- Uncertainty                   0.020
= Required Time                 3.973
- Arrival Time                  1.331
= Slack Time                    2.642
     Clock Rise Edge                      0.000
     + Input Delay                        0.500
     + Drive Adjustment                   0.049
     = Beginpoint Arrival Time            0.549
     +------------------------------------------------------------------------------------------+ 
     |             Instance             |     Arc      |   Cell    | Delay | Arrival | Required | 
     |                                  |              |           |       |  Time   |   Time   | 
     |----------------------------------+--------------+-----------+-------+---------+----------| 
     |                                  | wb_rst_i ^   |           |       |   0.549 |    3.190 | 
     | picorv32_core_g197011            | B ^ -> Y ^   | OR2X1     | 0.137 |   0.685 |    3.327 | 
     | FE_OFC757_picorv32_core_n_199960 | A ^ -> Y v   | INVX1     | 0.085 |   0.770 |    3.412 | 
     | picorv32_core_g196363            | A1N v -> Y v | OAI2BB1X1 | 0.082 |   0.852 |    3.494 | 
     | picorv32_core_g195934            | B v -> Y v   | AND2XL    | 0.046 |   0.898 |    3.540 | 
     | picorv32_core_g195335            | B v -> Y v   | AND2X1    | 0.135 |   1.033 |    3.674 | 
     | picorv32_core_g194204            | B1 v -> Y ^  | AOI22XL   | 0.084 |   1.116 |    3.758 | 
     | picorv32_core_g193478            | D ^ -> Y v   | NAND4XL   | 0.048 |   1.164 |    3.806 | 
     | picorv32_core_g191263__2346      | B0 v -> Y ^  | AOI211XL  | 0.048 |   1.213 |    3.854 | 
     | picorv32_core_g191139__5115      | D ^ -> Y v   | NAND4XL   | 0.054 |   1.267 |    3.909 | 
     | picorv32_core_g191052__5115      | B0 v -> Y ^  | AOI21XL   | 0.034 |   1.301 |    3.943 | 
     | picorv32_core_g190941__5477      | D ^ -> Y v   | NAND4XL   | 0.030 |   1.331 |    3.973 | 
     | picorv32_core_reg_op2_reg[28]    | D v          | DFFQXL    | 0.000 |   1.331 |    3.973 | 
     +------------------------------------------------------------------------------------------+ 
Path 6: MET Setup Check with Pin picorv32_core_reg_op2_reg[24]/CK 
Endpoint:   picorv32_core_reg_op2_reg[24]/D (v) checked with  leading edge of 
'clk'
Beginpoint: wb_rst_i                        (^) triggered by  leading edge of 
'clk'
Path Groups: {in2reg}
Analysis View: analysis1
Other End Arrival Time          0.003
- Setup                         0.010
+ Phase Shift                   4.000
- Uncertainty                   0.020
= Required Time                 3.973
- Arrival Time                  1.326
= Slack Time                    2.647
     Clock Rise Edge                      0.000
     + Input Delay                        0.500
     + Drive Adjustment                   0.049
     = Beginpoint Arrival Time            0.549
     +------------------------------------------------------------------------------------------+ 
     |             Instance             |     Arc      |   Cell    | Delay | Arrival | Required | 
     |                                  |              |           |       |  Time   |   Time   | 
     |----------------------------------+--------------+-----------+-------+---------+----------| 
     |                                  | wb_rst_i ^   |           |       |   0.549 |    3.195 | 
     | picorv32_core_g197011            | B ^ -> Y ^   | OR2X1     | 0.137 |   0.685 |    3.332 | 
     | FE_OFC757_picorv32_core_n_199960 | A ^ -> Y v   | INVX1     | 0.085 |   0.770 |    3.417 | 
     | picorv32_core_g196363            | A1N v -> Y v | OAI2BB1X1 | 0.082 |   0.852 |    3.499 | 
     | picorv32_core_g197866            | AN v -> Y v  | NOR2BX1   | 0.036 |   0.888 |    3.535 | 
     | picorv32_core_g195329            | B v -> Y v   | AND2X1    | 0.140 |   1.028 |    3.675 | 
     | picorv32_core_g194312            | B1 v -> Y ^  | AOI22XL   | 0.091 |   1.120 |    3.766 | 
     | picorv32_core_g193468            | C ^ -> Y v   | NAND4XL   | 0.046 |   1.166 |    3.812 | 
     | picorv32_core_g192734            | AN v -> Y v  | NAND4BXL  | 0.064 |   1.230 |    3.877 | 
     | picorv32_core_g191131__1617      | C0 v -> Y ^  | AOI211XL  | 0.054 |   1.284 |    3.931 | 
     | picorv32_core_g190930__5115      | D ^ -> Y v   | NAND4XL   | 0.042 |   1.326 |    3.973 | 
     | picorv32_core_reg_op2_reg[24]    | D v          | DFFQXL    | 0.000 |   1.326 |    3.973 | 
     +------------------------------------------------------------------------------------------+ 
Path 7: MET Setup Check with Pin picorv32_core_reg_op2_reg[12]/CK 
Endpoint:   picorv32_core_reg_op2_reg[12]/D (v) checked with  leading edge of 
'clk'
Beginpoint: wb_rst_i                        (^) triggered by  leading edge of 
'clk'
Path Groups: {in2reg}
Analysis View: analysis1
Other End Arrival Time          0.000
- Setup                         0.009
+ Phase Shift                   4.000
- Uncertainty                   0.020
= Required Time                 3.971
- Arrival Time                  1.323
= Slack Time                    2.648
     Clock Rise Edge                      0.000
     + Input Delay                        0.500
     + Drive Adjustment                   0.049
     = Beginpoint Arrival Time            0.549
     +------------------------------------------------------------------------------------------+ 
     |             Instance             |     Arc      |   Cell    | Delay | Arrival | Required | 
     |                                  |              |           |       |  Time   |   Time   | 
     |----------------------------------+--------------+-----------+-------+---------+----------| 
     |                                  | wb_rst_i ^   |           |       |   0.549 |    3.196 | 
     | picorv32_core_g197011            | B ^ -> Y ^   | OR2X1     | 0.137 |   0.685 |    3.333 | 
     | FE_OFC757_picorv32_core_n_199960 | A ^ -> Y v   | INVX1     | 0.085 |   0.770 |    3.418 | 
     | picorv32_core_g196363            | A1N v -> Y v | OAI2BB1X1 | 0.082 |   0.852 |    3.500 | 
     | picorv32_core_g195934            | B v -> Y v   | AND2XL    | 0.046 |   0.898 |    3.545 | 
     | picorv32_core_g195335            | B v -> Y v   | AND2X1    | 0.135 |   1.033 |    3.680 | 
     | picorv32_core_g194337            | B1 v -> Y ^  | AOI22XL   | 0.090 |   1.123 |    3.770 | 
     | picorv32_core_g193446            | C ^ -> Y v   | NAND4XL   | 0.051 |   1.174 |    3.822 | 
     | picorv32_core_g191257__7482      | B0 v -> Y ^  | AOI211XL  | 0.049 |   1.223 |    3.871 | 
     | picorv32_core_g191129__6783      | D ^ -> Y v   | NAND4XL   | 0.041 |   1.264 |    3.912 | 
     | picorv32_core_g191045__2802      | B0 v -> Y ^  | AOI21XL   | 0.029 |   1.293 |    3.941 | 
     | picorv32_core_g190926__8246      | D ^ -> Y v   | NAND4XL   | 0.030 |   1.323 |    3.971 | 
     | picorv32_core_reg_op2_reg[12]    | D v          | DFFQXL    | 0.000 |   1.323 |    3.971 | 
     +------------------------------------------------------------------------------------------+ 
Path 8: MET Setup Check with Pin picorv32_core_reg_op2_reg[7]/CK 
Endpoint:   picorv32_core_reg_op2_reg[7]/D (v) checked with  leading edge of 
'clk'
Beginpoint: wb_rst_i                       (^) triggered by  leading edge of 
'clk'
Path Groups: {in2reg}
Analysis View: analysis1
Other End Arrival Time          0.000
- Setup                         0.009
+ Phase Shift                   4.000
- Uncertainty                   0.020
= Required Time                 3.971
- Arrival Time                  1.322
= Slack Time                    2.650
     Clock Rise Edge                      0.000
     + Input Delay                        0.500
     + Drive Adjustment                   0.049
     = Beginpoint Arrival Time            0.549
     +------------------------------------------------------------------------------------------+ 
     |             Instance             |     Arc      |   Cell    | Delay | Arrival | Required | 
     |                                  |              |           |       |  Time   |   Time   | 
     |----------------------------------+--------------+-----------+-------+---------+----------| 
     |                                  | wb_rst_i ^   |           |       |   0.549 |    3.198 | 
     | picorv32_core_g197011            | B ^ -> Y ^   | OR2X1     | 0.137 |   0.685 |    3.335 | 
     | FE_OFC757_picorv32_core_n_199960 | A ^ -> Y v   | INVX1     | 0.085 |   0.770 |    3.420 | 
     | picorv32_core_g196363            | A1N v -> Y v | OAI2BB1X1 | 0.082 |   0.852 |    3.502 | 
     | picorv32_core_g195934            | B v -> Y v   | AND2XL    | 0.046 |   0.898 |    3.547 | 
     | picorv32_core_g195335            | B v -> Y v   | AND2X1    | 0.135 |   1.033 |    3.682 | 
     | picorv32_core_g194332            | B1 v -> Y ^  | AOI22XL   | 0.089 |   1.121 |    3.771 | 
     | picorv32_core_g193438            | A ^ -> Y v   | NAND4XL   | 0.038 |   1.159 |    3.809 | 
     | picorv32_core_g191251__5122      | C0 v -> Y ^  | AOI211XL  | 0.049 |   1.208 |    3.858 | 
     | picorv32_core_g191125__6260      | D ^ -> Y v   | NAND4XL   | 0.056 |   1.264 |    3.914 | 
     | picorv32_core_g191042__6783      | B0 v -> Y ^  | AOI21XL   | 0.031 |   1.296 |    3.945 | 
     | picorv32_core_g190920__6783      | D ^ -> Y v   | NAND4XL   | 0.026 |   1.322 |    3.971 | 
     | picorv32_core_reg_op2_reg[7]     | D v          | DFFQXL    | 0.000 |   1.322 |    3.971 | 
     +------------------------------------------------------------------------------------------+ 
Path 9: MET Setup Check with Pin picorv32_core_reg_op2_reg[6]/CK 
Endpoint:   picorv32_core_reg_op2_reg[6]/D (v) checked with  leading edge of 
'clk'
Beginpoint: wb_rst_i                       (^) triggered by  leading edge of 
'clk'
Path Groups: {in2reg}
Analysis View: analysis1
Other End Arrival Time          0.000
- Setup                         0.008
+ Phase Shift                   4.000
- Uncertainty                   0.020
= Required Time                 3.972
- Arrival Time                  1.315
= Slack Time                    2.657
     Clock Rise Edge                      0.000
     + Input Delay                        0.500
     + Drive Adjustment                   0.049
     = Beginpoint Arrival Time            0.549
     +------------------------------------------------------------------------------------------+ 
     |             Instance             |     Arc      |   Cell    | Delay | Arrival | Required | 
     |                                  |              |           |       |  Time   |   Time   | 
     |----------------------------------+--------------+-----------+-------+---------+----------| 
     |                                  | wb_rst_i ^   |           |       |   0.549 |    3.205 | 
     | picorv32_core_g197011            | B ^ -> Y ^   | OR2X1     | 0.137 |   0.685 |    3.342 | 
     | FE_OFC757_picorv32_core_n_199960 | A ^ -> Y v   | INVX1     | 0.085 |   0.770 |    3.427 | 
     | picorv32_core_g196363            | A1N v -> Y v | OAI2BB1X1 | 0.082 |   0.852 |    3.509 | 
     | picorv32_core_g195934            | B v -> Y v   | AND2XL    | 0.046 |   0.898 |    3.554 | 
     | picorv32_core_g195335            | B v -> Y v   | AND2X1    | 0.135 |   1.033 |    3.689 | 
     | picorv32_core_g194330            | B1 v -> Y ^  | AOI22XL   | 0.082 |   1.114 |    3.771 | 
     | picorv32_core_g193442            | C ^ -> Y v   | NAND4XL   | 0.047 |   1.161 |    3.818 | 
     | picorv32_core_g191248__1617      | B0 v -> Y ^  | AOI211XL  | 0.045 |   1.206 |    3.863 | 
     | picorv32_core_g191123__2398      | D ^ -> Y v   | NAND4XL   | 0.046 |   1.252 |    3.908 | 
     | picorv32_core_g191041__5526      | B0 v -> Y ^  | AOI21XL   | 0.036 |   1.287 |    3.944 | 
     | picorv32_core_g190919__5526      | D ^ -> Y v   | NAND4XL   | 0.028 |   1.315 |    3.972 | 
     | picorv32_core_reg_op2_reg[6]     | D v          | DFFQXL    | 0.000 |   1.315 |    3.972 | 
     +------------------------------------------------------------------------------------------+ 
Path 10: MET Setup Check with Pin picorv32_core_reg_op2_reg[21]/CK 
Endpoint:   picorv32_core_reg_op2_reg[21]/D (v) checked with  leading edge of 
'clk'
Beginpoint: wb_rst_i                        (^) triggered by  leading edge of 
'clk'
Path Groups: {in2reg}
Analysis View: analysis1
Other End Arrival Time          0.002
- Setup                         0.009
+ Phase Shift                   4.000
- Uncertainty                   0.020
= Required Time                 3.973
- Arrival Time                  1.307
= Slack Time                    2.667
     Clock Rise Edge                      0.000
     + Input Delay                        0.500
     + Drive Adjustment                   0.049
     = Beginpoint Arrival Time            0.549
     +------------------------------------------------------------------------------------------+ 
     |             Instance             |     Arc      |   Cell    | Delay | Arrival | Required | 
     |                                  |              |           |       |  Time   |   Time   | 
     |----------------------------------+--------------+-----------+-------+---------+----------| 
     |                                  | wb_rst_i ^   |           |       |   0.549 |    3.215 | 
     | picorv32_core_g197011            | B ^ -> Y ^   | OR2X1     | 0.137 |   0.685 |    3.352 | 
     | FE_OFC757_picorv32_core_n_199960 | A ^ -> Y v   | INVX1     | 0.085 |   0.770 |    3.437 | 
     | picorv32_core_g196363            | A1N v -> Y v | OAI2BB1X1 | 0.082 |   0.852 |    3.519 | 
     | picorv32_core_g195934            | B v -> Y v   | AND2XL    | 0.046 |   0.898 |    3.565 | 
     | picorv32_core_g195335            | B v -> Y v   | AND2X1    | 0.135 |   1.033 |    3.699 | 
     | picorv32_core_g194346            | B1 v -> Y ^  | AOI22XL   | 0.085 |   1.117 |    3.784 | 
     | picorv32_core_g193451            | C ^ -> Y v   | NAND4XL   | 0.047 |   1.164 |    3.831 | 
     | picorv32_core_g191258__4733      | B0 v -> Y ^  | AOI211XL  | 0.043 |   1.207 |    3.874 | 
     | picorv32_core_g191130__3680      | D ^ -> Y v   | NAND4XL   | 0.047 |   1.254 |    3.921 | 
     | picorv32_core_g191048__8246      | B0 v -> Y ^  | AOI21XL   | 0.027 |   1.281 |    3.948 | 
     | picorv32_core_g190929__1881      | D ^ -> Y v   | NAND4XL   | 0.025 |   1.306 |    3.973 | 
     | picorv32_core_reg_op2_reg[21]    | D v          | DFFQXL    | 0.000 |   1.307 |    3.973 | 
     +------------------------------------------------------------------------------------------+ 
Path 11: MET Setup Check with Pin picorv32_core_reg_op2_reg[14]/CK 
Endpoint:   picorv32_core_reg_op2_reg[14]/D (v) checked with  leading edge of 
'clk'
Beginpoint: wb_rst_i                        (^) triggered by  leading edge of 
'clk'
Path Groups: {in2reg}
Analysis View: analysis1
Other End Arrival Time         -0.000
- Setup                         0.013
+ Phase Shift                   4.000
- Uncertainty                   0.020
= Required Time                 3.967
- Arrival Time                  1.296
= Slack Time                    2.671
     Clock Rise Edge                      0.000
     + Input Delay                        0.500
     + Drive Adjustment                   0.049
     = Beginpoint Arrival Time            0.549
     +------------------------------------------------------------------------------------------+ 
     |             Instance             |     Arc      |   Cell    | Delay | Arrival | Required | 
     |                                  |              |           |       |  Time   |   Time   | 
     |----------------------------------+--------------+-----------+-------+---------+----------| 
     |                                  | wb_rst_i ^   |           |       |   0.549 |    3.220 | 
     | picorv32_core_g197011            | B ^ -> Y ^   | OR2X1     | 0.137 |   0.685 |    3.357 | 
     | FE_OFC757_picorv32_core_n_199960 | A ^ -> Y v   | INVX1     | 0.085 |   0.770 |    3.441 | 
     | picorv32_core_g196363            | A1N v -> Y v | OAI2BB1X1 | 0.082 |   0.852 |    3.523 | 
     | picorv32_core_g197866            | AN v -> Y v  | NOR2BX1   | 0.036 |   0.888 |    3.559 | 
     | picorv32_core_g195329            | B v -> Y v   | AND2X1    | 0.140 |   1.028 |    3.700 | 
     | picorv32_core_g194413            | B1 v -> Y ^  | AOI22XL   | 0.082 |   1.110 |    3.781 | 
     | picorv32_core_g193461            | C ^ -> Y v   | NAND4XL   | 0.039 |   1.150 |    3.821 | 
     | picorv32_core_g192735            | AN v -> Y v  | NAND4BXL  | 0.056 |   1.206 |    3.877 | 
     | picorv32_core_g191134__5122      | C0 v -> Y ^  | AOI211XL  | 0.036 |   1.241 |    3.913 | 
     | picorv32_core_g190934__9315      | D ^ -> Y v   | NAND4XL   | 0.054 |   1.295 |    3.967 | 
     | picorv32_core_reg_op2_reg[14]    | D v          | DFFQXL    | 0.000 |   1.296 |    3.967 | 
     +------------------------------------------------------------------------------------------+ 
Path 12: MET Setup Check with Pin picorv32_core_reg_op2_reg[23]/CK 
Endpoint:   picorv32_core_reg_op2_reg[23]/D (v) checked with  leading edge of 
'clk'
Beginpoint: wb_rst_i                        (^) triggered by  leading edge of 
'clk'
Path Groups: {in2reg}
Analysis View: analysis1
Other End Arrival Time          0.002
- Setup                         0.008
+ Phase Shift                   4.000
- Uncertainty                   0.020
= Required Time                 3.974
- Arrival Time                  1.302
= Slack Time                    2.671
     Clock Rise Edge                      0.000
     + Input Delay                        0.500
     + Drive Adjustment                   0.049
     = Beginpoint Arrival Time            0.549
     +------------------------------------------------------------------------------------------+ 
     |             Instance             |     Arc      |   Cell    | Delay | Arrival | Required | 
     |                                  |              |           |       |  Time   |   Time   | 
     |----------------------------------+--------------+-----------+-------+---------+----------| 
     |                                  | wb_rst_i ^   |           |       |   0.549 |    3.220 | 
     | picorv32_core_g197011            | B ^ -> Y ^   | OR2X1     | 0.137 |   0.685 |    3.357 | 
     | FE_OFC757_picorv32_core_n_199960 | A ^ -> Y v   | INVX1     | 0.085 |   0.770 |    3.441 | 
     | picorv32_core_g196363            | A1N v -> Y v | OAI2BB1X1 | 0.082 |   0.852 |    3.523 | 
     | picorv32_core_g195934            | B v -> Y v   | AND2XL    | 0.046 |   0.898 |    3.569 | 
     | picorv32_core_g195335            | B v -> Y v   | AND2X1    | 0.135 |   1.033 |    3.704 | 
     | picorv32_core_g194348            | B1 v -> Y ^  | AOI22XL   | 0.085 |   1.118 |    3.789 | 
     | picorv32_core_g193439            | B ^ -> Y v   | NAND4XL   | 0.038 |   1.156 |    3.827 | 
     | picorv32_core_g191252__8246      | C0 v -> Y ^  | AOI211XL  | 0.040 |   1.195 |    3.867 | 
     | picorv32_core_g191126__4319      | D ^ -> Y v   | NAND4XL   | 0.049 |   1.244 |    3.915 | 
     | picorv32_core_g191043__3680      | B0 v -> Y ^  | AOI21XL   | 0.033 |   1.277 |    3.948 | 
     | picorv32_core_g190922__1617      | D ^ -> Y v   | NAND4XL   | 0.025 |   1.302 |    3.974 | 
     | picorv32_core_reg_op2_reg[23]    | D v          | DFFQXL    | 0.000 |   1.302 |    3.974 | 
     +------------------------------------------------------------------------------------------+ 
Path 13: MET Setup Check with Pin picorv32_core_reg_op2_reg[27]/CK 
Endpoint:   picorv32_core_reg_op2_reg[27]/D (v) checked with  leading edge of 
'clk'
Beginpoint: wb_rst_i                        (^) triggered by  leading edge of 
'clk'
Path Groups: {in2reg}
Analysis View: analysis1
Other End Arrival Time          0.002
- Setup                         0.009
+ Phase Shift                   4.000
- Uncertainty                   0.020
= Required Time                 3.974
- Arrival Time                  1.299
= Slack Time                    2.675
     Clock Rise Edge                      0.000
     + Input Delay                        0.500
     + Drive Adjustment                   0.049
     = Beginpoint Arrival Time            0.549
     +------------------------------------------------------------------------------------------+ 
     |             Instance             |     Arc      |   Cell    | Delay | Arrival | Required | 
     |                                  |              |           |       |  Time   |   Time   | 
     |----------------------------------+--------------+-----------+-------+---------+----------| 
     |                                  | wb_rst_i ^   |           |       |   0.549 |    3.223 | 
     | picorv32_core_g197011            | B ^ -> Y ^   | OR2X1     | 0.137 |   0.685 |    3.360 | 
     | FE_OFC757_picorv32_core_n_199960 | A ^ -> Y v   | INVX1     | 0.085 |   0.770 |    3.445 | 
     | picorv32_core_g196363            | A1N v -> Y v | OAI2BB1X1 | 0.082 |   0.852 |    3.527 | 
     | picorv32_core_g195934            | B v -> Y v   | AND2XL    | 0.046 |   0.898 |    3.572 | 
     | picorv32_core_g195335            | B v -> Y v   | AND2X1    | 0.135 |   1.033 |    3.707 | 
     | picorv32_core_g194355            | B1 v -> Y ^  | AOI22XL   | 0.083 |   1.115 |    3.790 | 
     | picorv32_core_g193436            | A ^ -> Y v   | NAND4XL   | 0.042 |   1.157 |    3.832 | 
     | picorv32_core_g191253__7098      | C0 v -> Y ^  | AOI211XL  | 0.071 |   1.228 |    3.903 | 
     | picorv32_core_g191127__8428      | D ^ -> Y ^   | AND4XL    | 0.049 |   1.277 |    3.952 | 
     | picorv32_core_g190923__2802      | D ^ -> Y v   | NAND4XL   | 0.022 |   1.299 |    3.974 | 
     | picorv32_core_reg_op2_reg[27]    | D v          | DFFQXL    | 0.000 |   1.299 |    3.974 | 
     +------------------------------------------------------------------------------------------+ 
Path 14: MET Setup Check with Pin picorv32_core_reg_op2_reg[15]/CK 
Endpoint:   picorv32_core_reg_op2_reg[15]/D (v) checked with  leading edge of 
'clk'
Beginpoint: wb_rst_i                        (^) triggered by  leading edge of 
'clk'
Path Groups: {in2reg}
Analysis View: analysis1
Other End Arrival Time         -0.000
- Setup                         0.013
+ Phase Shift                   4.000
- Uncertainty                   0.020
= Required Time                 3.967
- Arrival Time                  1.288
= Slack Time                    2.678
     Clock Rise Edge                      0.000
     + Input Delay                        0.500
     + Drive Adjustment                   0.049
     = Beginpoint Arrival Time            0.549
     +------------------------------------------------------------------------------------------+ 
     |             Instance             |     Arc      |   Cell    | Delay | Arrival | Required | 
     |                                  |              |           |       |  Time   |   Time   | 
     |----------------------------------+--------------+-----------+-------+---------+----------| 
     |                                  | wb_rst_i ^   |           |       |   0.549 |    3.227 | 
     | picorv32_core_g197011            | B ^ -> Y ^   | OR2X1     | 0.137 |   0.685 |    3.364 | 
     | FE_OFC757_picorv32_core_n_199960 | A ^ -> Y v   | INVX1     | 0.085 |   0.770 |    3.449 | 
     | picorv32_core_g196363            | A1N v -> Y v | OAI2BB1X1 | 0.082 |   0.852 |    3.530 | 
     | picorv32_core_g197866            | AN v -> Y v  | NOR2BX1   | 0.036 |   0.888 |    3.566 | 
     | picorv32_core_g195329            | B v -> Y v   | AND2X1    | 0.140 |   1.028 |    3.707 | 
     | picorv32_core_g194361            | B1 v -> Y ^  | AOI22XL   | 0.087 |   1.115 |    3.793 | 
     | picorv32_core_g193462            | B ^ -> Y v   | NAND4XL   | 0.033 |   1.148 |    3.826 | 
     | picorv32_core_g191254__6131      | AN v -> Y v  | NAND4BXL  | 0.053 |   1.201 |    3.879 | 
     | picorv32_core_g191046__1705      | C0 v -> Y ^  | AOI211XL  | 0.034 |   1.235 |    3.913 | 
     | picorv32_core_g190927__7098      | D ^ -> Y v   | NAND4XL   | 0.053 |   1.288 |    3.967 | 
     | picorv32_core_reg_op2_reg[15]    | D v          | DFFQXL    | 0.000 |   1.288 |    3.967 | 
     +------------------------------------------------------------------------------------------+ 
Path 15: MET Setup Check with Pin picorv32_core_reg_op2_reg[8]/CK 
Endpoint:   picorv32_core_reg_op2_reg[8]/D (v) checked with  leading edge of 
'clk'
Beginpoint: wb_rst_i                       (^) triggered by  leading edge of 
'clk'
Path Groups: {in2reg}
Analysis View: analysis1
Other End Arrival Time         -0.000
- Setup                         0.011
+ Phase Shift                   4.000
- Uncertainty                   0.020
= Required Time                 3.969
- Arrival Time                  1.285
= Slack Time                    2.683
     Clock Rise Edge                      0.000
     + Input Delay                        0.500
     + Drive Adjustment                   0.049
     = Beginpoint Arrival Time            0.549
     +------------------------------------------------------------------------------------------+ 
     |             Instance             |     Arc      |   Cell    | Delay | Arrival | Required | 
     |                                  |              |           |       |  Time   |   Time   | 
     |----------------------------------+--------------+-----------+-------+---------+----------| 
     |                                  | wb_rst_i ^   |           |       |   0.549 |    3.232 | 
     | picorv32_core_g197011            | B ^ -> Y ^   | OR2X1     | 0.137 |   0.685 |    3.369 | 
     | FE_OFC757_picorv32_core_n_199960 | A ^ -> Y v   | INVX1     | 0.085 |   0.770 |    3.454 | 
     | picorv32_core_g196363            | A1N v -> Y v | OAI2BB1X1 | 0.082 |   0.852 |    3.535 | 
     | picorv32_core_g195934            | B v -> Y v   | AND2XL    | 0.046 |   0.898 |    3.581 | 
     | picorv32_core_g195335            | B v -> Y v   | AND2X1    | 0.135 |   1.033 |    3.716 | 
     | picorv32_core_g194335            | B1 v -> Y ^  | AOI22XL   | 0.080 |   1.113 |    3.796 | 
     | picorv32_core_g193445            | B ^ -> Y v   | NAND4XL   | 0.043 |   1.156 |    3.839 | 
     | picorv32_core_g191256__5115      | B0 v -> Y ^  | AOI211XL  | 0.051 |   1.207 |    3.890 | 
     | picorv32_core_g191128__5526      | D ^ -> Y ^   | AND4XL    | 0.042 |   1.249 |    3.932 | 
     | picorv32_core_g190925__5122      | D ^ -> Y v   | NAND4XL   | 0.036 |   1.285 |    3.969 | 
     | picorv32_core_reg_op2_reg[8]     | D v          | DFFQXL    | 0.000 |   1.285 |    3.969 | 
     +------------------------------------------------------------------------------------------+ 
Path 16: MET Setup Check with Pin picorv32_core_reg_op2_reg[29]/CK 
Endpoint:   picorv32_core_reg_op2_reg[29]/D (v) checked with  leading edge of 
'clk'
Beginpoint: wb_rst_i                        (^) triggered by  leading edge of 
'clk'
Path Groups: {in2reg}
Analysis View: analysis1
Other End Arrival Time          0.001
- Setup                         0.014
+ Phase Shift                   4.000
- Uncertainty                   0.020
= Required Time                 3.967
- Arrival Time                  1.271
= Slack Time                    2.696
     Clock Rise Edge                      0.000
     + Input Delay                        0.500
     + Drive Adjustment                   0.049
     = Beginpoint Arrival Time            0.549
     +------------------------------------------------------------------------------------------+ 
     |             Instance             |     Arc      |   Cell    | Delay | Arrival | Required | 
     |                                  |              |           |       |  Time   |   Time   | 
     |----------------------------------+--------------+-----------+-------+---------+----------| 
     |                                  | wb_rst_i ^   |           |       |   0.549 |    3.245 | 
     | picorv32_core_g197011            | B ^ -> Y ^   | OR2X1     | 0.137 |   0.685 |    3.382 | 
     | FE_OFC757_picorv32_core_n_199960 | A ^ -> Y v   | INVX1     | 0.085 |   0.770 |    3.466 | 
     | picorv32_core_g196363            | A1N v -> Y v | OAI2BB1X1 | 0.082 |   0.852 |    3.548 | 
     | picorv32_core_g197866            | AN v -> Y v  | NOR2BX1   | 0.036 |   0.888 |    3.584 | 
     | picorv32_core_g195329            | B v -> Y v   | AND2X1    | 0.140 |   1.028 |    3.725 | 
     | picorv32_core_g194310            | B1 v -> Y ^  | AOI22XL   | 0.082 |   1.111 |    3.807 | 
     | picorv32_core_g193471            | C ^ -> Y v   | NAND4XL   | 0.041 |   1.152 |    3.848 | 
     | picorv32_core_g191140__7482      | C v -> Y ^   | NOR4XL    | 0.049 |   1.201 |    3.897 | 
     | picorv32_core_g190944__6260      | D ^ -> Y v   | NAND4XL   | 0.070 |   1.271 |    3.967 | 
     | picorv32_core_reg_op2_reg[29]    | D v          | DFFQXL    | 0.000 |   1.271 |    3.967 | 
     +------------------------------------------------------------------------------------------+ 
Path 17: MET Setup Check with Pin picorv32_core_reg_op2_reg[20]/CK 
Endpoint:   picorv32_core_reg_op2_reg[20]/D (v) checked with  leading edge of 
'clk'
Beginpoint: wb_rst_i                        (^) triggered by  leading edge of 
'clk'
Path Groups: {in2reg}
Analysis View: analysis1
Other End Arrival Time          0.003
- Setup                         0.012
+ Phase Shift                   4.000
- Uncertainty                   0.020
= Required Time                 3.970
- Arrival Time                  1.271
= Slack Time                    2.699
     Clock Rise Edge                      0.000
     + Input Delay                        0.500
     + Drive Adjustment                   0.049
     = Beginpoint Arrival Time            0.549
     +------------------------------------------------------------------------------------------+ 
     |             Instance             |     Arc      |   Cell    | Delay | Arrival | Required | 
     |                                  |              |           |       |  Time   |   Time   | 
     |----------------------------------+--------------+-----------+-------+---------+----------| 
     |                                  | wb_rst_i ^   |           |       |   0.549 |    3.248 | 
     | picorv32_core_g197011            | B ^ -> Y ^   | OR2X1     | 0.137 |   0.685 |    3.385 | 
     | FE_OFC757_picorv32_core_n_199960 | A ^ -> Y v   | INVX1     | 0.085 |   0.770 |    3.470 | 
     | picorv32_core_g196363            | A1N v -> Y v | OAI2BB1X1 | 0.082 |   0.852 |    3.551 | 
     | picorv32_core_g197866            | AN v -> Y v  | NOR2BX1   | 0.036 |   0.888 |    3.587 | 
     | picorv32_core_g195329            | B v -> Y v   | AND2X1    | 0.140 |   1.028 |    3.728 | 
     | picorv32_core_g194275            | B1 v -> Y ^  | AOI22XL   | 0.081 |   1.110 |    3.809 | 
     | picorv32_core_g193465            | D ^ -> Y v   | NAND4XL   | 0.045 |   1.155 |    3.854 | 
     | picorv32_core_g191136__7098      | C v -> Y ^   | NOR4XL    | 0.055 |   1.210 |    3.909 | 
     | picorv32_core_g190936__2883      | D ^ -> Y v   | NAND4XL   | 0.061 |   1.271 |    3.970 | 
     | picorv32_core_reg_op2_reg[20]    | D v          | DFFQXL    | 0.000 |   1.271 |    3.970 | 
     +------------------------------------------------------------------------------------------+ 
Path 18: MET Setup Check with Pin picorv32_core_reg_op2_reg[22]/CK 
Endpoint:   picorv32_core_reg_op2_reg[22]/D (v) checked with  leading edge of 
'clk'
Beginpoint: wb_rst_i                        (^) triggered by  leading edge of 
'clk'
Path Groups: {in2reg}
Analysis View: analysis1
Other End Arrival Time          0.003
- Setup                         0.010
+ Phase Shift                   4.000
- Uncertainty                   0.020
= Required Time                 3.973
- Arrival Time                  1.272
= Slack Time                    2.701
     Clock Rise Edge                      0.000
     + Input Delay                        0.500
     + Drive Adjustment                   0.049
     = Beginpoint Arrival Time            0.549
     +------------------------------------------------------------------------------------------+ 
     |             Instance             |     Arc      |   Cell    | Delay | Arrival | Required | 
     |                                  |              |           |       |  Time   |   Time   | 
     |----------------------------------+--------------+-----------+-------+---------+----------| 
     |                                  | wb_rst_i ^   |           |       |   0.549 |    3.250 | 
     | picorv32_core_g197011            | B ^ -> Y ^   | OR2X1     | 0.137 |   0.685 |    3.387 | 
     | FE_OFC757_picorv32_core_n_199960 | A ^ -> Y v   | INVX1     | 0.085 |   0.770 |    3.471 | 
     | picorv32_core_g196363            | A1N v -> Y v | OAI2BB1X1 | 0.082 |   0.852 |    3.553 | 
     | picorv32_core_g197866            | AN v -> Y v  | NOR2BX1   | 0.036 |   0.888 |    3.589 | 
     | picorv32_core_g195329            | B v -> Y v   | AND2X1    | 0.140 |   1.028 |    3.730 | 
     | picorv32_core_g194436            | B1 v -> Y ^  | AOI22XL   | 0.084 |   1.113 |    3.814 | 
     | picorv32_core_g193467            | B ^ -> Y v   | NAND4XL   | 0.048 |   1.160 |    3.862 | 
     | picorv32_core_g191137__6131      | C v -> Y ^   | NOR4XL    | 0.064 |   1.225 |    3.926 | 
     | picorv32_core_g190937__2346      | D ^ -> Y v   | NAND4XL   | 0.047 |   1.272 |    3.973 | 
     | picorv32_core_reg_op2_reg[22]    | D v          | DFFQXL    | 0.000 |   1.272 |    3.973 | 
     +------------------------------------------------------------------------------------------+ 
Path 19: MET Setup Check with Pin picorv32_core_reg_op2_reg[11]/CK 
Endpoint:   picorv32_core_reg_op2_reg[11]/D (v) checked with  leading edge of 
'clk'
Beginpoint: wb_rst_i                        (^) triggered by  leading edge of 
'clk'
Path Groups: {in2reg}
Analysis View: analysis1
Other End Arrival Time         -0.001
- Setup                         0.009
+ Phase Shift                   4.000
- Uncertainty                   0.020
= Required Time                 3.969
- Arrival Time                  1.267
= Slack Time                    2.702
     Clock Rise Edge                      0.000
     + Input Delay                        0.500
     + Drive Adjustment                   0.049
     = Beginpoint Arrival Time            0.549
     +------------------------------------------------------------------------------------------+ 
     |             Instance             |     Arc      |   Cell    | Delay | Arrival | Required | 
     |                                  |              |           |       |  Time   |   Time   | 
     |----------------------------------+--------------+-----------+-------+---------+----------| 
     |                                  | wb_rst_i ^   |           |       |   0.549 |    3.251 | 
     | picorv32_core_g197011            | B ^ -> Y ^   | OR2X1     | 0.137 |   0.685 |    3.388 | 
     | FE_OFC757_picorv32_core_n_199960 | A ^ -> Y v   | INVX1     | 0.085 |   0.770 |    3.472 | 
     | picorv32_core_g196363            | A1N v -> Y v | OAI2BB1X1 | 0.082 |   0.852 |    3.554 | 
     | picorv32_core_g195934            | B v -> Y v   | AND2XL    | 0.046 |   0.898 |    3.600 | 
     | picorv32_core_g195335            | B v -> Y v   | AND2X1    | 0.135 |   1.033 |    3.735 | 
     | picorv32_core_g194147            | B1 v -> Y ^  | AOI22XL   | 0.111 |   1.144 |    3.846 | 
     | picorv32_core_g193419            | D ^ -> Y v   | NAND4XL   | 0.051 |   1.195 |    3.897 | 
     | picorv32_core_g191133__1705      | D v -> Y ^   | NOR4XL    | 0.037 |   1.232 |    3.935 | 
     | picorv32_core_g190933__6161      | D ^ -> Y v   | NAND4XL   | 0.035 |   1.267 |    3.969 | 
     | picorv32_core_reg_op2_reg[11]    | D v          | DFFQXL    | 0.000 |   1.267 |    3.969 | 
     +------------------------------------------------------------------------------------------+ 
Path 20: MET Setup Check with Pin picorv32_core_reg_op2_reg[10]/CK 
Endpoint:   picorv32_core_reg_op2_reg[10]/D (v) checked with  leading edge of 
'clk'
Beginpoint: wb_rst_i                        (^) triggered by  leading edge of 
'clk'
Path Groups: {in2reg}
Analysis View: analysis1
Other End Arrival Time         -0.001
- Setup                         0.012
+ Phase Shift                   4.000
- Uncertainty                   0.020
= Required Time                 3.967
- Arrival Time                  1.263
= Slack Time                    2.705
     Clock Rise Edge                      0.000
     + Input Delay                        0.500
     + Drive Adjustment                   0.049
     = Beginpoint Arrival Time            0.549
     +------------------------------------------------------------------------------------------+ 
     |             Instance             |     Arc      |   Cell    | Delay | Arrival | Required | 
     |                                  |              |           |       |  Time   |   Time   | 
     |----------------------------------+--------------+-----------+-------+---------+----------| 
     |                                  | wb_rst_i ^   |           |       |   0.549 |    3.253 | 
     | picorv32_core_g197011            | B ^ -> Y ^   | OR2X1     | 0.137 |   0.685 |    3.390 | 
     | FE_OFC757_picorv32_core_n_199960 | A ^ -> Y v   | INVX1     | 0.085 |   0.770 |    3.475 | 
     | picorv32_core_g196363            | A1N v -> Y v | OAI2BB1X1 | 0.082 |   0.852 |    3.556 | 
     | picorv32_core_g197866            | AN v -> Y v  | NOR2BX1   | 0.036 |   0.888 |    3.593 | 
     | picorv32_core_g195329            | B v -> Y v   | AND2X1    | 0.140 |   1.028 |    3.733 | 
     | picorv32_core_g194402            | B1 v -> Y ^  | AOI22XL   | 0.079 |   1.107 |    3.812 | 
     | picorv32_core_g193458            | B ^ -> Y v   | NAND4XL   | 0.033 |   1.140 |    3.845 | 
     | picorv32_core_g191261__9945      | AN v -> Y v  | NAND4BXL  | 0.048 |   1.188 |    3.893 | 
     | picorv32_core_g191050__6131      | C0 v -> Y ^  | AOI211XL  | 0.031 |   1.219 |    3.924 | 
     | picorv32_core_g190932__4733      | D ^ -> Y v   | NAND4XL   | 0.043 |   1.263 |    3.967 | 
     | picorv32_core_reg_op2_reg[10]    | D v          | DFFQXL    | 0.000 |   1.263 |    3.967 | 
     +------------------------------------------------------------------------------------------+ 
Path 21: MET Setup Check with Pin picorv32_core_reg_op2_reg[9]/CK 
Endpoint:   picorv32_core_reg_op2_reg[9]/D (v) checked with  leading edge of 
'clk'
Beginpoint: wb_rst_i                       (^) triggered by  leading edge of 
'clk'
Path Groups: {in2reg}
Analysis View: analysis1
Other End Arrival Time         -0.002
- Setup                         0.010
+ Phase Shift                   4.000
- Uncertainty                   0.020
= Required Time                 3.968
- Arrival Time                  1.261
= Slack Time                    2.707
     Clock Rise Edge                      0.000
     + Input Delay                        0.500
     + Drive Adjustment                   0.049
     = Beginpoint Arrival Time            0.549
     +------------------------------------------------------------------------------------------+ 
     |             Instance             |     Arc      |   Cell    | Delay | Arrival | Required | 
     |                                  |              |           |       |  Time   |   Time   | 
     |----------------------------------+--------------+-----------+-------+---------+----------| 
     |                                  | wb_rst_i ^   |           |       |   0.549 |    3.256 | 
     | picorv32_core_g197011            | B ^ -> Y ^   | OR2X1     | 0.137 |   0.685 |    3.393 | 
     | FE_OFC757_picorv32_core_n_199960 | A ^ -> Y v   | INVX1     | 0.085 |   0.770 |    3.478 | 
     | picorv32_core_g196363            | A1N v -> Y v | OAI2BB1X1 | 0.082 |   0.852 |    3.559 | 
     | picorv32_core_g197866            | AN v -> Y v  | NOR2BX1   | 0.036 |   0.888 |    3.595 | 
     | picorv32_core_g195329            | B v -> Y v   | AND2X1    | 0.140 |   1.028 |    3.736 | 
     | picorv32_core_g194376            | B1 v -> Y ^  | AOI22XL   | 0.083 |   1.111 |    3.819 | 
     | picorv32_core_g193457            | C ^ -> Y v   | NAND4XL   | 0.043 |   1.154 |    3.861 | 
     | picorv32_core_g191260__9315      | AN v -> Y v  | NAND4BXL  | 0.043 |   1.197 |    3.904 | 
     | picorv32_core_g191049__7098      | C0 v -> Y ^  | AOI211XL  | 0.029 |   1.226 |    3.934 | 
     | picorv32_core_g190931__7482      | D ^ -> Y v   | NAND4XL   | 0.035 |   1.261 |    3.968 | 
     | picorv32_core_reg_op2_reg[9]     | D v          | DFFQXL    | 0.000 |   1.261 |    3.968 | 
     +------------------------------------------------------------------------------------------+ 
Path 22: MET Setup Check with Pin picorv32_core_reg_op2_reg[17]/CK 
Endpoint:   picorv32_core_reg_op2_reg[17]/D (v) checked with  leading edge of 
'clk'
Beginpoint: wb_rst_i                        (^) triggered by  leading edge of 
'clk'
Path Groups: {in2reg}
Analysis View: analysis1
Other End Arrival Time         -0.002
- Setup                         0.010
+ Phase Shift                   4.000
- Uncertainty                   0.020
= Required Time                 3.968
- Arrival Time                  1.258
= Slack Time                    2.710
     Clock Rise Edge                      0.000
     + Input Delay                        0.500
     + Drive Adjustment                   0.049
     = Beginpoint Arrival Time            0.549
     +------------------------------------------------------------------------------------------+ 
     |             Instance             |     Arc      |   Cell    | Delay | Arrival | Required | 
     |                                  |              |           |       |  Time   |   Time   | 
     |----------------------------------+--------------+-----------+-------+---------+----------| 
     |                                  | wb_rst_i ^   |           |       |   0.549 |    3.259 | 
     | picorv32_core_g197011            | B ^ -> Y ^   | OR2X1     | 0.137 |   0.685 |    3.395 | 
     | FE_OFC757_picorv32_core_n_199960 | A ^ -> Y v   | INVX1     | 0.085 |   0.770 |    3.480 | 
     | picorv32_core_g196363            | A1N v -> Y v | OAI2BB1X1 | 0.082 |   0.852 |    3.562 | 
     | picorv32_core_g197866            | AN v -> Y v  | NOR2BX1   | 0.036 |   0.888 |    3.598 | 
     | picorv32_core_g195329            | B v -> Y v   | AND2X1    | 0.140 |   1.028 |    3.738 | 
     | picorv32_core_g194282            | B1 v -> Y ^  | AOI22XL   | 0.082 |   1.110 |    3.820 | 
     | picorv32_core_g193463            | D ^ -> Y v   | NAND4XL   | 0.041 |   1.151 |    3.861 | 
     | picorv32_core_g191255__1881      | AN v -> Y v  | NAND4BXL  | 0.042 |   1.193 |    3.903 | 
     | picorv32_core_g191047__5122      | C0 v -> Y ^  | AOI211XL  | 0.029 |   1.222 |    3.932 | 
     | picorv32_core_g190928__6131      | D ^ -> Y v   | NAND4XL   | 0.036 |   1.258 |    3.968 | 
     | picorv32_core_reg_op2_reg[17]    | D v          | DFFQXL    | 0.000 |   1.258 |    3.968 | 
     +------------------------------------------------------------------------------------------+ 
Path 23: MET Setup Check with Pin picorv32_core_reg_op2_reg[31]/CK 
Endpoint:   picorv32_core_reg_op2_reg[31]/D (v) checked with  leading edge of 
'clk'
Beginpoint: wb_rst_i                        (^) triggered by  leading edge of 
'clk'
Path Groups: {in2reg}
Analysis View: analysis1
Other End Arrival Time          0.000
- Setup                         0.010
+ Phase Shift                   4.000
- Uncertainty                   0.020
= Required Time                 3.970
- Arrival Time                  1.255
= Slack Time                    2.715
     Clock Rise Edge                      0.000
     + Input Delay                        0.500
     + Drive Adjustment                   0.049
     = Beginpoint Arrival Time            0.549
     +------------------------------------------------------------------------------------------+ 
     |             Instance             |     Arc      |   Cell    | Delay | Arrival | Required | 
     |                                  |              |           |       |  Time   |   Time   | 
     |----------------------------------+--------------+-----------+-------+---------+----------| 
     |                                  | wb_rst_i ^   |           |       |   0.549 |    3.264 | 
     | picorv32_core_g197011            | B ^ -> Y ^   | OR2X1     | 0.137 |   0.685 |    3.400 | 
     | FE_OFC757_picorv32_core_n_199960 | A ^ -> Y v   | INVX1     | 0.085 |   0.770 |    3.485 | 
     | picorv32_core_g196363            | A1N v -> Y v | OAI2BB1X1 | 0.082 |   0.852 |    3.567 | 
     | picorv32_core_g197866            | AN v -> Y v  | NOR2BX1   | 0.036 |   0.888 |    3.603 | 
     | picorv32_core_g195329            | B v -> Y v   | AND2X1    | 0.140 |   1.028 |    3.743 | 
     | picorv32_core_g194309            | B1 v -> Y ^  | AOI22XL   | 0.081 |   1.109 |    3.824 | 
     | picorv32_core_g193472            | C ^ -> Y v   | NAND4XL   | 0.045 |   1.154 |    3.869 | 
     | picorv32_core_g191265__7410      | AN v -> Y v  | NAND4BXL  | 0.038 |   1.192 |    3.907 | 
     | picorv32_core_g191051__1881      | C0 v -> Y ^  | AOI211XL  | 0.027 |   1.219 |    3.934 | 
     | picorv32_core_g190939__7410      | D ^ -> Y v   | NAND4XL   | 0.036 |   1.255 |    3.970 | 
     | picorv32_core_reg_op2_reg[31]    | D v          | DFFQXL    | 0.000 |   1.255 |    3.970 | 
     +------------------------------------------------------------------------------------------+ 
Path 24: MET Setup Check with Pin picorv32_core_reg_op2_reg[30]/CK 
Endpoint:   picorv32_core_reg_op2_reg[30]/D (v) checked with  leading edge of 
'clk'
Beginpoint: wb_rst_i                        (^) triggered by  leading edge of 
'clk'
Path Groups: {in2reg}
Analysis View: analysis1
Other End Arrival Time          0.001
- Setup                         0.009
+ Phase Shift                   4.000
- Uncertainty                   0.020
= Required Time                 3.972
- Arrival Time                  1.251
= Slack Time                    2.722
     Clock Rise Edge                      0.000
     + Input Delay                        0.500
     + Drive Adjustment                   0.049
     = Beginpoint Arrival Time            0.549
     +------------------------------------------------------------------------------------------+ 
     |             Instance             |     Arc      |   Cell    | Delay | Arrival | Required | 
     |                                  |              |           |       |  Time   |   Time   | 
     |----------------------------------+--------------+-----------+-------+---------+----------| 
     |                                  | wb_rst_i ^   |           |       |   0.549 |    3.270 | 
     | picorv32_core_g197011            | B ^ -> Y ^   | OR2X1     | 0.137 |   0.685 |    3.407 | 
     | FE_OFC757_picorv32_core_n_199960 | A ^ -> Y v   | INVX1     | 0.085 |   0.770 |    3.492 | 
     | picorv32_core_g196363            | A1N v -> Y v | OAI2BB1X1 | 0.082 |   0.852 |    3.573 | 
     | picorv32_core_g195934            | B v -> Y v   | AND2XL    | 0.046 |   0.898 |    3.619 | 
     | picorv32_core_g195335            | B v -> Y v   | AND2X1    | 0.135 |   1.033 |    3.754 | 
     | picorv32_core_g194321            | B1 v -> Y ^  | AOI22XL   | 0.086 |   1.118 |    3.840 | 
     | picorv32_core_g193479            | B ^ -> Y v   | NAND4XL   | 0.046 |   1.164 |    3.886 | 
     | picorv32_core_g191264__1666      | B0 v -> Y ^  | AOI211XL  | 0.049 |   1.213 |    3.935 | 
     | picorv32_core_g190942__2398      | D ^ -> Y v   | NAND4XL   | 0.037 |   1.251 |    3.972 | 
     | picorv32_core_reg_op2_reg[30]    | D v          | DFFQXL    | 0.000 |   1.251 |    3.972 | 
     +------------------------------------------------------------------------------------------+ 
Path 25: MET Setup Check with Pin picorv32_core_reg_op2_reg[19]/CK 
Endpoint:   picorv32_core_reg_op2_reg[19]/D (v) checked with  leading edge of 
'clk'
Beginpoint: wb_rst_i                        (^) triggered by  leading edge of 
'clk'
Path Groups: {in2reg}
Analysis View: analysis1
Other End Arrival Time          0.002
- Setup                         0.009
+ Phase Shift                   4.000
- Uncertainty                   0.020
= Required Time                 3.973
- Arrival Time                  1.249
= Slack Time                    2.724
     Clock Rise Edge                      0.000
     + Input Delay                        0.500
     + Drive Adjustment                   0.049
     = Beginpoint Arrival Time            0.549
     +------------------------------------------------------------------------------------------+ 
     |             Instance             |     Arc      |   Cell    | Delay | Arrival | Required | 
     |                                  |              |           |       |  Time   |   Time   | 
     |----------------------------------+--------------+-----------+-------+---------+----------| 
     |                                  | wb_rst_i ^   |           |       |   0.549 |    3.273 | 
     | picorv32_core_g197011            | B ^ -> Y ^   | OR2X1     | 0.137 |   0.685 |    3.409 | 
     | FE_OFC757_picorv32_core_n_199960 | A ^ -> Y v   | INVX1     | 0.085 |   0.770 |    3.494 | 
     | picorv32_core_g196363            | A1N v -> Y v | OAI2BB1X1 | 0.082 |   0.852 |    3.576 | 
     | picorv32_core_g195934            | B v -> Y v   | AND2XL    | 0.046 |   0.898 |    3.622 | 
     | picorv32_core_g195335            | B v -> Y v   | AND2X1    | 0.135 |   1.033 |    3.757 | 
     | picorv32_core_g194344            | B1 v -> Y ^  | AOI22XL   | 0.084 |   1.116 |    3.840 | 
     | picorv32_core_g193480            | C ^ -> Y v   | NAND4XL   | 0.046 |   1.162 |    3.886 | 
     | picorv32_core_g191266__6417      | B0 v -> Y ^  | AOI211XL  | 0.052 |   1.214 |    3.938 | 
     | picorv32_core_g190943__5107      | D ^ -> Y v   | NAND4XL   | 0.035 |   1.249 |    3.973 | 
     | picorv32_core_reg_op2_reg[19]    | D v          | DFFQXL    | 0.000 |   1.249 |    3.973 | 
     +------------------------------------------------------------------------------------------+ 
Path 26: MET Setup Check with Pin picorv32_core_reg_op2_reg[16]/CK 
Endpoint:   picorv32_core_reg_op2_reg[16]/D (v) checked with  leading edge of 
'clk'
Beginpoint: wb_rst_i                        (^) triggered by  leading edge of 
'clk'
Path Groups: {in2reg}
Analysis View: analysis1
Other End Arrival Time          0.002
- Setup                         0.010
+ Phase Shift                   4.000
- Uncertainty                   0.020
= Required Time                 3.972
- Arrival Time                  1.239
= Slack Time                    2.734
     Clock Rise Edge                      0.000
     + Input Delay                        0.500
     + Drive Adjustment                   0.049
     = Beginpoint Arrival Time            0.549
     +------------------------------------------------------------------------------------------+ 
     |             Instance             |     Arc      |   Cell    | Delay | Arrival | Required | 
     |                                  |              |           |       |  Time   |   Time   | 
     |----------------------------------+--------------+-----------+-------+---------+----------| 
     |                                  | wb_rst_i ^   |           |       |   0.549 |    3.282 | 
     | picorv32_core_g197011            | B ^ -> Y ^   | OR2X1     | 0.137 |   0.685 |    3.419 | 
     | FE_OFC757_picorv32_core_n_199960 | A ^ -> Y v   | INVX1     | 0.085 |   0.770 |    3.504 | 
     | picorv32_core_g196363            | A1N v -> Y v | OAI2BB1X1 | 0.082 |   0.852 |    3.586 | 
     | picorv32_core_g195934            | B v -> Y v   | AND2XL    | 0.046 |   0.898 |    3.631 | 
     | picorv32_core_g195335            | B v -> Y v   | AND2X1    | 0.135 |   1.033 |    3.766 | 
     | picorv32_core_g194239            | B1 v -> Y ^  | AOI22XL   | 0.081 |   1.114 |    3.848 | 
     | picorv32_core_g193448            | D ^ -> Y v   | NAND4XL   | 0.038 |   1.152 |    3.886 | 
     | picorv32_core_g191249__2802      | B0 v -> Y ^  | AOI211XL  | 0.046 |   1.198 |    3.932 | 
     | picorv32_core_g190921__3680      | D ^ -> Y v   | NAND4XL   | 0.041 |   1.239 |    3.972 | 
     | picorv32_core_reg_op2_reg[16]    | D v          | DFFQXL    | 0.000 |   1.239 |    3.972 | 
     +------------------------------------------------------------------------------------------+ 
Path 27: MET Setup Check with Pin picorv32_core_reg_op2_reg[13]/CK 
Endpoint:   picorv32_core_reg_op2_reg[13]/D (v) checked with  leading edge of 
'clk'
Beginpoint: wb_rst_i                        (^) triggered by  leading edge of 
'clk'
Path Groups: {in2reg}
Analysis View: analysis1
Other End Arrival Time         -0.001
- Setup                         0.010
+ Phase Shift                   4.000
- Uncertainty                   0.020
= Required Time                 3.969
- Arrival Time                  1.232
= Slack Time                    2.737
     Clock Rise Edge                      0.000
     + Input Delay                        0.500
     + Drive Adjustment                   0.049
     = Beginpoint Arrival Time            0.549
     +------------------------------------------------------------------------------------------+ 
     |             Instance             |     Arc      |   Cell    | Delay | Arrival | Required | 
     |                                  |              |           |       |  Time   |   Time   | 
     |----------------------------------+--------------+-----------+-------+---------+----------| 
     |                                  | wb_rst_i ^   |           |       |   0.549 |    3.285 | 
     | picorv32_core_g197011            | B ^ -> Y ^   | OR2X1     | 0.137 |   0.685 |    3.422 | 
     | FE_OFC757_picorv32_core_n_199960 | A ^ -> Y v   | INVX1     | 0.085 |   0.770 |    3.507 | 
     | picorv32_core_g196363            | A1N v -> Y v | OAI2BB1X1 | 0.082 |   0.852 |    3.588 | 
     | picorv32_core_g195934            | B v -> Y v   | AND2XL    | 0.046 |   0.898 |    3.634 | 
     | picorv32_core_g195335            | B v -> Y v   | AND2X1    | 0.135 |   1.033 |    3.769 | 
     | picorv32_core_g194231            | B1 v -> Y ^  | AOI22XL   | 0.078 |   1.111 |    3.847 | 
     | picorv32_core_g193477            | D ^ -> Y v   | NAND4XL   | 0.041 |   1.152 |    3.889 | 
     | picorv32_core_g191262__2883      | B0 v -> Y ^  | AOI211XL  | 0.040 |   1.192 |    3.929 | 
     | picorv32_core_g190913__5477      | D ^ -> Y v   | NAND4XL   | 0.039 |   1.232 |    3.969 | 
     | picorv32_core_reg_op2_reg[13]    | D v          | DFFQXL    | 0.000 |   1.232 |    3.969 | 
     +------------------------------------------------------------------------------------------+ 
Path 28: MET Setup Check with Pin picorv32_core_genblk2.pcpi_div_dividend_
reg[3]/CK 
Endpoint:   picorv32_core_genblk2.pcpi_div_dividend_reg[3]/D (^) checked with  
leading edge of 'clk'
Beginpoint: wb_rst_i                                         (v) triggered by  
leading edge of 'clk'
Path Groups: {in2reg}
Analysis View: analysis1
Other End Arrival Time         -0.001
- Setup                         0.013
+ Phase Shift                   4.000
- Uncertainty                   0.020
= Required Time                 3.965
- Arrival Time                  1.186
= Slack Time                    2.779
     Clock Rise Edge                      0.000
     + Input Delay                        0.500
     + Drive Adjustment                   0.046
     = Beginpoint Arrival Time            0.546
     +-------------------------------------------------------------------------------------------------------+ 
     |                    Instance                    |     Arc     |   Cell    | Delay | Arrival | Required | 
     |                                                |             |           |       |  Time   |   Time   | 
     |------------------------------------------------+-------------+-----------+-------+---------+----------| 
     |                                                | wb_rst_i v  |           |       |   0.546 |    3.325 | 
     | g59                                            | A v -> Y ^  | INVX2     | 0.091 |   0.637 |    3.416 | 
     | g52                                            | C ^ -> Y ^  | AND3XL    | 0.103 |   0.740 |    3.519 | 
     | FE_OFC881_n_2408                               | A ^ -> Y ^  | BUFX2     | 0.090 |   0.830 |    3.610 | 
     | g50                                            | B ^ -> Y ^  | AND2XL    | 0.126 |   0.957 |    3.736 | 
     | g49                                            | B0 ^ -> Y ^ | AO21XL    | 0.136 |   1.092 |    3.872 | 
     | picorv32_core_genblk2.pcpi_div_g14178          | A1 ^ -> Y v | AOI22XL   | 0.077 |   1.169 |    3.948 | 
     | picorv32_core_genblk2.pcpi_div_g14146          | B0 v -> Y ^ | OAI2BB1X1 | 0.017 |   1.186 |    3.965 | 
     | picorv32_core_genblk2.pcpi_div_dividend_reg[3] | D ^         | DFFQXL    | 0.000 |   1.186 |    3.965 | 
     +-------------------------------------------------------------------------------------------------------+ 
Path 29: MET Setup Check with Pin picorv32_core_genblk2.pcpi_div_dividend_
reg[4]/CK 
Endpoint:   picorv32_core_genblk2.pcpi_div_dividend_reg[4]/D (^) checked with  
leading edge of 'clk'
Beginpoint: wb_rst_i                                         (v) triggered by  
leading edge of 'clk'
Path Groups: {in2reg}
Analysis View: analysis1
Other End Arrival Time         -0.001
- Setup                         0.013
+ Phase Shift                   4.000
- Uncertainty                   0.020
= Required Time                 3.965
- Arrival Time                  1.185
= Slack Time                    2.780
     Clock Rise Edge                      0.000
     + Input Delay                        0.500
     + Drive Adjustment                   0.046
     = Beginpoint Arrival Time            0.546
     +-------------------------------------------------------------------------------------------------------+ 
     |                    Instance                    |     Arc     |   Cell    | Delay | Arrival | Required | 
     |                                                |             |           |       |  Time   |   Time   | 
     |------------------------------------------------+-------------+-----------+-------+---------+----------| 
     |                                                | wb_rst_i v  |           |       |   0.546 |    3.326 | 
     | g59                                            | A v -> Y ^  | INVX2     | 0.091 |   0.637 |    3.417 | 
     | g52                                            | C ^ -> Y ^  | AND3XL    | 0.103 |   0.740 |    3.520 | 
     | FE_OFC881_n_2408                               | A ^ -> Y ^  | BUFX2     | 0.090 |   0.830 |    3.610 | 
     | g50                                            | B ^ -> Y ^  | AND2XL    | 0.126 |   0.957 |    3.737 | 
     | g49                                            | B0 ^ -> Y ^ | AO21XL    | 0.136 |   1.092 |    3.873 | 
     | picorv32_core_genblk2.pcpi_div_g14179          | A1 ^ -> Y v | AOI22XL   | 0.075 |   1.168 |    3.948 | 
     | picorv32_core_genblk2.pcpi_div_g14147          | B0 v -> Y ^ | OAI2BB1X1 | 0.017 |   1.185 |    3.965 | 
     | picorv32_core_genblk2.pcpi_div_dividend_reg[4] | D ^         | DFFQXL    | 0.000 |   1.185 |    3.965 | 
     +-------------------------------------------------------------------------------------------------------+ 
Path 30: MET Setup Check with Pin picorv32_core_genblk2.pcpi_div_dividend_
reg[2]/CK 
Endpoint:   picorv32_core_genblk2.pcpi_div_dividend_reg[2]/D (^) checked with  
leading edge of 'clk'
Beginpoint: wb_rst_i                                         (v) triggered by  
leading edge of 'clk'
Path Groups: {in2reg}
Analysis View: analysis1
Other End Arrival Time         -0.001
- Setup                         0.013
+ Phase Shift                   4.000
- Uncertainty                   0.020
= Required Time                 3.965
- Arrival Time                  1.185
= Slack Time                    2.781
     Clock Rise Edge                      0.000
     + Input Delay                        0.500
     + Drive Adjustment                   0.046
     = Beginpoint Arrival Time            0.546
     +-------------------------------------------------------------------------------------------------------+ 
     |                    Instance                    |     Arc     |   Cell    | Delay | Arrival | Required | 
     |                                                |             |           |       |  Time   |   Time   | 
     |------------------------------------------------+-------------+-----------+-------+---------+----------| 
     |                                                | wb_rst_i v  |           |       |   0.546 |    3.327 | 
     | g59                                            | A v -> Y ^  | INVX2     | 0.091 |   0.637 |    3.417 | 
     | g52                                            | C ^ -> Y ^  | AND3XL    | 0.103 |   0.740 |    3.521 | 
     | FE_OFC881_n_2408                               | A ^ -> Y ^  | BUFX2     | 0.090 |   0.830 |    3.611 | 
     | g50                                            | B ^ -> Y ^  | AND2XL    | 0.126 |   0.957 |    3.737 | 
     | g49                                            | B0 ^ -> Y ^ | AO21XL    | 0.136 |   1.092 |    3.873 | 
     | picorv32_core_genblk2.pcpi_div_g14177          | A1 ^ -> Y v | AOI22XL   | 0.075 |   1.168 |    3.948 | 
     | picorv32_core_genblk2.pcpi_div_g14144          | B0 v -> Y ^ | OAI2BB1X1 | 0.017 |   1.185 |    3.965 | 
     | picorv32_core_genblk2.pcpi_div_dividend_reg[2] | D ^         | DFFQXL    | 0.000 |   1.185 |    3.965 | 
     +-------------------------------------------------------------------------------------------------------+ 
Path 31: MET Setup Check with Pin picorv32_core_genblk2.pcpi_div_dividend_
reg[5]/CK 
Endpoint:   picorv32_core_genblk2.pcpi_div_dividend_reg[5]/D (^) checked with  
leading edge of 'clk'
Beginpoint: wb_rst_i                                         (v) triggered by  
leading edge of 'clk'
Path Groups: {in2reg}
Analysis View: analysis1
Other End Arrival Time         -0.000
- Setup                         0.013
+ Phase Shift                   4.000
- Uncertainty                   0.020
= Required Time                 3.966
- Arrival Time                  1.185
= Slack Time                    2.781
     Clock Rise Edge                      0.000
     + Input Delay                        0.500
     + Drive Adjustment                   0.046
     = Beginpoint Arrival Time            0.546
     +-------------------------------------------------------------------------------------------------------+ 
     |                    Instance                    |     Arc     |   Cell    | Delay | Arrival | Required | 
     |                                                |             |           |       |  Time   |   Time   | 
     |------------------------------------------------+-------------+-----------+-------+---------+----------| 
     |                                                | wb_rst_i v  |           |       |   0.546 |    3.327 | 
     | g59                                            | A v -> Y ^  | INVX2     | 0.091 |   0.637 |    3.418 | 
     | g52                                            | C ^ -> Y ^  | AND3XL    | 0.103 |   0.740 |    3.521 | 
     | FE_OFC881_n_2408                               | A ^ -> Y ^  | BUFX2     | 0.090 |   0.830 |    3.611 | 
     | g50                                            | B ^ -> Y ^  | AND2XL    | 0.126 |   0.957 |    3.738 | 
     | g49                                            | B0 ^ -> Y ^ | AO21XL    | 0.136 |   1.092 |    3.874 | 
     | picorv32_core_genblk2.pcpi_div_g14180          | A1 ^ -> Y v | AOI22XL   | 0.076 |   1.168 |    3.949 | 
     | picorv32_core_genblk2.pcpi_div_g14148          | B0 v -> Y ^ | OAI2BB1X1 | 0.017 |   1.185 |    3.966 | 
     | picorv32_core_genblk2.pcpi_div_dividend_reg[5] | D ^         | DFFQXL    | 0.000 |   1.185 |    3.966 | 
     +-------------------------------------------------------------------------------------------------------+ 
Path 32: MET Setup Check with Pin picorv32_core_genblk2.pcpi_div_dividend_
reg[1]/CK 
Endpoint:   picorv32_core_genblk2.pcpi_div_dividend_reg[1]/D (^) checked with  
leading edge of 'clk'
Beginpoint: wb_rst_i                                         (v) triggered by  
leading edge of 'clk'
Path Groups: {in2reg}
Analysis View: analysis1
Other End Arrival Time         -0.001
- Setup                         0.013
+ Phase Shift                   4.000
- Uncertainty                   0.020
= Required Time                 3.966
- Arrival Time                  1.184
= Slack Time                    2.781
     Clock Rise Edge                      0.000
     + Input Delay                        0.500
     + Drive Adjustment                   0.046
     = Beginpoint Arrival Time            0.546
     +-------------------------------------------------------------------------------------------------------+ 
     |                    Instance                    |     Arc     |   Cell    | Delay | Arrival | Required | 
     |                                                |             |           |       |  Time   |   Time   | 
     |------------------------------------------------+-------------+-----------+-------+---------+----------| 
     |                                                | wb_rst_i v  |           |       |   0.546 |    3.327 | 
     | g59                                            | A v -> Y ^  | INVX2     | 0.091 |   0.637 |    3.418 | 
     | g52                                            | C ^ -> Y ^  | AND3XL    | 0.103 |   0.740 |    3.521 | 
     | FE_OFC881_n_2408                               | A ^ -> Y ^  | BUFX2     | 0.090 |   0.830 |    3.612 | 
     | g50                                            | B ^ -> Y ^  | AND2XL    | 0.126 |   0.957 |    3.738 | 
     | g49                                            | B0 ^ -> Y ^ | AO21XL    | 0.136 |   1.092 |    3.874 | 
     | picorv32_core_genblk2.pcpi_div_g14176          | A1 ^ -> Y v | AOI22XL   | 0.075 |   1.168 |    3.949 | 
     | picorv32_core_genblk2.pcpi_div_g14145          | B0 v -> Y ^ | OAI2BB1X1 | 0.017 |   1.184 |    3.966 | 
     | picorv32_core_genblk2.pcpi_div_dividend_reg[1] | D ^         | DFFQXL    | 0.000 |   1.184 |    3.966 | 
     +-------------------------------------------------------------------------------------------------------+ 
Path 33: MET Setup Check with Pin picorv32_core_genblk2.pcpi_div_dividend_
reg[0]/CK 
Endpoint:   picorv32_core_genblk2.pcpi_div_dividend_reg[0]/D (^) checked with  
leading edge of 'clk'
Beginpoint: wb_rst_i                                         (v) triggered by  
leading edge of 'clk'
Path Groups: {in2reg}
Analysis View: analysis1
Other End Arrival Time         -0.001
- Setup                         0.013
+ Phase Shift                   4.000
- Uncertainty                   0.020
= Required Time                 3.966
- Arrival Time                  1.184
= Slack Time                    2.782
     Clock Rise Edge                      0.000
     + Input Delay                        0.500
     + Drive Adjustment                   0.046
     = Beginpoint Arrival Time            0.546
     +-------------------------------------------------------------------------------------------------------+ 
     |                    Instance                    |     Arc     |   Cell    | Delay | Arrival | Required | 
     |                                                |             |           |       |  Time   |   Time   | 
     |------------------------------------------------+-------------+-----------+-------+---------+----------| 
     |                                                | wb_rst_i v  |           |       |   0.546 |    3.328 | 
     | g59                                            | A v -> Y ^  | INVX2     | 0.091 |   0.637 |    3.418 | 
     | g52                                            | C ^ -> Y ^  | AND3XL    | 0.103 |   0.740 |    3.522 | 
     | FE_OFC881_n_2408                               | A ^ -> Y ^  | BUFX2     | 0.090 |   0.830 |    3.612 | 
     | g50                                            | B ^ -> Y ^  | AND2XL    | 0.126 |   0.957 |    3.738 | 
     | g49                                            | B0 ^ -> Y ^ | AO21XL    | 0.136 |   1.093 |    3.874 | 
     | picorv32_core_genblk2.pcpi_div_g14175          | A1 ^ -> Y v | AOI22XL   | 0.075 |   1.167 |    3.949 | 
     | picorv32_core_genblk2.pcpi_div_g14143          | B0 v -> Y ^ | OAI2BB1X1 | 0.017 |   1.184 |    3.966 | 
     | picorv32_core_genblk2.pcpi_div_dividend_reg[0] | D ^         | DFFQXL    | 0.000 |   1.184 |    3.966 | 
     +-------------------------------------------------------------------------------------------------------+ 
Path 34: MET Setup Check with Pin picorv32_core_genblk2.pcpi_div_dividend_
reg[8]/CK 
Endpoint:   picorv32_core_genblk2.pcpi_div_dividend_reg[8]/D (^) checked with  
leading edge of 'clk'
Beginpoint: wb_rst_i                                         (v) triggered by  
leading edge of 'clk'
Path Groups: {in2reg}
Analysis View: analysis1
Other End Arrival Time          0.000
- Setup                         0.013
+ Phase Shift                   4.000
- Uncertainty                   0.020
= Required Time                 3.967
- Arrival Time                  1.184
= Slack Time                    2.782
     Clock Rise Edge                      0.000
     + Input Delay                        0.500
     + Drive Adjustment                   0.046
     = Beginpoint Arrival Time            0.546
     +-------------------------------------------------------------------------------------------------------+ 
     |                    Instance                    |     Arc     |   Cell    | Delay | Arrival | Required | 
     |                                                |             |           |       |  Time   |   Time   | 
     |------------------------------------------------+-------------+-----------+-------+---------+----------| 
     |                                                | wb_rst_i v  |           |       |   0.546 |    3.328 | 
     | g59                                            | A v -> Y ^  | INVX2     | 0.091 |   0.637 |    3.419 | 
     | g52                                            | C ^ -> Y ^  | AND3XL    | 0.103 |   0.740 |    3.522 | 
     | FE_OFC881_n_2408                               | A ^ -> Y ^  | BUFX2     | 0.090 |   0.830 |    3.613 | 
     | g50                                            | B ^ -> Y ^  | AND2XL    | 0.126 |   0.957 |    3.739 | 
     | g49                                            | B0 ^ -> Y ^ | AO21XL    | 0.136 |   1.092 |    3.875 | 
     | picorv32_core_genblk2.pcpi_div_g14182          | A1 ^ -> Y v | AOI22XL   | 0.075 |   1.168 |    3.950 | 
     | picorv32_core_genblk2.pcpi_div_g14150          | B0 v -> Y ^ | OAI2BB1X1 | 0.017 |   1.184 |    3.967 | 
     | picorv32_core_genblk2.pcpi_div_dividend_reg[8] | D ^         | DFFQXL    | 0.000 |   1.184 |    3.967 | 
     +-------------------------------------------------------------------------------------------------------+ 
Path 35: MET Setup Check with Pin picorv32_core_genblk2.pcpi_div_dividend_
reg[6]/CK 
Endpoint:   picorv32_core_genblk2.pcpi_div_dividend_reg[6]/D (^) checked with  
leading edge of 'clk'
Beginpoint: wb_rst_i                                         (v) triggered by  
leading edge of 'clk'
Path Groups: {in2reg}
Analysis View: analysis1
Other End Arrival Time          0.000
- Setup                         0.013
+ Phase Shift                   4.000
- Uncertainty                   0.020
= Required Time                 3.967
- Arrival Time                  1.184
= Slack Time                    2.783
     Clock Rise Edge                      0.000
     + Input Delay                        0.500
     + Drive Adjustment                   0.046
     = Beginpoint Arrival Time            0.546
     +-------------------------------------------------------------------------------------------------------+ 
     |                    Instance                    |     Arc     |   Cell    | Delay | Arrival | Required | 
     |                                                |             |           |       |  Time   |   Time   | 
     |------------------------------------------------+-------------+-----------+-------+---------+----------| 
     |                                                | wb_rst_i v  |           |       |   0.546 |    3.329 | 
     | g59                                            | A v -> Y ^  | INVX2     | 0.091 |   0.637 |    3.419 | 
     | g52                                            | C ^ -> Y ^  | AND3XL    | 0.103 |   0.740 |    3.523 | 
     | FE_OFC881_n_2408                               | A ^ -> Y ^  | BUFX2     | 0.090 |   0.830 |    3.613 | 
     | g50                                            | B ^ -> Y ^  | AND2XL    | 0.126 |   0.957 |    3.739 | 
     | g49                                            | B0 ^ -> Y ^ | AO21XL    | 0.136 |   1.092 |    3.875 | 
     | picorv32_core_genblk2.pcpi_div_g14181          | A1 ^ -> Y v | AOI22XL   | 0.075 |   1.167 |    3.950 | 
     | picorv32_core_genblk2.pcpi_div_g14149          | B0 v -> Y ^ | OAI2BB1X1 | 0.017 |   1.184 |    3.967 | 
     | picorv32_core_genblk2.pcpi_div_dividend_reg[6] | D ^         | DFFQXL    | 0.000 |   1.184 |    3.967 | 
     +-------------------------------------------------------------------------------------------------------+ 
Path 36: MET Setup Check with Pin picorv32_core_genblk2.pcpi_div_dividend_
reg[12]/CK 
Endpoint:   picorv32_core_genblk2.pcpi_div_dividend_reg[12]/D (^) checked with  
leading edge of 'clk'
Beginpoint: wb_rst_i                                          (v) triggered by  
leading edge of 'clk'
Path Groups: {in2reg}
Analysis View: analysis1
Other End Arrival Time          0.001
- Setup                         0.013
+ Phase Shift                   4.000
- Uncertainty                   0.020
= Required Time                 3.968
- Arrival Time                  1.185
= Slack Time                    2.783
     Clock Rise Edge                      0.000
     + Input Delay                        0.500
     + Drive Adjustment                   0.046
     = Beginpoint Arrival Time            0.546
     +--------------------------------------------------------------------------------------------------------+ 
     |                    Instance                     |     Arc     |   Cell    | Delay | Arrival | Required | 
     |                                                 |             |           |       |  Time   |   Time   | 
     |-------------------------------------------------+-------------+-----------+-------+---------+----------| 
     |                                                 | wb_rst_i v  |           |       |   0.546 |    3.329 | 
     | g59                                             | A v -> Y ^  | INVX2     | 0.091 |   0.637 |    3.419 | 
     | g52                                             | C ^ -> Y ^  | AND3XL    | 0.103 |   0.740 |    3.523 | 
     | FE_OFC881_n_2408                                | A ^ -> Y ^  | BUFX2     | 0.090 |   0.830 |    3.613 | 
     | g50                                             | B ^ -> Y ^  | AND2XL    | 0.126 |   0.957 |    3.739 | 
     | g49                                             | B0 ^ -> Y ^ | AO21XL    | 0.136 |   1.092 |    3.875 | 
     | picorv32_core_genblk2.pcpi_div_g14187           | A1 ^ -> Y v | AOI22XL   | 0.075 |   1.168 |    3.950 | 
     | picorv32_core_genblk2.pcpi_div_g14155           | B0 v -> Y ^ | OAI2BB1X1 | 0.018 |   1.185 |    3.968 | 
     | picorv32_core_genblk2.pcpi_div_dividend_reg[12] | D ^         | DFFQXL    | 0.000 |   1.185 |    3.968 | 
     +--------------------------------------------------------------------------------------------------------+ 
Path 37: MET Setup Check with Pin picorv32_core_genblk2.pcpi_div_dividend_
reg[7]/CK 
Endpoint:   picorv32_core_genblk2.pcpi_div_dividend_reg[7]/D (^) checked with  
leading edge of 'clk'
Beginpoint: wb_rst_i                                         (v) triggered by  
leading edge of 'clk'
Path Groups: {in2reg}
Analysis View: analysis1
Other End Arrival Time          0.000
- Setup                         0.013
+ Phase Shift                   4.000
- Uncertainty                   0.020
= Required Time                 3.967
- Arrival Time                  1.184
= Slack Time                    2.783
     Clock Rise Edge                      0.000
     + Input Delay                        0.500
     + Drive Adjustment                   0.046
     = Beginpoint Arrival Time            0.546
     +-------------------------------------------------------------------------------------------------------+ 
     |                    Instance                    |     Arc     |   Cell    | Delay | Arrival | Required | 
     |                                                |             |           |       |  Time   |   Time   | 
     |------------------------------------------------+-------------+-----------+-------+---------+----------| 
     |                                                | wb_rst_i v  |           |       |   0.546 |    3.329 | 
     | g59                                            | A v -> Y ^  | INVX2     | 0.091 |   0.637 |    3.419 | 
     | g52                                            | C ^ -> Y ^  | AND3XL    | 0.103 |   0.740 |    3.523 | 
     | FE_OFC881_n_2408                               | A ^ -> Y ^  | BUFX2     | 0.090 |   0.830 |    3.613 | 
     | g50                                            | B ^ -> Y ^  | AND2XL    | 0.126 |   0.957 |    3.739 | 
     | g49                                            | B0 ^ -> Y ^ | AO21XL    | 0.136 |   1.093 |    3.875 | 
     | picorv32_core_genblk2.pcpi_div_g14183          | A1 ^ -> Y v | AOI22XL   | 0.075 |   1.167 |    3.950 | 
     | picorv32_core_genblk2.pcpi_div_g14152          | B0 v -> Y ^ | OAI2BB1X1 | 0.017 |   1.184 |    3.967 | 
     | picorv32_core_genblk2.pcpi_div_dividend_reg[7] | D ^         | DFFQXL    | 0.000 |   1.184 |    3.967 | 
     +-------------------------------------------------------------------------------------------------------+ 
Path 38: MET Setup Check with Pin picorv32_core_genblk2.pcpi_div_dividend_
reg[9]/CK 
Endpoint:   picorv32_core_genblk2.pcpi_div_dividend_reg[9]/D (^) checked with  
leading edge of 'clk'
Beginpoint: wb_rst_i                                         (v) triggered by  
leading edge of 'clk'
Path Groups: {in2reg}
Analysis View: analysis1
Other End Arrival Time          0.001
- Setup                         0.013
+ Phase Shift                   4.000
- Uncertainty                   0.020
= Required Time                 3.968
- Arrival Time                  1.185
= Slack Time                    2.783
     Clock Rise Edge                      0.000
     + Input Delay                        0.500
     + Drive Adjustment                   0.046
     = Beginpoint Arrival Time            0.546
     +-------------------------------------------------------------------------------------------------------+ 
     |                    Instance                    |     Arc     |   Cell    | Delay | Arrival | Required | 
     |                                                |             |           |       |  Time   |   Time   | 
     |------------------------------------------------+-------------+-----------+-------+---------+----------| 
     |                                                | wb_rst_i v  |           |       |   0.546 |    3.329 | 
     | g59                                            | A v -> Y ^  | INVX2     | 0.091 |   0.637 |    3.419 | 
     | g52                                            | C ^ -> Y ^  | AND3XL    | 0.103 |   0.740 |    3.523 | 
     | FE_OFC881_n_2408                               | A ^ -> Y ^  | BUFX2     | 0.090 |   0.830 |    3.613 | 
     | g50                                            | B ^ -> Y ^  | AND2XL    | 0.126 |   0.957 |    3.739 | 
     | g49                                            | B0 ^ -> Y ^ | AO21XL    | 0.136 |   1.092 |    3.875 | 
     | picorv32_core_genblk2.pcpi_div_g14184          | A1 ^ -> Y v | AOI22XL   | 0.075 |   1.168 |    3.950 | 
     | picorv32_core_genblk2.pcpi_div_g14151          | B0 v -> Y ^ | OAI2BB1X1 | 0.017 |   1.185 |    3.968 | 
     | picorv32_core_genblk2.pcpi_div_dividend_reg[9] | D ^         | DFFQXL    | 0.000 |   1.185 |    3.968 | 
     +-------------------------------------------------------------------------------------------------------+ 
Path 39: MET Setup Check with Pin picorv32_core_genblk2.pcpi_div_dividend_
reg[11]/CK 
Endpoint:   picorv32_core_genblk2.pcpi_div_dividend_reg[11]/D (^) checked with  
leading edge of 'clk'
Beginpoint: wb_rst_i                                          (v) triggered by  
leading edge of 'clk'
Path Groups: {in2reg}
Analysis View: analysis1
Other End Arrival Time          0.001
- Setup                         0.013
+ Phase Shift                   4.000
- Uncertainty                   0.020
= Required Time                 3.968
- Arrival Time                  1.185
= Slack Time                    2.783
     Clock Rise Edge                      0.000
     + Input Delay                        0.500
     + Drive Adjustment                   0.046
     = Beginpoint Arrival Time            0.546
     +--------------------------------------------------------------------------------------------------------+ 
     |                    Instance                     |     Arc     |   Cell    | Delay | Arrival | Required | 
     |                                                 |             |           |       |  Time   |   Time   | 
     |-------------------------------------------------+-------------+-----------+-------+---------+----------| 
     |                                                 | wb_rst_i v  |           |       |   0.546 |    3.329 | 
     | g59                                             | A v -> Y ^  | INVX2     | 0.091 |   0.637 |    3.420 | 
     | g52                                             | C ^ -> Y ^  | AND3XL    | 0.103 |   0.740 |    3.523 | 
     | FE_OFC881_n_2408                                | A ^ -> Y ^  | BUFX2     | 0.090 |   0.830 |    3.613 | 
     | g50                                             | B ^ -> Y ^  | AND2XL    | 0.126 |   0.957 |    3.740 | 
     | g49                                             | B0 ^ -> Y ^ | AO21XL    | 0.136 |   1.092 |    3.875 | 
     | picorv32_core_genblk2.pcpi_div_g14186           | A1 ^ -> Y v | AOI22XL   | 0.075 |   1.168 |    3.950 | 
     | picorv32_core_genblk2.pcpi_div_g14154           | B0 v -> Y ^ | OAI2BB1X1 | 0.017 |   1.185 |    3.968 | 
     | picorv32_core_genblk2.pcpi_div_dividend_reg[11] | D ^         | DFFQXL    | 0.000 |   1.185 |    3.968 | 
     +--------------------------------------------------------------------------------------------------------+ 
Path 40: MET Setup Check with Pin picorv32_core_genblk2.pcpi_div_dividend_
reg[13]/CK 
Endpoint:   picorv32_core_genblk2.pcpi_div_dividend_reg[13]/D (^) checked with  
leading edge of 'clk'
Beginpoint: wb_rst_i                                          (v) triggered by  
leading edge of 'clk'
Path Groups: {in2reg}
Analysis View: analysis1
Other End Arrival Time          0.001
- Setup                         0.013
+ Phase Shift                   4.000
- Uncertainty                   0.020
= Required Time                 3.968
- Arrival Time                  1.184
= Slack Time                    2.783
     Clock Rise Edge                      0.000
     + Input Delay                        0.500
     + Drive Adjustment                   0.046
     = Beginpoint Arrival Time            0.546
     +--------------------------------------------------------------------------------------------------------+ 
     |                    Instance                     |     Arc     |   Cell    | Delay | Arrival | Required | 
     |                                                 |             |           |       |  Time   |   Time   | 
     |-------------------------------------------------+-------------+-----------+-------+---------+----------| 
     |                                                 | wb_rst_i v  |           |       |   0.546 |    3.329 | 
     | g59                                             | A v -> Y ^  | INVX2     | 0.091 |   0.637 |    3.420 | 
     | g52                                             | C ^ -> Y ^  | AND3XL    | 0.103 |   0.740 |    3.523 | 
     | FE_OFC881_n_2408                                | A ^ -> Y ^  | BUFX2     | 0.090 |   0.830 |    3.614 | 
     | g50                                             | B ^ -> Y ^  | AND2XL    | 0.126 |   0.957 |    3.740 | 
     | g49                                             | B0 ^ -> Y ^ | AO21XL    | 0.136 |   1.092 |    3.876 | 
     | picorv32_core_genblk2.pcpi_div_g14188           | A1 ^ -> Y v | AOI22XL   | 0.075 |   1.167 |    3.950 | 
     | picorv32_core_genblk2.pcpi_div_g14142           | B0 v -> Y ^ | OAI2BB1X1 | 0.017 |   1.184 |    3.968 | 
     | picorv32_core_genblk2.pcpi_div_dividend_reg[13] | D ^         | DFFQXL    | 0.000 |   1.184 |    3.968 | 
     +--------------------------------------------------------------------------------------------------------+ 
Path 41: MET Setup Check with Pin picorv32_core_genblk2.pcpi_div_dividend_
reg[10]/CK 
Endpoint:   picorv32_core_genblk2.pcpi_div_dividend_reg[10]/D (^) checked with  
leading edge of 'clk'
Beginpoint: wb_rst_i                                          (v) triggered by  
leading edge of 'clk'
Path Groups: {in2reg}
Analysis View: analysis1
Other End Arrival Time          0.001
- Setup                         0.013
+ Phase Shift                   4.000
- Uncertainty                   0.020
= Required Time                 3.968
- Arrival Time                  1.184
= Slack Time                    2.783
     Clock Rise Edge                      0.000
     + Input Delay                        0.500
     + Drive Adjustment                   0.046
     = Beginpoint Arrival Time            0.546
     +--------------------------------------------------------------------------------------------------------+ 
     |                    Instance                     |     Arc     |   Cell    | Delay | Arrival | Required | 
     |                                                 |             |           |       |  Time   |   Time   | 
     |-------------------------------------------------+-------------+-----------+-------+---------+----------| 
     |                                                 | wb_rst_i v  |           |       |   0.546 |    3.330 | 
     | g59                                             | A v -> Y ^  | INVX2     | 0.091 |   0.637 |    3.420 | 
     | g52                                             | C ^ -> Y ^  | AND3XL    | 0.103 |   0.740 |    3.523 | 
     | FE_OFC881_n_2408                                | A ^ -> Y ^  | BUFX2     | 0.090 |   0.830 |    3.614 | 
     | g50                                             | B ^ -> Y ^  | AND2XL    | 0.126 |   0.957 |    3.740 | 
     | g49                                             | B0 ^ -> Y ^ | AO21XL    | 0.136 |   1.092 |    3.876 | 
     | picorv32_core_genblk2.pcpi_div_g14185           | A1 ^ -> Y v | AOI22XL   | 0.075 |   1.167 |    3.951 | 
     | picorv32_core_genblk2.pcpi_div_g14153           | B0 v -> Y ^ | OAI2BB1X1 | 0.017 |   1.184 |    3.968 | 
     | picorv32_core_genblk2.pcpi_div_dividend_reg[10] | D ^         | DFFQXL    | 0.000 |   1.184 |    3.968 | 
     +--------------------------------------------------------------------------------------------------------+ 
Path 42: MET Setup Check with Pin picorv32_core_genblk2.pcpi_div_dividend_
reg[17]/CK 
Endpoint:   picorv32_core_genblk2.pcpi_div_dividend_reg[17]/D (^) checked with  
leading edge of 'clk'
Beginpoint: wb_rst_i                                          (v) triggered by  
leading edge of 'clk'
Path Groups: {in2reg}
Analysis View: analysis1
Other End Arrival Time          0.001
- Setup                         0.013
+ Phase Shift                   4.000
- Uncertainty                   0.020
= Required Time                 3.968
- Arrival Time                  1.174
= Slack Time                    2.793
     Clock Rise Edge                      0.000
     + Input Delay                        0.500
     + Drive Adjustment                   0.046
     = Beginpoint Arrival Time            0.546
     +--------------------------------------------------------------------------------------------------------+ 
     |                    Instance                     |     Arc     |   Cell    | Delay | Arrival | Required | 
     |                                                 |             |           |       |  Time   |   Time   | 
     |-------------------------------------------------+-------------+-----------+-------+---------+----------| 
     |                                                 | wb_rst_i v  |           |       |   0.546 |    3.339 | 
     | g59                                             | A v -> Y ^  | INVX2     | 0.091 |   0.637 |    3.430 | 
     | g52                                             | C ^ -> Y ^  | AND3XL    | 0.103 |   0.740 |    3.533 | 
     | FE_OFC881_n_2408                                | A ^ -> Y ^  | BUFX2     | 0.090 |   0.830 |    3.624 | 
     | g50                                             | B ^ -> Y ^  | AND2XL    | 0.126 |   0.957 |    3.750 | 
     | g49                                             | B0 ^ -> Y ^ | AO21XL    | 0.136 |   1.092 |    3.886 | 
     | picorv32_core_genblk2.pcpi_div_g14171           | A0 ^ -> Y v | AOI22XL   | 0.066 |   1.159 |    3.952 | 
     | picorv32_core_genblk2.pcpi_div_g14138           | B0 v -> Y ^ | OAI2BB1X1 | 0.016 |   1.174 |    3.968 | 
     | picorv32_core_genblk2.pcpi_div_dividend_reg[17] | D ^         | DFFQXL    | 0.000 |   1.174 |    3.968 | 
     +--------------------------------------------------------------------------------------------------------+ 
Path 43: MET Setup Check with Pin picorv32_core_genblk2.pcpi_div_dividend_
reg[14]/CK 
Endpoint:   picorv32_core_genblk2.pcpi_div_dividend_reg[14]/D (^) checked with  
leading edge of 'clk'
Beginpoint: wb_rst_i                                          (v) triggered by  
leading edge of 'clk'
Path Groups: {in2reg}
Analysis View: analysis1
Other End Arrival Time          0.001
- Setup                         0.013
+ Phase Shift                   4.000
- Uncertainty                   0.020
= Required Time                 3.968
- Arrival Time                  1.173
= Slack Time                    2.795
     Clock Rise Edge                      0.000
     + Input Delay                        0.500
     + Drive Adjustment                   0.046
     = Beginpoint Arrival Time            0.546
     +--------------------------------------------------------------------------------------------------------+ 
     |                    Instance                     |     Arc     |   Cell    | Delay | Arrival | Required | 
     |                                                 |             |           |       |  Time   |   Time   | 
     |-------------------------------------------------+-------------+-----------+-------+---------+----------| 
     |                                                 | wb_rst_i v  |           |       |   0.546 |    3.341 | 
     | g59                                             | A v -> Y ^  | INVX2     | 0.091 |   0.637 |    3.431 | 
     | g52                                             | C ^ -> Y ^  | AND3XL    | 0.103 |   0.740 |    3.535 | 
     | FE_OFC881_n_2408                                | A ^ -> Y ^  | BUFX2     | 0.090 |   0.830 |    3.625 | 
     | g50                                             | B ^ -> Y ^  | AND2XL    | 0.126 |   0.957 |    3.751 | 
     | g49                                             | B0 ^ -> Y ^ | AO21XL    | 0.136 |   1.092 |    3.887 | 
     | picorv32_core_genblk2.pcpi_div_g14174           | A0 ^ -> Y v | AOI22XL   | 0.065 |   1.158 |    3.952 | 
     | picorv32_core_genblk2.pcpi_div_g14141           | B0 v -> Y ^ | OAI2BB1X1 | 0.016 |   1.173 |    3.968 | 
     | picorv32_core_genblk2.pcpi_div_dividend_reg[14] | D ^         | DFFQXL    | 0.000 |   1.173 |    3.968 | 
     +--------------------------------------------------------------------------------------------------------+ 
Path 44: MET Setup Check with Pin picorv32_core_genblk2.pcpi_div_dividend_
reg[26]/CK 
Endpoint:   picorv32_core_genblk2.pcpi_div_dividend_reg[26]/D (^) checked with  
leading edge of 'clk'
Beginpoint: wb_rst_i                                          (v) triggered by  
leading edge of 'clk'
Path Groups: {in2reg}
Analysis View: analysis1
Other End Arrival Time          0.000
- Setup                         0.013
+ Phase Shift                   4.000
- Uncertainty                   0.020
= Required Time                 3.967
- Arrival Time                  1.172
= Slack Time                    2.795
     Clock Rise Edge                      0.000
     + Input Delay                        0.500
     + Drive Adjustment                   0.046
     = Beginpoint Arrival Time            0.546
     +--------------------------------------------------------------------------------------------------------+ 
     |                    Instance                     |     Arc     |   Cell    | Delay | Arrival | Required | 
     |                                                 |             |           |       |  Time   |   Time   | 
     |-------------------------------------------------+-------------+-----------+-------+---------+----------| 
     |                                                 | wb_rst_i v  |           |       |   0.546 |    3.341 | 
     | g59                                             | A v -> Y ^  | INVX2     | 0.091 |   0.637 |    3.432 | 
     | g52                                             | C ^ -> Y ^  | AND3XL    | 0.103 |   0.740 |    3.535 | 
     | FE_OFC881_n_2408                                | A ^ -> Y ^  | BUFX2     | 0.090 |   0.830 |    3.625 | 
     | g50                                             | B ^ -> Y ^  | AND2XL    | 0.126 |   0.957 |    3.751 | 
     | g49                                             | B0 ^ -> Y ^ | AO21XL    | 0.136 |   1.092 |    3.887 | 
     | picorv32_core_genblk2.pcpi_div_g14162           | A0 ^ -> Y v | AOI22XL   | 0.064 |   1.156 |    3.951 | 
     | picorv32_core_genblk2.pcpi_div_g14129           | B0 v -> Y ^ | OAI2BB1X1 | 0.015 |   1.172 |    3.967 | 
     | picorv32_core_genblk2.pcpi_div_dividend_reg[26] | D ^         | DFFQXL    | 0.000 |   1.172 |    3.967 | 
     +--------------------------------------------------------------------------------------------------------+ 
Path 45: MET Setup Check with Pin picorv32_core_genblk2.pcpi_div_dividend_
reg[19]/CK 
Endpoint:   picorv32_core_genblk2.pcpi_div_dividend_reg[19]/D (^) checked with  
leading edge of 'clk'
Beginpoint: wb_rst_i                                          (v) triggered by  
leading edge of 'clk'
Path Groups: {in2reg}
Analysis View: analysis1
Other End Arrival Time         -0.000
- Setup                         0.013
+ Phase Shift                   4.000
- Uncertainty                   0.020
= Required Time                 3.967
- Arrival Time                  1.172
= Slack Time                    2.795
     Clock Rise Edge                      0.000
     + Input Delay                        0.500
     + Drive Adjustment                   0.046
     = Beginpoint Arrival Time            0.546
     +--------------------------------------------------------------------------------------------------------+ 
     |                    Instance                     |     Arc     |   Cell    | Delay | Arrival | Required | 
     |                                                 |             |           |       |  Time   |   Time   | 
     |-------------------------------------------------+-------------+-----------+-------+---------+----------| 
     |                                                 | wb_rst_i v  |           |       |   0.546 |    3.341 | 
     | g59                                             | A v -> Y ^  | INVX2     | 0.091 |   0.637 |    3.432 | 
     | g52                                             | C ^ -> Y ^  | AND3XL    | 0.103 |   0.740 |    3.535 | 
     | FE_OFC881_n_2408                                | A ^ -> Y ^  | BUFX2     | 0.090 |   0.830 |    3.625 | 
     | g50                                             | B ^ -> Y ^  | AND2XL    | 0.126 |   0.957 |    3.752 | 
     | g49                                             | B0 ^ -> Y ^ | AO21XL    | 0.136 |   1.093 |    3.888 | 
     | picorv32_core_genblk2.pcpi_div_g14169           | A0 ^ -> Y v | AOI22XL   | 0.064 |   1.157 |    3.952 | 
     | picorv32_core_genblk2.pcpi_div_g14136           | B0 v -> Y ^ | OAI2BB1X1 | 0.015 |   1.172 |    3.967 | 
     | picorv32_core_genblk2.pcpi_div_dividend_reg[19] | D ^         | DFFQXL    | 0.000 |   1.172 |    3.967 | 
     +--------------------------------------------------------------------------------------------------------+ 
Path 46: MET Setup Check with Pin picorv32_core_genblk2.pcpi_div_dividend_
reg[18]/CK 
Endpoint:   picorv32_core_genblk2.pcpi_div_dividend_reg[18]/D (^) checked with  
leading edge of 'clk'
Beginpoint: wb_rst_i                                          (v) triggered by  
leading edge of 'clk'
Path Groups: {in2reg}
Analysis View: analysis1
Other End Arrival Time          0.001
- Setup                         0.013
+ Phase Shift                   4.000
- Uncertainty                   0.020
= Required Time                 3.968
- Arrival Time                  1.173
= Slack Time                    2.795
     Clock Rise Edge                      0.000
     + Input Delay                        0.500
     + Drive Adjustment                   0.046
     = Beginpoint Arrival Time            0.546
     +--------------------------------------------------------------------------------------------------------+ 
     |                    Instance                     |     Arc     |   Cell    | Delay | Arrival | Required | 
     |                                                 |             |           |       |  Time   |   Time   | 
     |-------------------------------------------------+-------------+-----------+-------+---------+----------| 
     |                                                 | wb_rst_i v  |           |       |   0.546 |    3.341 | 
     | g59                                             | A v -> Y ^  | INVX2     | 0.091 |   0.637 |    3.432 | 
     | g52                                             | C ^ -> Y ^  | AND3XL    | 0.103 |   0.740 |    3.535 | 
     | FE_OFC881_n_2408                                | A ^ -> Y ^  | BUFX2     | 0.090 |   0.830 |    3.626 | 
     | g50                                             | B ^ -> Y ^  | AND2XL    | 0.126 |   0.957 |    3.752 | 
     | g49                                             | B0 ^ -> Y ^ | AO21XL    | 0.136 |   1.092 |    3.888 | 
     | picorv32_core_genblk2.pcpi_div_g14170           | A0 ^ -> Y v | AOI22XL   | 0.065 |   1.158 |    3.953 | 
     | picorv32_core_genblk2.pcpi_div_g14137           | B0 v -> Y ^ | OAI2BB1X1 | 0.015 |   1.173 |    3.968 | 
     | picorv32_core_genblk2.pcpi_div_dividend_reg[18] | D ^         | DFFQXL    | 0.000 |   1.173 |    3.968 | 
     +--------------------------------------------------------------------------------------------------------+ 
Path 47: MET Setup Check with Pin picorv32_core_genblk2.pcpi_div_dividend_
reg[27]/CK 
Endpoint:   picorv32_core_genblk2.pcpi_div_dividend_reg[27]/D (^) checked with  
leading edge of 'clk'
Beginpoint: wb_rst_i                                          (v) triggered by  
leading edge of 'clk'
Path Groups: {in2reg}
Analysis View: analysis1
Other End Arrival Time          0.000
- Setup                         0.013
+ Phase Shift                   4.000
- Uncertainty                   0.020
= Required Time                 3.967
- Arrival Time                  1.171
= Slack Time                    2.795
     Clock Rise Edge                      0.000
     + Input Delay                        0.500
     + Drive Adjustment                   0.046
     = Beginpoint Arrival Time            0.546
     +--------------------------------------------------------------------------------------------------------+ 
     |                    Instance                     |     Arc     |   Cell    | Delay | Arrival | Required | 
     |                                                 |             |           |       |  Time   |   Time   | 
     |-------------------------------------------------+-------------+-----------+-------+---------+----------| 
     |                                                 | wb_rst_i v  |           |       |   0.546 |    3.341 | 
     | g59                                             | A v -> Y ^  | INVX2     | 0.091 |   0.637 |    3.432 | 
     | g52                                             | C ^ -> Y ^  | AND3XL    | 0.103 |   0.740 |    3.535 | 
     | FE_OFC881_n_2408                                | A ^ -> Y ^  | BUFX2     | 0.090 |   0.830 |    3.626 | 
     | g50                                             | B ^ -> Y ^  | AND2XL    | 0.126 |   0.957 |    3.752 | 
     | g49                                             | B0 ^ -> Y ^ | AO21XL    | 0.136 |   1.093 |    3.888 | 
     | picorv32_core_genblk2.pcpi_div_g14161           | A0 ^ -> Y v | AOI22XL   | 0.064 |   1.156 |    3.952 | 
     | picorv32_core_genblk2.pcpi_div_g14128           | B0 v -> Y ^ | OAI2BB1X1 | 0.015 |   1.171 |    3.967 | 
     | picorv32_core_genblk2.pcpi_div_dividend_reg[27] | D ^         | DFFQXL    | 0.000 |   1.171 |    3.967 | 
     +--------------------------------------------------------------------------------------------------------+ 
Path 48: MET Setup Check with Pin picorv32_core_genblk2.pcpi_div_dividend_
reg[20]/CK 
Endpoint:   picorv32_core_genblk2.pcpi_div_dividend_reg[20]/D (^) checked with  
leading edge of 'clk'
Beginpoint: wb_rst_i                                          (v) triggered by  
leading edge of 'clk'
Path Groups: {in2reg}
Analysis View: analysis1
Other End Arrival Time         -0.000
- Setup                         0.013
+ Phase Shift                   4.000
- Uncertainty                   0.020
= Required Time                 3.967
- Arrival Time                  1.171
= Slack Time                    2.796
     Clock Rise Edge                      0.000
     + Input Delay                        0.500
     + Drive Adjustment                   0.046
     = Beginpoint Arrival Time            0.546
     +--------------------------------------------------------------------------------------------------------+ 
     |                    Instance                     |     Arc     |   Cell    | Delay | Arrival | Required | 
     |                                                 |             |           |       |  Time   |   Time   | 
     |-------------------------------------------------+-------------+-----------+-------+---------+----------| 
     |                                                 | wb_rst_i v  |           |       |   0.546 |    3.342 | 
     | g59                                             | A v -> Y ^  | INVX2     | 0.091 |   0.637 |    3.432 | 
     | g52                                             | C ^ -> Y ^  | AND3XL    | 0.103 |   0.740 |    3.536 | 
     | FE_OFC881_n_2408                                | A ^ -> Y ^  | BUFX2     | 0.090 |   0.830 |    3.626 | 
     | g50                                             | B ^ -> Y ^  | AND2XL    | 0.126 |   0.957 |    3.752 | 
     | g49                                             | B0 ^ -> Y ^ | AO21XL    | 0.136 |   1.092 |    3.888 | 
     | picorv32_core_genblk2.pcpi_div_g14168           | A0 ^ -> Y v | AOI22XL   | 0.064 |   1.156 |    3.952 | 
     | picorv32_core_genblk2.pcpi_div_g14135           | B0 v -> Y ^ | OAI2BB1X1 | 0.015 |   1.171 |    3.967 | 
     | picorv32_core_genblk2.pcpi_div_dividend_reg[20] | D ^         | DFFQXL    | 0.000 |   1.171 |    3.967 | 
     +--------------------------------------------------------------------------------------------------------+ 
Path 49: MET Setup Check with Pin picorv32_core_genblk2.pcpi_div_dividend_
reg[29]/CK 
Endpoint:   picorv32_core_genblk2.pcpi_div_dividend_reg[29]/D (^) checked with  
leading edge of 'clk'
Beginpoint: wb_rst_i                                          (v) triggered by  
leading edge of 'clk'
Path Groups: {in2reg}
Analysis View: analysis1
Other End Arrival Time          0.001
- Setup                         0.013
+ Phase Shift                   4.000
- Uncertainty                   0.020
= Required Time                 3.968
- Arrival Time                  1.172
= Slack Time                    2.796
     Clock Rise Edge                      0.000
     + Input Delay                        0.500
     + Drive Adjustment                   0.046
     = Beginpoint Arrival Time            0.546
     +--------------------------------------------------------------------------------------------------------+ 
     |                    Instance                     |     Arc     |   Cell    | Delay | Arrival | Required | 
     |                                                 |             |           |       |  Time   |   Time   | 
     |-------------------------------------------------+-------------+-----------+-------+---------+----------| 
     |                                                 | wb_rst_i v  |           |       |   0.546 |    3.342 | 
     | g59                                             | A v -> Y ^  | INVX2     | 0.091 |   0.637 |    3.432 | 
     | g52                                             | C ^ -> Y ^  | AND3XL    | 0.103 |   0.740 |    3.536 | 
     | FE_OFC881_n_2408                                | A ^ -> Y ^  | BUFX2     | 0.090 |   0.830 |    3.626 | 
     | g50                                             | B ^ -> Y ^  | AND2XL    | 0.126 |   0.957 |    3.752 | 
     | g49                                             | B0 ^ -> Y ^ | AO21XL    | 0.136 |   1.092 |    3.888 | 
     | picorv32_core_genblk2.pcpi_div_g14159           | A0 ^ -> Y v | AOI22XL   | 0.063 |   1.156 |    3.952 | 
     | picorv32_core_genblk2.pcpi_div_g14126           | B0 v -> Y ^ | OAI2BB1X1 | 0.016 |   1.172 |    3.968 | 
     | picorv32_core_genblk2.pcpi_div_dividend_reg[29] | D ^         | DFFQXL    | 0.000 |   1.172 |    3.968 | 
     +--------------------------------------------------------------------------------------------------------+ 
Path 50: MET Setup Check with Pin picorv32_core_genblk2.pcpi_div_dividend_
reg[23]/CK 
Endpoint:   picorv32_core_genblk2.pcpi_div_dividend_reg[23]/D (^) checked with  
leading edge of 'clk'
Beginpoint: wb_rst_i                                          (v) triggered by  
leading edge of 'clk'
Path Groups: {in2reg}
Analysis View: analysis1
Other End Arrival Time         -0.000
- Setup                         0.013
+ Phase Shift                   4.000
- Uncertainty                   0.020
= Required Time                 3.967
- Arrival Time                  1.171
= Slack Time                    2.796
     Clock Rise Edge                      0.000
     + Input Delay                        0.500
     + Drive Adjustment                   0.046
     = Beginpoint Arrival Time            0.546
     +--------------------------------------------------------------------------------------------------------+ 
     |                    Instance                     |     Arc     |   Cell    | Delay | Arrival | Required | 
     |                                                 |             |           |       |  Time   |   Time   | 
     |-------------------------------------------------+-------------+-----------+-------+---------+----------| 
     |                                                 | wb_rst_i v  |           |       |   0.546 |    3.342 | 
     | g59                                             | A v -> Y ^  | INVX2     | 0.091 |   0.637 |    3.433 | 
     | g52                                             | C ^ -> Y ^  | AND3XL    | 0.103 |   0.740 |    3.536 | 
     | FE_OFC881_n_2408                                | A ^ -> Y ^  | BUFX2     | 0.090 |   0.830 |    3.626 | 
     | g50                                             | B ^ -> Y ^  | AND2XL    | 0.126 |   0.957 |    3.752 | 
     | g49                                             | B0 ^ -> Y ^ | AO21XL    | 0.136 |   1.092 |    3.888 | 
     | picorv32_core_genblk2.pcpi_div_g14165           | A0 ^ -> Y v | AOI22XL   | 0.063 |   1.155 |    3.951 | 
     | picorv32_core_genblk2.pcpi_div_g14132           | B0 v -> Y ^ | OAI2BB1X1 | 0.015 |   1.171 |    3.967 | 
     | picorv32_core_genblk2.pcpi_div_dividend_reg[23] | D ^         | DFFQXL    | 0.000 |   1.171 |    3.967 | 
     +--------------------------------------------------------------------------------------------------------+ 

