###############################################################
#  Generated by:      Cadence Innovus 21.35-s114_1
#  OS:                Linux x86_64(Host ID cn95.it.auth.gr)
#  Generated on:      Mon Dec 22 16:28:57 2025
#  Design:            picorv32_wb
#  Command:           verifyConnectivity -type all -error 1000 -warning 50
###############################################################
Verify Connectivity Report is created on Mon Dec 22 16:28:57 2025



Net FE_OFN197697_eoi_4, Pin Pin: FE_OFC197698_eoi_4/A; Direction: INPUT; Use: SIGNAL;: has an unconnected terminal at (121.200, 211.005) (121.360, 211.175)
Net FE_OFN197697_eoi_4: has regular routing with opens at (118.025, 205.535) (121.360, 212.905)
Net FE_OFN197697_eoi_4: dangling Wire at (121.360, 212.905) (121.360, 212.905) on layer: Metal1
Net FE_OFN197706_pcpi_rs2_29, Pin Pin: FE_OFC695_pcpi_rs2_29/Y; Direction: OUTPUT; Use: SIGNAL;: has an unconnected terminal at (218.185, 97.850) (218.335, 98.790)
Net FE_OFN197706_pcpi_rs2_29: has regular routing with opens at (219.335, 98.790) (221.130, 100.210)
Net FE_OFN197706_pcpi_rs2_29: dangling Wire at (219.335, 98.790) (219.335, 98.790) on layer: Metal1
Net FE_OFN197695_eoi_10, Pin Pin: FE_OFC197696_eoi_10/A; Direction: INPUT; Use: SIGNAL;: has an unconnected terminal at (128.800, 219.745) (128.960, 219.915)
Net FE_OFN197695_eoi_10: has regular routing with opens at (127.605, 215.795) (128.915, 219.745)
Net FE_OFN197695_eoi_10: dangling Wire at (128.160, 219.745) (128.160, 219.745) on layer: Metal1
Net FE_OFN197705_pcpi_rs2_4, Pin Pin: FE_OFC694_pcpi_rs2_4/Y; Direction: OUTPUT; Use: SIGNAL;: has an unconnected terminal at (216.385, 135.470) (216.535, 136.410)
Net FE_OFN197705_pcpi_rs2_4, Pin Pin: FE_OFC720_pcpi_rs2_4/A; Direction: INPUT; Use: SIGNAL;: has an unconnected terminal at (218.800, 137.620) (218.930, 137.830)
Net FE_OFN197705_pcpi_rs2_4: has regular routing with opens at (217.135, 136.410) (220.300, 137.655)
Net FE_OFN197705_pcpi_rs2_4: dangling Wire at (220.300, 137.655) (220.300, 137.655) on layer: Metal1
Net FE_OFN197705_pcpi_rs2_4: dangling Wire at (217.135, 136.410) (217.135, 136.410) on layer: Metal1
Net FE_OFN197693_eoi_22, Pin Pin: FE_OFC197694_eoi_22/A; Direction: INPUT; Use: SIGNAL;: has an unconnected terminal at (119.400, 0.865) (119.560, 1.035)
Net FE_OFN197693_eoi_22: has regular routing with opens at (115.225, 0.865) (119.760, 4.785)
Net FE_OFN197693_eoi_22: dangling Wire at (119.760, 0.865) (119.760, 0.865) on layer: Metal1
Net FE_OFN197704_pcpi_rs2_26, Pin Pin: FE_OFC512_pcpi_rs2_26/Y; Direction: OUTPUT; Use: SIGNAL;: has an unconnected terminal at (217.385, 91.010) (217.535, 91.950)
Net FE_OFN197704_pcpi_rs2_26, Pin Pin: FE_OFC719_pcpi_rs2_26/A; Direction: INPUT; Use: SIGNAL;: has an unconnected terminal at (219.200, 96.580) (219.330, 96.790)
Net FE_OFN197704_pcpi_rs2_26: has regular routing with opens at (217.535, 95.370) (220.700, 96.615)
Net FE_OFN197704_pcpi_rs2_26: dangling Wire at (220.700, 96.615) (220.700, 96.615) on layer: Metal1
Net FE_OFN197704_pcpi_rs2_26: dangling Wire at (217.535, 95.370) (217.535, 95.370) on layer: Metal1
Net FE_OFN197691_eoi_14, Pin Pin: FE_OFC197692_eoi_14/A; Direction: INPUT; Use: SIGNAL;: has an unconnected terminal at (126.600, 219.745) (126.760, 219.915)
Net FE_OFN197691_eoi_14: has regular routing with opens at (127.560, 215.795) (131.115, 218.015)
Net FE_OFN197691_eoi_14: dangling Wire at (127.560, 218.015) (127.560, 218.015) on layer: Metal1
Net FE_OFN197689_pcpi_insn_14, Pin Pin: FE_OFC197690_pcpi_insn_14/A; Direction: INPUT; Use: SIGNAL;: has an unconnected terminal at (163.600, 217.845) (163.760, 218.015)
Net FE_OFN197689_pcpi_insn_14: has regular routing with opens at (162.960, 217.515) (168.315, 219.745)
Net FE_OFN197689_pcpi_insn_14: dangling Wire at (162.960, 219.745) (162.960, 219.745) on layer: Metal1
Net FE_OFN197703_pcpi_insn_7, Pin Pin: picorv32_core_pcpi_insn_reg[7]/Q; Direction: OUTPUT; Use: SIGNAL;: has an unconnected terminal at (136.995, 216.145) (138.500, 216.630)
Net FE_OFN197703_pcpi_insn_7: has regular routing with opens at (139.300, 217.830) (141.330, 218.060)
Net FE_OFN197703_pcpi_insn_7: dangling Wire at (139.300, 217.830) (139.300, 217.830) on layer: Metal1
Net FE_OFN197702_pcpi_insn_15, Pin Pin: FE_OFC717_pcpi_insn_15/A; Direction: INPUT; Use: SIGNAL;: has an unconnected terminal at (138.800, 217.850) (138.930, 218.060)
Net FE_OFN197702_pcpi_insn_15: has regular routing with opens at (134.195, 219.565) (136.300, 220.050)
Net FE_OFN197702_pcpi_insn_15: dangling Wire at (136.300, 219.735) (136.300, 219.735) on layer: Metal1
Net FE_OFN197687_wbm_adr_o_4, Pin Pin: FE_OFC197688_wbm_adr_o_4/A; Direction: INPUT; Use: SIGNAL;: has an unconnected terminal at (172.600, 209.485) (172.760, 209.655)
Net FE_OFN197687_wbm_adr_o_4: has regular routing with opens at (169.825, 196.995) (173.360, 209.485)
Net FE_OFN197687_wbm_adr_o_4: dangling Wire at (173.360, 209.485) (173.360, 209.485) on layer: Metal1
Net FE_OFN197701_pcpi_insn_2, Pin Pin: FE_OFC683_pcpi_insn_2/Y; Direction: OUTPUT; Use: SIGNAL;: has an unconnected terminal at (170.185, 214.130) (170.335, 215.070)
Net FE_OFN197701_pcpi_insn_2, Pin Pin: FE_OFC716_pcpi_insn_2/A; Direction: INPUT; Use: SIGNAL;: has an unconnected terminal at (169.000, 219.700) (169.130, 219.910)
Net FE_OFN197701_pcpi_insn_2: has regular routing with opens at (166.335, 218.490) (169.500, 219.735)
Net FE_OFN197701_pcpi_insn_2: dangling Wire at (169.500, 219.735) (169.500, 219.735) on layer: Metal1
Net FE_OFN197701_pcpi_insn_2: dangling Wire at (166.335, 218.490) (166.335, 218.490) on layer: Metal1
Net FE_OFN197700_pcpi_insn_30, Pin Pin: FE_OFC687_pcpi_insn_30/Y; Direction: OUTPUT; Use: SIGNAL;: has an unconnected terminal at (165.785, 210.710) (165.935, 211.650)
Net FE_OFN197700_pcpi_insn_30, Pin Pin: FE_OFC715_pcpi_insn_30/A; Direction: INPUT; Use: SIGNAL;: has an unconnected terminal at (166.800, 219.700) (166.930, 219.910)
Net FE_OFN197700_pcpi_insn_30: has regular routing with opens at (164.135, 218.490) (167.300, 219.735)
Net FE_OFN197700_pcpi_insn_30: dangling Wire at (167.300, 219.735) (167.300, 219.735) on layer: Metal1
Net FE_OFN197700_pcpi_insn_30: dangling Wire at (164.135, 218.490) (164.135, 218.490) on layer: Metal1
Net FE_OFN197699_eoi_15, Pin Pin: FE_OFC197667_eoi_15/Y; Direction: OUTPUT; Use: SIGNAL;: has an unconnected terminal at (132.185, 214.130) (132.335, 215.070)
Net FE_OFN197699_eoi_15, Pin Pin: FE_OFC714_eoi_15/A; Direction: INPUT; Use: SIGNAL;: has an unconnected terminal at (133.800, 216.280) (133.930, 216.490)
Net FE_OFN197699_eoi_15: has regular routing with opens at (132.135, 215.070) (135.300, 216.315)
Net FE_OFN197699_eoi_15: dangling Wire at (135.300, 216.315) (135.300, 216.315) on layer: Metal1
Net FE_OFN197699_eoi_15: dangling Wire at (132.135, 215.070) (132.135, 215.070) on layer: Metal1
Net FE_OFN197698_pcpi_insn_19, Pin Pin: FE_OFC197671_pcpi_insn_19/Y; Direction: OUTPUT; Use: SIGNAL;: has an unconnected terminal at (102.185, 207.290) (102.335, 208.230)
Net FE_OFN197698_pcpi_insn_19, Pin Pin: FE_OFC713_pcpi_insn_19/A; Direction: INPUT; Use: SIGNAL;: has an unconnected terminal at (106.400, 219.700) (106.530, 219.910)
Net FE_OFN197698_pcpi_insn_19: has regular routing with opens at (105.535, 218.490) (108.700, 219.735)
Net FE_OFN197698_pcpi_insn_19: dangling Wire at (108.700, 219.735) (108.700, 219.735) on layer: Metal1
Net FE_OFN197698_pcpi_insn_19: dangling Wire at (105.535, 218.490) (105.535, 218.490) on layer: Metal1
Net FE_OFN197697_pcpi_insn_24, Pin Pin: FE_OFC688_pcpi_insn_24/Y; Direction: OUTPUT; Use: SIGNAL;: has an unconnected terminal at (102.185, 214.130) (102.335, 215.070)
Net FE_OFN197697_pcpi_insn_24, Pin Pin: FE_OFC712_pcpi_insn_24/A; Direction: INPUT; Use: SIGNAL;: has an unconnected terminal at (103.800, 217.850) (103.930, 218.060)
Net FE_OFN197697_pcpi_insn_24: has regular routing with opens at (102.335, 218.025) (105.500, 218.490)
Net FE_OFN197697_pcpi_insn_24: dangling Wire at (105.500, 218.025) (105.500, 218.025) on layer: Metal1
Net FE_OFN197697_pcpi_insn_24: dangling Wire at (102.335, 218.490) (102.335, 218.490) on layer: Metal1
Net FE_OFN197696_pcpi_insn_29, Pin Pin: FE_OFC583_pcpi_insn_29/Y; Direction: OUTPUT; Use: SIGNAL;: has an unconnected terminal at (150.385, 214.130) (150.535, 215.070)
Net FE_OFN197696_pcpi_insn_29, Pin Pin: FE_OFC711_pcpi_insn_29/A; Direction: INPUT; Use: SIGNAL;: has an unconnected terminal at (155.600, 219.700) (155.730, 219.910)
Net FE_OFN197696_pcpi_insn_29: has regular routing with opens at (153.135, 218.490) (156.300, 219.735)
Net FE_OFN197696_pcpi_insn_29: dangling Wire at (156.300, 219.735) (156.300, 219.735) on layer: Metal1
Net FE_OFN197696_pcpi_insn_29: dangling Wire at (153.135, 218.490) (153.135, 218.490) on layer: Metal1
Net FE_OFN197695_pcpi_insn_31, Pin Pin: FE_OFC686_pcpi_insn_31/Y; Direction: OUTPUT; Use: SIGNAL;: has an unconnected terminal at (156.385, 214.130) (156.535, 215.070)
Net FE_OFN197695_pcpi_insn_31, Pin Pin: FE_OFC710_pcpi_insn_31/A; Direction: INPUT; Use: SIGNAL;: has an unconnected terminal at (160.200, 219.700) (160.330, 219.910)
Net FE_OFN197695_pcpi_insn_31: has regular routing with opens at (158.135, 218.490) (161.300, 219.735)
Net FE_OFN197695_pcpi_insn_31: dangling Wire at (161.300, 219.735) (161.300, 219.735) on layer: Metal1
Net FE_OFN197695_pcpi_insn_31: dangling Wire at (158.135, 218.490) (158.135, 218.490) on layer: Metal1
Net FE_OFN197694_eoi_2, Pin Pin: FE_OFC197669_eoi_2/Y; Direction: OUTPUT; Use: SIGNAL;: has an unconnected terminal at (131.185, 214.130) (131.335, 215.070)
Net FE_OFN197694_eoi_2, Pin Pin: FE_OFC709_eoi_2/A; Direction: INPUT; Use: SIGNAL;: has an unconnected terminal at (131.600, 217.850) (131.730, 218.060)
Net FE_OFN197694_eoi_2: has regular routing with opens at (127.935, 218.490) (131.100, 219.735)
Net FE_OFN197694_eoi_2: dangling Wire at (131.100, 219.735) (131.100, 219.735) on layer: Metal1
Net FE_OFN197694_eoi_2: dangling Wire at (127.935, 218.490) (127.935, 218.490) on layer: Metal1
Net FE_OFN197693_eoi_25, Pin Pin: FE_OFC684_eoi_25/Y; Direction: OUTPUT; Use: SIGNAL;: has an unconnected terminal at (123.985, 5.510) (124.135, 6.450)
Net FE_OFN197693_eoi_25: has regular routing with opens at (121.735, 0.820) (124.930, 3.030)
Net FE_OFN197693_eoi_25: dangling Wire at (121.735, 3.030) (121.735, 3.030) on layer: Metal1
Net FE_OFN197692_eoi_28, Pin Pin: FE_OFC603_eoi_28/Y; Direction: OUTPUT; Use: SIGNAL;: has an unconnected terminal at (117.185, 5.510) (117.335, 6.450)
Net FE_OFN197692_eoi_28: has regular routing with opens at (123.935, 0.820) (127.130, 3.030)
Net FE_OFN197692_eoi_28: dangling Wire at (123.935, 3.030) (123.935, 3.030) on layer: Metal1
Net FE_OFN197691_pcpi_insn_3, Pin Pin: FE_OFC682_pcpi_insn_3/Y; Direction: OUTPUT; Use: SIGNAL;: has an unconnected terminal at (163.385, 214.130) (163.535, 215.070)
Net FE_OFN197691_pcpi_insn_3: has regular routing with opens at (163.335, 217.850) (166.530, 218.490)
Net FE_OFN197691_pcpi_insn_3: dangling Wire at (163.335, 218.490) (163.335, 218.490) on layer: Metal1
Net FE_OFN197690_pcpi_valid, Pin Pin: FE_OFC609_pcpi_valid/Y; Direction: OUTPUT; Use: SIGNAL;: has an unconnected terminal at (176.985, 214.130) (177.135, 215.070)
Net FE_OFN197690_pcpi_valid, Pin Pin: FE_OFC705_pcpi_valid/A; Direction: INPUT; Use: SIGNAL;: has an unconnected terminal at (171.200, 219.700) (171.330, 219.910)
Net FE_OFN197690_pcpi_valid: has regular routing with opens at (168.535, 218.490) (171.700, 219.735)
Net FE_OFN197690_pcpi_valid: dangling Wire at (171.700, 219.735) (171.700, 219.735) on layer: Metal1
Net FE_OFN197690_pcpi_valid: dangling Wire at (168.535, 218.490) (168.535, 218.490) on layer: Metal1
Net FE_OFN197689_eoi_30, Pin Pin: FE_OFC610_eoi_30/Y; Direction: OUTPUT; Use: SIGNAL;: has an unconnected terminal at (111.185, 5.510) (111.335, 6.450)
Net FE_OFN197689_eoi_30, Pin Pin: FE_OFC704_eoi_30/A; Direction: INPUT; Use: SIGNAL;: has an unconnected terminal at (131.400, 0.820) (131.530, 1.030)
Net FE_OFN197689_eoi_30: has regular routing with opens at (128.935, 0.855) (132.100, 3.030)
Net FE_OFN197689_eoi_30: dangling Wire at (132.100, 0.855) (132.100, 0.855) on layer: Metal1
Net FE_OFN197689_eoi_30: dangling Wire at (128.935, 3.030) (128.935, 3.030) on layer: Metal1
Net FE_OFN197688_eoi_31, Pin Pin: FE_OFC680_eoi_31/Y; Direction: OUTPUT; Use: SIGNAL;: has an unconnected terminal at (130.185, 214.130) (130.335, 215.070)
Net FE_OFN197688_eoi_31, Pin Pin: FE_OFC703_eoi_31/A; Direction: INPUT; Use: SIGNAL;: has an unconnected terminal at (131.000, 219.700) (131.130, 219.910)
Net FE_OFN197688_eoi_31: has regular routing with opens at (125.735, 218.490) (128.900, 219.735)
Net FE_OFN197688_eoi_31: dangling Wire at (128.900, 219.735) (128.900, 219.735) on layer: Metal1
Net FE_OFN197688_eoi_31: dangling Wire at (125.735, 218.490) (125.735, 218.490) on layer: Metal1
Net FE_OFN197687_eoi_26, Pin Pin: FE_OFC591_eoi_26/Y; Direction: OUTPUT; Use: SIGNAL;: has an unconnected terminal at (112.185, 5.510) (112.335, 6.450)
Net FE_OFN197687_eoi_26, Pin Pin: FE_OFC702_eoi_26/A; Direction: INPUT; Use: SIGNAL;: has an unconnected terminal at (115.200, 2.390) (115.330, 2.600)
Net FE_OFN197687_eoi_26: has regular routing with opens at (113.335, 2.565) (116.500, 3.030)
Net FE_OFN197687_eoi_26: dangling Wire at (116.500, 2.565) (116.500, 2.565) on layer: Metal1
Net FE_OFN197687_eoi_26: dangling Wire at (113.335, 3.030) (113.335, 3.030) on layer: Metal1
Net FE_OFN197686_eoi_29, Pin Pin: FE_OFC674_eoi_29/Y; Direction: OUTPUT; Use: SIGNAL;: has an unconnected terminal at (114.785, 5.510) (114.935, 6.450)
Net FE_OFN197686_eoi_29, Pin Pin: FE_OFC701_eoi_29/A; Direction: INPUT; Use: SIGNAL;: has an unconnected terminal at (129.200, 0.820) (129.330, 1.030)
Net FE_OFN197686_eoi_29: has regular routing with opens at (126.735, 0.855) (129.900, 3.030)
Net FE_OFN197686_eoi_29: dangling Wire at (129.900, 0.855) (129.900, 0.855) on layer: Metal1
Net FE_OFN197686_eoi_29: dangling Wire at (126.735, 3.030) (126.735, 3.030) on layer: Metal1
Net FE_OFN197685_eoi_0, Pin Pin: FE_OFC197582_eoi_0/Y; Direction: OUTPUT; Use: SIGNAL;: has an unconnected terminal at (129.185, 214.130) (129.335, 215.070)
Net FE_OFN197685_eoi_0, Pin Pin: FE_OFC700_eoi_0/A; Direction: INPUT; Use: SIGNAL;: has an unconnected terminal at (116.000, 217.850) (116.130, 218.060)
Net FE_OFN197685_eoi_0: has regular routing with opens at (114.535, 218.025) (117.700, 218.490)
Net FE_OFN197685_eoi_0: dangling Wire at (117.700, 218.025) (117.700, 218.025) on layer: Metal1
Net FE_OFN197685_eoi_0: dangling Wire at (114.535, 218.490) (114.535, 218.490) on layer: Metal1
Net FE_OFN197672_pcpi_insn_17, Pin Pin: FE_OFC197673_pcpi_insn_17/A; Direction: INPUT; Use: SIGNAL;: has an unconnected terminal at (94.200, 219.745) (94.360, 219.915)
Net FE_OFN197672_pcpi_insn_17: has regular routing with opens at (89.260, 219.500) (95.160, 220.055)
Net FE_OFN197672_pcpi_insn_17: dangling Wire at (95.160, 219.745) (95.160, 219.745) on layer: Metal1
Net FE_OFN197670_pcpi_insn_19, Pin Pin: FE_OFC197671_pcpi_insn_19/A; Direction: INPUT; Use: SIGNAL;: has an unconnected terminal at (102.565, 207.670) (102.745, 207.790)
Net FE_OFN197670_pcpi_insn_19: has regular routing with opens at (99.860, 214.285) (107.360, 219.745)
Net FE_OFN197670_pcpi_insn_19: dangling Wire at (107.360, 219.745) (107.360, 219.745) on layer: Metal1
Net FE_OFN197601_pcpi_insn_24, Pin Pin: FE_OFC688_pcpi_insn_24/A; Direction: INPUT; Use: SIGNAL;: has an unconnected terminal at (102.565, 214.510) (102.745, 214.630)
Net FE_OFN197601_pcpi_insn_24: has regular routing with opens at (90.860, 217.705) (104.100, 218.260)
Net FE_OFN197601_pcpi_insn_24: dangling Wire at (104.100, 218.025) (104.100, 218.025) on layer: Metal1
Net FE_OFN197597_pcpi_insn_11, Pin Pin: picorv32_core_pcpi_insn_reg[11]/Q; Direction: OUTPUT; Use: SIGNAL;: has an unconnected terminal at (107.060, 217.705) (107.180, 218.260)
Net FE_OFN197597_pcpi_insn_11, Pin Pin: FE_OFC197598_pcpi_insn_11/A; Direction: INPUT; Use: SIGNAL;: has an unconnected terminal at (115.400, 219.745) (115.560, 219.915)
Net FE_OFN197597_pcpi_insn_11: has regular routing with opens at (107.380, 218.215) (117.100, 219.745)
Net FE_OFN197597_pcpi_insn_11: dangling Wire at (107.380, 218.260) (107.380, 218.260) on layer: Metal1
Net FE_OFN197597_pcpi_insn_11: dangling Wire at (116.360, 219.745) (116.360, 219.745) on layer: Metal1
Net FE_OFN197622_eoi_15, Pin Pin: FE_OFC197667_eoi_15/A; Direction: INPUT; Use: SIGNAL;: has an unconnected terminal at (132.565, 214.510) (132.745, 214.630)
Net FE_OFN197622_eoi_15: has regular routing with opens at (130.050, 190.180) (133.960, 216.325)
Net FE_OFN197622_eoi_15: dangling Wire at (133.960, 216.325) (133.960, 216.325) on layer: Metal1
Net FE_OFN197581_eoi_0, Pin Pin: FE_OFC197582_eoi_0/A; Direction: INPUT; Use: SIGNAL;: has an unconnected terminal at (129.565, 214.510) (129.745, 214.630)
Net FE_OFN197581_eoi_0: has regular routing with opens at (113.260, 193.750) (117.390, 218.025)
Net FE_OFN197581_eoi_0: dangling Wire at (116.360, 218.015) (116.360, 218.015) on layer: Metal1
Net CTS_19, Pin Pin: picorv32_core_trap_reg/CK; Direction: INPUT; Use: SIGNAL;: has an unconnected terminal at (178.435, 217.910) (178.675, 218.280)
Net CTS_19, Pin Pin: picorv32_core_pcpi_valid_reg/CK; Direction: INPUT; Use: SIGNAL;: has an unconnected terminal at (176.835, 219.480) (177.075, 219.850)
Net CTS_19, Pin Pin: picorv32_core_is_alu_reg_reg_reg/CK; Direction: INPUT; Use: SIGNAL;: has an unconnected terminal at (165.860, 209.100) (165.940, 209.600)
Net CTS_19, Pin Pin: picorv32_core_instr_srli_reg/CK; Direction: INPUT; Use: SIGNAL;: has an unconnected terminal at (173.060, 209.100) (173.140, 209.600)
Net CTS_19, Pin Pin: picorv32_core_instr_lh_reg/CK; Direction: INPUT; Use: SIGNAL;: has an unconnected terminal at (172.060, 197.380) (172.140, 197.880)
Net CTS_19, Pin Pin: picorv32_core_instr_lbu_reg/CK; Direction: INPUT; Use: SIGNAL;: has an unconnected terminal at (177.060, 197.380) (177.140, 197.880)
Net CTS_19, Pin Pin: wbm_we_o_reg/CK; Direction: INPUT; Use: SIGNAL;: has an unconnected terminal at (199.035, 214.490) (199.275, 214.860)
Net CTS_19, Pin Pin: wbm_sel_o_reg[3]/CK; Direction: INPUT; Use: SIGNAL;: has an unconnected terminal at (210.435, 202.380) (210.675, 202.750)
Net CTS_19, Pin Pin: wbm_sel_o_reg[2]/CK; Direction: INPUT; Use: SIGNAL;: has an unconnected terminal at (202.235, 204.230) (202.475, 204.600)
Net CTS_19, Pin Pin: wbm_sel_o_reg[1]/CK; Direction: INPUT; Use: SIGNAL;: has an unconnected terminal at (209.435, 200.810) (209.675, 201.180)
Net CTS_19, Pin Pin: wbm_sel_o_reg[0]/CK; Direction: INPUT; Use: SIGNAL;: has an unconnected terminal at (214.835, 195.540) (215.075, 195.910)
Net CTS_19, Pin Pin: wbm_dat_o_reg[6]/CK; Direction: INPUT; Use: SIGNAL;: has an unconnected terminal at (214.035, 187.130) (214.275, 187.500)
Net CTS_19, Pin Pin: wbm_dat_o_reg[4]/CK; Direction: INPUT; Use: SIGNAL;: has an unconnected terminal at (213.235, 190.550) (213.475, 190.920)
Net CTS_19, Pin Pin: wbm_dat_o_reg[3]/CK; Direction: INPUT; Use: SIGNAL;: has an unconnected terminal at (208.435, 193.970) (208.675, 194.340)
Net CTS_19, Pin Pin: wbm_dat_o_reg[2]/CK; Direction: INPUT; Use: SIGNAL;: has an unconnected terminal at (206.035, 198.960) (206.275, 199.330)
Net CTS_19, Pin Pin: wbm_dat_o_reg[1]/CK; Direction: INPUT; Use: SIGNAL;: has an unconnected terminal at (214.235, 198.960) (214.475, 199.330)
Net CTS_19, Pin Pin: wbm_dat_o_reg[0]/CK; Direction: INPUT; Use: SIGNAL;: has an unconnected terminal at (200.035, 200.810) (200.275, 201.180)
Net CTS_19, Pin Pin: state_reg[0]/CK; Direction: INPUT; Use: SIGNAL;: has an unconnected terminal at (199.235, 202.380) (199.475, 202.750)
Net CTS_19, Pin Pin: mem_rdata_reg[13]/CK; Direction: INPUT; Use: SIGNAL;: has an unconnected terminal at (169.260, 217.900) (169.340, 218.400)
Net CTS_19, Pin Pin: mem_rdata_reg[12]/CK; Direction: INPUT; Use: SIGNAL;: has an unconnected terminal at (171.660, 219.360) (171.740, 219.860)
Net CTS_19: has regular routing with opens at (155.860, 181.610) (219.700, 219.545)
Net CTS_19: dangling Wire at (219.700, 195.795) (219.700, 195.795) on layer: Metal1
Net CTS_19: dangling Wire at (219.100, 199.215) (219.100, 199.215) on layer: Metal1
Net CTS_19: dangling Wire at (218.900, 187.245) (218.900, 187.245) on layer: Metal1
Net CTS_19: dangling Wire at (218.100, 190.665) (218.100, 190.665) on layer: Metal1
Net CTS_19: dangling Wire at (215.300, 202.635) (215.300, 202.635) on layer: Metal1
Net CTS_19: dangling Wire at (214.300, 200.925) (214.300, 200.925) on layer: Metal1
Net CTS_19: dangling Wire at (213.300, 194.085) (213.300, 194.085) on layer: Metal1
Net CTS_19: dangling Wire at (210.900, 199.215) (210.900, 199.215) on layer: Metal1
Net CTS_19: dangling Wire at (207.100, 204.345) (207.100, 204.345) on layer: Metal1
Net CTS_19: dangling Wire at (204.900, 200.925) (204.900, 200.925) on layer: Metal1
Net CTS_19: dangling Wire at (203.900, 214.605) (203.900, 214.605) on layer: Metal1
Net CTS_19: dangling Wire at (199.700, 202.445) (199.700, 202.445) on layer: Metal1
Net CTS_19: dangling Wire at (178.300, 218.215) (178.300, 218.215) on layer: Metal1
Net CTS_19: dangling Wire at (176.900, 197.695) (176.900, 197.695) on layer: Metal1
Net CTS_19: dangling Wire at (175.100, 219.545) (175.100, 219.545) on layer: Metal1
Net CTS_19: dangling Wire at (172.300, 209.475) (172.300, 209.475) on layer: Metal1
Net CTS_19: dangling Wire at (171.300, 197.695) (171.300, 197.695) on layer: Metal1
Net CTS_19: dangling Wire at (168.300, 219.545) (168.300, 219.545) on layer: Metal1
Net CTS_19: dangling Wire at (167.900, 218.025) (167.900, 218.025) on layer: Metal1
Net CTS_19: dangling Wire at (166.500, 209.475) (166.500, 209.475) on layer: Metal1
Net CTS_17, Pin Pin: picorv32_core_genblk2.pcpi_div_divisor_reg[37]/CK; Direction: INPUT; Use: SIGNAL;: has an unconnected terminal at (205.435, 128.990) (205.675, 129.360)
Net CTS_17, Pin Pin: picorv32_core_genblk2.pcpi_div_divisor_reg[35]/CK; Direction: INPUT; Use: SIGNAL;: has an unconnected terminal at (197.635, 128.990) (197.875, 129.360)
Net CTS_17, Pin Pin: picorv32_core_mem_wdata_reg[16]/CK; Direction: INPUT; Use: SIGNAL;: has an unconnected terminal at (199.835, 152.930) (200.075, 153.300)
Net CTS_17, Pin Pin: wbm_dat_o_reg[25]/CK; Direction: INPUT; Use: SIGNAL;: has an unconnected terminal at (213.835, 154.500) (214.075, 154.870)
Net CTS_17, Pin Pin: wbm_dat_o_reg[24]/CK; Direction: INPUT; Use: SIGNAL;: has an unconnected terminal at (208.835, 156.350) (209.075, 156.720)
Net CTS_17, Pin Pin: wbm_dat_o_reg[23]/CK; Direction: INPUT; Use: SIGNAL;: has an unconnected terminal at (210.035, 149.510) (210.275, 149.880)
Net CTS_17, Pin Pin: wbm_dat_o_reg[22]/CK; Direction: INPUT; Use: SIGNAL;: has an unconnected terminal at (215.635, 149.510) (215.875, 149.880)
Net CTS_17, Pin Pin: wbm_dat_o_reg[21]/CK; Direction: INPUT; Use: SIGNAL;: has an unconnected terminal at (213.835, 144.240) (214.075, 144.610)
Net CTS_17, Pin Pin: wbm_dat_o_reg[20]/CK; Direction: INPUT; Use: SIGNAL;: has an unconnected terminal at (210.635, 144.240) (210.875, 144.610)
Net CTS_17, Pin Pin: wbm_dat_o_reg[18]/CK; Direction: INPUT; Use: SIGNAL;: has an unconnected terminal at (203.035, 152.930) (203.275, 153.300)
Net CTS_17, Pin Pin: wbm_dat_o_reg[17]/CK; Direction: INPUT; Use: SIGNAL;: has an unconnected terminal at (210.435, 152.930) (210.675, 153.300)
Net CTS_17, Pin Pin: wbm_dat_o_reg[16]/CK; Direction: INPUT; Use: SIGNAL;: has an unconnected terminal at (213.835, 151.080) (214.075, 151.450)
Net CTS_17: has regular routing with opens at (159.835, 111.880) (220.500, 158.180)
Net CTS_17: dangling Wire at (220.500, 149.625) (220.500, 149.625) on layer: Metal1
Net CTS_17: dangling Wire at (220.500, 144.495) (220.500, 144.495) on layer: Metal1
Net CTS_17: dangling Wire at (220.300, 154.755) (220.300, 154.755) on layer: Metal1
Net CTS_17: dangling Wire at (218.700, 151.335) (218.700, 151.335) on layer: Metal1
Net CTS_17: dangling Wire at (215.900, 153.045) (215.900, 153.045) on layer: Metal1
Net CTS_17: dangling Wire at (214.900, 149.625) (214.900, 149.625) on layer: Metal1
Net CTS_17: dangling Wire at (213.700, 156.465) (213.700, 156.465) on layer: Metal1
Net CTS_17: dangling Wire at (211.700, 144.305) (211.700, 144.305) on layer: Metal1
Net CTS_17: dangling Wire at (208.500, 153.045) (208.500, 153.045) on layer: Metal1
Net CTS_17: dangling Wire at (204.900, 129.295) (204.900, 129.295) on layer: Metal1
Net CTS_17: dangling Wire at (200.100, 153.235) (200.100, 153.235) on layer: Metal1
Net CTS_17: dangling Wire at (198.500, 129.295) (198.500, 129.295) on layer: Metal1
Net CTS_16, Pin Pin: wbm_dat_o_reg[31]/CK; Direction: INPUT; Use: SIGNAL;: has an unconnected terminal at (215.035, 181.860) (215.275, 182.230)
Net CTS_16, Pin Pin: wbm_dat_o_reg[30]/CK; Direction: INPUT; Use: SIGNAL;: has an unconnected terminal at (210.035, 166.610) (210.275, 166.980)
Net CTS_16, Pin Pin: wbm_dat_o_reg[29]/CK; Direction: INPUT; Use: SIGNAL;: has an unconnected terminal at (209.035, 173.450) (209.275, 173.820)
Net CTS_16, Pin Pin: wbm_dat_o_reg[28]/CK; Direction: INPUT; Use: SIGNAL;: has an unconnected terminal at (216.035, 175.020) (216.275, 175.390)
Net CTS_16, Pin Pin: wbm_dat_o_reg[27]/CK; Direction: INPUT; Use: SIGNAL;: has an unconnected terminal at (210.035, 163.190) (210.275, 163.560)
Net CTS_16, Pin Pin: wbm_dat_o_reg[26]/CK; Direction: INPUT; Use: SIGNAL;: has an unconnected terminal at (209.835, 159.770) (210.075, 160.140)
Net CTS_16, Pin Pin: wbm_dat_o_reg[19]/CK; Direction: INPUT; Use: SIGNAL;: has an unconnected terminal at (198.435, 183.710) (198.675, 184.080)
Net CTS_16, Pin Pin: wbm_dat_o_reg[15]/CK; Direction: INPUT; Use: SIGNAL;: has an unconnected terminal at (209.635, 176.870) (209.875, 177.240)
Net CTS_16, Pin Pin: wbm_dat_o_reg[14]/CK; Direction: INPUT; Use: SIGNAL;: has an unconnected terminal at (209.235, 171.600) (209.475, 171.970)
Net CTS_16, Pin Pin: wbm_dat_o_reg[13]/CK; Direction: INPUT; Use: SIGNAL;: has an unconnected terminal at (215.635, 178.440) (215.875, 178.810)
Net CTS_16, Pin Pin: wbm_dat_o_reg[12]/CK; Direction: INPUT; Use: SIGNAL;: has an unconnected terminal at (208.235, 181.860) (208.475, 182.230)
Net CTS_16, Pin Pin: wbm_dat_o_reg[11]/CK; Direction: INPUT; Use: SIGNAL;: has an unconnected terminal at (216.635, 171.600) (216.875, 171.970)
Net CTS_16, Pin Pin: wbm_dat_o_reg[10]/CK; Direction: INPUT; Use: SIGNAL;: has an unconnected terminal at (213.635, 168.180) (213.875, 168.550)
Net CTS_16, Pin Pin: wbm_dat_o_reg[9]/CK; Direction: INPUT; Use: SIGNAL;: has an unconnected terminal at (215.435, 157.920) (215.675, 158.290)
Net CTS_16, Pin Pin: wbm_dat_o_reg[8]/CK; Direction: INPUT; Use: SIGNAL;: has an unconnected terminal at (215.635, 163.190) (215.875, 163.560)
Net CTS_16, Pin Pin: wbm_dat_o_reg[7]/CK; Direction: INPUT; Use: SIGNAL;: has an unconnected terminal at (213.835, 183.710) (214.075, 184.080)
Net CTS_16: has regular routing with opens at (159.860, 157.895) (220.700, 187.420)
Net CTS_16: dangling Wire at (220.700, 175.275) (220.700, 175.275) on layer: Metal1
Net CTS_16: dangling Wire at (220.700, 171.855) (220.700, 171.855) on layer: Metal1
Net CTS_16: dangling Wire at (220.500, 178.695) (220.500, 178.695) on layer: Metal1
Net CTS_16: dangling Wire at (220.500, 163.305) (220.500, 163.305) on layer: Metal1
Net CTS_16: dangling Wire at (220.500, 158.175) (220.500, 158.175) on layer: Metal1
Net CTS_16: dangling Wire at (220.300, 183.825) (220.300, 183.825) on layer: Metal1
Net CTS_16: dangling Wire at (219.900, 182.115) (219.900, 182.115) on layer: Metal1
Net CTS_16: dangling Wire at (218.500, 168.435) (218.500, 168.435) on layer: Metal1
Net CTS_16: dangling Wire at (214.900, 163.305) (214.900, 163.305) on layer: Metal1
Net CTS_16: dangling Wire at (214.700, 159.885) (214.700, 159.885) on layer: Metal1
Net CTS_16: dangling Wire at (214.500, 176.985) (214.500, 176.985) on layer: Metal1
Net CTS_16: dangling Wire at (214.300, 171.855) (214.300, 171.855) on layer: Metal1
Net CTS_16: dangling Wire at (213.900, 173.565) (213.900, 173.565) on layer: Metal1
Net CTS_16: dangling Wire at (213.100, 182.115) (213.100, 182.115) on layer: Metal1
Net CTS_16: dangling Wire at (210.900, 166.915) (210.900, 166.915) on layer: Metal1
Net CTS_16: dangling Wire at (203.300, 183.825) (203.300, 183.825) on layer: Metal1
Net CTS_14, Pin Pin: picorv32_core_genblk2.pcpi_div_divisor_reg[58]/CK; Direction: INPUT; Use: SIGNAL;: has an unconnected terminal at (211.235, 91.370) (211.475, 91.740)
Net CTS_14, Pin Pin: picorv32_core_genblk2.pcpi_div_divisor_reg[53]/CK; Direction: INPUT; Use: SIGNAL;: has an unconnected terminal at (203.035, 108.470) (203.275, 108.840)
Net CTS_14: has regular routing with opens at (175.430, 69.000) (217.675, 110.410)
Net CTS_14: dangling Wire at (211.700, 91.675) (211.700, 91.675) on layer: Metal1
Net CTS_14: dangling Wire at (203.900, 108.775) (203.900, 108.775) on layer: Metal1
Net CTS_10, Pin Pin: mem_rdata_reg[30]/CK; Direction: INPUT; Use: SIGNAL;: has an unconnected terminal at (112.230, 204.110) (112.405, 204.515)
Net CTS_10, Pin Pin: mem_rdata_reg[23]/CK; Direction: INPUT; Use: SIGNAL;: has an unconnected terminal at (108.630, 210.950) (108.805, 211.355)
Net CTS_10, Pin Pin: picorv32_core_mem_rdata_q_reg[9]/CK; Direction: INPUT; Use: SIGNAL;: has an unconnected terminal at (106.830, 204.110) (107.005, 204.515)
Net CTS_10, Pin Pin: picorv32_core_pcpi_insn_reg[24]/CK; Direction: INPUT; Use: SIGNAL;: has an unconnected terminal at (88.060, 217.900) (88.140, 218.400)
Net CTS_10, Pin Pin: picorv32_core_pcpi_insn_reg[21]/CK; Direction: INPUT; Use: SIGNAL;: has an unconnected terminal at (90.460, 215.940) (90.540, 216.440)
Net CTS_10, Pin Pin: picorv32_core_pcpi_insn_reg[19]/CK; Direction: INPUT; Use: SIGNAL;: has an unconnected terminal at (97.060, 214.480) (97.140, 214.980)
Net CTS_10, Pin Pin: picorv32_core_pcpi_insn_reg[18]/CK; Direction: INPUT; Use: SIGNAL;: has an unconnected terminal at (92.860, 212.520) (92.940, 213.020)
Net CTS_10, Pin Pin: picorv32_core_pcpi_insn_reg[17]/CK; Direction: INPUT; Use: SIGNAL;: has an unconnected terminal at (86.460, 219.360) (86.540, 219.860)
Net CTS_10, Pin Pin: picorv32_core_pcpi_insn_reg[16]/CK; Direction: INPUT; Use: SIGNAL;: has an unconnected terminal at (90.260, 214.510) (90.340, 215.010)
Net CTS_10, Pin Pin: picorv32_core_pcpi_insn_reg[11]/CK; Direction: INPUT; Use: SIGNAL;: has an unconnected terminal at (104.260, 217.900) (104.340, 218.400)
Net CTS_10, Pin Pin: picorv32_core_pcpi_insn_reg[10]/CK; Direction: INPUT; Use: SIGNAL;: has an unconnected terminal at (94.860, 217.930) (94.940, 218.430)
Net CTS_10, Pin Pin: picorv32_core_pcpi_insn_reg[9]/CK; Direction: INPUT; Use: SIGNAL;: has an unconnected terminal at (97.660, 215.940) (97.740, 216.440)
Net CTS_10, Pin Pin: picorv32_core_pcpi_insn_reg[8]/CK; Direction: INPUT; Use: SIGNAL;: has an unconnected terminal at (106.860, 219.330) (106.940, 219.830)
Net CTS_10, Pin Pin: picorv32_core_mem_rdata_q_reg[18]/CK; Direction: INPUT; Use: SIGNAL;: has an unconnected terminal at (103.660, 211.060) (103.740, 211.560)
Net CTS_10, Pin Pin: picorv32_core_decoded_rd_reg[3]/CK; Direction: INPUT; Use: SIGNAL;: has an unconnected terminal at (103.635, 204.230) (103.875, 204.600)
Net CTS_10, Pin Pin: mem_rdata_reg[18]/CK; Direction: INPUT; Use: SIGNAL;: has an unconnected terminal at (99.660, 219.360) (99.740, 219.860)
Net CTS_10, Pin Pin: mem_rdata_reg[17]/CK; Direction: INPUT; Use: SIGNAL;: has an unconnected terminal at (103.860, 214.480) (103.940, 214.980)
Net CTS_10, Pin Pin: mem_rdata_reg[16]/CK; Direction: INPUT; Use: SIGNAL;: has an unconnected terminal at (108.860, 214.480) (108.940, 214.980)
Net CTS_10, Pin Pin: mem_rdata_reg[10]/CK; Direction: INPUT; Use: SIGNAL;: has an unconnected terminal at (104.060, 215.940) (104.140, 216.440)
Net CTS_10, Pin Pin: mem_rdata_reg[9]/CK; Direction: INPUT; Use: SIGNAL;: has an unconnected terminal at (94.660, 219.360) (94.740, 219.860)
Net CTS_10, Pin Pin: mem_rdata_reg[8]/CK; Direction: INPUT; Use: SIGNAL;: has an unconnected terminal at (109.260, 217.900) (109.340, 218.400)
Net CTS_10: has regular routing with opens at (73.860, 176.870) (117.075, 219.860)
Net CTS_10: dangling Wire at (112.500, 204.345) (112.500, 204.345) on layer: Metal1
Net CTS_10: dangling Wire at (112.300, 218.215) (112.300, 218.215) on layer: Metal1
Net CTS_10: dangling Wire at (109.900, 219.735) (109.900, 219.735) on layer: Metal1
Net CTS_10: dangling Wire at (109.900, 214.795) (109.900, 214.795) on layer: Metal1
Net CTS_10: dangling Wire at (109.300, 211.185) (109.300, 211.185) on layer: Metal1
Net CTS_10: dangling Wire at (107.100, 204.345) (107.100, 204.345) on layer: Metal1
Net CTS_10: dangling Wire at (106.300, 216.315) (106.300, 216.315) on layer: Metal1
Net CTS_10: dangling Wire at (105.500, 218.025) (105.500, 218.025) on layer: Metal1
Net CTS_10: dangling Wire at (104.900, 219.545) (104.900, 219.545) on layer: Metal1
Net CTS_10: dangling Wire at (104.500, 214.605) (104.500, 214.605) on layer: Metal1
Net CTS_10: dangling Wire at (104.100, 211.185) (104.100, 211.185) on layer: Metal1
Net CTS_10: dangling Wire at (103.900, 204.535) (103.900, 204.535) on layer: Metal1
Net CTS_10: dangling Wire at (99.900, 219.735) (99.900, 219.735) on layer: Metal1
Net CTS_10: dangling Wire at (99.500, 216.315) (99.500, 216.315) on layer: Metal1
Net CTS_10: dangling Wire at (98.700, 218.405) (98.700, 218.405) on layer: Metal1
Net CTS_10: dangling Wire at (97.700, 214.605) (97.700, 214.605) on layer: Metal1
Net CTS_10: dangling Wire at (93.300, 212.895) (93.300, 212.895) on layer: Metal1
Net CTS_10: dangling Wire at (93.100, 219.355) (93.100, 219.355) on layer: Metal1
Net CTS_10: dangling Wire at (91.700, 216.315) (91.700, 216.315) on layer: Metal1
Net CTS_10: dangling Wire at (90.900, 214.605) (90.900, 214.605) on layer: Metal1
Net CTS_10: dangling Wire at (89.500, 218.025) (89.500, 218.025) on layer: Metal1
Net CTS_7, Pin Pin: mem_rdata_reg[27]/CK; Direction: INPUT; Use: SIGNAL;: has an unconnected terminal at (117.830, 209.305) (118.005, 209.710)
Net CTS_7, Pin Pin: mem_rdata_reg[25]/CK; Direction: INPUT; Use: SIGNAL;: has an unconnected terminal at (117.630, 204.110) (117.805, 204.515)
Net CTS_7, Pin Pin: mem_rdata_reg[31]/CK; Direction: INPUT; Use: SIGNAL;: has an unconnected terminal at (128.230, 209.305) (128.405, 209.710)
Net CTS_7, Pin Pin: picorv32_core_mem_rdata_q_reg[25]/CK; Direction: INPUT; Use: SIGNAL;: has an unconnected terminal at (135.830, 204.110) (136.005, 204.515)
Net CTS_7, Pin Pin: picorv32_core_mem_rdata_q_reg[8]/CK; Direction: INPUT; Use: SIGNAL;: has an unconnected terminal at (114.030, 210.950) (114.205, 211.355)
Net CTS_7, Pin Pin: picorv32_core_pcpi_insn_reg[31]/CK; Direction: INPUT; Use: SIGNAL;: has an unconnected terminal at (142.660, 212.520) (142.740, 213.020)
Net CTS_7, Pin Pin: picorv32_core_pcpi_insn_reg[29]/CK; Direction: INPUT; Use: SIGNAL;: has an unconnected terminal at (142.660, 204.220) (142.740, 204.720)
Net CTS_7, Pin Pin: picorv32_core_pcpi_insn_reg[28]/CK; Direction: INPUT; Use: SIGNAL;: has an unconnected terminal at (141.060, 215.940) (141.140, 216.440)
Net CTS_7, Pin Pin: picorv32_core_pcpi_insn_reg[27]/CK; Direction: INPUT; Use: SIGNAL;: has an unconnected terminal at (139.260, 214.480) (139.340, 214.980)
Net CTS_7, Pin Pin: picorv32_core_pcpi_insn_reg[26]/CK; Direction: INPUT; Use: SIGNAL;: has an unconnected terminal at (142.660, 211.060) (142.740, 211.560)
Net CTS_7, Pin Pin: picorv32_core_pcpi_insn_reg[25]/CK; Direction: INPUT; Use: SIGNAL;: has an unconnected terminal at (139.260, 209.100) (139.340, 209.600)
Net CTS_7, Pin Pin: picorv32_core_pcpi_insn_reg[23]/CK; Direction: INPUT; Use: SIGNAL;: has an unconnected terminal at (120.860, 217.930) (120.940, 218.430)
Net CTS_7, Pin Pin: picorv32_core_pcpi_insn_reg[22]/CK; Direction: INPUT; Use: SIGNAL;: has an unconnected terminal at (118.060, 219.330) (118.140, 219.830)
Net CTS_7, Pin Pin: picorv32_core_pcpi_insn_reg[20]/CK; Direction: INPUT; Use: SIGNAL;: has an unconnected terminal at (120.660, 214.510) (120.740, 215.010)
Net CTS_7, Pin Pin: picorv32_core_pcpi_insn_reg[15]/CK; Direction: INPUT; Use: SIGNAL;: has an unconnected terminal at (131.460, 219.330) (131.540, 219.830)
Net CTS_7, Pin Pin: picorv32_core_pcpi_insn_reg[7]/CK; Direction: INPUT; Use: SIGNAL;: has an unconnected terminal at (134.260, 215.910) (134.340, 216.410)
Net CTS_7, Pin Pin: picorv32_core_pcpi_insn_reg[4]/CK; Direction: INPUT; Use: SIGNAL;: has an unconnected terminal at (156.860, 209.100) (156.940, 209.600)
Net CTS_7, Pin Pin: picorv32_core_pcpi_insn_reg[1]/CK; Direction: INPUT; Use: SIGNAL;: has an unconnected terminal at (151.460, 214.480) (151.540, 214.980)
Net CTS_7, Pin Pin: picorv32_core_mem_rdata_q_reg[31]/CK; Direction: INPUT; Use: SIGNAL;: has an unconnected terminal at (132.860, 205.680) (132.940, 206.180)
Net CTS_7, Pin Pin: picorv32_core_mem_rdata_q_reg[28]/CK; Direction: INPUT; Use: SIGNAL;: has an unconnected terminal at (129.860, 204.220) (129.940, 204.720)
Net CTS_7, Pin Pin: picorv32_core_mem_rdata_q_reg[27]/CK; Direction: INPUT; Use: SIGNAL;: has an unconnected terminal at (129.460, 207.640) (129.540, 208.140)
Net CTS_7, Pin Pin: picorv32_core_mem_rdata_q_reg[26]/CK; Direction: INPUT; Use: SIGNAL;: has an unconnected terminal at (127.860, 205.680) (127.940, 206.180)
Net CTS_7, Pin Pin: picorv32_core_mem_rdata_q_reg[20]/CK; Direction: INPUT; Use: SIGNAL;: has an unconnected terminal at (113.860, 214.480) (113.940, 214.980)
Net CTS_7, Pin Pin: picorv32_core_mem_rdata_q_reg[15]/CK; Direction: INPUT; Use: SIGNAL;: has an unconnected terminal at (127.460, 211.060) (127.540, 211.560)
Net CTS_7, Pin Pin: picorv32_core_mem_rdata_q_reg[7]/CK; Direction: INPUT; Use: SIGNAL;: has an unconnected terminal at (134.460, 207.640) (134.540, 208.140)
Net CTS_7, Pin Pin: picorv32_core_mem_rdata_q_reg[4]/CK; Direction: INPUT; Use: SIGNAL;: has an unconnected terminal at (149.460, 211.060) (149.540, 211.560)
Net CTS_7, Pin Pin: picorv32_core_mem_rdata_q_reg[3]/CK; Direction: INPUT; Use: SIGNAL;: has an unconnected terminal at (141.860, 207.640) (141.940, 208.140)
Net CTS_7, Pin Pin: picorv32_core_mem_rdata_q_reg[2]/CK; Direction: INPUT; Use: SIGNAL;: has an unconnected terminal at (141.860, 205.680) (141.940, 206.180)
Net CTS_7, Pin Pin: picorv32_core_mem_rdata_q_reg[0]/CK; Direction: INPUT; Use: SIGNAL;: has an unconnected terminal at (149.860, 217.900) (149.940, 218.400)
Net CTS_7, Pin Pin: picorv32_core_instr_waitirq_reg/CK; Direction: INPUT; Use: SIGNAL;: has an unconnected terminal at (144.860, 200.800) (144.940, 201.300)
Net CTS_7, Pin Pin: picorv32_core_instr_setq_reg/CK; Direction: INPUT; Use: SIGNAL;: has an unconnected terminal at (147.660, 204.220) (147.740, 204.720)
Net CTS_7, Pin Pin: picorv32_core_instr_rdinstrh_reg/CK; Direction: INPUT; Use: SIGNAL;: has an unconnected terminal at (123.260, 209.100) (123.340, 209.600)
Net CTS_7, Pin Pin: picorv32_core_instr_rdinstr_reg/CK; Direction: INPUT; Use: SIGNAL;: has an unconnected terminal at (121.660, 211.060) (121.740, 211.560)
Net CTS_7, Pin Pin: picorv32_core_instr_rdcycleh_reg/CK; Direction: INPUT; Use: SIGNAL;: has an unconnected terminal at (121.860, 205.680) (121.940, 206.180)
Net CTS_7, Pin Pin: picorv32_core_instr_rdcycle_reg/CK; Direction: INPUT; Use: SIGNAL;: has an unconnected terminal at (123.060, 204.220) (123.140, 204.720)
Net CTS_7, Pin Pin: picorv32_core_instr_jal_reg/CK; Direction: INPUT; Use: SIGNAL;: has an unconnected terminal at (147.460, 202.260) (147.540, 202.760)
Net CTS_7, Pin Pin: picorv32_core_instr_getq_reg/CK; Direction: INPUT; Use: SIGNAL;: has an unconnected terminal at (141.660, 202.260) (141.740, 202.760)
Net CTS_7, Pin Pin: picorv32_core_instr_auipc_reg/CK; Direction: INPUT; Use: SIGNAL;: has an unconnected terminal at (152.460, 202.260) (152.540, 202.760)
Net CTS_7, Pin Pin: picorv32_core_eoi_reg[2]/CK; Direction: INPUT; Use: SIGNAL;: has an unconnected terminal at (125.635, 192.120) (125.875, 192.490)
Net CTS_7, Pin Pin: picorv32_core_eoi_reg[0]/CK; Direction: INPUT; Use: SIGNAL;: has an unconnected terminal at (113.435, 193.970) (113.675, 194.340)
Net CTS_7, Pin Pin: picorv32_core_decoded_imm_j_reg[6]/CK; Direction: INPUT; Use: SIGNAL;: has an unconnected terminal at (138.860, 200.800) (138.940, 201.300)
Net CTS_7, Pin Pin: mem_rdata_reg[15]/CK; Direction: INPUT; Use: SIGNAL;: has an unconnected terminal at (132.460, 211.060) (132.540, 211.560)
Net CTS_7, Pin Pin: mem_rdata_reg[14]/CK; Direction: INPUT; Use: SIGNAL;: has an unconnected terminal at (133.660, 209.100) (133.740, 209.600)
Net CTS_7, Pin Pin: mem_rdata_reg[7]/CK; Direction: INPUT; Use: SIGNAL;: has an unconnected terminal at (132.660, 212.520) (132.740, 213.020)
Net CTS_7, Pin Pin: mem_rdata_reg[6]/CK; Direction: INPUT; Use: SIGNAL;: has an unconnected terminal at (145.460, 219.360) (145.540, 219.860)
Net CTS_7, Pin Pin: mem_rdata_reg[5]/CK; Direction: INPUT; Use: SIGNAL;: has an unconnected terminal at (127.060, 212.520) (127.140, 213.020)
Net CTS_7, Pin Pin: mem_rdata_reg[4]/CK; Direction: INPUT; Use: SIGNAL;: has an unconnected terminal at (138.260, 219.360) (138.340, 219.860)
Net CTS_7, Pin Pin: mem_rdata_reg[3]/CK; Direction: INPUT; Use: SIGNAL;: has an unconnected terminal at (134.260, 214.480) (134.340, 214.980)
Net CTS_7, Pin Pin: mem_rdata_reg[2]/CK; Direction: INPUT; Use: SIGNAL;: has an unconnected terminal at (137.660, 211.060) (137.740, 211.560)
Net CTS_7, Pin Pin: mem_rdata_reg[1]/CK; Direction: INPUT; Use: SIGNAL;: has an unconnected terminal at (137.660, 212.520) (137.740, 213.020)
Net CTS_7, Pin Pin: mem_rdata_reg[0]/CK; Direction: INPUT; Use: SIGNAL;: has an unconnected terminal at (132.060, 217.900) (132.140, 218.400)
Net CTS_7: has regular routing with opens at (113.060, 187.130) (159.340, 219.735)
Net CTS_7: dangling Wire at (156.900, 209.095) (156.900, 209.095) on layer: Metal1
Net CTS_7: dangling Wire at (152.300, 202.635) (152.300, 202.635) on layer: Metal1
Net CTS_7: dangling Wire at (151.500, 218.025) (151.500, 218.025) on layer: Metal1
Net CTS_7: dangling Wire at (151.100, 214.605) (151.100, 214.605) on layer: Metal1
Net CTS_7: dangling Wire at (149.300, 211.375) (149.300, 211.375) on layer: Metal1
Net CTS_7: dangling Wire at (146.900, 204.345) (146.900, 204.345) on layer: Metal1
Net CTS_7: dangling Wire at (146.700, 202.635) (146.700, 202.635) on layer: Metal1
Net CTS_7: dangling Wire at (145.300, 219.545) (145.300, 219.545) on layer: Metal1
Net CTS_7: dangling Wire at (144.500, 200.925) (144.500, 200.925) on layer: Metal1
Net CTS_7: dangling Wire at (142.500, 206.055) (142.500, 206.055) on layer: Metal1
Net CTS_7: dangling Wire at (142.300, 212.515) (142.300, 212.515) on layer: Metal1
Net CTS_7: dangling Wire at (142.100, 211.185) (142.100, 211.185) on layer: Metal1
Net CTS_7: dangling Wire at (141.900, 204.535) (141.900, 204.535) on layer: Metal1
Net CTS_7: dangling Wire at (141.300, 207.765) (141.300, 207.765) on layer: Metal1
Net CTS_7: dangling Wire at (140.700, 214.605) (140.700, 214.605) on layer: Metal1
Net CTS_7: dangling Wire at (139.900, 209.475) (139.900, 209.475) on layer: Metal1
Net CTS_7: dangling Wire at (139.500, 200.925) (139.500, 200.925) on layer: Metal1
Net CTS_7: dangling Wire at (137.700, 219.545) (137.700, 219.545) on layer: Metal1
Net CTS_7: dangling Wire at (137.300, 215.935) (137.300, 215.935) on layer: Metal1
Net CTS_7: dangling Wire at (137.300, 212.895) (137.300, 212.895) on layer: Metal1
Net CTS_7: dangling Wire at (136.300, 218.025) (136.300, 218.025) on layer: Metal1
Net CTS_7: dangling Wire at (135.700, 214.605) (135.700, 214.605) on layer: Metal1
Net CTS_7: dangling Wire at (135.300, 204.345) (135.300, 204.345) on layer: Metal1
Net CTS_7: dangling Wire at (134.500, 209.475) (134.500, 209.475) on layer: Metal1
Net CTS_7: dangling Wire at (134.100, 211.185) (134.100, 211.185) on layer: Metal1
Net CTS_7: dangling Wire at (133.500, 207.955) (133.500, 207.955) on layer: Metal1
Net CTS_7: dangling Wire at (132.300, 216.315) (132.300, 216.315) on layer: Metal1
Net CTS_7: dangling Wire at (132.300, 212.895) (132.300, 212.895) on layer: Metal1
Net CTS_7: dangling Wire at (131.300, 218.025) (131.300, 218.025) on layer: Metal1
Net CTS_7: dangling Wire at (130.900, 219.735) (130.900, 219.735) on layer: Metal1
Net CTS_7: dangling Wire at (130.500, 192.375) (130.500, 192.375) on layer: Metal1
Net CTS_7: dangling Wire at (130.300, 204.345) (130.300, 204.345) on layer: Metal1
Net CTS_7: dangling Wire at (130.100, 206.055) (130.100, 206.055) on layer: Metal1
Net CTS_7: dangling Wire at (129.300, 209.475) (129.300, 209.475) on layer: Metal1
Net CTS_7: dangling Wire at (128.900, 214.605) (128.900, 214.605) on layer: Metal1
Net CTS_7: dangling Wire at (128.300, 211.185) (128.300, 211.185) on layer: Metal1
Net CTS_7: dangling Wire at (127.300, 212.895) (127.300, 212.895) on layer: Metal1
Net CTS_7: dangling Wire at (126.300, 218.215) (126.300, 218.215) on layer: Metal1
Net CTS_7: dangling Wire at (124.100, 209.475) (124.100, 209.475) on layer: Metal1
Net CTS_7: dangling Wire at (123.500, 219.735) (123.500, 219.735) on layer: Metal1
Net CTS_7: dangling Wire at (123.300, 204.535) (123.300, 204.535) on layer: Metal1
Net CTS_7: dangling Wire at (123.100, 206.055) (123.100, 206.055) on layer: Metal1
Net CTS_7: dangling Wire at (122.100, 214.605) (122.100, 214.605) on layer: Metal1
Net CTS_7: dangling Wire at (121.300, 211.185) (121.300, 211.185) on layer: Metal1
Net CTS_7: dangling Wire at (119.500, 218.025) (119.500, 218.025) on layer: Metal1
Net CTS_7: dangling Wire at (118.300, 209.475) (118.300, 209.475) on layer: Metal1
Net CTS_7: dangling Wire at (118.300, 194.085) (118.300, 194.085) on layer: Metal1
Net CTS_7: dangling Wire at (117.900, 204.345) (117.900, 204.345) on layer: Metal1
Net CTS_7: dangling Wire at (116.700, 219.355) (116.700, 219.355) on layer: Metal1
Net CTS_7: dangling Wire at (115.500, 211.185) (115.500, 211.185) on layer: Metal1
Net CTS_7: dangling Wire at (115.300, 214.605) (115.300, 214.605) on layer: Metal1
Net FE_OFN197567_pcpi_insn_28, Pin Pin: picorv32_core_pcpi_insn_reg[28]/Q; Direction: OUTPUT; Use: SIGNAL;: has an unconnected terminal at (143.860, 216.080) (143.980, 216.635)
Net FE_OFN197567_pcpi_insn_28, Pin Pin: picorv32_core_genblk2.pcpi_div_g7573/C; Direction: INPUT; Use: SIGNAL;: has an unconnected terminal at (152.620, 219.630) (152.770, 220.000)
Net FE_OFN197567_pcpi_insn_28: has regular routing with opens at (141.580, 214.795) (151.970, 219.735)
Net FE_OFN197567_pcpi_insn_28: dangling Wire at (141.580, 214.840) (141.580, 214.840) on layer: Metal1
Net FE_OFN197567_pcpi_insn_28: dangling Wire at (151.970, 219.720) (151.970, 219.720) on layer: Metal1
Net FE_OFN197565_pcpi_insn_26, Pin Pin: picorv32_core_genblk2.pcpi_div_g7573/A; Direction: INPUT; Use: SIGNAL;: has an unconnected terminal at (153.155, 219.825) (153.355, 219.965)
Net FE_OFN197565_pcpi_insn_26: has regular routing with opens at (145.460, 210.865) (152.555, 219.825)
Net FE_OFN197565_pcpi_insn_26: dangling Wire at (152.555, 219.825) (152.555, 219.825) on layer: Metal1
Net FE_OFN197559_pcpi_insn_31, Pin Pin: picorv32_core_pcpi_insn_reg[31]/Q; Direction: OUTPUT; Use: SIGNAL;: has an unconnected terminal at (145.460, 212.660) (145.580, 213.215)
Net FE_OFN197559_pcpi_insn_31, Pin Pin: picorv32_core_g88445__5526/D; Direction: INPUT; Use: SIGNAL;: has an unconnected terminal at (160.650, 219.650) (160.740, 219.875)
Net FE_OFN197559_pcpi_insn_31, Pin Pin: picorv32_core_genblk2.pcpi_div_g7575/C; Direction: INPUT; Use: SIGNAL;: has an unconnected terminal at (159.260, 217.975) (159.355, 218.315)
Net FE_OFN197559_pcpi_insn_31, Pin Pin: FE_OFC686_pcpi_insn_31/A; Direction: INPUT; Use: SIGNAL;: has an unconnected terminal at (156.765, 214.510) (156.945, 214.630)
Net FE_OFN197559_pcpi_insn_31: has regular routing with opens at (144.980, 212.660) (160.300, 219.735)
Net FE_OFN197559_pcpi_insn_31: dangling Wire at (144.980, 212.660) (144.980, 212.660) on layer: Metal1
Net FE_OFN197559_pcpi_insn_31: dangling Wire at (159.900, 219.735) (159.900, 219.735) on layer: Metal1
Net FE_OFN197559_pcpi_insn_31: dangling Wire at (159.500, 218.215) (159.500, 218.215) on layer: Metal1
Net FE_OFN197559_pcpi_insn_31: dangling Wire at (160.300, 219.735) (160.300, 219.735) on layer: Metal1
Net FE_OFN197557_pcpi_insn_14, Pin Pin: picorv32_core_g88393__6131/AN; Direction: INPUT; Use: SIGNAL;: has an unconnected terminal at (158.260, 217.930) (158.340, 218.430)
Net FE_OFN197557_pcpi_insn_14, Pin Pin: picorv32_core_genblk2.pcpi_div_g7576/A; Direction: INPUT; Use: SIGNAL;: has an unconnected terminal at (154.650, 217.760) (154.790, 217.970)
Net FE_OFN197557_pcpi_insn_14: has regular routing with opens at (154.900, 212.660) (170.980, 218.060)
Net FE_OFN197557_pcpi_insn_14: dangling Wire at (158.500, 218.025) (158.500, 218.025) on layer: Metal1
Net FE_OFN197557_pcpi_insn_14: dangling Wire at (154.900, 217.835) (154.900, 217.835) on layer: Metal1
Net FE_OFN197549_eoi_2, Pin Pin: FE_OFC197669_eoi_2/A; Direction: INPUT; Use: SIGNAL;: has an unconnected terminal at (131.565, 214.510) (131.745, 214.630)
Net FE_OFN197549_eoi_2: has regular routing with opens at (125.250, 190.400) (129.760, 219.745)
Net FE_OFN197549_eoi_2: dangling Wire at (129.760, 219.745) (129.760, 219.745) on layer: Metal1
Net FE_OFN197541_pcpi_insn_25, Pin Pin: FE_OFC197540_pcpi_insn_25/A; Direction: INPUT; Use: SIGNAL;: has an unconnected terminal at (152.200, 219.745) (152.360, 219.915)
Net FE_OFN197541_pcpi_insn_25, Pin Pin: picorv32_core_genblk2.pcpi_div_g7575/AN; Direction: INPUT; Use: SIGNAL;: has an unconnected terminal at (159.965, 217.955) (160.140, 218.140)
Net FE_OFN197541_pcpi_insn_25: has regular routing with opens at (142.060, 209.240) (160.340, 219.745)
Net FE_OFN197541_pcpi_insn_25: dangling Wire at (160.340, 218.140) (160.340, 218.140) on layer: Metal1
Net FE_OFN197541_pcpi_insn_25: dangling Wire at (151.560, 219.745) (151.560, 219.745) on layer: Metal1
Net FE_OFN197534_pcpi_insn_0, Pin Pin: picorv32_core_genblk2.pcpi_div_g7571/B; Direction: INPUT; Use: SIGNAL;: has an unconnected terminal at (160.850, 217.600) (160.940, 218.090)
Net FE_OFN197534_pcpi_insn_0, Pin Pin: FE_OFC582_pcpi_insn_0/A; Direction: INPUT; Use: SIGNAL;: has an unconnected terminal at (157.800, 219.700) (157.930, 219.910)
Net FE_OFN197534_pcpi_insn_0, Pin Pin: picorv32_core_g88393__6131/B; Direction: INPUT; Use: SIGNAL;: has an unconnected terminal at (157.850, 217.600) (157.940, 218.090)
Net FE_OFN197534_pcpi_insn_0: has regular routing with opens at (154.460, 216.080) (161.140, 219.735)
Net FE_OFN197534_pcpi_insn_0: dangling Wire at (157.100, 219.735) (157.100, 219.735) on layer: Metal1
Net FE_OFN197534_pcpi_insn_0: dangling Wire at (158.140, 218.090) (158.140, 218.090) on layer: Metal1
Net FE_OFN197534_pcpi_insn_0: dangling Wire at (161.140, 218.090) (161.140, 218.090) on layer: Metal1
Net FE_OFN197532_pcpi_insn_30, Pin Pin: picorv32_core_g88445__5526/B; Direction: INPUT; Use: SIGNAL;: has an unconnected terminal at (161.060, 219.645) (161.155, 219.950)
Net FE_OFN197532_pcpi_insn_30, Pin Pin: picorv32_core_genblk2.pcpi_div_g7575/D; Direction: INPUT; Use: SIGNAL;: has an unconnected terminal at (159.035, 217.975) (159.165, 218.300)
Net FE_OFN197532_pcpi_insn_30, Pin Pin: FE_OFC687_pcpi_insn_30/A; Direction: INPUT; Use: SIGNAL;: has an unconnected terminal at (166.165, 211.090) (166.345, 211.210)
Net FE_OFN197532_pcpi_insn_30: has regular routing with opens at (159.300, 214.285) (174.980, 219.925)
Net FE_OFN197532_pcpi_insn_30: dangling Wire at (165.900, 219.735) (165.900, 219.735) on layer: Metal1
Net FE_OFN197532_pcpi_insn_30: dangling Wire at (160.700, 219.925) (160.700, 219.925) on layer: Metal1
Net FE_OFN197532_pcpi_insn_30: dangling Wire at (159.365, 218.095) (159.365, 218.095) on layer: Metal1
Net FE_OFN197523_pcpi_insn_4, Pin Pin: FE_OFC197534_pcpi_insn_4/A; Direction: INPUT; Use: SIGNAL;: has an unconnected terminal at (163.800, 219.745) (163.960, 219.915)
Net FE_OFN197523_pcpi_insn_4: has regular routing with opens at (159.660, 209.095) (163.700, 219.745)
Net FE_OFN197523_pcpi_insn_4: dangling Wire at (163.560, 219.745) (163.560, 219.745) on layer: Metal1
Net FE_OFN197510_pcpi_insn_27, Pin Pin: picorv32_core_pcpi_insn_reg[27]/Q; Direction: OUTPUT; Use: SIGNAL;: has an unconnected terminal at (142.060, 214.285) (142.180, 214.840)
Net FE_OFN197510_pcpi_insn_27, Pin Pin: picorv32_core_genblk2.pcpi_div_g7573/B; Direction: INPUT; Use: SIGNAL;: has an unconnected terminal at (152.820, 219.480) (152.950, 219.930)
Net FE_OFN197510_pcpi_insn_27, Pin Pin: FE_OFC678_pcpi_insn_27/A; Direction: INPUT; Use: SIGNAL;: has an unconnected terminal at (145.000, 219.700) (145.130, 219.910)
Net FE_OFN197510_pcpi_insn_27: has regular routing with opens at (142.180, 216.080) (152.150, 219.735)
Net FE_OFN197510_pcpi_insn_27: dangling Wire at (142.180, 216.080) (142.180, 216.080) on layer: Metal1
Net FE_OFN197510_pcpi_insn_27: dangling Wire at (144.300, 219.735) (144.300, 219.735) on layer: Metal1
Net FE_OFN197510_pcpi_insn_27: dangling Wire at (152.150, 219.520) (152.150, 219.520) on layer: Metal1
Net FE_OFN197508_pcpi_insn_2, Pin Pin: FE_OFC683_pcpi_insn_2/A; Direction: INPUT; Use: SIGNAL;: has an unconnected terminal at (170.565, 214.510) (170.745, 214.630)
Net FE_OFN197508_pcpi_insn_2: has regular routing with opens at (159.835, 214.285) (168.180, 219.735)
Net FE_OFN197508_pcpi_insn_2: dangling Wire at (168.100, 219.735) (168.100, 219.735) on layer: Metal1
Net FE_OFN385_picorv32_core_n_201694, Pin Pin: picorv32_core_pcpi_insn_reg[28]/E; Direction: INPUT; Use: SIGNAL;: has an unconnected terminal at (144.635, 216.265) (145.565, 216.865)
Net FE_OFN385_picorv32_core_n_201694, Pin Pin: picorv32_core_pcpi_insn_reg[27]/E; Direction: INPUT; Use: SIGNAL;: has an unconnected terminal at (142.835, 214.055) (143.765, 214.655)
Net FE_OFN385_picorv32_core_n_201694, Pin Pin: picorv32_core_pcpi_insn_reg[31]/E; Direction: INPUT; Use: SIGNAL;: has an unconnected terminal at (146.235, 212.845) (147.165, 213.445)
Net FE_OFN385_picorv32_core_n_201694, Pin Pin: picorv32_core_pcpi_insn_reg[7]/E; Direction: INPUT; Use: SIGNAL;: has an unconnected terminal at (139.595, 216.275) (140.565, 216.845)
Net FE_OFN385_picorv32_core_n_201694, Pin Pin: picorv32_core_pcpi_insn_reg[15]/E; Direction: INPUT; Use: SIGNAL;: has an unconnected terminal at (136.795, 219.695) (137.765, 220.265)
Net FE_OFN385_picorv32_core_n_201694, Pin Pin: picorv32_core_pcpi_insn_reg[23]/E; Direction: INPUT; Use: SIGNAL;: has an unconnected terminal at (126.195, 217.495) (127.165, 218.065)
Net FE_OFN385_picorv32_core_n_201694, Pin Pin: picorv32_core_instr_rdinstr_reg/E; Direction: INPUT; Use: SIGNAL;: has an unconnected terminal at (125.235, 210.635) (126.165, 211.235)
Net FE_OFN385_picorv32_core_n_201694, Pin Pin: picorv32_core_pcpi_insn_reg[22]/E; Direction: INPUT; Use: SIGNAL;: has an unconnected terminal at (123.395, 219.695) (124.365, 220.265)
Net FE_OFN385_picorv32_core_n_201694, Pin Pin: picorv32_core_pcpi_insn_reg[11]/E; Direction: INPUT; Use: SIGNAL;: has an unconnected terminal at (107.835, 217.475) (108.765, 218.075)
Net FE_OFN385_picorv32_core_n_201694, Pin Pin: picorv32_core_pcpi_insn_reg[8]/E; Direction: INPUT; Use: SIGNAL;: has an unconnected terminal at (112.195, 219.695) (113.165, 220.265)
Net FE_OFN385_picorv32_core_n_201694: has regular routing with opens at (90.035, 198.960) (185.965, 220.285)
Net FE_OFN385_picorv32_core_n_201694: dangling Wire at (146.565, 213.035) (146.565, 213.035) on layer: Metal1
Net FE_OFN385_picorv32_core_n_201694: dangling Wire at (143.165, 214.465) (143.165, 214.465) on layer: Metal1
Net FE_OFN385_picorv32_core_n_201694: dangling Wire at (143.765, 216.455) (143.765, 216.455) on layer: Metal1
Net FE_OFN385_picorv32_core_n_201694: dangling Wire at (141.365, 217.885) (141.365, 217.885) on layer: Metal1
Net FE_OFN385_picorv32_core_n_201694: dangling Wire at (136.365, 219.875) (136.365, 219.875) on layer: Metal1
Net FE_OFN385_picorv32_core_n_201694: dangling Wire at (125.165, 219.875) (125.165, 219.875) on layer: Metal1
Net FE_OFN385_picorv32_core_n_201694: dangling Wire at (127.365, 217.885) (127.365, 217.885) on layer: Metal1
Net FE_OFN385_picorv32_core_n_201694: dangling Wire at (113.965, 219.875) (113.965, 219.875) on layer: Metal1
Net FE_OFN385_picorv32_core_n_201694: dangling Wire at (125.765, 211.045) (125.765, 211.045) on layer: Metal1
Net FE_OFN385_picorv32_core_n_201694: dangling Wire at (108.965, 217.885) (108.965, 217.885) on layer: Metal1
Net FE_OFN356_eoi_7, Pin Pin: FE_OFC197590_eoi_7/A; Direction: INPUT; Use: SIGNAL;: has an unconnected terminal at (120.400, 217.845) (120.560, 218.015)
Net FE_OFN356_eoi_7: has regular routing with opens at (120.260, 158.230) (120.760, 218.025)
Net FE_OFN356_eoi_7: dangling Wire at (120.760, 218.015) (120.760, 218.015) on layer: Metal1
Net FE_OFN352_eoi_9, Pin Pin: FE_OFC197675_eoi_9/A; Direction: INPUT; Use: SIGNAL;: has an unconnected terminal at (118.200, 217.845) (118.360, 218.015)
Net FE_OFN352_eoi_9: has regular routing with opens at (118.560, 139.030) (119.370, 218.025)
Net FE_OFN352_eoi_9: dangling Wire at (118.560, 218.015) (118.560, 218.015) on layer: Metal1
Net FE_OFN342_eoi_13, Pin Pin: FE_OFC197665_eoi_13/A; Direction: INPUT; Use: SIGNAL;: has an unconnected terminal at (129.400, 217.845) (129.560, 218.015)
Net FE_OFN342_eoi_13: has regular routing with opens at (125.300, 167.915) (129.760, 218.025)
Net FE_OFN342_eoi_13: dangling Wire at (129.760, 218.015) (129.760, 218.015) on layer: Metal1
Net FE_OFN335_eoi_16, Pin Pin: FE_OFC567_eoi_16/A; Direction: INPUT; Use: SIGNAL;: has an unconnected terminal at (117.600, 219.700) (117.730, 219.910)
Net FE_OFN335_eoi_16: has regular routing with opens at (118.500, 135.680) (120.540, 219.735)
Net FE_OFN335_eoi_16: dangling Wire at (118.500, 219.735) (118.500, 219.735) on layer: Metal1
Net FE_OFN320_eoi_23, Pin Pin: FE_OFC566_eoi_23/A; Direction: INPUT; Use: SIGNAL;: has an unconnected terminal at (125.000, 2.390) (125.130, 2.600)
Net FE_OFN320_eoi_23: has regular routing with opens at (123.860, 2.375) (124.900, 78.325)
Net FE_OFN320_eoi_23: dangling Wire at (124.900, 2.565) (124.900, 2.565) on layer: Metal1
Net FE_OFN317_eoi_25, Pin Pin: FE_OFC684_eoi_25/A; Direction: INPUT; Use: SIGNAL;: has an unconnected terminal at (124.365, 5.890) (124.545, 6.010)
Net FE_OFN317_eoi_25: has regular routing with opens at (121.455, 0.855) (123.500, 71.485)
Net FE_OFN317_eoi_25: dangling Wire at (123.500, 0.855) (123.500, 0.855) on layer: Metal1
Net FE_OFN316_eoi_26, Pin Pin: FE_OFC591_eoi_26/A; Direction: INPUT; Use: SIGNAL;: has an unconnected terminal at (112.565, 5.890) (112.745, 6.010)
Net FE_OFN316_eoi_26: has regular routing with opens at (114.060, 2.565) (115.390, 69.520)
Net FE_OFN316_eoi_26: dangling Wire at (115.100, 2.565) (115.100, 2.565) on layer: Metal1
Net FE_OFN314_eoi_27, Pin Pin: FE_OFC675_eoi_27/A; Direction: INPUT; Use: SIGNAL;: has an unconnected terminal at (121.600, 0.820) (121.730, 1.030)
Net FE_OFN314_eoi_27: has regular routing with opens at (119.655, 0.855) (121.300, 74.905)
Net FE_OFN314_eoi_27: dangling Wire at (121.300, 0.855) (121.300, 0.855) on layer: Metal1
Net FE_OFN312_eoi_28, Pin Pin: FE_OFC603_eoi_28/A; Direction: INPUT; Use: SIGNAL;: has an unconnected terminal at (117.565, 5.890) (117.745, 6.010)
Net FE_OFN312_eoi_28: has regular routing with opens at (123.460, 0.855) (125.770, 74.905)
Net FE_OFN312_eoi_28: dangling Wire at (125.700, 0.855) (125.700, 0.855) on layer: Metal1
Net FE_OFN309_eoi_29, Pin Pin: FE_OFC674_eoi_29/A; Direction: INPUT; Use: SIGNAL;: has an unconnected terminal at (115.165, 5.890) (115.345, 6.010)
Net FE_OFN309_eoi_29: has regular routing with opens at (126.660, 0.855) (128.500, 74.905)
Net FE_OFN309_eoi_29: dangling Wire at (128.500, 0.855) (128.500, 0.855) on layer: Metal1
Net FE_OFN307_eoi_30, Pin Pin: FE_OFC610_eoi_30/A; Direction: INPUT; Use: SIGNAL;: has an unconnected terminal at (111.565, 5.890) (111.745, 6.010)
Net FE_OFN307_eoi_30: has regular routing with opens at (127.460, 0.855) (130.700, 78.325)
Net FE_OFN307_eoi_30: dangling Wire at (130.700, 0.855) (130.700, 0.855) on layer: Metal1
Net FE_OFN305_eoi_31, Pin Pin: FE_OFC680_eoi_31/A; Direction: INPUT; Use: SIGNAL;: has an unconnected terminal at (130.565, 214.510) (130.745, 214.630)
Net FE_OFN305_eoi_31: has regular routing with opens at (120.060, 130.295) (127.500, 219.735)
Net FE_OFN305_eoi_31: dangling Wire at (127.500, 219.735) (127.500, 219.735) on layer: Metal1
Net FE_OFN286_pcpi_rs2_4, Pin Pin: FE_OFC694_pcpi_rs2_4/A; Direction: INPUT; Use: SIGNAL;: has an unconnected terminal at (216.765, 135.850) (216.945, 135.970)
Net FE_OFN286_pcpi_rs2_4: has regular routing with opens at (157.775, 89.660) (218.900, 150.060)
Net FE_OFN286_pcpi_rs2_4: dangling Wire at (218.900, 137.655) (218.900, 137.655) on layer: Metal1
Net FE_OFN212_pcpi_rs2_22, Pin Pin: FE_OFC211_pcpi_rs2_22/Y; Direction: OUTPUT; Use: SIGNAL;: has an unconnected terminal at (214.870, 106.525) (214.950, 107.325)
Net FE_OFN212_pcpi_rs2_22: has regular routing with opens at (213.635, 107.255) (215.300, 108.625)
Net FE_OFN212_pcpi_rs2_22: dangling Wire at (215.300, 107.255) (215.300, 107.255) on layer: Metal1
Net FE_OFN211_pcpi_rs2_22, Pin Pin: FE_OFC210_pcpi_rs2_22/Y; Direction: OUTPUT; Use: SIGNAL;: has an unconnected terminal at (214.470, 106.525) (214.550, 107.325)
Net FE_OFN211_pcpi_rs2_22, Pin Pin: FE_OFC211_pcpi_rs2_22/A; Direction: INPUT; Use: SIGNAL;: has an unconnected terminal at (214.655, 106.930) (214.770, 107.140)
Net FE_OFN211_pcpi_rs2_22: has regular routing with opens at (214.700, 96.425) (220.785, 107.255)
Net FE_OFN211_pcpi_rs2_22: dangling Wire at (214.700, 107.255) (214.700, 107.255) on layer: Metal1
Net FE_OFN211_pcpi_rs2_22: dangling Wire at (215.100, 107.065) (215.100, 107.065) on layer: Metal1
Net FE_OFN210_pcpi_rs2_22, Pin Pin: picorv32_core_genblk2.pcpi_div_minus_2475_59_g517/AN; Direction: INPUT; Use: SIGNAL;: has an unconnected terminal at (213.975, 106.745) (214.160, 106.900)
Net FE_OFN210_pcpi_rs2_22, Pin Pin: FE_OFC210_pcpi_rs2_22/A; Direction: INPUT; Use: SIGNAL;: has an unconnected terminal at (214.255, 106.930) (214.370, 107.140)
Net FE_OFN210_pcpi_rs2_22: has regular routing with opens at (78.970, 24.680) (214.500, 144.800)
Net FE_OFN210_pcpi_rs2_22: dangling Wire at (214.300, 106.875) (214.300, 106.875) on layer: Metal1
Net FE_OFN210_pcpi_rs2_22: dangling Wire at (214.500, 107.065) (214.500, 107.065) on layer: Metal1
Net FE_OFN204_pcpi_rs2_24, Pin Pin: picorv32_core_genblk2.pcpi_div_g14526/B0; Direction: INPUT; Use: SIGNAL;: has an unconnected terminal at (211.770, 104.860) (211.965, 105.045)
Net FE_OFN204_pcpi_rs2_24: has regular routing with opens at (82.260, 57.215) (221.130, 154.820)
Net FE_OFN204_pcpi_rs2_24: dangling Wire at (213.815, 105.205) (213.815, 105.205) on layer: Metal1
Net FE_OFN198_pcpi_rs2_26, Pin Pin: FE_OFC512_pcpi_rs2_26/A; Direction: INPUT; Use: SIGNAL;: has an unconnected terminal at (217.765, 91.390) (217.945, 91.510)
Net FE_OFN198_pcpi_rs2_26: has regular routing with opens at (77.060, 29.710) (219.300, 158.240)
Net FE_OFN198_pcpi_rs2_26: dangling Wire at (219.300, 96.615) (219.300, 96.615) on layer: Metal1
Net FE_OFN189_pcpi_rs2_29, Pin Pin: FE_OFC695_pcpi_rs2_29/A; Direction: INPUT; Use: SIGNAL;: has an unconnected terminal at (218.565, 98.230) (218.745, 98.350)
Net FE_OFN189_pcpi_rs2_29: has regular routing with opens at (83.570, 60.655) (221.100, 171.920)
Net FE_OFN189_pcpi_rs2_29: dangling Wire at (221.100, 100.035) (221.100, 100.035) on layer: Metal1
Net FE_OFN115_pcpi_rs1_22, Pin Pin: FE_OFC115_pcpi_rs1_22/A; Direction: INPUT; Use: SIGNAL;: has an unconnected terminal at (213.670, 105.030) (214.985, 105.130)
Net FE_OFN115_pcpi_rs1_22: has regular routing with opens at (198.250, 105.130) (216.385, 107.360)
Net FE_OFN115_pcpi_rs1_22: dangling Wire at (216.385, 105.130) (216.385, 105.130) on layer: Metal1
Net FE_OFN99_pcpi_rs1_28, Pin Pin: FE_OFC99_pcpi_rs1_28/A; Direction: INPUT; Use: SIGNAL;: has an unconnected terminal at (217.270, 105.030) (218.585, 105.130)
Net FE_OFN99_pcpi_rs1_28: has regular routing with opens at (194.050, 101.260) (218.985, 106.910)
Net FE_OFN99_pcpi_rs1_28: dangling Wire at (218.985, 106.910) (218.985, 106.910) on layer: Metal1
Net FE_OFN95_pcpi_rs1_29, Pin Pin: FE_OFC579_pcpi_rs1_29/A; Direction: INPUT; Use: SIGNAL;: has an unconnected terminal at (217.000, 106.840) (217.130, 107.050)
Net FE_OFN95_pcpi_rs1_29: has regular routing with opens at (176.250, 96.735) (217.500, 119.225)
Net FE_OFN95_pcpi_rs1_29: dangling Wire at (217.500, 106.875) (217.500, 106.875) on layer: Metal1
Net FE_OFN91_pcpi_rs1_30, Pin Pin: FE_OFC197657_pcpi_rs1_30/A; Direction: INPUT; Use: SIGNAL;: has an unconnected terminal at (219.200, 106.885) (219.360, 107.055)
Net FE_OFN91_pcpi_rs1_30: has regular routing with opens at (180.960, 98.020) (221.160, 120.670)
Net FE_OFN91_pcpi_rs1_30: dangling Wire at (221.160, 108.575) (221.160, 108.575) on layer: Metal1
Net FE_OFN84_pcpi_insn_1, Pin Pin: picorv32_core_genblk2.pcpi_div_g7571/C; Direction: INPUT; Use: SIGNAL;: has an unconnected terminal at (160.660, 217.780) (160.750, 218.270)
Net FE_OFN84_pcpi_insn_1, Pin Pin: FE_OFC84_pcpi_insn_1/A; Direction: INPUT; Use: SIGNAL;: has an unconnected terminal at (157.000, 217.850) (157.130, 218.060)
Net FE_OFN84_pcpi_insn_1: has regular routing with opens at (154.260, 210.685) (162.580, 218.405)
Net FE_OFN84_pcpi_insn_1: dangling Wire at (157.300, 218.025) (157.300, 218.025) on layer: Metal1
Net FE_OFN84_pcpi_insn_1: dangling Wire at (160.950, 218.270) (160.950, 218.270) on layer: Metal1
Net FE_OFN83_pcpi_insn_3, Pin Pin: FE_OFC682_pcpi_insn_3/A; Direction: INPUT; Use: SIGNAL;: has an unconnected terminal at (163.765, 214.510) (163.945, 214.630)
Net FE_OFN83_pcpi_insn_3: has regular routing with opens at (162.260, 214.555) (170.180, 218.025)
Net FE_OFN83_pcpi_insn_3: dangling Wire at (165.100, 218.025) (165.100, 218.025) on layer: Metal1
Net FE_OFN76_pcpi_insn_29, Pin Pin: FE_OFC583_pcpi_insn_29/A; Direction: INPUT; Use: SIGNAL;: has an unconnected terminal at (150.765, 214.510) (150.945, 214.630)
Net FE_OFN76_pcpi_insn_29, Pin Pin: picorv32_core_g88445__5526/C; Direction: INPUT; Use: SIGNAL;: has an unconnected terminal at (160.860, 219.485) (160.940, 219.805)
Net FE_OFN76_pcpi_insn_29: has regular routing with opens at (145.460, 204.025) (163.150, 219.735)
Net FE_OFN76_pcpi_insn_29: dangling Wire at (154.900, 219.735) (154.900, 219.735) on layer: Metal1
Net FE_OFN76_pcpi_insn_29: dangling Wire at (160.500, 219.735) (160.500, 219.735) on layer: Metal1
Net FE_OFN71_pcpi_valid, Pin Pin: picorv32_core_g88445__5526/AN; Direction: INPUT; Use: SIGNAL;: has an unconnected terminal at (161.445, 219.660) (161.540, 219.955)
Net FE_OFN71_pcpi_valid, Pin Pin: picorv32_core_genblk2.pcpi_div_g7575/BN; Direction: INPUT; Use: SIGNAL;: has an unconnected terminal at (158.655, 217.860) (158.740, 218.300)
Net FE_OFN71_pcpi_valid, Pin Pin: FE_OFC609_pcpi_valid/A; Direction: INPUT; Use: SIGNAL;: has an unconnected terminal at (177.365, 214.510) (177.545, 214.630)
Net FE_OFN71_pcpi_valid: has regular routing with opens at (158.900, 212.515) (192.900, 220.070)
Net FE_OFN71_pcpi_valid: dangling Wire at (170.300, 219.735) (170.300, 219.735) on layer: Metal1
Net FE_OFN71_pcpi_valid: dangling Wire at (161.100, 219.735) (161.100, 219.735) on layer: Metal1
Net FE_OFN71_pcpi_valid: dangling Wire at (158.900, 218.025) (158.900, 218.025) on layer: Metal1
Net FE_OFN7_wbm_adr_o_30, Pin Pin: FE_OFC7_wbm_adr_o_30/A; Direction: INPUT; Use: SIGNAL;: has an unconnected terminal at (215.470, 105.030) (216.785, 105.130)
Net FE_OFN7_wbm_adr_o_30: has regular routing with opens at (191.450, 104.680) (218.585, 105.600)
Net FE_OFN7_wbm_adr_o_30: dangling Wire at (218.585, 105.130) (218.585, 105.130) on layer: Metal1
Net wbm_adr_o[30], Pin Pin: FE_OFC7_wbm_adr_o_30/Y; Direction: OUTPUT; Use: SIGNAL;: has an unconnected terminal at (215.675, 104.675) (216.965, 105.655)
Net wbm_adr_o[30]: has regular routing with opens at (218.765, 105.655) (221.340, 105.965)
Net wbm_adr_o[30]: dangling Wire at (218.765, 105.655) (218.765, 105.655) on layer: Metal1
Net wbm_adr_o[4], Pin Pin: FE_OFC197688_wbm_adr_o_4/Y; Direction: OUTPUT; Use: SIGNAL;: has an unconnected terminal at (170.805, 208.955) (172.115, 209.985)
Net wbm_adr_o[4]: has regular routing with opens at (171.260, 209.625) (172.715, 220.590)
Net wbm_adr_o[4]: dangling Wire at (172.715, 209.625) (172.715, 209.625) on layer: Metal1
Net wbm_dat_i[23], Pin Pin: mem_rdata_reg[23]/D; Direction: INPUT; Use: SIGNAL;: has an unconnected terminal at (111.795, 210.970) (111.975, 211.370)
Net wbm_dat_i[23]: has regular routing with opens at (112.060, 210.995) (112.575, 220.590)
Net wbm_dat_i[23]: dangling Wire at (112.575, 211.050) (112.575, 211.050) on layer: Metal1
Net wbm_dat_i[18], Pin Pin: mem_rdata_reg[18]/D; Direction: INPUT; Use: SIGNAL;: has an unconnected terminal at (103.775, 219.620) (104.170, 219.805)
Net wbm_dat_i[18]: has regular routing with opens at (104.900, 219.655) (109.940, 220.590)
Net wbm_dat_i[18]: dangling Wire at (104.970, 219.655) (104.970, 219.655) on layer: Metal1
Net wbm_dat_i[15], Pin Pin: mem_rdata_reg[15]/D; Direction: INPUT; Use: SIGNAL;: has an unconnected terminal at (136.575, 211.115) (136.970, 211.300)
Net wbm_dat_i[15]: has regular routing with opens at (135.260, 211.185) (136.570, 220.590)
Net wbm_dat_i[15]: dangling Wire at (136.570, 211.265) (136.570, 211.265) on layer: Metal1
Net wbm_dat_i[12], Pin Pin: mem_rdata_reg[12]/D; Direction: INPUT; Use: SIGNAL;: has an unconnected terminal at (175.775, 219.620) (176.170, 219.805)
Net wbm_dat_i[12]: has regular routing with opens at (169.060, 219.655) (175.170, 220.590)
Net wbm_dat_i[12]: dangling Wire at (175.170, 219.655) (175.170, 219.655) on layer: Metal1
Net wbm_dat_i[9], Pin Pin: mem_rdata_reg[9]/D; Direction: INPUT; Use: SIGNAL;: has an unconnected terminal at (98.775, 219.620) (99.170, 219.805)
Net wbm_dat_i[9]: has regular routing with opens at (99.900, 219.655) (108.940, 220.590)
Net wbm_dat_i[9]: dangling Wire at (99.970, 219.655) (99.970, 219.655) on layer: Metal1
Net wbm_dat_i[8], Pin Pin: mem_rdata_reg[8]/D; Direction: INPUT; Use: SIGNAL;: has an unconnected terminal at (113.375, 217.955) (113.770, 218.140)
Net wbm_dat_i[8]: has regular routing with opens at (113.970, 218.025) (119.100, 220.590)
Net wbm_dat_i[8]: dangling Wire at (113.970, 218.105) (113.970, 218.105) on layer: Metal1
Net wbm_dat_i[7], Pin Pin: mem_rdata_reg[7]/D; Direction: INPUT; Use: SIGNAL;: has an unconnected terminal at (136.775, 212.780) (137.170, 212.965)
Net wbm_dat_i[7]: has regular routing with opens at (134.060, 214.605) (138.170, 220.590)
Net wbm_dat_i[7]: dangling Wire at (138.170, 214.685) (138.170, 214.685) on layer: Metal1
Net wbm_dat_i[6], Pin Pin: mem_rdata_reg[6]/D; Direction: INPUT; Use: SIGNAL;: has an unconnected terminal at (149.575, 219.620) (149.970, 219.805)
Net wbm_dat_i[6]: has regular routing with opens at (142.860, 219.655) (149.170, 220.590)
Net wbm_dat_i[6]: dangling Wire at (149.170, 219.655) (149.170, 219.655) on layer: Metal1
Net wbm_dat_i[4], Pin Pin: mem_rdata_reg[4]/D; Direction: INPUT; Use: SIGNAL;: has an unconnected terminal at (142.375, 219.620) (142.770, 219.805)
Net wbm_dat_i[4]: has regular routing with opens at (140.660, 219.655) (141.970, 220.590)
Net wbm_dat_i[4]: dangling Wire at (141.970, 219.655) (141.970, 219.655) on layer: Metal1
Net wbm_dat_i[3], Pin Pin: mem_rdata_reg[3]/D; Direction: INPUT; Use: SIGNAL;: has an unconnected terminal at (138.375, 214.535) (138.770, 214.720)
Net wbm_dat_i[3]: has regular routing with opens at (134.060, 216.235) (138.770, 220.590)
Net wbm_dat_i[3]: dangling Wire at (138.770, 216.235) (138.770, 216.235) on layer: Metal1
Net wbm_dat_i[1], Pin Pin: mem_rdata_reg[1]/D; Direction: INPUT; Use: SIGNAL;: has an unconnected terminal at (141.775, 212.780) (142.170, 212.965)
Net wbm_dat_i[1]: has regular routing with opens at (139.860, 212.705) (141.570, 220.590)
Net wbm_dat_i[1]: dangling Wire at (141.570, 212.815) (141.570, 212.815) on layer: Metal1
Net wbm_dat_i[0], Pin Pin: mem_rdata_reg[0]/D; Direction: INPUT; Use: SIGNAL;: has an unconnected terminal at (136.175, 217.955) (136.570, 218.140)
Net wbm_dat_i[0]: has regular routing with opens at (131.260, 218.025) (134.570, 220.590)
Net wbm_dat_i[0]: dangling Wire at (134.570, 218.105) (134.570, 218.105) on layer: Metal1
Net pcpi_valid, Pin Pin: FE_OFC705_pcpi_valid/Y; Direction: OUTPUT; Use: SIGNAL;: has an unconnected terminal at (169.425, 219.215) (170.715, 220.245)
Net pcpi_valid: has regular routing with opens at (168.060, 219.885) (171.115, 220.590)
Net pcpi_valid: dangling Wire at (171.115, 219.885) (171.115, 219.885) on layer: Metal1
Net pcpi_insn[31], Pin Pin: FE_OFC710_pcpi_insn_31/Y; Direction: OUTPUT; Use: SIGNAL;: has an unconnected terminal at (158.425, 219.215) (159.715, 220.245)
Net pcpi_insn[31]: has regular routing with opens at (154.260, 219.885) (160.715, 220.590)
Net pcpi_insn[31]: dangling Wire at (160.715, 219.885) (160.715, 219.885) on layer: Metal1
Net pcpi_insn[30], Pin Pin: FE_OFC715_pcpi_insn_30/Y; Direction: OUTPUT; Use: SIGNAL;: has an unconnected terminal at (165.025, 219.215) (166.315, 220.245)
Net pcpi_insn[30]: has regular routing with opens at (159.660, 219.885) (166.715, 220.590)
Net pcpi_insn[30]: dangling Wire at (166.715, 219.885) (166.715, 219.885) on layer: Metal1
Net pcpi_insn[29], Pin Pin: FE_OFC711_pcpi_insn_29/Y; Direction: OUTPUT; Use: SIGNAL;: has an unconnected terminal at (153.825, 219.215) (155.115, 220.245)
Net pcpi_insn[29]: has regular routing with opens at (153.260, 219.885) (155.715, 220.590)
Net pcpi_insn[29]: dangling Wire at (155.715, 219.885) (155.715, 219.885) on layer: Metal1
Net pcpi_insn[24], Pin Pin: FE_OFC712_pcpi_insn_24/Y; Direction: OUTPUT; Use: SIGNAL;: has an unconnected terminal at (102.025, 217.515) (103.315, 218.545)
Net pcpi_insn[24]: has regular routing with opens at (101.860, 217.875) (104.915, 220.590)
Net pcpi_insn[24]: dangling Wire at (104.915, 217.875) (104.915, 217.875) on layer: Metal1
Net pcpi_insn[23], Pin Pin: picorv32_core_pcpi_insn_reg[23]/Q; Direction: OUTPUT; Use: SIGNAL;: has an unconnected terminal at (123.595, 217.710) (125.100, 218.195)
Net pcpi_insn[23]: has regular routing with opens at (123.300, 217.830) (125.300, 220.590)
Net pcpi_insn[23]: dangling Wire at (125.300, 217.830) (125.300, 217.830) on layer: Metal1
Net pcpi_insn[22], Pin Pin: picorv32_core_pcpi_insn_reg[22]/Q; Direction: OUTPUT; Use: SIGNAL;: has an unconnected terminal at (120.795, 219.565) (122.300, 220.050)
Net pcpi_insn[22]: has regular routing with opens at (123.060, 219.925) (123.140, 220.590)
Net pcpi_insn[22]: dangling Wire at (123.100, 219.930) (123.100, 219.930) on layer: Metal1
Net pcpi_insn[19], Pin Pin: FE_OFC713_pcpi_insn_19/Y; Direction: OUTPUT; Use: SIGNAL;: has an unconnected terminal at (104.625, 219.215) (105.915, 220.245)
Net pcpi_insn[19]: has regular routing with opens at (105.860, 219.885) (108.115, 220.590)
Net pcpi_insn[19]: dangling Wire at (108.115, 219.885) (108.115, 219.885) on layer: Metal1
Net pcpi_insn[17], Pin Pin: FE_OFC197673_pcpi_insn_17/Y; Direction: OUTPUT; Use: SIGNAL;: has an unconnected terminal at (92.405, 219.215) (93.715, 220.245)
Net pcpi_insn[17]: has regular routing with opens at (94.500, 219.885) (101.140, 220.590)
Net pcpi_insn[17]: dangling Wire at (94.515, 219.885) (94.515, 219.885) on layer: Metal1
Net pcpi_insn[15], Pin Pin: FE_OFC717_pcpi_insn_15/Y; Direction: OUTPUT; Use: SIGNAL;: has an unconnected terminal at (137.025, 217.515) (138.315, 218.545)
Net pcpi_insn[15]: has regular routing with opens at (130.060, 219.885) (135.715, 220.590)
Net pcpi_insn[15]: dangling Wire at (135.715, 219.885) (135.715, 219.885) on layer: Metal1
Net pcpi_insn[14], Pin Pin: FE_OFC197690_pcpi_insn_14/Y; Direction: OUTPUT; Use: SIGNAL;: has an unconnected terminal at (161.805, 217.515) (163.115, 218.545)
Net pcpi_insn[14]: has regular routing with opens at (160.860, 219.885) (162.315, 220.590)
Net pcpi_insn[14]: dangling Wire at (162.315, 219.885) (162.315, 219.885) on layer: Metal1
Net pcpi_insn[11], Pin Pin: FE_OFC197598_pcpi_insn_11/Y; Direction: OUTPUT; Use: SIGNAL;: has an unconnected terminal at (113.605, 219.215) (114.915, 220.245)
Net pcpi_insn[11]: has regular routing with opens at (115.700, 219.735) (117.340, 220.590)
Net pcpi_insn[11]: dangling Wire at (115.715, 219.885) (115.715, 219.885) on layer: Metal1
Net pcpi_insn[8], Pin Pin: picorv32_core_pcpi_insn_reg[8]/Q; Direction: OUTPUT; Use: SIGNAL;: has an unconnected terminal at (109.595, 219.565) (111.100, 220.050)
Net pcpi_insn[8]: has regular routing with opens at (111.900, 219.925) (117.740, 220.590)
Net pcpi_insn[8]: dangling Wire at (111.900, 219.930) (111.900, 219.930) on layer: Metal1
Net pcpi_insn[2], Pin Pin: FE_OFC716_pcpi_insn_2/Y; Direction: OUTPUT; Use: SIGNAL;: has an unconnected terminal at (167.225, 219.215) (168.515, 220.245)
Net pcpi_insn[2]: has regular routing with opens at (161.860, 219.885) (168.915, 220.590)
Net pcpi_insn[2]: dangling Wire at (168.915, 219.885) (168.915, 219.885) on layer: Metal1
Net pcpi_insn[1], Pin Pin: FE_OFC84_pcpi_insn_1/Y; Direction: OUTPUT; Use: SIGNAL;: has an unconnected terminal at (155.225, 217.515) (156.515, 218.545)
Net pcpi_insn[1]: has regular routing with opens at (156.660, 217.835) (156.740, 220.590)
Net pcpi_insn[1]: dangling Wire at (156.715, 217.875) (156.715, 217.875) on layer: Metal1
Net pcpi_rs1[30], Pin Pin: FE_OFC197657_pcpi_rs1_30/Y; Direction: OUTPUT; Use: SIGNAL;: has an unconnected terminal at (217.405, 106.355) (218.715, 107.385)
Net pcpi_rs1[30]: has regular routing with opens at (220.500, 108.165) (221.340, 108.435)
Net pcpi_rs1[30]: dangling Wire at (220.515, 108.435) (220.515, 108.435) on layer: Metal1
Net pcpi_rs1[29], Pin Pin: FE_OFC579_pcpi_rs1_29/Y; Direction: OUTPUT; Use: SIGNAL;: has an unconnected terminal at (215.225, 106.355) (216.515, 107.385)
Net pcpi_rs1[29]: has regular routing with opens at (216.900, 106.455) (221.340, 107.065)
Net pcpi_rs1[29]: dangling Wire at (216.915, 107.025) (216.915, 107.025) on layer: Metal1
Net pcpi_rs1[28], Pin Pin: FE_OFC99_pcpi_rs1_28/Y; Direction: OUTPUT; Use: SIGNAL;: has an unconnected terminal at (217.475, 104.675) (218.765, 105.655)
Net pcpi_rs1[28]: has regular routing with opens at (219.100, 106.075) (221.340, 106.385)
Net pcpi_rs1[28]: dangling Wire at (219.165, 106.385) (219.165, 106.385) on layer: Metal1
Net pcpi_rs1[22], Pin Pin: FE_OFC115_pcpi_rs1_22/Y; Direction: OUTPUT; Use: SIGNAL;: has an unconnected terminal at (213.875, 104.675) (215.165, 105.655)
Net pcpi_rs1[22]: has regular routing with opens at (216.500, 102.465) (221.340, 105.735)
Net pcpi_rs1[22]: dangling Wire at (216.565, 105.655) (216.565, 105.655) on layer: Metal1
Net pcpi_rs2[26], Pin Pin: FE_OFC719_pcpi_rs2_26/Y; Direction: OUTPUT; Use: SIGNAL;: has an unconnected terminal at (217.425, 96.095) (218.715, 97.125)
Net pcpi_rs2[26]: has regular routing with opens at (220.115, 95.055) (221.340, 96.765)
Net pcpi_rs2[26]: dangling Wire at (220.115, 96.765) (220.115, 96.765) on layer: Metal1
Net pcpi_rs2[4], Pin Pin: FE_OFC720_pcpi_rs2_4/Y; Direction: OUTPUT; Use: SIGNAL;: has an unconnected terminal at (217.025, 137.135) (218.315, 138.165)
Net pcpi_rs2[4]: has regular routing with opens at (219.715, 137.235) (221.340, 137.805)
Net pcpi_rs2[4]: dangling Wire at (219.715, 137.805) (219.715, 137.805) on layer: Metal1
Net eoi[31], Pin Pin: FE_OFC703_eoi_31/Y; Direction: OUTPUT; Use: SIGNAL;: has an unconnected terminal at (129.225, 219.215) (130.515, 220.245)
Net eoi[31]: has regular routing with opens at (122.260, 219.885) (128.315, 220.590)
Net eoi[31]: dangling Wire at (128.315, 219.885) (128.315, 219.885) on layer: Metal1
Net eoi[30], Pin Pin: FE_OFC704_eoi_30/Y; Direction: OUTPUT; Use: SIGNAL;: has an unconnected terminal at (129.625, 0.335) (130.915, 1.365)
Net eoi[30]: has regular routing with opens at (128.860, 0.000) (131.515, 1.005)
Net eoi[30]: dangling Wire at (131.515, 1.005) (131.515, 1.005) on layer: Metal1
Net eoi[29], Pin Pin: FE_OFC701_eoi_29/Y; Direction: OUTPUT; Use: SIGNAL;: has an unconnected terminal at (127.425, 0.335) (128.715, 1.365)
Net eoi[29]: has regular routing with opens at (128.460, 0.000) (129.315, 1.005)
Net eoi[29]: dangling Wire at (129.315, 1.005) (129.315, 1.005) on layer: Metal1
Net eoi[26], Pin Pin: FE_OFC702_eoi_26/Y; Direction: OUTPUT; Use: SIGNAL;: has an unconnected terminal at (113.425, 2.055) (114.715, 3.085)
Net eoi[26]: has regular routing with opens at (115.260, 0.000) (115.915, 2.415)
Net eoi[26]: dangling Wire at (115.915, 2.415) (115.915, 2.415) on layer: Metal1
Net eoi[22], Pin Pin: FE_OFC197694_eoi_22/Y; Direction: OUTPUT; Use: SIGNAL;: has an unconnected terminal at (117.605, 0.335) (118.915, 1.365)
Net eoi[22]: has regular routing with opens at (118.460, 0.000) (119.115, 1.005)
Net eoi[22]: dangling Wire at (119.115, 1.005) (119.115, 1.005) on layer: Metal1
Net eoi[21], Pin Pin: FE_OFC326_eoi_21/Y; Direction: OUTPUT; Use: SIGNAL;: has an unconnected terminal at (120.075, 2.075) (121.365, 3.055)
Net eoi[21]: has regular routing with opens at (118.860, 0.000) (121.165, 3.135)
Net eoi[21]: dangling Wire at (121.165, 3.055) (121.165, 3.055) on layer: Metal1
Net eoi[16], Pin Pin: FE_OFC567_eoi_16/Y; Direction: OUTPUT; Use: SIGNAL;: has an unconnected terminal at (115.825, 219.215) (117.115, 220.245)
Net eoi[16]: has regular routing with opens at (117.060, 219.885) (117.915, 220.590)
Net eoi[16]: dangling Wire at (117.915, 219.885) (117.915, 219.885) on layer: Metal1
Net eoi[15], Pin Pin: FE_OFC714_eoi_15/Y; Direction: OUTPUT; Use: SIGNAL;: has an unconnected terminal at (132.025, 215.795) (133.315, 216.825)
Net eoi[15]: has regular routing with opens at (129.060, 216.465) (134.715, 220.590)
Net eoi[15]: dangling Wire at (134.715, 216.465) (134.715, 216.465) on layer: Metal1
Net eoi[14], Pin Pin: FE_OFC197692_eoi_14/Y; Direction: OUTPUT; Use: SIGNAL;: has an unconnected terminal at (124.805, 219.215) (126.115, 220.245)
Net eoi[14]: has regular routing with opens at (125.260, 217.875) (126.915, 220.590)
Net eoi[14]: dangling Wire at (126.915, 217.875) (126.915, 217.875) on layer: Metal1
Net eoi[13], Pin Pin: FE_OFC197665_eoi_13/Y; Direction: OUTPUT; Use: SIGNAL;: has an unconnected terminal at (127.605, 217.515) (128.915, 218.545)
Net eoi[13]: has regular routing with opens at (126.260, 217.835) (129.115, 220.590)
Net eoi[13]: dangling Wire at (129.115, 217.875) (129.115, 217.875) on layer: Metal1
Net eoi[9], Pin Pin: FE_OFC197675_eoi_9/Y; Direction: OUTPUT; Use: SIGNAL;: has an unconnected terminal at (116.405, 217.515) (117.715, 218.545)
Net eoi[9]: has regular routing with opens at (117.915, 217.835) (119.940, 220.590)
Net eoi[9]: dangling Wire at (117.915, 217.875) (117.915, 217.875) on layer: Metal1
Net eoi[7], Pin Pin: FE_OFC197590_eoi_7/Y; Direction: OUTPUT; Use: SIGNAL;: has an unconnected terminal at (118.605, 217.515) (119.915, 218.545)
Net eoi[7]: has regular routing with opens at (120.100, 217.835) (121.940, 220.590)
Net eoi[7]: dangling Wire at (120.115, 217.875) (120.115, 217.875) on layer: Metal1
Net eoi[4], Pin Pin: FE_OFC197698_eoi_4/Y; Direction: OUTPUT; Use: SIGNAL;: has an unconnected terminal at (119.405, 210.675) (120.715, 211.705)
Net eoi[4]: has regular routing with opens at (119.060, 213.045) (120.715, 220.590)
Net eoi[4]: dangling Wire at (120.715, 213.045) (120.715, 213.045) on layer: Metal1
Net eoi[2], Pin Pin: FE_OFC709_eoi_2/Y; Direction: OUTPUT; Use: SIGNAL;: has an unconnected terminal at (129.825, 217.515) (131.115, 218.545)
Net eoi[2]: has regular routing with opens at (127.460, 219.885) (130.515, 220.590)
Net eoi[2]: dangling Wire at (130.515, 219.885) (130.515, 219.885) on layer: Metal1
Net eoi[0], Pin Pin: FE_OFC700_eoi_0/Y; Direction: OUTPUT; Use: SIGNAL;: has an unconnected terminal at (114.225, 217.515) (115.515, 218.545)
Net eoi[0]: has regular routing with opens at (117.115, 217.875) (117.740, 220.590)
Net eoi[0]: dangling Wire at (117.115, 217.875) (117.115, 217.875) on layer: Metal1
Net mem_rdata[23], Pin Pin: mem_rdata_reg[23]/Q; Direction: OUTPUT; Use: SIGNAL;: has an unconnected terminal at (112.625, 210.835) (112.765, 211.685)
Net mem_rdata[23]: has regular routing with opens at (112.170, 106.995) (135.700, 211.035)
Net mem_rdata[23]: dangling Wire at (113.365, 211.035) (113.365, 211.035) on layer: Metal1
Net mem_rdata[18], Pin Pin: picorv32_core_mem_rdata_q_reg[18]/D; Direction: INPUT; Use: SIGNAL;: has an unconnected terminal at (107.775, 211.115) (108.170, 211.300)
Net mem_rdata[18], Pin Pin: mem_rdata_reg[18]/Q; Direction: OUTPUT; Use: SIGNAL;: has an unconnected terminal at (102.460, 219.500) (102.580, 220.055)
Net mem_rdata[18]: has regular routing with opens at (103.300, 124.095) (111.780, 219.545)
Net mem_rdata[18]: dangling Wire at (103.380, 219.500) (103.380, 219.500) on layer: Metal1
Net mem_rdata[18]: dangling Wire at (108.570, 211.265) (108.570, 211.265) on layer: Metal1
Net mem_rdata[15], Pin Pin: picorv32_core_mem_rdata_q_reg[15]/D; Direction: INPUT; Use: SIGNAL;: has an unconnected terminal at (131.575, 211.115) (131.970, 211.300)
Net mem_rdata[15], Pin Pin: mem_rdata_reg[15]/Q; Direction: OUTPUT; Use: SIGNAL;: has an unconnected terminal at (135.260, 210.865) (135.380, 211.420)
Net mem_rdata[15]: has regular routing with opens at (131.235, 181.850) (134.980, 211.420)
Net mem_rdata[15]: dangling Wire at (134.980, 211.420) (134.980, 211.420) on layer: Metal1
Net mem_rdata[15]: dangling Wire at (131.570, 211.265) (131.570, 211.265) on layer: Metal1
Net mem_rdata[12], Pin Pin: mem_rdata_reg[12]/Q; Direction: OUTPUT; Use: SIGNAL;: has an unconnected terminal at (174.460, 219.500) (174.580, 220.055)
Net mem_rdata[12]: has regular routing with opens at (114.260, 192.495) (173.580, 219.545)
Net mem_rdata[12]: dangling Wire at (173.580, 219.500) (173.580, 219.500) on layer: Metal1
Net mem_rdata[9], Pin Pin: mem_rdata_reg[9]/Q; Direction: OUTPUT; Use: SIGNAL;: has an unconnected terminal at (97.460, 219.500) (97.580, 220.055)
Net mem_rdata[9]: has regular routing with opens at (98.300, 195.915) (110.565, 219.545)
Net mem_rdata[9]: dangling Wire at (98.380, 219.500) (98.380, 219.500) on layer: Metal1
Net mem_rdata[8], Pin Pin: picorv32_core_mem_rdata_q_reg[8]/D; Direction: INPUT; Use: SIGNAL;: has an unconnected terminal at (117.195, 210.970) (117.375, 211.370)
Net mem_rdata[8], Pin Pin: mem_rdata_reg[8]/Q; Direction: OUTPUT; Use: SIGNAL;: has an unconnected terminal at (112.060, 217.705) (112.180, 218.260)
Net mem_rdata[8]: has regular routing with opens at (112.300, 195.915) (127.500, 218.405)
Net mem_rdata[8]: dangling Wire at (112.380, 218.260) (112.380, 218.260) on layer: Metal1
Net mem_rdata[8]: dangling Wire at (118.775, 211.050) (118.775, 211.050) on layer: Metal1
Net mem_rdata[7], Pin Pin: mem_rdata_reg[7]/Q; Direction: OUTPUT; Use: SIGNAL;: has an unconnected terminal at (135.460, 212.660) (135.580, 213.215)
Net mem_rdata[7]: has regular routing with opens at (134.500, 193.705) (138.970, 214.840)
Net mem_rdata[7]: dangling Wire at (136.580, 214.840) (136.580, 214.840) on layer: Metal1
Net mem_rdata[6], Pin Pin: mem_rdata_reg[6]/Q; Direction: OUTPUT; Use: SIGNAL;: has an unconnected terminal at (148.260, 219.500) (148.380, 220.055)
Net mem_rdata[6]: has regular routing with opens at (134.060, 195.660) (158.570, 219.545)
Net mem_rdata[6]: dangling Wire at (147.580, 219.500) (147.580, 219.500) on layer: Metal1
Net mem_rdata[4], Pin Pin: mem_rdata_reg[4]/Q; Direction: OUTPUT; Use: SIGNAL;: has an unconnected terminal at (141.060, 219.500) (141.180, 220.055)
Net mem_rdata[4]: has regular routing with opens at (138.060, 193.720) (153.970, 219.545)
Net mem_rdata[4]: dangling Wire at (140.380, 219.500) (140.380, 219.500) on layer: Metal1
Net mem_rdata[3], Pin Pin: mem_rdata_reg[3]/Q; Direction: OUTPUT; Use: SIGNAL;: has an unconnected terminal at (137.060, 214.285) (137.180, 214.840)
Net mem_rdata[3]: has regular routing with opens at (130.260, 202.725) (147.765, 216.125)
Net mem_rdata[3]: dangling Wire at (137.180, 216.080) (137.180, 216.080) on layer: Metal1
Net mem_rdata[1], Pin Pin: mem_rdata_reg[1]/Q; Direction: OUTPUT; Use: SIGNAL;: has an unconnected terminal at (140.460, 212.660) (140.580, 213.215)
Net mem_rdata[1]: has regular routing with opens at (138.460, 195.660) (151.170, 216.385)
Net mem_rdata[1]: dangling Wire at (139.980, 212.660) (139.980, 212.660) on layer: Metal1
Net mem_rdata[0], Pin Pin: picorv32_core_mem_rdata_q_reg[0]/D; Direction: INPUT; Use: SIGNAL;: has an unconnected terminal at (153.975, 217.955) (154.370, 218.140)
Net mem_rdata[0], Pin Pin: mem_rdata_reg[0]/Q; Direction: OUTPUT; Use: SIGNAL;: has an unconnected terminal at (134.860, 217.705) (134.980, 218.260)
Net mem_rdata[0]: has regular routing with opens at (126.460, 195.885) (154.570, 218.405)
Net mem_rdata[0]: dangling Wire at (132.980, 218.260) (132.980, 218.260) on layer: Metal1
Net mem_rdata[0]: dangling Wire at (154.570, 218.105) (154.570, 218.105) on layer: Metal1
Net picorv32_core_genblk1.pcpi_mul_rs2[32], Pin Pin: picorv32_core_genblk1.pcpi_mul_mul_2371_47_g13021/A; Direction: INPUT; Use: SIGNAL;: has an unconnected terminal at (121.835, 2.335) (122.015, 2.605)
Net picorv32_core_genblk1.pcpi_mul_rs2[32], Pin Pin: picorv32_core_genblk1.pcpi_mul_mul_2371_47_g12995/A; Direction: INPUT; Use: SIGNAL;: has an unconnected terminal at (115.635, 2.335) (115.815, 2.605)
Net picorv32_core_genblk1.pcpi_mul_rs2[32], Pin Pin: picorv32_core_genblk1.pcpi_mul_mul_2371_47_cdnfadd_045_0/A; Direction: INPUT; Use: SIGNAL;: has an unconnected terminal at (135.145, 0.835) (137.270, 1.125)
Net picorv32_core_genblk1.pcpi_mul_rs2[32]: has regular routing with opens at (96.145, 0.815) (183.000, 42.285)
Net picorv32_core_genblk1.pcpi_mul_rs2[32]: dangling Wire at (136.870, 0.970) (136.870, 0.970) on layer: Metal1
Net picorv32_core_genblk1.pcpi_mul_rs2[32]: dangling Wire at (121.815, 2.605) (121.815, 2.605) on layer: Metal1
Net picorv32_core_genblk1.pcpi_mul_rs2[32]: dangling Wire at (115.615, 2.605) (115.615, 2.605) on layer: Metal1
Net picorv32_core_mem_rdata_q[31], Pin Pin: picorv32_core_pcpi_insn_reg[31]/D; Direction: INPUT; Use: SIGNAL;: has an unconnected terminal at (146.775, 212.780) (147.170, 212.965)
Net picorv32_core_mem_rdata_q[31]: has regular routing with opens at (132.860, 165.105) (147.065, 213.085)
Net picorv32_core_mem_rdata_q[31]: dangling Wire at (146.570, 212.815) (146.570, 212.815) on layer: Metal1
Net picorv32_core_mem_rdata_q[30], Pin Pin: picorv32_core_g193942/B; Direction: INPUT; Use: SIGNAL;: has an unconnected terminal at (177.850, 209.350) (177.945, 209.620)
Net picorv32_core_mem_rdata_q[30]: has regular routing with opens at (133.060, 161.215) (178.340, 214.720)
Net picorv32_core_mem_rdata_q[30]: dangling Wire at (177.300, 209.475) (177.300, 209.475) on layer: Metal1
Net picorv32_core_mem_rdata_q[28], Pin Pin: picorv32_core_pcpi_insn_reg[28]/D; Direction: INPUT; Use: SIGNAL;: has an unconnected terminal at (145.175, 216.200) (145.570, 216.385)
Net picorv32_core_mem_rdata_q[28]: has regular routing with opens at (131.660, 161.330) (143.170, 214.685)
Net picorv32_core_mem_rdata_q[28]: dangling Wire at (143.170, 214.685) (143.170, 214.685) on layer: Metal1
Net picorv32_core_mem_rdata_q[27], Pin Pin: picorv32_core_g195447/B; Direction: INPUT; Use: SIGNAL;: has an unconnected terminal at (126.455, 210.950) (126.550, 211.165)
Net picorv32_core_mem_rdata_q[27], Pin Pin: picorv32_core_pcpi_insn_reg[27]/D; Direction: INPUT; Use: SIGNAL;: has an unconnected terminal at (143.375, 214.535) (143.770, 214.720)
Net picorv32_core_mem_rdata_q[27]: has regular routing with opens at (126.100, 163.000) (143.770, 216.315)
Net picorv32_core_mem_rdata_q[27]: dangling Wire at (126.100, 210.995) (126.100, 210.995) on layer: Metal1
Net picorv32_core_mem_rdata_q[27]: dangling Wire at (143.770, 216.235) (143.770, 216.235) on layer: Metal1
Net picorv32_core_mem_rdata_q[26], Pin Pin: picorv32_core_g195447/AN; Direction: INPUT; Use: SIGNAL;: has an unconnected terminal at (126.975, 211.160) (127.160, 211.315)
Net picorv32_core_mem_rdata_q[26]: has regular routing with opens at (124.260, 165.105) (147.170, 211.300)
Net picorv32_core_mem_rdata_q[26]: dangling Wire at (126.700, 211.185) (126.700, 211.185) on layer: Metal1
Net picorv32_core_mem_rdata_q[22], Pin Pin: picorv32_core_pcpi_insn_reg[22]/D; Direction: INPUT; Use: SIGNAL;: has an unconnected terminal at (123.875, 219.695) (124.375, 219.775)
Net picorv32_core_mem_rdata_q[22]: has regular routing with opens at (113.770, 171.945) (124.700, 219.735)
Net picorv32_core_mem_rdata_q[22]: dangling Wire at (124.700, 219.735) (124.700, 219.735) on layer: Metal1
Net picorv32_core_mem_rdata_q[18], Pin Pin: picorv32_core_mem_rdata_q_reg[18]/Q; Direction: OUTPUT; Use: SIGNAL;: has an unconnected terminal at (106.460, 210.865) (106.580, 211.420)
Net picorv32_core_mem_rdata_q[18]: has regular routing with opens at (96.975, 164.645) (116.540, 212.965)
Net picorv32_core_mem_rdata_q[18]: dangling Wire at (106.980, 211.420) (106.980, 211.420) on layer: Metal1
Net picorv32_core_mem_rdata_q[15], Pin Pin: picorv32_core_pcpi_insn_reg[15]/D; Direction: INPUT; Use: SIGNAL;: has an unconnected terminal at (137.275, 219.695) (137.775, 219.775)
Net picorv32_core_mem_rdata_q[15], Pin Pin: picorv32_core_mem_rdata_q_reg[15]/Q; Direction: OUTPUT; Use: SIGNAL;: has an unconnected terminal at (130.260, 210.865) (130.380, 211.420)
Net picorv32_core_mem_rdata_q[15]: has regular routing with opens at (129.900, 166.660) (146.170, 219.735)
Net picorv32_core_mem_rdata_q[15]: dangling Wire at (129.980, 211.420) (129.980, 211.420) on layer: Metal1
Net picorv32_core_mem_rdata_q[15]: dangling Wire at (135.900, 219.735) (135.900, 219.735) on layer: Metal1
Net picorv32_core_mem_rdata_q[11], Pin Pin: picorv32_core_pcpi_insn_reg[11]/D; Direction: INPUT; Use: SIGNAL;: has an unconnected terminal at (108.375, 217.955) (108.770, 218.140)
Net picorv32_core_mem_rdata_q[11]: has regular routing with opens at (105.435, 207.415) (117.165, 218.105)
Net picorv32_core_mem_rdata_q[11]: dangling Wire at (108.970, 218.105) (108.970, 218.105) on layer: Metal1
Net picorv32_core_mem_rdata_q[8], Pin Pin: picorv32_core_mem_rdata_q_reg[8]/Q; Direction: OUTPUT; Use: SIGNAL;: has an unconnected terminal at (118.025, 210.835) (118.165, 211.685)
Net picorv32_core_mem_rdata_q[8], Pin Pin: picorv32_core_pcpi_insn_reg[8]/D; Direction: INPUT; Use: SIGNAL;: has an unconnected terminal at (112.675, 219.695) (113.175, 219.775)
Net picorv32_core_mem_rdata_q[8]: has regular routing with opens at (111.700, 206.175) (119.565, 219.735)
Net picorv32_core_mem_rdata_q[8]: dangling Wire at (119.565, 211.035) (119.565, 211.035) on layer: Metal1
Net picorv32_core_mem_rdata_q[8]: dangling Wire at (113.500, 219.735) (113.500, 219.735) on layer: Metal1
Net picorv32_core_mem_rdata_q[7], Pin Pin: picorv32_core_pcpi_insn_reg[7]/D; Direction: INPUT; Use: SIGNAL;: has an unconnected terminal at (140.075, 216.275) (140.575, 216.355)
Net picorv32_core_mem_rdata_q[7]: has regular routing with opens at (134.970, 196.935) (155.900, 218.025)
Net picorv32_core_mem_rdata_q[7]: dangling Wire at (140.900, 218.025) (140.900, 218.025) on layer: Metal1
Net picorv32_core_mem_rdata_q[0], Pin Pin: picorv32_core_mem_rdata_q_reg[0]/Q; Direction: OUTPUT; Use: SIGNAL;: has an unconnected terminal at (152.660, 217.705) (152.780, 218.260)
Net picorv32_core_mem_rdata_q[0]: has regular routing with opens at (152.900, 211.105) (156.170, 218.260)
Net picorv32_core_mem_rdata_q[0]: dangling Wire at (152.980, 218.260) (152.980, 218.260) on layer: Metal1
Net n_0, Pin Pin: mem_rdata_reg[23]/E; Direction: INPUT; Use: SIGNAL;: has an unconnected terminal at (111.145, 210.995) (112.365, 211.815)
Net n_0, Pin Pin: mem_rdata_reg[18]/E; Direction: INPUT; Use: SIGNAL;: has an unconnected terminal at (103.235, 219.685) (104.165, 220.285)
Net n_0, Pin Pin: mem_rdata_reg[15]/E; Direction: INPUT; Use: SIGNAL;: has an unconnected terminal at (136.035, 210.635) (136.965, 211.235)
Net n_0, Pin Pin: mem_rdata_reg[12]/E; Direction: INPUT; Use: SIGNAL;: has an unconnected terminal at (175.235, 219.685) (176.165, 220.285)
Net n_0, Pin Pin: mem_rdata_reg[9]/E; Direction: INPUT; Use: SIGNAL;: has an unconnected terminal at (98.235, 219.685) (99.165, 220.285)
Net n_0, Pin Pin: mem_rdata_reg[8]/E; Direction: INPUT; Use: SIGNAL;: has an unconnected terminal at (112.835, 217.475) (113.765, 218.075)
Net n_0, Pin Pin: mem_rdata_reg[7]/E; Direction: INPUT; Use: SIGNAL;: has an unconnected terminal at (136.235, 212.845) (137.165, 213.445)
Net n_0, Pin Pin: mem_rdata_reg[6]/E; Direction: INPUT; Use: SIGNAL;: has an unconnected terminal at (149.035, 219.685) (149.965, 220.285)
Net n_0, Pin Pin: mem_rdata_reg[4]/E; Direction: INPUT; Use: SIGNAL;: has an unconnected terminal at (141.835, 219.685) (142.765, 220.285)
Net n_0, Pin Pin: mem_rdata_reg[3]/E; Direction: INPUT; Use: SIGNAL;: has an unconnected terminal at (137.835, 214.055) (138.765, 214.655)
Net n_0, Pin Pin: mem_rdata_reg[1]/E; Direction: INPUT; Use: SIGNAL;: has an unconnected terminal at (141.235, 212.845) (142.165, 213.445)
Net n_0, Pin Pin: mem_rdata_reg[0]/E; Direction: INPUT; Use: SIGNAL;: has an unconnected terminal at (135.635, 217.475) (136.565, 218.075)
Net n_0: has regular routing with opens at (99.965, 200.735) (192.365, 219.925)
Net n_0: dangling Wire at (175.165, 219.875) (175.165, 219.875) on layer: Metal1
Net n_0: dangling Wire at (149.165, 219.875) (149.165, 219.875) on layer: Metal1
Net n_0: dangling Wire at (141.965, 219.875) (141.965, 219.875) on layer: Metal1
Net n_0: dangling Wire at (138.765, 216.455) (138.765, 216.455) on layer: Metal1
Net n_0: dangling Wire at (138.165, 214.465) (138.165, 214.465) on layer: Metal1
Net n_0: dangling Wire at (134.565, 217.885) (134.565, 217.885) on layer: Metal1
Net n_0: dangling Wire at (141.565, 213.035) (141.565, 213.035) on layer: Metal1
Net n_0: dangling Wire at (136.565, 211.045) (136.565, 211.045) on layer: Metal1
Net n_0: dangling Wire at (112.965, 211.225) (112.965, 211.225) on layer: Metal1
Net n_0: dangling Wire at (113.965, 217.885) (113.965, 217.885) on layer: Metal1
Net n_0: dangling Wire at (99.965, 219.875) (99.965, 219.875) on layer: Metal1
Net n_0: dangling Wire at (104.965, 219.875) (104.965, 219.875) on layer: Metal1
Net picorv32_core_genblk1.pcpi_mul_mul_2371_47_n_30, Pin Pin: picorv32_core_genblk1.pcpi_mul_mul_2371_47_cdnfadd_047_0/A; Direction: INPUT; Use: SIGNAL;: has an unconnected terminal at (132.145, 0.835) (134.270, 1.125)
Net picorv32_core_genblk1.pcpi_mul_mul_2371_47_n_30: has regular routing with opens at (96.145, 0.715) (174.900, 43.985)
Net picorv32_core_genblk1.pcpi_mul_mul_2371_47_n_30: dangling Wire at (133.870, 0.970) (133.870, 0.970) on layer: Metal1
Net picorv32_core_genblk1.pcpi_mul_mul_2371_47_n_1095, Pin Pin: picorv32_core_genblk1.pcpi_mul_mul_2371_47_g13021/Y; Direction: OUTPUT; Use: SIGNAL;: has an unconnected terminal at (121.650, 2.095) (121.740, 3.045)
Net picorv32_core_genblk1.pcpi_mul_mul_2371_47_n_1095: has regular routing with opens at (115.400, 0.955) (121.540, 2.265)
Net picorv32_core_genblk1.pcpi_mul_mul_2371_47_n_1095: dangling Wire at (121.540, 2.265) (121.540, 2.265) on layer: Metal1
Net picorv32_core_genblk1.pcpi_mul_mul_2371_47_n_1122, Pin Pin: picorv32_core_genblk1.pcpi_mul_mul_2371_47_g12995/Y; Direction: OUTPUT; Use: SIGNAL;: has an unconnected terminal at (115.450, 2.095) (115.540, 3.045)
Net picorv32_core_genblk1.pcpi_mul_mul_2371_47_n_1122: has regular routing with opens at (110.760, 2.185) (115.340, 2.705)
Net picorv32_core_genblk1.pcpi_mul_mul_2371_47_n_1122: dangling Wire at (115.340, 2.265) (115.340, 2.265) on layer: Metal1
Net picorv32_core_genblk1.pcpi_mul_mul_2371_47_n_1608, Pin Pin: picorv32_core_genblk1.pcpi_mul_mul_2371_47_cdnfadd_048_1/CO; Direction: OUTPUT; Use: SIGNAL;: has an unconnected terminal at (116.860, 2.125) (116.940, 3.205)
Net picorv32_core_genblk1.pcpi_mul_mul_2371_47_n_1608: has regular routing with opens at (111.745, 2.755) (117.100, 4.545)
Net picorv32_core_genblk1.pcpi_mul_mul_2371_47_n_1608: dangling Wire at (116.740, 2.820) (116.740, 2.820) on layer: Metal1
Net picorv32_core_genblk1.pcpi_mul_mul_2371_47_n_1617, Pin Pin: picorv32_core_genblk1.pcpi_mul_mul_2371_47_cdnfadd_048_1/S; Direction: OUTPUT; Use: SIGNAL;: has an unconnected terminal at (119.660, 1.955) (119.740, 3.125)
Net picorv32_core_genblk1.pcpi_mul_mul_2371_47_n_1617: has regular routing with opens at (117.960, 2.755) (119.695, 4.425)
Net picorv32_core_genblk1.pcpi_mul_mul_2371_47_n_1617: dangling Wire at (119.540, 2.820) (119.540, 2.820) on layer: Metal1
Net picorv32_core_genblk1.pcpi_mul_mul_2371_47_n_1618, Pin Pin: picorv32_core_genblk1.pcpi_mul_mul_2371_47_cdnfadd_047_1/CO; Direction: OUTPUT; Use: SIGNAL;: has an unconnected terminal at (128.260, 2.125) (128.340, 3.205)
Net picorv32_core_genblk1.pcpi_mul_mul_2371_47_n_1618: has regular routing with opens at (117.745, 2.755) (128.140, 4.545)
Net picorv32_core_genblk1.pcpi_mul_mul_2371_47_n_1618: dangling Wire at (128.140, 2.820) (128.140, 2.820) on layer: Metal1
Net picorv32_core_genblk1.pcpi_mul_mul_2371_47_n_1620, Pin Pin: picorv32_core_genblk1.pcpi_mul_mul_2371_47_cdnfadd_048_1/A; Direction: INPUT; Use: SIGNAL;: has an unconnected terminal at (117.345, 2.295) (119.470, 2.585)
Net picorv32_core_genblk1.pcpi_mul_mul_2371_47_n_1620, Pin Pin: picorv32_core_genblk1.pcpi_mul_mul_2371_47_cdnfadd_047_0/CO; Direction: OUTPUT; Use: SIGNAL;: has an unconnected terminal at (131.660, 0.215) (131.740, 1.295)
Net picorv32_core_genblk1.pcpi_mul_mul_2371_47_n_1620: has regular routing with opens at (119.270, 0.600) (131.500, 2.450)
Net picorv32_core_genblk1.pcpi_mul_mul_2371_47_n_1620: dangling Wire at (131.340, 0.600) (131.340, 0.600) on layer: Metal1
Net picorv32_core_genblk1.pcpi_mul_mul_2371_47_n_1620: dangling Wire at (119.270, 2.450) (119.270, 2.450) on layer: Metal1
Net picorv32_core_genblk1.pcpi_mul_mul_2371_47_n_1627, Pin Pin: picorv32_core_genblk1.pcpi_mul_mul_2371_47_cdnfadd_046_2/CO; Direction: OUTPUT; Use: SIGNAL;: has an unconnected terminal at (125.260, 2.125) (125.340, 3.205)
Net picorv32_core_genblk1.pcpi_mul_mul_2371_47_n_1627: has regular routing with opens at (122.600, 2.755) (125.140, 4.845)
Net picorv32_core_genblk1.pcpi_mul_mul_2371_47_n_1627: dangling Wire at (125.140, 2.820) (125.140, 2.820) on layer: Metal1
Net picorv32_core_genblk1.pcpi_mul_mul_2371_47_n_1628, Pin Pin: picorv32_core_genblk1.pcpi_mul_mul_2371_47_cdnfadd_047_1/S; Direction: OUTPUT; Use: SIGNAL;: has an unconnected terminal at (131.060, 1.955) (131.140, 3.125)
Net picorv32_core_genblk1.pcpi_mul_mul_2371_47_n_1628: has regular routing with opens at (122.145, 2.755) (130.940, 4.545)
Net picorv32_core_genblk1.pcpi_mul_mul_2371_47_n_1628: dangling Wire at (130.940, 2.820) (130.940, 2.820) on layer: Metal1
Net picorv32_core_genblk1.pcpi_mul_mul_2371_47_n_1629, Pin Pin: picorv32_core_genblk1.pcpi_mul_mul_2371_47_cdnfadd_046_1/CO; Direction: OUTPUT; Use: SIGNAL;: has an unconnected terminal at (131.260, 2.125) (131.340, 3.205)
Net picorv32_core_genblk1.pcpi_mul_mul_2371_47_n_1629: has regular routing with opens at (129.200, 2.175) (131.140, 2.820)
Net picorv32_core_genblk1.pcpi_mul_mul_2371_47_n_1629: dangling Wire at (131.140, 2.820) (131.140, 2.820) on layer: Metal1
Net picorv32_core_genblk1.pcpi_mul_mul_2371_47_n_1630, Pin Pin: picorv32_core_genblk1.pcpi_mul_mul_2371_47_cdnfadd_047_1/A; Direction: INPUT; Use: SIGNAL;: has an unconnected terminal at (128.745, 2.295) (130.870, 2.585)
Net picorv32_core_genblk1.pcpi_mul_mul_2371_47_n_1630, Pin Pin: picorv32_core_genblk1.pcpi_mul_mul_2371_47_cdnfadd_047_0/S; Direction: OUTPUT; Use: SIGNAL;: has an unconnected terminal at (134.460, 0.295) (134.540, 1.465)
Net picorv32_core_genblk1.pcpi_mul_mul_2371_47_n_1630: has regular routing with opens at (130.670, 0.600) (134.140, 2.450)
Net picorv32_core_genblk1.pcpi_mul_mul_2371_47_n_1630: dangling Wire at (134.140, 0.600) (134.140, 0.600) on layer: Metal1
Net picorv32_core_genblk1.pcpi_mul_mul_2371_47_n_1630: dangling Wire at (130.670, 2.450) (130.670, 2.450) on layer: Metal1
Net picorv32_core_genblk1.pcpi_mul_mul_2371_47_n_1638, Pin Pin: picorv32_core_genblk1.pcpi_mul_mul_2371_47_cdnfadd_046_2/S; Direction: OUTPUT; Use: SIGNAL;: has an unconnected terminal at (128.060, 1.955) (128.140, 3.125)
Net picorv32_core_genblk1.pcpi_mul_mul_2371_47_n_1638: has regular routing with opens at (123.360, 2.755) (127.940, 12.965)
Net picorv32_core_genblk1.pcpi_mul_mul_2371_47_n_1638: dangling Wire at (127.940, 2.820) (127.940, 2.820) on layer: Metal1
Net picorv32_core_genblk1.pcpi_mul_mul_2371_47_n_1640, Pin Pin: picorv32_core_genblk1.pcpi_mul_mul_2371_47_cdnfadd_046_1/S; Direction: OUTPUT; Use: SIGNAL;: has an unconnected terminal at (134.060, 1.955) (134.140, 3.125)
Net picorv32_core_genblk1.pcpi_mul_mul_2371_47_n_1640: has regular routing with opens at (125.960, 2.415) (133.940, 2.945)
Net picorv32_core_genblk1.pcpi_mul_mul_2371_47_n_1640: dangling Wire at (133.940, 2.820) (133.940, 2.820) on layer: Metal1
Net picorv32_core_genblk1.pcpi_mul_mul_2371_47_n_1641, Pin Pin: picorv32_core_genblk1.pcpi_mul_mul_2371_47_cdnfadd_046_2/A; Direction: INPUT; Use: SIGNAL;: has an unconnected terminal at (125.745, 2.295) (127.870, 2.585)
Net picorv32_core_genblk1.pcpi_mul_mul_2371_47_n_1641, Pin Pin: picorv32_core_genblk1.pcpi_mul_mul_2371_47_cdnfadd_045_1/CO; Direction: OUTPUT; Use: SIGNAL;: has an unconnected terminal at (134.260, 2.125) (134.340, 3.205)
Net picorv32_core_genblk1.pcpi_mul_mul_2371_47_n_1641: has regular routing with opens at (127.670, 2.375) (134.140, 2.820)
Net picorv32_core_genblk1.pcpi_mul_mul_2371_47_n_1641: dangling Wire at (134.140, 2.820) (134.140, 2.820) on layer: Metal1
Net picorv32_core_genblk1.pcpi_mul_mul_2371_47_n_1641: dangling Wire at (127.670, 2.450) (127.670, 2.450) on layer: Metal1
Net picorv32_core_genblk1.pcpi_mul_mul_2371_47_n_1643, Pin Pin: picorv32_core_genblk1.pcpi_mul_mul_2371_47_cdnfadd_046_1/A; Direction: INPUT; Use: SIGNAL;: has an unconnected terminal at (131.745, 2.295) (133.870, 2.585)
Net picorv32_core_genblk1.pcpi_mul_mul_2371_47_n_1643, Pin Pin: picorv32_core_genblk1.pcpi_mul_mul_2371_47_cdnfadd_045_0/CO; Direction: OUTPUT; Use: SIGNAL;: has an unconnected terminal at (134.660, 0.215) (134.740, 1.295)
Net picorv32_core_genblk1.pcpi_mul_mul_2371_47_n_1643: has regular routing with opens at (133.670, 0.600) (134.340, 2.450)
Net picorv32_core_genblk1.pcpi_mul_mul_2371_47_n_1643: dangling Wire at (134.340, 0.600) (134.340, 0.600) on layer: Metal1
Net picorv32_core_genblk1.pcpi_mul_mul_2371_47_n_1643: dangling Wire at (133.670, 2.450) (133.670, 2.450) on layer: Metal1
Net picorv32_core_genblk1.pcpi_mul_mul_2371_47_n_1652, Pin Pin: picorv32_core_genblk1.pcpi_mul_mul_2371_47_cdnfadd_045_1/S; Direction: OUTPUT; Use: SIGNAL;: has an unconnected terminal at (137.060, 1.955) (137.140, 3.125)
Net picorv32_core_genblk1.pcpi_mul_mul_2371_47_n_1652: has regular routing with opens at (128.960, 2.755) (136.940, 4.425)
Net picorv32_core_genblk1.pcpi_mul_mul_2371_47_n_1652: dangling Wire at (136.940, 2.820) (136.940, 2.820) on layer: Metal1
Net picorv32_core_genblk1.pcpi_mul_mul_2371_47_n_1654, Pin Pin: picorv32_core_genblk1.pcpi_mul_mul_2371_47_cdnfadd_045_0/S; Direction: OUTPUT; Use: SIGNAL;: has an unconnected terminal at (137.460, 0.295) (137.540, 1.465)
Net picorv32_core_genblk1.pcpi_mul_mul_2371_47_n_1654: has regular routing with opens at (134.960, 0.600) (137.140, 2.705)
Net picorv32_core_genblk1.pcpi_mul_mul_2371_47_n_1654: dangling Wire at (137.140, 0.600) (137.140, 0.600) on layer: Metal1
Net picorv32_core_genblk1.pcpi_mul_mul_2371_47_n_1655, Pin Pin: picorv32_core_genblk1.pcpi_mul_mul_2371_47_cdnfadd_045_1/A; Direction: INPUT; Use: SIGNAL;: has an unconnected terminal at (134.745, 2.295) (136.870, 2.585)
Net picorv32_core_genblk1.pcpi_mul_mul_2371_47_n_1655: has regular routing with opens at (136.670, 0.215) (139.940, 2.450)
Net picorv32_core_genblk1.pcpi_mul_mul_2371_47_n_1655: dangling Wire at (136.670, 2.450) (136.670, 2.450) on layer: Metal1
Net picorv32_core_genblk2.pcpi_div_minus_2475_59_n_355, Pin Pin: picorv32_core_genblk2.pcpi_div_minus_2475_59_g512/B; Direction: INPUT; Use: SIGNAL;: has an unconnected terminal at (212.955, 105.085) (213.345, 105.230)
Net picorv32_core_genblk2.pcpi_div_minus_2475_59_n_355: has regular routing with opens at (213.055, 101.510) (214.700, 105.205)
Net picorv32_core_genblk2.pcpi_div_minus_2475_59_n_355: dangling Wire at (214.545, 105.205) (214.545, 105.205) on layer: Metal1
Net picorv32_core_genblk2.pcpi_div_minus_2475_59_n_360, Pin Pin: picorv32_core_genblk2.pcpi_div_minus_2475_59_g517/Y; Direction: OUTPUT; Use: SIGNAL;: has an unconnected terminal at (213.525, 106.415) (213.720, 107.350)
Net picorv32_core_genblk2.pcpi_div_minus_2475_59_n_360: has regular routing with opens at (213.260, 103.225) (214.375, 106.495)
Net picorv32_core_genblk2.pcpi_div_minus_2475_59_n_360: dangling Wire at (213.920, 106.415) (213.920, 106.415) on layer: Metal1
Net picorv32_core_genblk2.pcpi_div_minus_2475_59_n_365, Pin Pin: picorv32_core_genblk2.pcpi_div_minus_2475_59_g517/B; Direction: INPUT; Use: SIGNAL;: has an unconnected terminal at (213.455, 106.895) (213.550, 107.110)
Net picorv32_core_genblk2.pcpi_div_minus_2475_59_n_365: has regular routing with opens at (212.860, 107.065) (214.545, 110.800)
Net picorv32_core_genblk2.pcpi_div_minus_2475_59_n_365: dangling Wire at (213.700, 107.065) (213.700, 107.065) on layer: Metal1
Net picorv32_core_genblk2.pcpi_div_n_1954, Pin Pin: picorv32_core_genblk2.pcpi_div_minus_2475_59_g512/Y; Direction: OUTPUT; Use: SIGNAL;: has an unconnected terminal at (212.250, 104.695) (212.340, 105.645)
Net picorv32_core_genblk2.pcpi_div_n_1954, Pin Pin: picorv32_core_genblk2.pcpi_div_g14526/A1; Direction: INPUT; Use: SIGNAL;: has an unconnected terminal at (211.260, 104.705) (211.365, 104.970)
Net picorv32_core_genblk2.pcpi_div_n_1954: has regular routing with opens at (211.900, 104.785) (213.540, 104.865)
Net picorv32_core_genblk2.pcpi_div_n_1954: dangling Wire at (213.540, 104.865) (213.540, 104.865) on layer: Metal1
Net picorv32_core_genblk2.pcpi_div_n_1954: dangling Wire at (211.900, 104.785) (211.900, 104.785) on layer: Metal1
Net picorv32_core_genblk2.pcpi_div_n_9192, Pin Pin: picorv32_core_genblk2.pcpi_div_g7571/Y; Direction: OUTPUT; Use: SIGNAL;: has an unconnected terminal at (160.260, 217.550) (161.040, 218.650)
Net picorv32_core_genblk2.pcpi_div_n_9192: has regular routing with opens at (161.240, 216.330) (162.760, 218.650)
Net picorv32_core_genblk2.pcpi_div_n_9192: dangling Wire at (161.240, 218.650) (161.240, 218.650) on layer: Metal1
Net picorv32_core_genblk2.pcpi_div_n_9193, Pin Pin: picorv32_core_genblk2.pcpi_div_g7571/AN; Direction: INPUT; Use: SIGNAL;: has an unconnected terminal at (161.260, 217.930) (161.340, 218.430)
Net picorv32_core_genblk2.pcpi_div_n_9193: has regular routing with opens at (161.500, 209.025) (163.560, 218.595)
Net picorv32_core_genblk2.pcpi_div_n_9193: dangling Wire at (161.500, 218.025) (161.500, 218.025) on layer: Metal1
Net picorv32_core_genblk2.pcpi_div_n_9194, Pin Pin: picorv32_core_genblk2.pcpi_div_g7573/Y; Direction: OUTPUT; Use: SIGNAL;: has an unconnected terminal at (153.455, 219.205) (153.555, 220.315)
Net picorv32_core_genblk2.pcpi_div_n_9194: has regular routing with opens at (152.700, 216.210) (162.970, 220.115)
Net picorv32_core_genblk2.pcpi_div_n_9194: dangling Wire at (152.755, 220.050) (152.755, 220.050) on layer: Metal1
Net picorv32_core_genblk2.pcpi_div_n_9196, Pin Pin: picorv32_core_genblk2.pcpi_div_g7575/Y; Direction: OUTPUT; Use: SIGNAL;: has an unconnected terminal at (159.040, 217.475) (159.740, 218.635)
Net picorv32_core_genblk2.pcpi_div_n_9196, Pin Pin: picorv32_core_genblk2.pcpi_div_g7571/D; Direction: INPUT; Use: SIGNAL;: has an unconnected terminal at (160.460, 217.770) (160.540, 218.270)
Net picorv32_core_genblk2.pcpi_div_n_9196: has regular routing with opens at (159.940, 217.835) (160.700, 218.280)
Net picorv32_core_genblk2.pcpi_div_n_9196: dangling Wire at (159.940, 218.280) (159.940, 218.280) on layer: Metal1
Net picorv32_core_genblk2.pcpi_div_n_9196: dangling Wire at (160.700, 217.835) (160.700, 217.835) on layer: Metal1
Net picorv32_core_genblk2.pcpi_div_n_9198, Pin Pin: picorv32_core_genblk2.pcpi_div_g7576/Y; Direction: OUTPUT; Use: SIGNAL;: has an unconnected terminal at (154.850, 217.540) (154.930, 218.460)
Net picorv32_core_genblk2.pcpi_div_n_9198, Pin Pin: picorv32_core_genblk2.pcpi_div_g7573/D; Direction: INPUT; Use: SIGNAL;: has an unconnected terminal at (152.480, 219.750) (152.560, 220.045)
Net picorv32_core_genblk2.pcpi_div_n_9198: has regular routing with opens at (151.760, 218.405) (155.130, 219.925)
Net picorv32_core_genblk2.pcpi_div_n_9198: dangling Wire at (155.130, 218.460) (155.130, 218.460) on layer: Metal1
Net picorv32_core_genblk2.pcpi_div_n_9198: dangling Wire at (151.760, 219.885) (151.760, 219.885) on layer: Metal1
Net picorv32_core_genblk2.pcpi_div_n_14912, Pin Pin: picorv32_core_genblk2.pcpi_div_g14526/Y; Direction: OUTPUT; Use: SIGNAL;: has an unconnected terminal at (211.455, 104.540) (211.755, 105.635)
Net picorv32_core_genblk2.pcpi_div_n_14912: has regular routing with opens at (210.695, 104.750) (212.355, 105.635)
Net picorv32_core_genblk2.pcpi_div_n_14912: dangling Wire at (212.355, 105.635) (212.355, 105.635) on layer: Metal1
Net picorv32_core_genblk2.pcpi_div_n_14941, Pin Pin: picorv32_core_genblk2.pcpi_div_g14526/A0; Direction: INPUT; Use: SIGNAL;: has an unconnected terminal at (211.060, 104.860) (211.180, 105.075)
Net picorv32_core_genblk2.pcpi_div_n_14941: has regular routing with opens at (199.300, 96.705) (214.165, 134.695)
Net picorv32_core_genblk2.pcpi_div_n_14941: dangling Wire at (211.700, 104.975) (211.700, 104.975) on layer: Metal1
Net picorv32_core_genblk2.pcpi_div_n_15254, Pin Pin: picorv32_core_genblk2.pcpi_div_g14526/B1; Direction: INPUT; Use: SIGNAL;: has an unconnected terminal at (211.590, 104.995) (211.740, 105.240)
Net picorv32_core_genblk2.pcpi_div_n_15254: has regular routing with opens at (198.700, 96.540) (214.900, 134.405)
Net picorv32_core_genblk2.pcpi_div_n_15254: dangling Wire at (212.340, 105.240) (212.340, 105.240) on layer: Metal1
Net picorv32_core_instr_rdinstr, Pin Pin: picorv32_core_instr_rdinstr_reg/Q; Direction: OUTPUT; Use: SIGNAL;: has an unconnected terminal at (124.460, 210.865) (124.580, 211.420)
Net picorv32_core_instr_rdinstr: has regular routing with opens at (111.900, 198.960) (124.950, 211.420)
Net picorv32_core_instr_rdinstr: dangling Wire at (124.180, 211.420) (124.180, 211.420) on layer: Metal1
Net picorv32_core_instr_srli, Pin Pin: picorv32_core_instr_srli_reg/Q; Direction: OUTPUT; Use: SIGNAL;: has an unconnected terminal at (175.860, 209.240) (175.980, 209.795)
Net picorv32_core_instr_srli: has regular routing with opens at (174.220, 200.545) (176.540, 209.285)
Net picorv32_core_instr_srli: dangling Wire at (175.180, 209.240) (175.180, 209.240) on layer: Metal1
Net picorv32_core_is_alu_reg_reg, Pin Pin: picorv32_core_is_alu_reg_reg_reg/Q; Direction: OUTPUT; Use: SIGNAL;: has an unconnected terminal at (168.660, 209.240) (168.780, 209.795)
Net picorv32_core_is_alu_reg_reg: has regular routing with opens at (169.380, 205.610) (178.940, 209.660)
Net picorv32_core_is_alu_reg_reg: dangling Wire at (169.380, 209.240) (169.380, 209.240) on layer: Metal1
Net picorv32_core_n_114025, Pin Pin: picorv32_core_g88393__6131/Y; Direction: OUTPUT; Use: SIGNAL;: has an unconnected terminal at (157.260, 217.550) (158.040, 218.650)
Net picorv32_core_n_114025: has regular routing with opens at (156.275, 211.060) (158.300, 218.650)
Net picorv32_core_n_114025: dangling Wire at (158.240, 218.650) (158.240, 218.650) on layer: Metal1
Net picorv32_core_n_114149, Pin Pin: picorv32_core_g88393__6131/C; Direction: INPUT; Use: SIGNAL;: has an unconnected terminal at (157.660, 217.780) (157.750, 218.270)
Net picorv32_core_n_114149: has regular routing with opens at (148.260, 217.550) (157.950, 218.595)
Net picorv32_core_n_114149: dangling Wire at (157.950, 218.270) (157.950, 218.270) on layer: Metal1
Net picorv32_core_n_114150, Pin Pin: picorv32_core_g88393__6131/D; Direction: INPUT; Use: SIGNAL;: has an unconnected terminal at (157.460, 217.770) (157.540, 218.270)
Net picorv32_core_n_114150: has regular routing with opens at (157.700, 217.835) (161.225, 220.210)
Net picorv32_core_n_114150: dangling Wire at (157.700, 217.835) (157.700, 217.835) on layer: Metal1
Net picorv32_core_n_192019, Pin Pin: picorv32_core_instr_rdinstr_reg/D; Direction: INPUT; Use: SIGNAL;: has an unconnected terminal at (125.775, 211.115) (126.170, 211.300)
Net picorv32_core_n_192019: has regular routing with opens at (125.770, 207.260) (126.540, 211.265)
Net picorv32_core_n_192019: dangling Wire at (125.770, 211.265) (125.770, 211.265) on layer: Metal1
Net picorv32_core_n_193788, Pin Pin: picorv32_core_is_alu_reg_reg_reg/D; Direction: INPUT; Use: SIGNAL;: has an unconnected terminal at (169.975, 209.360) (170.370, 209.545)
Net picorv32_core_n_193788: has regular routing with opens at (165.075, 209.040) (170.970, 209.980)
Net picorv32_core_n_193788: dangling Wire at (170.970, 209.395) (170.970, 209.395) on layer: Metal1
Net picorv32_core_n_195028, Pin Pin: picorv32_core_instr_srli_reg/D; Direction: INPUT; Use: SIGNAL;: has an unconnected terminal at (177.175, 209.360) (177.570, 209.545)
Net picorv32_core_n_195028: has regular routing with opens at (175.520, 207.150) (176.770, 209.475)
Net picorv32_core_n_195028: dangling Wire at (176.770, 209.395) (176.770, 209.395) on layer: Metal1
Net picorv32_core_n_195228, Pin Pin: picorv32_core_g193942/Y; Direction: OUTPUT; Use: SIGNAL;: has an unconnected terminal at (178.450, 209.000) (178.540, 210.005)
Net picorv32_core_n_195228: has regular routing with opens at (177.940, 209.430) (179.765, 211.440)
Net picorv32_core_n_195228: dangling Wire at (177.940, 209.575) (177.940, 209.575) on layer: Metal1
Net picorv32_core_n_196930, Pin Pin: picorv32_core_g193942/A; Direction: INPUT; Use: SIGNAL;: has an unconnected terminal at (178.140, 209.220) (178.365, 209.550)
Net picorv32_core_n_196930: has regular routing with opens at (177.450, 207.235) (178.140, 211.220)
Net picorv32_core_n_196930: dangling Wire at (177.765, 209.220) (177.765, 209.220) on layer: Metal1
Net picorv32_core_n_197521, Pin Pin: picorv32_core_is_alu_reg_reg_reg/E; Direction: INPUT; Use: SIGNAL;: has an unconnected terminal at (169.435, 209.425) (170.365, 210.025)
Net picorv32_core_n_197521: has regular routing with opens at (84.245, 169.595) (171.165, 209.665)
Net picorv32_core_n_197521: dangling Wire at (170.965, 209.615) (170.965, 209.615) on layer: Metal1
Net picorv32_core_n_198739, Pin Pin: picorv32_core_g195447/Y; Direction: OUTPUT; Use: SIGNAL;: has an unconnected terminal at (126.525, 210.710) (126.720, 211.645)
Net picorv32_core_n_198739: has regular routing with opens at (126.320, 204.155) (129.195, 211.645)
Net picorv32_core_n_198739: dangling Wire at (126.320, 211.645) (126.320, 211.645) on layer: Metal1
Net picorv32_core_n_200023, Pin Pin: picorv32_core_mem_rdata_q_reg[8]/QN; Direction: OUTPUT; Use: SIGNAL;: has an unconnected terminal at (118.460, 210.835) (118.615, 211.685)
Net picorv32_core_n_200023: has regular routing with opens at (120.015, 197.125) (124.540, 210.895)
Net picorv32_core_n_200023: dangling Wire at (120.015, 210.895) (120.015, 210.895) on layer: Metal1
Net picorv32_core_n_201281, Pin Pin: mem_rdata_reg[23]/QN; Direction: OUTPUT; Use: SIGNAL;: has an unconnected terminal at (113.060, 210.835) (113.215, 211.685)
Net picorv32_core_n_201281: has regular routing with opens at (103.650, 200.480) (113.815, 210.895)
Net picorv32_core_n_201281: dangling Wire at (113.815, 210.895) (113.815, 210.895) on layer: Metal1
Net picorv32_core_n_201692, Pin Pin: picorv32_core_mem_rdata_q_reg[8]/E; Direction: INPUT; Use: SIGNAL;: has an unconnected terminal at (116.545, 210.995) (117.765, 211.815)
Net picorv32_core_n_201692, Pin Pin: picorv32_core_mem_rdata_q_reg[18]/E; Direction: INPUT; Use: SIGNAL;: has an unconnected terminal at (107.235, 210.635) (108.165, 211.235)
Net picorv32_core_n_201692, Pin Pin: picorv32_core_mem_rdata_q_reg[15]/E; Direction: INPUT; Use: SIGNAL;: has an unconnected terminal at (131.035, 210.635) (131.965, 211.235)
Net picorv32_core_n_201692, Pin Pin: picorv32_core_mem_rdata_q_reg[0]/E; Direction: INPUT; Use: SIGNAL;: has an unconnected terminal at (153.435, 217.475) (154.365, 218.075)
Net picorv32_core_n_201692: has regular routing with opens at (94.945, 178.440) (181.155, 217.885)
Net picorv32_core_n_201692: dangling Wire at (154.565, 217.885) (154.565, 217.885) on layer: Metal1
Net picorv32_core_n_201692: dangling Wire at (131.565, 211.045) (131.565, 211.045) on layer: Metal1
Net picorv32_core_n_201692: dangling Wire at (119.165, 211.225) (119.165, 211.225) on layer: Metal1
Net picorv32_core_n_201692: dangling Wire at (108.565, 211.045) (108.565, 211.045) on layer: Metal1
Net picorv32_core_n_201694, Pin Pin: picorv32_core_instr_srli_reg/E; Direction: INPUT; Use: SIGNAL;: has an unconnected terminal at (176.635, 209.425) (177.565, 210.025)
Net picorv32_core_n_201694: has regular routing with opens at (169.060, 175.225) (189.965, 216.865)
Net picorv32_core_n_201694: dangling Wire at (176.765, 209.615) (176.765, 209.615) on layer: Metal1
Net VDD, Pin Pin: vdd; Direction: INOUT; Use: SIGNAL;: has an unconnected terminal at (12.000, 110.000) (16.000, 114.000)
Net VDD, Pin Pin: picorv32_core_reg_op2_reg[3]/RN; Direction: INPUT; Use: SIGNAL;: has an unconnected terminal at (161.355, 178.655) (161.605, 178.775)
Net VDD: has special routes with opens at (0.000, -0.060) (221.200, 220.590)
Net VDD: dangling Wire at (221.200, 0.000) (221.200, 0.000) on layer: Metal1
Net VDD: dangling Wire at (221.200, 3.420) (221.200, 3.420) on layer: Metal1
Net VDD: dangling Wire at (221.200, 6.840) (221.200, 6.840) on layer: Metal1
Net VDD: dangling Wire at (221.200, 10.260) (221.200, 10.260) on layer: Metal1
Net VDD: dangling Wire at (221.200, 13.680) (221.200, 13.680) on layer: Metal1
Net VDD: dangling Wire at (221.200, 17.100) (221.200, 17.100) on layer: Metal1
Net VDD: dangling Wire at (221.200, 20.520) (221.200, 20.520) on layer: Metal1
Net VDD: dangling Wire at (221.200, 23.940) (221.200, 23.940) on layer: Metal1

Begin Summary
    395 Problem(s) (IMPVFC-96): Terminal(s) are not connected.
    1 Problem(s) (IMPVFC-200): Special Wires: Pieces of the net are not connected together.
    203 Problem(s) (IMPVFC-92): Pieces of the net are not connected together.
    401 Problem(s) (IMPVFC-94): The net has dangling wire(s).
    1000 total info(s) created.
End Summary
