###############################################################
#  Generated by:      Cadence Innovus 21.35-s114_1
#  OS:                Linux x86_64(Host ID cn99.it.auth.gr)
#  Generated on:      Sat Nov 29 12:55:10 2025
#  Design:            picorv32_wb
#  Command:           report_timing -path_group reg2reg -check_type setup -max_paths 50 > reports/preCTS/setup_reg2reg.rpt
###############################################################
Path 1: MET Setup Check with Pin picorv32_core_genblk1.pcpi_mul_rd_reg[63]/CK 
Endpoint:   picorv32_core_genblk1.pcpi_mul_rd_reg[63]/D  (^) checked with  
leading edge of 'clk'
Beginpoint: picorv32_core_genblk1.pcpi_mul_rs2_reg[1]/QN (^) triggered by  
leading edge of 'clk'
Path Groups: {reg2reg}
Analysis View: analysis1
Other End Arrival Time          0.000
- Setup                         0.052
+ Phase Shift                   4.000
- Uncertainty                   0.020
= Required Time                 3.928
- Arrival Time                  3.835
= Slack Time                    0.094
     Clock Rise Edge                 0.000
     + Clock Network Latency (Ideal) 0.000
     = Beginpoint Arrival Time       0.000
     +------------------------------------------------------------------------------------------------------------+ 
     |                      Instance                      |     Arc      |   Cell    | Delay | Arrival | Required | 
     |                                                    |              |           |       |  Time   |   Time   | 
     |----------------------------------------------------+--------------+-----------+-------+---------+----------| 
     | picorv32_core_genblk1.pcpi_mul_rs2_reg[1]          | CK ^         |           |       |   0.000 |    0.094 | 
     | picorv32_core_genblk1.pcpi_mul_rs2_reg[1]          | CK ^ -> QN ^ | EDFFX2    | 0.179 |   0.179 |    0.272 | 
     | g175521                                            | A1 ^ -> Y ^  | OA22X2    | 0.203 |   0.381 |    0.475 | 
     | picorv32_core_genblk1.pcpi_mul_mul_2371_47_g13589  | A ^ -> Y ^   | AND2X1    | 0.134 |   0.516 |    0.609 | 
     | picorv32_core_genblk1.pcpi_mul_mul_2371_47_g13550  | A ^ -> Y v   | INVX2     | 0.114 |   0.630 |    0.724 | 
     | picorv32_core_genblk1.pcpi_mul_mul_2371_47_g13479  | A1 v -> Y ^  | OAI22X1   | 0.120 |   0.750 |    0.844 | 
     | picorv32_core_genblk1.pcpi_mul_mul_2371_47_cdnfadd | B ^ -> S v   | ADDFX1    | 0.197 |   0.947 |    1.041 | 
     | _004_0                                             |              |           |       |         |          | 
     | picorv32_core_genblk1.pcpi_mul_mul_2371_47_g12959  | B v -> Y ^   | NOR2X1    | 0.044 |   0.991 |    1.084 | 
     | picorv32_core_genblk1.pcpi_mul_mul_2371_47_g12953  | A0 ^ -> Y v  | OAI21X1   | 0.066 |   1.057 |    1.151 | 
     | picorv32_core_genblk1.pcpi_mul_mul_2371_47_g12949  | A v -> Y ^   | INVX1     | 0.033 |   1.090 |    1.184 | 
     | picorv32_core_genblk1.pcpi_mul_mul_2371_47_g12948  | A1 ^ -> Y v  | OAI21X1   | 0.049 |   1.140 |    1.233 | 
     | picorv32_core_genblk1.pcpi_mul_mul_2371_47_g12935  | CI v -> CO v | ADDFX1    | 0.113 |   1.252 |    1.346 | 
     | picorv32_core_genblk1.pcpi_mul_mul_2371_47_g14505  | AN v -> Y v  | NOR2BX1   | 0.045 |   1.297 |    1.391 | 
     | picorv32_core_genblk1.pcpi_mul_mul_2371_47_g12932  | B v -> Y ^   | NOR2X1    | 0.039 |   1.337 |    1.430 | 
     | picorv32_core_genblk1.pcpi_mul_mul_2371_47_g12910  | B ^ -> Y v   | NOR2X1    | 0.038 |   1.374 |    1.468 | 
     | picorv32_core_genblk1.pcpi_mul_mul_2371_47_g12906  | A1 v -> Y ^  | AOI21X1   | 0.050 |   1.424 |    1.517 | 
     | picorv32_core_genblk1.pcpi_mul_mul_2371_47_g14478  | A1N ^ -> Y ^ | AOI2BB1X1 | 0.075 |   1.498 |    1.592 | 
     | picorv32_core_genblk1.pcpi_mul_mul_2371_47_g12892  | A1 ^ -> Y v  | OAI21X1   | 0.068 |   1.567 |    1.660 | 
     | picorv32_core_genblk1.pcpi_mul_mul_2371_47_g12857  | B v -> Y ^   | NAND2X1   | 0.043 |   1.610 |    1.703 | 
     | picorv32_core_genblk1.pcpi_mul_mul_2371_47_g12852  | B ^ -> Y v   | NOR2X1    | 0.028 |   1.638 |    1.732 | 
     | picorv32_core_genblk1.pcpi_mul_mul_2371_47_g12843  | A1 v -> Y ^  | OAI21X1   | 0.044 |   1.683 |    1.776 | 
     | picorv32_core_genblk1.pcpi_mul_mul_2371_47_g12833  | A1 ^ -> Y v  | AOI21X1   | 0.061 |   1.744 |    1.838 | 
     | picorv32_core_genblk1.pcpi_mul_mul_2371_47_g12818  | B v -> Y ^   | NOR2X1    | 0.077 |   1.821 |    1.915 | 
     | picorv32_core_genblk1.pcpi_mul_mul_2371_47_g12780  | B ^ -> Y v   | NOR2X1    | 0.055 |   1.876 |    1.970 | 
     | picorv32_core_genblk1.pcpi_mul_mul_2371_47_g12775  | B v -> Y ^   | NOR2X1    | 0.068 |   1.944 |    2.038 | 
     | picorv32_core_genblk1.pcpi_mul_mul_2371_47_g12693  | B ^ -> Y v   | NOR2X1    | 0.056 |   2.001 |    2.094 | 
     | picorv32_core_genblk1.pcpi_mul_mul_2371_47_g12660  | C v -> Y ^   | NOR3X1    | 0.063 |   2.064 |    2.158 | 
     | picorv32_core_genblk1.pcpi_mul_mul_2371_47_g14491  | AN ^ -> Y ^  | NAND2BX1  | 0.068 |   2.132 |    2.226 | 
     | picorv32_core_genblk1.pcpi_mul_mul_2371_47_g12651  | B ^ -> Y v   | NOR2X1    | 0.027 |   2.159 |    2.253 | 
     | picorv32_core_genblk1.pcpi_mul_mul_2371_47_g12640  | A1 v -> Y ^  | OAI21X1   | 0.045 |   2.204 |    2.297 | 
     | picorv32_core_genblk1.pcpi_mul_mul_2371_47_g12630  | B ^ -> Y v   | NAND2X1   | 0.048 |   2.252 |    2.345 | 
     | picorv32_core_genblk1.pcpi_mul_mul_2371_47_g12614  | A1 v -> Y ^  | AOI21X1   | 0.057 |   2.309 |    2.402 | 
     | picorv32_core_genblk1.pcpi_mul_mul_2371_47_g12611  | B ^ -> Y v   | NOR2X1    | 0.039 |   2.348 |    2.442 | 
     | picorv32_core_genblk1.pcpi_mul_mul_2371_47_g12608  | B v -> Y v   | AND2X1    | 0.050 |   2.398 |    2.492 | 
     | picorv32_core_genblk1.pcpi_mul_mul_2371_47_g12603  | A1 v -> Y ^  | OAI21X1   | 0.040 |   2.438 |    2.532 | 
     | picorv32_core_genblk1.pcpi_mul_mul_2371_47_g12599  | A1 ^ -> Y v  | AOI21X1   | 0.059 |   2.497 |    2.591 | 
     | picorv32_core_genblk1.pcpi_mul_mul_2371_47_g12597  | B v -> Y ^   | NOR2X1    | 0.135 |   2.632 |    2.726 | 
     | g175524                                            | C ^ -> Y v   | NOR3BX1   | 0.107 |   2.740 |    2.833 | 
     | g175523                                            | A v -> Y ^   | NOR2X1    | 0.082 |   2.822 |    2.915 | 
     | g175514                                            | A1N ^ -> Y ^ | AOI2BB1X1 | 0.104 |   2.925 |    3.019 | 
     | picorv32_core_genblk1.pcpi_mul_mul_2371_47_g12566  | A2 ^ -> Y v  | OAI31X1   | 0.093 |   3.019 |    3.112 | 
     | picorv32_core_genblk1.pcpi_mul_mul_2371_47_g12560  | B v -> Y ^   | NAND2X1   | 0.065 |   3.084 |    3.178 | 
     | picorv32_core_genblk1.pcpi_mul_mul_2371_47_g12556  | B ^ -> Y v   | NOR2X1    | 0.035 |   3.119 |    3.212 | 
     | picorv32_core_genblk1.pcpi_mul_mul_2371_47_g12553  | B v -> Y ^   | NOR2X1    | 0.082 |   3.201 |    3.294 | 
     | picorv32_core_genblk1.pcpi_mul_mul_2371_47_g12550  | B ^ -> Y v   | NOR2X1    | 0.070 |   3.271 |    3.365 | 
     | picorv32_core_genblk1.pcpi_mul_mul_2371_47_g12544  | A1 v -> Y ^  | AOI21X1   | 0.056 |   3.327 |    3.421 | 
     | g175513                                            | A1N ^ -> Y ^ | AOI2BB1X1 | 0.075 |   3.402 |    3.496 | 
     | picorv32_core_genblk1.pcpi_mul_mul_2371_47_g12532  | B ^ -> Y v   | NOR2X1    | 0.037 |   3.440 |    3.533 | 
     | picorv32_core_genblk1.pcpi_mul_mul_2371_47_g12530  | B v -> Y ^   | NOR2X1    | 0.043 |   3.483 |    3.577 | 
     | picorv32_core_genblk1.pcpi_mul_mul_2371_47_g12527  | B ^ -> Y v   | NOR2X1    | 0.039 |   3.522 |    3.615 | 
     | picorv32_core_genblk1.pcpi_mul_mul_2371_47_g12525  | B v -> Y ^   | NOR2X1    | 0.044 |   3.565 |    3.659 | 
     | picorv32_core_genblk1.pcpi_mul_mul_2371_47_g12523  | B ^ -> Y v   | NOR2X1    | 0.035 |   3.601 |    3.694 | 
     | picorv32_core_genblk1.pcpi_mul_mul_2371_47_g12521  | B v -> Y ^   | NOR2X1    | 0.035 |   3.635 |    3.729 | 
     | g175512                                            | A1N ^ -> Y ^ | AOI2BB1X1 | 0.067 |   3.702 |    3.796 | 
     | picorv32_core_genblk1.pcpi_mul_mul_2371_47_g12514  | A1 ^ -> Y v  | OAI21X1   | 0.054 |   3.756 |    3.850 | 
     | picorv32_core_genblk1.pcpi_mul_mul_2371_47_g12513  | B v -> Y ^   | CLKXOR2X1 | 0.078 |   3.835 |    3.928 | 
     | picorv32_core_genblk1.pcpi_mul_rd_reg[63]          | D ^          | DFFHQX1   | 0.000 |   3.835 |    3.928 | 
     +------------------------------------------------------------------------------------------------------------+ 
Path 2: MET Setup Check with Pin picorv32_core_genblk1.pcpi_mul_rd_reg[62]/CK 
Endpoint:   picorv32_core_genblk1.pcpi_mul_rd_reg[62]/D  (^) checked with  
leading edge of 'clk'
Beginpoint: picorv32_core_genblk1.pcpi_mul_rs2_reg[1]/QN (^) triggered by  
leading edge of 'clk'
Path Groups: {reg2reg}
Analysis View: analysis1
Other End Arrival Time          0.000
- Setup                         0.051
+ Phase Shift                   4.000
- Uncertainty                   0.020
= Required Time                 3.929
- Arrival Time                  3.778
= Slack Time                    0.152
     Clock Rise Edge                 0.000
     + Clock Network Latency (Ideal) 0.000
     = Beginpoint Arrival Time       0.000
     +------------------------------------------------------------------------------------------------------------+ 
     |                      Instance                      |     Arc      |   Cell    | Delay | Arrival | Required | 
     |                                                    |              |           |       |  Time   |   Time   | 
     |----------------------------------------------------+--------------+-----------+-------+---------+----------| 
     | picorv32_core_genblk1.pcpi_mul_rs2_reg[1]          | CK ^         |           |       |   0.000 |    0.152 | 
     | picorv32_core_genblk1.pcpi_mul_rs2_reg[1]          | CK ^ -> QN ^ | EDFFX2    | 0.179 |   0.179 |    0.330 | 
     | g175521                                            | A1 ^ -> Y ^  | OA22X2    | 0.203 |   0.381 |    0.533 | 
     | picorv32_core_genblk1.pcpi_mul_mul_2371_47_g13589  | A ^ -> Y ^   | AND2X1    | 0.134 |   0.516 |    0.667 | 
     | picorv32_core_genblk1.pcpi_mul_mul_2371_47_g13550  | A ^ -> Y v   | INVX2     | 0.114 |   0.630 |    0.782 | 
     | picorv32_core_genblk1.pcpi_mul_mul_2371_47_g13479  | A1 v -> Y ^  | OAI22X1   | 0.120 |   0.750 |    0.902 | 
     | picorv32_core_genblk1.pcpi_mul_mul_2371_47_cdnfadd | B ^ -> S v   | ADDFX1    | 0.197 |   0.947 |    1.099 | 
     | _004_0                                             |              |           |       |         |          | 
     | picorv32_core_genblk1.pcpi_mul_mul_2371_47_g12959  | B v -> Y ^   | NOR2X1    | 0.044 |   0.991 |    1.142 | 
     | picorv32_core_genblk1.pcpi_mul_mul_2371_47_g12953  | A0 ^ -> Y v  | OAI21X1   | 0.066 |   1.057 |    1.209 | 
     | picorv32_core_genblk1.pcpi_mul_mul_2371_47_g12949  | A v -> Y ^   | INVX1     | 0.033 |   1.090 |    1.242 | 
     | picorv32_core_genblk1.pcpi_mul_mul_2371_47_g12948  | A1 ^ -> Y v  | OAI21X1   | 0.049 |   1.140 |    1.291 | 
     | picorv32_core_genblk1.pcpi_mul_mul_2371_47_g12935  | CI v -> CO v | ADDFX1    | 0.113 |   1.252 |    1.404 | 
     | picorv32_core_genblk1.pcpi_mul_mul_2371_47_g14505  | AN v -> Y v  | NOR2BX1   | 0.045 |   1.297 |    1.449 | 
     | picorv32_core_genblk1.pcpi_mul_mul_2371_47_g12932  | B v -> Y ^   | NOR2X1    | 0.039 |   1.337 |    1.488 | 
     | picorv32_core_genblk1.pcpi_mul_mul_2371_47_g12910  | B ^ -> Y v   | NOR2X1    | 0.038 |   1.374 |    1.526 | 
     | picorv32_core_genblk1.pcpi_mul_mul_2371_47_g12906  | A1 v -> Y ^  | AOI21X1   | 0.050 |   1.424 |    1.575 | 
     | picorv32_core_genblk1.pcpi_mul_mul_2371_47_g14478  | A1N ^ -> Y ^ | AOI2BB1X1 | 0.075 |   1.498 |    1.650 | 
     | picorv32_core_genblk1.pcpi_mul_mul_2371_47_g12892  | A1 ^ -> Y v  | OAI21X1   | 0.068 |   1.567 |    1.718 | 
     | picorv32_core_genblk1.pcpi_mul_mul_2371_47_g12857  | B v -> Y ^   | NAND2X1   | 0.043 |   1.610 |    1.761 | 
     | picorv32_core_genblk1.pcpi_mul_mul_2371_47_g12852  | B ^ -> Y v   | NOR2X1    | 0.028 |   1.638 |    1.790 | 
     | picorv32_core_genblk1.pcpi_mul_mul_2371_47_g12843  | A1 v -> Y ^  | OAI21X1   | 0.044 |   1.683 |    1.834 | 
     | picorv32_core_genblk1.pcpi_mul_mul_2371_47_g12833  | A1 ^ -> Y v  | AOI21X1   | 0.061 |   1.744 |    1.896 | 
     | picorv32_core_genblk1.pcpi_mul_mul_2371_47_g12818  | B v -> Y ^   | NOR2X1    | 0.077 |   1.821 |    1.973 | 
     | picorv32_core_genblk1.pcpi_mul_mul_2371_47_g12780  | B ^ -> Y v   | NOR2X1    | 0.055 |   1.876 |    2.028 | 
     | picorv32_core_genblk1.pcpi_mul_mul_2371_47_g12775  | B v -> Y ^   | NOR2X1    | 0.068 |   1.944 |    2.096 | 
     | picorv32_core_genblk1.pcpi_mul_mul_2371_47_g12693  | B ^ -> Y v   | NOR2X1    | 0.056 |   2.001 |    2.152 | 
     | picorv32_core_genblk1.pcpi_mul_mul_2371_47_g12660  | C v -> Y ^   | NOR3X1    | 0.063 |   2.064 |    2.216 | 
     | picorv32_core_genblk1.pcpi_mul_mul_2371_47_g14491  | AN ^ -> Y ^  | NAND2BX1  | 0.068 |   2.132 |    2.284 | 
     | picorv32_core_genblk1.pcpi_mul_mul_2371_47_g12651  | B ^ -> Y v   | NOR2X1    | 0.027 |   2.159 |    2.311 | 
     | picorv32_core_genblk1.pcpi_mul_mul_2371_47_g12640  | A1 v -> Y ^  | OAI21X1   | 0.045 |   2.204 |    2.355 | 
     | picorv32_core_genblk1.pcpi_mul_mul_2371_47_g12630  | B ^ -> Y v   | NAND2X1   | 0.048 |   2.252 |    2.403 | 
     | picorv32_core_genblk1.pcpi_mul_mul_2371_47_g12614  | A1 v -> Y ^  | AOI21X1   | 0.057 |   2.309 |    2.460 | 
     | picorv32_core_genblk1.pcpi_mul_mul_2371_47_g12611  | B ^ -> Y v   | NOR2X1    | 0.039 |   2.348 |    2.500 | 
     | picorv32_core_genblk1.pcpi_mul_mul_2371_47_g12608  | B v -> Y v   | AND2X1    | 0.050 |   2.398 |    2.550 | 
     | picorv32_core_genblk1.pcpi_mul_mul_2371_47_g12603  | A1 v -> Y ^  | OAI21X1   | 0.040 |   2.438 |    2.590 | 
     | picorv32_core_genblk1.pcpi_mul_mul_2371_47_g12599  | A1 ^ -> Y v  | AOI21X1   | 0.059 |   2.497 |    2.649 | 
     | picorv32_core_genblk1.pcpi_mul_mul_2371_47_g12597  | B v -> Y ^   | NOR2X1    | 0.135 |   2.632 |    2.784 | 
     | g175524                                            | C ^ -> Y v   | NOR3BX1   | 0.107 |   2.740 |    2.891 | 
     | g175523                                            | A v -> Y ^   | NOR2X1    | 0.082 |   2.822 |    2.973 | 
     | g175514                                            | A1N ^ -> Y ^ | AOI2BB1X1 | 0.104 |   2.925 |    3.077 | 
     | picorv32_core_genblk1.pcpi_mul_mul_2371_47_g12566  | A2 ^ -> Y v  | OAI31X1   | 0.093 |   3.019 |    3.170 | 
     | picorv32_core_genblk1.pcpi_mul_mul_2371_47_g12560  | B v -> Y ^   | NAND2X1   | 0.065 |   3.084 |    3.236 | 
     | picorv32_core_genblk1.pcpi_mul_mul_2371_47_g12556  | B ^ -> Y v   | NOR2X1    | 0.035 |   3.119 |    3.270 | 
     | picorv32_core_genblk1.pcpi_mul_mul_2371_47_g12553  | B v -> Y ^   | NOR2X1    | 0.082 |   3.201 |    3.352 | 
     | picorv32_core_genblk1.pcpi_mul_mul_2371_47_g12550  | B ^ -> Y v   | NOR2X1    | 0.070 |   3.271 |    3.423 | 
     | picorv32_core_genblk1.pcpi_mul_mul_2371_47_g12544  | A1 v -> Y ^  | AOI21X1   | 0.056 |   3.327 |    3.479 | 
     | g175513                                            | A1N ^ -> Y ^ | AOI2BB1X1 | 0.075 |   3.402 |    3.554 | 
     | picorv32_core_genblk1.pcpi_mul_mul_2371_47_g12532  | B ^ -> Y v   | NOR2X1    | 0.037 |   3.440 |    3.591 | 
     | picorv32_core_genblk1.pcpi_mul_mul_2371_47_g12530  | B v -> Y ^   | NOR2X1    | 0.043 |   3.483 |    3.635 | 
     | picorv32_core_genblk1.pcpi_mul_mul_2371_47_g12527  | B ^ -> Y v   | NOR2X1    | 0.039 |   3.522 |    3.673 | 
     | picorv32_core_genblk1.pcpi_mul_mul_2371_47_g12525  | B v -> Y ^   | NOR2X1    | 0.044 |   3.565 |    3.717 | 
     | picorv32_core_genblk1.pcpi_mul_mul_2371_47_g12523  | B ^ -> Y v   | NOR2X1    | 0.035 |   3.601 |    3.752 | 
     | picorv32_core_genblk1.pcpi_mul_mul_2371_47_g12521  | B v -> Y ^   | NOR2X1    | 0.035 |   3.635 |    3.787 | 
     | g175512                                            | A1N ^ -> Y ^ | AOI2BB1X1 | 0.067 |   3.702 |    3.854 | 
     | picorv32_core_genblk1.pcpi_mul_mul_2371_47_g14484  | B ^ -> Y ^   | XNOR2X1   | 0.076 |   3.778 |    3.929 | 
     | picorv32_core_genblk1.pcpi_mul_rd_reg[62]          | D ^          | DFFHQX1   | 0.000 |   3.778 |    3.929 | 
     +------------------------------------------------------------------------------------------------------------+ 
Path 3: MET Setup Check with Pin picorv32_core_genblk1.pcpi_mul_rd_reg[61]/CK 
Endpoint:   picorv32_core_genblk1.pcpi_mul_rd_reg[61]/D  (^) checked with  
leading edge of 'clk'
Beginpoint: picorv32_core_genblk1.pcpi_mul_rs2_reg[1]/QN (^) triggered by  
leading edge of 'clk'
Path Groups: {reg2reg}
Analysis View: analysis1
Other End Arrival Time          0.000
- Setup                         0.054
+ Phase Shift                   4.000
- Uncertainty                   0.020
= Required Time                 3.926
- Arrival Time                  3.712
= Slack Time                    0.214
     Clock Rise Edge                 0.000
     + Clock Network Latency (Ideal) 0.000
     = Beginpoint Arrival Time       0.000
     +------------------------------------------------------------------------------------------------------------+ 
     |                      Instance                      |     Arc      |   Cell    | Delay | Arrival | Required | 
     |                                                    |              |           |       |  Time   |   Time   | 
     |----------------------------------------------------+--------------+-----------+-------+---------+----------| 
     | picorv32_core_genblk1.pcpi_mul_rs2_reg[1]          | CK ^         |           |       |   0.000 |    0.214 | 
     | picorv32_core_genblk1.pcpi_mul_rs2_reg[1]          | CK ^ -> QN ^ | EDFFX2    | 0.179 |   0.179 |    0.393 | 
     | g175521                                            | A1 ^ -> Y ^  | OA22X2    | 0.203 |   0.381 |    0.596 | 
     | picorv32_core_genblk1.pcpi_mul_mul_2371_47_g13589  | A ^ -> Y ^   | AND2X1    | 0.134 |   0.516 |    0.730 | 
     | picorv32_core_genblk1.pcpi_mul_mul_2371_47_g13550  | A ^ -> Y v   | INVX2     | 0.114 |   0.630 |    0.844 | 
     | picorv32_core_genblk1.pcpi_mul_mul_2371_47_g13479  | A1 v -> Y ^  | OAI22X1   | 0.120 |   0.750 |    0.964 | 
     | picorv32_core_genblk1.pcpi_mul_mul_2371_47_cdnfadd | B ^ -> S v   | ADDFX1    | 0.197 |   0.947 |    1.161 | 
     | _004_0                                             |              |           |       |         |          | 
     | picorv32_core_genblk1.pcpi_mul_mul_2371_47_g12959  | B v -> Y ^   | NOR2X1    | 0.044 |   0.991 |    1.205 | 
     | picorv32_core_genblk1.pcpi_mul_mul_2371_47_g12953  | A0 ^ -> Y v  | OAI21X1   | 0.066 |   1.057 |    1.271 | 
     | picorv32_core_genblk1.pcpi_mul_mul_2371_47_g12949  | A v -> Y ^   | INVX1     | 0.033 |   1.090 |    1.305 | 
     | picorv32_core_genblk1.pcpi_mul_mul_2371_47_g12948  | A1 ^ -> Y v  | OAI21X1   | 0.049 |   1.140 |    1.354 | 
     | picorv32_core_genblk1.pcpi_mul_mul_2371_47_g12935  | CI v -> CO v | ADDFX1    | 0.113 |   1.252 |    1.466 | 
     | picorv32_core_genblk1.pcpi_mul_mul_2371_47_g14505  | AN v -> Y v  | NOR2BX1   | 0.045 |   1.297 |    1.512 | 
     | picorv32_core_genblk1.pcpi_mul_mul_2371_47_g12932  | B v -> Y ^   | NOR2X1    | 0.039 |   1.337 |    1.551 | 
     | picorv32_core_genblk1.pcpi_mul_mul_2371_47_g12910  | B ^ -> Y v   | NOR2X1    | 0.038 |   1.374 |    1.588 | 
     | picorv32_core_genblk1.pcpi_mul_mul_2371_47_g12906  | A1 v -> Y ^  | AOI21X1   | 0.050 |   1.424 |    1.638 | 
     | picorv32_core_genblk1.pcpi_mul_mul_2371_47_g14478  | A1N ^ -> Y ^ | AOI2BB1X1 | 0.075 |   1.498 |    1.713 | 
     | picorv32_core_genblk1.pcpi_mul_mul_2371_47_g12892  | A1 ^ -> Y v  | OAI21X1   | 0.068 |   1.567 |    1.781 | 
     | picorv32_core_genblk1.pcpi_mul_mul_2371_47_g12857  | B v -> Y ^   | NAND2X1   | 0.043 |   1.610 |    1.824 | 
     | picorv32_core_genblk1.pcpi_mul_mul_2371_47_g12852  | B ^ -> Y v   | NOR2X1    | 0.028 |   1.638 |    1.852 | 
     | picorv32_core_genblk1.pcpi_mul_mul_2371_47_g12843  | A1 v -> Y ^  | OAI21X1   | 0.044 |   1.683 |    1.897 | 
     | picorv32_core_genblk1.pcpi_mul_mul_2371_47_g12833  | A1 ^ -> Y v  | AOI21X1   | 0.061 |   1.744 |    1.958 | 
     | picorv32_core_genblk1.pcpi_mul_mul_2371_47_g12818  | B v -> Y ^   | NOR2X1    | 0.077 |   1.821 |    2.036 | 
     | picorv32_core_genblk1.pcpi_mul_mul_2371_47_g12780  | B ^ -> Y v   | NOR2X1    | 0.055 |   1.876 |    2.090 | 
     | picorv32_core_genblk1.pcpi_mul_mul_2371_47_g12775  | B v -> Y ^   | NOR2X1    | 0.068 |   1.944 |    2.158 | 
     | picorv32_core_genblk1.pcpi_mul_mul_2371_47_g12693  | B ^ -> Y v   | NOR2X1    | 0.056 |   2.001 |    2.215 | 
     | picorv32_core_genblk1.pcpi_mul_mul_2371_47_g12660  | C v -> Y ^   | NOR3X1    | 0.063 |   2.064 |    2.278 | 
     | picorv32_core_genblk1.pcpi_mul_mul_2371_47_g14491  | AN ^ -> Y ^  | NAND2BX1  | 0.068 |   2.132 |    2.346 | 
     | picorv32_core_genblk1.pcpi_mul_mul_2371_47_g12651  | B ^ -> Y v   | NOR2X1    | 0.027 |   2.159 |    2.373 | 
     | picorv32_core_genblk1.pcpi_mul_mul_2371_47_g12640  | A1 v -> Y ^  | OAI21X1   | 0.045 |   2.204 |    2.418 | 
     | picorv32_core_genblk1.pcpi_mul_mul_2371_47_g12630  | B ^ -> Y v   | NAND2X1   | 0.048 |   2.252 |    2.466 | 
     | picorv32_core_genblk1.pcpi_mul_mul_2371_47_g12614  | A1 v -> Y ^  | AOI21X1   | 0.057 |   2.309 |    2.523 | 
     | picorv32_core_genblk1.pcpi_mul_mul_2371_47_g12611  | B ^ -> Y v   | NOR2X1    | 0.039 |   2.348 |    2.562 | 
     | picorv32_core_genblk1.pcpi_mul_mul_2371_47_g12608  | B v -> Y v   | AND2X1    | 0.050 |   2.398 |    2.612 | 
     | picorv32_core_genblk1.pcpi_mul_mul_2371_47_g12603  | A1 v -> Y ^  | OAI21X1   | 0.040 |   2.438 |    2.653 | 
     | picorv32_core_genblk1.pcpi_mul_mul_2371_47_g12599  | A1 ^ -> Y v  | AOI21X1   | 0.059 |   2.497 |    2.711 | 
     | picorv32_core_genblk1.pcpi_mul_mul_2371_47_g12597  | B v -> Y ^   | NOR2X1    | 0.135 |   2.632 |    2.846 | 
     | g175524                                            | C ^ -> Y v   | NOR3BX1   | 0.107 |   2.740 |    2.954 | 
     | g175523                                            | A v -> Y ^   | NOR2X1    | 0.082 |   2.822 |    3.036 | 
     | g175514                                            | A1N ^ -> Y ^ | AOI2BB1X1 | 0.104 |   2.925 |    3.139 | 
     | picorv32_core_genblk1.pcpi_mul_mul_2371_47_g12566  | A2 ^ -> Y v  | OAI31X1   | 0.093 |   3.019 |    3.233 | 
     | picorv32_core_genblk1.pcpi_mul_mul_2371_47_g12560  | B v -> Y ^   | NAND2X1   | 0.065 |   3.084 |    3.298 | 
     | picorv32_core_genblk1.pcpi_mul_mul_2371_47_g12556  | B ^ -> Y v   | NOR2X1    | 0.035 |   3.119 |    3.333 | 
     | picorv32_core_genblk1.pcpi_mul_mul_2371_47_g12553  | B v -> Y ^   | NOR2X1    | 0.082 |   3.201 |    3.415 | 
     | picorv32_core_genblk1.pcpi_mul_mul_2371_47_g12550  | B ^ -> Y v   | NOR2X1    | 0.070 |   3.271 |    3.485 | 
     | picorv32_core_genblk1.pcpi_mul_mul_2371_47_g12544  | A1 v -> Y ^  | AOI21X1   | 0.056 |   3.327 |    3.542 | 
     | g175513                                            | A1N ^ -> Y ^ | AOI2BB1X1 | 0.075 |   3.402 |    3.617 | 
     | picorv32_core_genblk1.pcpi_mul_mul_2371_47_g12532  | B ^ -> Y v   | NOR2X1    | 0.037 |   3.440 |    3.654 | 
     | picorv32_core_genblk1.pcpi_mul_mul_2371_47_g12530  | B v -> Y ^   | NOR2X1    | 0.043 |   3.483 |    3.697 | 
     | picorv32_core_genblk1.pcpi_mul_mul_2371_47_g12527  | B ^ -> Y v   | NOR2X1    | 0.039 |   3.522 |    3.736 | 
     | picorv32_core_genblk1.pcpi_mul_mul_2371_47_g12525  | B v -> Y ^   | NOR2X1    | 0.044 |   3.565 |    3.780 | 
     | picorv32_core_genblk1.pcpi_mul_mul_2371_47_g12523  | B ^ -> Y v   | NOR2X1    | 0.035 |   3.601 |    3.815 | 
     | picorv32_core_genblk1.pcpi_mul_mul_2371_47_g12521  | B v -> Y ^   | NOR2X1    | 0.035 |   3.635 |    3.849 | 
     | picorv32_core_genblk1.pcpi_mul_mul_2371_47_g14485  | B ^ -> Y ^   | XNOR2X1   | 0.077 |   3.712 |    3.926 | 
     | picorv32_core_genblk1.pcpi_mul_rd_reg[61]          | D ^          | DFFHQX1   | 0.000 |   3.712 |    3.926 | 
     +------------------------------------------------------------------------------------------------------------+ 
Path 4: MET Setup Check with Pin picorv32_core_genblk1.pcpi_mul_rd_reg[60]/CK 
Endpoint:   picorv32_core_genblk1.pcpi_mul_rd_reg[60]/D  (^) checked with  
leading edge of 'clk'
Beginpoint: picorv32_core_genblk1.pcpi_mul_rs2_reg[1]/QN (^) triggered by  
leading edge of 'clk'
Path Groups: {reg2reg}
Analysis View: analysis1
Other End Arrival Time          0.000
- Setup                         0.051
+ Phase Shift                   4.000
- Uncertainty                   0.020
= Required Time                 3.929
- Arrival Time                  3.651
= Slack Time                    0.278
     Clock Rise Edge                 0.000
     + Clock Network Latency (Ideal) 0.000
     = Beginpoint Arrival Time       0.000
     +------------------------------------------------------------------------------------------------------------+ 
     |                      Instance                      |     Arc      |   Cell    | Delay | Arrival | Required | 
     |                                                    |              |           |       |  Time   |   Time   | 
     |----------------------------------------------------+--------------+-----------+-------+---------+----------| 
     | picorv32_core_genblk1.pcpi_mul_rs2_reg[1]          | CK ^         |           |       |   0.000 |    0.278 | 
     | picorv32_core_genblk1.pcpi_mul_rs2_reg[1]          | CK ^ -> QN ^ | EDFFX2    | 0.179 |   0.179 |    0.457 | 
     | g175521                                            | A1 ^ -> Y ^  | OA22X2    | 0.203 |   0.381 |    0.660 | 
     | picorv32_core_genblk1.pcpi_mul_mul_2371_47_g13589  | A ^ -> Y ^   | AND2X1    | 0.134 |   0.516 |    0.794 | 
     | picorv32_core_genblk1.pcpi_mul_mul_2371_47_g13550  | A ^ -> Y v   | INVX2     | 0.114 |   0.630 |    0.908 | 
     | picorv32_core_genblk1.pcpi_mul_mul_2371_47_g13479  | A1 v -> Y ^  | OAI22X1   | 0.120 |   0.750 |    1.028 | 
     | picorv32_core_genblk1.pcpi_mul_mul_2371_47_cdnfadd | B ^ -> S v   | ADDFX1    | 0.197 |   0.947 |    1.225 | 
     | _004_0                                             |              |           |       |         |          | 
     | picorv32_core_genblk1.pcpi_mul_mul_2371_47_g12959  | B v -> Y ^   | NOR2X1    | 0.044 |   0.991 |    1.269 | 
     | picorv32_core_genblk1.pcpi_mul_mul_2371_47_g12953  | A0 ^ -> Y v  | OAI21X1   | 0.066 |   1.057 |    1.335 | 
     | picorv32_core_genblk1.pcpi_mul_mul_2371_47_g12949  | A v -> Y ^   | INVX1     | 0.033 |   1.090 |    1.369 | 
     | picorv32_core_genblk1.pcpi_mul_mul_2371_47_g12948  | A1 ^ -> Y v  | OAI21X1   | 0.049 |   1.140 |    1.418 | 
     | picorv32_core_genblk1.pcpi_mul_mul_2371_47_g12935  | CI v -> CO v | ADDFX1    | 0.113 |   1.252 |    1.530 | 
     | picorv32_core_genblk1.pcpi_mul_mul_2371_47_g14505  | AN v -> Y v  | NOR2BX1   | 0.045 |   1.297 |    1.576 | 
     | picorv32_core_genblk1.pcpi_mul_mul_2371_47_g12932  | B v -> Y ^   | NOR2X1    | 0.039 |   1.337 |    1.615 | 
     | picorv32_core_genblk1.pcpi_mul_mul_2371_47_g12910  | B ^ -> Y v   | NOR2X1    | 0.038 |   1.374 |    1.652 | 
     | picorv32_core_genblk1.pcpi_mul_mul_2371_47_g12906  | A1 v -> Y ^  | AOI21X1   | 0.050 |   1.424 |    1.702 | 
     | picorv32_core_genblk1.pcpi_mul_mul_2371_47_g14478  | A1N ^ -> Y ^ | AOI2BB1X1 | 0.075 |   1.498 |    1.777 | 
     | picorv32_core_genblk1.pcpi_mul_mul_2371_47_g12892  | A1 ^ -> Y v  | OAI21X1   | 0.068 |   1.567 |    1.845 | 
     | picorv32_core_genblk1.pcpi_mul_mul_2371_47_g12857  | B v -> Y ^   | NAND2X1   | 0.043 |   1.610 |    1.888 | 
     | picorv32_core_genblk1.pcpi_mul_mul_2371_47_g12852  | B ^ -> Y v   | NOR2X1    | 0.028 |   1.638 |    1.916 | 
     | picorv32_core_genblk1.pcpi_mul_mul_2371_47_g12843  | A1 v -> Y ^  | OAI21X1   | 0.044 |   1.683 |    1.961 | 
     | picorv32_core_genblk1.pcpi_mul_mul_2371_47_g12833  | A1 ^ -> Y v  | AOI21X1   | 0.061 |   1.744 |    2.022 | 
     | picorv32_core_genblk1.pcpi_mul_mul_2371_47_g12818  | B v -> Y ^   | NOR2X1    | 0.077 |   1.821 |    2.100 | 
     | picorv32_core_genblk1.pcpi_mul_mul_2371_47_g12780  | B ^ -> Y v   | NOR2X1    | 0.055 |   1.876 |    2.154 | 
     | picorv32_core_genblk1.pcpi_mul_mul_2371_47_g12775  | B v -> Y ^   | NOR2X1    | 0.068 |   1.944 |    2.222 | 
     | picorv32_core_genblk1.pcpi_mul_mul_2371_47_g12693  | B ^ -> Y v   | NOR2X1    | 0.056 |   2.001 |    2.279 | 
     | picorv32_core_genblk1.pcpi_mul_mul_2371_47_g12660  | C v -> Y ^   | NOR3X1    | 0.063 |   2.064 |    2.342 | 
     | picorv32_core_genblk1.pcpi_mul_mul_2371_47_g14491  | AN ^ -> Y ^  | NAND2BX1  | 0.068 |   2.132 |    2.410 | 
     | picorv32_core_genblk1.pcpi_mul_mul_2371_47_g12651  | B ^ -> Y v   | NOR2X1    | 0.027 |   2.159 |    2.437 | 
     | picorv32_core_genblk1.pcpi_mul_mul_2371_47_g12640  | A1 v -> Y ^  | OAI21X1   | 0.045 |   2.204 |    2.482 | 
     | picorv32_core_genblk1.pcpi_mul_mul_2371_47_g12630  | B ^ -> Y v   | NAND2X1   | 0.048 |   2.252 |    2.530 | 
     | picorv32_core_genblk1.pcpi_mul_mul_2371_47_g12614  | A1 v -> Y ^  | AOI21X1   | 0.057 |   2.309 |    2.587 | 
     | picorv32_core_genblk1.pcpi_mul_mul_2371_47_g12611  | B ^ -> Y v   | NOR2X1    | 0.039 |   2.348 |    2.626 | 
     | picorv32_core_genblk1.pcpi_mul_mul_2371_47_g12608  | B v -> Y v   | AND2X1    | 0.050 |   2.398 |    2.676 | 
     | picorv32_core_genblk1.pcpi_mul_mul_2371_47_g12603  | A1 v -> Y ^  | OAI21X1   | 0.040 |   2.438 |    2.717 | 
     | picorv32_core_genblk1.pcpi_mul_mul_2371_47_g12599  | A1 ^ -> Y v  | AOI21X1   | 0.059 |   2.497 |    2.775 | 
     | picorv32_core_genblk1.pcpi_mul_mul_2371_47_g12597  | B v -> Y ^   | NOR2X1    | 0.135 |   2.632 |    2.910 | 
     | g175524                                            | C ^ -> Y v   | NOR3BX1   | 0.107 |   2.740 |    3.018 | 
     | g175523                                            | A v -> Y ^   | NOR2X1    | 0.082 |   2.822 |    3.100 | 
     | g175514                                            | A1N ^ -> Y ^ | AOI2BB1X1 | 0.104 |   2.925 |    3.203 | 
     | picorv32_core_genblk1.pcpi_mul_mul_2371_47_g12566  | A2 ^ -> Y v  | OAI31X1   | 0.093 |   3.019 |    3.297 | 
     | picorv32_core_genblk1.pcpi_mul_mul_2371_47_g12560  | B v -> Y ^   | NAND2X1   | 0.065 |   3.084 |    3.362 | 
     | picorv32_core_genblk1.pcpi_mul_mul_2371_47_g12556  | B ^ -> Y v   | NOR2X1    | 0.035 |   3.119 |    3.397 | 
     | picorv32_core_genblk1.pcpi_mul_mul_2371_47_g12553  | B v -> Y ^   | NOR2X1    | 0.082 |   3.201 |    3.479 | 
     | picorv32_core_genblk1.pcpi_mul_mul_2371_47_g12550  | B ^ -> Y v   | NOR2X1    | 0.070 |   3.271 |    3.549 | 
     | picorv32_core_genblk1.pcpi_mul_mul_2371_47_g12544  | A1 v -> Y ^  | AOI21X1   | 0.056 |   3.327 |    3.606 | 
     | g175513                                            | A1N ^ -> Y ^ | AOI2BB1X1 | 0.075 |   3.402 |    3.681 | 
     | picorv32_core_genblk1.pcpi_mul_mul_2371_47_g12532  | B ^ -> Y v   | NOR2X1    | 0.037 |   3.440 |    3.718 | 
     | picorv32_core_genblk1.pcpi_mul_mul_2371_47_g12530  | B v -> Y ^   | NOR2X1    | 0.043 |   3.483 |    3.761 | 
     | picorv32_core_genblk1.pcpi_mul_mul_2371_47_g12527  | B ^ -> Y v   | NOR2X1    | 0.039 |   3.522 |    3.800 | 
     | picorv32_core_genblk1.pcpi_mul_mul_2371_47_g12525  | B v -> Y ^   | NOR2X1    | 0.044 |   3.565 |    3.844 | 
     | picorv32_core_genblk1.pcpi_mul_mul_2371_47_g14486  | B ^ -> Y ^   | CLKXOR2X1 | 0.085 |   3.651 |    3.929 | 
     | picorv32_core_genblk1.pcpi_mul_rd_reg[60]          | D ^          | DFFHQX1   | 0.000 |   3.651 |    3.929 | 
     +------------------------------------------------------------------------------------------------------------+ 
Path 5: MET Setup Check with Pin picorv32_core_genblk1.pcpi_mul_rd_reg[59]/CK 
Endpoint:   picorv32_core_genblk1.pcpi_mul_rd_reg[59]/D  (^) checked with  
leading edge of 'clk'
Beginpoint: picorv32_core_genblk1.pcpi_mul_rs2_reg[1]/QN (^) triggered by  
leading edge of 'clk'
Path Groups: {reg2reg}
Analysis View: analysis1
Other End Arrival Time          0.000
- Setup                         0.052
+ Phase Shift                   4.000
- Uncertainty                   0.020
= Required Time                 3.928
- Arrival Time                  3.570
= Slack Time                    0.359
     Clock Rise Edge                 0.000
     + Clock Network Latency (Ideal) 0.000
     = Beginpoint Arrival Time       0.000
     +------------------------------------------------------------------------------------------------------------+ 
     |                      Instance                      |     Arc      |   Cell    | Delay | Arrival | Required | 
     |                                                    |              |           |       |  Time   |   Time   | 
     |----------------------------------------------------+--------------+-----------+-------+---------+----------| 
     | picorv32_core_genblk1.pcpi_mul_rs2_reg[1]          | CK ^         |           |       |   0.000 |    0.359 | 
     | picorv32_core_genblk1.pcpi_mul_rs2_reg[1]          | CK ^ -> QN ^ | EDFFX2    | 0.179 |   0.179 |    0.537 | 
     | g175521                                            | A1 ^ -> Y ^  | OA22X2    | 0.203 |   0.381 |    0.740 | 
     | picorv32_core_genblk1.pcpi_mul_mul_2371_47_g13589  | A ^ -> Y ^   | AND2X1    | 0.134 |   0.516 |    0.874 | 
     | picorv32_core_genblk1.pcpi_mul_mul_2371_47_g13550  | A ^ -> Y v   | INVX2     | 0.114 |   0.630 |    0.989 | 
     | picorv32_core_genblk1.pcpi_mul_mul_2371_47_g13479  | A1 v -> Y ^  | OAI22X1   | 0.120 |   0.750 |    1.109 | 
     | picorv32_core_genblk1.pcpi_mul_mul_2371_47_cdnfadd | B ^ -> S v   | ADDFX1    | 0.197 |   0.947 |    1.306 | 
     | _004_0                                             |              |           |       |         |          | 
     | picorv32_core_genblk1.pcpi_mul_mul_2371_47_g12959  | B v -> Y ^   | NOR2X1    | 0.044 |   0.991 |    1.349 | 
     | picorv32_core_genblk1.pcpi_mul_mul_2371_47_g12953  | A0 ^ -> Y v  | OAI21X1   | 0.066 |   1.057 |    1.416 | 
     | picorv32_core_genblk1.pcpi_mul_mul_2371_47_g12949  | A v -> Y ^   | INVX1     | 0.033 |   1.090 |    1.449 | 
     | picorv32_core_genblk1.pcpi_mul_mul_2371_47_g12948  | A1 ^ -> Y v  | OAI21X1   | 0.049 |   1.140 |    1.498 | 
     | picorv32_core_genblk1.pcpi_mul_mul_2371_47_g12935  | CI v -> CO v | ADDFX1    | 0.113 |   1.252 |    1.611 | 
     | picorv32_core_genblk1.pcpi_mul_mul_2371_47_g14505  | AN v -> Y v  | NOR2BX1   | 0.045 |   1.297 |    1.656 | 
     | picorv32_core_genblk1.pcpi_mul_mul_2371_47_g12932  | B v -> Y ^   | NOR2X1    | 0.039 |   1.337 |    1.695 | 
     | picorv32_core_genblk1.pcpi_mul_mul_2371_47_g12910  | B ^ -> Y v   | NOR2X1    | 0.038 |   1.374 |    1.733 | 
     | picorv32_core_genblk1.pcpi_mul_mul_2371_47_g12906  | A1 v -> Y ^  | AOI21X1   | 0.050 |   1.424 |    1.782 | 
     | picorv32_core_genblk1.pcpi_mul_mul_2371_47_g14478  | A1N ^ -> Y ^ | AOI2BB1X1 | 0.075 |   1.498 |    1.857 | 
     | picorv32_core_genblk1.pcpi_mul_mul_2371_47_g12892  | A1 ^ -> Y v  | OAI21X1   | 0.068 |   1.567 |    1.925 | 
     | picorv32_core_genblk1.pcpi_mul_mul_2371_47_g12857  | B v -> Y ^   | NAND2X1   | 0.043 |   1.610 |    1.968 | 
     | picorv32_core_genblk1.pcpi_mul_mul_2371_47_g12852  | B ^ -> Y v   | NOR2X1    | 0.028 |   1.638 |    1.997 | 
     | picorv32_core_genblk1.pcpi_mul_mul_2371_47_g12843  | A1 v -> Y ^  | OAI21X1   | 0.044 |   1.683 |    2.041 | 
     | picorv32_core_genblk1.pcpi_mul_mul_2371_47_g12833  | A1 ^ -> Y v  | AOI21X1   | 0.061 |   1.744 |    2.103 | 
     | picorv32_core_genblk1.pcpi_mul_mul_2371_47_g12818  | B v -> Y ^   | NOR2X1    | 0.077 |   1.821 |    2.180 | 
     | picorv32_core_genblk1.pcpi_mul_mul_2371_47_g12780  | B ^ -> Y v   | NOR2X1    | 0.055 |   1.876 |    2.235 | 
     | picorv32_core_genblk1.pcpi_mul_mul_2371_47_g12775  | B v -> Y ^   | NOR2X1    | 0.068 |   1.944 |    2.303 | 
     | picorv32_core_genblk1.pcpi_mul_mul_2371_47_g12693  | B ^ -> Y v   | NOR2X1    | 0.056 |   2.001 |    2.359 | 
     | picorv32_core_genblk1.pcpi_mul_mul_2371_47_g12660  | C v -> Y ^   | NOR3X1    | 0.063 |   2.064 |    2.423 | 
     | picorv32_core_genblk1.pcpi_mul_mul_2371_47_g14491  | AN ^ -> Y ^  | NAND2BX1  | 0.068 |   2.132 |    2.491 | 
     | picorv32_core_genblk1.pcpi_mul_mul_2371_47_g12651  | B ^ -> Y v   | NOR2X1    | 0.027 |   2.159 |    2.518 | 
     | picorv32_core_genblk1.pcpi_mul_mul_2371_47_g12640  | A1 v -> Y ^  | OAI21X1   | 0.045 |   2.204 |    2.562 | 
     | picorv32_core_genblk1.pcpi_mul_mul_2371_47_g12630  | B ^ -> Y v   | NAND2X1   | 0.048 |   2.252 |    2.610 | 
     | picorv32_core_genblk1.pcpi_mul_mul_2371_47_g12614  | A1 v -> Y ^  | AOI21X1   | 0.057 |   2.309 |    2.667 | 
     | picorv32_core_genblk1.pcpi_mul_mul_2371_47_g12611  | B ^ -> Y v   | NOR2X1    | 0.039 |   2.348 |    2.707 | 
     | picorv32_core_genblk1.pcpi_mul_mul_2371_47_g12608  | B v -> Y v   | AND2X1    | 0.050 |   2.398 |    2.757 | 
     | picorv32_core_genblk1.pcpi_mul_mul_2371_47_g12603  | A1 v -> Y ^  | OAI21X1   | 0.040 |   2.438 |    2.797 | 
     | picorv32_core_genblk1.pcpi_mul_mul_2371_47_g12599  | A1 ^ -> Y v  | AOI21X1   | 0.059 |   2.497 |    2.856 | 
     | picorv32_core_genblk1.pcpi_mul_mul_2371_47_g12597  | B v -> Y ^   | NOR2X1    | 0.135 |   2.632 |    2.991 | 
     | g175524                                            | C ^ -> Y v   | NOR3BX1   | 0.107 |   2.740 |    3.098 | 
     | g175523                                            | A v -> Y ^   | NOR2X1    | 0.082 |   2.822 |    3.180 | 
     | g175514                                            | A1N ^ -> Y ^ | AOI2BB1X1 | 0.104 |   2.925 |    3.284 | 
     | picorv32_core_genblk1.pcpi_mul_mul_2371_47_g12566  | A2 ^ -> Y v  | OAI31X1   | 0.093 |   3.019 |    3.377 | 
     | picorv32_core_genblk1.pcpi_mul_mul_2371_47_g12560  | B v -> Y ^   | NAND2X1   | 0.065 |   3.084 |    3.443 | 
     | picorv32_core_genblk1.pcpi_mul_mul_2371_47_g12556  | B ^ -> Y v   | NOR2X1    | 0.035 |   3.119 |    3.477 | 
     | picorv32_core_genblk1.pcpi_mul_mul_2371_47_g12553  | B v -> Y ^   | NOR2X1    | 0.082 |   3.201 |    3.559 | 
     | picorv32_core_genblk1.pcpi_mul_mul_2371_47_g12550  | B ^ -> Y v   | NOR2X1    | 0.070 |   3.271 |    3.630 | 
     | picorv32_core_genblk1.pcpi_mul_mul_2371_47_g12544  | A1 v -> Y ^  | AOI21X1   | 0.056 |   3.327 |    3.686 | 
     | g175513                                            | A1N ^ -> Y ^ | AOI2BB1X1 | 0.075 |   3.402 |    3.761 | 
     | picorv32_core_genblk1.pcpi_mul_mul_2371_47_g12532  | B ^ -> Y v   | NOR2X1    | 0.037 |   3.440 |    3.798 | 
     | picorv32_core_genblk1.pcpi_mul_mul_2371_47_g12530  | B v -> Y ^   | NOR2X1    | 0.043 |   3.483 |    3.842 | 
     | picorv32_core_genblk1.pcpi_mul_mul_2371_47_g14487  | B ^ -> Y ^   | CLKXOR2X1 | 0.087 |   3.570 |    3.928 | 
     | picorv32_core_genblk1.pcpi_mul_rd_reg[59]          | D ^          | DFFHQX1   | 0.000 |   3.570 |    3.928 | 
     +------------------------------------------------------------------------------------------------------------+ 
Path 6: MET Setup Check with Pin picorv32_core_genblk1.pcpi_mul_rd_reg[57]/CK 
Endpoint:   picorv32_core_genblk1.pcpi_mul_rd_reg[57]/D  (^) checked with  
leading edge of 'clk'
Beginpoint: picorv32_core_genblk1.pcpi_mul_rs2_reg[1]/QN (^) triggered by  
leading edge of 'clk'
Path Groups: {reg2reg}
Analysis View: analysis1
Other End Arrival Time          0.000
- Setup                         0.059
+ Phase Shift                   4.000
- Uncertainty                   0.020
= Required Time                 3.921
- Arrival Time                  3.529
= Slack Time                    0.392
     Clock Rise Edge                 0.000
     + Clock Network Latency (Ideal) 0.000
     = Beginpoint Arrival Time       0.000
     +------------------------------------------------------------------------------------------------------------+ 
     |                      Instance                      |     Arc      |   Cell    | Delay | Arrival | Required | 
     |                                                    |              |           |       |  Time   |   Time   | 
     |----------------------------------------------------+--------------+-----------+-------+---------+----------| 
     | picorv32_core_genblk1.pcpi_mul_rs2_reg[1]          | CK ^         |           |       |   0.000 |    0.392 | 
     | picorv32_core_genblk1.pcpi_mul_rs2_reg[1]          | CK ^ -> QN ^ | EDFFX2    | 0.179 |   0.179 |    0.570 | 
     | g175521                                            | A1 ^ -> Y ^  | OA22X2    | 0.203 |   0.382 |    0.773 | 
     | picorv32_core_genblk1.pcpi_mul_mul_2371_47_g13589  | A ^ -> Y ^   | AND2X1    | 0.134 |   0.516 |    0.908 | 
     | picorv32_core_genblk1.pcpi_mul_mul_2371_47_g13550  | A ^ -> Y v   | INVX2     | 0.114 |   0.630 |    1.022 | 
     | picorv32_core_genblk1.pcpi_mul_mul_2371_47_g13479  | A1 v -> Y ^  | OAI22X1   | 0.120 |   0.750 |    1.142 | 
     | picorv32_core_genblk1.pcpi_mul_mul_2371_47_cdnfadd | B ^ -> S v   | ADDFX1    | 0.197 |   0.947 |    1.339 | 
     | _004_0                                             |              |           |       |         |          | 
     | picorv32_core_genblk1.pcpi_mul_mul_2371_47_g12959  | B v -> Y ^   | NOR2X1    | 0.044 |   0.991 |    1.383 | 
     | picorv32_core_genblk1.pcpi_mul_mul_2371_47_g12953  | A0 ^ -> Y v  | OAI21X1   | 0.066 |   1.057 |    1.449 | 
     | picorv32_core_genblk1.pcpi_mul_mul_2371_47_g12949  | A v -> Y ^   | INVX1     | 0.033 |   1.091 |    1.482 | 
     | picorv32_core_genblk1.pcpi_mul_mul_2371_47_g12948  | A1 ^ -> Y v  | OAI21X1   | 0.049 |   1.140 |    1.532 | 
     | picorv32_core_genblk1.pcpi_mul_mul_2371_47_g12935  | CI v -> CO v | ADDFX1    | 0.113 |   1.252 |    1.644 | 
     | picorv32_core_genblk1.pcpi_mul_mul_2371_47_g14505  | AN v -> Y v  | NOR2BX1   | 0.045 |   1.297 |    1.689 | 
     | picorv32_core_genblk1.pcpi_mul_mul_2371_47_g12932  | B v -> Y ^   | NOR2X1    | 0.039 |   1.337 |    1.729 | 
     | picorv32_core_genblk1.pcpi_mul_mul_2371_47_g12910  | B ^ -> Y v   | NOR2X1    | 0.038 |   1.374 |    1.766 | 
     | picorv32_core_genblk1.pcpi_mul_mul_2371_47_g12906  | A1 v -> Y ^  | AOI21X1   | 0.050 |   1.424 |    1.816 | 
     | picorv32_core_genblk1.pcpi_mul_mul_2371_47_g14478  | A1N ^ -> Y ^ | AOI2BB1X1 | 0.075 |   1.498 |    1.890 | 
     | picorv32_core_genblk1.pcpi_mul_mul_2371_47_g12892  | A1 ^ -> Y v  | OAI21X1   | 0.068 |   1.567 |    1.959 | 
     | picorv32_core_genblk1.pcpi_mul_mul_2371_47_g12857  | B v -> Y ^   | NAND2X1   | 0.043 |   1.610 |    2.002 | 
     | picorv32_core_genblk1.pcpi_mul_mul_2371_47_g12852  | B ^ -> Y v   | NOR2X1    | 0.028 |   1.638 |    2.030 | 
     | picorv32_core_genblk1.pcpi_mul_mul_2371_47_g12843  | A1 v -> Y ^  | OAI21X1   | 0.044 |   1.683 |    2.075 | 
     | picorv32_core_genblk1.pcpi_mul_mul_2371_47_g12833  | A1 ^ -> Y v  | AOI21X1   | 0.061 |   1.744 |    2.136 | 
     | picorv32_core_genblk1.pcpi_mul_mul_2371_47_g12818  | B v -> Y ^   | NOR2X1    | 0.077 |   1.821 |    2.213 | 
     | picorv32_core_genblk1.pcpi_mul_mul_2371_47_g12780  | B ^ -> Y v   | NOR2X1    | 0.055 |   1.876 |    2.268 | 
     | picorv32_core_genblk1.pcpi_mul_mul_2371_47_g12775  | B v -> Y ^   | NOR2X1    | 0.068 |   1.944 |    2.336 | 
     | picorv32_core_genblk1.pcpi_mul_mul_2371_47_g12693  | B ^ -> Y v   | NOR2X1    | 0.056 |   2.001 |    2.393 | 
     | picorv32_core_genblk1.pcpi_mul_mul_2371_47_g12660  | C v -> Y ^   | NOR3X1    | 0.063 |   2.064 |    2.456 | 
     | picorv32_core_genblk1.pcpi_mul_mul_2371_47_g14491  | AN ^ -> Y ^  | NAND2BX1  | 0.068 |   2.132 |    2.524 | 
     | picorv32_core_genblk1.pcpi_mul_mul_2371_47_g12651  | B ^ -> Y v   | NOR2X1    | 0.027 |   2.159 |    2.551 | 
     | picorv32_core_genblk1.pcpi_mul_mul_2371_47_g12640  | A1 v -> Y ^  | OAI21X1   | 0.045 |   2.204 |    2.596 | 
     | picorv32_core_genblk1.pcpi_mul_mul_2371_47_g12630  | B ^ -> Y v   | NAND2X1   | 0.048 |   2.252 |    2.644 | 
     | picorv32_core_genblk1.pcpi_mul_mul_2371_47_g12614  | A1 v -> Y ^  | AOI21X1   | 0.057 |   2.309 |    2.701 | 
     | picorv32_core_genblk1.pcpi_mul_mul_2371_47_g12611  | B ^ -> Y v   | NOR2X1    | 0.039 |   2.348 |    2.740 | 
     | picorv32_core_genblk1.pcpi_mul_mul_2371_47_g12608  | B v -> Y v   | AND2X1    | 0.050 |   2.398 |    2.790 | 
     | picorv32_core_genblk1.pcpi_mul_mul_2371_47_g12603  | A1 v -> Y ^  | OAI21X1   | 0.040 |   2.438 |    2.830 | 
     | picorv32_core_genblk1.pcpi_mul_mul_2371_47_g12599  | A1 ^ -> Y v  | AOI21X1   | 0.059 |   2.497 |    2.889 | 
     | picorv32_core_genblk1.pcpi_mul_mul_2371_47_g12597  | B v -> Y ^   | NOR2X1    | 0.135 |   2.632 |    3.024 | 
     | g175524                                            | C ^ -> Y v   | NOR3BX1   | 0.107 |   2.740 |    3.131 | 
     | g175523                                            | A v -> Y ^   | NOR2X1    | 0.082 |   2.822 |    3.213 | 
     | g175514                                            | A1N ^ -> Y ^ | AOI2BB1X1 | 0.104 |   2.925 |    3.317 | 
     | picorv32_core_genblk1.pcpi_mul_mul_2371_47_g12566  | A2 ^ -> Y v  | OAI31X1   | 0.093 |   3.019 |    3.411 | 
     | picorv32_core_genblk1.pcpi_mul_mul_2371_47_g12560  | B v -> Y ^   | NAND2X1   | 0.065 |   3.084 |    3.476 | 
     | picorv32_core_genblk1.pcpi_mul_mul_2371_47_g12556  | B ^ -> Y v   | NOR2X1    | 0.035 |   3.119 |    3.511 | 
     | picorv32_core_genblk1.pcpi_mul_mul_2371_47_g12553  | B v -> Y ^   | NOR2X1    | 0.082 |   3.201 |    3.593 | 
     | picorv32_core_genblk1.pcpi_mul_mul_2371_47_g12550  | B ^ -> Y v   | NOR2X1    | 0.070 |   3.271 |    3.663 | 
     | picorv32_core_genblk1.pcpi_mul_mul_2371_47_g12544  | A1 v -> Y ^  | AOI21X1   | 0.056 |   3.327 |    3.719 | 
     | picorv32_core_genblk1.pcpi_mul_mul_2371_47_g12543  | A ^ -> Y v   | INVX1     | 0.042 |   3.369 |    3.761 | 
     | picorv32_core_genblk1.pcpi_mul_mul_2371_47_g12534  | A1N v -> Y v | OAI2BB1X1 | 0.054 |   3.424 |    3.816 | 
     | picorv32_core_genblk1.pcpi_mul_mul_2371_47_g12529  | B v -> Y ^   | XNOR2X1   | 0.105 |   3.529 |    3.921 | 
     | picorv32_core_genblk1.pcpi_mul_rd_reg[57]          | D ^          | DFFHQX1   | 0.000 |   3.529 |    3.921 | 
     +------------------------------------------------------------------------------------------------------------+ 
Path 7: MET Setup Check with Pin picorv32_core_genblk1.pcpi_mul_rd_reg[58]/CK 
Endpoint:   picorv32_core_genblk1.pcpi_mul_rd_reg[58]/D  (^) checked with  
leading edge of 'clk'
Beginpoint: picorv32_core_genblk1.pcpi_mul_rs2_reg[1]/QN (^) triggered by  
leading edge of 'clk'
Path Groups: {reg2reg}
Analysis View: analysis1
Other End Arrival Time          0.000
- Setup                         0.051
+ Phase Shift                   4.000
- Uncertainty                   0.020
= Required Time                 3.929
- Arrival Time                  3.489
= Slack Time                    0.440
     Clock Rise Edge                 0.000
     + Clock Network Latency (Ideal) 0.000
     = Beginpoint Arrival Time       0.000
     +------------------------------------------------------------------------------------------------------------+ 
     |                      Instance                      |     Arc      |   Cell    | Delay | Arrival | Required | 
     |                                                    |              |           |       |  Time   |   Time   | 
     |----------------------------------------------------+--------------+-----------+-------+---------+----------| 
     | picorv32_core_genblk1.pcpi_mul_rs2_reg[1]          | CK ^         |           |       |   0.000 |    0.440 | 
     | picorv32_core_genblk1.pcpi_mul_rs2_reg[1]          | CK ^ -> QN ^ | EDFFX2    | 0.179 |   0.179 |    0.618 | 
     | g175521                                            | A1 ^ -> Y ^  | OA22X2    | 0.203 |   0.382 |    0.821 | 
     | picorv32_core_genblk1.pcpi_mul_mul_2371_47_g13589  | A ^ -> Y ^   | AND2X1    | 0.134 |   0.516 |    0.955 | 
     | picorv32_core_genblk1.pcpi_mul_mul_2371_47_g13550  | A ^ -> Y v   | INVX2     | 0.114 |   0.630 |    1.070 | 
     | picorv32_core_genblk1.pcpi_mul_mul_2371_47_g13479  | A1 v -> Y ^  | OAI22X1   | 0.120 |   0.750 |    1.190 | 
     | picorv32_core_genblk1.pcpi_mul_mul_2371_47_cdnfadd | B ^ -> S v   | ADDFX1    | 0.197 |   0.947 |    1.387 | 
     | _004_0                                             |              |           |       |         |          | 
     | picorv32_core_genblk1.pcpi_mul_mul_2371_47_g12959  | B v -> Y ^   | NOR2X1    | 0.044 |   0.991 |    1.430 | 
     | picorv32_core_genblk1.pcpi_mul_mul_2371_47_g12953  | A0 ^ -> Y v  | OAI21X1   | 0.066 |   1.057 |    1.497 | 
     | picorv32_core_genblk1.pcpi_mul_mul_2371_47_g12949  | A v -> Y ^   | INVX1     | 0.033 |   1.091 |    1.530 | 
     | picorv32_core_genblk1.pcpi_mul_mul_2371_47_g12948  | A1 ^ -> Y v  | OAI21X1   | 0.049 |   1.140 |    1.579 | 
     | picorv32_core_genblk1.pcpi_mul_mul_2371_47_g12935  | CI v -> CO v | ADDFX1    | 0.113 |   1.252 |    1.692 | 
     | picorv32_core_genblk1.pcpi_mul_mul_2371_47_g14505  | AN v -> Y v  | NOR2BX1   | 0.045 |   1.297 |    1.737 | 
     | picorv32_core_genblk1.pcpi_mul_mul_2371_47_g12932  | B v -> Y ^   | NOR2X1    | 0.039 |   1.337 |    1.776 | 
     | picorv32_core_genblk1.pcpi_mul_mul_2371_47_g12910  | B ^ -> Y v   | NOR2X1    | 0.038 |   1.374 |    1.814 | 
     | picorv32_core_genblk1.pcpi_mul_mul_2371_47_g12906  | A1 v -> Y ^  | AOI21X1   | 0.050 |   1.424 |    1.863 | 
     | picorv32_core_genblk1.pcpi_mul_mul_2371_47_g14478  | A1N ^ -> Y ^ | AOI2BB1X1 | 0.075 |   1.498 |    1.938 | 
     | picorv32_core_genblk1.pcpi_mul_mul_2371_47_g12892  | A1 ^ -> Y v  | OAI21X1   | 0.068 |   1.567 |    2.006 | 
     | picorv32_core_genblk1.pcpi_mul_mul_2371_47_g12857  | B v -> Y ^   | NAND2X1   | 0.043 |   1.610 |    2.049 | 
     | picorv32_core_genblk1.pcpi_mul_mul_2371_47_g12852  | B ^ -> Y v   | NOR2X1    | 0.028 |   1.638 |    2.078 | 
     | picorv32_core_genblk1.pcpi_mul_mul_2371_47_g12843  | A1 v -> Y ^  | OAI21X1   | 0.044 |   1.683 |    2.122 | 
     | picorv32_core_genblk1.pcpi_mul_mul_2371_47_g12833  | A1 ^ -> Y v  | AOI21X1   | 0.061 |   1.744 |    2.184 | 
     | picorv32_core_genblk1.pcpi_mul_mul_2371_47_g12818  | B v -> Y ^   | NOR2X1    | 0.077 |   1.821 |    2.261 | 
     | picorv32_core_genblk1.pcpi_mul_mul_2371_47_g12780  | B ^ -> Y v   | NOR2X1    | 0.055 |   1.876 |    2.316 | 
     | picorv32_core_genblk1.pcpi_mul_mul_2371_47_g12775  | B v -> Y ^   | NOR2X1    | 0.068 |   1.944 |    2.384 | 
     | picorv32_core_genblk1.pcpi_mul_mul_2371_47_g12693  | B ^ -> Y v   | NOR2X1    | 0.056 |   2.001 |    2.440 | 
     | picorv32_core_genblk1.pcpi_mul_mul_2371_47_g12660  | C v -> Y ^   | NOR3X1    | 0.063 |   2.064 |    2.504 | 
     | picorv32_core_genblk1.pcpi_mul_mul_2371_47_g14491  | AN ^ -> Y ^  | NAND2BX1  | 0.068 |   2.132 |    2.572 | 
     | picorv32_core_genblk1.pcpi_mul_mul_2371_47_g12651  | B ^ -> Y v   | NOR2X1    | 0.027 |   2.159 |    2.599 | 
     | picorv32_core_genblk1.pcpi_mul_mul_2371_47_g12640  | A1 v -> Y ^  | OAI21X1   | 0.045 |   2.204 |    2.643 | 
     | picorv32_core_genblk1.pcpi_mul_mul_2371_47_g12630  | B ^ -> Y v   | NAND2X1   | 0.048 |   2.252 |    2.691 | 
     | picorv32_core_genblk1.pcpi_mul_mul_2371_47_g12614  | A1 v -> Y ^  | AOI21X1   | 0.057 |   2.309 |    2.748 | 
     | picorv32_core_genblk1.pcpi_mul_mul_2371_47_g12611  | B ^ -> Y v   | NOR2X1    | 0.039 |   2.348 |    2.788 | 
     | picorv32_core_genblk1.pcpi_mul_mul_2371_47_g12608  | B v -> Y v   | AND2X1    | 0.050 |   2.398 |    2.838 | 
     | picorv32_core_genblk1.pcpi_mul_mul_2371_47_g12603  | A1 v -> Y ^  | OAI21X1   | 0.040 |   2.438 |    2.878 | 
     | picorv32_core_genblk1.pcpi_mul_mul_2371_47_g12599  | A1 ^ -> Y v  | AOI21X1   | 0.059 |   2.497 |    2.937 | 
     | picorv32_core_genblk1.pcpi_mul_mul_2371_47_g12597  | B v -> Y ^   | NOR2X1    | 0.135 |   2.632 |    3.072 | 
     | g175524                                            | C ^ -> Y v   | NOR3BX1   | 0.107 |   2.740 |    3.179 | 
     | g175523                                            | A v -> Y ^   | NOR2X1    | 0.082 |   2.822 |    3.261 | 
     | g175514                                            | A1N ^ -> Y ^ | AOI2BB1X1 | 0.104 |   2.925 |    3.365 | 
     | picorv32_core_genblk1.pcpi_mul_mul_2371_47_g12566  | A2 ^ -> Y v  | OAI31X1   | 0.093 |   3.019 |    3.458 | 
     | picorv32_core_genblk1.pcpi_mul_mul_2371_47_g12560  | B v -> Y ^   | NAND2X1   | 0.065 |   3.084 |    3.524 | 
     | picorv32_core_genblk1.pcpi_mul_mul_2371_47_g12556  | B ^ -> Y v   | NOR2X1    | 0.035 |   3.119 |    3.558 | 
     | picorv32_core_genblk1.pcpi_mul_mul_2371_47_g12553  | B v -> Y ^   | NOR2X1    | 0.082 |   3.201 |    3.640 | 
     | picorv32_core_genblk1.pcpi_mul_mul_2371_47_g12550  | B ^ -> Y v   | NOR2X1    | 0.070 |   3.271 |    3.711 | 
     | picorv32_core_genblk1.pcpi_mul_mul_2371_47_g12544  | A1 v -> Y ^  | AOI21X1   | 0.056 |   3.327 |    3.767 | 
     | g175513                                            | A1N ^ -> Y ^ | AOI2BB1X1 | 0.075 |   3.402 |    3.842 | 
     | picorv32_core_genblk1.pcpi_mul_mul_2371_47_g14488  | B ^ -> Y ^   | CLKXOR2X1 | 0.087 |   3.489 |    3.929 | 
     | picorv32_core_genblk1.pcpi_mul_rd_reg[58]          | D ^          | DFFHQX1   | 0.000 |   3.489 |    3.929 | 
     +------------------------------------------------------------------------------------------------------------+ 
Path 8: MET Setup Check with Pin picorv32_core_genblk1.pcpi_mul_rd_reg[56]/CK 
Endpoint:   picorv32_core_genblk1.pcpi_mul_rd_reg[56]/D  (^) checked with  
leading edge of 'clk'
Beginpoint: picorv32_core_genblk1.pcpi_mul_rs2_reg[1]/QN (^) triggered by  
leading edge of 'clk'
Path Groups: {reg2reg}
Analysis View: analysis1
Other End Arrival Time          0.000
- Setup                         0.051
+ Phase Shift                   4.000
- Uncertainty                   0.020
= Required Time                 3.929
- Arrival Time                  3.460
= Slack Time                    0.469
     Clock Rise Edge                 0.000
     + Clock Network Latency (Ideal) 0.000
     = Beginpoint Arrival Time       0.000
     +------------------------------------------------------------------------------------------------------------+ 
     |                      Instance                      |     Arc      |   Cell    | Delay | Arrival | Required | 
     |                                                    |              |           |       |  Time   |   Time   | 
     |----------------------------------------------------+--------------+-----------+-------+---------+----------| 
     | picorv32_core_genblk1.pcpi_mul_rs2_reg[1]          | CK ^         |           |       |   0.000 |    0.469 | 
     | picorv32_core_genblk1.pcpi_mul_rs2_reg[1]          | CK ^ -> QN ^ | EDFFX2    | 0.179 |   0.179 |    0.647 | 
     | g175521                                            | A1 ^ -> Y ^  | OA22X2    | 0.203 |   0.381 |    0.850 | 
     | picorv32_core_genblk1.pcpi_mul_mul_2371_47_g13589  | A ^ -> Y ^   | AND2X1    | 0.134 |   0.516 |    0.985 | 
     | picorv32_core_genblk1.pcpi_mul_mul_2371_47_g13550  | A ^ -> Y v   | INVX2     | 0.114 |   0.630 |    1.099 | 
     | picorv32_core_genblk1.pcpi_mul_mul_2371_47_g13479  | A1 v -> Y ^  | OAI22X1   | 0.120 |   0.750 |    1.219 | 
     | picorv32_core_genblk1.pcpi_mul_mul_2371_47_cdnfadd | B ^ -> S v   | ADDFX1    | 0.197 |   0.947 |    1.416 | 
     | _004_0                                             |              |           |       |         |          | 
     | picorv32_core_genblk1.pcpi_mul_mul_2371_47_g12959  | B v -> Y ^   | NOR2X1    | 0.044 |   0.991 |    1.460 | 
     | picorv32_core_genblk1.pcpi_mul_mul_2371_47_g12953  | A0 ^ -> Y v  | OAI21X1   | 0.066 |   1.057 |    1.526 | 
     | picorv32_core_genblk1.pcpi_mul_mul_2371_47_g12949  | A v -> Y ^   | INVX1     | 0.033 |   1.090 |    1.559 | 
     | picorv32_core_genblk1.pcpi_mul_mul_2371_47_g12948  | A1 ^ -> Y v  | OAI21X1   | 0.049 |   1.140 |    1.609 | 
     | picorv32_core_genblk1.pcpi_mul_mul_2371_47_g12935  | CI v -> CO v | ADDFX1    | 0.113 |   1.252 |    1.721 | 
     | picorv32_core_genblk1.pcpi_mul_mul_2371_47_g14505  | AN v -> Y v  | NOR2BX1   | 0.045 |   1.297 |    1.766 | 
     | picorv32_core_genblk1.pcpi_mul_mul_2371_47_g12932  | B v -> Y ^   | NOR2X1    | 0.039 |   1.337 |    1.806 | 
     | picorv32_core_genblk1.pcpi_mul_mul_2371_47_g12910  | B ^ -> Y v   | NOR2X1    | 0.038 |   1.374 |    1.843 | 
     | picorv32_core_genblk1.pcpi_mul_mul_2371_47_g12906  | A1 v -> Y ^  | AOI21X1   | 0.050 |   1.424 |    1.893 | 
     | picorv32_core_genblk1.pcpi_mul_mul_2371_47_g14478  | A1N ^ -> Y ^ | AOI2BB1X1 | 0.075 |   1.498 |    1.967 | 
     | picorv32_core_genblk1.pcpi_mul_mul_2371_47_g12892  | A1 ^ -> Y v  | OAI21X1   | 0.068 |   1.567 |    2.036 | 
     | picorv32_core_genblk1.pcpi_mul_mul_2371_47_g12857  | B v -> Y ^   | NAND2X1   | 0.043 |   1.610 |    2.079 | 
     | picorv32_core_genblk1.pcpi_mul_mul_2371_47_g12852  | B ^ -> Y v   | NOR2X1    | 0.028 |   1.638 |    2.107 | 
     | picorv32_core_genblk1.pcpi_mul_mul_2371_47_g12843  | A1 v -> Y ^  | OAI21X1   | 0.044 |   1.683 |    2.152 | 
     | picorv32_core_genblk1.pcpi_mul_mul_2371_47_g12833  | A1 ^ -> Y v  | AOI21X1   | 0.061 |   1.744 |    2.213 | 
     | picorv32_core_genblk1.pcpi_mul_mul_2371_47_g12818  | B v -> Y ^   | NOR2X1    | 0.077 |   1.821 |    2.290 | 
     | picorv32_core_genblk1.pcpi_mul_mul_2371_47_g12780  | B ^ -> Y v   | NOR2X1    | 0.055 |   1.876 |    2.345 | 
     | picorv32_core_genblk1.pcpi_mul_mul_2371_47_g12775  | B v -> Y ^   | NOR2X1    | 0.068 |   1.944 |    2.413 | 
     | picorv32_core_genblk1.pcpi_mul_mul_2371_47_g12693  | B ^ -> Y v   | NOR2X1    | 0.056 |   2.001 |    2.470 | 
     | picorv32_core_genblk1.pcpi_mul_mul_2371_47_g12660  | C v -> Y ^   | NOR3X1    | 0.063 |   2.064 |    2.533 | 
     | picorv32_core_genblk1.pcpi_mul_mul_2371_47_g14491  | AN ^ -> Y ^  | NAND2BX1  | 0.068 |   2.132 |    2.601 | 
     | picorv32_core_genblk1.pcpi_mul_mul_2371_47_g12651  | B ^ -> Y v   | NOR2X1    | 0.027 |   2.159 |    2.628 | 
     | picorv32_core_genblk1.pcpi_mul_mul_2371_47_g12640  | A1 v -> Y ^  | OAI21X1   | 0.045 |   2.204 |    2.673 | 
     | picorv32_core_genblk1.pcpi_mul_mul_2371_47_g12630  | B ^ -> Y v   | NAND2X1   | 0.048 |   2.252 |    2.721 | 
     | picorv32_core_genblk1.pcpi_mul_mul_2371_47_g12614  | A1 v -> Y ^  | AOI21X1   | 0.057 |   2.309 |    2.778 | 
     | picorv32_core_genblk1.pcpi_mul_mul_2371_47_g12611  | B ^ -> Y v   | NOR2X1    | 0.039 |   2.348 |    2.817 | 
     | picorv32_core_genblk1.pcpi_mul_mul_2371_47_g12608  | B v -> Y v   | AND2X1    | 0.050 |   2.398 |    2.867 | 
     | picorv32_core_genblk1.pcpi_mul_mul_2371_47_g12603  | A1 v -> Y ^  | OAI21X1   | 0.040 |   2.438 |    2.907 | 
     | picorv32_core_genblk1.pcpi_mul_mul_2371_47_g12599  | A1 ^ -> Y v  | AOI21X1   | 0.059 |   2.497 |    2.966 | 
     | picorv32_core_genblk1.pcpi_mul_mul_2371_47_g12597  | B v -> Y ^   | NOR2X1    | 0.135 |   2.632 |    3.101 | 
     | g175524                                            | C ^ -> Y v   | NOR3BX1   | 0.107 |   2.740 |    3.208 | 
     | g175523                                            | A v -> Y ^   | NOR2X1    | 0.082 |   2.822 |    3.290 | 
     | g175514                                            | A1N ^ -> Y ^ | AOI2BB1X1 | 0.104 |   2.925 |    3.394 | 
     | picorv32_core_genblk1.pcpi_mul_mul_2371_47_g12566  | A2 ^ -> Y v  | OAI31X1   | 0.093 |   3.019 |    3.488 | 
     | picorv32_core_genblk1.pcpi_mul_mul_2371_47_g12560  | B v -> Y ^   | NAND2X1   | 0.065 |   3.084 |    3.553 | 
     | picorv32_core_genblk1.pcpi_mul_mul_2371_47_g12556  | B ^ -> Y v   | NOR2X1    | 0.035 |   3.119 |    3.588 | 
     | picorv32_core_genblk1.pcpi_mul_mul_2371_47_g12553  | B v -> Y ^   | NOR2X1    | 0.082 |   3.201 |    3.670 | 
     | picorv32_core_genblk1.pcpi_mul_mul_2371_47_g12550  | B ^ -> Y v   | NOR2X1    | 0.070 |   3.271 |    3.740 | 
     | picorv32_core_genblk1.pcpi_mul_mul_2371_47_g12544  | A1 v -> Y ^  | AOI21X1   | 0.056 |   3.327 |    3.796 | 
     | picorv32_core_genblk1.pcpi_mul_mul_2371_47_g12543  | A ^ -> Y v   | INVX1     | 0.042 |   3.369 |    3.838 | 
     | picorv32_core_genblk1.pcpi_mul_mul_2371_47_g12537  | B v -> Y ^   | XNOR2X1   | 0.090 |   3.460 |    3.929 | 
     | picorv32_core_genblk1.pcpi_mul_rd_reg[56]          | D ^          | DFFHQX1   | 0.000 |   3.460 |    3.929 | 
     +------------------------------------------------------------------------------------------------------------+ 
Path 9: MET Setup Check with Pin picorv32_core_genblk1.pcpi_mul_rd_reg[55]/CK 
Endpoint:   picorv32_core_genblk1.pcpi_mul_rd_reg[55]/D  (^) checked with  
leading edge of 'clk'
Beginpoint: picorv32_core_genblk1.pcpi_mul_rs2_reg[1]/QN (^) triggered by  
leading edge of 'clk'
Path Groups: {reg2reg}
Analysis View: analysis1
Other End Arrival Time          0.000
- Setup                         0.051
+ Phase Shift                   4.000
- Uncertainty                   0.020
= Required Time                 3.929
- Arrival Time                  3.457
= Slack Time                    0.472
     Clock Rise Edge                 0.000
     + Clock Network Latency (Ideal) 0.000
     = Beginpoint Arrival Time       0.000
     +------------------------------------------------------------------------------------------------------------+ 
     |                      Instance                      |     Arc      |   Cell    | Delay | Arrival | Required | 
     |                                                    |              |           |       |  Time   |   Time   | 
     |----------------------------------------------------+--------------+-----------+-------+---------+----------| 
     | picorv32_core_genblk1.pcpi_mul_rs2_reg[1]          | CK ^         |           |       |   0.000 |    0.472 | 
     | picorv32_core_genblk1.pcpi_mul_rs2_reg[1]          | CK ^ -> QN ^ | EDFFX2    | 0.179 |   0.179 |    0.650 | 
     | g175521                                            | A1 ^ -> Y ^  | OA22X2    | 0.203 |   0.382 |    0.853 | 
     | picorv32_core_genblk1.pcpi_mul_mul_2371_47_g13589  | A ^ -> Y ^   | AND2X1    | 0.134 |   0.516 |    0.987 | 
     | picorv32_core_genblk1.pcpi_mul_mul_2371_47_g13550  | A ^ -> Y v   | INVX2     | 0.114 |   0.630 |    1.102 | 
     | picorv32_core_genblk1.pcpi_mul_mul_2371_47_g13479  | A1 v -> Y ^  | OAI22X1   | 0.120 |   0.750 |    1.222 | 
     | picorv32_core_genblk1.pcpi_mul_mul_2371_47_cdnfadd | B ^ -> S v   | ADDFX1    | 0.197 |   0.947 |    1.419 | 
     | _004_0                                             |              |           |       |         |          | 
     | picorv32_core_genblk1.pcpi_mul_mul_2371_47_g12959  | B v -> Y ^   | NOR2X1    | 0.044 |   0.991 |    1.462 | 
     | picorv32_core_genblk1.pcpi_mul_mul_2371_47_g12953  | A0 ^ -> Y v  | OAI21X1   | 0.066 |   1.057 |    1.529 | 
     | picorv32_core_genblk1.pcpi_mul_mul_2371_47_g12949  | A v -> Y ^   | INVX1     | 0.033 |   1.091 |    1.562 | 
     | picorv32_core_genblk1.pcpi_mul_mul_2371_47_g12948  | A1 ^ -> Y v  | OAI21X1   | 0.049 |   1.140 |    1.611 | 
     | picorv32_core_genblk1.pcpi_mul_mul_2371_47_g12935  | CI v -> CO v | ADDFX1    | 0.113 |   1.252 |    1.724 | 
     | picorv32_core_genblk1.pcpi_mul_mul_2371_47_g14505  | AN v -> Y v  | NOR2BX1   | 0.045 |   1.297 |    1.769 | 
     | picorv32_core_genblk1.pcpi_mul_mul_2371_47_g12932  | B v -> Y ^   | NOR2X1    | 0.039 |   1.337 |    1.808 | 
     | picorv32_core_genblk1.pcpi_mul_mul_2371_47_g12910  | B ^ -> Y v   | NOR2X1    | 0.038 |   1.374 |    1.846 | 
     | picorv32_core_genblk1.pcpi_mul_mul_2371_47_g12906  | A1 v -> Y ^  | AOI21X1   | 0.050 |   1.424 |    1.895 | 
     | picorv32_core_genblk1.pcpi_mul_mul_2371_47_g14478  | A1N ^ -> Y ^ | AOI2BB1X1 | 0.075 |   1.498 |    1.970 | 
     | picorv32_core_genblk1.pcpi_mul_mul_2371_47_g12892  | A1 ^ -> Y v  | OAI21X1   | 0.068 |   1.567 |    2.038 | 
     | picorv32_core_genblk1.pcpi_mul_mul_2371_47_g12857  | B v -> Y ^   | NAND2X1   | 0.043 |   1.610 |    2.081 | 
     | picorv32_core_genblk1.pcpi_mul_mul_2371_47_g12852  | B ^ -> Y v   | NOR2X1    | 0.028 |   1.638 |    2.110 | 
     | picorv32_core_genblk1.pcpi_mul_mul_2371_47_g12843  | A1 v -> Y ^  | OAI21X1   | 0.044 |   1.683 |    2.154 | 
     | picorv32_core_genblk1.pcpi_mul_mul_2371_47_g12833  | A1 ^ -> Y v  | AOI21X1   | 0.061 |   1.744 |    2.216 | 
     | picorv32_core_genblk1.pcpi_mul_mul_2371_47_g12818  | B v -> Y ^   | NOR2X1    | 0.077 |   1.821 |    2.293 | 
     | picorv32_core_genblk1.pcpi_mul_mul_2371_47_g12780  | B ^ -> Y v   | NOR2X1    | 0.055 |   1.876 |    2.348 | 
     | picorv32_core_genblk1.pcpi_mul_mul_2371_47_g12775  | B v -> Y ^   | NOR2X1    | 0.068 |   1.944 |    2.416 | 
     | picorv32_core_genblk1.pcpi_mul_mul_2371_47_g12693  | B ^ -> Y v   | NOR2X1    | 0.056 |   2.001 |    2.472 | 
     | picorv32_core_genblk1.pcpi_mul_mul_2371_47_g12660  | C v -> Y ^   | NOR3X1    | 0.063 |   2.064 |    2.536 | 
     | picorv32_core_genblk1.pcpi_mul_mul_2371_47_g14491  | AN ^ -> Y ^  | NAND2BX1  | 0.068 |   2.132 |    2.604 | 
     | picorv32_core_genblk1.pcpi_mul_mul_2371_47_g12651  | B ^ -> Y v   | NOR2X1    | 0.027 |   2.159 |    2.631 | 
     | picorv32_core_genblk1.pcpi_mul_mul_2371_47_g12640  | A1 v -> Y ^  | OAI21X1   | 0.045 |   2.204 |    2.675 | 
     | picorv32_core_genblk1.pcpi_mul_mul_2371_47_g12630  | B ^ -> Y v   | NAND2X1   | 0.048 |   2.252 |    2.723 | 
     | picorv32_core_genblk1.pcpi_mul_mul_2371_47_g12614  | A1 v -> Y ^  | AOI21X1   | 0.057 |   2.309 |    2.780 | 
     | picorv32_core_genblk1.pcpi_mul_mul_2371_47_g12611  | B ^ -> Y v   | NOR2X1    | 0.039 |   2.348 |    2.820 | 
     | picorv32_core_genblk1.pcpi_mul_mul_2371_47_g12608  | B v -> Y v   | AND2X1    | 0.050 |   2.398 |    2.870 | 
     | picorv32_core_genblk1.pcpi_mul_mul_2371_47_g12603  | A1 v -> Y ^  | OAI21X1   | 0.040 |   2.438 |    2.910 | 
     | picorv32_core_genblk1.pcpi_mul_mul_2371_47_g12599  | A1 ^ -> Y v  | AOI21X1   | 0.059 |   2.497 |    2.969 | 
     | picorv32_core_genblk1.pcpi_mul_mul_2371_47_g12597  | B v -> Y ^   | NOR2X1    | 0.135 |   2.632 |    3.104 | 
     | g175524                                            | C ^ -> Y v   | NOR3BX1   | 0.107 |   2.740 |    3.211 | 
     | g175523                                            | A v -> Y ^   | NOR2X1    | 0.082 |   2.822 |    3.293 | 
     | g175514                                            | A1N ^ -> Y ^ | AOI2BB1X1 | 0.104 |   2.925 |    3.397 | 
     | picorv32_core_genblk1.pcpi_mul_mul_2371_47_g12566  | A2 ^ -> Y v  | OAI31X1   | 0.093 |   3.019 |    3.490 | 
     | picorv32_core_genblk1.pcpi_mul_mul_2371_47_g12560  | B v -> Y ^   | NAND2X1   | 0.065 |   3.084 |    3.556 | 
     | picorv32_core_genblk1.pcpi_mul_mul_2371_47_g12556  | B ^ -> Y v   | NOR2X1    | 0.035 |   3.119 |    3.590 | 
     | picorv32_core_genblk1.pcpi_mul_mul_2371_47_g12553  | B v -> Y ^   | NOR2X1    | 0.082 |   3.201 |    3.672 | 
     | picorv32_core_genblk1.pcpi_mul_mul_2371_47_g12547  | A1 ^ -> Y ^  | OA21X1    | 0.117 |   3.317 |    3.789 | 
     | picorv32_core_genblk1.pcpi_mul_mul_2371_47_g12539  | A1 ^ -> Y v  | OAI21X1   | 0.044 |   3.361 |    3.833 | 
     | picorv32_core_genblk1.pcpi_mul_mul_2371_47_g12533  | B v -> Y ^   | XNOR2X1   | 0.096 |   3.457 |    3.929 | 
     | picorv32_core_genblk1.pcpi_mul_rd_reg[55]          | D ^          | DFFHQX1   | 0.000 |   3.457 |    3.929 | 
     +------------------------------------------------------------------------------------------------------------+ 
Path 10: MET Setup Check with Pin picorv32_core_genblk1.pcpi_mul_rd_reg[53]/CK 
Endpoint:   picorv32_core_genblk1.pcpi_mul_rd_reg[53]/D  (^) checked with  
leading edge of 'clk'
Beginpoint: picorv32_core_genblk1.pcpi_mul_rs2_reg[1]/QN (^) triggered by  
leading edge of 'clk'
Path Groups: {reg2reg}
Analysis View: analysis1
Other End Arrival Time          0.000
- Setup                         0.052
+ Phase Shift                   4.000
- Uncertainty                   0.020
= Required Time                 3.928
- Arrival Time                  3.426
= Slack Time                    0.503
     Clock Rise Edge                 0.000
     + Clock Network Latency (Ideal) 0.000
     = Beginpoint Arrival Time       0.000
     +------------------------------------------------------------------------------------------------------------+ 
     |                      Instance                      |     Arc      |   Cell    | Delay | Arrival | Required | 
     |                                                    |              |           |       |  Time   |   Time   | 
     |----------------------------------------------------+--------------+-----------+-------+---------+----------| 
     | picorv32_core_genblk1.pcpi_mul_rs2_reg[1]          | CK ^         |           |       |   0.000 |    0.503 | 
     | picorv32_core_genblk1.pcpi_mul_rs2_reg[1]          | CK ^ -> QN ^ | EDFFX2    | 0.179 |   0.179 |    0.681 | 
     | g175521                                            | A1 ^ -> Y ^  | OA22X2    | 0.203 |   0.381 |    0.884 | 
     | picorv32_core_genblk1.pcpi_mul_mul_2371_47_g13589  | A ^ -> Y ^   | AND2X1    | 0.134 |   0.516 |    1.018 | 
     | picorv32_core_genblk1.pcpi_mul_mul_2371_47_g13550  | A ^ -> Y v   | INVX2     | 0.114 |   0.630 |    1.133 | 
     | picorv32_core_genblk1.pcpi_mul_mul_2371_47_g13479  | A1 v -> Y ^  | OAI22X1   | 0.120 |   0.750 |    1.253 | 
     | picorv32_core_genblk1.pcpi_mul_mul_2371_47_cdnfadd | B ^ -> S v   | ADDFX1    | 0.197 |   0.947 |    1.450 | 
     | _004_0                                             |              |           |       |         |          | 
     | picorv32_core_genblk1.pcpi_mul_mul_2371_47_g12959  | B v -> Y ^   | NOR2X1    | 0.044 |   0.991 |    1.493 | 
     | picorv32_core_genblk1.pcpi_mul_mul_2371_47_g12953  | A0 ^ -> Y v  | OAI21X1   | 0.066 |   1.057 |    1.560 | 
     | picorv32_core_genblk1.pcpi_mul_mul_2371_47_g12949  | A v -> Y ^   | INVX1     | 0.033 |   1.090 |    1.593 | 
     | picorv32_core_genblk1.pcpi_mul_mul_2371_47_g12948  | A1 ^ -> Y v  | OAI21X1   | 0.049 |   1.140 |    1.642 | 
     | picorv32_core_genblk1.pcpi_mul_mul_2371_47_g12935  | CI v -> CO v | ADDFX1    | 0.113 |   1.252 |    1.755 | 
     | picorv32_core_genblk1.pcpi_mul_mul_2371_47_g14505  | AN v -> Y v  | NOR2BX1   | 0.045 |   1.297 |    1.800 | 
     | picorv32_core_genblk1.pcpi_mul_mul_2371_47_g12932  | B v -> Y ^   | NOR2X1    | 0.039 |   1.337 |    1.839 | 
     | picorv32_core_genblk1.pcpi_mul_mul_2371_47_g12910  | B ^ -> Y v   | NOR2X1    | 0.038 |   1.374 |    1.877 | 
     | picorv32_core_genblk1.pcpi_mul_mul_2371_47_g12906  | A1 v -> Y ^  | AOI21X1   | 0.050 |   1.424 |    1.926 | 
     | picorv32_core_genblk1.pcpi_mul_mul_2371_47_g14478  | A1N ^ -> Y ^ | AOI2BB1X1 | 0.075 |   1.498 |    2.001 | 
     | picorv32_core_genblk1.pcpi_mul_mul_2371_47_g12892  | A1 ^ -> Y v  | OAI21X1   | 0.068 |   1.567 |    2.069 | 
     | picorv32_core_genblk1.pcpi_mul_mul_2371_47_g12857  | B v -> Y ^   | NAND2X1   | 0.043 |   1.610 |    2.112 | 
     | picorv32_core_genblk1.pcpi_mul_mul_2371_47_g12852  | B ^ -> Y v   | NOR2X1    | 0.028 |   1.638 |    2.141 | 
     | picorv32_core_genblk1.pcpi_mul_mul_2371_47_g12843  | A1 v -> Y ^  | OAI21X1   | 0.044 |   1.683 |    2.185 | 
     | picorv32_core_genblk1.pcpi_mul_mul_2371_47_g12833  | A1 ^ -> Y v  | AOI21X1   | 0.061 |   1.744 |    2.247 | 
     | picorv32_core_genblk1.pcpi_mul_mul_2371_47_g12818  | B v -> Y ^   | NOR2X1    | 0.077 |   1.821 |    2.324 | 
     | picorv32_core_genblk1.pcpi_mul_mul_2371_47_g12780  | B ^ -> Y v   | NOR2X1    | 0.055 |   1.876 |    2.379 | 
     | picorv32_core_genblk1.pcpi_mul_mul_2371_47_g12775  | B v -> Y ^   | NOR2X1    | 0.068 |   1.944 |    2.447 | 
     | picorv32_core_genblk1.pcpi_mul_mul_2371_47_g12693  | B ^ -> Y v   | NOR2X1    | 0.056 |   2.001 |    2.503 | 
     | picorv32_core_genblk1.pcpi_mul_mul_2371_47_g12660  | C v -> Y ^   | NOR3X1    | 0.063 |   2.064 |    2.567 | 
     | picorv32_core_genblk1.pcpi_mul_mul_2371_47_g14491  | AN ^ -> Y ^  | NAND2BX1  | 0.068 |   2.132 |    2.635 | 
     | picorv32_core_genblk1.pcpi_mul_mul_2371_47_g12651  | B ^ -> Y v   | NOR2X1    | 0.027 |   2.159 |    2.662 | 
     | picorv32_core_genblk1.pcpi_mul_mul_2371_47_g12640  | A1 v -> Y ^  | OAI21X1   | 0.045 |   2.204 |    2.706 | 
     | picorv32_core_genblk1.pcpi_mul_mul_2371_47_g12630  | B ^ -> Y v   | NAND2X1   | 0.048 |   2.252 |    2.754 | 
     | picorv32_core_genblk1.pcpi_mul_mul_2371_47_g12614  | A1 v -> Y ^  | AOI21X1   | 0.057 |   2.309 |    2.811 | 
     | picorv32_core_genblk1.pcpi_mul_mul_2371_47_g12611  | B ^ -> Y v   | NOR2X1    | 0.039 |   2.348 |    2.851 | 
     | picorv32_core_genblk1.pcpi_mul_mul_2371_47_g12608  | B v -> Y v   | AND2X1    | 0.050 |   2.398 |    2.901 | 
     | picorv32_core_genblk1.pcpi_mul_mul_2371_47_g12603  | A1 v -> Y ^  | OAI21X1   | 0.040 |   2.438 |    2.941 | 
     | picorv32_core_genblk1.pcpi_mul_mul_2371_47_g12599  | A1 ^ -> Y v  | AOI21X1   | 0.059 |   2.497 |    3.000 | 
     | picorv32_core_genblk1.pcpi_mul_mul_2371_47_g12597  | B v -> Y ^   | NOR2X1    | 0.135 |   2.632 |    3.135 | 
     | g175524                                            | C ^ -> Y v   | NOR3BX1   | 0.107 |   2.740 |    3.242 | 
     | g175523                                            | A v -> Y ^   | NOR2X1    | 0.082 |   2.822 |    3.324 | 
     | g175514                                            | A1N ^ -> Y ^ | AOI2BB1X1 | 0.104 |   2.925 |    3.428 | 
     | picorv32_core_genblk1.pcpi_mul_mul_2371_47_g12566  | A2 ^ -> Y v  | OAI31X1   | 0.093 |   3.019 |    3.521 | 
     | picorv32_core_genblk1.pcpi_mul_mul_2371_47_g12560  | B v -> Y ^   | NAND2X1   | 0.065 |   3.084 |    3.587 | 
     | picorv32_core_genblk1.pcpi_mul_mul_2371_47_g12556  | B ^ -> Y v   | NOR2X1    | 0.035 |   3.119 |    3.621 | 
     | picorv32_core_genblk1.pcpi_mul_mul_2371_47_g12553  | B v -> Y ^   | NOR2X1    | 0.082 |   3.201 |    3.703 | 
     | picorv32_core_genblk1.pcpi_mul_mul_2371_47_g12550  | B ^ -> Y v   | NOR2X1    | 0.070 |   3.271 |    3.774 | 
     | picorv32_core_genblk1.pcpi_mul_mul_2371_47_g12545  | B v -> Y v   | OR2X1     | 0.066 |   3.337 |    3.840 | 
     | picorv32_core_genblk1.pcpi_mul_mul_2371_47_g12542  | B v -> Y ^   | XNOR2X1   | 0.089 |   3.426 |    3.928 | 
     | picorv32_core_genblk1.pcpi_mul_rd_reg[53]          | D ^          | DFFHQX1   | 0.000 |   3.426 |    3.928 | 
     +------------------------------------------------------------------------------------------------------------+ 
Path 11: MET Setup Check with Pin picorv32_core_genblk1.pcpi_mul_rd_reg[54]/CK 
Endpoint:   picorv32_core_genblk1.pcpi_mul_rd_reg[54]/D  (^) checked with  
leading edge of 'clk'
Beginpoint: picorv32_core_genblk1.pcpi_mul_rs2_reg[1]/QN (^) triggered by  
leading edge of 'clk'
Path Groups: {reg2reg}
Analysis View: analysis1
Other End Arrival Time          0.000
- Setup                         0.052
+ Phase Shift                   4.000
- Uncertainty                   0.020
= Required Time                 3.928
- Arrival Time                  3.385
= Slack Time                    0.543
     Clock Rise Edge                 0.000
     + Clock Network Latency (Ideal) 0.000
     = Beginpoint Arrival Time       0.000
     +------------------------------------------------------------------------------------------------------------+ 
     |                      Instance                      |     Arc      |   Cell    | Delay | Arrival | Required | 
     |                                                    |              |           |       |  Time   |   Time   | 
     |----------------------------------------------------+--------------+-----------+-------+---------+----------| 
     | picorv32_core_genblk1.pcpi_mul_rs2_reg[1]          | CK ^         |           |       |   0.000 |    0.543 | 
     | picorv32_core_genblk1.pcpi_mul_rs2_reg[1]          | CK ^ -> QN ^ | EDFFX2    | 0.179 |   0.179 |    0.722 | 
     | g175521                                            | A1 ^ -> Y ^  | OA22X2    | 0.203 |   0.381 |    0.925 | 
     | picorv32_core_genblk1.pcpi_mul_mul_2371_47_g13589  | A ^ -> Y ^   | AND2X1    | 0.134 |   0.516 |    1.059 | 
     | picorv32_core_genblk1.pcpi_mul_mul_2371_47_g13550  | A ^ -> Y v   | INVX2     | 0.114 |   0.630 |    1.173 | 
     | picorv32_core_genblk1.pcpi_mul_mul_2371_47_g13479  | A1 v -> Y ^  | OAI22X1   | 0.120 |   0.750 |    1.293 | 
     | picorv32_core_genblk1.pcpi_mul_mul_2371_47_cdnfadd | B ^ -> S v   | ADDFX1    | 0.197 |   0.947 |    1.490 | 
     | _004_0                                             |              |           |       |         |          | 
     | picorv32_core_genblk1.pcpi_mul_mul_2371_47_g12959  | B v -> Y ^   | NOR2X1    | 0.044 |   0.991 |    1.534 | 
     | picorv32_core_genblk1.pcpi_mul_mul_2371_47_g12953  | A0 ^ -> Y v  | OAI21X1   | 0.066 |   1.057 |    1.600 | 
     | picorv32_core_genblk1.pcpi_mul_mul_2371_47_g12949  | A v -> Y ^   | INVX1     | 0.033 |   1.090 |    1.634 | 
     | picorv32_core_genblk1.pcpi_mul_mul_2371_47_g12948  | A1 ^ -> Y v  | OAI21X1   | 0.049 |   1.140 |    1.683 | 
     | picorv32_core_genblk1.pcpi_mul_mul_2371_47_g12935  | CI v -> CO v | ADDFX1    | 0.113 |   1.252 |    1.796 | 
     | picorv32_core_genblk1.pcpi_mul_mul_2371_47_g14505  | AN v -> Y v  | NOR2BX1   | 0.045 |   1.297 |    1.841 | 
     | picorv32_core_genblk1.pcpi_mul_mul_2371_47_g12932  | B v -> Y ^   | NOR2X1    | 0.039 |   1.337 |    1.880 | 
     | picorv32_core_genblk1.pcpi_mul_mul_2371_47_g12910  | B ^ -> Y v   | NOR2X1    | 0.038 |   1.374 |    1.917 | 
     | picorv32_core_genblk1.pcpi_mul_mul_2371_47_g12906  | A1 v -> Y ^  | AOI21X1   | 0.050 |   1.424 |    1.967 | 
     | picorv32_core_genblk1.pcpi_mul_mul_2371_47_g14478  | A1N ^ -> Y ^ | AOI2BB1X1 | 0.075 |   1.498 |    2.042 | 
     | picorv32_core_genblk1.pcpi_mul_mul_2371_47_g12892  | A1 ^ -> Y v  | OAI21X1   | 0.068 |   1.567 |    2.110 | 
     | picorv32_core_genblk1.pcpi_mul_mul_2371_47_g12857  | B v -> Y ^   | NAND2X1   | 0.043 |   1.610 |    2.153 | 
     | picorv32_core_genblk1.pcpi_mul_mul_2371_47_g12852  | B ^ -> Y v   | NOR2X1    | 0.028 |   1.638 |    2.181 | 
     | picorv32_core_genblk1.pcpi_mul_mul_2371_47_g12843  | A1 v -> Y ^  | OAI21X1   | 0.044 |   1.683 |    2.226 | 
     | picorv32_core_genblk1.pcpi_mul_mul_2371_47_g12833  | A1 ^ -> Y v  | AOI21X1   | 0.061 |   1.744 |    2.287 | 
     | picorv32_core_genblk1.pcpi_mul_mul_2371_47_g12818  | B v -> Y ^   | NOR2X1    | 0.077 |   1.821 |    2.365 | 
     | picorv32_core_genblk1.pcpi_mul_mul_2371_47_g12780  | B ^ -> Y v   | NOR2X1    | 0.055 |   1.876 |    2.419 | 
     | picorv32_core_genblk1.pcpi_mul_mul_2371_47_g12775  | B v -> Y ^   | NOR2X1    | 0.068 |   1.944 |    2.488 | 
     | picorv32_core_genblk1.pcpi_mul_mul_2371_47_g12693  | B ^ -> Y v   | NOR2X1    | 0.056 |   2.001 |    2.544 | 
     | picorv32_core_genblk1.pcpi_mul_mul_2371_47_g12660  | C v -> Y ^   | NOR3X1    | 0.063 |   2.064 |    2.607 | 
     | picorv32_core_genblk1.pcpi_mul_mul_2371_47_g14491  | AN ^ -> Y ^  | NAND2BX1  | 0.068 |   2.132 |    2.675 | 
     | picorv32_core_genblk1.pcpi_mul_mul_2371_47_g12651  | B ^ -> Y v   | NOR2X1    | 0.027 |   2.159 |    2.702 | 
     | picorv32_core_genblk1.pcpi_mul_mul_2371_47_g12640  | A1 v -> Y ^  | OAI21X1   | 0.045 |   2.204 |    2.747 | 
     | picorv32_core_genblk1.pcpi_mul_mul_2371_47_g12630  | B ^ -> Y v   | NAND2X1   | 0.048 |   2.252 |    2.795 | 
     | picorv32_core_genblk1.pcpi_mul_mul_2371_47_g12614  | A1 v -> Y ^  | AOI21X1   | 0.057 |   2.309 |    2.852 | 
     | picorv32_core_genblk1.pcpi_mul_mul_2371_47_g12611  | B ^ -> Y v   | NOR2X1    | 0.039 |   2.348 |    2.891 | 
     | picorv32_core_genblk1.pcpi_mul_mul_2371_47_g12608  | B v -> Y v   | AND2X1    | 0.050 |   2.398 |    2.941 | 
     | picorv32_core_genblk1.pcpi_mul_mul_2371_47_g12603  | A1 v -> Y ^  | OAI21X1   | 0.040 |   2.438 |    2.982 | 
     | picorv32_core_genblk1.pcpi_mul_mul_2371_47_g12599  | A1 ^ -> Y v  | AOI21X1   | 0.059 |   2.497 |    3.040 | 
     | picorv32_core_genblk1.pcpi_mul_mul_2371_47_g12597  | B v -> Y ^   | NOR2X1    | 0.135 |   2.632 |    3.176 | 
     | g175524                                            | C ^ -> Y v   | NOR3BX1   | 0.107 |   2.740 |    3.283 | 
     | g175523                                            | A v -> Y ^   | NOR2X1    | 0.082 |   2.822 |    3.365 | 
     | g175514                                            | A1N ^ -> Y ^ | AOI2BB1X1 | 0.104 |   2.925 |    3.469 | 
     | picorv32_core_genblk1.pcpi_mul_mul_2371_47_g12566  | A2 ^ -> Y v  | OAI31X1   | 0.093 |   3.019 |    3.562 | 
     | picorv32_core_genblk1.pcpi_mul_mul_2371_47_g12560  | B v -> Y ^   | NAND2X1   | 0.065 |   3.084 |    3.627 | 
     | picorv32_core_genblk1.pcpi_mul_mul_2371_47_g12556  | B ^ -> Y v   | NOR2X1    | 0.035 |   3.119 |    3.662 | 
     | picorv32_core_genblk1.pcpi_mul_mul_2371_47_g12553  | B v -> Y ^   | NOR2X1    | 0.082 |   3.201 |    3.744 | 
     | picorv32_core_genblk1.pcpi_mul_mul_2371_47_g12547  | A1 ^ -> Y ^  | OA21X1    | 0.117 |   3.317 |    3.861 | 
     | picorv32_core_genblk1.pcpi_mul_mul_2371_47_g12541  | B ^ -> Y ^   | XNOR2X1   | 0.068 |   3.385 |    3.928 | 
     | picorv32_core_genblk1.pcpi_mul_rd_reg[54]          | D ^          | DFFQXL    | 0.000 |   3.385 |    3.928 | 
     +------------------------------------------------------------------------------------------------------------+ 
Path 12: MET Setup Check with Pin picorv32_core_genblk1.pcpi_mul_rd_reg[51]/CK 
Endpoint:   picorv32_core_genblk1.pcpi_mul_rd_reg[51]/D  (^) checked with  
leading edge of 'clk'
Beginpoint: picorv32_core_genblk1.pcpi_mul_rs2_reg[1]/QN (^) triggered by  
leading edge of 'clk'
Path Groups: {reg2reg}
Analysis View: analysis1
Other End Arrival Time          0.000
- Setup                         0.056
+ Phase Shift                   4.000
- Uncertainty                   0.020
= Required Time                 3.924
- Arrival Time                  3.309
= Slack Time                    0.615
     Clock Rise Edge                 0.000
     + Clock Network Latency (Ideal) 0.000
     = Beginpoint Arrival Time       0.000
     +------------------------------------------------------------------------------------------------------------+ 
     |                      Instance                      |     Arc      |   Cell    | Delay | Arrival | Required | 
     |                                                    |              |           |       |  Time   |   Time   | 
     |----------------------------------------------------+--------------+-----------+-------+---------+----------| 
     | picorv32_core_genblk1.pcpi_mul_rs2_reg[1]          | CK ^         |           |       |   0.000 |    0.615 | 
     | picorv32_core_genblk1.pcpi_mul_rs2_reg[1]          | CK ^ -> QN ^ | EDFFX2    | 0.179 |   0.179 |    0.794 | 
     | g175521                                            | A1 ^ -> Y ^  | OA22X2    | 0.203 |   0.381 |    0.997 | 
     | picorv32_core_genblk1.pcpi_mul_mul_2371_47_g13589  | A ^ -> Y ^   | AND2X1    | 0.134 |   0.516 |    1.131 | 
     | picorv32_core_genblk1.pcpi_mul_mul_2371_47_g13550  | A ^ -> Y v   | INVX2     | 0.114 |   0.630 |    1.245 | 
     | picorv32_core_genblk1.pcpi_mul_mul_2371_47_g13479  | A1 v -> Y ^  | OAI22X1   | 0.120 |   0.750 |    1.365 | 
     | picorv32_core_genblk1.pcpi_mul_mul_2371_47_cdnfadd | B ^ -> S v   | ADDFX1    | 0.197 |   0.947 |    1.562 | 
     | _004_0                                             |              |           |       |         |          | 
     | picorv32_core_genblk1.pcpi_mul_mul_2371_47_g12959  | B v -> Y ^   | NOR2X1    | 0.044 |   0.991 |    1.606 | 
     | picorv32_core_genblk1.pcpi_mul_mul_2371_47_g12953  | A0 ^ -> Y v  | OAI21X1   | 0.066 |   1.057 |    1.672 | 
     | picorv32_core_genblk1.pcpi_mul_mul_2371_47_g12949  | A v -> Y ^   | INVX1     | 0.033 |   1.090 |    1.706 | 
     | picorv32_core_genblk1.pcpi_mul_mul_2371_47_g12948  | A1 ^ -> Y v  | OAI21X1   | 0.049 |   1.140 |    1.755 | 
     | picorv32_core_genblk1.pcpi_mul_mul_2371_47_g12935  | CI v -> CO v | ADDFX1    | 0.113 |   1.252 |    1.868 | 
     | picorv32_core_genblk1.pcpi_mul_mul_2371_47_g14505  | AN v -> Y v  | NOR2BX1   | 0.045 |   1.297 |    1.913 | 
     | picorv32_core_genblk1.pcpi_mul_mul_2371_47_g12932  | B v -> Y ^   | NOR2X1    | 0.039 |   1.337 |    1.952 | 
     | picorv32_core_genblk1.pcpi_mul_mul_2371_47_g12910  | B ^ -> Y v   | NOR2X1    | 0.038 |   1.374 |    1.989 | 
     | picorv32_core_genblk1.pcpi_mul_mul_2371_47_g12906  | A1 v -> Y ^  | AOI21X1   | 0.050 |   1.424 |    2.039 | 
     | picorv32_core_genblk1.pcpi_mul_mul_2371_47_g14478  | A1N ^ -> Y ^ | AOI2BB1X1 | 0.075 |   1.498 |    2.114 | 
     | picorv32_core_genblk1.pcpi_mul_mul_2371_47_g12892  | A1 ^ -> Y v  | OAI21X1   | 0.068 |   1.567 |    2.182 | 
     | picorv32_core_genblk1.pcpi_mul_mul_2371_47_g12857  | B v -> Y ^   | NAND2X1   | 0.043 |   1.610 |    2.225 | 
     | picorv32_core_genblk1.pcpi_mul_mul_2371_47_g12852  | B ^ -> Y v   | NOR2X1    | 0.028 |   1.638 |    2.253 | 
     | picorv32_core_genblk1.pcpi_mul_mul_2371_47_g12843  | A1 v -> Y ^  | OAI21X1   | 0.044 |   1.683 |    2.298 | 
     | picorv32_core_genblk1.pcpi_mul_mul_2371_47_g12833  | A1 ^ -> Y v  | AOI21X1   | 0.061 |   1.744 |    2.359 | 
     | picorv32_core_genblk1.pcpi_mul_mul_2371_47_g12818  | B v -> Y ^   | NOR2X1    | 0.077 |   1.821 |    2.437 | 
     | picorv32_core_genblk1.pcpi_mul_mul_2371_47_g12780  | B ^ -> Y v   | NOR2X1    | 0.055 |   1.876 |    2.491 | 
     | picorv32_core_genblk1.pcpi_mul_mul_2371_47_g12775  | B v -> Y ^   | NOR2X1    | 0.068 |   1.944 |    2.560 | 
     | picorv32_core_genblk1.pcpi_mul_mul_2371_47_g12693  | B ^ -> Y v   | NOR2X1    | 0.056 |   2.001 |    2.616 | 
     | picorv32_core_genblk1.pcpi_mul_mul_2371_47_g12660  | C v -> Y ^   | NOR3X1    | 0.063 |   2.064 |    2.679 | 
     | picorv32_core_genblk1.pcpi_mul_mul_2371_47_g14491  | AN ^ -> Y ^  | NAND2BX1  | 0.068 |   2.132 |    2.747 | 
     | picorv32_core_genblk1.pcpi_mul_mul_2371_47_g12651  | B ^ -> Y v   | NOR2X1    | 0.027 |   2.159 |    2.774 | 
     | picorv32_core_genblk1.pcpi_mul_mul_2371_47_g12640  | A1 v -> Y ^  | OAI21X1   | 0.045 |   2.204 |    2.819 | 
     | picorv32_core_genblk1.pcpi_mul_mul_2371_47_g12630  | B ^ -> Y v   | NAND2X1   | 0.048 |   2.252 |    2.867 | 
     | picorv32_core_genblk1.pcpi_mul_mul_2371_47_g12614  | A1 v -> Y ^  | AOI21X1   | 0.057 |   2.309 |    2.924 | 
     | picorv32_core_genblk1.pcpi_mul_mul_2371_47_g12611  | B ^ -> Y v   | NOR2X1    | 0.039 |   2.348 |    2.963 | 
     | picorv32_core_genblk1.pcpi_mul_mul_2371_47_g12608  | B v -> Y v   | AND2X1    | 0.050 |   2.398 |    3.013 | 
     | picorv32_core_genblk1.pcpi_mul_mul_2371_47_g12603  | A1 v -> Y ^  | OAI21X1   | 0.040 |   2.438 |    3.054 | 
     | picorv32_core_genblk1.pcpi_mul_mul_2371_47_g12599  | A1 ^ -> Y v  | AOI21X1   | 0.059 |   2.497 |    3.112 | 
     | picorv32_core_genblk1.pcpi_mul_mul_2371_47_g12597  | B v -> Y ^   | NOR2X1    | 0.135 |   2.632 |    3.248 | 
     | g175524                                            | C ^ -> Y v   | NOR3BX1   | 0.107 |   2.740 |    3.355 | 
     | g175523                                            | A v -> Y ^   | NOR2X1    | 0.082 |   2.822 |    3.437 | 
     | g175514                                            | A1N ^ -> Y ^ | AOI2BB1X1 | 0.104 |   2.925 |    3.541 | 
     | picorv32_core_genblk1.pcpi_mul_mul_2371_47_g12566  | A2 ^ -> Y v  | OAI31X1   | 0.093 |   3.019 |    3.634 | 
     | picorv32_core_genblk1.pcpi_mul_mul_2371_47_g12560  | B v -> Y ^   | NAND2X1   | 0.065 |   3.084 |    3.699 | 
     | picorv32_core_genblk1.pcpi_mul_mul_2371_47_g12552  | A1 ^ -> Y v  | OAI21X1   | 0.058 |   3.142 |    3.758 | 
     | picorv32_core_genblk1.pcpi_mul_mul_2371_47_g12546  | A1N v -> Y v | OAI2BB1X1 | 0.066 |   3.208 |    3.823 | 
     | picorv32_core_genblk1.pcpi_mul_mul_2371_47_g12540  | B v -> Y ^   | XNOR2X1   | 0.101 |   3.309 |    3.924 | 
     | picorv32_core_genblk1.pcpi_mul_rd_reg[51]          | D ^          | DFFHQX1   | 0.000 |   3.309 |    3.924 | 
     +------------------------------------------------------------------------------------------------------------+ 
Path 13: MET Setup Check with Pin picorv32_core_genblk1.pcpi_mul_rd_reg[52]/CK 
Endpoint:   picorv32_core_genblk1.pcpi_mul_rd_reg[52]/D  (^) checked with  
leading edge of 'clk'
Beginpoint: picorv32_core_genblk1.pcpi_mul_rs2_reg[1]/QN (^) triggered by  
leading edge of 'clk'
Path Groups: {reg2reg}
Analysis View: analysis1
Other End Arrival Time          0.000
- Setup                         0.051
+ Phase Shift                   4.000
- Uncertainty                   0.020
= Required Time                 3.929
- Arrival Time                  3.302
= Slack Time                    0.627
     Clock Rise Edge                 0.000
     + Clock Network Latency (Ideal) 0.000
     = Beginpoint Arrival Time       0.000
     +------------------------------------------------------------------------------------------------------------+ 
     |                      Instance                      |     Arc      |   Cell    | Delay | Arrival | Required | 
     |                                                    |              |           |       |  Time   |   Time   | 
     |----------------------------------------------------+--------------+-----------+-------+---------+----------| 
     | picorv32_core_genblk1.pcpi_mul_rs2_reg[1]          | CK ^         |           |       |   0.000 |    0.627 | 
     | picorv32_core_genblk1.pcpi_mul_rs2_reg[1]          | CK ^ -> QN ^ | EDFFX2    | 0.179 |   0.179 |    0.806 | 
     | g175521                                            | A1 ^ -> Y ^  | OA22X2    | 0.203 |   0.382 |    1.009 | 
     | picorv32_core_genblk1.pcpi_mul_mul_2371_47_g13589  | A ^ -> Y ^   | AND2X1    | 0.134 |   0.516 |    1.143 | 
     | picorv32_core_genblk1.pcpi_mul_mul_2371_47_g13550  | A ^ -> Y v   | INVX2     | 0.114 |   0.630 |    1.257 | 
     | picorv32_core_genblk1.pcpi_mul_mul_2371_47_g13479  | A1 v -> Y ^  | OAI22X1   | 0.120 |   0.750 |    1.377 | 
     | picorv32_core_genblk1.pcpi_mul_mul_2371_47_cdnfadd | B ^ -> S v   | ADDFX1    | 0.197 |   0.947 |    1.574 | 
     | _004_0                                             |              |           |       |         |          | 
     | picorv32_core_genblk1.pcpi_mul_mul_2371_47_g12959  | B v -> Y ^   | NOR2X1    | 0.044 |   0.991 |    1.618 | 
     | picorv32_core_genblk1.pcpi_mul_mul_2371_47_g12953  | A0 ^ -> Y v  | OAI21X1   | 0.066 |   1.057 |    1.684 | 
     | picorv32_core_genblk1.pcpi_mul_mul_2371_47_g12949  | A v -> Y ^   | INVX1     | 0.033 |   1.091 |    1.718 | 
     | picorv32_core_genblk1.pcpi_mul_mul_2371_47_g12948  | A1 ^ -> Y v  | OAI21X1   | 0.049 |   1.140 |    1.767 | 
     | picorv32_core_genblk1.pcpi_mul_mul_2371_47_g12935  | CI v -> CO v | ADDFX1    | 0.113 |   1.252 |    1.880 | 
     | picorv32_core_genblk1.pcpi_mul_mul_2371_47_g14505  | AN v -> Y v  | NOR2BX1   | 0.045 |   1.297 |    1.925 | 
     | picorv32_core_genblk1.pcpi_mul_mul_2371_47_g12932  | B v -> Y ^   | NOR2X1    | 0.039 |   1.337 |    1.964 | 
     | picorv32_core_genblk1.pcpi_mul_mul_2371_47_g12910  | B ^ -> Y v   | NOR2X1    | 0.038 |   1.374 |    2.002 | 
     | picorv32_core_genblk1.pcpi_mul_mul_2371_47_g12906  | A1 v -> Y ^  | AOI21X1   | 0.050 |   1.424 |    2.051 | 
     | picorv32_core_genblk1.pcpi_mul_mul_2371_47_g14478  | A1N ^ -> Y ^ | AOI2BB1X1 | 0.075 |   1.499 |    2.126 | 
     | picorv32_core_genblk1.pcpi_mul_mul_2371_47_g12892  | A1 ^ -> Y v  | OAI21X1   | 0.068 |   1.567 |    2.194 | 
     | picorv32_core_genblk1.pcpi_mul_mul_2371_47_g12857  | B v -> Y ^   | NAND2X1   | 0.043 |   1.610 |    2.237 | 
     | picorv32_core_genblk1.pcpi_mul_mul_2371_47_g12852  | B ^ -> Y v   | NOR2X1    | 0.028 |   1.638 |    2.266 | 
     | picorv32_core_genblk1.pcpi_mul_mul_2371_47_g12843  | A1 v -> Y ^  | OAI21X1   | 0.044 |   1.683 |    2.310 | 
     | picorv32_core_genblk1.pcpi_mul_mul_2371_47_g12833  | A1 ^ -> Y v  | AOI21X1   | 0.061 |   1.744 |    2.371 | 
     | picorv32_core_genblk1.pcpi_mul_mul_2371_47_g12818  | B v -> Y ^   | NOR2X1    | 0.077 |   1.821 |    2.449 | 
     | picorv32_core_genblk1.pcpi_mul_mul_2371_47_g12780  | B ^ -> Y v   | NOR2X1    | 0.055 |   1.876 |    2.503 | 
     | picorv32_core_genblk1.pcpi_mul_mul_2371_47_g12775  | B v -> Y ^   | NOR2X1    | 0.068 |   1.944 |    2.572 | 
     | picorv32_core_genblk1.pcpi_mul_mul_2371_47_g12693  | B ^ -> Y v   | NOR2X1    | 0.056 |   2.001 |    2.628 | 
     | picorv32_core_genblk1.pcpi_mul_mul_2371_47_g12660  | C v -> Y ^   | NOR3X1    | 0.063 |   2.064 |    2.692 | 
     | picorv32_core_genblk1.pcpi_mul_mul_2371_47_g14491  | AN ^ -> Y ^  | NAND2BX1  | 0.068 |   2.132 |    2.760 | 
     | picorv32_core_genblk1.pcpi_mul_mul_2371_47_g12651  | B ^ -> Y v   | NOR2X1    | 0.027 |   2.159 |    2.787 | 
     | picorv32_core_genblk1.pcpi_mul_mul_2371_47_g12640  | A1 v -> Y ^  | OAI21X1   | 0.045 |   2.204 |    2.831 | 
     | picorv32_core_genblk1.pcpi_mul_mul_2371_47_g12630  | B ^ -> Y v   | NAND2X1   | 0.048 |   2.252 |    2.879 | 
     | picorv32_core_genblk1.pcpi_mul_mul_2371_47_g12614  | A1 v -> Y ^  | AOI21X1   | 0.057 |   2.309 |    2.936 | 
     | picorv32_core_genblk1.pcpi_mul_mul_2371_47_g12611  | B ^ -> Y v   | NOR2X1    | 0.039 |   2.348 |    2.976 | 
     | picorv32_core_genblk1.pcpi_mul_mul_2371_47_g12608  | B v -> Y v   | AND2X1    | 0.050 |   2.398 |    3.026 | 
     | picorv32_core_genblk1.pcpi_mul_mul_2371_47_g12603  | A1 v -> Y ^  | OAI21X1   | 0.040 |   2.438 |    3.066 | 
     | picorv32_core_genblk1.pcpi_mul_mul_2371_47_g12599  | A1 ^ -> Y v  | AOI21X1   | 0.059 |   2.497 |    3.124 | 
     | picorv32_core_genblk1.pcpi_mul_mul_2371_47_g12597  | B v -> Y ^   | NOR2X1    | 0.135 |   2.632 |    3.260 | 
     | g175524                                            | C ^ -> Y v   | NOR3BX1   | 0.107 |   2.740 |    3.367 | 
     | g175523                                            | A v -> Y ^   | NOR2X1    | 0.082 |   2.822 |    3.449 | 
     | g175514                                            | A1N ^ -> Y ^ | AOI2BB1X1 | 0.104 |   2.925 |    3.553 | 
     | picorv32_core_genblk1.pcpi_mul_mul_2371_47_g12566  | A2 ^ -> Y v  | OAI31X1   | 0.093 |   3.019 |    3.646 | 
     | picorv32_core_genblk1.pcpi_mul_mul_2371_47_g12560  | B v -> Y ^   | NAND2X1   | 0.065 |   3.084 |    3.711 | 
     | picorv32_core_genblk1.pcpi_mul_mul_2371_47_g12556  | B ^ -> Y v   | NOR2X1    | 0.035 |   3.119 |    3.746 | 
     | picorv32_core_genblk1.pcpi_mul_mul_2371_47_g12553  | B v -> Y ^   | NOR2X1    | 0.082 |   3.201 |    3.828 | 
     | picorv32_core_genblk1.pcpi_mul_mul_2371_47_g12549  | B ^ -> Y ^   | XNOR2X1   | 0.101 |   3.302 |    3.929 | 
     | picorv32_core_genblk1.pcpi_mul_rd_reg[52]          | D ^          | DFFHQX1   | 0.000 |   3.302 |    3.929 | 
     +------------------------------------------------------------------------------------------------------------+ 
Path 14: MET Setup Check with Pin picorv32_core_genblk1.pcpi_mul_rd_reg[50]/CK 
Endpoint:   picorv32_core_genblk1.pcpi_mul_rd_reg[50]/D  (^) checked with  
leading edge of 'clk'
Beginpoint: picorv32_core_genblk1.pcpi_mul_rs2_reg[1]/QN (^) triggered by  
leading edge of 'clk'
Path Groups: {reg2reg}
Analysis View: analysis1
Other End Arrival Time          0.000
- Setup                         0.057
+ Phase Shift                   4.000
- Uncertainty                   0.020
= Required Time                 3.923
- Arrival Time                  3.250
= Slack Time                    0.673
     Clock Rise Edge                 0.000
     + Clock Network Latency (Ideal) 0.000
     = Beginpoint Arrival Time       0.000
     +------------------------------------------------------------------------------------------------------------+ 
     |                      Instance                      |     Arc      |   Cell    | Delay | Arrival | Required | 
     |                                                    |              |           |       |  Time   |   Time   | 
     |----------------------------------------------------+--------------+-----------+-------+---------+----------| 
     | picorv32_core_genblk1.pcpi_mul_rs2_reg[1]          | CK ^         |           |       |   0.000 |    0.673 | 
     | picorv32_core_genblk1.pcpi_mul_rs2_reg[1]          | CK ^ -> QN ^ | EDFFX2    | 0.179 |   0.179 |    0.851 | 
     | g175521                                            | A1 ^ -> Y ^  | OA22X2    | 0.203 |   0.382 |    1.054 | 
     | picorv32_core_genblk1.pcpi_mul_mul_2371_47_g13589  | A ^ -> Y ^   | AND2X1    | 0.134 |   0.516 |    1.189 | 
     | picorv32_core_genblk1.pcpi_mul_mul_2371_47_g13550  | A ^ -> Y v   | INVX2     | 0.114 |   0.630 |    1.303 | 
     | picorv32_core_genblk1.pcpi_mul_mul_2371_47_g13479  | A1 v -> Y ^  | OAI22X1   | 0.120 |   0.750 |    1.423 | 
     | picorv32_core_genblk1.pcpi_mul_mul_2371_47_cdnfadd | B ^ -> S v   | ADDFX1    | 0.197 |   0.947 |    1.620 | 
     | _004_0                                             |              |           |       |         |          | 
     | picorv32_core_genblk1.pcpi_mul_mul_2371_47_g12959  | B v -> Y ^   | NOR2X1    | 0.044 |   0.991 |    1.664 | 
     | picorv32_core_genblk1.pcpi_mul_mul_2371_47_g12953  | A0 ^ -> Y v  | OAI21X1   | 0.066 |   1.057 |    1.730 | 
     | picorv32_core_genblk1.pcpi_mul_mul_2371_47_g12949  | A v -> Y ^   | INVX1     | 0.033 |   1.091 |    1.763 | 
     | picorv32_core_genblk1.pcpi_mul_mul_2371_47_g12948  | A1 ^ -> Y v  | OAI21X1   | 0.049 |   1.140 |    1.813 | 
     | picorv32_core_genblk1.pcpi_mul_mul_2371_47_g12935  | CI v -> CO v | ADDFX1    | 0.113 |   1.252 |    1.925 | 
     | picorv32_core_genblk1.pcpi_mul_mul_2371_47_g14505  | AN v -> Y v  | NOR2BX1   | 0.045 |   1.297 |    1.970 | 
     | picorv32_core_genblk1.pcpi_mul_mul_2371_47_g12932  | B v -> Y ^   | NOR2X1    | 0.039 |   1.337 |    2.010 | 
     | picorv32_core_genblk1.pcpi_mul_mul_2371_47_g12910  | B ^ -> Y v   | NOR2X1    | 0.038 |   1.374 |    2.047 | 
     | picorv32_core_genblk1.pcpi_mul_mul_2371_47_g12906  | A1 v -> Y ^  | AOI21X1   | 0.050 |   1.424 |    2.097 | 
     | picorv32_core_genblk1.pcpi_mul_mul_2371_47_g14478  | A1N ^ -> Y ^ | AOI2BB1X1 | 0.075 |   1.499 |    2.171 | 
     | picorv32_core_genblk1.pcpi_mul_mul_2371_47_g12892  | A1 ^ -> Y v  | OAI21X1   | 0.068 |   1.567 |    2.240 | 
     | picorv32_core_genblk1.pcpi_mul_mul_2371_47_g12857  | B v -> Y ^   | NAND2X1   | 0.043 |   1.610 |    2.283 | 
     | picorv32_core_genblk1.pcpi_mul_mul_2371_47_g12852  | B ^ -> Y v   | NOR2X1    | 0.028 |   1.638 |    2.311 | 
     | picorv32_core_genblk1.pcpi_mul_mul_2371_47_g12843  | A1 v -> Y ^  | OAI21X1   | 0.044 |   1.683 |    2.356 | 
     | picorv32_core_genblk1.pcpi_mul_mul_2371_47_g12833  | A1 ^ -> Y v  | AOI21X1   | 0.061 |   1.744 |    2.417 | 
     | picorv32_core_genblk1.pcpi_mul_mul_2371_47_g12818  | B v -> Y ^   | NOR2X1    | 0.077 |   1.821 |    2.494 | 
     | picorv32_core_genblk1.pcpi_mul_mul_2371_47_g12780  | B ^ -> Y v   | NOR2X1    | 0.055 |   1.876 |    2.549 | 
     | picorv32_core_genblk1.pcpi_mul_mul_2371_47_g12775  | B v -> Y ^   | NOR2X1    | 0.068 |   1.944 |    2.617 | 
     | picorv32_core_genblk1.pcpi_mul_mul_2371_47_g12693  | B ^ -> Y v   | NOR2X1    | 0.056 |   2.001 |    2.674 | 
     | picorv32_core_genblk1.pcpi_mul_mul_2371_47_g12660  | C v -> Y ^   | NOR3X1    | 0.063 |   2.064 |    2.737 | 
     | picorv32_core_genblk1.pcpi_mul_mul_2371_47_g14491  | AN ^ -> Y ^  | NAND2BX1  | 0.068 |   2.132 |    2.805 | 
     | picorv32_core_genblk1.pcpi_mul_mul_2371_47_g12651  | B ^ -> Y v   | NOR2X1    | 0.027 |   2.159 |    2.832 | 
     | picorv32_core_genblk1.pcpi_mul_mul_2371_47_g12640  | A1 v -> Y ^  | OAI21X1   | 0.045 |   2.204 |    2.877 | 
     | picorv32_core_genblk1.pcpi_mul_mul_2371_47_g12630  | B ^ -> Y v   | NAND2X1   | 0.048 |   2.252 |    2.925 | 
     | picorv32_core_genblk1.pcpi_mul_mul_2371_47_g12614  | A1 v -> Y ^  | AOI21X1   | 0.057 |   2.309 |    2.982 | 
     | picorv32_core_genblk1.pcpi_mul_mul_2371_47_g12611  | B ^ -> Y v   | NOR2X1    | 0.039 |   2.348 |    3.021 | 
     | picorv32_core_genblk1.pcpi_mul_mul_2371_47_g12608  | B v -> Y v   | AND2X1    | 0.050 |   2.398 |    3.071 | 
     | picorv32_core_genblk1.pcpi_mul_mul_2371_47_g12603  | A1 v -> Y ^  | OAI21X1   | 0.040 |   2.438 |    3.111 | 
     | picorv32_core_genblk1.pcpi_mul_mul_2371_47_g12599  | A1 ^ -> Y v  | AOI21X1   | 0.059 |   2.497 |    3.170 | 
     | picorv32_core_genblk1.pcpi_mul_mul_2371_47_g12597  | B v -> Y ^   | NOR2X1    | 0.135 |   2.632 |    3.305 | 
     | g175524                                            | C ^ -> Y v   | NOR3BX1   | 0.107 |   2.740 |    3.412 | 
     | g175523                                            | A v -> Y ^   | NOR2X1    | 0.082 |   2.822 |    3.494 | 
     | g175514                                            | A1N ^ -> Y ^ | AOI2BB1X1 | 0.104 |   2.925 |    3.598 | 
     | picorv32_core_genblk1.pcpi_mul_mul_2371_47_g12566  | A2 ^ -> Y v  | OAI31X1   | 0.093 |   3.019 |    3.692 | 
     | picorv32_core_genblk1.pcpi_mul_mul_2371_47_g12560  | B v -> Y ^   | NAND2X1   | 0.065 |   3.084 |    3.757 | 
     | picorv32_core_genblk1.pcpi_mul_mul_2371_47_g12552  | A1 ^ -> Y v  | OAI21X1   | 0.058 |   3.142 |    3.815 | 
     | picorv32_core_genblk1.pcpi_mul_mul_2371_47_g12548  | B v -> Y ^   | XNOR2X1   | 0.107 |   3.250 |    3.923 | 
     | picorv32_core_genblk1.pcpi_mul_rd_reg[50]          | D ^          | DFFHQX1   | 0.000 |   3.250 |    3.923 | 
     +------------------------------------------------------------------------------------------------------------+ 
Path 15: MET Setup Check with Pin picorv32_core_genblk1.pcpi_mul_rd_reg[49]/CK 
Endpoint:   picorv32_core_genblk1.pcpi_mul_rd_reg[49]/D  (^) checked with  
leading edge of 'clk'
Beginpoint: picorv32_core_genblk1.pcpi_mul_rs2_reg[1]/QN (^) triggered by  
leading edge of 'clk'
Path Groups: {reg2reg}
Analysis View: analysis1
Other End Arrival Time          0.000
- Setup                         0.054
+ Phase Shift                   4.000
- Uncertainty                   0.020
= Required Time                 3.926
- Arrival Time                  3.227
= Slack Time                    0.699
     Clock Rise Edge                 0.000
     + Clock Network Latency (Ideal) 0.000
     = Beginpoint Arrival Time       0.000
     +------------------------------------------------------------------------------------------------------------+ 
     |                      Instance                      |     Arc      |   Cell    | Delay | Arrival | Required | 
     |                                                    |              |           |       |  Time   |   Time   | 
     |----------------------------------------------------+--------------+-----------+-------+---------+----------| 
     | picorv32_core_genblk1.pcpi_mul_rs2_reg[1]          | CK ^         |           |       |   0.000 |    0.699 | 
     | picorv32_core_genblk1.pcpi_mul_rs2_reg[1]          | CK ^ -> QN ^ | EDFFX2    | 0.179 |   0.179 |    0.878 | 
     | g175521                                            | A1 ^ -> Y ^  | OA22X2    | 0.203 |   0.382 |    1.081 | 
     | picorv32_core_genblk1.pcpi_mul_mul_2371_47_g13589  | A ^ -> Y ^   | AND2X1    | 0.134 |   0.516 |    1.215 | 
     | picorv32_core_genblk1.pcpi_mul_mul_2371_47_g13550  | A ^ -> Y v   | INVX2     | 0.114 |   0.630 |    1.329 | 
     | picorv32_core_genblk1.pcpi_mul_mul_2371_47_g13479  | A1 v -> Y ^  | OAI22X1   | 0.120 |   0.750 |    1.449 | 
     | picorv32_core_genblk1.pcpi_mul_mul_2371_47_cdnfadd | B ^ -> S v   | ADDFX1    | 0.197 |   0.947 |    1.646 | 
     | _004_0                                             |              |           |       |         |          | 
     | picorv32_core_genblk1.pcpi_mul_mul_2371_47_g12959  | B v -> Y ^   | NOR2X1    | 0.044 |   0.991 |    1.690 | 
     | picorv32_core_genblk1.pcpi_mul_mul_2371_47_g12953  | A0 ^ -> Y v  | OAI21X1   | 0.066 |   1.057 |    1.756 | 
     | picorv32_core_genblk1.pcpi_mul_mul_2371_47_g12949  | A v -> Y ^   | INVX1     | 0.033 |   1.091 |    1.790 | 
     | picorv32_core_genblk1.pcpi_mul_mul_2371_47_g12948  | A1 ^ -> Y v  | OAI21X1   | 0.049 |   1.140 |    1.839 | 
     | picorv32_core_genblk1.pcpi_mul_mul_2371_47_g12935  | CI v -> CO v | ADDFX1    | 0.113 |   1.252 |    1.952 | 
     | picorv32_core_genblk1.pcpi_mul_mul_2371_47_g14505  | AN v -> Y v  | NOR2BX1   | 0.045 |   1.297 |    1.997 | 
     | picorv32_core_genblk1.pcpi_mul_mul_2371_47_g12932  | B v -> Y ^   | NOR2X1    | 0.039 |   1.337 |    2.036 | 
     | picorv32_core_genblk1.pcpi_mul_mul_2371_47_g12910  | B ^ -> Y v   | NOR2X1    | 0.038 |   1.374 |    2.074 | 
     | picorv32_core_genblk1.pcpi_mul_mul_2371_47_g12906  | A1 v -> Y ^  | AOI21X1   | 0.050 |   1.424 |    2.123 | 
     | picorv32_core_genblk1.pcpi_mul_mul_2371_47_g14478  | A1N ^ -> Y ^ | AOI2BB1X1 | 0.075 |   1.499 |    2.198 | 
     | picorv32_core_genblk1.pcpi_mul_mul_2371_47_g12892  | A1 ^ -> Y v  | OAI21X1   | 0.068 |   1.567 |    2.266 | 
     | picorv32_core_genblk1.pcpi_mul_mul_2371_47_g12857  | B v -> Y ^   | NAND2X1   | 0.043 |   1.610 |    2.309 | 
     | picorv32_core_genblk1.pcpi_mul_mul_2371_47_g12852  | B ^ -> Y v   | NOR2X1    | 0.028 |   1.638 |    2.338 | 
     | picorv32_core_genblk1.pcpi_mul_mul_2371_47_g12843  | A1 v -> Y ^  | OAI21X1   | 0.044 |   1.683 |    2.382 | 
     | picorv32_core_genblk1.pcpi_mul_mul_2371_47_g12833  | A1 ^ -> Y v  | AOI21X1   | 0.061 |   1.744 |    2.443 | 
     | picorv32_core_genblk1.pcpi_mul_mul_2371_47_g12818  | B v -> Y ^   | NOR2X1    | 0.077 |   1.821 |    2.521 | 
     | picorv32_core_genblk1.pcpi_mul_mul_2371_47_g12780  | B ^ -> Y v   | NOR2X1    | 0.055 |   1.876 |    2.575 | 
     | picorv32_core_genblk1.pcpi_mul_mul_2371_47_g12775  | B v -> Y ^   | NOR2X1    | 0.068 |   1.944 |    2.644 | 
     | picorv32_core_genblk1.pcpi_mul_mul_2371_47_g12693  | B ^ -> Y v   | NOR2X1    | 0.056 |   2.001 |    2.700 | 
     | picorv32_core_genblk1.pcpi_mul_mul_2371_47_g12660  | C v -> Y ^   | NOR3X1    | 0.063 |   2.064 |    2.764 | 
     | picorv32_core_genblk1.pcpi_mul_mul_2371_47_g14491  | AN ^ -> Y ^  | NAND2BX1  | 0.068 |   2.132 |    2.832 | 
     | picorv32_core_genblk1.pcpi_mul_mul_2371_47_g12651  | B ^ -> Y v   | NOR2X1    | 0.027 |   2.159 |    2.859 | 
     | picorv32_core_genblk1.pcpi_mul_mul_2371_47_g12640  | A1 v -> Y ^  | OAI21X1   | 0.045 |   2.204 |    2.903 | 
     | picorv32_core_genblk1.pcpi_mul_mul_2371_47_g12630  | B ^ -> Y v   | NAND2X1   | 0.048 |   2.252 |    2.951 | 
     | picorv32_core_genblk1.pcpi_mul_mul_2371_47_g12614  | A1 v -> Y ^  | AOI21X1   | 0.057 |   2.309 |    3.008 | 
     | picorv32_core_genblk1.pcpi_mul_mul_2371_47_g12611  | B ^ -> Y v   | NOR2X1    | 0.039 |   2.348 |    3.048 | 
     | picorv32_core_genblk1.pcpi_mul_mul_2371_47_g12608  | B v -> Y v   | AND2X1    | 0.050 |   2.398 |    3.098 | 
     | picorv32_core_genblk1.pcpi_mul_mul_2371_47_g12603  | A1 v -> Y ^  | OAI21X1   | 0.040 |   2.438 |    3.138 | 
     | picorv32_core_genblk1.pcpi_mul_mul_2371_47_g12599  | A1 ^ -> Y v  | AOI21X1   | 0.059 |   2.497 |    3.196 | 
     | picorv32_core_genblk1.pcpi_mul_mul_2371_47_g12597  | B v -> Y ^   | NOR2X1    | 0.135 |   2.632 |    3.332 | 
     | g175524                                            | C ^ -> Y v   | NOR3BX1   | 0.107 |   2.740 |    3.439 | 
     | g175523                                            | A v -> Y ^   | NOR2X1    | 0.082 |   2.822 |    3.521 | 
     | g175514                                            | A1N ^ -> Y ^ | AOI2BB1X1 | 0.104 |   2.925 |    3.625 | 
     | picorv32_core_genblk1.pcpi_mul_mul_2371_47_g12566  | A2 ^ -> Y v  | OAI31X1   | 0.093 |   3.019 |    3.718 | 
     | picorv32_core_genblk1.pcpi_mul_mul_2371_47_g12560  | B v -> Y ^   | NAND2X1   | 0.065 |   3.084 |    3.783 | 
     | picorv32_core_genblk1.pcpi_mul_mul_2371_47_g12555  | B ^ -> Y v   | NAND2X1   | 0.046 |   3.130 |    3.829 | 
     | picorv32_core_genblk1.pcpi_mul_mul_2371_47_g12551  | B v -> Y ^   | XNOR2X1   | 0.097 |   3.227 |    3.926 | 
     | picorv32_core_genblk1.pcpi_mul_rd_reg[49]          | D ^          | DFFHQX1   | 0.000 |   3.227 |    3.926 | 
     +------------------------------------------------------------------------------------------------------------+ 
Path 16: MET Setup Check with Pin picorv32_core_reg_next_pc_reg[31]/CK 
Endpoint:   picorv32_core_reg_next_pc_reg[31]/D (^) checked with  leading edge 
of 'clk'
Beginpoint: picorv32_core_irq_mask_reg[8]/Q     (^) triggered by  leading edge 
of 'clk'
Path Groups: {reg2reg}
Analysis View: analysis1
Other End Arrival Time          0.000
- Setup                         0.055
+ Phase Shift                   4.000
- Uncertainty                   0.020
= Required Time                 3.925
- Arrival Time                  3.191
= Slack Time                    0.733
     Clock Rise Edge                 0.000
     + Clock Network Latency (Ideal) 0.000
     = Beginpoint Arrival Time       0.000
     +-------------------------------------------------------------------------------------------------------+ 
     |                   Instance                    |     Arc      |   Cell    | Delay | Arrival | Required | 
     |                                               |              |           |       |  Time   |   Time   | 
     |-----------------------------------------------+--------------+-----------+-------+---------+----------| 
     | picorv32_core_irq_mask_reg[8]                 | CK ^         |           |       |   0.000 |    0.733 | 
     | picorv32_core_irq_mask_reg[8]                 | CK ^ -> Q ^  | DFFHQX1   | 0.128 |   0.128 |    0.861 | 
     | g175494                                       | AN ^ -> Y ^  | NAND2BX1  | 0.093 |   0.221 |    0.955 | 
     | picorv32_core_g79790__6131                    | A ^ -> Y v   | NAND4XL   | 0.201 |   0.422 |    1.155 | 
     | picorv32_core_g79732__5115                    | A v -> Y ^   | NOR2X1    | 0.109 |   0.531 |    1.264 | 
     | picorv32_core_g79723__1617                    | B ^ -> Y v   | NAND2X1   | 0.044 |   0.575 |    1.308 | 
     | picorv32_core_g79712__5477                    | B v -> Y ^   | NOR2X1    | 0.080 |   0.655 |    1.388 | 
     | picorv32_core_g79708__2346                    | D ^ -> Y v   | NOR4X1    | 0.074 |   0.729 |    1.462 | 
     | picorv32_core_g79702__6161                    | B v -> Y ^   | NOR2X1    | 0.055 |   0.784 |    1.517 | 
     | g175506                                       | C ^ -> Y v   | NAND3X1   | 0.079 |   0.863 |    1.596 | 
     | picorv32_core_g79690__1705                    | B v -> Y ^   | NOR2X1    | 0.063 |   0.925 |    1.659 | 
     | picorv32_core_g79685__3680                    | B ^ -> Y ^   | AND2X2    | 0.152 |   1.077 |    1.810 | 
     | picorv32_core_g79681__8428                    | B ^ -> Y v   | NAND2X1   | 0.108 |   1.185 |    1.918 | 
     | picorv32_core_g79660__5122                    | C v -> Y ^   | NAND3X2   | 0.063 |   1.248 |    1.981 | 
     | picorv32_core_add_1569_33_Y_add_1552_33_g1255 | B ^ -> Y v   | NOR2X1    | 0.040 |   1.288 |    2.021 | 
     | picorv32_core_add_1569_33_Y_add_1552_33_g1203 | A0 v -> Y ^  | OAI21X1   | 0.062 |   1.350 |    2.083 | 
     | picorv32_core_add_1569_33_Y_add_1552_33_g1297 | AN ^ -> Y ^  | NOR2BX1   | 0.070 |   1.420 |    2.154 | 
     | picorv32_core_add_1569_33_Y_add_1552_33_g1195 | B ^ -> Y v   | NOR2X1    | 0.036 |   1.456 |    2.190 | 
     | g175509                                       | A1N v -> Y v | AOI2BB1X1 | 0.072 |   1.528 |    2.261 | 
     | g175508                                       | A1N v -> Y v | AOI2BB1X1 | 0.071 |   1.599 |    2.332 | 
     | g175507                                       | A1N v -> Y v | AOI2BB1X1 | 0.079 |   1.677 |    2.411 | 
     | picorv32_core_add_1569_33_Y_add_1552_33_g1179 | B v -> Y ^   | NOR2X1    | 0.054 |   1.731 |    2.465 | 
     | picorv32_core_add_1569_33_Y_add_1552_33_g1176 | B ^ -> Y v   | NAND2X1   | 0.056 |   1.787 |    2.520 | 
     | picorv32_core_add_1569_33_Y_add_1552_33_g1174 | C v -> Y ^   | NAND3BX1  | 0.050 |   1.837 |    2.570 | 
     | picorv32_core_add_1569_33_Y_add_1552_33_g1171 | B ^ -> Y v   | NAND2X1   | 0.071 |   1.908 |    2.641 | 
     | picorv32_core_add_1569_33_Y_add_1552_33_g1168 | D v -> Y ^   | NOR4X1    | 0.075 |   1.982 |    2.716 | 
     | picorv32_core_add_1569_33_Y_add_1552_33_g1165 | C ^ -> Y ^   | OR3X1     | 0.078 |   2.060 |    2.793 | 
     | picorv32_core_add_1569_33_Y_add_1552_33_g2    | AN ^ -> Y ^  | NOR4BBX1  | 0.113 |   2.173 |    2.907 | 
     | picorv32_core_add_1569_33_Y_add_1552_33_g1157 | B ^ -> Y ^   | OR2X1     | 0.087 |   2.260 |    2.993 | 
     | picorv32_core_add_1569_33_Y_add_1552_33_g1153 | B ^ -> Y v   | NAND2X1   | 0.071 |   2.331 |    3.064 | 
     | picorv32_core_add_1569_33_Y_add_1552_33_g1148 | D v -> Y ^   | NOR4X1    | 0.071 |   2.402 |    3.135 | 
     | picorv32_core_add_1569_33_Y_add_1552_33_g1145 | B ^ -> Y v   | NOR2X1    | 0.062 |   2.464 |    3.197 | 
     | picorv32_core_add_1569_33_Y_add_1552_33_g1137 | A1 v -> Y ^  | OAI211X1  | 0.066 |   2.530 |    3.264 | 
     | picorv32_core_add_1569_33_Y_add_1552_33_g1134 | CI ^ -> CO ^ | ADDFX1    | 0.119 |   2.650 |    3.383 | 
     | picorv32_core_add_1569_33_Y_add_1552_33_g1133 | CI ^ -> CO ^ | ADDFX1    | 0.104 |   2.753 |    3.487 | 
     | picorv32_core_add_1569_33_Y_add_1552_33_g1132 | CI ^ -> CO ^ | ADDFX1    | 0.104 |   2.857 |    3.591 | 
     | picorv32_core_add_1569_33_Y_add_1552_33_g1131 | CI ^ -> CO ^ | ADDFX1    | 0.101 |   2.958 |    3.692 | 
     | picorv32_core_add_1569_33_Y_add_1552_33_g1130 | CI ^ -> CO ^ | ADDFX1    | 0.099 |   3.057 |    3.791 | 
     | picorv32_core_add_1569_33_Y_add_1552_33_g1129 | B ^ -> Y ^   | XNOR2X1   | 0.067 |   3.124 |    3.858 | 
     | picorv32_core_g167922__5477                   | A1N ^ -> Y ^ | OAI2BB1X1 | 0.067 |   3.191 |    3.925 | 
     | picorv32_core_reg_next_pc_reg[31]             | D ^          | DFFHQX1   | 0.000 |   3.191 |    3.925 | 
     +-------------------------------------------------------------------------------------------------------+ 
Path 17: MET Setup Check with Pin picorv32_core_reg_next_pc_reg[30]/CK 
Endpoint:   picorv32_core_reg_next_pc_reg[30]/D (^) checked with  leading edge 
of 'clk'
Beginpoint: picorv32_core_irq_mask_reg[8]/Q     (^) triggered by  leading edge 
of 'clk'
Path Groups: {reg2reg}
Analysis View: analysis1
Other End Arrival Time          0.000
- Setup                         0.055
+ Phase Shift                   4.000
- Uncertainty                   0.020
= Required Time                 3.925
- Arrival Time                  3.163
= Slack Time                    0.762
     Clock Rise Edge                 0.000
     + Clock Network Latency (Ideal) 0.000
     = Beginpoint Arrival Time       0.000
     +-------------------------------------------------------------------------------------------------------+ 
     |                   Instance                    |     Arc      |   Cell    | Delay | Arrival | Required | 
     |                                               |              |           |       |  Time   |   Time   | 
     |-----------------------------------------------+--------------+-----------+-------+---------+----------| 
     | picorv32_core_irq_mask_reg[8]                 | CK ^         |           |       |   0.000 |    0.762 | 
     | picorv32_core_irq_mask_reg[8]                 | CK ^ -> Q ^  | DFFHQX1   | 0.128 |   0.128 |    0.890 | 
     | g175494                                       | AN ^ -> Y ^  | NAND2BX1  | 0.093 |   0.221 |    0.983 | 
     | picorv32_core_g79790__6131                    | A ^ -> Y v   | NAND4XL   | 0.201 |   0.422 |    1.184 | 
     | picorv32_core_g79732__5115                    | A v -> Y ^   | NOR2X1    | 0.109 |   0.531 |    1.293 | 
     | picorv32_core_g79723__1617                    | B ^ -> Y v   | NAND2X1   | 0.044 |   0.575 |    1.337 | 
     | picorv32_core_g79712__5477                    | B v -> Y ^   | NOR2X1    | 0.080 |   0.655 |    1.417 | 
     | picorv32_core_g79708__2346                    | D ^ -> Y v   | NOR4X1    | 0.074 |   0.729 |    1.491 | 
     | picorv32_core_g79702__6161                    | B v -> Y ^   | NOR2X1    | 0.055 |   0.784 |    1.546 | 
     | g175506                                       | C ^ -> Y v   | NAND3X1   | 0.079 |   0.863 |    1.625 | 
     | picorv32_core_g79690__1705                    | B v -> Y ^   | NOR2X1    | 0.063 |   0.925 |    1.687 | 
     | picorv32_core_g79685__3680                    | B ^ -> Y ^   | AND2X2    | 0.152 |   1.077 |    1.839 | 
     | picorv32_core_g79681__8428                    | B ^ -> Y v   | NAND2X1   | 0.108 |   1.185 |    1.947 | 
     | picorv32_core_g79660__5122                    | C v -> Y ^   | NAND3X2   | 0.063 |   1.248 |    2.010 | 
     | picorv32_core_add_1569_33_Y_add_1552_33_g1255 | B ^ -> Y v   | NOR2X1    | 0.040 |   1.288 |    2.050 | 
     | picorv32_core_add_1569_33_Y_add_1552_33_g1203 | A0 v -> Y ^  | OAI21X1   | 0.062 |   1.350 |    2.112 | 
     | picorv32_core_add_1569_33_Y_add_1552_33_g1297 | AN ^ -> Y ^  | NOR2BX1   | 0.070 |   1.420 |    2.182 | 
     | picorv32_core_add_1569_33_Y_add_1552_33_g1195 | B ^ -> Y v   | NOR2X1    | 0.036 |   1.456 |    2.218 | 
     | g175509                                       | A1N v -> Y v | AOI2BB1X1 | 0.072 |   1.528 |    2.290 | 
     | g175508                                       | A1N v -> Y v | AOI2BB1X1 | 0.071 |   1.599 |    2.361 | 
     | g175507                                       | A1N v -> Y v | AOI2BB1X1 | 0.079 |   1.677 |    2.439 | 
     | picorv32_core_add_1569_33_Y_add_1552_33_g1179 | B v -> Y ^   | NOR2X1    | 0.054 |   1.731 |    2.493 | 
     | picorv32_core_add_1569_33_Y_add_1552_33_g1176 | B ^ -> Y v   | NAND2X1   | 0.056 |   1.787 |    2.549 | 
     | picorv32_core_add_1569_33_Y_add_1552_33_g1174 | C v -> Y ^   | NAND3BX1  | 0.050 |   1.837 |    2.599 | 
     | picorv32_core_add_1569_33_Y_add_1552_33_g1171 | B ^ -> Y v   | NAND2X1   | 0.071 |   1.908 |    2.669 | 
     | picorv32_core_add_1569_33_Y_add_1552_33_g1168 | D v -> Y ^   | NOR4X1    | 0.075 |   1.982 |    2.744 | 
     | picorv32_core_add_1569_33_Y_add_1552_33_g1165 | C ^ -> Y ^   | OR3X1     | 0.078 |   2.060 |    2.822 | 
     | picorv32_core_add_1569_33_Y_add_1552_33_g2    | AN ^ -> Y ^  | NOR4BBX1  | 0.113 |   2.173 |    2.935 | 
     | picorv32_core_add_1569_33_Y_add_1552_33_g1157 | B ^ -> Y ^   | OR2X1     | 0.087 |   2.260 |    3.022 | 
     | picorv32_core_add_1569_33_Y_add_1552_33_g1153 | B ^ -> Y v   | NAND2X1   | 0.071 |   2.331 |    3.093 | 
     | picorv32_core_add_1569_33_Y_add_1552_33_g1148 | D v -> Y ^   | NOR4X1    | 0.071 |   2.402 |    3.164 | 
     | picorv32_core_add_1569_33_Y_add_1552_33_g1145 | B ^ -> Y v   | NOR2X1    | 0.062 |   2.464 |    3.226 | 
     | picorv32_core_add_1569_33_Y_add_1552_33_g1137 | A1 v -> Y ^  | OAI211X1  | 0.066 |   2.530 |    3.292 | 
     | picorv32_core_add_1569_33_Y_add_1552_33_g1134 | CI ^ -> CO ^ | ADDFX1    | 0.119 |   2.650 |    3.412 | 
     | picorv32_core_add_1569_33_Y_add_1552_33_g1133 | CI ^ -> CO ^ | ADDFX1    | 0.104 |   2.753 |    3.515 | 
     | picorv32_core_add_1569_33_Y_add_1552_33_g1132 | CI ^ -> CO ^ | ADDFX1    | 0.104 |   2.857 |    3.619 | 
     | picorv32_core_add_1569_33_Y_add_1552_33_g1131 | CI ^ -> CO ^ | ADDFX1    | 0.101 |   2.958 |    3.720 | 
     | picorv32_core_add_1569_33_Y_add_1552_33_g1130 | CI ^ -> S ^  | ADDFX1    | 0.135 |   3.094 |    3.855 | 
     | picorv32_core_g167921__6417                   | A1N ^ -> Y ^ | OAI2BB1X1 | 0.069 |   3.163 |    3.925 | 
     | picorv32_core_reg_next_pc_reg[30]             | D ^          | DFFHQX1   | 0.000 |   3.163 |    3.925 | 
     +-------------------------------------------------------------------------------------------------------+ 
Path 18: MET Setup Check with Pin picorv32_core_genblk1.pcpi_mul_rd_reg[47]/CK 
Endpoint:   picorv32_core_genblk1.pcpi_mul_rd_reg[47]/D  (^) checked with  
leading edge of 'clk'
Beginpoint: picorv32_core_genblk1.pcpi_mul_rs2_reg[1]/QN (^) triggered by  
leading edge of 'clk'
Path Groups: {reg2reg}
Analysis View: analysis1
Other End Arrival Time          0.000
- Setup                         0.063
+ Phase Shift                   4.000
- Uncertainty                   0.020
= Required Time                 3.917
- Arrival Time                  3.155
= Slack Time                    0.762
     Clock Rise Edge                 0.000
     + Clock Network Latency (Ideal) 0.000
     = Beginpoint Arrival Time       0.000
     +------------------------------------------------------------------------------------------------------------+ 
     |                      Instance                      |     Arc      |   Cell    | Delay | Arrival | Required | 
     |                                                    |              |           |       |  Time   |   Time   | 
     |----------------------------------------------------+--------------+-----------+-------+---------+----------| 
     | picorv32_core_genblk1.pcpi_mul_rs2_reg[1]          | CK ^         |           |       |   0.000 |    0.762 | 
     | picorv32_core_genblk1.pcpi_mul_rs2_reg[1]          | CK ^ -> QN ^ | EDFFX2    | 0.179 |   0.179 |    0.941 | 
     | g175521                                            | A1 ^ -> Y ^  | OA22X2    | 0.203 |   0.382 |    1.144 | 
     | picorv32_core_genblk1.pcpi_mul_mul_2371_47_g13589  | A ^ -> Y ^   | AND2X1    | 0.134 |   0.516 |    1.278 | 
     | picorv32_core_genblk1.pcpi_mul_mul_2371_47_g13550  | A ^ -> Y v   | INVX2     | 0.114 |   0.630 |    1.392 | 
     | picorv32_core_genblk1.pcpi_mul_mul_2371_47_g13479  | A1 v -> Y ^  | OAI22X1   | 0.120 |   0.750 |    1.512 | 
     | picorv32_core_genblk1.pcpi_mul_mul_2371_47_cdnfadd | B ^ -> S v   | ADDFX1    | 0.197 |   0.947 |    1.709 | 
     | _004_0                                             |              |           |       |         |          | 
     | picorv32_core_genblk1.pcpi_mul_mul_2371_47_g12959  | B v -> Y ^   | NOR2X1    | 0.044 |   0.991 |    1.753 | 
     | picorv32_core_genblk1.pcpi_mul_mul_2371_47_g12953  | A0 ^ -> Y v  | OAI21X1   | 0.066 |   1.057 |    1.819 | 
     | picorv32_core_genblk1.pcpi_mul_mul_2371_47_g12949  | A v -> Y ^   | INVX1     | 0.033 |   1.091 |    1.853 | 
     | picorv32_core_genblk1.pcpi_mul_mul_2371_47_g12948  | A1 ^ -> Y v  | OAI21X1   | 0.049 |   1.140 |    1.902 | 
     | picorv32_core_genblk1.pcpi_mul_mul_2371_47_g12935  | CI v -> CO v | ADDFX1    | 0.113 |   1.252 |    2.014 | 
     | picorv32_core_genblk1.pcpi_mul_mul_2371_47_g14505  | AN v -> Y v  | NOR2BX1   | 0.045 |   1.297 |    2.060 | 
     | picorv32_core_genblk1.pcpi_mul_mul_2371_47_g12932  | B v -> Y ^   | NOR2X1    | 0.039 |   1.337 |    2.099 | 
     | picorv32_core_genblk1.pcpi_mul_mul_2371_47_g12910  | B ^ -> Y v   | NOR2X1    | 0.038 |   1.374 |    2.136 | 
     | picorv32_core_genblk1.pcpi_mul_mul_2371_47_g12906  | A1 v -> Y ^  | AOI21X1   | 0.050 |   1.424 |    2.186 | 
     | picorv32_core_genblk1.pcpi_mul_mul_2371_47_g14478  | A1N ^ -> Y ^ | AOI2BB1X1 | 0.075 |   1.498 |    2.261 | 
     | picorv32_core_genblk1.pcpi_mul_mul_2371_47_g12892  | A1 ^ -> Y v  | OAI21X1   | 0.068 |   1.567 |    2.329 | 
     | picorv32_core_genblk1.pcpi_mul_mul_2371_47_g12857  | B v -> Y ^   | NAND2X1   | 0.043 |   1.610 |    2.372 | 
     | picorv32_core_genblk1.pcpi_mul_mul_2371_47_g12852  | B ^ -> Y v   | NOR2X1    | 0.028 |   1.638 |    2.400 | 
     | picorv32_core_genblk1.pcpi_mul_mul_2371_47_g12843  | A1 v -> Y ^  | OAI21X1   | 0.044 |   1.683 |    2.445 | 
     | picorv32_core_genblk1.pcpi_mul_mul_2371_47_g12833  | A1 ^ -> Y v  | AOI21X1   | 0.061 |   1.744 |    2.506 | 
     | picorv32_core_genblk1.pcpi_mul_mul_2371_47_g12818  | B v -> Y ^   | NOR2X1    | 0.077 |   1.821 |    2.584 | 
     | picorv32_core_genblk1.pcpi_mul_mul_2371_47_g12780  | B ^ -> Y v   | NOR2X1    | 0.055 |   1.876 |    2.638 | 
     | picorv32_core_genblk1.pcpi_mul_mul_2371_47_g12775  | B v -> Y ^   | NOR2X1    | 0.068 |   1.944 |    2.706 | 
     | picorv32_core_genblk1.pcpi_mul_mul_2371_47_g12693  | B ^ -> Y v   | NOR2X1    | 0.056 |   2.001 |    2.763 | 
     | picorv32_core_genblk1.pcpi_mul_mul_2371_47_g12660  | C v -> Y ^   | NOR3X1    | 0.063 |   2.064 |    2.826 | 
     | picorv32_core_genblk1.pcpi_mul_mul_2371_47_g14491  | AN ^ -> Y ^  | NAND2BX1  | 0.068 |   2.132 |    2.894 | 
     | picorv32_core_genblk1.pcpi_mul_mul_2371_47_g12651  | B ^ -> Y v   | NOR2X1    | 0.027 |   2.159 |    2.921 | 
     | picorv32_core_genblk1.pcpi_mul_mul_2371_47_g12640  | A1 v -> Y ^  | OAI21X1   | 0.045 |   2.204 |    2.966 | 
     | picorv32_core_genblk1.pcpi_mul_mul_2371_47_g12630  | B ^ -> Y v   | NAND2X1   | 0.048 |   2.252 |    3.014 | 
     | picorv32_core_genblk1.pcpi_mul_mul_2371_47_g12614  | A1 v -> Y ^  | AOI21X1   | 0.057 |   2.309 |    3.071 | 
     | picorv32_core_genblk1.pcpi_mul_mul_2371_47_g12611  | B ^ -> Y v   | NOR2X1    | 0.039 |   2.348 |    3.110 | 
     | picorv32_core_genblk1.pcpi_mul_mul_2371_47_g12608  | B v -> Y v   | AND2X1    | 0.050 |   2.398 |    3.160 | 
     | picorv32_core_genblk1.pcpi_mul_mul_2371_47_g12603  | A1 v -> Y ^  | OAI21X1   | 0.040 |   2.438 |    3.201 | 
     | picorv32_core_genblk1.pcpi_mul_mul_2371_47_g12599  | A1 ^ -> Y v  | AOI21X1   | 0.059 |   2.497 |    3.259 | 
     | picorv32_core_genblk1.pcpi_mul_mul_2371_47_g12597  | B v -> Y ^   | NOR2X1    | 0.135 |   2.632 |    3.394 | 
     | g175524                                            | C ^ -> Y v   | NOR3BX1   | 0.107 |   2.740 |    3.502 | 
     | g175523                                            | A v -> Y ^   | NOR2X1    | 0.082 |   2.822 |    3.584 | 
     | g175514                                            | A1N ^ -> Y ^ | AOI2BB1X1 | 0.104 |   2.925 |    3.687 | 
     | picorv32_core_genblk1.pcpi_mul_mul_2371_47_g12571  | A2 ^ -> Y v  | OAI31X1   | 0.079 |   3.005 |    3.767 | 
     | picorv32_core_genblk1.pcpi_mul_mul_2371_47_g12561  | A1 v -> Y ^  | AOI21X1   | 0.060 |   3.065 |    3.827 | 
     | picorv32_core_genblk1.pcpi_mul_mul_2371_47_g12554  | B ^ -> Y ^   | XNOR2X1   | 0.090 |   3.155 |    3.917 | 
     | picorv32_core_genblk1.pcpi_mul_rd_reg[47]          | D ^          | DFFHQX1   | 0.000 |   3.155 |    3.917 | 
     +------------------------------------------------------------------------------------------------------------+ 
Path 19: MET Setup Check with Pin picorv32_core_genblk1.pcpi_mul_rd_reg[43]/CK 
Endpoint:   picorv32_core_genblk1.pcpi_mul_rd_reg[43]/D  (^) checked with  
leading edge of 'clk'
Beginpoint: picorv32_core_genblk1.pcpi_mul_rs2_reg[1]/QN (^) triggered by  
leading edge of 'clk'
Path Groups: {reg2reg}
Analysis View: analysis1
Other End Arrival Time          0.000
- Setup                         0.056
+ Phase Shift                   4.000
- Uncertainty                   0.020
= Required Time                 3.924
- Arrival Time                  3.137
= Slack Time                    0.786
     Clock Rise Edge                 0.000
     + Clock Network Latency (Ideal) 0.000
     = Beginpoint Arrival Time       0.000
     +------------------------------------------------------------------------------------------------------------+ 
     |                      Instance                      |     Arc      |   Cell    | Delay | Arrival | Required | 
     |                                                    |              |           |       |  Time   |   Time   | 
     |----------------------------------------------------+--------------+-----------+-------+---------+----------| 
     | picorv32_core_genblk1.pcpi_mul_rs2_reg[1]          | CK ^         |           |       |   0.000 |    0.786 | 
     | picorv32_core_genblk1.pcpi_mul_rs2_reg[1]          | CK ^ -> QN ^ | EDFFX2    | 0.179 |   0.179 |    0.965 | 
     | g175521                                            | A1 ^ -> Y ^  | OA22X2    | 0.203 |   0.382 |    1.168 | 
     | picorv32_core_genblk1.pcpi_mul_mul_2371_47_g13589  | A ^ -> Y ^   | AND2X1    | 0.134 |   0.516 |    1.302 | 
     | picorv32_core_genblk1.pcpi_mul_mul_2371_47_g13550  | A ^ -> Y v   | INVX2     | 0.114 |   0.630 |    1.416 | 
     | picorv32_core_genblk1.pcpi_mul_mul_2371_47_g13479  | A1 v -> Y ^  | OAI22X1   | 0.120 |   0.750 |    1.536 | 
     | picorv32_core_genblk1.pcpi_mul_mul_2371_47_cdnfadd | B ^ -> S v   | ADDFX1    | 0.197 |   0.947 |    1.733 | 
     | _004_0                                             |              |           |       |         |          | 
     | picorv32_core_genblk1.pcpi_mul_mul_2371_47_g12959  | B v -> Y ^   | NOR2X1    | 0.044 |   0.991 |    1.777 | 
     | picorv32_core_genblk1.pcpi_mul_mul_2371_47_g12953  | A0 ^ -> Y v  | OAI21X1   | 0.066 |   1.057 |    1.843 | 
     | picorv32_core_genblk1.pcpi_mul_mul_2371_47_g12949  | A v -> Y ^   | INVX1     | 0.033 |   1.091 |    1.877 | 
     | picorv32_core_genblk1.pcpi_mul_mul_2371_47_g12948  | A1 ^ -> Y v  | OAI21X1   | 0.049 |   1.140 |    1.926 | 
     | picorv32_core_genblk1.pcpi_mul_mul_2371_47_g12935  | CI v -> CO v | ADDFX1    | 0.113 |   1.252 |    2.039 | 
     | picorv32_core_genblk1.pcpi_mul_mul_2371_47_g14505  | AN v -> Y v  | NOR2BX1   | 0.045 |   1.297 |    2.084 | 
     | picorv32_core_genblk1.pcpi_mul_mul_2371_47_g12932  | B v -> Y ^   | NOR2X1    | 0.039 |   1.337 |    2.123 | 
     | picorv32_core_genblk1.pcpi_mul_mul_2371_47_g12910  | B ^ -> Y v   | NOR2X1    | 0.038 |   1.374 |    2.160 | 
     | picorv32_core_genblk1.pcpi_mul_mul_2371_47_g12906  | A1 v -> Y ^  | AOI21X1   | 0.050 |   1.424 |    2.210 | 
     | picorv32_core_genblk1.pcpi_mul_mul_2371_47_g14478  | A1N ^ -> Y ^ | AOI2BB1X1 | 0.075 |   1.499 |    2.285 | 
     | picorv32_core_genblk1.pcpi_mul_mul_2371_47_g12892  | A1 ^ -> Y v  | OAI21X1   | 0.068 |   1.567 |    2.353 | 
     | picorv32_core_genblk1.pcpi_mul_mul_2371_47_g12857  | B v -> Y ^   | NAND2X1   | 0.043 |   1.610 |    2.396 | 
     | picorv32_core_genblk1.pcpi_mul_mul_2371_47_g12852  | B ^ -> Y v   | NOR2X1    | 0.028 |   1.638 |    2.424 | 
     | picorv32_core_genblk1.pcpi_mul_mul_2371_47_g12843  | A1 v -> Y ^  | OAI21X1   | 0.044 |   1.683 |    2.469 | 
     | picorv32_core_genblk1.pcpi_mul_mul_2371_47_g12833  | A1 ^ -> Y v  | AOI21X1   | 0.061 |   1.744 |    2.530 | 
     | picorv32_core_genblk1.pcpi_mul_mul_2371_47_g12818  | B v -> Y ^   | NOR2X1    | 0.077 |   1.821 |    2.608 | 
     | picorv32_core_genblk1.pcpi_mul_mul_2371_47_g12780  | B ^ -> Y v   | NOR2X1    | 0.055 |   1.876 |    2.662 | 
     | picorv32_core_genblk1.pcpi_mul_mul_2371_47_g12775  | B v -> Y ^   | NOR2X1    | 0.068 |   1.944 |    2.731 | 
     | picorv32_core_genblk1.pcpi_mul_mul_2371_47_g12693  | B ^ -> Y v   | NOR2X1    | 0.056 |   2.001 |    2.787 | 
     | picorv32_core_genblk1.pcpi_mul_mul_2371_47_g12660  | C v -> Y ^   | NOR3X1    | 0.063 |   2.064 |    2.850 | 
     | picorv32_core_genblk1.pcpi_mul_mul_2371_47_g14491  | AN ^ -> Y ^  | NAND2BX1  | 0.068 |   2.132 |    2.918 | 
     | picorv32_core_genblk1.pcpi_mul_mul_2371_47_g12651  | B ^ -> Y v   | NOR2X1    | 0.027 |   2.159 |    2.945 | 
     | picorv32_core_genblk1.pcpi_mul_mul_2371_47_g12640  | A1 v -> Y ^  | OAI21X1   | 0.045 |   2.204 |    2.990 | 
     | picorv32_core_genblk1.pcpi_mul_mul_2371_47_g12630  | B ^ -> Y v   | NAND2X1   | 0.048 |   2.252 |    3.038 | 
     | picorv32_core_genblk1.pcpi_mul_mul_2371_47_g12614  | A1 v -> Y ^  | AOI21X1   | 0.057 |   2.309 |    3.095 | 
     | picorv32_core_genblk1.pcpi_mul_mul_2371_47_g12611  | B ^ -> Y v   | NOR2X1    | 0.039 |   2.348 |    3.134 | 
     | picorv32_core_genblk1.pcpi_mul_mul_2371_47_g12608  | B v -> Y v   | AND2X1    | 0.050 |   2.398 |    3.184 | 
     | picorv32_core_genblk1.pcpi_mul_mul_2371_47_g12603  | A1 v -> Y ^  | OAI21X1   | 0.040 |   2.438 |    3.225 | 
     | picorv32_core_genblk1.pcpi_mul_mul_2371_47_g12599  | A1 ^ -> Y v  | AOI21X1   | 0.059 |   2.497 |    3.283 | 
     | picorv32_core_genblk1.pcpi_mul_mul_2371_47_g12597  | B v -> Y ^   | NOR2X1    | 0.135 |   2.632 |    3.419 | 
     | g175524                                            | C ^ -> Y v   | NOR3BX1   | 0.107 |   2.740 |    3.526 | 
     | g175523                                            | A v -> Y ^   | NOR2X1    | 0.082 |   2.822 |    3.608 | 
     | picorv32_core_genblk1.pcpi_mul_mul_2371_47_g12591  | A ^ -> Y v   | INVX1     | 0.060 |   2.881 |    3.667 | 
     | picorv32_core_genblk1.pcpi_mul_mul_2371_47_g12585  | A v -> Y v   | AND2X1    | 0.047 |   2.929 |    3.715 | 
     | picorv32_core_genblk1.pcpi_mul_mul_2371_47_g12575  | A1 v -> Y ^  | AOI21X1   | 0.046 |   2.975 |    3.761 | 
     | picorv32_core_genblk1.pcpi_mul_mul_2371_47_g12564  | A1 ^ -> Y v  | OAI21X1   | 0.058 |   3.033 |    3.819 | 
     | picorv32_core_genblk1.pcpi_mul_mul_2371_47_g12558  | B v -> Y ^   | XNOR2X1   | 0.104 |   3.137 |    3.924 | 
     | picorv32_core_genblk1.pcpi_mul_rd_reg[43]          | D ^          | DFFHQX1   | 0.000 |   3.137 |    3.924 | 
     +------------------------------------------------------------------------------------------------------------+ 
Path 20: MET Setup Check with Pin picorv32_core_genblk1.pcpi_mul_rd_reg[48]/CK 
Endpoint:   picorv32_core_genblk1.pcpi_mul_rd_reg[48]/D  (^) checked with  
leading edge of 'clk'
Beginpoint: picorv32_core_genblk1.pcpi_mul_rs2_reg[1]/QN (^) triggered by  
leading edge of 'clk'
Path Groups: {reg2reg}
Analysis View: analysis1
Other End Arrival Time          0.000
- Setup                         0.055
+ Phase Shift                   4.000
- Uncertainty                   0.020
= Required Time                 3.925
- Arrival Time                  3.132
= Slack Time                    0.793
     Clock Rise Edge                 0.000
     + Clock Network Latency (Ideal) 0.000
     = Beginpoint Arrival Time       0.000
     +------------------------------------------------------------------------------------------------------------+ 
     |                      Instance                      |     Arc      |   Cell    | Delay | Arrival | Required | 
     |                                                    |              |           |       |  Time   |   Time   | 
     |----------------------------------------------------+--------------+-----------+-------+---------+----------| 
     | picorv32_core_genblk1.pcpi_mul_rs2_reg[1]          | CK ^         |           |       |   0.000 |    0.793 | 
     | picorv32_core_genblk1.pcpi_mul_rs2_reg[1]          | CK ^ -> QN ^ | EDFFX2    | 0.179 |   0.179 |    0.972 | 
     | g175521                                            | A1 ^ -> Y ^  | OA22X2    | 0.203 |   0.382 |    1.175 | 
     | picorv32_core_genblk1.pcpi_mul_mul_2371_47_g13589  | A ^ -> Y ^   | AND2X1    | 0.134 |   0.516 |    1.309 | 
     | picorv32_core_genblk1.pcpi_mul_mul_2371_47_g13550  | A ^ -> Y v   | INVX2     | 0.114 |   0.630 |    1.423 | 
     | picorv32_core_genblk1.pcpi_mul_mul_2371_47_g13479  | A1 v -> Y ^  | OAI22X1   | 0.120 |   0.750 |    1.543 | 
     | picorv32_core_genblk1.pcpi_mul_mul_2371_47_cdnfadd | B ^ -> S v   | ADDFX1    | 0.197 |   0.947 |    1.740 | 
     | _004_0                                             |              |           |       |         |          | 
     | picorv32_core_genblk1.pcpi_mul_mul_2371_47_g12959  | B v -> Y ^   | NOR2X1    | 0.044 |   0.991 |    1.784 | 
     | picorv32_core_genblk1.pcpi_mul_mul_2371_47_g12953  | A0 ^ -> Y v  | OAI21X1   | 0.066 |   1.057 |    1.850 | 
     | picorv32_core_genblk1.pcpi_mul_mul_2371_47_g12949  | A v -> Y ^   | INVX1     | 0.033 |   1.091 |    1.884 | 
     | picorv32_core_genblk1.pcpi_mul_mul_2371_47_g12948  | A1 ^ -> Y v  | OAI21X1   | 0.049 |   1.140 |    1.933 | 
     | picorv32_core_genblk1.pcpi_mul_mul_2371_47_g12935  | CI v -> CO v | ADDFX1    | 0.113 |   1.252 |    2.046 | 
     | picorv32_core_genblk1.pcpi_mul_mul_2371_47_g14505  | AN v -> Y v  | NOR2BX1   | 0.045 |   1.297 |    2.091 | 
     | picorv32_core_genblk1.pcpi_mul_mul_2371_47_g12932  | B v -> Y ^   | NOR2X1    | 0.039 |   1.337 |    2.130 | 
     | picorv32_core_genblk1.pcpi_mul_mul_2371_47_g12910  | B ^ -> Y v   | NOR2X1    | 0.038 |   1.374 |    2.168 | 
     | picorv32_core_genblk1.pcpi_mul_mul_2371_47_g12906  | A1 v -> Y ^  | AOI21X1   | 0.050 |   1.424 |    2.217 | 
     | picorv32_core_genblk1.pcpi_mul_mul_2371_47_g14478  | A1N ^ -> Y ^ | AOI2BB1X1 | 0.075 |   1.498 |    2.292 | 
     | picorv32_core_genblk1.pcpi_mul_mul_2371_47_g12892  | A1 ^ -> Y v  | OAI21X1   | 0.068 |   1.567 |    2.360 | 
     | picorv32_core_genblk1.pcpi_mul_mul_2371_47_g12857  | B v -> Y ^   | NAND2X1   | 0.043 |   1.610 |    2.403 | 
     | picorv32_core_genblk1.pcpi_mul_mul_2371_47_g12852  | B ^ -> Y v   | NOR2X1    | 0.028 |   1.638 |    2.432 | 
     | picorv32_core_genblk1.pcpi_mul_mul_2371_47_g12843  | A1 v -> Y ^  | OAI21X1   | 0.044 |   1.683 |    2.476 | 
     | picorv32_core_genblk1.pcpi_mul_mul_2371_47_g12833  | A1 ^ -> Y v  | AOI21X1   | 0.061 |   1.744 |    2.537 | 
     | picorv32_core_genblk1.pcpi_mul_mul_2371_47_g12818  | B v -> Y ^   | NOR2X1    | 0.077 |   1.821 |    2.615 | 
     | picorv32_core_genblk1.pcpi_mul_mul_2371_47_g12780  | B ^ -> Y v   | NOR2X1    | 0.055 |   1.876 |    2.669 | 
     | picorv32_core_genblk1.pcpi_mul_mul_2371_47_g12775  | B v -> Y ^   | NOR2X1    | 0.068 |   1.944 |    2.738 | 
     | picorv32_core_genblk1.pcpi_mul_mul_2371_47_g12693  | B ^ -> Y v   | NOR2X1    | 0.056 |   2.001 |    2.794 | 
     | picorv32_core_genblk1.pcpi_mul_mul_2371_47_g12660  | C v -> Y ^   | NOR3X1    | 0.063 |   2.064 |    2.858 | 
     | picorv32_core_genblk1.pcpi_mul_mul_2371_47_g14491  | AN ^ -> Y ^  | NAND2BX1  | 0.068 |   2.132 |    2.926 | 
     | picorv32_core_genblk1.pcpi_mul_mul_2371_47_g12651  | B ^ -> Y v   | NOR2X1    | 0.027 |   2.159 |    2.953 | 
     | picorv32_core_genblk1.pcpi_mul_mul_2371_47_g12640  | A1 v -> Y ^  | OAI21X1   | 0.045 |   2.204 |    2.997 | 
     | picorv32_core_genblk1.pcpi_mul_mul_2371_47_g12630  | B ^ -> Y v   | NAND2X1   | 0.048 |   2.252 |    3.045 | 
     | picorv32_core_genblk1.pcpi_mul_mul_2371_47_g12614  | A1 v -> Y ^  | AOI21X1   | 0.057 |   2.309 |    3.102 | 
     | picorv32_core_genblk1.pcpi_mul_mul_2371_47_g12611  | B ^ -> Y v   | NOR2X1    | 0.039 |   2.348 |    3.142 | 
     | picorv32_core_genblk1.pcpi_mul_mul_2371_47_g12608  | B v -> Y v   | AND2X1    | 0.050 |   2.398 |    3.192 | 
     | picorv32_core_genblk1.pcpi_mul_mul_2371_47_g12603  | A1 v -> Y ^  | OAI21X1   | 0.040 |   2.438 |    3.232 | 
     | picorv32_core_genblk1.pcpi_mul_mul_2371_47_g12599  | A1 ^ -> Y v  | AOI21X1   | 0.059 |   2.497 |    3.290 | 
     | picorv32_core_genblk1.pcpi_mul_mul_2371_47_g12597  | B v -> Y ^   | NOR2X1    | 0.135 |   2.632 |    3.426 | 
     | g175524                                            | C ^ -> Y v   | NOR3BX1   | 0.107 |   2.740 |    3.533 | 
     | g175523                                            | A v -> Y ^   | NOR2X1    | 0.082 |   2.822 |    3.615 | 
     | g175514                                            | A1N ^ -> Y ^ | AOI2BB1X1 | 0.104 |   2.925 |    3.719 | 
     | picorv32_core_genblk1.pcpi_mul_mul_2371_47_g12566  | A2 ^ -> Y v  | OAI31X1   | 0.093 |   3.019 |    3.812 | 
     | picorv32_core_genblk1.pcpi_mul_mul_2371_47_g12557  | B v -> Y ^   | XNOR2X1   | 0.113 |   3.132 |    3.925 | 
     | picorv32_core_genblk1.pcpi_mul_rd_reg[48]          | D ^          | DFFQXL    | 0.000 |   3.132 |    3.925 | 
     +------------------------------------------------------------------------------------------------------------+ 
Path 21: MET Setup Check with Pin picorv32_core_genblk1.pcpi_mul_rd_reg[46]/CK 
Endpoint:   picorv32_core_genblk1.pcpi_mul_rd_reg[46]/D  (^) checked with  
leading edge of 'clk'
Beginpoint: picorv32_core_genblk1.pcpi_mul_rs2_reg[1]/QN (^) triggered by  
leading edge of 'clk'
Path Groups: {reg2reg}
Analysis View: analysis1
Other End Arrival Time          0.000
- Setup                         0.056
+ Phase Shift                   4.000
- Uncertainty                   0.020
= Required Time                 3.924
- Arrival Time                  3.114
= Slack Time                    0.810
     Clock Rise Edge                 0.000
     + Clock Network Latency (Ideal) 0.000
     = Beginpoint Arrival Time       0.000
     +------------------------------------------------------------------------------------------------------------+ 
     |                      Instance                      |     Arc      |   Cell    | Delay | Arrival | Required | 
     |                                                    |              |           |       |  Time   |   Time   | 
     |----------------------------------------------------+--------------+-----------+-------+---------+----------| 
     | picorv32_core_genblk1.pcpi_mul_rs2_reg[1]          | CK ^         |           |       |   0.000 |    0.810 | 
     | picorv32_core_genblk1.pcpi_mul_rs2_reg[1]          | CK ^ -> QN ^ | EDFFX2    | 0.179 |   0.179 |    0.989 | 
     | g175521                                            | A1 ^ -> Y ^  | OA22X2    | 0.203 |   0.382 |    1.192 | 
     | picorv32_core_genblk1.pcpi_mul_mul_2371_47_g13589  | A ^ -> Y ^   | AND2X1    | 0.134 |   0.516 |    1.326 | 
     | picorv32_core_genblk1.pcpi_mul_mul_2371_47_g13550  | A ^ -> Y v   | INVX2     | 0.114 |   0.630 |    1.440 | 
     | picorv32_core_genblk1.pcpi_mul_mul_2371_47_g13479  | A1 v -> Y ^  | OAI22X1   | 0.120 |   0.750 |    1.560 | 
     | picorv32_core_genblk1.pcpi_mul_mul_2371_47_cdnfadd | B ^ -> S v   | ADDFX1    | 0.197 |   0.947 |    1.757 | 
     | _004_0                                             |              |           |       |         |          | 
     | picorv32_core_genblk1.pcpi_mul_mul_2371_47_g12959  | B v -> Y ^   | NOR2X1    | 0.044 |   0.991 |    1.801 | 
     | picorv32_core_genblk1.pcpi_mul_mul_2371_47_g12953  | A0 ^ -> Y v  | OAI21X1   | 0.066 |   1.057 |    1.867 | 
     | picorv32_core_genblk1.pcpi_mul_mul_2371_47_g12949  | A v -> Y ^   | INVX1     | 0.033 |   1.091 |    1.901 | 
     | picorv32_core_genblk1.pcpi_mul_mul_2371_47_g12948  | A1 ^ -> Y v  | OAI21X1   | 0.049 |   1.140 |    1.950 | 
     | picorv32_core_genblk1.pcpi_mul_mul_2371_47_g12935  | CI v -> CO v | ADDFX1    | 0.113 |   1.252 |    2.063 | 
     | picorv32_core_genblk1.pcpi_mul_mul_2371_47_g14505  | AN v -> Y v  | NOR2BX1   | 0.045 |   1.297 |    2.108 | 
     | picorv32_core_genblk1.pcpi_mul_mul_2371_47_g12932  | B v -> Y ^   | NOR2X1    | 0.039 |   1.337 |    2.147 | 
     | picorv32_core_genblk1.pcpi_mul_mul_2371_47_g12910  | B ^ -> Y v   | NOR2X1    | 0.038 |   1.374 |    2.185 | 
     | picorv32_core_genblk1.pcpi_mul_mul_2371_47_g12906  | A1 v -> Y ^  | AOI21X1   | 0.050 |   1.424 |    2.234 | 
     | picorv32_core_genblk1.pcpi_mul_mul_2371_47_g14478  | A1N ^ -> Y ^ | AOI2BB1X1 | 0.075 |   1.499 |    2.309 | 
     | picorv32_core_genblk1.pcpi_mul_mul_2371_47_g12892  | A1 ^ -> Y v  | OAI21X1   | 0.068 |   1.567 |    2.377 | 
     | picorv32_core_genblk1.pcpi_mul_mul_2371_47_g12857  | B v -> Y ^   | NAND2X1   | 0.043 |   1.610 |    2.420 | 
     | picorv32_core_genblk1.pcpi_mul_mul_2371_47_g12852  | B ^ -> Y v   | NOR2X1    | 0.028 |   1.638 |    2.449 | 
     | picorv32_core_genblk1.pcpi_mul_mul_2371_47_g12843  | A1 v -> Y ^  | OAI21X1   | 0.044 |   1.683 |    2.493 | 
     | picorv32_core_genblk1.pcpi_mul_mul_2371_47_g12833  | A1 ^ -> Y v  | AOI21X1   | 0.061 |   1.744 |    2.554 | 
     | picorv32_core_genblk1.pcpi_mul_mul_2371_47_g12818  | B v -> Y ^   | NOR2X1    | 0.077 |   1.821 |    2.632 | 
     | picorv32_core_genblk1.pcpi_mul_mul_2371_47_g12780  | B ^ -> Y v   | NOR2X1    | 0.055 |   1.876 |    2.686 | 
     | picorv32_core_genblk1.pcpi_mul_mul_2371_47_g12775  | B v -> Y ^   | NOR2X1    | 0.068 |   1.944 |    2.755 | 
     | picorv32_core_genblk1.pcpi_mul_mul_2371_47_g12693  | B ^ -> Y v   | NOR2X1    | 0.056 |   2.001 |    2.811 | 
     | picorv32_core_genblk1.pcpi_mul_mul_2371_47_g12660  | C v -> Y ^   | NOR3X1    | 0.063 |   2.064 |    2.875 | 
     | picorv32_core_genblk1.pcpi_mul_mul_2371_47_g14491  | AN ^ -> Y ^  | NAND2BX1  | 0.068 |   2.132 |    2.943 | 
     | picorv32_core_genblk1.pcpi_mul_mul_2371_47_g12651  | B ^ -> Y v   | NOR2X1    | 0.027 |   2.159 |    2.970 | 
     | picorv32_core_genblk1.pcpi_mul_mul_2371_47_g12640  | A1 v -> Y ^  | OAI21X1   | 0.045 |   2.204 |    3.014 | 
     | picorv32_core_genblk1.pcpi_mul_mul_2371_47_g12630  | B ^ -> Y v   | NAND2X1   | 0.048 |   2.252 |    3.062 | 
     | picorv32_core_genblk1.pcpi_mul_mul_2371_47_g12614  | A1 v -> Y ^  | AOI21X1   | 0.057 |   2.309 |    3.119 | 
     | picorv32_core_genblk1.pcpi_mul_mul_2371_47_g12611  | B ^ -> Y v   | NOR2X1    | 0.039 |   2.348 |    3.159 | 
     | picorv32_core_genblk1.pcpi_mul_mul_2371_47_g12608  | B v -> Y v   | AND2X1    | 0.050 |   2.398 |    3.209 | 
     | picorv32_core_genblk1.pcpi_mul_mul_2371_47_g12603  | A1 v -> Y ^  | OAI21X1   | 0.040 |   2.438 |    3.249 | 
     | picorv32_core_genblk1.pcpi_mul_mul_2371_47_g12599  | A1 ^ -> Y v  | AOI21X1   | 0.059 |   2.497 |    3.307 | 
     | picorv32_core_genblk1.pcpi_mul_mul_2371_47_g12597  | B v -> Y ^   | NOR2X1    | 0.135 |   2.632 |    3.443 | 
     | g175524                                            | C ^ -> Y v   | NOR3BX1   | 0.107 |   2.740 |    3.550 | 
     | g175523                                            | A v -> Y ^   | NOR2X1    | 0.082 |   2.822 |    3.632 | 
     | g175514                                            | A1N ^ -> Y ^ | AOI2BB1X1 | 0.104 |   2.925 |    3.736 | 
     | picorv32_core_genblk1.pcpi_mul_mul_2371_47_g12571  | A2 ^ -> Y v  | OAI31X1   | 0.079 |   3.005 |    3.815 | 
     | picorv32_core_genblk1.pcpi_mul_mul_2371_47_g12562  | B v -> Y ^   | XNOR2X1   | 0.109 |   3.114 |    3.924 | 
     | picorv32_core_genblk1.pcpi_mul_rd_reg[46]          | D ^          | DFFHQX1   | 0.000 |   3.114 |    3.924 | 
     +------------------------------------------------------------------------------------------------------------+ 
Path 22: MET Setup Check with Pin picorv32_core_genblk1.pcpi_mul_rd_reg[39]/CK 
Endpoint:   picorv32_core_genblk1.pcpi_mul_rd_reg[39]/D  (^) checked with  
leading edge of 'clk'
Beginpoint: picorv32_core_genblk1.pcpi_mul_rs2_reg[1]/QN (^) triggered by  
leading edge of 'clk'
Path Groups: {reg2reg}
Analysis View: analysis1
Other End Arrival Time          0.000
- Setup                         0.063
+ Phase Shift                   4.000
- Uncertainty                   0.020
= Required Time                 3.917
- Arrival Time                  3.098
= Slack Time                    0.820
     Clock Rise Edge                 0.000
     + Clock Network Latency (Ideal) 0.000
     = Beginpoint Arrival Time       0.000
     +------------------------------------------------------------------------------------------------------------+ 
     |                      Instance                      |     Arc      |   Cell    | Delay | Arrival | Required | 
     |                                                    |              |           |       |  Time   |   Time   | 
     |----------------------------------------------------+--------------+-----------+-------+---------+----------| 
     | picorv32_core_genblk1.pcpi_mul_rs2_reg[1]          | CK ^         |           |       |   0.000 |    0.820 | 
     | picorv32_core_genblk1.pcpi_mul_rs2_reg[1]          | CK ^ -> QN ^ | EDFFX2    | 0.179 |   0.179 |    0.998 | 
     | g175521                                            | A1 ^ -> Y ^  | OA22X2    | 0.203 |   0.382 |    1.201 | 
     | picorv32_core_genblk1.pcpi_mul_mul_2371_47_g13589  | A ^ -> Y ^   | AND2X1    | 0.134 |   0.516 |    1.335 | 
     | picorv32_core_genblk1.pcpi_mul_mul_2371_47_g13550  | A ^ -> Y v   | INVX2     | 0.114 |   0.630 |    1.450 | 
     | picorv32_core_genblk1.pcpi_mul_mul_2371_47_g13479  | A1 v -> Y ^  | OAI22X1   | 0.120 |   0.750 |    1.570 | 
     | picorv32_core_genblk1.pcpi_mul_mul_2371_47_cdnfadd | B ^ -> S v   | ADDFX1    | 0.197 |   0.947 |    1.767 | 
     | _004_0                                             |              |           |       |         |          | 
     | picorv32_core_genblk1.pcpi_mul_mul_2371_47_g12959  | B v -> Y ^   | NOR2X1    | 0.044 |   0.991 |    1.810 | 
     | picorv32_core_genblk1.pcpi_mul_mul_2371_47_g12953  | A0 ^ -> Y v  | OAI21X1   | 0.066 |   1.057 |    1.877 | 
     | picorv32_core_genblk1.pcpi_mul_mul_2371_47_g12949  | A v -> Y ^   | INVX1     | 0.033 |   1.091 |    1.910 | 
     | picorv32_core_genblk1.pcpi_mul_mul_2371_47_g12948  | A1 ^ -> Y v  | OAI21X1   | 0.049 |   1.140 |    1.959 | 
     | picorv32_core_genblk1.pcpi_mul_mul_2371_47_g12935  | CI v -> CO v | ADDFX1    | 0.113 |   1.252 |    2.072 | 
     | picorv32_core_genblk1.pcpi_mul_mul_2371_47_g14505  | AN v -> Y v  | NOR2BX1   | 0.045 |   1.297 |    2.117 | 
     | picorv32_core_genblk1.pcpi_mul_mul_2371_47_g12932  | B v -> Y ^   | NOR2X1    | 0.039 |   1.337 |    2.156 | 
     | picorv32_core_genblk1.pcpi_mul_mul_2371_47_g12910  | B ^ -> Y v   | NOR2X1    | 0.038 |   1.374 |    2.194 | 
     | picorv32_core_genblk1.pcpi_mul_mul_2371_47_g12906  | A1 v -> Y ^  | AOI21X1   | 0.050 |   1.424 |    2.243 | 
     | picorv32_core_genblk1.pcpi_mul_mul_2371_47_g14478  | A1N ^ -> Y ^ | AOI2BB1X1 | 0.075 |   1.499 |    2.318 | 
     | picorv32_core_genblk1.pcpi_mul_mul_2371_47_g12892  | A1 ^ -> Y v  | OAI21X1   | 0.068 |   1.567 |    2.386 | 
     | picorv32_core_genblk1.pcpi_mul_mul_2371_47_g12857  | B v -> Y ^   | NAND2X1   | 0.043 |   1.610 |    2.429 | 
     | picorv32_core_genblk1.pcpi_mul_mul_2371_47_g12852  | B ^ -> Y v   | NOR2X1    | 0.028 |   1.638 |    2.458 | 
     | picorv32_core_genblk1.pcpi_mul_mul_2371_47_g12843  | A1 v -> Y ^  | OAI21X1   | 0.044 |   1.683 |    2.502 | 
     | picorv32_core_genblk1.pcpi_mul_mul_2371_47_g12833  | A1 ^ -> Y v  | AOI21X1   | 0.061 |   1.744 |    2.564 | 
     | picorv32_core_genblk1.pcpi_mul_mul_2371_47_g12818  | B v -> Y ^   | NOR2X1    | 0.077 |   1.821 |    2.641 | 
     | picorv32_core_genblk1.pcpi_mul_mul_2371_47_g12780  | B ^ -> Y v   | NOR2X1    | 0.055 |   1.876 |    2.696 | 
     | picorv32_core_genblk1.pcpi_mul_mul_2371_47_g12775  | B v -> Y ^   | NOR2X1    | 0.068 |   1.944 |    2.764 | 
     | picorv32_core_genblk1.pcpi_mul_mul_2371_47_g12693  | B ^ -> Y v   | NOR2X1    | 0.056 |   2.001 |    2.820 | 
     | picorv32_core_genblk1.pcpi_mul_mul_2371_47_g12660  | C v -> Y ^   | NOR3X1    | 0.063 |   2.064 |    2.884 | 
     | picorv32_core_genblk1.pcpi_mul_mul_2371_47_g14491  | AN ^ -> Y ^  | NAND2BX1  | 0.068 |   2.132 |    2.952 | 
     | picorv32_core_genblk1.pcpi_mul_mul_2371_47_g12651  | B ^ -> Y v   | NOR2X1    | 0.027 |   2.159 |    2.979 | 
     | picorv32_core_genblk1.pcpi_mul_mul_2371_47_g12640  | A1 v -> Y ^  | OAI21X1   | 0.045 |   2.204 |    3.023 | 
     | picorv32_core_genblk1.pcpi_mul_mul_2371_47_g12630  | B ^ -> Y v   | NAND2X1   | 0.048 |   2.252 |    3.071 | 
     | picorv32_core_genblk1.pcpi_mul_mul_2371_47_g12614  | A1 v -> Y ^  | AOI21X1   | 0.057 |   2.309 |    3.128 | 
     | picorv32_core_genblk1.pcpi_mul_mul_2371_47_g12611  | B ^ -> Y v   | NOR2X1    | 0.039 |   2.348 |    3.168 | 
     | picorv32_core_genblk1.pcpi_mul_mul_2371_47_g12608  | B v -> Y v   | AND2X1    | 0.050 |   2.398 |    3.218 | 
     | picorv32_core_genblk1.pcpi_mul_mul_2371_47_g12603  | A1 v -> Y ^  | OAI21X1   | 0.040 |   2.438 |    3.258 | 
     | picorv32_core_genblk1.pcpi_mul_mul_2371_47_g12599  | A1 ^ -> Y v  | AOI21X1   | 0.059 |   2.497 |    3.317 | 
     | picorv32_core_genblk1.pcpi_mul_mul_2371_47_g12597  | B v -> Y ^   | NOR2X1    | 0.135 |   2.632 |    3.452 | 
     | picorv32_core_genblk1.pcpi_mul_mul_2371_47_g12596  | A ^ -> Y v   | INVX1     | 0.107 |   2.740 |    3.559 | 
     | picorv32_core_genblk1.pcpi_mul_mul_2371_47_g12590  | A1N v -> Y v | OAI2BB1X1 | 0.070 |   2.810 |    3.630 | 
     | picorv32_core_genblk1.pcpi_mul_mul_2371_47_g12586  | A v -> Y v   | AND2X1    | 0.056 |   2.866 |    3.685 | 
     | picorv32_core_genblk1.pcpi_mul_mul_2371_47_g12576  | A1 v -> Y ^  | AOI21X1   | 0.054 |   2.920 |    3.740 | 
     | picorv32_core_genblk1.pcpi_mul_mul_2371_47_g12565  | A1 ^ -> Y v  | OAI21X1   | 0.062 |   2.982 |    3.802 | 
     | picorv32_core_genblk1.pcpi_mul_mul_2371_47_g12559  | B v -> Y ^   | XNOR2X1   | 0.115 |   3.097 |    3.917 | 
     | picorv32_core_genblk1.pcpi_mul_rd_reg[39]          | D ^          | DFFHQX1   | 0.000 |   3.098 |    3.917 | 
     +------------------------------------------------------------------------------------------------------------+ 
Path 23: MET Setup Check with Pin picorv32_core_genblk1.pcpi_mul_rd_reg[45]/CK 
Endpoint:   picorv32_core_genblk1.pcpi_mul_rd_reg[45]/D  (^) checked with  
leading edge of 'clk'
Beginpoint: picorv32_core_genblk1.pcpi_mul_rs2_reg[1]/QN (^) triggered by  
leading edge of 'clk'
Path Groups: {reg2reg}
Analysis View: analysis1
Other End Arrival Time          0.000
- Setup                         0.055
+ Phase Shift                   4.000
- Uncertainty                   0.020
= Required Time                 3.925
- Arrival Time                  3.070
= Slack Time                    0.855
     Clock Rise Edge                 0.000
     + Clock Network Latency (Ideal) 0.000
     = Beginpoint Arrival Time       0.000
     +------------------------------------------------------------------------------------------------------------+ 
     |                      Instance                      |     Arc      |   Cell    | Delay | Arrival | Required | 
     |                                                    |              |           |       |  Time   |   Time   | 
     |----------------------------------------------------+--------------+-----------+-------+---------+----------| 
     | picorv32_core_genblk1.pcpi_mul_rs2_reg[1]          | CK ^         |           |       |   0.000 |    0.855 | 
     | picorv32_core_genblk1.pcpi_mul_rs2_reg[1]          | CK ^ -> QN ^ | EDFFX2    | 0.179 |   0.179 |    1.034 | 
     | g175521                                            | A1 ^ -> Y ^  | OA22X2    | 0.203 |   0.382 |    1.236 | 
     | picorv32_core_genblk1.pcpi_mul_mul_2371_47_g13589  | A ^ -> Y ^   | AND2X1    | 0.134 |   0.516 |    1.371 | 
     | picorv32_core_genblk1.pcpi_mul_mul_2371_47_g13550  | A ^ -> Y v   | INVX2     | 0.114 |   0.630 |    1.485 | 
     | picorv32_core_genblk1.pcpi_mul_mul_2371_47_g13479  | A1 v -> Y ^  | OAI22X1   | 0.120 |   0.750 |    1.605 | 
     | picorv32_core_genblk1.pcpi_mul_mul_2371_47_cdnfadd | B ^ -> S v   | ADDFX1    | 0.197 |   0.947 |    1.802 | 
     | _004_0                                             |              |           |       |         |          | 
     | picorv32_core_genblk1.pcpi_mul_mul_2371_47_g12959  | B v -> Y ^   | NOR2X1    | 0.044 |   0.991 |    1.846 | 
     | picorv32_core_genblk1.pcpi_mul_mul_2371_47_g12953  | A0 ^ -> Y v  | OAI21X1   | 0.066 |   1.057 |    1.912 | 
     | picorv32_core_genblk1.pcpi_mul_mul_2371_47_g12949  | A v -> Y ^   | INVX1     | 0.033 |   1.091 |    1.945 | 
     | picorv32_core_genblk1.pcpi_mul_mul_2371_47_g12948  | A1 ^ -> Y v  | OAI21X1   | 0.049 |   1.140 |    1.995 | 
     | picorv32_core_genblk1.pcpi_mul_mul_2371_47_g12935  | CI v -> CO v | ADDFX1    | 0.113 |   1.252 |    2.107 | 
     | picorv32_core_genblk1.pcpi_mul_mul_2371_47_g14505  | AN v -> Y v  | NOR2BX1   | 0.045 |   1.297 |    2.152 | 
     | picorv32_core_genblk1.pcpi_mul_mul_2371_47_g12932  | B v -> Y ^   | NOR2X1    | 0.039 |   1.337 |    2.192 | 
     | picorv32_core_genblk1.pcpi_mul_mul_2371_47_g12910  | B ^ -> Y v   | NOR2X1    | 0.038 |   1.374 |    2.229 | 
     | picorv32_core_genblk1.pcpi_mul_mul_2371_47_g12906  | A1 v -> Y ^  | AOI21X1   | 0.050 |   1.424 |    2.279 | 
     | picorv32_core_genblk1.pcpi_mul_mul_2371_47_g14478  | A1N ^ -> Y ^ | AOI2BB1X1 | 0.075 |   1.498 |    2.353 | 
     | picorv32_core_genblk1.pcpi_mul_mul_2371_47_g12892  | A1 ^ -> Y v  | OAI21X1   | 0.068 |   1.567 |    2.422 | 
     | picorv32_core_genblk1.pcpi_mul_mul_2371_47_g12857  | B v -> Y ^   | NAND2X1   | 0.043 |   1.610 |    2.465 | 
     | picorv32_core_genblk1.pcpi_mul_mul_2371_47_g12852  | B ^ -> Y v   | NOR2X1    | 0.028 |   1.638 |    2.493 | 
     | picorv32_core_genblk1.pcpi_mul_mul_2371_47_g12843  | A1 v -> Y ^  | OAI21X1   | 0.044 |   1.683 |    2.538 | 
     | picorv32_core_genblk1.pcpi_mul_mul_2371_47_g12833  | A1 ^ -> Y v  | AOI21X1   | 0.061 |   1.744 |    2.599 | 
     | picorv32_core_genblk1.pcpi_mul_mul_2371_47_g12818  | B v -> Y ^   | NOR2X1    | 0.077 |   1.821 |    2.676 | 
     | picorv32_core_genblk1.pcpi_mul_mul_2371_47_g12780  | B ^ -> Y v   | NOR2X1    | 0.055 |   1.876 |    2.731 | 
     | picorv32_core_genblk1.pcpi_mul_mul_2371_47_g12775  | B v -> Y ^   | NOR2X1    | 0.068 |   1.944 |    2.799 | 
     | picorv32_core_genblk1.pcpi_mul_mul_2371_47_g12693  | B ^ -> Y v   | NOR2X1    | 0.056 |   2.001 |    2.856 | 
     | picorv32_core_genblk1.pcpi_mul_mul_2371_47_g12660  | C v -> Y ^   | NOR3X1    | 0.063 |   2.064 |    2.919 | 
     | picorv32_core_genblk1.pcpi_mul_mul_2371_47_g14491  | AN ^ -> Y ^  | NAND2BX1  | 0.068 |   2.132 |    2.987 | 
     | picorv32_core_genblk1.pcpi_mul_mul_2371_47_g12651  | B ^ -> Y v   | NOR2X1    | 0.027 |   2.159 |    3.014 | 
     | picorv32_core_genblk1.pcpi_mul_mul_2371_47_g12640  | A1 v -> Y ^  | OAI21X1   | 0.045 |   2.204 |    3.059 | 
     | picorv32_core_genblk1.pcpi_mul_mul_2371_47_g12630  | B ^ -> Y v   | NAND2X1   | 0.048 |   2.252 |    3.107 | 
     | picorv32_core_genblk1.pcpi_mul_mul_2371_47_g12614  | A1 v -> Y ^  | AOI21X1   | 0.057 |   2.309 |    3.164 | 
     | picorv32_core_genblk1.pcpi_mul_mul_2371_47_g12611  | B ^ -> Y v   | NOR2X1    | 0.039 |   2.348 |    3.203 | 
     | picorv32_core_genblk1.pcpi_mul_mul_2371_47_g12608  | B v -> Y v   | AND2X1    | 0.050 |   2.398 |    3.253 | 
     | picorv32_core_genblk1.pcpi_mul_mul_2371_47_g12603  | A1 v -> Y ^  | OAI21X1   | 0.040 |   2.438 |    3.293 | 
     | picorv32_core_genblk1.pcpi_mul_mul_2371_47_g12599  | A1 ^ -> Y v  | AOI21X1   | 0.059 |   2.497 |    3.352 | 
     | picorv32_core_genblk1.pcpi_mul_mul_2371_47_g12597  | B v -> Y ^   | NOR2X1    | 0.135 |   2.632 |    3.487 | 
     | g175524                                            | C ^ -> Y v   | NOR3BX1   | 0.107 |   2.740 |    3.595 | 
     | g175523                                            | A v -> Y ^   | NOR2X1    | 0.082 |   2.822 |    3.677 | 
     | g175514                                            | A1N ^ -> Y ^ | AOI2BB1X1 | 0.104 |   2.925 |    3.780 | 
     | picorv32_core_genblk1.pcpi_mul_mul_2371_47_g12570  | A1N ^ -> Y ^ | AOI2BB1X1 | 0.069 |   2.994 |    3.849 | 
     | picorv32_core_genblk1.pcpi_mul_mul_2371_47_g12563  | B ^ -> Y ^   | XNOR2X1   | 0.076 |   3.070 |    3.925 | 
     | picorv32_core_genblk1.pcpi_mul_rd_reg[45]          | D ^          | DFFHQX1   | 0.000 |   3.070 |    3.925 | 
     +------------------------------------------------------------------------------------------------------------+ 
Path 24: MET Setup Check with Pin picorv32_core_reg_next_pc_reg[29]/CK 
Endpoint:   picorv32_core_reg_next_pc_reg[29]/D (^) checked with  leading edge 
of 'clk'
Beginpoint: picorv32_core_irq_mask_reg[8]/Q     (^) triggered by  leading edge 
of 'clk'
Path Groups: {reg2reg}
Analysis View: analysis1
Other End Arrival Time          0.000
- Setup                         0.057
+ Phase Shift                   4.000
- Uncertainty                   0.020
= Required Time                 3.923
- Arrival Time                  3.065
= Slack Time                    0.858
     Clock Rise Edge                 0.000
     + Clock Network Latency (Ideal) 0.000
     = Beginpoint Arrival Time       0.000
     +-------------------------------------------------------------------------------------------------------+ 
     |                   Instance                    |     Arc      |   Cell    | Delay | Arrival | Required | 
     |                                               |              |           |       |  Time   |   Time   | 
     |-----------------------------------------------+--------------+-----------+-------+---------+----------| 
     | picorv32_core_irq_mask_reg[8]                 | CK ^         |           |       |   0.000 |    0.858 | 
     | picorv32_core_irq_mask_reg[8]                 | CK ^ -> Q ^  | DFFHQX1   | 0.128 |   0.128 |    0.986 | 
     | g175494                                       | AN ^ -> Y ^  | NAND2BX1  | 0.093 |   0.221 |    1.079 | 
     | picorv32_core_g79790__6131                    | A ^ -> Y v   | NAND4XL   | 0.201 |   0.422 |    1.280 | 
     | picorv32_core_g79732__5115                    | A v -> Y ^   | NOR2X1    | 0.109 |   0.531 |    1.389 | 
     | picorv32_core_g79723__1617                    | B ^ -> Y v   | NAND2X1   | 0.044 |   0.575 |    1.433 | 
     | picorv32_core_g79712__5477                    | B v -> Y ^   | NOR2X1    | 0.080 |   0.655 |    1.513 | 
     | picorv32_core_g79708__2346                    | D ^ -> Y v   | NOR4X1    | 0.074 |   0.729 |    1.587 | 
     | picorv32_core_g79702__6161                    | B v -> Y ^   | NOR2X1    | 0.055 |   0.784 |    1.642 | 
     | g175506                                       | C ^ -> Y v   | NAND3X1   | 0.079 |   0.863 |    1.721 | 
     | picorv32_core_g79690__1705                    | B v -> Y ^   | NOR2X1    | 0.063 |   0.925 |    1.784 | 
     | picorv32_core_g79685__3680                    | B ^ -> Y ^   | AND2X2    | 0.152 |   1.077 |    1.935 | 
     | picorv32_core_g79681__8428                    | B ^ -> Y v   | NAND2X1   | 0.108 |   1.185 |    2.043 | 
     | picorv32_core_g79660__5122                    | C v -> Y ^   | NAND3X2   | 0.063 |   1.248 |    2.106 | 
     | picorv32_core_add_1569_33_Y_add_1552_33_g1255 | B ^ -> Y v   | NOR2X1    | 0.040 |   1.288 |    2.146 | 
     | picorv32_core_add_1569_33_Y_add_1552_33_g1203 | A0 v -> Y ^  | OAI21X1   | 0.062 |   1.350 |    2.208 | 
     | picorv32_core_add_1569_33_Y_add_1552_33_g1297 | AN ^ -> Y ^  | NOR2BX1   | 0.070 |   1.420 |    2.278 | 
     | picorv32_core_add_1569_33_Y_add_1552_33_g1195 | B ^ -> Y v   | NOR2X1    | 0.036 |   1.456 |    2.314 | 
     | g175509                                       | A1N v -> Y v | AOI2BB1X1 | 0.072 |   1.528 |    2.386 | 
     | g175508                                       | A1N v -> Y v | AOI2BB1X1 | 0.071 |   1.599 |    2.457 | 
     | g175507                                       | A1N v -> Y v | AOI2BB1X1 | 0.079 |   1.677 |    2.536 | 
     | picorv32_core_add_1569_33_Y_add_1552_33_g1179 | B v -> Y ^   | NOR2X1    | 0.054 |   1.731 |    2.589 | 
     | picorv32_core_add_1569_33_Y_add_1552_33_g1176 | B ^ -> Y v   | NAND2X1   | 0.056 |   1.787 |    2.645 | 
     | picorv32_core_add_1569_33_Y_add_1552_33_g1174 | C v -> Y ^   | NAND3BX1  | 0.050 |   1.837 |    2.695 | 
     | picorv32_core_add_1569_33_Y_add_1552_33_g1171 | B ^ -> Y v   | NAND2X1   | 0.071 |   1.908 |    2.766 | 
     | picorv32_core_add_1569_33_Y_add_1552_33_g1168 | D v -> Y ^   | NOR4X1    | 0.075 |   1.982 |    2.840 | 
     | picorv32_core_add_1569_33_Y_add_1552_33_g1165 | C ^ -> Y ^   | OR3X1     | 0.078 |   2.060 |    2.918 | 
     | picorv32_core_add_1569_33_Y_add_1552_33_g2    | AN ^ -> Y ^  | NOR4BBX1  | 0.113 |   2.173 |    3.031 | 
     | picorv32_core_add_1569_33_Y_add_1552_33_g1157 | B ^ -> Y ^   | OR2X1     | 0.087 |   2.260 |    3.118 | 
     | picorv32_core_add_1569_33_Y_add_1552_33_g1153 | B ^ -> Y v   | NAND2X1   | 0.071 |   2.331 |    3.189 | 
     | picorv32_core_add_1569_33_Y_add_1552_33_g1148 | D v -> Y ^   | NOR4X1    | 0.071 |   2.402 |    3.260 | 
     | picorv32_core_add_1569_33_Y_add_1552_33_g1145 | B ^ -> Y v   | NOR2X1    | 0.062 |   2.464 |    3.322 | 
     | picorv32_core_add_1569_33_Y_add_1552_33_g1137 | A1 v -> Y ^  | OAI211X1  | 0.066 |   2.530 |    3.388 | 
     | picorv32_core_add_1569_33_Y_add_1552_33_g1134 | CI ^ -> CO ^ | ADDFX1    | 0.119 |   2.650 |    3.508 | 
     | picorv32_core_add_1569_33_Y_add_1552_33_g1133 | CI ^ -> CO ^ | ADDFX1    | 0.104 |   2.753 |    3.611 | 
     | picorv32_core_add_1569_33_Y_add_1552_33_g1132 | CI ^ -> CO ^ | ADDFX1    | 0.104 |   2.857 |    3.715 | 
     | picorv32_core_add_1569_33_Y_add_1552_33_g1131 | CI ^ -> S ^  | ADDFX1    | 0.137 |   2.994 |    3.852 | 
     | picorv32_core_g167920__7410                   | A1N ^ -> Y ^ | OAI2BB1X1 | 0.071 |   3.065 |    3.923 | 
     | picorv32_core_reg_next_pc_reg[29]             | D ^          | DFFHQX1   | 0.000 |   3.065 |    3.923 | 
     +-------------------------------------------------------------------------------------------------------+ 
Path 25: MET Setup Check with Pin picorv32_core_genblk1.pcpi_mul_rd_reg[42]/CK 
Endpoint:   picorv32_core_genblk1.pcpi_mul_rd_reg[42]/D  (^) checked with  
leading edge of 'clk'
Beginpoint: picorv32_core_genblk1.pcpi_mul_rs2_reg[1]/QN (^) triggered by  
leading edge of 'clk'
Path Groups: {reg2reg}
Analysis View: analysis1
Other End Arrival Time          0.000
- Setup                         0.057
+ Phase Shift                   4.000
- Uncertainty                   0.020
= Required Time                 3.923
- Arrival Time                  3.062
= Slack Time                    0.861
     Clock Rise Edge                 0.000
     + Clock Network Latency (Ideal) 0.000
     = Beginpoint Arrival Time       0.000
     +------------------------------------------------------------------------------------------------------------+ 
     |                      Instance                      |     Arc      |   Cell    | Delay | Arrival | Required | 
     |                                                    |              |           |       |  Time   |   Time   | 
     |----------------------------------------------------+--------------+-----------+-------+---------+----------| 
     | picorv32_core_genblk1.pcpi_mul_rs2_reg[1]          | CK ^         |           |       |   0.000 |    0.861 | 
     | picorv32_core_genblk1.pcpi_mul_rs2_reg[1]          | CK ^ -> QN ^ | EDFFX2    | 0.179 |   0.179 |    1.040 | 
     | g175521                                            | A1 ^ -> Y ^  | OA22X2    | 0.203 |   0.381 |    1.243 | 
     | picorv32_core_genblk1.pcpi_mul_mul_2371_47_g13589  | A ^ -> Y ^   | AND2X1    | 0.134 |   0.516 |    1.377 | 
     | picorv32_core_genblk1.pcpi_mul_mul_2371_47_g13550  | A ^ -> Y v   | INVX2     | 0.114 |   0.630 |    1.491 | 
     | picorv32_core_genblk1.pcpi_mul_mul_2371_47_g13479  | A1 v -> Y ^  | OAI22X1   | 0.120 |   0.750 |    1.611 | 
     | picorv32_core_genblk1.pcpi_mul_mul_2371_47_cdnfadd | B ^ -> S v   | ADDFX1    | 0.197 |   0.947 |    1.808 | 
     | _004_0                                             |              |           |       |         |          | 
     | picorv32_core_genblk1.pcpi_mul_mul_2371_47_g12959  | B v -> Y ^   | NOR2X1    | 0.044 |   0.991 |    1.852 | 
     | picorv32_core_genblk1.pcpi_mul_mul_2371_47_g12953  | A0 ^ -> Y v  | OAI21X1   | 0.066 |   1.057 |    1.918 | 
     | picorv32_core_genblk1.pcpi_mul_mul_2371_47_g12949  | A v -> Y ^   | INVX1     | 0.033 |   1.090 |    1.952 | 
     | picorv32_core_genblk1.pcpi_mul_mul_2371_47_g12948  | A1 ^ -> Y v  | OAI21X1   | 0.049 |   1.140 |    2.001 | 
     | picorv32_core_genblk1.pcpi_mul_mul_2371_47_g12935  | CI v -> CO v | ADDFX1    | 0.113 |   1.252 |    2.114 | 
     | picorv32_core_genblk1.pcpi_mul_mul_2371_47_g14505  | AN v -> Y v  | NOR2BX1   | 0.045 |   1.297 |    2.159 | 
     | picorv32_core_genblk1.pcpi_mul_mul_2371_47_g12932  | B v -> Y ^   | NOR2X1    | 0.039 |   1.337 |    2.198 | 
     | picorv32_core_genblk1.pcpi_mul_mul_2371_47_g12910  | B ^ -> Y v   | NOR2X1    | 0.038 |   1.374 |    2.235 | 
     | picorv32_core_genblk1.pcpi_mul_mul_2371_47_g12906  | A1 v -> Y ^  | AOI21X1   | 0.050 |   1.424 |    2.285 | 
     | picorv32_core_genblk1.pcpi_mul_mul_2371_47_g14478  | A1N ^ -> Y ^ | AOI2BB1X1 | 0.075 |   1.498 |    2.360 | 
     | picorv32_core_genblk1.pcpi_mul_mul_2371_47_g12892  | A1 ^ -> Y v  | OAI21X1   | 0.068 |   1.567 |    2.428 | 
     | picorv32_core_genblk1.pcpi_mul_mul_2371_47_g12857  | B v -> Y ^   | NAND2X1   | 0.043 |   1.610 |    2.471 | 
     | picorv32_core_genblk1.pcpi_mul_mul_2371_47_g12852  | B ^ -> Y v   | NOR2X1    | 0.028 |   1.638 |    2.499 | 
     | picorv32_core_genblk1.pcpi_mul_mul_2371_47_g12843  | A1 v -> Y ^  | OAI21X1   | 0.044 |   1.683 |    2.544 | 
     | picorv32_core_genblk1.pcpi_mul_mul_2371_47_g12833  | A1 ^ -> Y v  | AOI21X1   | 0.061 |   1.744 |    2.605 | 
     | picorv32_core_genblk1.pcpi_mul_mul_2371_47_g12818  | B v -> Y ^   | NOR2X1    | 0.077 |   1.821 |    2.683 | 
     | picorv32_core_genblk1.pcpi_mul_mul_2371_47_g12780  | B ^ -> Y v   | NOR2X1    | 0.055 |   1.876 |    2.737 | 
     | picorv32_core_genblk1.pcpi_mul_mul_2371_47_g12775  | B v -> Y ^   | NOR2X1    | 0.068 |   1.944 |    2.806 | 
     | picorv32_core_genblk1.pcpi_mul_mul_2371_47_g12693  | B ^ -> Y v   | NOR2X1    | 0.056 |   2.001 |    2.862 | 
     | picorv32_core_genblk1.pcpi_mul_mul_2371_47_g12660  | C v -> Y ^   | NOR3X1    | 0.063 |   2.064 |    2.925 | 
     | picorv32_core_genblk1.pcpi_mul_mul_2371_47_g14491  | AN ^ -> Y ^  | NAND2BX1  | 0.068 |   2.132 |    2.993 | 
     | picorv32_core_genblk1.pcpi_mul_mul_2371_47_g12651  | B ^ -> Y v   | NOR2X1    | 0.027 |   2.159 |    3.020 | 
     | picorv32_core_genblk1.pcpi_mul_mul_2371_47_g12640  | A1 v -> Y ^  | OAI21X1   | 0.045 |   2.204 |    3.065 | 
     | picorv32_core_genblk1.pcpi_mul_mul_2371_47_g12630  | B ^ -> Y v   | NAND2X1   | 0.048 |   2.252 |    3.113 | 
     | picorv32_core_genblk1.pcpi_mul_mul_2371_47_g12614  | A1 v -> Y ^  | AOI21X1   | 0.057 |   2.309 |    3.170 | 
     | picorv32_core_genblk1.pcpi_mul_mul_2371_47_g12611  | B ^ -> Y v   | NOR2X1    | 0.039 |   2.348 |    3.209 | 
     | picorv32_core_genblk1.pcpi_mul_mul_2371_47_g12608  | B v -> Y v   | AND2X1    | 0.050 |   2.398 |    3.259 | 
     | picorv32_core_genblk1.pcpi_mul_mul_2371_47_g12603  | A1 v -> Y ^  | OAI21X1   | 0.040 |   2.438 |    3.300 | 
     | picorv32_core_genblk1.pcpi_mul_mul_2371_47_g12599  | A1 ^ -> Y v  | AOI21X1   | 0.059 |   2.497 |    3.358 | 
     | picorv32_core_genblk1.pcpi_mul_mul_2371_47_g12597  | B v -> Y ^   | NOR2X1    | 0.135 |   2.632 |    3.494 | 
     | g175524                                            | C ^ -> Y v   | NOR3BX1   | 0.107 |   2.740 |    3.601 | 
     | g175523                                            | A v -> Y ^   | NOR2X1    | 0.082 |   2.822 |    3.683 | 
     | picorv32_core_genblk1.pcpi_mul_mul_2371_47_g12591  | A ^ -> Y v   | INVX1     | 0.060 |   2.881 |    3.742 | 
     | picorv32_core_genblk1.pcpi_mul_mul_2371_47_g12585  | A v -> Y v   | AND2X1    | 0.047 |   2.929 |    3.790 | 
     | picorv32_core_genblk1.pcpi_mul_mul_2371_47_g12575  | A1 v -> Y ^  | AOI21X1   | 0.046 |   2.975 |    3.836 | 
     | picorv32_core_genblk1.pcpi_mul_mul_2371_47_g12567  | B ^ -> Y ^   | XNOR2X1   | 0.087 |   3.062 |    3.923 | 
     | picorv32_core_genblk1.pcpi_mul_rd_reg[42]          | D ^          | DFFHQX1   | 0.000 |   3.062 |    3.923 | 
     +------------------------------------------------------------------------------------------------------------+ 
Path 26: MET Setup Check with Pin picorv32_core_genblk1.pcpi_mul_rd_reg[35]/CK 
Endpoint:   picorv32_core_genblk1.pcpi_mul_rd_reg[35]/D  (^) checked with  
leading edge of 'clk'
Beginpoint: picorv32_core_genblk1.pcpi_mul_rs2_reg[1]/QN (^) triggered by  
leading edge of 'clk'
Path Groups: {reg2reg}
Analysis View: analysis1
Other End Arrival Time          0.000
- Setup                         0.076
+ Phase Shift                   4.000
- Uncertainty                   0.020
= Required Time                 3.904
- Arrival Time                  3.033
= Slack Time                    0.871
     Clock Rise Edge                 0.000
     + Clock Network Latency (Ideal) 0.000
     = Beginpoint Arrival Time       0.000
     +------------------------------------------------------------------------------------------------------------+ 
     |                      Instance                      |     Arc      |   Cell    | Delay | Arrival | Required | 
     |                                                    |              |           |       |  Time   |   Time   | 
     |----------------------------------------------------+--------------+-----------+-------+---------+----------| 
     | picorv32_core_genblk1.pcpi_mul_rs2_reg[1]          | CK ^         |           |       |   0.000 |    0.871 | 
     | picorv32_core_genblk1.pcpi_mul_rs2_reg[1]          | CK ^ -> QN ^ | EDFFX2    | 0.179 |   0.179 |    1.049 | 
     | g175521                                            | A1 ^ -> Y ^  | OA22X2    | 0.203 |   0.382 |    1.252 | 
     | picorv32_core_genblk1.pcpi_mul_mul_2371_47_g13589  | A ^ -> Y ^   | AND2X1    | 0.134 |   0.516 |    1.387 | 
     | picorv32_core_genblk1.pcpi_mul_mul_2371_47_g13550  | A ^ -> Y v   | INVX2     | 0.114 |   0.630 |    1.501 | 
     | picorv32_core_genblk1.pcpi_mul_mul_2371_47_g13479  | A1 v -> Y ^  | OAI22X1   | 0.120 |   0.750 |    1.621 | 
     | picorv32_core_genblk1.pcpi_mul_mul_2371_47_cdnfadd | B ^ -> S v   | ADDFX1    | 0.197 |   0.947 |    1.818 | 
     | _004_0                                             |              |           |       |         |          | 
     | picorv32_core_genblk1.pcpi_mul_mul_2371_47_g12959  | B v -> Y ^   | NOR2X1    | 0.044 |   0.991 |    1.862 | 
     | picorv32_core_genblk1.pcpi_mul_mul_2371_47_g12953  | A0 ^ -> Y v  | OAI21X1   | 0.066 |   1.057 |    1.928 | 
     | picorv32_core_genblk1.pcpi_mul_mul_2371_47_g12949  | A v -> Y ^   | INVX1     | 0.033 |   1.091 |    1.961 | 
     | picorv32_core_genblk1.pcpi_mul_mul_2371_47_g12948  | A1 ^ -> Y v  | OAI21X1   | 0.049 |   1.140 |    2.011 | 
     | picorv32_core_genblk1.pcpi_mul_mul_2371_47_g12935  | CI v -> CO v | ADDFX1    | 0.113 |   1.252 |    2.123 | 
     | picorv32_core_genblk1.pcpi_mul_mul_2371_47_g14505  | AN v -> Y v  | NOR2BX1   | 0.045 |   1.297 |    2.168 | 
     | picorv32_core_genblk1.pcpi_mul_mul_2371_47_g12932  | B v -> Y ^   | NOR2X1    | 0.039 |   1.337 |    2.208 | 
     | picorv32_core_genblk1.pcpi_mul_mul_2371_47_g12910  | B ^ -> Y v   | NOR2X1    | 0.038 |   1.374 |    2.245 | 
     | picorv32_core_genblk1.pcpi_mul_mul_2371_47_g12906  | A1 v -> Y ^  | AOI21X1   | 0.050 |   1.424 |    2.295 | 
     | picorv32_core_genblk1.pcpi_mul_mul_2371_47_g14478  | A1N ^ -> Y ^ | AOI2BB1X1 | 0.075 |   1.499 |    2.369 | 
     | picorv32_core_genblk1.pcpi_mul_mul_2371_47_g12892  | A1 ^ -> Y v  | OAI21X1   | 0.068 |   1.567 |    2.438 | 
     | picorv32_core_genblk1.pcpi_mul_mul_2371_47_g12857  | B v -> Y ^   | NAND2X1   | 0.043 |   1.610 |    2.481 | 
     | picorv32_core_genblk1.pcpi_mul_mul_2371_47_g12852  | B ^ -> Y v   | NOR2X1    | 0.028 |   1.638 |    2.509 | 
     | picorv32_core_genblk1.pcpi_mul_mul_2371_47_g12843  | A1 v -> Y ^  | OAI21X1   | 0.044 |   1.683 |    2.554 | 
     | picorv32_core_genblk1.pcpi_mul_mul_2371_47_g12833  | A1 ^ -> Y v  | AOI21X1   | 0.061 |   1.744 |    2.615 | 
     | picorv32_core_genblk1.pcpi_mul_mul_2371_47_g12818  | B v -> Y ^   | NOR2X1    | 0.077 |   1.821 |    2.692 | 
     | picorv32_core_genblk1.pcpi_mul_mul_2371_47_g12780  | B ^ -> Y v   | NOR2X1    | 0.055 |   1.876 |    2.747 | 
     | picorv32_core_genblk1.pcpi_mul_mul_2371_47_g12775  | B v -> Y ^   | NOR2X1    | 0.068 |   1.944 |    2.815 | 
     | picorv32_core_genblk1.pcpi_mul_mul_2371_47_g12693  | B ^ -> Y v   | NOR2X1    | 0.056 |   2.001 |    2.872 | 
     | picorv32_core_genblk1.pcpi_mul_mul_2371_47_g12660  | C v -> Y ^   | NOR3X1    | 0.063 |   2.064 |    2.935 | 
     | picorv32_core_genblk1.pcpi_mul_mul_2371_47_g14491  | AN ^ -> Y ^  | NAND2BX1  | 0.068 |   2.132 |    3.003 | 
     | picorv32_core_genblk1.pcpi_mul_mul_2371_47_g12651  | B ^ -> Y v   | NOR2X1    | 0.027 |   2.159 |    3.030 | 
     | picorv32_core_genblk1.pcpi_mul_mul_2371_47_g12640  | A1 v -> Y ^  | OAI21X1   | 0.045 |   2.204 |    3.075 | 
     | picorv32_core_genblk1.pcpi_mul_mul_2371_47_g12630  | B ^ -> Y v   | NAND2X1   | 0.048 |   2.252 |    3.123 | 
     | picorv32_core_genblk1.pcpi_mul_mul_2371_47_g12614  | A1 v -> Y ^  | AOI21X1   | 0.057 |   2.309 |    3.180 | 
     | picorv32_core_genblk1.pcpi_mul_mul_2371_47_g12611  | B ^ -> Y v   | NOR2X1    | 0.039 |   2.348 |    3.219 | 
     | picorv32_core_genblk1.pcpi_mul_mul_2371_47_g12608  | B v -> Y v   | AND2X1    | 0.050 |   2.398 |    3.269 | 
     | picorv32_core_genblk1.pcpi_mul_mul_2371_47_g12603  | A1 v -> Y ^  | OAI21X1   | 0.040 |   2.438 |    3.309 | 
     | picorv32_core_genblk1.pcpi_mul_mul_2371_47_g12599  | A1 ^ -> Y v  | AOI21X1   | 0.059 |   2.497 |    3.368 | 
     | picorv32_core_genblk1.pcpi_mul_mul_2371_47_g12597  | B v -> Y ^   | NOR2X1    | 0.135 |   2.632 |    3.503 | 
     | picorv32_core_genblk1.pcpi_mul_mul_2371_47_g12596  | A ^ -> Y v   | INVX1     | 0.107 |   2.740 |    3.611 | 
     | picorv32_core_genblk1.pcpi_mul_mul_2371_47_g12594  | A v -> Y v   | AND2X1    | 0.055 |   2.795 |    3.666 | 
     | picorv32_core_genblk1.pcpi_mul_mul_2371_47_g12588  | A1 v -> Y ^  | AOI21X1   | 0.048 |   2.843 |    3.714 | 
     | picorv32_core_genblk1.pcpi_mul_mul_2371_47_g12577  | A1 ^ -> Y v  | OAI21X1   | 0.055 |   2.898 |    3.769 | 
     | picorv32_core_genblk1.pcpi_mul_mul_2371_47_g12569  | B v -> Y ^   | XNOR2X1   | 0.134 |   3.032 |    3.903 | 
     | picorv32_core_genblk1.pcpi_mul_rd_reg[35]          | D ^          | DFFHQX1   | 0.001 |   3.033 |    3.904 | 
     +------------------------------------------------------------------------------------------------------------+ 
Path 27: MET Setup Check with Pin picorv32_core_genblk1.pcpi_mul_rd_reg[41]/CK 
Endpoint:   picorv32_core_genblk1.pcpi_mul_rd_reg[41]/D  (^) checked with  
leading edge of 'clk'
Beginpoint: picorv32_core_genblk1.pcpi_mul_rs2_reg[1]/QN (^) triggered by  
leading edge of 'clk'
Path Groups: {reg2reg}
Analysis View: analysis1
Other End Arrival Time          0.000
- Setup                         0.056
+ Phase Shift                   4.000
- Uncertainty                   0.020
= Required Time                 3.924
- Arrival Time                  3.039
= Slack Time                    0.884
     Clock Rise Edge                 0.000
     + Clock Network Latency (Ideal) 0.000
     = Beginpoint Arrival Time       0.000
     +------------------------------------------------------------------------------------------------------------+ 
     |                      Instance                      |     Arc      |   Cell    | Delay | Arrival | Required | 
     |                                                    |              |           |       |  Time   |   Time   | 
     |----------------------------------------------------+--------------+-----------+-------+---------+----------| 
     | picorv32_core_genblk1.pcpi_mul_rs2_reg[1]          | CK ^         |           |       |   0.000 |    0.884 | 
     | picorv32_core_genblk1.pcpi_mul_rs2_reg[1]          | CK ^ -> QN ^ | EDFFX2    | 0.179 |   0.179 |    1.063 | 
     | g175521                                            | A1 ^ -> Y ^  | OA22X2    | 0.203 |   0.381 |    1.266 | 
     | picorv32_core_genblk1.pcpi_mul_mul_2371_47_g13589  | A ^ -> Y ^   | AND2X1    | 0.134 |   0.516 |    1.400 | 
     | picorv32_core_genblk1.pcpi_mul_mul_2371_47_g13550  | A ^ -> Y v   | INVX2     | 0.114 |   0.630 |    1.514 | 
     | picorv32_core_genblk1.pcpi_mul_mul_2371_47_g13479  | A1 v -> Y ^  | OAI22X1   | 0.120 |   0.750 |    1.634 | 
     | picorv32_core_genblk1.pcpi_mul_mul_2371_47_cdnfadd | B ^ -> S v   | ADDFX1    | 0.197 |   0.947 |    1.831 | 
     | _004_0                                             |              |           |       |         |          | 
     | picorv32_core_genblk1.pcpi_mul_mul_2371_47_g12959  | B v -> Y ^   | NOR2X1    | 0.044 |   0.991 |    1.875 | 
     | picorv32_core_genblk1.pcpi_mul_mul_2371_47_g12953  | A0 ^ -> Y v  | OAI21X1   | 0.066 |   1.057 |    1.941 | 
     | picorv32_core_genblk1.pcpi_mul_mul_2371_47_g12949  | A v -> Y ^   | INVX1     | 0.033 |   1.090 |    1.975 | 
     | picorv32_core_genblk1.pcpi_mul_mul_2371_47_g12948  | A1 ^ -> Y v  | OAI21X1   | 0.049 |   1.140 |    2.024 | 
     | picorv32_core_genblk1.pcpi_mul_mul_2371_47_g12935  | CI v -> CO v | ADDFX1    | 0.113 |   1.252 |    2.137 | 
     | picorv32_core_genblk1.pcpi_mul_mul_2371_47_g14505  | AN v -> Y v  | NOR2BX1   | 0.045 |   1.297 |    2.182 | 
     | picorv32_core_genblk1.pcpi_mul_mul_2371_47_g12932  | B v -> Y ^   | NOR2X1    | 0.039 |   1.337 |    2.221 | 
     | picorv32_core_genblk1.pcpi_mul_mul_2371_47_g12910  | B ^ -> Y v   | NOR2X1    | 0.038 |   1.374 |    2.259 | 
     | picorv32_core_genblk1.pcpi_mul_mul_2371_47_g12906  | A1 v -> Y ^  | AOI21X1   | 0.050 |   1.424 |    2.308 | 
     | picorv32_core_genblk1.pcpi_mul_mul_2371_47_g14478  | A1N ^ -> Y ^ | AOI2BB1X1 | 0.075 |   1.498 |    2.383 | 
     | picorv32_core_genblk1.pcpi_mul_mul_2371_47_g12892  | A1 ^ -> Y v  | OAI21X1   | 0.068 |   1.567 |    2.451 | 
     | picorv32_core_genblk1.pcpi_mul_mul_2371_47_g12857  | B v -> Y ^   | NAND2X1   | 0.043 |   1.610 |    2.494 | 
     | picorv32_core_genblk1.pcpi_mul_mul_2371_47_g12852  | B ^ -> Y v   | NOR2X1    | 0.028 |   1.638 |    2.523 | 
     | picorv32_core_genblk1.pcpi_mul_mul_2371_47_g12843  | A1 v -> Y ^  | OAI21X1   | 0.044 |   1.683 |    2.567 | 
     | picorv32_core_genblk1.pcpi_mul_mul_2371_47_g12833  | A1 ^ -> Y v  | AOI21X1   | 0.061 |   1.744 |    2.628 | 
     | picorv32_core_genblk1.pcpi_mul_mul_2371_47_g12818  | B v -> Y ^   | NOR2X1    | 0.077 |   1.821 |    2.706 | 
     | picorv32_core_genblk1.pcpi_mul_mul_2371_47_g12780  | B ^ -> Y v   | NOR2X1    | 0.055 |   1.876 |    2.760 | 
     | picorv32_core_genblk1.pcpi_mul_mul_2371_47_g12775  | B v -> Y ^   | NOR2X1    | 0.068 |   1.944 |    2.829 | 
     | picorv32_core_genblk1.pcpi_mul_mul_2371_47_g12693  | B ^ -> Y v   | NOR2X1    | 0.056 |   2.001 |    2.885 | 
     | picorv32_core_genblk1.pcpi_mul_mul_2371_47_g12660  | C v -> Y ^   | NOR3X1    | 0.063 |   2.064 |    2.949 | 
     | picorv32_core_genblk1.pcpi_mul_mul_2371_47_g14491  | AN ^ -> Y ^  | NAND2BX1  | 0.068 |   2.132 |    3.017 | 
     | picorv32_core_genblk1.pcpi_mul_mul_2371_47_g12651  | B ^ -> Y v   | NOR2X1    | 0.027 |   2.159 |    3.044 | 
     | picorv32_core_genblk1.pcpi_mul_mul_2371_47_g12640  | A1 v -> Y ^  | OAI21X1   | 0.045 |   2.204 |    3.088 | 
     | picorv32_core_genblk1.pcpi_mul_mul_2371_47_g12630  | B ^ -> Y v   | NAND2X1   | 0.048 |   2.252 |    3.136 | 
     | picorv32_core_genblk1.pcpi_mul_mul_2371_47_g12614  | A1 v -> Y ^  | AOI21X1   | 0.057 |   2.309 |    3.193 | 
     | picorv32_core_genblk1.pcpi_mul_mul_2371_47_g12611  | B ^ -> Y v   | NOR2X1    | 0.039 |   2.348 |    3.233 | 
     | picorv32_core_genblk1.pcpi_mul_mul_2371_47_g12608  | B v -> Y v   | AND2X1    | 0.050 |   2.398 |    3.283 | 
     | picorv32_core_genblk1.pcpi_mul_mul_2371_47_g12603  | A1 v -> Y ^  | OAI21X1   | 0.040 |   2.438 |    3.323 | 
     | picorv32_core_genblk1.pcpi_mul_mul_2371_47_g12599  | A1 ^ -> Y v  | AOI21X1   | 0.059 |   2.497 |    3.381 | 
     | picorv32_core_genblk1.pcpi_mul_mul_2371_47_g12597  | B v -> Y ^   | NOR2X1    | 0.135 |   2.632 |    3.517 | 
     | g175524                                            | C ^ -> Y v   | NOR3BX1   | 0.107 |   2.740 |    3.624 | 
     | g175523                                            | A v -> Y ^   | NOR2X1    | 0.082 |   2.822 |    3.706 | 
     | picorv32_core_genblk1.pcpi_mul_mul_2371_47_g12591  | A ^ -> Y v   | INVX1     | 0.060 |   2.881 |    3.766 | 
     | picorv32_core_genblk1.pcpi_mul_mul_2371_47_g12585  | A v -> Y v   | AND2X1    | 0.047 |   2.929 |    3.813 | 
     | picorv32_core_genblk1.pcpi_mul_mul_2371_47_g12579  | B v -> Y ^   | NOR2X1    | 0.032 |   2.960 |    3.845 | 
     | picorv32_core_genblk1.pcpi_mul_mul_2371_47_g12573  | B ^ -> Y ^   | XNOR2X1   | 0.079 |   3.039 |    3.924 | 
     | picorv32_core_genblk1.pcpi_mul_rd_reg[41]          | D ^          | DFFHQX1   | 0.000 |   3.039 |    3.924 | 
     +------------------------------------------------------------------------------------------------------------+ 
Path 28: MET Setup Check with Pin picorv32_core_genblk1.pcpi_mul_rd_reg[38]/CK 
Endpoint:   picorv32_core_genblk1.pcpi_mul_rd_reg[38]/D  (^) checked with  
leading edge of 'clk'
Beginpoint: picorv32_core_genblk1.pcpi_mul_rs2_reg[1]/QN (^) triggered by  
leading edge of 'clk'
Path Groups: {reg2reg}
Analysis View: analysis1
Other End Arrival Time          0.000
- Setup                         0.063
+ Phase Shift                   4.000
- Uncertainty                   0.020
= Required Time                 3.917
- Arrival Time                  3.019
= Slack Time                    0.898
     Clock Rise Edge                 0.000
     + Clock Network Latency (Ideal) 0.000
     = Beginpoint Arrival Time       0.000
     +------------------------------------------------------------------------------------------------------------+ 
     |                      Instance                      |     Arc      |   Cell    | Delay | Arrival | Required | 
     |                                                    |              |           |       |  Time   |   Time   | 
     |----------------------------------------------------+--------------+-----------+-------+---------+----------| 
     | picorv32_core_genblk1.pcpi_mul_rs2_reg[1]          | CK ^         |           |       |   0.000 |    0.898 | 
     | picorv32_core_genblk1.pcpi_mul_rs2_reg[1]          | CK ^ -> QN ^ | EDFFX2    | 0.179 |   0.179 |    1.076 | 
     | g175521                                            | A1 ^ -> Y ^  | OA22X2    | 0.203 |   0.381 |    1.279 | 
     | picorv32_core_genblk1.pcpi_mul_mul_2371_47_g13589  | A ^ -> Y ^   | AND2X1    | 0.134 |   0.516 |    1.414 | 
     | picorv32_core_genblk1.pcpi_mul_mul_2371_47_g13550  | A ^ -> Y v   | INVX2     | 0.114 |   0.630 |    1.528 | 
     | picorv32_core_genblk1.pcpi_mul_mul_2371_47_g13479  | A1 v -> Y ^  | OAI22X1   | 0.120 |   0.750 |    1.648 | 
     | picorv32_core_genblk1.pcpi_mul_mul_2371_47_cdnfadd | B ^ -> S v   | ADDFX1    | 0.197 |   0.947 |    1.845 | 
     | _004_0                                             |              |           |       |         |          | 
     | picorv32_core_genblk1.pcpi_mul_mul_2371_47_g12959  | B v -> Y ^   | NOR2X1    | 0.044 |   0.991 |    1.888 | 
     | picorv32_core_genblk1.pcpi_mul_mul_2371_47_g12953  | A0 ^ -> Y v  | OAI21X1   | 0.066 |   1.057 |    1.955 | 
     | picorv32_core_genblk1.pcpi_mul_mul_2371_47_g12949  | A v -> Y ^   | INVX1     | 0.033 |   1.090 |    1.988 | 
     | picorv32_core_genblk1.pcpi_mul_mul_2371_47_g12948  | A1 ^ -> Y v  | OAI21X1   | 0.049 |   1.140 |    2.037 | 
     | picorv32_core_genblk1.pcpi_mul_mul_2371_47_g12935  | CI v -> CO v | ADDFX1    | 0.113 |   1.252 |    2.150 | 
     | picorv32_core_genblk1.pcpi_mul_mul_2371_47_g14505  | AN v -> Y v  | NOR2BX1   | 0.045 |   1.297 |    2.195 | 
     | picorv32_core_genblk1.pcpi_mul_mul_2371_47_g12932  | B v -> Y ^   | NOR2X1    | 0.039 |   1.337 |    2.234 | 
     | picorv32_core_genblk1.pcpi_mul_mul_2371_47_g12910  | B ^ -> Y v   | NOR2X1    | 0.038 |   1.374 |    2.272 | 
     | picorv32_core_genblk1.pcpi_mul_mul_2371_47_g12906  | A1 v -> Y ^  | AOI21X1   | 0.050 |   1.424 |    2.322 | 
     | picorv32_core_genblk1.pcpi_mul_mul_2371_47_g14478  | A1N ^ -> Y ^ | AOI2BB1X1 | 0.075 |   1.498 |    2.396 | 
     | picorv32_core_genblk1.pcpi_mul_mul_2371_47_g12892  | A1 ^ -> Y v  | OAI21X1   | 0.068 |   1.567 |    2.465 | 
     | picorv32_core_genblk1.pcpi_mul_mul_2371_47_g12857  | B v -> Y ^   | NAND2X1   | 0.043 |   1.610 |    2.508 | 
     | picorv32_core_genblk1.pcpi_mul_mul_2371_47_g12852  | B ^ -> Y v   | NOR2X1    | 0.028 |   1.638 |    2.536 | 
     | picorv32_core_genblk1.pcpi_mul_mul_2371_47_g12843  | A1 v -> Y ^  | OAI21X1   | 0.044 |   1.683 |    2.580 | 
     | picorv32_core_genblk1.pcpi_mul_mul_2371_47_g12833  | A1 ^ -> Y v  | AOI21X1   | 0.061 |   1.744 |    2.642 | 
     | picorv32_core_genblk1.pcpi_mul_mul_2371_47_g12818  | B v -> Y ^   | NOR2X1    | 0.077 |   1.821 |    2.719 | 
     | picorv32_core_genblk1.pcpi_mul_mul_2371_47_g12780  | B ^ -> Y v   | NOR2X1    | 0.055 |   1.876 |    2.774 | 
     | picorv32_core_genblk1.pcpi_mul_mul_2371_47_g12775  | B v -> Y ^   | NOR2X1    | 0.068 |   1.944 |    2.842 | 
     | picorv32_core_genblk1.pcpi_mul_mul_2371_47_g12693  | B ^ -> Y v   | NOR2X1    | 0.056 |   2.001 |    2.898 | 
     | picorv32_core_genblk1.pcpi_mul_mul_2371_47_g12660  | C v -> Y ^   | NOR3X1    | 0.063 |   2.064 |    2.962 | 
     | picorv32_core_genblk1.pcpi_mul_mul_2371_47_g14491  | AN ^ -> Y ^  | NAND2BX1  | 0.068 |   2.132 |    3.030 | 
     | picorv32_core_genblk1.pcpi_mul_mul_2371_47_g12651  | B ^ -> Y v   | NOR2X1    | 0.027 |   2.159 |    3.057 | 
     | picorv32_core_genblk1.pcpi_mul_mul_2371_47_g12640  | A1 v -> Y ^  | OAI21X1   | 0.045 |   2.204 |    3.102 | 
     | picorv32_core_genblk1.pcpi_mul_mul_2371_47_g12630  | B ^ -> Y v   | NAND2X1   | 0.048 |   2.252 |    3.149 | 
     | picorv32_core_genblk1.pcpi_mul_mul_2371_47_g12614  | A1 v -> Y ^  | AOI21X1   | 0.057 |   2.309 |    3.207 | 
     | picorv32_core_genblk1.pcpi_mul_mul_2371_47_g12611  | B ^ -> Y v   | NOR2X1    | 0.039 |   2.348 |    3.246 | 
     | picorv32_core_genblk1.pcpi_mul_mul_2371_47_g12608  | B v -> Y v   | AND2X1    | 0.050 |   2.398 |    3.296 | 
     | picorv32_core_genblk1.pcpi_mul_mul_2371_47_g12603  | A1 v -> Y ^  | OAI21X1   | 0.040 |   2.438 |    3.336 | 
     | picorv32_core_genblk1.pcpi_mul_mul_2371_47_g12599  | A1 ^ -> Y v  | AOI21X1   | 0.059 |   2.497 |    3.395 | 
     | picorv32_core_genblk1.pcpi_mul_mul_2371_47_g12597  | B v -> Y ^   | NOR2X1    | 0.135 |   2.632 |    3.530 | 
     | picorv32_core_genblk1.pcpi_mul_mul_2371_47_g12596  | A ^ -> Y v   | INVX1     | 0.107 |   2.740 |    3.637 | 
     | picorv32_core_genblk1.pcpi_mul_mul_2371_47_g12590  | A1N v -> Y v | OAI2BB1X1 | 0.070 |   2.810 |    3.708 | 
     | picorv32_core_genblk1.pcpi_mul_mul_2371_47_g12586  | A v -> Y v   | AND2X1    | 0.056 |   2.866 |    3.764 | 
     | picorv32_core_genblk1.pcpi_mul_mul_2371_47_g12576  | A1 v -> Y ^  | AOI21X1   | 0.054 |   2.920 |    3.818 | 
     | picorv32_core_genblk1.pcpi_mul_mul_2371_47_g12568  | B ^ -> Y ^   | XNOR2X1   | 0.099 |   3.019 |    3.917 | 
     | picorv32_core_genblk1.pcpi_mul_rd_reg[38]          | D ^          | DFFHQX1   | 0.000 |   3.019 |    3.917 | 
     +------------------------------------------------------------------------------------------------------------+ 
Path 29: MET Setup Check with Pin picorv32_core_genblk1.pcpi_mul_rd_reg[44]/CK 
Endpoint:   picorv32_core_genblk1.pcpi_mul_rd_reg[44]/D  (^) checked with  
leading edge of 'clk'
Beginpoint: picorv32_core_genblk1.pcpi_mul_rs2_reg[1]/QN (^) triggered by  
leading edge of 'clk'
Path Groups: {reg2reg}
Analysis View: analysis1
Other End Arrival Time          0.000
- Setup                         0.056
+ Phase Shift                   4.000
- Uncertainty                   0.020
= Required Time                 3.924
- Arrival Time                  3.019
= Slack Time                    0.905
     Clock Rise Edge                 0.000
     + Clock Network Latency (Ideal) 0.000
     = Beginpoint Arrival Time       0.000
     +------------------------------------------------------------------------------------------------------------+ 
     |                      Instance                      |     Arc      |   Cell    | Delay | Arrival | Required | 
     |                                                    |              |           |       |  Time   |   Time   | 
     |----------------------------------------------------+--------------+-----------+-------+---------+----------| 
     | picorv32_core_genblk1.pcpi_mul_rs2_reg[1]          | CK ^         |           |       |   0.000 |    0.905 | 
     | picorv32_core_genblk1.pcpi_mul_rs2_reg[1]          | CK ^ -> QN ^ | EDFFX2    | 0.179 |   0.179 |    1.084 | 
     | g175521                                            | A1 ^ -> Y ^  | OA22X2    | 0.203 |   0.382 |    1.287 | 
     | picorv32_core_genblk1.pcpi_mul_mul_2371_47_g13589  | A ^ -> Y ^   | AND2X1    | 0.134 |   0.516 |    1.421 | 
     | picorv32_core_genblk1.pcpi_mul_mul_2371_47_g13550  | A ^ -> Y v   | INVX2     | 0.114 |   0.630 |    1.535 | 
     | picorv32_core_genblk1.pcpi_mul_mul_2371_47_g13479  | A1 v -> Y ^  | OAI22X1   | 0.120 |   0.750 |    1.655 | 
     | picorv32_core_genblk1.pcpi_mul_mul_2371_47_cdnfadd | B ^ -> S v   | ADDFX1    | 0.197 |   0.947 |    1.852 | 
     | _004_0                                             |              |           |       |         |          | 
     | picorv32_core_genblk1.pcpi_mul_mul_2371_47_g12959  | B v -> Y ^   | NOR2X1    | 0.044 |   0.991 |    1.896 | 
     | picorv32_core_genblk1.pcpi_mul_mul_2371_47_g12953  | A0 ^ -> Y v  | OAI21X1   | 0.066 |   1.057 |    1.962 | 
     | picorv32_core_genblk1.pcpi_mul_mul_2371_47_g12949  | A v -> Y ^   | INVX1     | 0.033 |   1.091 |    1.996 | 
     | picorv32_core_genblk1.pcpi_mul_mul_2371_47_g12948  | A1 ^ -> Y v  | OAI21X1   | 0.049 |   1.140 |    2.045 | 
     | picorv32_core_genblk1.pcpi_mul_mul_2371_47_g12935  | CI v -> CO v | ADDFX1    | 0.113 |   1.252 |    2.157 | 
     | picorv32_core_genblk1.pcpi_mul_mul_2371_47_g14505  | AN v -> Y v  | NOR2BX1   | 0.045 |   1.297 |    2.203 | 
     | picorv32_core_genblk1.pcpi_mul_mul_2371_47_g12932  | B v -> Y ^   | NOR2X1    | 0.039 |   1.337 |    2.242 | 
     | picorv32_core_genblk1.pcpi_mul_mul_2371_47_g12910  | B ^ -> Y v   | NOR2X1    | 0.038 |   1.374 |    2.279 | 
     | picorv32_core_genblk1.pcpi_mul_mul_2371_47_g12906  | A1 v -> Y ^  | AOI21X1   | 0.050 |   1.424 |    2.329 | 
     | picorv32_core_genblk1.pcpi_mul_mul_2371_47_g14478  | A1N ^ -> Y ^ | AOI2BB1X1 | 0.075 |   1.499 |    2.404 | 
     | picorv32_core_genblk1.pcpi_mul_mul_2371_47_g12892  | A1 ^ -> Y v  | OAI21X1   | 0.068 |   1.567 |    2.472 | 
     | picorv32_core_genblk1.pcpi_mul_mul_2371_47_g12857  | B v -> Y ^   | NAND2X1   | 0.043 |   1.610 |    2.515 | 
     | picorv32_core_genblk1.pcpi_mul_mul_2371_47_g12852  | B ^ -> Y v   | NOR2X1    | 0.028 |   1.638 |    2.543 | 
     | picorv32_core_genblk1.pcpi_mul_mul_2371_47_g12843  | A1 v -> Y ^  | OAI21X1   | 0.044 |   1.683 |    2.588 | 
     | picorv32_core_genblk1.pcpi_mul_mul_2371_47_g12833  | A1 ^ -> Y v  | AOI21X1   | 0.061 |   1.744 |    2.649 | 
     | picorv32_core_genblk1.pcpi_mul_mul_2371_47_g12818  | B v -> Y ^   | NOR2X1    | 0.077 |   1.821 |    2.727 | 
     | picorv32_core_genblk1.pcpi_mul_mul_2371_47_g12780  | B ^ -> Y v   | NOR2X1    | 0.055 |   1.876 |    2.781 | 
     | picorv32_core_genblk1.pcpi_mul_mul_2371_47_g12775  | B v -> Y ^   | NOR2X1    | 0.068 |   1.944 |    2.849 | 
     | picorv32_core_genblk1.pcpi_mul_mul_2371_47_g12693  | B ^ -> Y v   | NOR2X1    | 0.056 |   2.001 |    2.906 | 
     | picorv32_core_genblk1.pcpi_mul_mul_2371_47_g12660  | C v -> Y ^   | NOR3X1    | 0.063 |   2.064 |    2.969 | 
     | picorv32_core_genblk1.pcpi_mul_mul_2371_47_g14491  | AN ^ -> Y ^  | NAND2BX1  | 0.068 |   2.132 |    3.037 | 
     | picorv32_core_genblk1.pcpi_mul_mul_2371_47_g12651  | B ^ -> Y v   | NOR2X1    | 0.027 |   2.159 |    3.064 | 
     | picorv32_core_genblk1.pcpi_mul_mul_2371_47_g12640  | A1 v -> Y ^  | OAI21X1   | 0.045 |   2.204 |    3.109 | 
     | picorv32_core_genblk1.pcpi_mul_mul_2371_47_g12630  | B ^ -> Y v   | NAND2X1   | 0.048 |   2.252 |    3.157 | 
     | picorv32_core_genblk1.pcpi_mul_mul_2371_47_g12614  | A1 v -> Y ^  | AOI21X1   | 0.057 |   2.309 |    3.214 | 
     | picorv32_core_genblk1.pcpi_mul_mul_2371_47_g12611  | B ^ -> Y v   | NOR2X1    | 0.039 |   2.348 |    3.253 | 
     | picorv32_core_genblk1.pcpi_mul_mul_2371_47_g12608  | B v -> Y v   | AND2X1    | 0.050 |   2.398 |    3.303 | 
     | picorv32_core_genblk1.pcpi_mul_mul_2371_47_g12603  | A1 v -> Y ^  | OAI21X1   | 0.040 |   2.438 |    3.344 | 
     | picorv32_core_genblk1.pcpi_mul_mul_2371_47_g12599  | A1 ^ -> Y v  | AOI21X1   | 0.059 |   2.497 |    3.402 | 
     | picorv32_core_genblk1.pcpi_mul_mul_2371_47_g12597  | B v -> Y ^   | NOR2X1    | 0.135 |   2.632 |    3.537 | 
     | g175524                                            | C ^ -> Y v   | NOR3BX1   | 0.107 |   2.740 |    3.645 | 
     | g175523                                            | A v -> Y ^   | NOR2X1    | 0.082 |   2.822 |    3.727 | 
     | g175514                                            | A1N ^ -> Y ^ | AOI2BB1X1 | 0.104 |   2.925 |    3.830 | 
     | picorv32_core_genblk1.pcpi_mul_mul_2371_47_g12572  | B ^ -> Y ^   | XNOR2X1   | 0.094 |   3.019 |    3.924 | 
     | picorv32_core_genblk1.pcpi_mul_rd_reg[44]          | D ^          | DFFHQX1   | 0.000 |   3.019 |    3.924 | 
     +------------------------------------------------------------------------------------------------------------+ 
Path 30: MET Setup Check with Pin picorv32_core_genblk1.pcpi_mul_rd_reg[37]/CK 
Endpoint:   picorv32_core_genblk1.pcpi_mul_rd_reg[37]/D  (^) checked with  
leading edge of 'clk'
Beginpoint: picorv32_core_genblk1.pcpi_mul_rs2_reg[1]/QN (^) triggered by  
leading edge of 'clk'
Path Groups: {reg2reg}
Analysis View: analysis1
Other End Arrival Time          0.000
- Setup                         0.067
+ Phase Shift                   4.000
- Uncertainty                   0.020
= Required Time                 3.913
- Arrival Time                  2.991
= Slack Time                    0.923
     Clock Rise Edge                 0.000
     + Clock Network Latency (Ideal) 0.000
     = Beginpoint Arrival Time       0.000
     +------------------------------------------------------------------------------------------------------------+ 
     |                      Instance                      |     Arc      |   Cell    | Delay | Arrival | Required | 
     |                                                    |              |           |       |  Time   |   Time   | 
     |----------------------------------------------------+--------------+-----------+-------+---------+----------| 
     | picorv32_core_genblk1.pcpi_mul_rs2_reg[1]          | CK ^         |           |       |   0.000 |    0.923 | 
     | picorv32_core_genblk1.pcpi_mul_rs2_reg[1]          | CK ^ -> QN ^ | EDFFX2    | 0.179 |   0.179 |    1.101 | 
     | g175521                                            | A1 ^ -> Y ^  | OA22X2    | 0.203 |   0.381 |    1.304 | 
     | picorv32_core_genblk1.pcpi_mul_mul_2371_47_g13589  | A ^ -> Y ^   | AND2X1    | 0.134 |   0.516 |    1.438 | 
     | picorv32_core_genblk1.pcpi_mul_mul_2371_47_g13550  | A ^ -> Y v   | INVX2     | 0.114 |   0.630 |    1.553 | 
     | picorv32_core_genblk1.pcpi_mul_mul_2371_47_g13479  | A1 v -> Y ^  | OAI22X1   | 0.120 |   0.750 |    1.673 | 
     | picorv32_core_genblk1.pcpi_mul_mul_2371_47_cdnfadd | B ^ -> S v   | ADDFX1    | 0.197 |   0.947 |    1.870 | 
     | _004_0                                             |              |           |       |         |          | 
     | picorv32_core_genblk1.pcpi_mul_mul_2371_47_g12959  | B v -> Y ^   | NOR2X1    | 0.044 |   0.991 |    1.913 | 
     | picorv32_core_genblk1.pcpi_mul_mul_2371_47_g12953  | A0 ^ -> Y v  | OAI21X1   | 0.066 |   1.057 |    1.980 | 
     | picorv32_core_genblk1.pcpi_mul_mul_2371_47_g12949  | A v -> Y ^   | INVX1     | 0.033 |   1.090 |    2.013 | 
     | picorv32_core_genblk1.pcpi_mul_mul_2371_47_g12948  | A1 ^ -> Y v  | OAI21X1   | 0.049 |   1.140 |    2.062 | 
     | picorv32_core_genblk1.pcpi_mul_mul_2371_47_g12935  | CI v -> CO v | ADDFX1    | 0.113 |   1.252 |    2.175 | 
     | picorv32_core_genblk1.pcpi_mul_mul_2371_47_g14505  | AN v -> Y v  | NOR2BX1   | 0.045 |   1.297 |    2.220 | 
     | picorv32_core_genblk1.pcpi_mul_mul_2371_47_g12932  | B v -> Y ^   | NOR2X1    | 0.039 |   1.337 |    2.259 | 
     | picorv32_core_genblk1.pcpi_mul_mul_2371_47_g12910  | B ^ -> Y v   | NOR2X1    | 0.038 |   1.374 |    2.297 | 
     | picorv32_core_genblk1.pcpi_mul_mul_2371_47_g12906  | A1 v -> Y ^  | AOI21X1   | 0.050 |   1.424 |    2.346 | 
     | picorv32_core_genblk1.pcpi_mul_mul_2371_47_g14478  | A1N ^ -> Y ^ | AOI2BB1X1 | 0.075 |   1.498 |    2.421 | 
     | picorv32_core_genblk1.pcpi_mul_mul_2371_47_g12892  | A1 ^ -> Y v  | OAI21X1   | 0.068 |   1.567 |    2.489 | 
     | picorv32_core_genblk1.pcpi_mul_mul_2371_47_g12857  | B v -> Y ^   | NAND2X1   | 0.043 |   1.610 |    2.532 | 
     | picorv32_core_genblk1.pcpi_mul_mul_2371_47_g12852  | B ^ -> Y v   | NOR2X1    | 0.028 |   1.638 |    2.561 | 
     | picorv32_core_genblk1.pcpi_mul_mul_2371_47_g12843  | A1 v -> Y ^  | OAI21X1   | 0.044 |   1.683 |    2.605 | 
     | picorv32_core_genblk1.pcpi_mul_mul_2371_47_g12833  | A1 ^ -> Y v  | AOI21X1   | 0.061 |   1.744 |    2.667 | 
     | picorv32_core_genblk1.pcpi_mul_mul_2371_47_g12818  | B v -> Y ^   | NOR2X1    | 0.077 |   1.821 |    2.744 | 
     | picorv32_core_genblk1.pcpi_mul_mul_2371_47_g12780  | B ^ -> Y v   | NOR2X1    | 0.055 |   1.876 |    2.799 | 
     | picorv32_core_genblk1.pcpi_mul_mul_2371_47_g12775  | B v -> Y ^   | NOR2X1    | 0.068 |   1.944 |    2.867 | 
     | picorv32_core_genblk1.pcpi_mul_mul_2371_47_g12693  | B ^ -> Y v   | NOR2X1    | 0.056 |   2.001 |    2.923 | 
     | picorv32_core_genblk1.pcpi_mul_mul_2371_47_g12660  | C v -> Y ^   | NOR3X1    | 0.063 |   2.064 |    2.987 | 
     | picorv32_core_genblk1.pcpi_mul_mul_2371_47_g14491  | AN ^ -> Y ^  | NAND2BX1  | 0.068 |   2.132 |    3.055 | 
     | picorv32_core_genblk1.pcpi_mul_mul_2371_47_g12651  | B ^ -> Y v   | NOR2X1    | 0.027 |   2.159 |    3.082 | 
     | picorv32_core_genblk1.pcpi_mul_mul_2371_47_g12640  | A1 v -> Y ^  | OAI21X1   | 0.045 |   2.204 |    3.126 | 
     | picorv32_core_genblk1.pcpi_mul_mul_2371_47_g12630  | B ^ -> Y v   | NAND2X1   | 0.048 |   2.252 |    3.174 | 
     | picorv32_core_genblk1.pcpi_mul_mul_2371_47_g12614  | A1 v -> Y ^  | AOI21X1   | 0.057 |   2.309 |    3.231 | 
     | picorv32_core_genblk1.pcpi_mul_mul_2371_47_g12611  | B ^ -> Y v   | NOR2X1    | 0.039 |   2.348 |    3.271 | 
     | picorv32_core_genblk1.pcpi_mul_mul_2371_47_g12608  | B v -> Y v   | AND2X1    | 0.050 |   2.398 |    3.321 | 
     | picorv32_core_genblk1.pcpi_mul_mul_2371_47_g12603  | A1 v -> Y ^  | OAI21X1   | 0.040 |   2.438 |    3.361 | 
     | picorv32_core_genblk1.pcpi_mul_mul_2371_47_g12599  | A1 ^ -> Y v  | AOI21X1   | 0.059 |   2.497 |    3.420 | 
     | picorv32_core_genblk1.pcpi_mul_mul_2371_47_g12597  | B v -> Y ^   | NOR2X1    | 0.135 |   2.632 |    3.555 | 
     | picorv32_core_genblk1.pcpi_mul_mul_2371_47_g12596  | A ^ -> Y v   | INVX1     | 0.107 |   2.740 |    3.662 | 
     | picorv32_core_genblk1.pcpi_mul_mul_2371_47_g12590  | A1N v -> Y v | OAI2BB1X1 | 0.070 |   2.810 |    3.733 | 
     | picorv32_core_genblk1.pcpi_mul_mul_2371_47_g12586  | A v -> Y v   | AND2X1    | 0.056 |   2.866 |    3.788 | 
     | picorv32_core_genblk1.pcpi_mul_mul_2371_47_g12580  | B v -> Y ^   | NOR2X1    | 0.031 |   2.897 |    3.819 | 
     | picorv32_core_genblk1.pcpi_mul_mul_2371_47_g12574  | B ^ -> Y ^   | XNOR2X1   | 0.094 |   2.990 |    3.913 | 
     | picorv32_core_genblk1.pcpi_mul_rd_reg[37]          | D ^          | DFFHQX1   | 0.000 |   2.991 |    3.913 | 
     +------------------------------------------------------------------------------------------------------------+ 
Path 31: MET Setup Check with Pin picorv32_core_genblk1.pcpi_mul_rd_reg[40]/CK 
Endpoint:   picorv32_core_genblk1.pcpi_mul_rd_reg[40]/D  (^) checked with  
leading edge of 'clk'
Beginpoint: picorv32_core_genblk1.pcpi_mul_rs2_reg[1]/QN (^) triggered by  
leading edge of 'clk'
Path Groups: {reg2reg}
Analysis View: analysis1
Other End Arrival Time          0.000
- Setup                         0.058
+ Phase Shift                   4.000
- Uncertainty                   0.020
= Required Time                 3.922
- Arrival Time                  2.982
= Slack Time                    0.940
     Clock Rise Edge                 0.000
     + Clock Network Latency (Ideal) 0.000
     = Beginpoint Arrival Time       0.000
     +------------------------------------------------------------------------------------------------------------+ 
     |                      Instance                      |     Arc      |   Cell    | Delay | Arrival | Required | 
     |                                                    |              |           |       |  Time   |   Time   | 
     |----------------------------------------------------+--------------+-----------+-------+---------+----------| 
     | picorv32_core_genblk1.pcpi_mul_rs2_reg[1]          | CK ^         |           |       |   0.000 |    0.940 | 
     | picorv32_core_genblk1.pcpi_mul_rs2_reg[1]          | CK ^ -> QN ^ | EDFFX2    | 0.179 |   0.179 |    1.119 | 
     | g175521                                            | A1 ^ -> Y ^  | OA22X2    | 0.203 |   0.382 |    1.322 | 
     | picorv32_core_genblk1.pcpi_mul_mul_2371_47_g13589  | A ^ -> Y ^   | AND2X1    | 0.134 |   0.516 |    1.456 | 
     | picorv32_core_genblk1.pcpi_mul_mul_2371_47_g13550  | A ^ -> Y v   | INVX2     | 0.114 |   0.630 |    1.570 | 
     | picorv32_core_genblk1.pcpi_mul_mul_2371_47_g13479  | A1 v -> Y ^  | OAI22X1   | 0.120 |   0.750 |    1.690 | 
     | picorv32_core_genblk1.pcpi_mul_mul_2371_47_cdnfadd | B ^ -> S v   | ADDFX1    | 0.197 |   0.947 |    1.887 | 
     | _004_0                                             |              |           |       |         |          | 
     | picorv32_core_genblk1.pcpi_mul_mul_2371_47_g12959  | B v -> Y ^   | NOR2X1    | 0.044 |   0.991 |    1.931 | 
     | picorv32_core_genblk1.pcpi_mul_mul_2371_47_g12953  | A0 ^ -> Y v  | OAI21X1   | 0.066 |   1.057 |    1.997 | 
     | picorv32_core_genblk1.pcpi_mul_mul_2371_47_g12949  | A v -> Y ^   | INVX1     | 0.033 |   1.091 |    2.031 | 
     | picorv32_core_genblk1.pcpi_mul_mul_2371_47_g12948  | A1 ^ -> Y v  | OAI21X1   | 0.049 |   1.140 |    2.080 | 
     | picorv32_core_genblk1.pcpi_mul_mul_2371_47_g12935  | CI v -> CO v | ADDFX1    | 0.113 |   1.252 |    2.192 | 
     | picorv32_core_genblk1.pcpi_mul_mul_2371_47_g14505  | AN v -> Y v  | NOR2BX1   | 0.045 |   1.297 |    2.237 | 
     | picorv32_core_genblk1.pcpi_mul_mul_2371_47_g12932  | B v -> Y ^   | NOR2X1    | 0.039 |   1.337 |    2.277 | 
     | picorv32_core_genblk1.pcpi_mul_mul_2371_47_g12910  | B ^ -> Y v   | NOR2X1    | 0.038 |   1.374 |    2.314 | 
     | picorv32_core_genblk1.pcpi_mul_mul_2371_47_g12906  | A1 v -> Y ^  | AOI21X1   | 0.050 |   1.424 |    2.364 | 
     | picorv32_core_genblk1.pcpi_mul_mul_2371_47_g14478  | A1N ^ -> Y ^ | AOI2BB1X1 | 0.075 |   1.499 |    2.439 | 
     | picorv32_core_genblk1.pcpi_mul_mul_2371_47_g12892  | A1 ^ -> Y v  | OAI21X1   | 0.068 |   1.567 |    2.507 | 
     | picorv32_core_genblk1.pcpi_mul_mul_2371_47_g12857  | B v -> Y ^   | NAND2X1   | 0.043 |   1.610 |    2.550 | 
     | picorv32_core_genblk1.pcpi_mul_mul_2371_47_g12852  | B ^ -> Y v   | NOR2X1    | 0.028 |   1.638 |    2.578 | 
     | picorv32_core_genblk1.pcpi_mul_mul_2371_47_g12843  | A1 v -> Y ^  | OAI21X1   | 0.044 |   1.683 |    2.623 | 
     | picorv32_core_genblk1.pcpi_mul_mul_2371_47_g12833  | A1 ^ -> Y v  | AOI21X1   | 0.061 |   1.744 |    2.684 | 
     | picorv32_core_genblk1.pcpi_mul_mul_2371_47_g12818  | B v -> Y ^   | NOR2X1    | 0.077 |   1.821 |    2.761 | 
     | picorv32_core_genblk1.pcpi_mul_mul_2371_47_g12780  | B ^ -> Y v   | NOR2X1    | 0.055 |   1.876 |    2.816 | 
     | picorv32_core_genblk1.pcpi_mul_mul_2371_47_g12775  | B v -> Y ^   | NOR2X1    | 0.068 |   1.944 |    2.884 | 
     | picorv32_core_genblk1.pcpi_mul_mul_2371_47_g12693  | B ^ -> Y v   | NOR2X1    | 0.056 |   2.001 |    2.941 | 
     | picorv32_core_genblk1.pcpi_mul_mul_2371_47_g12660  | C v -> Y ^   | NOR3X1    | 0.063 |   2.064 |    3.004 | 
     | picorv32_core_genblk1.pcpi_mul_mul_2371_47_g14491  | AN ^ -> Y ^  | NAND2BX1  | 0.068 |   2.132 |    3.072 | 
     | picorv32_core_genblk1.pcpi_mul_mul_2371_47_g12651  | B ^ -> Y v   | NOR2X1    | 0.027 |   2.159 |    3.099 | 
     | picorv32_core_genblk1.pcpi_mul_mul_2371_47_g12640  | A1 v -> Y ^  | OAI21X1   | 0.045 |   2.204 |    3.144 | 
     | picorv32_core_genblk1.pcpi_mul_mul_2371_47_g12630  | B ^ -> Y v   | NAND2X1   | 0.048 |   2.252 |    3.192 | 
     | picorv32_core_genblk1.pcpi_mul_mul_2371_47_g12614  | A1 v -> Y ^  | AOI21X1   | 0.057 |   2.309 |    3.249 | 
     | picorv32_core_genblk1.pcpi_mul_mul_2371_47_g12611  | B ^ -> Y v   | NOR2X1    | 0.039 |   2.348 |    3.288 | 
     | picorv32_core_genblk1.pcpi_mul_mul_2371_47_g12608  | B v -> Y v   | AND2X1    | 0.050 |   2.398 |    3.338 | 
     | picorv32_core_genblk1.pcpi_mul_mul_2371_47_g12603  | A1 v -> Y ^  | OAI21X1   | 0.040 |   2.438 |    3.378 | 
     | picorv32_core_genblk1.pcpi_mul_mul_2371_47_g12599  | A1 ^ -> Y v  | AOI21X1   | 0.059 |   2.497 |    3.437 | 
     | picorv32_core_genblk1.pcpi_mul_mul_2371_47_g12597  | B v -> Y ^   | NOR2X1    | 0.135 |   2.632 |    3.572 | 
     | g175524                                            | C ^ -> Y v   | NOR3BX1   | 0.107 |   2.740 |    3.680 | 
     | g175523                                            | A v -> Y ^   | NOR2X1    | 0.082 |   2.822 |    3.762 | 
     | picorv32_core_genblk1.pcpi_mul_mul_2371_47_g12591  | A ^ -> Y v   | INVX1     | 0.060 |   2.881 |    3.821 | 
     | picorv32_core_genblk1.pcpi_mul_mul_2371_47_g12582  | B v -> Y ^   | XNOR2X1   | 0.101 |   2.982 |    3.922 | 
     | picorv32_core_genblk1.pcpi_mul_rd_reg[40]          | D ^          | DFFQXL    | 0.000 |   2.982 |    3.922 | 
     +------------------------------------------------------------------------------------------------------------+ 
Path 32: MET Setup Check with Pin picorv32_core_genblk1.pcpi_mul_rd_reg[34]/CK 
Endpoint:   picorv32_core_genblk1.pcpi_mul_rd_reg[34]/D  (^) checked with  
leading edge of 'clk'
Beginpoint: picorv32_core_genblk1.pcpi_mul_rs2_reg[1]/QN (^) triggered by  
leading edge of 'clk'
Path Groups: {reg2reg}
Analysis View: analysis1
Other End Arrival Time          0.000
- Setup                         0.070
+ Phase Shift                   4.000
- Uncertainty                   0.020
= Required Time                 3.910
- Arrival Time                  2.950
= Slack Time                    0.960
     Clock Rise Edge                 0.000
     + Clock Network Latency (Ideal) 0.000
     = Beginpoint Arrival Time       0.000
     +------------------------------------------------------------------------------------------------------------+ 
     |                      Instance                      |     Arc      |   Cell    | Delay | Arrival | Required | 
     |                                                    |              |           |       |  Time   |   Time   | 
     |----------------------------------------------------+--------------+-----------+-------+---------+----------| 
     | picorv32_core_genblk1.pcpi_mul_rs2_reg[1]          | CK ^         |           |       |   0.000 |    0.960 | 
     | picorv32_core_genblk1.pcpi_mul_rs2_reg[1]          | CK ^ -> QN ^ | EDFFX2    | 0.179 |   0.179 |    1.139 | 
     | g175521                                            | A1 ^ -> Y ^  | OA22X2    | 0.203 |   0.382 |    1.341 | 
     | picorv32_core_genblk1.pcpi_mul_mul_2371_47_g13589  | A ^ -> Y ^   | AND2X1    | 0.134 |   0.516 |    1.476 | 
     | picorv32_core_genblk1.pcpi_mul_mul_2371_47_g13550  | A ^ -> Y v   | INVX2     | 0.114 |   0.630 |    1.590 | 
     | picorv32_core_genblk1.pcpi_mul_mul_2371_47_g13479  | A1 v -> Y ^  | OAI22X1   | 0.120 |   0.750 |    1.710 | 
     | picorv32_core_genblk1.pcpi_mul_mul_2371_47_cdnfadd | B ^ -> S v   | ADDFX1    | 0.197 |   0.947 |    1.907 | 
     | _004_0                                             |              |           |       |         |          | 
     | picorv32_core_genblk1.pcpi_mul_mul_2371_47_g12959  | B v -> Y ^   | NOR2X1    | 0.044 |   0.991 |    1.951 | 
     | picorv32_core_genblk1.pcpi_mul_mul_2371_47_g12953  | A0 ^ -> Y v  | OAI21X1   | 0.066 |   1.057 |    2.017 | 
     | picorv32_core_genblk1.pcpi_mul_mul_2371_47_g12949  | A v -> Y ^   | INVX1     | 0.033 |   1.091 |    2.050 | 
     | picorv32_core_genblk1.pcpi_mul_mul_2371_47_g12948  | A1 ^ -> Y v  | OAI21X1   | 0.049 |   1.140 |    2.100 | 
     | picorv32_core_genblk1.pcpi_mul_mul_2371_47_g12935  | CI v -> CO v | ADDFX1    | 0.113 |   1.252 |    2.212 | 
     | picorv32_core_genblk1.pcpi_mul_mul_2371_47_g14505  | AN v -> Y v  | NOR2BX1   | 0.045 |   1.297 |    2.257 | 
     | picorv32_core_genblk1.pcpi_mul_mul_2371_47_g12932  | B v -> Y ^   | NOR2X1    | 0.039 |   1.337 |    2.297 | 
     | picorv32_core_genblk1.pcpi_mul_mul_2371_47_g12910  | B ^ -> Y v   | NOR2X1    | 0.038 |   1.374 |    2.334 | 
     | picorv32_core_genblk1.pcpi_mul_mul_2371_47_g12906  | A1 v -> Y ^  | AOI21X1   | 0.050 |   1.424 |    2.384 | 
     | picorv32_core_genblk1.pcpi_mul_mul_2371_47_g14478  | A1N ^ -> Y ^ | AOI2BB1X1 | 0.075 |   1.499 |    2.458 | 
     | picorv32_core_genblk1.pcpi_mul_mul_2371_47_g12892  | A1 ^ -> Y v  | OAI21X1   | 0.068 |   1.567 |    2.527 | 
     | picorv32_core_genblk1.pcpi_mul_mul_2371_47_g12857  | B v -> Y ^   | NAND2X1   | 0.043 |   1.610 |    2.570 | 
     | picorv32_core_genblk1.pcpi_mul_mul_2371_47_g12852  | B ^ -> Y v   | NOR2X1    | 0.028 |   1.638 |    2.598 | 
     | picorv32_core_genblk1.pcpi_mul_mul_2371_47_g12843  | A1 v -> Y ^  | OAI21X1   | 0.044 |   1.683 |    2.643 | 
     | picorv32_core_genblk1.pcpi_mul_mul_2371_47_g12833  | A1 ^ -> Y v  | AOI21X1   | 0.061 |   1.744 |    2.704 | 
     | picorv32_core_genblk1.pcpi_mul_mul_2371_47_g12818  | B v -> Y ^   | NOR2X1    | 0.077 |   1.821 |    2.781 | 
     | picorv32_core_genblk1.pcpi_mul_mul_2371_47_g12780  | B ^ -> Y v   | NOR2X1    | 0.055 |   1.876 |    2.836 | 
     | picorv32_core_genblk1.pcpi_mul_mul_2371_47_g12775  | B v -> Y ^   | NOR2X1    | 0.068 |   1.944 |    2.904 | 
     | picorv32_core_genblk1.pcpi_mul_mul_2371_47_g12693  | B ^ -> Y v   | NOR2X1    | 0.056 |   2.001 |    2.961 | 
     | picorv32_core_genblk1.pcpi_mul_mul_2371_47_g12660  | C v -> Y ^   | NOR3X1    | 0.063 |   2.064 |    3.024 | 
     | picorv32_core_genblk1.pcpi_mul_mul_2371_47_g14491  | AN ^ -> Y ^  | NAND2BX1  | 0.068 |   2.132 |    3.092 | 
     | picorv32_core_genblk1.pcpi_mul_mul_2371_47_g12651  | B ^ -> Y v   | NOR2X1    | 0.027 |   2.159 |    3.119 | 
     | picorv32_core_genblk1.pcpi_mul_mul_2371_47_g12640  | A1 v -> Y ^  | OAI21X1   | 0.045 |   2.204 |    3.164 | 
     | picorv32_core_genblk1.pcpi_mul_mul_2371_47_g12630  | B ^ -> Y v   | NAND2X1   | 0.048 |   2.252 |    3.212 | 
     | picorv32_core_genblk1.pcpi_mul_mul_2371_47_g12614  | A1 v -> Y ^  | AOI21X1   | 0.057 |   2.309 |    3.269 | 
     | picorv32_core_genblk1.pcpi_mul_mul_2371_47_g12611  | B ^ -> Y v   | NOR2X1    | 0.039 |   2.348 |    3.308 | 
     | picorv32_core_genblk1.pcpi_mul_mul_2371_47_g12608  | B v -> Y v   | AND2X1    | 0.050 |   2.398 |    3.358 | 
     | picorv32_core_genblk1.pcpi_mul_mul_2371_47_g12603  | A1 v -> Y ^  | OAI21X1   | 0.040 |   2.438 |    3.398 | 
     | picorv32_core_genblk1.pcpi_mul_mul_2371_47_g12599  | A1 ^ -> Y v  | AOI21X1   | 0.059 |   2.497 |    3.457 | 
     | picorv32_core_genblk1.pcpi_mul_mul_2371_47_g12597  | B v -> Y ^   | NOR2X1    | 0.135 |   2.632 |    3.592 | 
     | picorv32_core_genblk1.pcpi_mul_mul_2371_47_g12596  | A ^ -> Y v   | INVX1     | 0.107 |   2.740 |    3.700 | 
     | picorv32_core_genblk1.pcpi_mul_mul_2371_47_g12594  | A v -> Y v   | AND2X1    | 0.055 |   2.795 |    3.755 | 
     | picorv32_core_genblk1.pcpi_mul_mul_2371_47_g12588  | A1 v -> Y ^  | AOI21X1   | 0.048 |   2.843 |    3.803 | 
     | picorv32_core_genblk1.pcpi_mul_mul_2371_47_g12578  | B ^ -> Y ^   | XNOR2X1   | 0.106 |   2.949 |    3.909 | 
     | picorv32_core_genblk1.pcpi_mul_rd_reg[34]          | D ^          | DFFHQX1   | 0.000 |   2.950 |    3.910 | 
     +------------------------------------------------------------------------------------------------------------+ 
Path 33: MET Setup Check with Pin picorv32_core_reg_next_pc_reg[28]/CK 
Endpoint:   picorv32_core_reg_next_pc_reg[28]/D (^) checked with  leading edge 
of 'clk'
Beginpoint: picorv32_core_irq_mask_reg[8]/Q     (^) triggered by  leading edge 
of 'clk'
Path Groups: {reg2reg}
Analysis View: analysis1
Other End Arrival Time          0.000
- Setup                         0.058
+ Phase Shift                   4.000
- Uncertainty                   0.020
= Required Time                 3.922
- Arrival Time                  2.961
= Slack Time                    0.961
     Clock Rise Edge                 0.000
     + Clock Network Latency (Ideal) 0.000
     = Beginpoint Arrival Time       0.000
     +-------------------------------------------------------------------------------------------------------+ 
     |                   Instance                    |     Arc      |   Cell    | Delay | Arrival | Required | 
     |                                               |              |           |       |  Time   |   Time   | 
     |-----------------------------------------------+--------------+-----------+-------+---------+----------| 
     | picorv32_core_irq_mask_reg[8]                 | CK ^         |           |       |   0.000 |    0.961 | 
     | picorv32_core_irq_mask_reg[8]                 | CK ^ -> Q ^  | DFFHQX1   | 0.128 |   0.128 |    1.089 | 
     | g175494                                       | AN ^ -> Y ^  | NAND2BX1  | 0.093 |   0.221 |    1.182 | 
     | picorv32_core_g79790__6131                    | A ^ -> Y v   | NAND4XL   | 0.201 |   0.422 |    1.383 | 
     | picorv32_core_g79732__5115                    | A v -> Y ^   | NOR2X1    | 0.109 |   0.531 |    1.492 | 
     | picorv32_core_g79723__1617                    | B ^ -> Y v   | NAND2X1   | 0.044 |   0.575 |    1.536 | 
     | picorv32_core_g79712__5477                    | B v -> Y ^   | NOR2X1    | 0.080 |   0.655 |    1.616 | 
     | picorv32_core_g79708__2346                    | D ^ -> Y v   | NOR4X1    | 0.074 |   0.729 |    1.690 | 
     | picorv32_core_g79702__6161                    | B v -> Y ^   | NOR2X1    | 0.055 |   0.784 |    1.745 | 
     | g175506                                       | C ^ -> Y v   | NAND3X1   | 0.079 |   0.863 |    1.824 | 
     | picorv32_core_g79690__1705                    | B v -> Y ^   | NOR2X1    | 0.063 |   0.925 |    1.887 | 
     | picorv32_core_g79685__3680                    | B ^ -> Y ^   | AND2X2    | 0.152 |   1.077 |    2.038 | 
     | picorv32_core_g79681__8428                    | B ^ -> Y v   | NAND2X1   | 0.108 |   1.185 |    2.146 | 
     | picorv32_core_g79660__5122                    | C v -> Y ^   | NAND3X2   | 0.063 |   1.248 |    2.209 | 
     | picorv32_core_add_1569_33_Y_add_1552_33_g1255 | B ^ -> Y v   | NOR2X1    | 0.040 |   1.288 |    2.249 | 
     | picorv32_core_add_1569_33_Y_add_1552_33_g1203 | A0 v -> Y ^  | OAI21X1   | 0.062 |   1.350 |    2.311 | 
     | picorv32_core_add_1569_33_Y_add_1552_33_g1297 | AN ^ -> Y ^  | NOR2BX1   | 0.070 |   1.420 |    2.381 | 
     | picorv32_core_add_1569_33_Y_add_1552_33_g1195 | B ^ -> Y v   | NOR2X1    | 0.036 |   1.456 |    2.417 | 
     | g175509                                       | A1N v -> Y v | AOI2BB1X1 | 0.072 |   1.528 |    2.489 | 
     | g175508                                       | A1N v -> Y v | AOI2BB1X1 | 0.071 |   1.599 |    2.560 | 
     | g175507                                       | A1N v -> Y v | AOI2BB1X1 | 0.079 |   1.677 |    2.639 | 
     | picorv32_core_add_1569_33_Y_add_1552_33_g1179 | B v -> Y ^   | NOR2X1    | 0.054 |   1.731 |    2.693 | 
     | picorv32_core_add_1569_33_Y_add_1552_33_g1176 | B ^ -> Y v   | NAND2X1   | 0.056 |   1.787 |    2.748 | 
     | picorv32_core_add_1569_33_Y_add_1552_33_g1174 | C v -> Y ^   | NAND3BX1  | 0.050 |   1.837 |    2.798 | 
     | picorv32_core_add_1569_33_Y_add_1552_33_g1171 | B ^ -> Y v   | NAND2X1   | 0.071 |   1.908 |    2.869 | 
     | picorv32_core_add_1569_33_Y_add_1552_33_g1168 | D v -> Y ^   | NOR4X1    | 0.075 |   1.982 |    2.944 | 
     | picorv32_core_add_1569_33_Y_add_1552_33_g1165 | C ^ -> Y ^   | OR3X1     | 0.078 |   2.060 |    3.021 | 
     | picorv32_core_add_1569_33_Y_add_1552_33_g2    | AN ^ -> Y ^  | NOR4BBX1  | 0.113 |   2.173 |    3.134 | 
     | picorv32_core_add_1569_33_Y_add_1552_33_g1157 | B ^ -> Y ^   | OR2X1     | 0.087 |   2.260 |    3.221 | 
     | picorv32_core_add_1569_33_Y_add_1552_33_g1153 | B ^ -> Y v   | NAND2X1   | 0.071 |   2.331 |    3.292 | 
     | picorv32_core_add_1569_33_Y_add_1552_33_g1148 | D v -> Y ^   | NOR4X1    | 0.071 |   2.402 |    3.363 | 
     | picorv32_core_add_1569_33_Y_add_1552_33_g1145 | B ^ -> Y v   | NOR2X1    | 0.062 |   2.464 |    3.425 | 
     | picorv32_core_add_1569_33_Y_add_1552_33_g1137 | A1 v -> Y ^  | OAI211X1  | 0.066 |   2.530 |    3.492 | 
     | picorv32_core_add_1569_33_Y_add_1552_33_g1134 | CI ^ -> CO ^ | ADDFX1    | 0.119 |   2.650 |    3.611 | 
     | picorv32_core_add_1569_33_Y_add_1552_33_g1133 | CI ^ -> CO ^ | ADDFX1    | 0.104 |   2.753 |    3.715 | 
     | picorv32_core_add_1569_33_Y_add_1552_33_g1132 | CI ^ -> S ^  | ADDFX1    | 0.136 |   2.889 |    3.850 | 
     | picorv32_core_g167919__1666                   | A1N ^ -> Y ^ | OAI2BB1X1 | 0.072 |   2.961 |    3.922 | 
     | picorv32_core_reg_next_pc_reg[28]             | D ^          | DFFHQX1   | 0.000 |   2.961 |    3.922 | 
     +-------------------------------------------------------------------------------------------------------+ 
Path 34: MET Setup Check with Pin picorv32_core_genblk1.pcpi_mul_rd_reg[36]/CK 
Endpoint:   picorv32_core_genblk1.pcpi_mul_rd_reg[36]/D  (^) checked with  
leading edge of 'clk'
Beginpoint: picorv32_core_genblk1.pcpi_mul_rs2_reg[1]/QN (^) triggered by  
leading edge of 'clk'
Path Groups: {reg2reg}
Analysis View: analysis1
Other End Arrival Time          0.000
- Setup                         0.074
+ Phase Shift                   4.000
- Uncertainty                   0.020
= Required Time                 3.906
- Arrival Time                  2.943
= Slack Time                    0.963
     Clock Rise Edge                 0.000
     + Clock Network Latency (Ideal) 0.000
     = Beginpoint Arrival Time       0.000
     +------------------------------------------------------------------------------------------------------------+ 
     |                      Instance                      |     Arc      |   Cell    | Delay | Arrival | Required | 
     |                                                    |              |           |       |  Time   |   Time   | 
     |----------------------------------------------------+--------------+-----------+-------+---------+----------| 
     | picorv32_core_genblk1.pcpi_mul_rs2_reg[1]          | CK ^         |           |       |   0.000 |    0.963 | 
     | picorv32_core_genblk1.pcpi_mul_rs2_reg[1]          | CK ^ -> QN ^ | EDFFX2    | 0.179 |   0.179 |    1.142 | 
     | g175521                                            | A1 ^ -> Y ^  | OA22X2    | 0.203 |   0.381 |    1.345 | 
     | picorv32_core_genblk1.pcpi_mul_mul_2371_47_g13589  | A ^ -> Y ^   | AND2X1    | 0.134 |   0.516 |    1.479 | 
     | picorv32_core_genblk1.pcpi_mul_mul_2371_47_g13550  | A ^ -> Y v   | INVX2     | 0.114 |   0.630 |    1.593 | 
     | picorv32_core_genblk1.pcpi_mul_mul_2371_47_g13479  | A1 v -> Y ^  | OAI22X1   | 0.120 |   0.750 |    1.713 | 
     | picorv32_core_genblk1.pcpi_mul_mul_2371_47_cdnfadd | B ^ -> S v   | ADDFX1    | 0.197 |   0.947 |    1.910 | 
     | _004_0                                             |              |           |       |         |          | 
     | picorv32_core_genblk1.pcpi_mul_mul_2371_47_g12959  | B v -> Y ^   | NOR2X1    | 0.044 |   0.991 |    1.954 | 
     | picorv32_core_genblk1.pcpi_mul_mul_2371_47_g12953  | A0 ^ -> Y v  | OAI21X1   | 0.066 |   1.057 |    2.020 | 
     | picorv32_core_genblk1.pcpi_mul_mul_2371_47_g12949  | A v -> Y ^   | INVX1     | 0.033 |   1.090 |    2.054 | 
     | picorv32_core_genblk1.pcpi_mul_mul_2371_47_g12948  | A1 ^ -> Y v  | OAI21X1   | 0.049 |   1.140 |    2.103 | 
     | picorv32_core_genblk1.pcpi_mul_mul_2371_47_g12935  | CI v -> CO v | ADDFX1    | 0.113 |   1.252 |    2.216 | 
     | picorv32_core_genblk1.pcpi_mul_mul_2371_47_g14505  | AN v -> Y v  | NOR2BX1   | 0.045 |   1.297 |    2.261 | 
     | picorv32_core_genblk1.pcpi_mul_mul_2371_47_g12932  | B v -> Y ^   | NOR2X1    | 0.039 |   1.337 |    2.300 | 
     | picorv32_core_genblk1.pcpi_mul_mul_2371_47_g12910  | B ^ -> Y v   | NOR2X1    | 0.038 |   1.374 |    2.337 | 
     | picorv32_core_genblk1.pcpi_mul_mul_2371_47_g12906  | A1 v -> Y ^  | AOI21X1   | 0.050 |   1.424 |    2.387 | 
     | picorv32_core_genblk1.pcpi_mul_mul_2371_47_g14478  | A1N ^ -> Y ^ | AOI2BB1X1 | 0.075 |   1.498 |    2.462 | 
     | picorv32_core_genblk1.pcpi_mul_mul_2371_47_g12892  | A1 ^ -> Y v  | OAI21X1   | 0.068 |   1.567 |    2.530 | 
     | picorv32_core_genblk1.pcpi_mul_mul_2371_47_g12857  | B v -> Y ^   | NAND2X1   | 0.043 |   1.610 |    2.573 | 
     | picorv32_core_genblk1.pcpi_mul_mul_2371_47_g12852  | B ^ -> Y v   | NOR2X1    | 0.028 |   1.638 |    2.601 | 
     | picorv32_core_genblk1.pcpi_mul_mul_2371_47_g12843  | A1 v -> Y ^  | OAI21X1   | 0.044 |   1.683 |    2.646 | 
     | picorv32_core_genblk1.pcpi_mul_mul_2371_47_g12833  | A1 ^ -> Y v  | AOI21X1   | 0.061 |   1.744 |    2.707 | 
     | picorv32_core_genblk1.pcpi_mul_mul_2371_47_g12818  | B v -> Y ^   | NOR2X1    | 0.077 |   1.821 |    2.785 | 
     | picorv32_core_genblk1.pcpi_mul_mul_2371_47_g12780  | B ^ -> Y v   | NOR2X1    | 0.055 |   1.876 |    2.839 | 
     | picorv32_core_genblk1.pcpi_mul_mul_2371_47_g12775  | B v -> Y ^   | NOR2X1    | 0.068 |   1.944 |    2.908 | 
     | picorv32_core_genblk1.pcpi_mul_mul_2371_47_g12693  | B ^ -> Y v   | NOR2X1    | 0.056 |   2.001 |    2.964 | 
     | picorv32_core_genblk1.pcpi_mul_mul_2371_47_g12660  | C v -> Y ^   | NOR3X1    | 0.063 |   2.064 |    3.027 | 
     | picorv32_core_genblk1.pcpi_mul_mul_2371_47_g14491  | AN ^ -> Y ^  | NAND2BX1  | 0.068 |   2.132 |    3.095 | 
     | picorv32_core_genblk1.pcpi_mul_mul_2371_47_g12651  | B ^ -> Y v   | NOR2X1    | 0.027 |   2.159 |    3.122 | 
     | picorv32_core_genblk1.pcpi_mul_mul_2371_47_g12640  | A1 v -> Y ^  | OAI21X1   | 0.045 |   2.204 |    3.167 | 
     | picorv32_core_genblk1.pcpi_mul_mul_2371_47_g12630  | B ^ -> Y v   | NAND2X1   | 0.048 |   2.252 |    3.215 | 
     | picorv32_core_genblk1.pcpi_mul_mul_2371_47_g12614  | A1 v -> Y ^  | AOI21X1   | 0.057 |   2.309 |    3.272 | 
     | picorv32_core_genblk1.pcpi_mul_mul_2371_47_g12611  | B ^ -> Y v   | NOR2X1    | 0.039 |   2.348 |    3.311 | 
     | picorv32_core_genblk1.pcpi_mul_mul_2371_47_g12608  | B v -> Y v   | AND2X1    | 0.050 |   2.398 |    3.361 | 
     | picorv32_core_genblk1.pcpi_mul_mul_2371_47_g12603  | A1 v -> Y ^  | OAI21X1   | 0.040 |   2.438 |    3.402 | 
     | picorv32_core_genblk1.pcpi_mul_mul_2371_47_g12599  | A1 ^ -> Y v  | AOI21X1   | 0.059 |   2.497 |    3.460 | 
     | picorv32_core_genblk1.pcpi_mul_mul_2371_47_g12597  | B v -> Y ^   | NOR2X1    | 0.135 |   2.632 |    3.596 | 
     | picorv32_core_genblk1.pcpi_mul_mul_2371_47_g12596  | A ^ -> Y v   | INVX1     | 0.107 |   2.740 |    3.703 | 
     | picorv32_core_genblk1.pcpi_mul_mul_2371_47_g12590  | A1N v -> Y v | OAI2BB1X1 | 0.070 |   2.810 |    3.773 | 
     | picorv32_core_genblk1.pcpi_mul_mul_2371_47_g12583  | B v -> Y ^   | XNOR2X1   | 0.132 |   2.942 |    3.905 | 
     | picorv32_core_genblk1.pcpi_mul_rd_reg[36]          | D ^          | DFFHQX1   | 0.000 |   2.943 |    3.906 | 
     +------------------------------------------------------------------------------------------------------------+ 
Path 35: MET Setup Check with Pin picorv32_core_genblk1.pcpi_mul_rd_reg[33]/CK 
Endpoint:   picorv32_core_genblk1.pcpi_mul_rd_reg[33]/D  (^) checked with  
leading edge of 'clk'
Beginpoint: picorv32_core_genblk1.pcpi_mul_rs2_reg[1]/QN (^) triggered by  
leading edge of 'clk'
Path Groups: {reg2reg}
Analysis View: analysis1
Other End Arrival Time          0.000
- Setup                         0.074
+ Phase Shift                   4.000
- Uncertainty                   0.020
= Required Time                 3.906
- Arrival Time                  2.929
= Slack Time                    0.977
     Clock Rise Edge                 0.000
     + Clock Network Latency (Ideal) 0.000
     = Beginpoint Arrival Time       0.000
     +------------------------------------------------------------------------------------------------------------+ 
     |                      Instance                      |     Arc      |   Cell    | Delay | Arrival | Required | 
     |                                                    |              |           |       |  Time   |   Time   | 
     |----------------------------------------------------+--------------+-----------+-------+---------+----------| 
     | picorv32_core_genblk1.pcpi_mul_rs2_reg[1]          | CK ^         |           |       |   0.000 |    0.977 | 
     | picorv32_core_genblk1.pcpi_mul_rs2_reg[1]          | CK ^ -> QN ^ | EDFFX2    | 0.179 |   0.179 |    1.156 | 
     | g175521                                            | A1 ^ -> Y ^  | OA22X2    | 0.203 |   0.381 |    1.358 | 
     | picorv32_core_genblk1.pcpi_mul_mul_2371_47_g13589  | A ^ -> Y ^   | AND2X1    | 0.134 |   0.516 |    1.493 | 
     | picorv32_core_genblk1.pcpi_mul_mul_2371_47_g13550  | A ^ -> Y v   | INVX2     | 0.114 |   0.630 |    1.607 | 
     | picorv32_core_genblk1.pcpi_mul_mul_2371_47_g13479  | A1 v -> Y ^  | OAI22X1   | 0.120 |   0.750 |    1.727 | 
     | picorv32_core_genblk1.pcpi_mul_mul_2371_47_cdnfadd | B ^ -> S v   | ADDFX1    | 0.197 |   0.947 |    1.924 | 
     | _004_0                                             |              |           |       |         |          | 
     | picorv32_core_genblk1.pcpi_mul_mul_2371_47_g12959  | B v -> Y ^   | NOR2X1    | 0.044 |   0.991 |    1.968 | 
     | picorv32_core_genblk1.pcpi_mul_mul_2371_47_g12953  | A0 ^ -> Y v  | OAI21X1   | 0.066 |   1.057 |    2.034 | 
     | picorv32_core_genblk1.pcpi_mul_mul_2371_47_g12949  | A v -> Y ^   | INVX1     | 0.033 |   1.090 |    2.067 | 
     | picorv32_core_genblk1.pcpi_mul_mul_2371_47_g12948  | A1 ^ -> Y v  | OAI21X1   | 0.049 |   1.140 |    2.117 | 
     | picorv32_core_genblk1.pcpi_mul_mul_2371_47_g12935  | CI v -> CO v | ADDFX1    | 0.113 |   1.252 |    2.229 | 
     | picorv32_core_genblk1.pcpi_mul_mul_2371_47_g14505  | AN v -> Y v  | NOR2BX1   | 0.045 |   1.297 |    2.274 | 
     | picorv32_core_genblk1.pcpi_mul_mul_2371_47_g12932  | B v -> Y ^   | NOR2X1    | 0.039 |   1.337 |    2.314 | 
     | picorv32_core_genblk1.pcpi_mul_mul_2371_47_g12910  | B ^ -> Y v   | NOR2X1    | 0.038 |   1.374 |    2.351 | 
     | picorv32_core_genblk1.pcpi_mul_mul_2371_47_g12906  | A1 v -> Y ^  | AOI21X1   | 0.050 |   1.424 |    2.401 | 
     | picorv32_core_genblk1.pcpi_mul_mul_2371_47_g14478  | A1N ^ -> Y ^ | AOI2BB1X1 | 0.075 |   1.498 |    2.475 | 
     | picorv32_core_genblk1.pcpi_mul_mul_2371_47_g12892  | A1 ^ -> Y v  | OAI21X1   | 0.068 |   1.567 |    2.544 | 
     | picorv32_core_genblk1.pcpi_mul_mul_2371_47_g12857  | B v -> Y ^   | NAND2X1   | 0.043 |   1.610 |    2.587 | 
     | picorv32_core_genblk1.pcpi_mul_mul_2371_47_g12852  | B ^ -> Y v   | NOR2X1    | 0.028 |   1.638 |    2.615 | 
     | picorv32_core_genblk1.pcpi_mul_mul_2371_47_g12843  | A1 v -> Y ^  | OAI21X1   | 0.044 |   1.683 |    2.660 | 
     | picorv32_core_genblk1.pcpi_mul_mul_2371_47_g12833  | A1 ^ -> Y v  | AOI21X1   | 0.061 |   1.744 |    2.721 | 
     | picorv32_core_genblk1.pcpi_mul_mul_2371_47_g12818  | B v -> Y ^   | NOR2X1    | 0.077 |   1.821 |    2.798 | 
     | picorv32_core_genblk1.pcpi_mul_mul_2371_47_g12780  | B ^ -> Y v   | NOR2X1    | 0.055 |   1.876 |    2.853 | 
     | picorv32_core_genblk1.pcpi_mul_mul_2371_47_g12775  | B v -> Y ^   | NOR2X1    | 0.068 |   1.944 |    2.921 | 
     | picorv32_core_genblk1.pcpi_mul_mul_2371_47_g12693  | B ^ -> Y v   | NOR2X1    | 0.056 |   2.001 |    2.978 | 
     | picorv32_core_genblk1.pcpi_mul_mul_2371_47_g12660  | C v -> Y ^   | NOR3X1    | 0.063 |   2.064 |    3.041 | 
     | picorv32_core_genblk1.pcpi_mul_mul_2371_47_g14491  | AN ^ -> Y ^  | NAND2BX1  | 0.068 |   2.132 |    3.109 | 
     | picorv32_core_genblk1.pcpi_mul_mul_2371_47_g12651  | B ^ -> Y v   | NOR2X1    | 0.027 |   2.159 |    3.136 | 
     | picorv32_core_genblk1.pcpi_mul_mul_2371_47_g12640  | A1 v -> Y ^  | OAI21X1   | 0.045 |   2.204 |    3.181 | 
     | picorv32_core_genblk1.pcpi_mul_mul_2371_47_g12630  | B ^ -> Y v   | NAND2X1   | 0.048 |   2.252 |    3.229 | 
     | picorv32_core_genblk1.pcpi_mul_mul_2371_47_g12614  | A1 v -> Y ^  | AOI21X1   | 0.057 |   2.309 |    3.286 | 
     | picorv32_core_genblk1.pcpi_mul_mul_2371_47_g12611  | B ^ -> Y v   | NOR2X1    | 0.039 |   2.348 |    3.325 | 
     | picorv32_core_genblk1.pcpi_mul_mul_2371_47_g12608  | B v -> Y v   | AND2X1    | 0.050 |   2.398 |    3.375 | 
     | picorv32_core_genblk1.pcpi_mul_mul_2371_47_g12603  | A1 v -> Y ^  | OAI21X1   | 0.040 |   2.438 |    3.415 | 
     | picorv32_core_genblk1.pcpi_mul_mul_2371_47_g12599  | A1 ^ -> Y v  | AOI21X1   | 0.059 |   2.497 |    3.474 | 
     | picorv32_core_genblk1.pcpi_mul_mul_2371_47_g12597  | B v -> Y ^   | NOR2X1    | 0.135 |   2.632 |    3.609 | 
     | picorv32_core_genblk1.pcpi_mul_mul_2371_47_g12596  | A ^ -> Y v   | INVX1     | 0.107 |   2.740 |    3.717 | 
     | picorv32_core_genblk1.pcpi_mul_mul_2371_47_g12594  | A v -> Y v   | AND2X1    | 0.055 |   2.795 |    3.772 | 
     | picorv32_core_genblk1.pcpi_mul_mul_2371_47_g12589  | B v -> Y ^   | NOR2X1    | 0.030 |   2.825 |    3.802 | 
     | picorv32_core_genblk1.pcpi_mul_mul_2371_47_g12584  | B ^ -> Y ^   | XNOR2X1   | 0.104 |   2.929 |    3.906 | 
     | picorv32_core_genblk1.pcpi_mul_rd_reg[33]          | D ^          | DFFHQX1   | 0.001 |   2.929 |    3.906 | 
     +------------------------------------------------------------------------------------------------------------+ 
Path 36: MET Setup Check with Pin picorv32_core_genblk2.pcpi_div_divisor_
reg[62]/CK 
Endpoint:   picorv32_core_genblk2.pcpi_div_divisor_reg[62]/D (^) checked with  
leading edge of 'clk'
Beginpoint: picorv32_core_genblk2.pcpi_div_pcpi_wait_reg/Q   (^) triggered by  
leading edge of 'clk'
Path Groups: {reg2reg}
Analysis View: analysis1
Other End Arrival Time          0.000
- Setup                         0.052
+ Phase Shift                   4.000
- Uncertainty                   0.020
= Required Time                 3.928
- Arrival Time                  2.889
= Slack Time                    1.040
     Clock Rise Edge                 0.000
     + Clock Network Latency (Ideal) 0.000
     = Beginpoint Arrival Time       0.000
     +------------------------------------------------------------------------------------------------------------+ 
     |                      Instance                      |     Arc      |   Cell    | Delay | Arrival | Required | 
     |                                                    |              |           |       |  Time   |   Time   | 
     |----------------------------------------------------+--------------+-----------+-------+---------+----------| 
     | picorv32_core_genblk2.pcpi_div_pcpi_wait_reg       | CK ^         |           |       |   0.000 |    1.040 | 
     | picorv32_core_genblk2.pcpi_div_pcpi_wait_reg       | CK ^ -> Q ^  | DFFHQX1   | 0.185 |   0.185 |    1.225 | 
     | picorv32_core_genblk2.pcpi_div_g2                  | AN ^ -> Y ^  | NOR2BX1   | 0.122 |   0.307 |    1.347 | 
     | picorv32_core_genblk2.pcpi_div_g6879               | A ^ -> Y v   | CLKINVX4  | 0.112 |   0.419 |    1.459 | 
     | picorv32_core_genblk2.pcpi_div_g7703               | S0 v -> Y v  | MX2X1     | 0.122 |   0.541 |    1.581 | 
     | picorv32_core_genblk2.pcpi_div_minus_2475_59_Y_sub | B v -> Y ^   | NAND2BX1  | 0.026 |   0.568 |    1.608 | 
     | _2499_26_g2604                                     |              |           |       |         |          | 
     | picorv32_core_genblk2.pcpi_div_minus_2475_59_Y_sub | A ^ -> Y v   | NAND2X1   | 0.039 |   0.607 |    1.646 | 
     | _2499_26_g2545                                     |              |           |       |         |          | 
     | picorv32_core_genblk2.pcpi_div_minus_2475_59_Y_sub | B v -> Y ^   | NAND2X1   | 0.031 |   0.637 |    1.677 | 
     | _2499_26_g2543                                     |              |           |       |         |          | 
     | picorv32_core_genblk2.pcpi_div_minus_2475_59_Y_sub | B ^ -> Y v   | NAND2X1   | 0.054 |   0.691 |    1.731 | 
     | _2499_26_g2537                                     |              |           |       |         |          | 
     | picorv32_core_genblk2.pcpi_div_minus_2475_59_Y_sub | B v -> Y ^   | NAND2X1   | 0.056 |   0.747 |    1.787 | 
     | _2499_26_g2535                                     |              |           |       |         |          | 
     | picorv32_core_genblk2.pcpi_div_minus_2475_59_Y_sub | B ^ -> Y v   | NAND2X1   | 0.067 |   0.814 |    1.854 | 
     | _2499_26_g2531                                     |              |           |       |         |          | 
     | picorv32_core_genblk2.pcpi_div_minus_2475_59_Y_sub | B v -> Y ^   | NAND2X1   | 0.047 |   0.861 |    1.901 | 
     | _2499_26_g2529                                     |              |           |       |         |          | 
     | picorv32_core_genblk2.pcpi_div_minus_2475_59_Y_sub | B ^ -> Y v   | NAND2X1   | 0.040 |   0.901 |    1.941 | 
     | _2499_26_g2528                                     |              |           |       |         |          | 
     | picorv32_core_genblk2.pcpi_div_minus_2475_59_Y_sub | B v -> Y ^   | NAND2X1   | 0.032 |   0.933 |    1.973 | 
     | _2499_26_g2526                                     |              |           |       |         |          | 
     | picorv32_core_genblk2.pcpi_div_minus_2475_59_Y_sub | A1 ^ -> Y v  | AOI21X1   | 0.062 |   0.995 |    2.034 | 
     | _2499_26_g2524                                     |              |           |       |         |          | 
     | picorv32_core_genblk2.pcpi_div_minus_2475_59_Y_sub | A1 v -> Y ^  | OAI21X1   | 0.060 |   1.054 |    2.094 | 
     | _2499_26_g2522                                     |              |           |       |         |          | 
     | picorv32_core_genblk2.pcpi_div_minus_2475_59_Y_sub | CI ^ -> CO ^ | ADDFX1    | 0.118 |   1.172 |    2.212 | 
     | _2499_26_g2521                                     |              |           |       |         |          | 
     | picorv32_core_genblk2.pcpi_div_minus_2475_59_Y_sub | B ^ -> Y v   | NAND2X1   | 0.050 |   1.223 |    2.262 | 
     | _2499_26_g2520                                     |              |           |       |         |          | 
     | picorv32_core_genblk2.pcpi_div_minus_2475_59_Y_sub | A1 v -> Y ^  | OAI211X1  | 0.066 |   1.288 |    2.328 | 
     | _2499_26_g2517                                     |              |           |       |         |          | 
     | picorv32_core_genblk2.pcpi_div_minus_2475_59_Y_sub | CI ^ -> CO ^ | ADDFX1    | 0.118 |   1.407 |    2.446 | 
     | _2499_26_g2515                                     |              |           |       |         |          | 
     | picorv32_core_genblk2.pcpi_div_minus_2475_59_Y_sub | CI ^ -> CO ^ | ADDFX1    | 0.102 |   1.509 |    2.549 | 
     | _2499_26_g2514                                     |              |           |       |         |          | 
     | picorv32_core_genblk2.pcpi_div_minus_2475_59_Y_sub | CI ^ -> CO ^ | ADDFX1    | 0.102 |   1.611 |    2.651 | 
     | _2499_26_g2513                                     |              |           |       |         |          | 
     | picorv32_core_genblk2.pcpi_div_minus_2475_59_Y_sub | CI ^ -> CO ^ | ADDFX1    | 0.105 |   1.716 |    2.756 | 
     | _2499_26_g2512                                     |              |           |       |         |          | 
     | picorv32_core_genblk2.pcpi_div_minus_2475_59_Y_sub | CI ^ -> CO ^ | ADDFX1    | 0.105 |   1.821 |    2.861 | 
     | _2499_26_g2511                                     |              |           |       |         |          | 
     | picorv32_core_genblk2.pcpi_div_minus_2475_59_Y_sub | CI ^ -> CO ^ | ADDFX1    | 0.110 |   1.931 |    2.971 | 
     | _2499_26_g2510                                     |              |           |       |         |          | 
     | picorv32_core_genblk2.pcpi_div_minus_2475_59_Y_sub | B ^ -> Y v   | NAND2X1   | 0.052 |   1.983 |    3.023 | 
     | _2499_26_g2509                                     |              |           |       |         |          | 
     | picorv32_core_genblk2.pcpi_div_minus_2475_59_Y_sub | B v -> Y ^   | NOR2X1    | 0.058 |   2.041 |    3.080 | 
     | _2499_26_g2507                                     |              |           |       |         |          | 
     | picorv32_core_genblk2.pcpi_div_minus_2475_59_Y_sub | C ^ -> Y v   | NAND3BXL  | 0.158 |   2.199 |    3.239 | 
     | _2499_26_g2505                                     |              |           |       |         |          | 
     | picorv32_core_genblk2.pcpi_div_minus_2475_59_Y_sub | B v -> Y ^   | NOR2X1    | 0.145 |   2.344 |    3.384 | 
     | _2499_26_g2502                                     |              |           |       |         |          | 
     | picorv32_core_genblk2.pcpi_div_minus_2475_59_Y_sub | B ^ -> Y v   | NOR2X1    | 0.079 |   2.423 |    3.463 | 
     | _2499_26_g2497                                     |              |           |       |         |          | 
     | picorv32_core_genblk2.pcpi_div_minus_2475_59_Y_sub | A1 v -> Y ^  | OAI21X1   | 0.056 |   2.480 |    3.519 | 
     | _2499_26_g2487                                     |              |           |       |         |          | 
     | picorv32_core_genblk2.pcpi_div_minus_2475_59_Y_sub | A1N ^ -> Y ^ | OAI2BB1X1 | 0.078 |   2.557 |    3.597 | 
     | _2499_26_g2477                                     |              |           |       |         |          | 
     | picorv32_core_genblk2.pcpi_div_minus_2475_59_Y_sub | A1 ^ -> Y v  | AOI21X1   | 0.062 |   2.619 |    3.659 | 
     | _2499_26_g2472                                     |              |           |       |         |          | 
     | picorv32_core_genblk2.pcpi_div_minus_2475_59_Y_sub | B v -> Y ^   | XNOR2X1   | 0.103 |   2.721 |    3.761 | 
     | _2499_26_g2470                                     |              |           |       |         |          | 
     | picorv32_core_genblk2.pcpi_div_g11258              | A1N ^ -> Y ^ | OAI2BB1X1 | 0.067 |   2.788 |    3.828 | 
     | picorv32_core_genblk2.pcpi_div_g11134              | A1 ^ -> Y ^  | AO22X1    | 0.100 |   2.889 |    3.928 | 
     | picorv32_core_genblk2.pcpi_div_divisor_reg[62]     | D ^          | DFFHQX1   | 0.000 |   2.889 |    3.928 | 
     +------------------------------------------------------------------------------------------------------------+ 
Path 37: MET Setup Check with Pin picorv32_core_genblk1.pcpi_mul_rd_reg[32]/CK 
Endpoint:   picorv32_core_genblk1.pcpi_mul_rd_reg[32]/D  (^) checked with  
leading edge of 'clk'
Beginpoint: picorv32_core_genblk1.pcpi_mul_rs2_reg[1]/QN (^) triggered by  
leading edge of 'clk'
Path Groups: {reg2reg}
Analysis View: analysis1
Other End Arrival Time          0.000
- Setup                         0.067
+ Phase Shift                   4.000
- Uncertainty                   0.020
= Required Time                 3.913
- Arrival Time                  2.861
= Slack Time                    1.051
     Clock Rise Edge                 0.000
     + Clock Network Latency (Ideal) 0.000
     = Beginpoint Arrival Time       0.000
     +------------------------------------------------------------------------------------------------------------+ 
     |                      Instance                      |     Arc      |   Cell    | Delay | Arrival | Required | 
     |                                                    |              |           |       |  Time   |   Time   | 
     |----------------------------------------------------+--------------+-----------+-------+---------+----------| 
     | picorv32_core_genblk1.pcpi_mul_rs2_reg[1]          | CK ^         |           |       |   0.000 |    1.051 | 
     | picorv32_core_genblk1.pcpi_mul_rs2_reg[1]          | CK ^ -> QN ^ | EDFFX2    | 0.179 |   0.179 |    1.230 | 
     | g175521                                            | A1 ^ -> Y ^  | OA22X2    | 0.203 |   0.381 |    1.433 | 
     | picorv32_core_genblk1.pcpi_mul_mul_2371_47_g13589  | A ^ -> Y ^   | AND2X1    | 0.134 |   0.516 |    1.567 | 
     | picorv32_core_genblk1.pcpi_mul_mul_2371_47_g13550  | A ^ -> Y v   | INVX2     | 0.114 |   0.630 |    1.681 | 
     | picorv32_core_genblk1.pcpi_mul_mul_2371_47_g13479  | A1 v -> Y ^  | OAI22X1   | 0.120 |   0.750 |    1.801 | 
     | picorv32_core_genblk1.pcpi_mul_mul_2371_47_cdnfadd | B ^ -> S v   | ADDFX1    | 0.197 |   0.947 |    1.998 | 
     | _004_0                                             |              |           |       |         |          | 
     | picorv32_core_genblk1.pcpi_mul_mul_2371_47_g12959  | B v -> Y ^   | NOR2X1    | 0.044 |   0.991 |    2.042 | 
     | picorv32_core_genblk1.pcpi_mul_mul_2371_47_g12953  | A0 ^ -> Y v  | OAI21X1   | 0.066 |   1.057 |    2.108 | 
     | picorv32_core_genblk1.pcpi_mul_mul_2371_47_g12949  | A v -> Y ^   | INVX1     | 0.033 |   1.090 |    2.142 | 
     | picorv32_core_genblk1.pcpi_mul_mul_2371_47_g12948  | A1 ^ -> Y v  | OAI21X1   | 0.049 |   1.140 |    2.191 | 
     | picorv32_core_genblk1.pcpi_mul_mul_2371_47_g12935  | CI v -> CO v | ADDFX1    | 0.113 |   1.252 |    2.304 | 
     | picorv32_core_genblk1.pcpi_mul_mul_2371_47_g14505  | AN v -> Y v  | NOR2BX1   | 0.045 |   1.297 |    2.349 | 
     | picorv32_core_genblk1.pcpi_mul_mul_2371_47_g12932  | B v -> Y ^   | NOR2X1    | 0.039 |   1.337 |    2.388 | 
     | picorv32_core_genblk1.pcpi_mul_mul_2371_47_g12910  | B ^ -> Y v   | NOR2X1    | 0.038 |   1.374 |    2.426 | 
     | picorv32_core_genblk1.pcpi_mul_mul_2371_47_g12906  | A1 v -> Y ^  | AOI21X1   | 0.050 |   1.424 |    2.475 | 
     | picorv32_core_genblk1.pcpi_mul_mul_2371_47_g14478  | A1N ^ -> Y ^ | AOI2BB1X1 | 0.075 |   1.498 |    2.550 | 
     | picorv32_core_genblk1.pcpi_mul_mul_2371_47_g12892  | A1 ^ -> Y v  | OAI21X1   | 0.068 |   1.567 |    2.618 | 
     | picorv32_core_genblk1.pcpi_mul_mul_2371_47_g12857  | B v -> Y ^   | NAND2X1   | 0.043 |   1.610 |    2.661 | 
     | picorv32_core_genblk1.pcpi_mul_mul_2371_47_g12852  | B ^ -> Y v   | NOR2X1    | 0.028 |   1.638 |    2.690 | 
     | picorv32_core_genblk1.pcpi_mul_mul_2371_47_g12843  | A1 v -> Y ^  | OAI21X1   | 0.044 |   1.683 |    2.734 | 
     | picorv32_core_genblk1.pcpi_mul_mul_2371_47_g12833  | A1 ^ -> Y v  | AOI21X1   | 0.061 |   1.744 |    2.795 | 
     | picorv32_core_genblk1.pcpi_mul_mul_2371_47_g12818  | B v -> Y ^   | NOR2X1    | 0.077 |   1.821 |    2.873 | 
     | picorv32_core_genblk1.pcpi_mul_mul_2371_47_g12780  | B ^ -> Y v   | NOR2X1    | 0.055 |   1.876 |    2.927 | 
     | picorv32_core_genblk1.pcpi_mul_mul_2371_47_g12775  | B v -> Y ^   | NOR2X1    | 0.068 |   1.944 |    2.996 | 
     | picorv32_core_genblk1.pcpi_mul_mul_2371_47_g12693  | B ^ -> Y v   | NOR2X1    | 0.056 |   2.001 |    3.052 | 
     | picorv32_core_genblk1.pcpi_mul_mul_2371_47_g12660  | C v -> Y ^   | NOR3X1    | 0.063 |   2.064 |    3.116 | 
     | picorv32_core_genblk1.pcpi_mul_mul_2371_47_g14491  | AN ^ -> Y ^  | NAND2BX1  | 0.068 |   2.132 |    3.184 | 
     | picorv32_core_genblk1.pcpi_mul_mul_2371_47_g12651  | B ^ -> Y v   | NOR2X1    | 0.027 |   2.159 |    3.211 | 
     | picorv32_core_genblk1.pcpi_mul_mul_2371_47_g12640  | A1 v -> Y ^  | OAI21X1   | 0.045 |   2.204 |    3.255 | 
     | picorv32_core_genblk1.pcpi_mul_mul_2371_47_g12630  | B ^ -> Y v   | NAND2X1   | 0.048 |   2.252 |    3.303 | 
     | picorv32_core_genblk1.pcpi_mul_mul_2371_47_g12614  | A1 v -> Y ^  | AOI21X1   | 0.057 |   2.309 |    3.360 | 
     | picorv32_core_genblk1.pcpi_mul_mul_2371_47_g12611  | B ^ -> Y v   | NOR2X1    | 0.039 |   2.348 |    3.400 | 
     | picorv32_core_genblk1.pcpi_mul_mul_2371_47_g12608  | B v -> Y v   | AND2X1    | 0.050 |   2.398 |    3.450 | 
     | picorv32_core_genblk1.pcpi_mul_mul_2371_47_g12603  | A1 v -> Y ^  | OAI21X1   | 0.040 |   2.438 |    3.490 | 
     | picorv32_core_genblk1.pcpi_mul_mul_2371_47_g12599  | A1 ^ -> Y v  | AOI21X1   | 0.059 |   2.497 |    3.548 | 
     | picorv32_core_genblk1.pcpi_mul_mul_2371_47_g12597  | B v -> Y ^   | NOR2X1    | 0.135 |   2.632 |    3.684 | 
     | picorv32_core_genblk1.pcpi_mul_mul_2371_47_g12596  | A ^ -> Y v   | INVX1     | 0.107 |   2.740 |    3.791 | 
     | picorv32_core_genblk1.pcpi_mul_mul_2371_47_g12593  | B v -> Y ^   | XNOR2X1   | 0.121 |   2.861 |    3.912 | 
     | picorv32_core_genblk1.pcpi_mul_rd_reg[32]          | D ^          | DFFHQX1   | 0.000 |   2.861 |    3.913 | 
     +------------------------------------------------------------------------------------------------------------+ 
Path 38: MET Setup Check with Pin picorv32_core_reg_next_pc_reg[27]/CK 
Endpoint:   picorv32_core_reg_next_pc_reg[27]/D (^) checked with  leading edge 
of 'clk'
Beginpoint: picorv32_core_irq_mask_reg[8]/Q     (^) triggered by  leading edge 
of 'clk'
Path Groups: {reg2reg}
Analysis View: analysis1
Other End Arrival Time          0.000
- Setup                         0.058
+ Phase Shift                   4.000
- Uncertainty                   0.020
= Required Time                 3.922
- Arrival Time                  2.860
= Slack Time                    1.062
     Clock Rise Edge                 0.000
     + Clock Network Latency (Ideal) 0.000
     = Beginpoint Arrival Time       0.000
     +-------------------------------------------------------------------------------------------------------+ 
     |                   Instance                    |     Arc      |   Cell    | Delay | Arrival | Required | 
     |                                               |              |           |       |  Time   |   Time   | 
     |-----------------------------------------------+--------------+-----------+-------+---------+----------| 
     | picorv32_core_irq_mask_reg[8]                 | CK ^         |           |       |   0.000 |    1.062 | 
     | picorv32_core_irq_mask_reg[8]                 | CK ^ -> Q ^  | DFFHQX1   | 0.128 |   0.128 |    1.190 | 
     | g175494                                       | AN ^ -> Y ^  | NAND2BX1  | 0.093 |   0.221 |    1.283 | 
     | picorv32_core_g79790__6131                    | A ^ -> Y v   | NAND4XL   | 0.201 |   0.422 |    1.484 | 
     | picorv32_core_g79732__5115                    | A v -> Y ^   | NOR2X1    | 0.109 |   0.531 |    1.593 | 
     | picorv32_core_g79723__1617                    | B ^ -> Y v   | NAND2X1   | 0.044 |   0.575 |    1.637 | 
     | picorv32_core_g79712__5477                    | B v -> Y ^   | NOR2X1    | 0.080 |   0.655 |    1.717 | 
     | picorv32_core_g79708__2346                    | D ^ -> Y v   | NOR4X1    | 0.074 |   0.729 |    1.791 | 
     | picorv32_core_g79702__6161                    | B v -> Y ^   | NOR2X1    | 0.055 |   0.784 |    1.846 | 
     | g175506                                       | C ^ -> Y v   | NAND3X1   | 0.079 |   0.863 |    1.925 | 
     | picorv32_core_g79690__1705                    | B v -> Y ^   | NOR2X1    | 0.063 |   0.925 |    1.988 | 
     | picorv32_core_g79685__3680                    | B ^ -> Y ^   | AND2X2    | 0.152 |   1.077 |    2.139 | 
     | picorv32_core_g79681__8428                    | B ^ -> Y v   | NAND2X1   | 0.108 |   1.185 |    2.247 | 
     | picorv32_core_g79660__5122                    | C v -> Y ^   | NAND3X2   | 0.063 |   1.248 |    2.310 | 
     | picorv32_core_add_1569_33_Y_add_1552_33_g1255 | B ^ -> Y v   | NOR2X1    | 0.040 |   1.288 |    2.350 | 
     | picorv32_core_add_1569_33_Y_add_1552_33_g1203 | A0 v -> Y ^  | OAI21X1   | 0.062 |   1.350 |    2.412 | 
     | picorv32_core_add_1569_33_Y_add_1552_33_g1297 | AN ^ -> Y ^  | NOR2BX1   | 0.070 |   1.420 |    2.483 | 
     | picorv32_core_add_1569_33_Y_add_1552_33_g1195 | B ^ -> Y v   | NOR2X1    | 0.036 |   1.456 |    2.518 | 
     | g175509                                       | A1N v -> Y v | AOI2BB1X1 | 0.072 |   1.528 |    2.590 | 
     | g175508                                       | A1N v -> Y v | AOI2BB1X1 | 0.071 |   1.599 |    2.661 | 
     | g175507                                       | A1N v -> Y v | AOI2BB1X1 | 0.079 |   1.677 |    2.740 | 
     | picorv32_core_add_1569_33_Y_add_1552_33_g1179 | B v -> Y ^   | NOR2X1    | 0.054 |   1.731 |    2.794 | 
     | picorv32_core_add_1569_33_Y_add_1552_33_g1176 | B ^ -> Y v   | NAND2X1   | 0.056 |   1.787 |    2.849 | 
     | picorv32_core_add_1569_33_Y_add_1552_33_g1174 | C v -> Y ^   | NAND3BX1  | 0.050 |   1.837 |    2.899 | 
     | picorv32_core_add_1569_33_Y_add_1552_33_g1171 | B ^ -> Y v   | NAND2X1   | 0.071 |   1.908 |    2.970 | 
     | picorv32_core_add_1569_33_Y_add_1552_33_g1168 | D v -> Y ^   | NOR4X1    | 0.075 |   1.982 |    3.045 | 
     | picorv32_core_add_1569_33_Y_add_1552_33_g1165 | C ^ -> Y ^   | OR3X1     | 0.078 |   2.060 |    3.122 | 
     | picorv32_core_add_1569_33_Y_add_1552_33_g2    | AN ^ -> Y ^  | NOR4BBX1  | 0.113 |   2.173 |    3.236 | 
     | picorv32_core_add_1569_33_Y_add_1552_33_g1157 | B ^ -> Y ^   | OR2X1     | 0.087 |   2.260 |    3.322 | 
     | picorv32_core_add_1569_33_Y_add_1552_33_g1153 | B ^ -> Y v   | NAND2X1   | 0.071 |   2.331 |    3.393 | 
     | picorv32_core_add_1569_33_Y_add_1552_33_g1148 | D v -> Y ^   | NOR4X1    | 0.071 |   2.402 |    3.464 | 
     | picorv32_core_add_1569_33_Y_add_1552_33_g1145 | B ^ -> Y v   | NOR2X1    | 0.062 |   2.464 |    3.526 | 
     | picorv32_core_add_1569_33_Y_add_1552_33_g1137 | A1 v -> Y ^  | OAI211X1  | 0.066 |   2.530 |    3.593 | 
     | picorv32_core_add_1569_33_Y_add_1552_33_g1134 | CI ^ -> CO ^ | ADDFX1    | 0.119 |   2.650 |    3.712 | 
     | picorv32_core_add_1569_33_Y_add_1552_33_g1133 | CI ^ -> S ^  | ADDFX1    | 0.137 |   2.787 |    3.849 | 
     | picorv32_core_g167918__2346                   | A1N ^ -> Y ^ | OAI2BB1X1 | 0.073 |   2.860 |    3.922 | 
     | picorv32_core_reg_next_pc_reg[27]             | D ^          | DFFHQX1   | 0.000 |   2.860 |    3.922 | 
     +-------------------------------------------------------------------------------------------------------+ 
Path 39: MET Setup Check with Pin picorv32_core_reg_op1_reg[31]/CK 
Endpoint:   picorv32_core_reg_op1_reg[31]/D (^) checked with  leading edge of 
'clk'
Beginpoint: picorv32_core_reg_op1_reg[0]/Q  (v) triggered by  leading edge of 
'clk'
Path Groups: {reg2reg}
Analysis View: analysis1
Other End Arrival Time          0.000
- Setup                         0.057
+ Phase Shift                   4.000
- Uncertainty                   0.020
= Required Time                 3.923
- Arrival Time                  2.816
= Slack Time                    1.107
     Clock Rise Edge                 0.000
     + Clock Network Latency (Ideal) 0.000
     = Beginpoint Arrival Time       0.000
     +-----------------------------------------------------------------------------------------+ 
     |            Instance             |     Arc      |   Cell    | Delay | Arrival | Required | 
     |                                 |              |           |       |  Time   |   Time   | 
     |---------------------------------+--------------+-----------+-------+---------+----------| 
     | picorv32_core_reg_op1_reg[0]    | CK ^         |           |       |   0.000 |    1.107 | 
     | picorv32_core_reg_op1_reg[0]    | CK ^ -> Q v  | DFFHQX1   | 0.125 |   0.125 |    1.232 | 
     | FE_OFC461_FE_OFN223_pcpi_rs1_0  | A v -> Y v   | BUFX2     | 0.109 |   0.234 |    1.341 | 
     | FE_OFC223_pcpi_rs1_0            | A v -> Y v   | BUFX2     | 0.182 |   0.416 |    1.524 | 
     | g175525                         | B v -> CO v  | ADDHX1    | 0.097 |   0.514 |    1.621 | 
     | picorv32_core_add_1869_26_g1172 | CI v -> CO v | ADDFX1    | 0.100 |   0.614 |    1.721 | 
     | picorv32_core_add_1869_26_g1170 | CI v -> CO v | ADDFX1    | 0.105 |   0.719 |    1.826 | 
     | picorv32_core_add_1869_26_g1169 | CI v -> CO v | ADDFX1    | 0.105 |   0.824 |    1.931 | 
     | picorv32_core_add_1869_26_g1168 | A v -> Y ^   | INVX1     | 0.029 |   0.854 |    1.961 | 
     | picorv32_core_add_1869_26_g1166 | A1 ^ -> Y v  | OAI221X1  | 0.100 |   0.953 |    2.060 | 
     | picorv32_core_add_1869_26_g1163 | CI v -> CO v | ADDFX1    | 0.132 |   1.085 |    2.192 | 
     | picorv32_core_add_1869_26_g1162 | CI v -> CO v | ADDFX1    | 0.144 |   1.229 |    2.336 | 
     | picorv32_core_add_1869_26_g1159 | B0 v -> Y ^  | AOI221X1  | 0.132 |   1.361 |    2.468 | 
     | picorv32_core_add_1869_26_g1156 | B ^ -> Y v   | NOR2X1    | 0.073 |   1.434 |    2.541 | 
     | picorv32_core_add_1869_26_g1153 | BN v -> Y v  | NOR4BBX1  | 0.056 |   1.490 |    2.598 | 
     | picorv32_core_add_1869_26_g1150 | C v -> Y v   | OR3X1     | 0.106 |   1.597 |    2.704 | 
     | picorv32_core_add_1869_26_g1142 | B1 v -> Y ^  | AOI221X1  | 0.135 |   1.731 |    2.838 | 
     | picorv32_core_add_1869_26_g1138 | B ^ -> Y v   | NOR2X1    | 0.099 |   1.830 |    2.937 | 
     | picorv32_core_add_1869_26_g1134 | BN v -> Y v  | NOR4BBX1  | 0.061 |   1.891 |    2.998 | 
     | picorv32_core_add_1869_26_g1131 | B v -> Y ^   | NOR2X1    | 0.081 |   1.971 |    3.078 | 
     | picorv32_core_add_1869_26_g1127 | C ^ -> Y ^   | OR3X1     | 0.076 |   2.047 |    3.154 | 
     | picorv32_core_add_1869_26_g1123 | C0 ^ -> Y v  | OAI211X1  | 0.076 |   2.123 |    3.230 | 
     | picorv32_core_add_1869_26_g1118 | CI v -> CO v | ADDFX1    | 0.125 |   2.248 |    3.355 | 
     | picorv32_core_add_1869_26_g1117 | CI v -> CO v | ADDFX1    | 0.101 |   2.349 |    3.456 | 
     | picorv32_core_add_1869_26_g1116 | CI v -> CO v | ADDFX1    | 0.100 |   2.449 |    3.556 | 
     | picorv32_core_add_1869_26_g1115 | CI v -> CO v | ADDFX1    | 0.104 |   2.553 |    3.660 | 
     | picorv32_core_add_1869_26_g1114 | CI v -> CO v | ADDFX1    | 0.105 |   2.657 |    3.764 | 
     | picorv32_core_add_1869_26_g1113 | B v -> Y ^   | XNOR2X1   | 0.091 |   2.749 |    3.856 | 
     | picorv32_core_g168027__5122     | A1N ^ -> Y ^ | OAI2BB1X1 | 0.067 |   2.816 |    3.923 | 
     | picorv32_core_reg_op1_reg[31]   | D ^          | DFFHQX1   | 0.000 |   2.816 |    3.923 | 
     +-----------------------------------------------------------------------------------------+ 
Path 40: MET Setup Check with Pin picorv32_core_reg_op1_reg[30]/CK 
Endpoint:   picorv32_core_reg_op1_reg[30]/D (^) checked with  leading edge of 
'clk'
Beginpoint: picorv32_core_reg_op1_reg[0]/Q  (v) triggered by  leading edge of 
'clk'
Path Groups: {reg2reg}
Analysis View: analysis1
Other End Arrival Time          0.000
- Setup                         0.071
+ Phase Shift                   4.000
- Uncertainty                   0.020
= Required Time                 3.909
- Arrival Time                  2.787
= Slack Time                    1.122
     Clock Rise Edge                 0.000
     + Clock Network Latency (Ideal) 0.000
     = Beginpoint Arrival Time       0.000
     +----------------------------------------------------------------------------------------+ 
     |            Instance             |     Arc      |   Cell   | Delay | Arrival | Required | 
     |                                 |              |          |       |  Time   |   Time   | 
     |---------------------------------+--------------+----------+-------+---------+----------| 
     | picorv32_core_reg_op1_reg[0]    | CK ^         |          |       |   0.000 |    1.122 | 
     | picorv32_core_reg_op1_reg[0]    | CK ^ -> Q v  | DFFHQX1  | 0.125 |   0.125 |    1.248 | 
     | FE_OFC461_FE_OFN223_pcpi_rs1_0  | A v -> Y v   | BUFX2    | 0.109 |   0.234 |    1.356 | 
     | FE_OFC223_pcpi_rs1_0            | A v -> Y v   | BUFX2    | 0.182 |   0.416 |    1.539 | 
     | g175525                         | B v -> CO v  | ADDHX1   | 0.097 |   0.514 |    1.636 | 
     | picorv32_core_add_1869_26_g1172 | CI v -> CO v | ADDFX1   | 0.100 |   0.614 |    1.736 | 
     | picorv32_core_add_1869_26_g1170 | CI v -> CO v | ADDFX1   | 0.105 |   0.719 |    1.841 | 
     | picorv32_core_add_1869_26_g1169 | CI v -> CO v | ADDFX1   | 0.105 |   0.824 |    1.947 | 
     | picorv32_core_add_1869_26_g1168 | A v -> Y ^   | INVX1    | 0.029 |   0.854 |    1.976 | 
     | picorv32_core_add_1869_26_g1166 | A1 ^ -> Y v  | OAI221X1 | 0.100 |   0.953 |    2.076 | 
     | picorv32_core_add_1869_26_g1163 | CI v -> CO v | ADDFX1   | 0.132 |   1.085 |    2.207 | 
     | picorv32_core_add_1869_26_g1162 | CI v -> CO v | ADDFX1   | 0.144 |   1.229 |    2.351 | 
     | picorv32_core_add_1869_26_g1159 | B0 v -> Y ^  | AOI221X1 | 0.132 |   1.361 |    2.483 | 
     | picorv32_core_add_1869_26_g1156 | B ^ -> Y v   | NOR2X1   | 0.073 |   1.434 |    2.556 | 
     | picorv32_core_add_1869_26_g1153 | BN v -> Y v  | NOR4BBX1 | 0.056 |   1.490 |    2.613 | 
     | picorv32_core_add_1869_26_g1150 | C v -> Y v   | OR3X1    | 0.106 |   1.597 |    2.719 | 
     | picorv32_core_add_1869_26_g1142 | B1 v -> Y ^  | AOI221X1 | 0.135 |   1.731 |    2.854 | 
     | picorv32_core_add_1869_26_g1138 | B ^ -> Y v   | NOR2X1   | 0.099 |   1.830 |    2.952 | 
     | picorv32_core_add_1869_26_g1134 | BN v -> Y v  | NOR4BBX1 | 0.061 |   1.891 |    3.013 | 
     | picorv32_core_add_1869_26_g1131 | B v -> Y ^   | NOR2X1   | 0.081 |   1.971 |    3.094 | 
     | picorv32_core_add_1869_26_g1127 | C ^ -> Y ^   | OR3X1    | 0.076 |   2.047 |    3.169 | 
     | picorv32_core_add_1869_26_g1123 | C0 ^ -> Y v  | OAI211X1 | 0.076 |   2.123 |    3.245 | 
     | picorv32_core_add_1869_26_g1118 | CI v -> CO v | ADDFX1   | 0.125 |   2.248 |    3.370 | 
     | picorv32_core_add_1869_26_g1117 | CI v -> CO v | ADDFX1   | 0.101 |   2.349 |    3.471 | 
     | picorv32_core_add_1869_26_g1116 | CI v -> CO v | ADDFX1   | 0.100 |   2.449 |    3.571 | 
     | picorv32_core_add_1869_26_g1115 | CI v -> CO v | ADDFX1   | 0.104 |   2.553 |    3.675 | 
     | picorv32_core_add_1869_26_g1114 | CI v -> S ^  | ADDFX1   | 0.163 |   2.716 |    3.838 | 
     | picorv32_core_g168902__1881     | B ^ -> Y v   | NAND2X1  | 0.036 |   2.752 |    3.875 | 
     | picorv32_core_g168026__1705     | C0 v -> Y ^  | OAI211X1 | 0.034 |   2.787 |    3.909 | 
     | picorv32_core_reg_op1_reg[30]   | D ^          | DFFHQX1  | 0.000 |   2.787 |    3.909 | 
     +----------------------------------------------------------------------------------------+ 
Path 41: MET Setup Check with Pin picorv32_core_genblk2.pcpi_div_dividend_
reg[31]/CK 
Endpoint:   picorv32_core_genblk2.pcpi_div_dividend_reg[31]/D (^) checked with  
leading edge of 'clk'
Beginpoint: picorv32_core_genblk2.pcpi_div_pcpi_wait_reg/Q    (^) triggered by  
leading edge of 'clk'
Path Groups: {reg2reg}
Analysis View: analysis1
Other End Arrival Time          0.000
- Setup                         0.056
+ Phase Shift                   4.000
- Uncertainty                   0.020
= Required Time                 3.924
- Arrival Time                  2.790
= Slack Time                    1.135
     Clock Rise Edge                 0.000
     + Clock Network Latency (Ideal) 0.000
     = Beginpoint Arrival Time       0.000
     +------------------------------------------------------------------------------------------------------------+ 
     |                      Instance                      |     Arc      |   Cell    | Delay | Arrival | Required | 
     |                                                    |              |           |       |  Time   |   Time   | 
     |----------------------------------------------------+--------------+-----------+-------+---------+----------| 
     | picorv32_core_genblk2.pcpi_div_pcpi_wait_reg       | CK ^         |           |       |   0.000 |    1.135 | 
     | picorv32_core_genblk2.pcpi_div_pcpi_wait_reg       | CK ^ -> Q ^  | DFFHQX1   | 0.185 |   0.185 |    1.319 | 
     | picorv32_core_genblk2.pcpi_div_g2                  | AN ^ -> Y ^  | NOR2BX1   | 0.122 |   0.307 |    1.442 | 
     | picorv32_core_genblk2.pcpi_div_g6879               | A ^ -> Y v   | CLKINVX4  | 0.112 |   0.419 |    1.554 | 
     | picorv32_core_genblk2.pcpi_div_g7703               | S0 v -> Y v  | MX2X1     | 0.122 |   0.542 |    1.676 | 
     | picorv32_core_genblk2.pcpi_div_minus_2475_59_Y_sub | B v -> Y ^   | NAND2BX1  | 0.026 |   0.568 |    1.702 | 
     | _2499_26_g2604                                     |              |           |       |         |          | 
     | picorv32_core_genblk2.pcpi_div_minus_2475_59_Y_sub | A ^ -> Y v   | NAND2X1   | 0.039 |   0.607 |    1.741 | 
     | _2499_26_g2545                                     |              |           |       |         |          | 
     | picorv32_core_genblk2.pcpi_div_minus_2475_59_Y_sub | B v -> Y ^   | NAND2X1   | 0.031 |   0.637 |    1.772 | 
     | _2499_26_g2543                                     |              |           |       |         |          | 
     | picorv32_core_genblk2.pcpi_div_minus_2475_59_Y_sub | B ^ -> Y v   | NAND2X1   | 0.054 |   0.691 |    1.826 | 
     | _2499_26_g2537                                     |              |           |       |         |          | 
     | picorv32_core_genblk2.pcpi_div_minus_2475_59_Y_sub | B v -> Y ^   | NAND2X1   | 0.056 |   0.747 |    1.882 | 
     | _2499_26_g2535                                     |              |           |       |         |          | 
     | picorv32_core_genblk2.pcpi_div_minus_2475_59_Y_sub | B ^ -> Y v   | NAND2X1   | 0.067 |   0.814 |    1.949 | 
     | _2499_26_g2531                                     |              |           |       |         |          | 
     | picorv32_core_genblk2.pcpi_div_minus_2475_59_Y_sub | B v -> Y ^   | NAND2X1   | 0.047 |   0.861 |    1.996 | 
     | _2499_26_g2529                                     |              |           |       |         |          | 
     | picorv32_core_genblk2.pcpi_div_minus_2475_59_Y_sub | B ^ -> Y v   | NAND2X1   | 0.040 |   0.901 |    2.035 | 
     | _2499_26_g2528                                     |              |           |       |         |          | 
     | picorv32_core_genblk2.pcpi_div_minus_2475_59_Y_sub | B v -> Y ^   | NAND2X1   | 0.032 |   0.933 |    2.068 | 
     | _2499_26_g2526                                     |              |           |       |         |          | 
     | picorv32_core_genblk2.pcpi_div_minus_2475_59_Y_sub | A1 ^ -> Y v  | AOI21X1   | 0.062 |   0.995 |    2.129 | 
     | _2499_26_g2524                                     |              |           |       |         |          | 
     | picorv32_core_genblk2.pcpi_div_minus_2475_59_Y_sub | A1 v -> Y ^  | OAI21X1   | 0.060 |   1.054 |    2.189 | 
     | _2499_26_g2522                                     |              |           |       |         |          | 
     | picorv32_core_genblk2.pcpi_div_minus_2475_59_Y_sub | CI ^ -> CO ^ | ADDFX1    | 0.118 |   1.172 |    2.307 | 
     | _2499_26_g2521                                     |              |           |       |         |          | 
     | picorv32_core_genblk2.pcpi_div_minus_2475_59_Y_sub | B ^ -> Y v   | NAND2X1   | 0.050 |   1.223 |    2.357 | 
     | _2499_26_g2520                                     |              |           |       |         |          | 
     | picorv32_core_genblk2.pcpi_div_minus_2475_59_Y_sub | A1 v -> Y ^  | OAI211X1  | 0.066 |   1.288 |    2.423 | 
     | _2499_26_g2517                                     |              |           |       |         |          | 
     | picorv32_core_genblk2.pcpi_div_minus_2475_59_Y_sub | CI ^ -> CO ^ | ADDFX1    | 0.118 |   1.407 |    2.541 | 
     | _2499_26_g2515                                     |              |           |       |         |          | 
     | picorv32_core_genblk2.pcpi_div_minus_2475_59_Y_sub | CI ^ -> CO ^ | ADDFX1    | 0.102 |   1.509 |    2.643 | 
     | _2499_26_g2514                                     |              |           |       |         |          | 
     | picorv32_core_genblk2.pcpi_div_minus_2475_59_Y_sub | CI ^ -> CO ^ | ADDFX1    | 0.102 |   1.611 |    2.746 | 
     | _2499_26_g2513                                     |              |           |       |         |          | 
     | picorv32_core_genblk2.pcpi_div_minus_2475_59_Y_sub | CI ^ -> CO ^ | ADDFX1    | 0.105 |   1.716 |    2.851 | 
     | _2499_26_g2512                                     |              |           |       |         |          | 
     | picorv32_core_genblk2.pcpi_div_minus_2475_59_Y_sub | CI ^ -> CO ^ | ADDFX1    | 0.105 |   1.821 |    2.956 | 
     | _2499_26_g2511                                     |              |           |       |         |          | 
     | picorv32_core_genblk2.pcpi_div_minus_2475_59_Y_sub | CI ^ -> CO ^ | ADDFX1    | 0.110 |   1.931 |    3.066 | 
     | _2499_26_g2510                                     |              |           |       |         |          | 
     | picorv32_core_genblk2.pcpi_div_minus_2475_59_Y_sub | B ^ -> Y v   | NAND2X1   | 0.052 |   1.983 |    3.118 | 
     | _2499_26_g2509                                     |              |           |       |         |          | 
     | picorv32_core_genblk2.pcpi_div_minus_2475_59_Y_sub | B v -> Y ^   | NOR2X1    | 0.058 |   2.041 |    3.175 | 
     | _2499_26_g2507                                     |              |           |       |         |          | 
     | picorv32_core_genblk2.pcpi_div_minus_2475_59_Y_sub | C ^ -> Y v   | NAND3BXL  | 0.158 |   2.199 |    3.333 | 
     | _2499_26_g2505                                     |              |           |       |         |          | 
     | picorv32_core_genblk2.pcpi_div_minus_2475_59_Y_sub | B v -> Y ^   | NOR2X1    | 0.145 |   2.344 |    3.479 | 
     | _2499_26_g2502                                     |              |           |       |         |          | 
     | picorv32_core_genblk2.pcpi_div_minus_2475_59_Y_sub | B ^ -> Y v   | NOR2X1    | 0.079 |   2.423 |    3.558 | 
     | _2499_26_g2497                                     |              |           |       |         |          | 
     | picorv32_core_genblk2.pcpi_div_minus_2475_59_Y_sub | A1 v -> Y ^  | OAI21X1   | 0.056 |   2.480 |    3.614 | 
     | _2499_26_g2487                                     |              |           |       |         |          | 
     | picorv32_core_genblk2.pcpi_div_minus_2475_59_Y_sub | A1N ^ -> Y ^ | OAI2BB1X1 | 0.078 |   2.557 |    3.692 | 
     | _2499_26_g2477                                     |              |           |       |         |          | 
     | picorv32_core_genblk2.pcpi_div_minus_2475_59_Y_sub | A1 ^ -> Y v  | AOI21X1   | 0.062 |   2.619 |    3.753 | 
     | _2499_26_g2472                                     |              |           |       |         |          | 
     | picorv32_core_genblk2.pcpi_div_minus_2475_59_Y_sub | B v -> Y ^   | XNOR2X1   | 0.103 |   2.721 |    3.856 | 
     | _2499_26_g2470                                     |              |           |       |         |          | 
     | picorv32_core_genblk2.pcpi_div_g10996              | A1N ^ -> Y ^ | OAI2BB1X1 | 0.068 |   2.790 |    3.924 | 
     | picorv32_core_genblk2.pcpi_div_dividend_reg[31]    | D ^          | DFFHQX1   | 0.000 |   2.790 |    3.924 | 
     +------------------------------------------------------------------------------------------------------------+ 
Path 42: MET Setup Check with Pin picorv32_core_genblk2.pcpi_div_dividend_
reg[27]/CK 
Endpoint:   picorv32_core_genblk2.pcpi_div_dividend_reg[27]/D (^) checked with  
leading edge of 'clk'
Beginpoint: picorv32_core_genblk2.pcpi_div_pcpi_wait_reg/Q    (^) triggered by  
leading edge of 'clk'
Path Groups: {reg2reg}
Analysis View: analysis1
Other End Arrival Time          0.000
- Setup                         0.058
+ Phase Shift                   4.000
- Uncertainty                   0.020
= Required Time                 3.922
- Arrival Time                  2.776
= Slack Time                    1.146
     Clock Rise Edge                 0.000
     + Clock Network Latency (Ideal) 0.000
     = Beginpoint Arrival Time       0.000
     +------------------------------------------------------------------------------------------------------------+ 
     |                      Instance                      |     Arc      |   Cell    | Delay | Arrival | Required | 
     |                                                    |              |           |       |  Time   |   Time   | 
     |----------------------------------------------------+--------------+-----------+-------+---------+----------| 
     | picorv32_core_genblk2.pcpi_div_pcpi_wait_reg       | CK ^         |           |       |   0.000 |    1.146 | 
     | picorv32_core_genblk2.pcpi_div_pcpi_wait_reg       | CK ^ -> Q ^  | DFFHQX1   | 0.185 |   0.185 |    1.331 | 
     | picorv32_core_genblk2.pcpi_div_g2                  | AN ^ -> Y ^  | NOR2BX1   | 0.122 |   0.307 |    1.453 | 
     | picorv32_core_genblk2.pcpi_div_g6879               | A ^ -> Y v   | CLKINVX4  | 0.112 |   0.419 |    1.566 | 
     | picorv32_core_genblk2.pcpi_div_g7703               | S0 v -> Y v  | MX2X1     | 0.122 |   0.541 |    1.688 | 
     | picorv32_core_genblk2.pcpi_div_minus_2475_59_Y_sub | B v -> Y ^   | NAND2BX1  | 0.026 |   0.568 |    1.714 | 
     | _2499_26_g2604                                     |              |           |       |         |          | 
     | picorv32_core_genblk2.pcpi_div_minus_2475_59_Y_sub | A ^ -> Y v   | NAND2X1   | 0.039 |   0.607 |    1.753 | 
     | _2499_26_g2545                                     |              |           |       |         |          | 
     | picorv32_core_genblk2.pcpi_div_minus_2475_59_Y_sub | B v -> Y ^   | NAND2X1   | 0.031 |   0.637 |    1.784 | 
     | _2499_26_g2543                                     |              |           |       |         |          | 
     | picorv32_core_genblk2.pcpi_div_minus_2475_59_Y_sub | B ^ -> Y v   | NAND2X1   | 0.054 |   0.691 |    1.837 | 
     | _2499_26_g2537                                     |              |           |       |         |          | 
     | picorv32_core_genblk2.pcpi_div_minus_2475_59_Y_sub | B v -> Y ^   | NAND2X1   | 0.056 |   0.747 |    1.893 | 
     | _2499_26_g2535                                     |              |           |       |         |          | 
     | picorv32_core_genblk2.pcpi_div_minus_2475_59_Y_sub | B ^ -> Y v   | NAND2X1   | 0.067 |   0.814 |    1.960 | 
     | _2499_26_g2531                                     |              |           |       |         |          | 
     | picorv32_core_genblk2.pcpi_div_minus_2475_59_Y_sub | B v -> Y ^   | NAND2X1   | 0.047 |   0.861 |    2.007 | 
     | _2499_26_g2529                                     |              |           |       |         |          | 
     | picorv32_core_genblk2.pcpi_div_minus_2475_59_Y_sub | B ^ -> Y v   | NAND2X1   | 0.040 |   0.901 |    2.047 | 
     | _2499_26_g2528                                     |              |           |       |         |          | 
     | picorv32_core_genblk2.pcpi_div_minus_2475_59_Y_sub | B v -> Y ^   | NAND2X1   | 0.032 |   0.933 |    2.079 | 
     | _2499_26_g2526                                     |              |           |       |         |          | 
     | picorv32_core_genblk2.pcpi_div_minus_2475_59_Y_sub | A1 ^ -> Y v  | AOI21X1   | 0.062 |   0.995 |    2.141 | 
     | _2499_26_g2524                                     |              |           |       |         |          | 
     | picorv32_core_genblk2.pcpi_div_minus_2475_59_Y_sub | A1 v -> Y ^  | OAI21X1   | 0.060 |   1.054 |    2.201 | 
     | _2499_26_g2522                                     |              |           |       |         |          | 
     | picorv32_core_genblk2.pcpi_div_minus_2475_59_Y_sub | CI ^ -> CO ^ | ADDFX1    | 0.118 |   1.172 |    2.319 | 
     | _2499_26_g2521                                     |              |           |       |         |          | 
     | picorv32_core_genblk2.pcpi_div_minus_2475_59_Y_sub | B ^ -> Y v   | NAND2X1   | 0.050 |   1.223 |    2.369 | 
     | _2499_26_g2520                                     |              |           |       |         |          | 
     | picorv32_core_genblk2.pcpi_div_minus_2475_59_Y_sub | A1 v -> Y ^  | OAI211X1  | 0.066 |   1.288 |    2.435 | 
     | _2499_26_g2517                                     |              |           |       |         |          | 
     | picorv32_core_genblk2.pcpi_div_minus_2475_59_Y_sub | CI ^ -> CO ^ | ADDFX1    | 0.118 |   1.407 |    2.553 | 
     | _2499_26_g2515                                     |              |           |       |         |          | 
     | picorv32_core_genblk2.pcpi_div_minus_2475_59_Y_sub | CI ^ -> CO ^ | ADDFX1    | 0.102 |   1.509 |    2.655 | 
     | _2499_26_g2514                                     |              |           |       |         |          | 
     | picorv32_core_genblk2.pcpi_div_minus_2475_59_Y_sub | CI ^ -> CO ^ | ADDFX1    | 0.102 |   1.611 |    2.758 | 
     | _2499_26_g2513                                     |              |           |       |         |          | 
     | picorv32_core_genblk2.pcpi_div_minus_2475_59_Y_sub | CI ^ -> CO ^ | ADDFX1    | 0.105 |   1.716 |    2.863 | 
     | _2499_26_g2512                                     |              |           |       |         |          | 
     | picorv32_core_genblk2.pcpi_div_minus_2475_59_Y_sub | CI ^ -> CO ^ | ADDFX1    | 0.105 |   1.821 |    2.968 | 
     | _2499_26_g2511                                     |              |           |       |         |          | 
     | picorv32_core_genblk2.pcpi_div_minus_2475_59_Y_sub | CI ^ -> CO ^ | ADDFX1    | 0.110 |   1.931 |    3.077 | 
     | _2499_26_g2510                                     |              |           |       |         |          | 
     | picorv32_core_genblk2.pcpi_div_minus_2475_59_Y_sub | B ^ -> Y v   | NAND2X1   | 0.052 |   1.983 |    3.129 | 
     | _2499_26_g2509                                     |              |           |       |         |          | 
     | picorv32_core_genblk2.pcpi_div_minus_2475_59_Y_sub | B v -> Y ^   | NOR2X1    | 0.058 |   2.041 |    3.187 | 
     | _2499_26_g2507                                     |              |           |       |         |          | 
     | picorv32_core_genblk2.pcpi_div_minus_2475_59_Y_sub | C ^ -> Y v   | NAND3BXL  | 0.158 |   2.199 |    3.345 | 
     | _2499_26_g2505                                     |              |           |       |         |          | 
     | picorv32_core_genblk2.pcpi_div_minus_2475_59_Y_sub | B v -> Y ^   | NOR2X1    | 0.145 |   2.344 |    3.491 | 
     | _2499_26_g2502                                     |              |           |       |         |          | 
     | picorv32_core_genblk2.pcpi_div_minus_2475_59_Y_sub | B ^ -> Y v   | NOR2X1    | 0.079 |   2.423 |    3.570 | 
     | _2499_26_g2497                                     |              |           |       |         |          | 
     | picorv32_core_genblk2.pcpi_div_minus_2475_59_Y_sub | B v -> Y ^   | NOR2X1    | 0.055 |   2.479 |    3.625 | 
     | _2499_26_g2492                                     |              |           |       |         |          | 
     | picorv32_core_genblk2.pcpi_div_minus_2475_59_Y_sub | A1N ^ -> Y ^ | OAI2BB1X1 | 0.079 |   2.558 |    3.704 | 
     | _2499_26_g2481                                     |              |           |       |         |          | 
     | picorv32_core_genblk2.pcpi_div_minus_2475_59_Y_sub | A1N ^ -> Y ^ | OAI2BB1X1 | 0.071 |   2.629 |    3.775 | 
     | _2499_26_g2473                                     |              |           |       |         |          | 
     | picorv32_core_genblk2.pcpi_div_minus_2475_59_Y_sub | B ^ -> Y ^   | XNOR2X1   | 0.075 |   2.704 |    3.850 | 
     | _2499_26_g2471                                     |              |           |       |         |          | 
     | picorv32_core_genblk2.pcpi_div_g10926              | A1N ^ -> Y ^ | OAI2BB1X1 | 0.072 |   2.776 |    3.922 | 
     | picorv32_core_genblk2.pcpi_div_dividend_reg[27]    | D ^          | DFFHQX1   | 0.000 |   2.776 |    3.922 | 
     +------------------------------------------------------------------------------------------------------------+ 
Path 43: MET Setup Check with Pin picorv32_core_genblk2.pcpi_div_divisor_
reg[58]/CK 
Endpoint:   picorv32_core_genblk2.pcpi_div_divisor_reg[58]/D (^) checked with  
leading edge of 'clk'
Beginpoint: picorv32_core_genblk2.pcpi_div_pcpi_wait_reg/Q   (^) triggered by  
leading edge of 'clk'
Path Groups: {reg2reg}
Analysis View: analysis1
Other End Arrival Time          0.000
- Setup                         0.057
+ Phase Shift                   4.000
- Uncertainty                   0.020
= Required Time                 3.923
- Arrival Time                  2.774
= Slack Time                    1.149
     Clock Rise Edge                 0.000
     + Clock Network Latency (Ideal) 0.000
     = Beginpoint Arrival Time       0.000
     +------------------------------------------------------------------------------------------------------------+ 
     |                      Instance                      |     Arc      |   Cell    | Delay | Arrival | Required | 
     |                                                    |              |           |       |  Time   |   Time   | 
     |----------------------------------------------------+--------------+-----------+-------+---------+----------| 
     | picorv32_core_genblk2.pcpi_div_pcpi_wait_reg       | CK ^         |           |       |   0.000 |    1.149 | 
     | picorv32_core_genblk2.pcpi_div_pcpi_wait_reg       | CK ^ -> Q ^  | DFFHQX1   | 0.185 |   0.185 |    1.334 | 
     | picorv32_core_genblk2.pcpi_div_g2                  | AN ^ -> Y ^  | NOR2BX1   | 0.122 |   0.307 |    1.456 | 
     | picorv32_core_genblk2.pcpi_div_g6879               | A ^ -> Y v   | CLKINVX4  | 0.112 |   0.419 |    1.568 | 
     | picorv32_core_genblk2.pcpi_div_g7703               | S0 v -> Y v  | MX2X1     | 0.122 |   0.542 |    1.691 | 
     | picorv32_core_genblk2.pcpi_div_minus_2475_59_Y_sub | B v -> Y ^   | NAND2BX1  | 0.026 |   0.568 |    1.717 | 
     | _2499_26_g2604                                     |              |           |       |         |          | 
     | picorv32_core_genblk2.pcpi_div_minus_2475_59_Y_sub | A ^ -> Y v   | NAND2X1   | 0.039 |   0.607 |    1.756 | 
     | _2499_26_g2545                                     |              |           |       |         |          | 
     | picorv32_core_genblk2.pcpi_div_minus_2475_59_Y_sub | B v -> Y ^   | NAND2X1   | 0.031 |   0.637 |    1.786 | 
     | _2499_26_g2543                                     |              |           |       |         |          | 
     | picorv32_core_genblk2.pcpi_div_minus_2475_59_Y_sub | B ^ -> Y v   | NAND2X1   | 0.054 |   0.691 |    1.840 | 
     | _2499_26_g2537                                     |              |           |       |         |          | 
     | picorv32_core_genblk2.pcpi_div_minus_2475_59_Y_sub | B v -> Y ^   | NAND2X1   | 0.056 |   0.747 |    1.896 | 
     | _2499_26_g2535                                     |              |           |       |         |          | 
     | picorv32_core_genblk2.pcpi_div_minus_2475_59_Y_sub | B ^ -> Y v   | NAND2X1   | 0.067 |   0.814 |    1.963 | 
     | _2499_26_g2531                                     |              |           |       |         |          | 
     | picorv32_core_genblk2.pcpi_div_minus_2475_59_Y_sub | B v -> Y ^   | NAND2X1   | 0.047 |   0.861 |    2.010 | 
     | _2499_26_g2529                                     |              |           |       |         |          | 
     | picorv32_core_genblk2.pcpi_div_minus_2475_59_Y_sub | B ^ -> Y v   | NAND2X1   | 0.040 |   0.901 |    2.050 | 
     | _2499_26_g2528                                     |              |           |       |         |          | 
     | picorv32_core_genblk2.pcpi_div_minus_2475_59_Y_sub | B v -> Y ^   | NAND2X1   | 0.032 |   0.933 |    2.082 | 
     | _2499_26_g2526                                     |              |           |       |         |          | 
     | picorv32_core_genblk2.pcpi_div_minus_2475_59_Y_sub | A1 ^ -> Y v  | AOI21X1   | 0.062 |   0.995 |    2.144 | 
     | _2499_26_g2524                                     |              |           |       |         |          | 
     | picorv32_core_genblk2.pcpi_div_minus_2475_59_Y_sub | A1 v -> Y ^  | OAI21X1   | 0.060 |   1.054 |    2.203 | 
     | _2499_26_g2522                                     |              |           |       |         |          | 
     | picorv32_core_genblk2.pcpi_div_minus_2475_59_Y_sub | CI ^ -> CO ^ | ADDFX1    | 0.118 |   1.172 |    2.321 | 
     | _2499_26_g2521                                     |              |           |       |         |          | 
     | picorv32_core_genblk2.pcpi_div_minus_2475_59_Y_sub | B ^ -> Y v   | NAND2X1   | 0.050 |   1.223 |    2.372 | 
     | _2499_26_g2520                                     |              |           |       |         |          | 
     | picorv32_core_genblk2.pcpi_div_minus_2475_59_Y_sub | A1 v -> Y ^  | OAI211X1  | 0.066 |   1.288 |    2.438 | 
     | _2499_26_g2517                                     |              |           |       |         |          | 
     | picorv32_core_genblk2.pcpi_div_minus_2475_59_Y_sub | CI ^ -> CO ^ | ADDFX1    | 0.118 |   1.407 |    2.556 | 
     | _2499_26_g2515                                     |              |           |       |         |          | 
     | picorv32_core_genblk2.pcpi_div_minus_2475_59_Y_sub | CI ^ -> CO ^ | ADDFX1    | 0.102 |   1.509 |    2.658 | 
     | _2499_26_g2514                                     |              |           |       |         |          | 
     | picorv32_core_genblk2.pcpi_div_minus_2475_59_Y_sub | CI ^ -> CO ^ | ADDFX1    | 0.102 |   1.611 |    2.760 | 
     | _2499_26_g2513                                     |              |           |       |         |          | 
     | picorv32_core_genblk2.pcpi_div_minus_2475_59_Y_sub | CI ^ -> CO ^ | ADDFX1    | 0.105 |   1.716 |    2.865 | 
     | _2499_26_g2512                                     |              |           |       |         |          | 
     | picorv32_core_genblk2.pcpi_div_minus_2475_59_Y_sub | CI ^ -> CO ^ | ADDFX1    | 0.105 |   1.821 |    2.970 | 
     | _2499_26_g2511                                     |              |           |       |         |          | 
     | picorv32_core_genblk2.pcpi_div_minus_2475_59_Y_sub | CI ^ -> CO ^ | ADDFX1    | 0.110 |   1.931 |    3.080 | 
     | _2499_26_g2510                                     |              |           |       |         |          | 
     | picorv32_core_genblk2.pcpi_div_minus_2475_59_Y_sub | B ^ -> Y v   | NAND2X1   | 0.052 |   1.983 |    3.132 | 
     | _2499_26_g2509                                     |              |           |       |         |          | 
     | picorv32_core_genblk2.pcpi_div_minus_2475_59_Y_sub | B v -> Y ^   | NOR2X1    | 0.058 |   2.041 |    3.190 | 
     | _2499_26_g2507                                     |              |           |       |         |          | 
     | picorv32_core_genblk2.pcpi_div_minus_2475_59_Y_sub | C ^ -> Y v   | NAND3BXL  | 0.158 |   2.199 |    3.348 | 
     | _2499_26_g2505                                     |              |           |       |         |          | 
     | picorv32_core_genblk2.pcpi_div_minus_2475_59_Y_sub | B v -> Y ^   | NOR2X1    | 0.145 |   2.344 |    3.493 | 
     | _2499_26_g2502                                     |              |           |       |         |          | 
     | picorv32_core_genblk2.pcpi_div_minus_2475_59_Y_sub | B ^ -> Y v   | NOR2X1    | 0.079 |   2.423 |    3.573 | 
     | _2499_26_g2497                                     |              |           |       |         |          | 
     | picorv32_core_genblk2.pcpi_div_minus_2475_59_Y_sub | B v -> Y ^   | NOR2X1    | 0.055 |   2.479 |    3.628 | 
     | _2499_26_g2492                                     |              |           |       |         |          | 
     | picorv32_core_genblk2.pcpi_div_minus_2475_59_Y_sub | A1N ^ -> Y ^ | OAI2BB1X1 | 0.079 |   2.558 |    3.707 | 
     | _2499_26_g2481                                     |              |           |       |         |          | 
     | picorv32_core_genblk2.pcpi_div_minus_2475_59_Y_sub | A1N ^ -> Y ^ | OAI2BB1X1 | 0.071 |   2.629 |    3.778 | 
     | _2499_26_g2473                                     |              |           |       |         |          | 
     | picorv32_core_genblk2.pcpi_div_minus_2475_59_Y_sub | B ^ -> Y ^   | XNOR2X1   | 0.075 |   2.704 |    3.853 | 
     | _2499_26_g2471                                     |              |           |       |         |          | 
     | picorv32_core_genblk2.pcpi_div_g10975              | A1N ^ -> Y ^ | OAI2BB1X1 | 0.070 |   2.774 |    3.923 | 
     | picorv32_core_genblk2.pcpi_div_divisor_reg[58]     | D ^          | DFFHQX1   | 0.000 |   2.774 |    3.923 | 
     +------------------------------------------------------------------------------------------------------------+ 
Path 44: MET Setup Check with Pin picorv32_core_reg_next_pc_reg[26]/CK 
Endpoint:   picorv32_core_reg_next_pc_reg[26]/D (^) checked with  leading edge 
of 'clk'
Beginpoint: picorv32_core_irq_mask_reg[8]/Q     (^) triggered by  leading edge 
of 'clk'
Path Groups: {reg2reg}
Analysis View: analysis1
Other End Arrival Time          0.000
- Setup                         0.056
+ Phase Shift                   4.000
- Uncertainty                   0.020
= Required Time                 3.924
- Arrival Time                  2.751
= Slack Time                    1.173
     Clock Rise Edge                 0.000
     + Clock Network Latency (Ideal) 0.000
     = Beginpoint Arrival Time       0.000
     +-------------------------------------------------------------------------------------------------------+ 
     |                   Instance                    |     Arc      |   Cell    | Delay | Arrival | Required | 
     |                                               |              |           |       |  Time   |   Time   | 
     |-----------------------------------------------+--------------+-----------+-------+---------+----------| 
     | picorv32_core_irq_mask_reg[8]                 | CK ^         |           |       |   0.000 |    1.173 | 
     | picorv32_core_irq_mask_reg[8]                 | CK ^ -> Q ^  | DFFHQX1   | 0.128 |   0.128 |    1.301 | 
     | g175494                                       | AN ^ -> Y ^  | NAND2BX1  | 0.093 |   0.221 |    1.394 | 
     | picorv32_core_g79790__6131                    | A ^ -> Y v   | NAND4XL   | 0.201 |   0.422 |    1.595 | 
     | picorv32_core_g79732__5115                    | A v -> Y ^   | NOR2X1    | 0.109 |   0.531 |    1.704 | 
     | picorv32_core_g79723__1617                    | B ^ -> Y v   | NAND2X1   | 0.044 |   0.575 |    1.748 | 
     | picorv32_core_g79712__5477                    | B v -> Y ^   | NOR2X1    | 0.080 |   0.655 |    1.828 | 
     | picorv32_core_g79708__2346                    | D ^ -> Y v   | NOR4X1    | 0.074 |   0.729 |    1.902 | 
     | picorv32_core_g79702__6161                    | B v -> Y ^   | NOR2X1    | 0.055 |   0.784 |    1.957 | 
     | g175506                                       | C ^ -> Y v   | NAND3X1   | 0.079 |   0.863 |    2.036 | 
     | picorv32_core_g79690__1705                    | B v -> Y ^   | NOR2X1    | 0.063 |   0.926 |    2.099 | 
     | picorv32_core_g79685__3680                    | B ^ -> Y ^   | AND2X2    | 0.152 |   1.077 |    2.250 | 
     | picorv32_core_g79681__8428                    | B ^ -> Y v   | NAND2X1   | 0.108 |   1.185 |    2.358 | 
     | picorv32_core_g79660__5122                    | C v -> Y ^   | NAND3X2   | 0.063 |   1.248 |    2.421 | 
     | picorv32_core_add_1569_33_Y_add_1552_33_g1255 | B ^ -> Y v   | NOR2X1    | 0.040 |   1.288 |    2.461 | 
     | picorv32_core_add_1569_33_Y_add_1552_33_g1203 | A0 v -> Y ^  | OAI21X1   | 0.062 |   1.350 |    2.523 | 
     | picorv32_core_add_1569_33_Y_add_1552_33_g1297 | AN ^ -> Y ^  | NOR2BX1   | 0.070 |   1.420 |    2.593 | 
     | picorv32_core_add_1569_33_Y_add_1552_33_g1195 | B ^ -> Y v   | NOR2X1    | 0.036 |   1.456 |    2.629 | 
     | g175509                                       | A1N v -> Y v | AOI2BB1X1 | 0.072 |   1.528 |    2.701 | 
     | g175508                                       | A1N v -> Y v | AOI2BB1X1 | 0.071 |   1.599 |    2.772 | 
     | g175507                                       | A1N v -> Y v | AOI2BB1X1 | 0.079 |   1.677 |    2.851 | 
     | picorv32_core_add_1569_33_Y_add_1552_33_g1179 | B v -> Y ^   | NOR2X1    | 0.054 |   1.731 |    2.905 | 
     | picorv32_core_add_1569_33_Y_add_1552_33_g1176 | B ^ -> Y v   | NAND2X1   | 0.056 |   1.787 |    2.960 | 
     | picorv32_core_add_1569_33_Y_add_1552_33_g1174 | C v -> Y ^   | NAND3BX1  | 0.050 |   1.837 |    3.010 | 
     | picorv32_core_add_1569_33_Y_add_1552_33_g1171 | B ^ -> Y v   | NAND2X1   | 0.071 |   1.908 |    3.081 | 
     | picorv32_core_add_1569_33_Y_add_1552_33_g1168 | D v -> Y ^   | NOR4X1    | 0.075 |   1.982 |    3.156 | 
     | picorv32_core_add_1569_33_Y_add_1552_33_g1165 | C ^ -> Y ^   | OR3X1     | 0.078 |   2.060 |    3.233 | 
     | picorv32_core_add_1569_33_Y_add_1552_33_g2    | AN ^ -> Y ^  | NOR4BBX1  | 0.113 |   2.173 |    3.346 | 
     | picorv32_core_add_1569_33_Y_add_1552_33_g1157 | B ^ -> Y ^   | OR2X1     | 0.087 |   2.260 |    3.433 | 
     | picorv32_core_add_1569_33_Y_add_1552_33_g1153 | B ^ -> Y v   | NAND2X1   | 0.071 |   2.331 |    3.504 | 
     | picorv32_core_add_1569_33_Y_add_1552_33_g1148 | D v -> Y ^   | NOR4X1    | 0.071 |   2.402 |    3.575 | 
     | picorv32_core_add_1569_33_Y_add_1552_33_g1145 | B ^ -> Y v   | NOR2X1    | 0.062 |   2.464 |    3.637 | 
     | picorv32_core_add_1569_33_Y_add_1552_33_g1137 | A1 v -> Y ^  | OAI211X1  | 0.066 |   2.530 |    3.703 | 
     | picorv32_core_add_1569_33_Y_add_1552_33_g1134 | CI ^ -> S ^  | ADDFX1    | 0.151 |   2.681 |    3.855 | 
     | picorv32_core_g167917__2883                   | A1N ^ -> Y ^ | OAI2BB1X1 | 0.069 |   2.751 |    3.924 | 
     | picorv32_core_reg_next_pc_reg[26]             | D ^          | DFFHQX1   | 0.000 |   2.751 |    3.924 | 
     +-------------------------------------------------------------------------------------------------------+ 
Path 45: MET Setup Check with Pin picorv32_core_genblk2.pcpi_div_dividend_
reg[26]/CK 
Endpoint:   picorv32_core_genblk2.pcpi_div_dividend_reg[26]/D (^) checked with  
leading edge of 'clk'
Beginpoint: picorv32_core_genblk2.pcpi_div_pcpi_wait_reg/Q    (^) triggered by  
leading edge of 'clk'
Path Groups: {reg2reg}
Analysis View: analysis1
Other End Arrival Time          0.000
- Setup                         0.057
+ Phase Shift                   4.000
- Uncertainty                   0.020
= Required Time                 3.923
- Arrival Time                  2.702
= Slack Time                    1.220
     Clock Rise Edge                 0.000
     + Clock Network Latency (Ideal) 0.000
     = Beginpoint Arrival Time       0.000
     +------------------------------------------------------------------------------------------------------------+ 
     |                      Instance                      |     Arc      |   Cell    | Delay | Arrival | Required | 
     |                                                    |              |           |       |  Time   |   Time   | 
     |----------------------------------------------------+--------------+-----------+-------+---------+----------| 
     | picorv32_core_genblk2.pcpi_div_pcpi_wait_reg       | CK ^         |           |       |   0.000 |    1.220 | 
     | picorv32_core_genblk2.pcpi_div_pcpi_wait_reg       | CK ^ -> Q ^  | DFFHQX1   | 0.185 |   0.185 |    1.405 | 
     | picorv32_core_genblk2.pcpi_div_g2                  | AN ^ -> Y ^  | NOR2BX1   | 0.122 |   0.307 |    1.527 | 
     | picorv32_core_genblk2.pcpi_div_g6879               | A ^ -> Y v   | CLKINVX4  | 0.112 |   0.419 |    1.640 | 
     | picorv32_core_genblk2.pcpi_div_g7703               | S0 v -> Y v  | MX2X1     | 0.122 |   0.542 |    1.762 | 
     | picorv32_core_genblk2.pcpi_div_minus_2475_59_Y_sub | B v -> Y ^   | NAND2BX1  | 0.026 |   0.568 |    1.788 | 
     | _2499_26_g2604                                     |              |           |       |         |          | 
     | picorv32_core_genblk2.pcpi_div_minus_2475_59_Y_sub | A ^ -> Y v   | NAND2X1   | 0.039 |   0.607 |    1.827 | 
     | _2499_26_g2545                                     |              |           |       |         |          | 
     | picorv32_core_genblk2.pcpi_div_minus_2475_59_Y_sub | B v -> Y ^   | NAND2X1   | 0.031 |   0.637 |    1.858 | 
     | _2499_26_g2543                                     |              |           |       |         |          | 
     | picorv32_core_genblk2.pcpi_div_minus_2475_59_Y_sub | B ^ -> Y v   | NAND2X1   | 0.054 |   0.691 |    1.912 | 
     | _2499_26_g2537                                     |              |           |       |         |          | 
     | picorv32_core_genblk2.pcpi_div_minus_2475_59_Y_sub | B v -> Y ^   | NAND2X1   | 0.056 |   0.747 |    1.968 | 
     | _2499_26_g2535                                     |              |           |       |         |          | 
     | picorv32_core_genblk2.pcpi_div_minus_2475_59_Y_sub | B ^ -> Y v   | NAND2X1   | 0.067 |   0.814 |    2.034 | 
     | _2499_26_g2531                                     |              |           |       |         |          | 
     | picorv32_core_genblk2.pcpi_div_minus_2475_59_Y_sub | B v -> Y ^   | NAND2X1   | 0.047 |   0.861 |    2.081 | 
     | _2499_26_g2529                                     |              |           |       |         |          | 
     | picorv32_core_genblk2.pcpi_div_minus_2475_59_Y_sub | B ^ -> Y v   | NAND2X1   | 0.040 |   0.901 |    2.121 | 
     | _2499_26_g2528                                     |              |           |       |         |          | 
     | picorv32_core_genblk2.pcpi_div_minus_2475_59_Y_sub | B v -> Y ^   | NAND2X1   | 0.032 |   0.933 |    2.153 | 
     | _2499_26_g2526                                     |              |           |       |         |          | 
     | picorv32_core_genblk2.pcpi_div_minus_2475_59_Y_sub | A1 ^ -> Y v  | AOI21X1   | 0.062 |   0.995 |    2.215 | 
     | _2499_26_g2524                                     |              |           |       |         |          | 
     | picorv32_core_genblk2.pcpi_div_minus_2475_59_Y_sub | A1 v -> Y ^  | OAI21X1   | 0.060 |   1.054 |    2.275 | 
     | _2499_26_g2522                                     |              |           |       |         |          | 
     | picorv32_core_genblk2.pcpi_div_minus_2475_59_Y_sub | CI ^ -> CO ^ | ADDFX1    | 0.118 |   1.172 |    2.393 | 
     | _2499_26_g2521                                     |              |           |       |         |          | 
     | picorv32_core_genblk2.pcpi_div_minus_2475_59_Y_sub | B ^ -> Y v   | NAND2X1   | 0.050 |   1.223 |    2.443 | 
     | _2499_26_g2520                                     |              |           |       |         |          | 
     | picorv32_core_genblk2.pcpi_div_minus_2475_59_Y_sub | A1 v -> Y ^  | OAI211X1  | 0.066 |   1.288 |    2.509 | 
     | _2499_26_g2517                                     |              |           |       |         |          | 
     | picorv32_core_genblk2.pcpi_div_minus_2475_59_Y_sub | CI ^ -> CO ^ | ADDFX1    | 0.118 |   1.407 |    2.627 | 
     | _2499_26_g2515                                     |              |           |       |         |          | 
     | picorv32_core_genblk2.pcpi_div_minus_2475_59_Y_sub | CI ^ -> CO ^ | ADDFX1    | 0.102 |   1.509 |    2.729 | 
     | _2499_26_g2514                                     |              |           |       |         |          | 
     | picorv32_core_genblk2.pcpi_div_minus_2475_59_Y_sub | CI ^ -> CO ^ | ADDFX1    | 0.102 |   1.611 |    2.832 | 
     | _2499_26_g2513                                     |              |           |       |         |          | 
     | picorv32_core_genblk2.pcpi_div_minus_2475_59_Y_sub | CI ^ -> CO ^ | ADDFX1    | 0.105 |   1.716 |    2.937 | 
     | _2499_26_g2512                                     |              |           |       |         |          | 
     | picorv32_core_genblk2.pcpi_div_minus_2475_59_Y_sub | CI ^ -> CO ^ | ADDFX1    | 0.105 |   1.821 |    3.042 | 
     | _2499_26_g2511                                     |              |           |       |         |          | 
     | picorv32_core_genblk2.pcpi_div_minus_2475_59_Y_sub | CI ^ -> CO ^ | ADDFX1    | 0.110 |   1.931 |    3.152 | 
     | _2499_26_g2510                                     |              |           |       |         |          | 
     | picorv32_core_genblk2.pcpi_div_minus_2475_59_Y_sub | B ^ -> Y v   | NAND2X1   | 0.052 |   1.983 |    3.204 | 
     | _2499_26_g2509                                     |              |           |       |         |          | 
     | picorv32_core_genblk2.pcpi_div_minus_2475_59_Y_sub | B v -> Y ^   | NOR2X1    | 0.058 |   2.041 |    3.261 | 
     | _2499_26_g2507                                     |              |           |       |         |          | 
     | picorv32_core_genblk2.pcpi_div_minus_2475_59_Y_sub | C ^ -> Y v   | NAND3BXL  | 0.158 |   2.199 |    3.419 | 
     | _2499_26_g2505                                     |              |           |       |         |          | 
     | picorv32_core_genblk2.pcpi_div_minus_2475_59_Y_sub | B v -> Y ^   | NOR2X1    | 0.145 |   2.344 |    3.565 | 
     | _2499_26_g2502                                     |              |           |       |         |          | 
     | picorv32_core_genblk2.pcpi_div_minus_2475_59_Y_sub | B ^ -> Y v   | NOR2X1    | 0.079 |   2.423 |    3.644 | 
     | _2499_26_g2497                                     |              |           |       |         |          | 
     | picorv32_core_genblk2.pcpi_div_minus_2475_59_Y_sub | B v -> Y ^   | NOR2X1    | 0.055 |   2.479 |    3.699 | 
     | _2499_26_g2492                                     |              |           |       |         |          | 
     | picorv32_core_genblk2.pcpi_div_minus_2475_59_Y_sub | A1N ^ -> Y ^ | OAI2BB1X1 | 0.079 |   2.558 |    3.778 | 
     | _2499_26_g2481                                     |              |           |       |         |          | 
     | picorv32_core_genblk2.pcpi_div_minus_2475_59_Y_sub | B ^ -> Y ^   | XNOR2X1   | 0.074 |   2.632 |    3.852 | 
     | _2499_26_g2475                                     |              |           |       |         |          | 
     | picorv32_core_genblk2.pcpi_div_g10928              | A1N ^ -> Y ^ | OAI2BB1X1 | 0.070 |   2.702 |    3.923 | 
     | picorv32_core_genblk2.pcpi_div_dividend_reg[26]    | D ^          | DFFHQX1   | 0.000 |   2.702 |    3.923 | 
     +------------------------------------------------------------------------------------------------------------+ 
Path 46: MET Setup Check with Pin picorv32_core_genblk2.pcpi_div_divisor_
reg[57]/CK 
Endpoint:   picorv32_core_genblk2.pcpi_div_divisor_reg[57]/D (^) checked with  
leading edge of 'clk'
Beginpoint: picorv32_core_genblk2.pcpi_div_pcpi_wait_reg/Q   (^) triggered by  
leading edge of 'clk'
Path Groups: {reg2reg}
Analysis View: analysis1
Other End Arrival Time          0.000
- Setup                         0.057
+ Phase Shift                   4.000
- Uncertainty                   0.020
= Required Time                 3.923
- Arrival Time                  2.701
= Slack Time                    1.222
     Clock Rise Edge                 0.000
     + Clock Network Latency (Ideal) 0.000
     = Beginpoint Arrival Time       0.000
     +------------------------------------------------------------------------------------------------------------+ 
     |                      Instance                      |     Arc      |   Cell    | Delay | Arrival | Required | 
     |                                                    |              |           |       |  Time   |   Time   | 
     |----------------------------------------------------+--------------+-----------+-------+---------+----------| 
     | picorv32_core_genblk2.pcpi_div_pcpi_wait_reg       | CK ^         |           |       |   0.000 |    1.222 | 
     | picorv32_core_genblk2.pcpi_div_pcpi_wait_reg       | CK ^ -> Q ^  | DFFHQX1   | 0.185 |   0.185 |    1.407 | 
     | picorv32_core_genblk2.pcpi_div_g2                  | AN ^ -> Y ^  | NOR2BX1   | 0.122 |   0.307 |    1.529 | 
     | picorv32_core_genblk2.pcpi_div_g6879               | A ^ -> Y v   | CLKINVX4  | 0.112 |   0.419 |    1.642 | 
     | picorv32_core_genblk2.pcpi_div_g7703               | S0 v -> Y v  | MX2X1     | 0.122 |   0.541 |    1.764 | 
     | picorv32_core_genblk2.pcpi_div_minus_2475_59_Y_sub | B v -> Y ^   | NAND2BX1  | 0.026 |   0.568 |    1.790 | 
     | _2499_26_g2604                                     |              |           |       |         |          | 
     | picorv32_core_genblk2.pcpi_div_minus_2475_59_Y_sub | A ^ -> Y v   | NAND2X1   | 0.039 |   0.607 |    1.829 | 
     | _2499_26_g2545                                     |              |           |       |         |          | 
     | picorv32_core_genblk2.pcpi_div_minus_2475_59_Y_sub | B v -> Y ^   | NAND2X1   | 0.031 |   0.637 |    1.860 | 
     | _2499_26_g2543                                     |              |           |       |         |          | 
     | picorv32_core_genblk2.pcpi_div_minus_2475_59_Y_sub | B ^ -> Y v   | NAND2X1   | 0.054 |   0.691 |    1.913 | 
     | _2499_26_g2537                                     |              |           |       |         |          | 
     | picorv32_core_genblk2.pcpi_div_minus_2475_59_Y_sub | B v -> Y ^   | NAND2X1   | 0.056 |   0.747 |    1.969 | 
     | _2499_26_g2535                                     |              |           |       |         |          | 
     | picorv32_core_genblk2.pcpi_div_minus_2475_59_Y_sub | B ^ -> Y v   | NAND2X1   | 0.067 |   0.814 |    2.036 | 
     | _2499_26_g2531                                     |              |           |       |         |          | 
     | picorv32_core_genblk2.pcpi_div_minus_2475_59_Y_sub | B v -> Y ^   | NAND2X1   | 0.047 |   0.861 |    2.083 | 
     | _2499_26_g2529                                     |              |           |       |         |          | 
     | picorv32_core_genblk2.pcpi_div_minus_2475_59_Y_sub | B ^ -> Y v   | NAND2X1   | 0.040 |   0.901 |    2.123 | 
     | _2499_26_g2528                                     |              |           |       |         |          | 
     | picorv32_core_genblk2.pcpi_div_minus_2475_59_Y_sub | B v -> Y ^   | NAND2X1   | 0.032 |   0.933 |    2.155 | 
     | _2499_26_g2526                                     |              |           |       |         |          | 
     | picorv32_core_genblk2.pcpi_div_minus_2475_59_Y_sub | A1 ^ -> Y v  | AOI21X1   | 0.062 |   0.995 |    2.217 | 
     | _2499_26_g2524                                     |              |           |       |         |          | 
     | picorv32_core_genblk2.pcpi_div_minus_2475_59_Y_sub | A1 v -> Y ^  | OAI21X1   | 0.060 |   1.054 |    2.276 | 
     | _2499_26_g2522                                     |              |           |       |         |          | 
     | picorv32_core_genblk2.pcpi_div_minus_2475_59_Y_sub | CI ^ -> CO ^ | ADDFX1    | 0.118 |   1.172 |    2.394 | 
     | _2499_26_g2521                                     |              |           |       |         |          | 
     | picorv32_core_genblk2.pcpi_div_minus_2475_59_Y_sub | B ^ -> Y v   | NAND2X1   | 0.050 |   1.223 |    2.445 | 
     | _2499_26_g2520                                     |              |           |       |         |          | 
     | picorv32_core_genblk2.pcpi_div_minus_2475_59_Y_sub | A1 v -> Y ^  | OAI211X1  | 0.066 |   1.288 |    2.511 | 
     | _2499_26_g2517                                     |              |           |       |         |          | 
     | picorv32_core_genblk2.pcpi_div_minus_2475_59_Y_sub | CI ^ -> CO ^ | ADDFX1    | 0.118 |   1.407 |    2.629 | 
     | _2499_26_g2515                                     |              |           |       |         |          | 
     | picorv32_core_genblk2.pcpi_div_minus_2475_59_Y_sub | CI ^ -> CO ^ | ADDFX1    | 0.102 |   1.509 |    2.731 | 
     | _2499_26_g2514                                     |              |           |       |         |          | 
     | picorv32_core_genblk2.pcpi_div_minus_2475_59_Y_sub | CI ^ -> CO ^ | ADDFX1    | 0.102 |   1.611 |    2.834 | 
     | _2499_26_g2513                                     |              |           |       |         |          | 
     | picorv32_core_genblk2.pcpi_div_minus_2475_59_Y_sub | CI ^ -> CO ^ | ADDFX1    | 0.105 |   1.716 |    2.939 | 
     | _2499_26_g2512                                     |              |           |       |         |          | 
     | picorv32_core_genblk2.pcpi_div_minus_2475_59_Y_sub | CI ^ -> CO ^ | ADDFX1    | 0.105 |   1.821 |    3.044 | 
     | _2499_26_g2511                                     |              |           |       |         |          | 
     | picorv32_core_genblk2.pcpi_div_minus_2475_59_Y_sub | CI ^ -> CO ^ | ADDFX1    | 0.110 |   1.931 |    3.153 | 
     | _2499_26_g2510                                     |              |           |       |         |          | 
     | picorv32_core_genblk2.pcpi_div_minus_2475_59_Y_sub | B ^ -> Y v   | NAND2X1   | 0.052 |   1.983 |    3.205 | 
     | _2499_26_g2509                                     |              |           |       |         |          | 
     | picorv32_core_genblk2.pcpi_div_minus_2475_59_Y_sub | B v -> Y ^   | NOR2X1    | 0.058 |   2.041 |    3.263 | 
     | _2499_26_g2507                                     |              |           |       |         |          | 
     | picorv32_core_genblk2.pcpi_div_minus_2475_59_Y_sub | C ^ -> Y v   | NAND3BXL  | 0.158 |   2.199 |    3.421 | 
     | _2499_26_g2505                                     |              |           |       |         |          | 
     | picorv32_core_genblk2.pcpi_div_minus_2475_59_Y_sub | B v -> Y ^   | NOR2X1    | 0.145 |   2.344 |    3.566 | 
     | _2499_26_g2502                                     |              |           |       |         |          | 
     | picorv32_core_genblk2.pcpi_div_minus_2475_59_Y_sub | B ^ -> Y v   | NOR2X1    | 0.079 |   2.423 |    3.646 | 
     | _2499_26_g2497                                     |              |           |       |         |          | 
     | picorv32_core_genblk2.pcpi_div_minus_2475_59_Y_sub | B v -> Y ^   | NOR2X1    | 0.055 |   2.479 |    3.701 | 
     | _2499_26_g2492                                     |              |           |       |         |          | 
     | picorv32_core_genblk2.pcpi_div_minus_2475_59_Y_sub | A1N ^ -> Y ^ | OAI2BB1X1 | 0.079 |   2.558 |    3.780 | 
     | _2499_26_g2481                                     |              |           |       |         |          | 
     | picorv32_core_genblk2.pcpi_div_minus_2475_59_Y_sub | B ^ -> Y ^   | XNOR2X1   | 0.074 |   2.632 |    3.854 | 
     | _2499_26_g2475                                     |              |           |       |         |          | 
     | picorv32_core_genblk2.pcpi_div_g10973              | A1N ^ -> Y ^ | OAI2BB1X1 | 0.069 |   2.701 |    3.923 | 
     | picorv32_core_genblk2.pcpi_div_divisor_reg[57]     | D ^          | DFFHQX1   | 0.000 |   2.701 |    3.923 | 
     +------------------------------------------------------------------------------------------------------------+ 
Path 47: MET Setup Check with Pin picorv32_core_reg_op1_reg[29]/CK 
Endpoint:   picorv32_core_reg_op1_reg[29]/D (^) checked with  leading edge of 
'clk'
Beginpoint: picorv32_core_reg_op1_reg[0]/Q  (v) triggered by  leading edge of 
'clk'
Path Groups: {reg2reg}
Analysis View: analysis1
Other End Arrival Time          0.000
- Setup                         0.058
+ Phase Shift                   4.000
- Uncertainty                   0.020
= Required Time                 3.922
- Arrival Time                  2.679
= Slack Time                    1.244
     Clock Rise Edge                 0.000
     + Clock Network Latency (Ideal) 0.000
     = Beginpoint Arrival Time       0.000
     +-----------------------------------------------------------------------------------------+ 
     |            Instance             |     Arc      |   Cell    | Delay | Arrival | Required | 
     |                                 |              |           |       |  Time   |   Time   | 
     |---------------------------------+--------------+-----------+-------+---------+----------| 
     | picorv32_core_reg_op1_reg[0]    | CK ^         |           |       |   0.000 |    1.244 | 
     | picorv32_core_reg_op1_reg[0]    | CK ^ -> Q v  | DFFHQX1   | 0.125 |   0.125 |    1.369 | 
     | FE_OFC461_FE_OFN223_pcpi_rs1_0  | A v -> Y v   | BUFX2     | 0.109 |   0.234 |    1.478 | 
     | FE_OFC223_pcpi_rs1_0            | A v -> Y v   | BUFX2     | 0.182 |   0.416 |    1.660 | 
     | g175525                         | B v -> CO v  | ADDHX1    | 0.097 |   0.514 |    1.757 | 
     | picorv32_core_add_1869_26_g1172 | CI v -> CO v | ADDFX1    | 0.100 |   0.614 |    1.857 | 
     | picorv32_core_add_1869_26_g1170 | CI v -> CO v | ADDFX1    | 0.105 |   0.719 |    1.963 | 
     | picorv32_core_add_1869_26_g1169 | CI v -> CO v | ADDFX1    | 0.105 |   0.824 |    2.068 | 
     | picorv32_core_add_1869_26_g1168 | A v -> Y ^   | INVX1     | 0.029 |   0.854 |    2.097 | 
     | picorv32_core_add_1869_26_g1166 | A1 ^ -> Y v  | OAI221X1  | 0.100 |   0.953 |    2.197 | 
     | picorv32_core_add_1869_26_g1163 | CI v -> CO v | ADDFX1    | 0.132 |   1.085 |    2.329 | 
     | picorv32_core_add_1869_26_g1162 | CI v -> CO v | ADDFX1    | 0.144 |   1.229 |    2.473 | 
     | picorv32_core_add_1869_26_g1159 | B0 v -> Y ^  | AOI221X1  | 0.132 |   1.361 |    2.605 | 
     | picorv32_core_add_1869_26_g1156 | B ^ -> Y v   | NOR2X1    | 0.073 |   1.434 |    2.678 | 
     | picorv32_core_add_1869_26_g1153 | BN v -> Y v  | NOR4BBX1  | 0.056 |   1.490 |    2.734 | 
     | picorv32_core_add_1869_26_g1150 | C v -> Y v   | OR3X1     | 0.106 |   1.597 |    2.840 | 
     | picorv32_core_add_1869_26_g1142 | B1 v -> Y ^  | AOI221X1  | 0.135 |   1.731 |    2.975 | 
     | picorv32_core_add_1869_26_g1138 | B ^ -> Y v   | NOR2X1    | 0.099 |   1.830 |    3.074 | 
     | picorv32_core_add_1869_26_g1134 | BN v -> Y v  | NOR4BBX1  | 0.061 |   1.891 |    3.134 | 
     | picorv32_core_add_1869_26_g1131 | B v -> Y ^   | NOR2X1    | 0.081 |   1.971 |    3.215 | 
     | picorv32_core_add_1869_26_g1127 | C ^ -> Y ^   | OR3X1     | 0.076 |   2.047 |    3.291 | 
     | picorv32_core_add_1869_26_g1123 | C0 ^ -> Y v  | OAI211X1  | 0.076 |   2.123 |    3.367 | 
     | picorv32_core_add_1869_26_g1118 | CI v -> CO v | ADDFX1    | 0.125 |   2.248 |    3.491 | 
     | picorv32_core_add_1869_26_g1117 | CI v -> CO v | ADDFX1    | 0.101 |   2.349 |    3.593 | 
     | picorv32_core_add_1869_26_g1116 | CI v -> CO v | ADDFX1    | 0.100 |   2.449 |    3.692 | 
     | picorv32_core_add_1869_26_g1115 | CI v -> S ^  | ADDFX1    | 0.159 |   2.608 |    3.852 | 
     | picorv32_core_g168025__2802     | A1N ^ -> Y ^ | OAI2BB1X1 | 0.070 |   2.679 |    3.922 | 
     | picorv32_core_reg_op1_reg[29]   | D ^          | DFFHQX1   | 0.000 |   2.679 |    3.922 | 
     +-----------------------------------------------------------------------------------------+ 
Path 48: MET Setup Check with Pin picorv32_core_genblk2.pcpi_div_dividend_
reg[25]/CK 
Endpoint:   picorv32_core_genblk2.pcpi_div_dividend_reg[25]/D (^) checked with  
leading edge of 'clk'
Beginpoint: picorv32_core_genblk2.pcpi_div_pcpi_wait_reg/Q    (^) triggered by  
leading edge of 'clk'
Path Groups: {reg2reg}
Analysis View: analysis1
Other End Arrival Time          0.000
- Setup                         0.058
+ Phase Shift                   4.000
- Uncertainty                   0.020
= Required Time                 3.922
- Arrival Time                  2.678
= Slack Time                    1.245
     Clock Rise Edge                 0.000
     + Clock Network Latency (Ideal) 0.000
     = Beginpoint Arrival Time       0.000
     +------------------------------------------------------------------------------------------------------------+ 
     |                      Instance                      |     Arc      |   Cell    | Delay | Arrival | Required | 
     |                                                    |              |           |       |  Time   |   Time   | 
     |----------------------------------------------------+--------------+-----------+-------+---------+----------| 
     | picorv32_core_genblk2.pcpi_div_pcpi_wait_reg       | CK ^         |           |       |   0.000 |    1.245 | 
     | picorv32_core_genblk2.pcpi_div_pcpi_wait_reg       | CK ^ -> Q ^  | DFFHQX1   | 0.185 |   0.185 |    1.430 | 
     | picorv32_core_genblk2.pcpi_div_g2                  | AN ^ -> Y ^  | NOR2BX1   | 0.122 |   0.307 |    1.552 | 
     | picorv32_core_genblk2.pcpi_div_g6879               | A ^ -> Y v   | CLKINVX4  | 0.112 |   0.419 |    1.664 | 
     | picorv32_core_genblk2.pcpi_div_g7703               | S0 v -> Y v  | MX2X1     | 0.122 |   0.542 |    1.786 | 
     | picorv32_core_genblk2.pcpi_div_minus_2475_59_Y_sub | B v -> Y ^   | NAND2BX1  | 0.026 |   0.568 |    1.812 | 
     | _2499_26_g2604                                     |              |           |       |         |          | 
     | picorv32_core_genblk2.pcpi_div_minus_2475_59_Y_sub | A ^ -> Y v   | NAND2X1   | 0.039 |   0.607 |    1.851 | 
     | _2499_26_g2545                                     |              |           |       |         |          | 
     | picorv32_core_genblk2.pcpi_div_minus_2475_59_Y_sub | B v -> Y ^   | NAND2X1   | 0.031 |   0.637 |    1.882 | 
     | _2499_26_g2543                                     |              |           |       |         |          | 
     | picorv32_core_genblk2.pcpi_div_minus_2475_59_Y_sub | B ^ -> Y v   | NAND2X1   | 0.054 |   0.691 |    1.936 | 
     | _2499_26_g2537                                     |              |           |       |         |          | 
     | picorv32_core_genblk2.pcpi_div_minus_2475_59_Y_sub | B v -> Y ^   | NAND2X1   | 0.056 |   0.747 |    1.992 | 
     | _2499_26_g2535                                     |              |           |       |         |          | 
     | picorv32_core_genblk2.pcpi_div_minus_2475_59_Y_sub | B ^ -> Y v   | NAND2X1   | 0.067 |   0.814 |    2.059 | 
     | _2499_26_g2531                                     |              |           |       |         |          | 
     | picorv32_core_genblk2.pcpi_div_minus_2475_59_Y_sub | B v -> Y ^   | NAND2X1   | 0.047 |   0.861 |    2.106 | 
     | _2499_26_g2529                                     |              |           |       |         |          | 
     | picorv32_core_genblk2.pcpi_div_minus_2475_59_Y_sub | B ^ -> Y v   | NAND2X1   | 0.040 |   0.901 |    2.145 | 
     | _2499_26_g2528                                     |              |           |       |         |          | 
     | picorv32_core_genblk2.pcpi_div_minus_2475_59_Y_sub | B v -> Y ^   | NAND2X1   | 0.032 |   0.933 |    2.178 | 
     | _2499_26_g2526                                     |              |           |       |         |          | 
     | picorv32_core_genblk2.pcpi_div_minus_2475_59_Y_sub | A1 ^ -> Y v  | AOI21X1   | 0.062 |   0.995 |    2.239 | 
     | _2499_26_g2524                                     |              |           |       |         |          | 
     | picorv32_core_genblk2.pcpi_div_minus_2475_59_Y_sub | A1 v -> Y ^  | OAI21X1   | 0.060 |   1.054 |    2.299 | 
     | _2499_26_g2522                                     |              |           |       |         |          | 
     | picorv32_core_genblk2.pcpi_div_minus_2475_59_Y_sub | CI ^ -> CO ^ | ADDFX1    | 0.118 |   1.172 |    2.417 | 
     | _2499_26_g2521                                     |              |           |       |         |          | 
     | picorv32_core_genblk2.pcpi_div_minus_2475_59_Y_sub | B ^ -> Y v   | NAND2X1   | 0.050 |   1.223 |    2.467 | 
     | _2499_26_g2520                                     |              |           |       |         |          | 
     | picorv32_core_genblk2.pcpi_div_minus_2475_59_Y_sub | A1 v -> Y ^  | OAI211X1  | 0.066 |   1.288 |    2.533 | 
     | _2499_26_g2517                                     |              |           |       |         |          | 
     | picorv32_core_genblk2.pcpi_div_minus_2475_59_Y_sub | CI ^ -> CO ^ | ADDFX1    | 0.118 |   1.407 |    2.651 | 
     | _2499_26_g2515                                     |              |           |       |         |          | 
     | picorv32_core_genblk2.pcpi_div_minus_2475_59_Y_sub | CI ^ -> CO ^ | ADDFX1    | 0.102 |   1.509 |    2.754 | 
     | _2499_26_g2514                                     |              |           |       |         |          | 
     | picorv32_core_genblk2.pcpi_div_minus_2475_59_Y_sub | CI ^ -> CO ^ | ADDFX1    | 0.102 |   1.611 |    2.856 | 
     | _2499_26_g2513                                     |              |           |       |         |          | 
     | picorv32_core_genblk2.pcpi_div_minus_2475_59_Y_sub | CI ^ -> CO ^ | ADDFX1    | 0.105 |   1.716 |    2.961 | 
     | _2499_26_g2512                                     |              |           |       |         |          | 
     | picorv32_core_genblk2.pcpi_div_minus_2475_59_Y_sub | CI ^ -> CO ^ | ADDFX1    | 0.105 |   1.821 |    3.066 | 
     | _2499_26_g2511                                     |              |           |       |         |          | 
     | picorv32_core_genblk2.pcpi_div_minus_2475_59_Y_sub | CI ^ -> CO ^ | ADDFX1    | 0.110 |   1.931 |    3.176 | 
     | _2499_26_g2510                                     |              |           |       |         |          | 
     | picorv32_core_genblk2.pcpi_div_minus_2475_59_Y_sub | B ^ -> Y v   | NAND2X1   | 0.052 |   1.983 |    3.228 | 
     | _2499_26_g2509                                     |              |           |       |         |          | 
     | picorv32_core_genblk2.pcpi_div_minus_2475_59_Y_sub | B v -> Y ^   | NOR2X1    | 0.058 |   2.041 |    3.285 | 
     | _2499_26_g2507                                     |              |           |       |         |          | 
     | picorv32_core_genblk2.pcpi_div_minus_2475_59_Y_sub | C ^ -> Y v   | NAND3BXL  | 0.158 |   2.199 |    3.444 | 
     | _2499_26_g2505                                     |              |           |       |         |          | 
     | picorv32_core_genblk2.pcpi_div_minus_2475_59_Y_sub | B v -> Y ^   | NOR2X1    | 0.145 |   2.344 |    3.589 | 
     | _2499_26_g2502                                     |              |           |       |         |          | 
     | picorv32_core_genblk2.pcpi_div_minus_2475_59_Y_sub | B ^ -> Y v   | NOR2X1    | 0.079 |   2.423 |    3.668 | 
     | _2499_26_g2497                                     |              |           |       |         |          | 
     | picorv32_core_genblk2.pcpi_div_minus_2475_59_Y_sub | B v -> Y ^   | NOR2X1    | 0.055 |   2.479 |    3.723 | 
     | _2499_26_g2492                                     |              |           |       |         |          | 
     | picorv32_core_genblk2.pcpi_div_minus_2475_59_Y_sub | B ^ -> Y v   | NOR2X1    | 0.034 |   2.513 |    3.757 | 
     | _2499_26_g2486                                     |              |           |       |         |          | 
     | picorv32_core_genblk2.pcpi_div_minus_2475_59_Y_sub | B v -> Y ^   | XNOR2X1   | 0.095 |   2.608 |    3.852 | 
     | _2499_26_g2479                                     |              |           |       |         |          | 
     | picorv32_core_genblk2.pcpi_div_g10985              | A1N ^ -> Y ^ | OAI2BB1X1 | 0.070 |   2.678 |    3.922 | 
     | picorv32_core_genblk2.pcpi_div_dividend_reg[25]    | D ^          | DFFHQX1   | 0.000 |   2.678 |    3.922 | 
     +------------------------------------------------------------------------------------------------------------+ 
Path 49: MET Setup Check with Pin picorv32_core_genblk1.pcpi_mul_rd_reg[31]/CK 
Endpoint:   picorv32_core_genblk1.pcpi_mul_rd_reg[31]/D  (^) checked with  
leading edge of 'clk'
Beginpoint: picorv32_core_genblk1.pcpi_mul_rs2_reg[1]/QN (^) triggered by  
leading edge of 'clk'
Path Groups: {reg2reg}
Analysis View: analysis1
Other End Arrival Time          0.000
- Setup                         0.091
+ Phase Shift                   4.000
- Uncertainty                   0.020
= Required Time                 3.889
- Arrival Time                  2.643
= Slack Time                    1.245
     Clock Rise Edge                 0.000
     + Clock Network Latency (Ideal) 0.000
     = Beginpoint Arrival Time       0.000
     +------------------------------------------------------------------------------------------------------------+ 
     |                      Instance                      |     Arc      |   Cell    | Delay | Arrival | Required | 
     |                                                    |              |           |       |  Time   |   Time   | 
     |----------------------------------------------------+--------------+-----------+-------+---------+----------| 
     | picorv32_core_genblk1.pcpi_mul_rs2_reg[1]          | CK ^         |           |       |   0.000 |    1.245 | 
     | picorv32_core_genblk1.pcpi_mul_rs2_reg[1]          | CK ^ -> QN ^ | EDFFX2    | 0.179 |   0.179 |    1.424 | 
     | g175521                                            | A1 ^ -> Y ^  | OA22X2    | 0.203 |   0.382 |    1.627 | 
     | picorv32_core_genblk1.pcpi_mul_mul_2371_47_g13589  | A ^ -> Y ^   | AND2X1    | 0.134 |   0.516 |    1.761 | 
     | picorv32_core_genblk1.pcpi_mul_mul_2371_47_g13550  | A ^ -> Y v   | INVX2     | 0.114 |   0.630 |    1.875 | 
     | picorv32_core_genblk1.pcpi_mul_mul_2371_47_g13479  | A1 v -> Y ^  | OAI22X1   | 0.120 |   0.750 |    1.995 | 
     | picorv32_core_genblk1.pcpi_mul_mul_2371_47_cdnfadd | B ^ -> S v   | ADDFX1    | 0.197 |   0.947 |    2.192 | 
     | _004_0                                             |              |           |       |         |          | 
     | picorv32_core_genblk1.pcpi_mul_mul_2371_47_g12959  | B v -> Y ^   | NOR2X1    | 0.044 |   0.991 |    2.236 | 
     | picorv32_core_genblk1.pcpi_mul_mul_2371_47_g12953  | A0 ^ -> Y v  | OAI21X1   | 0.066 |   1.057 |    2.302 | 
     | picorv32_core_genblk1.pcpi_mul_mul_2371_47_g12949  | A v -> Y ^   | INVX1     | 0.033 |   1.090 |    2.336 | 
     | picorv32_core_genblk1.pcpi_mul_mul_2371_47_g12948  | A1 ^ -> Y v  | OAI21X1   | 0.049 |   1.140 |    2.385 | 
     | picorv32_core_genblk1.pcpi_mul_mul_2371_47_g12935  | CI v -> CO v | ADDFX1    | 0.113 |   1.252 |    2.498 | 
     | picorv32_core_genblk1.pcpi_mul_mul_2371_47_g14505  | AN v -> Y v  | NOR2BX1   | 0.045 |   1.297 |    2.543 | 
     | picorv32_core_genblk1.pcpi_mul_mul_2371_47_g12932  | B v -> Y ^   | NOR2X1    | 0.039 |   1.337 |    2.582 | 
     | picorv32_core_genblk1.pcpi_mul_mul_2371_47_g12910  | B ^ -> Y v   | NOR2X1    | 0.038 |   1.374 |    2.620 | 
     | picorv32_core_genblk1.pcpi_mul_mul_2371_47_g12906  | A1 v -> Y ^  | AOI21X1   | 0.050 |   1.424 |    2.669 | 
     | picorv32_core_genblk1.pcpi_mul_mul_2371_47_g14478  | A1N ^ -> Y ^ | AOI2BB1X1 | 0.075 |   1.498 |    2.744 | 
     | picorv32_core_genblk1.pcpi_mul_mul_2371_47_g12892  | A1 ^ -> Y v  | OAI21X1   | 0.068 |   1.567 |    2.812 | 
     | picorv32_core_genblk1.pcpi_mul_mul_2371_47_g12857  | B v -> Y ^   | NAND2X1   | 0.043 |   1.610 |    2.855 | 
     | picorv32_core_genblk1.pcpi_mul_mul_2371_47_g12852  | B ^ -> Y v   | NOR2X1    | 0.028 |   1.638 |    2.884 | 
     | picorv32_core_genblk1.pcpi_mul_mul_2371_47_g12843  | A1 v -> Y ^  | OAI21X1   | 0.044 |   1.683 |    2.928 | 
     | picorv32_core_genblk1.pcpi_mul_mul_2371_47_g12833  | A1 ^ -> Y v  | AOI21X1   | 0.061 |   1.744 |    2.989 | 
     | picorv32_core_genblk1.pcpi_mul_mul_2371_47_g12818  | B v -> Y ^   | NOR2X1    | 0.077 |   1.821 |    3.067 | 
     | picorv32_core_genblk1.pcpi_mul_mul_2371_47_g12780  | B ^ -> Y v   | NOR2X1    | 0.055 |   1.876 |    3.121 | 
     | picorv32_core_genblk1.pcpi_mul_mul_2371_47_g12775  | B v -> Y ^   | NOR2X1    | 0.068 |   1.944 |    3.190 | 
     | picorv32_core_genblk1.pcpi_mul_mul_2371_47_g12693  | B ^ -> Y v   | NOR2X1    | 0.056 |   2.001 |    3.246 | 
     | picorv32_core_genblk1.pcpi_mul_mul_2371_47_g12660  | C v -> Y ^   | NOR3X1    | 0.063 |   2.064 |    3.310 | 
     | picorv32_core_genblk1.pcpi_mul_mul_2371_47_g14491  | AN ^ -> Y ^  | NAND2BX1  | 0.068 |   2.132 |    3.378 | 
     | picorv32_core_genblk1.pcpi_mul_mul_2371_47_g12651  | B ^ -> Y v   | NOR2X1    | 0.027 |   2.159 |    3.405 | 
     | picorv32_core_genblk1.pcpi_mul_mul_2371_47_g12640  | A1 v -> Y ^  | OAI21X1   | 0.045 |   2.204 |    3.449 | 
     | picorv32_core_genblk1.pcpi_mul_mul_2371_47_g12630  | B ^ -> Y v   | NAND2X1   | 0.048 |   2.252 |    3.497 | 
     | picorv32_core_genblk1.pcpi_mul_mul_2371_47_g12614  | A1 v -> Y ^  | AOI21X1   | 0.057 |   2.309 |    3.554 | 
     | picorv32_core_genblk1.pcpi_mul_mul_2371_47_g12611  | B ^ -> Y v   | NOR2X1    | 0.039 |   2.348 |    3.594 | 
     | picorv32_core_genblk1.pcpi_mul_mul_2371_47_g12608  | B v -> Y v   | AND2X1    | 0.050 |   2.398 |    3.644 | 
     | picorv32_core_genblk1.pcpi_mul_mul_2371_47_g12605  | B v -> Y ^   | NOR2X1    | 0.034 |   2.432 |    3.678 | 
     | picorv32_core_genblk1.pcpi_mul_mul_2371_47_g12600  | A1 ^ -> Y ^  | OA21X1    | 0.082 |   2.515 |    3.760 | 
     | picorv32_core_genblk1.pcpi_mul_mul_2371_47_g12598  | B ^ -> Y ^   | XNOR2X1   | 0.127 |   2.642 |    3.887 | 
     | picorv32_core_genblk1.pcpi_mul_rd_reg[31]          | D ^          | DFFHQX1   | 0.001 |   2.643 |    3.889 | 
     +------------------------------------------------------------------------------------------------------------+ 
Path 50: MET Setup Check with Pin picorv32_core_genblk2.pcpi_div_divisor_
reg[56]/CK 
Endpoint:   picorv32_core_genblk2.pcpi_div_divisor_reg[56]/D (^) checked with  
leading edge of 'clk'
Beginpoint: picorv32_core_genblk2.pcpi_div_pcpi_wait_reg/Q   (^) triggered by  
leading edge of 'clk'
Path Groups: {reg2reg}
Analysis View: analysis1
Other End Arrival Time          0.000
- Setup                         0.057
+ Phase Shift                   4.000
- Uncertainty                   0.020
= Required Time                 3.923
- Arrival Time                  2.676
= Slack Time                    1.247
     Clock Rise Edge                 0.000
     + Clock Network Latency (Ideal) 0.000
     = Beginpoint Arrival Time       0.000
     +------------------------------------------------------------------------------------------------------------+ 
     |                      Instance                      |     Arc      |   Cell    | Delay | Arrival | Required | 
     |                                                    |              |           |       |  Time   |   Time   | 
     |----------------------------------------------------+--------------+-----------+-------+---------+----------| 
     | picorv32_core_genblk2.pcpi_div_pcpi_wait_reg       | CK ^         |           |       |   0.000 |    1.247 | 
     | picorv32_core_genblk2.pcpi_div_pcpi_wait_reg       | CK ^ -> Q ^  | DFFHQX1   | 0.185 |   0.185 |    1.432 | 
     | picorv32_core_genblk2.pcpi_div_g2                  | AN ^ -> Y ^  | NOR2BX1   | 0.122 |   0.307 |    1.554 | 
     | picorv32_core_genblk2.pcpi_div_g6879               | A ^ -> Y v   | CLKINVX4  | 0.112 |   0.419 |    1.666 | 
     | picorv32_core_genblk2.pcpi_div_g7703               | S0 v -> Y v  | MX2X1     | 0.122 |   0.542 |    1.788 | 
     | picorv32_core_genblk2.pcpi_div_minus_2475_59_Y_sub | B v -> Y ^   | NAND2BX1  | 0.026 |   0.568 |    1.815 | 
     | _2499_26_g2604                                     |              |           |       |         |          | 
     | picorv32_core_genblk2.pcpi_div_minus_2475_59_Y_sub | A ^ -> Y v   | NAND2X1   | 0.039 |   0.607 |    1.854 | 
     | _2499_26_g2545                                     |              |           |       |         |          | 
     | picorv32_core_genblk2.pcpi_div_minus_2475_59_Y_sub | B v -> Y ^   | NAND2X1   | 0.031 |   0.637 |    1.884 | 
     | _2499_26_g2543                                     |              |           |       |         |          | 
     | picorv32_core_genblk2.pcpi_div_minus_2475_59_Y_sub | B ^ -> Y v   | NAND2X1   | 0.054 |   0.691 |    1.938 | 
     | _2499_26_g2537                                     |              |           |       |         |          | 
     | picorv32_core_genblk2.pcpi_div_minus_2475_59_Y_sub | B v -> Y ^   | NAND2X1   | 0.056 |   0.747 |    1.994 | 
     | _2499_26_g2535                                     |              |           |       |         |          | 
     | picorv32_core_genblk2.pcpi_div_minus_2475_59_Y_sub | B ^ -> Y v   | NAND2X1   | 0.067 |   0.814 |    2.061 | 
     | _2499_26_g2531                                     |              |           |       |         |          | 
     | picorv32_core_genblk2.pcpi_div_minus_2475_59_Y_sub | B v -> Y ^   | NAND2X1   | 0.047 |   0.861 |    2.108 | 
     | _2499_26_g2529                                     |              |           |       |         |          | 
     | picorv32_core_genblk2.pcpi_div_minus_2475_59_Y_sub | B ^ -> Y v   | NAND2X1   | 0.040 |   0.901 |    2.148 | 
     | _2499_26_g2528                                     |              |           |       |         |          | 
     | picorv32_core_genblk2.pcpi_div_minus_2475_59_Y_sub | B v -> Y ^   | NAND2X1   | 0.032 |   0.933 |    2.180 | 
     | _2499_26_g2526                                     |              |           |       |         |          | 
     | picorv32_core_genblk2.pcpi_div_minus_2475_59_Y_sub | A1 ^ -> Y v  | AOI21X1   | 0.062 |   0.995 |    2.242 | 
     | _2499_26_g2524                                     |              |           |       |         |          | 
     | picorv32_core_genblk2.pcpi_div_minus_2475_59_Y_sub | A1 v -> Y ^  | OAI21X1   | 0.060 |   1.054 |    2.301 | 
     | _2499_26_g2522                                     |              |           |       |         |          | 
     | picorv32_core_genblk2.pcpi_div_minus_2475_59_Y_sub | CI ^ -> CO ^ | ADDFX1    | 0.118 |   1.172 |    2.419 | 
     | _2499_26_g2521                                     |              |           |       |         |          | 
     | picorv32_core_genblk2.pcpi_div_minus_2475_59_Y_sub | B ^ -> Y v   | NAND2X1   | 0.050 |   1.223 |    2.470 | 
     | _2499_26_g2520                                     |              |           |       |         |          | 
     | picorv32_core_genblk2.pcpi_div_minus_2475_59_Y_sub | A1 v -> Y ^  | OAI211X1  | 0.066 |   1.288 |    2.535 | 
     | _2499_26_g2517                                     |              |           |       |         |          | 
     | picorv32_core_genblk2.pcpi_div_minus_2475_59_Y_sub | CI ^ -> CO ^ | ADDFX1    | 0.118 |   1.407 |    2.654 | 
     | _2499_26_g2515                                     |              |           |       |         |          | 
     | picorv32_core_genblk2.pcpi_div_minus_2475_59_Y_sub | CI ^ -> CO ^ | ADDFX1    | 0.102 |   1.509 |    2.756 | 
     | _2499_26_g2514                                     |              |           |       |         |          | 
     | picorv32_core_genblk2.pcpi_div_minus_2475_59_Y_sub | CI ^ -> CO ^ | ADDFX1    | 0.102 |   1.611 |    2.858 | 
     | _2499_26_g2513                                     |              |           |       |         |          | 
     | picorv32_core_genblk2.pcpi_div_minus_2475_59_Y_sub | CI ^ -> CO ^ | ADDFX1    | 0.105 |   1.716 |    2.963 | 
     | _2499_26_g2512                                     |              |           |       |         |          | 
     | picorv32_core_genblk2.pcpi_div_minus_2475_59_Y_sub | CI ^ -> CO ^ | ADDFX1    | 0.105 |   1.821 |    3.068 | 
     | _2499_26_g2511                                     |              |           |       |         |          | 
     | picorv32_core_genblk2.pcpi_div_minus_2475_59_Y_sub | CI ^ -> CO ^ | ADDFX1    | 0.110 |   1.931 |    3.178 | 
     | _2499_26_g2510                                     |              |           |       |         |          | 
     | picorv32_core_genblk2.pcpi_div_minus_2475_59_Y_sub | B ^ -> Y v   | NAND2X1   | 0.052 |   1.983 |    3.230 | 
     | _2499_26_g2509                                     |              |           |       |         |          | 
     | picorv32_core_genblk2.pcpi_div_minus_2475_59_Y_sub | B v -> Y ^   | NOR2X1    | 0.058 |   2.041 |    3.288 | 
     | _2499_26_g2507                                     |              |           |       |         |          | 
     | picorv32_core_genblk2.pcpi_div_minus_2475_59_Y_sub | C ^ -> Y v   | NAND3BXL  | 0.158 |   2.199 |    3.446 | 
     | _2499_26_g2505                                     |              |           |       |         |          | 
     | picorv32_core_genblk2.pcpi_div_minus_2475_59_Y_sub | B v -> Y ^   | NOR2X1    | 0.145 |   2.344 |    3.591 | 
     | _2499_26_g2502                                     |              |           |       |         |          | 
     | picorv32_core_genblk2.pcpi_div_minus_2475_59_Y_sub | B ^ -> Y v   | NOR2X1    | 0.079 |   2.423 |    3.670 | 
     | _2499_26_g2497                                     |              |           |       |         |          | 
     | picorv32_core_genblk2.pcpi_div_minus_2475_59_Y_sub | B v -> Y ^   | NOR2X1    | 0.055 |   2.479 |    3.726 | 
     | _2499_26_g2492                                     |              |           |       |         |          | 
     | picorv32_core_genblk2.pcpi_div_minus_2475_59_Y_sub | B ^ -> Y v   | NOR2X1    | 0.034 |   2.513 |    3.760 | 
     | _2499_26_g2486                                     |              |           |       |         |          | 
     | picorv32_core_genblk2.pcpi_div_minus_2475_59_Y_sub | B v -> Y ^   | XNOR2X1   | 0.095 |   2.608 |    3.855 | 
     | _2499_26_g2479                                     |              |           |       |         |          | 
     | picorv32_core_genblk2.pcpi_div_g10972              | A1N ^ -> Y ^ | OAI2BB1X1 | 0.069 |   2.676 |    3.923 | 
     | picorv32_core_genblk2.pcpi_div_divisor_reg[56]     | D ^          | DFFHQX1   | 0.000 |   2.676 |    3.923 | 
     +------------------------------------------------------------------------------------------------------------+ 

