###############################################################
#  Generated by:      Cadence Innovus 21.35-s114_1
#  OS:                Linux x86_64(Host ID cn89.it.auth.gr)
#  Generated on:      Thu Nov 27 15:50:55 2025
#  Design:            picorv32_wb
#  Command:           report_timing -path_group in2reg  -check_type setup -max_paths 50 > reports/preCTS/setup_in2reg.rpt
###############################################################
Path 1: MET Setup Check with Pin picorv32_core_reg_op2_reg[31]/CK 
Endpoint:   picorv32_core_reg_op2_reg[31]/D (v) checked with  leading edge of 
'clk'
Beginpoint: wb_rst_i                        (^) triggered by  leading edge of 
'clk'
Path Groups: {in2reg}
Analysis View: analysis1
Other End Arrival Time          0.000
- Setup                         0.017
+ Phase Shift                   4.000
- Uncertainty                   0.020
= Required Time                 3.963
- Arrival Time                  1.397
= Slack Time                    2.566
     Clock Rise Edge                      0.000
     + Input Delay                        0.500
     + Drive Adjustment                   0.069
     = Beginpoint Arrival Time            0.569
     +--------------------------------------------------------------------------------------+ 
     |           Instance            |     Arc     |   Cell    | Delay | Arrival | Required | 
     |                               |             |           |       |  Time   |   Time   | 
     |-------------------------------+-------------+-----------+-------+---------+----------| 
     |                               | wb_rst_i ^  |           |       |   0.569 |    3.135 | 
     | FE_OFC2_wb_rst_i              | A ^ -> Y ^  | BUFX2     | 0.111 |   0.680 |    3.247 | 
     | g490                          | A ^ -> Y v  | INVX2     | 0.105 |   0.786 |    3.352 | 
     | picorv32_core_g195312         | B v -> Y ^  | NAND2X1   | 0.043 |   0.829 |    3.395 | 
     | picorv32_core_g194880         | B0 ^ -> Y v | OAI2BB1X1 | 0.078 |   0.907 |    3.473 | 
     | picorv32_core_g194523         | AN v -> Y v | NOR2BX1   | 0.038 |   0.945 |    3.511 | 
     | picorv32_core_g193998         | B v -> Y v  | AND2X1    | 0.093 |   1.038 |    3.604 | 
     | picorv32_core_g193355         | B1 v -> Y ^ | AOI22X1   | 0.052 |   1.091 |    3.657 | 
     | picorv32_core_g192241         | C ^ -> Y v  | NAND4XL   | 0.060 |   1.151 |    3.717 | 
     | picorv32_core_g191455__7482   | B0 v -> Y ^ | AOI211XL  | 0.041 |   1.192 |    3.758 | 
     | picorv32_core_g190744__5477   | D ^ -> Y v  | NAND4XL   | 0.076 |   1.268 |    3.834 | 
     | picorv32_core_g190702__7098   | B0 v -> Y ^ | AOI21X1   | 0.039 |   1.307 |    3.873 | 
     | picorv32_core_g190547__3680   | D ^ -> Y v  | NAND4XL   | 0.090 |   1.397 |    3.963 | 
     | picorv32_core_reg_op2_reg[31] | D v         | DFFHQX1   | 0.000 |   1.397 |    3.963 | 
     +--------------------------------------------------------------------------------------+ 
Path 2: MET Setup Check with Pin picorv32_core_reg_op2_reg[15]/CK 
Endpoint:   picorv32_core_reg_op2_reg[15]/D (v) checked with  leading edge of 
'clk'
Beginpoint: wb_rst_i                        (^) triggered by  leading edge of 
'clk'
Path Groups: {in2reg}
Analysis View: analysis1
Other End Arrival Time          0.000
- Setup                         0.016
+ Phase Shift                   4.000
- Uncertainty                   0.020
= Required Time                 3.964
- Arrival Time                  1.366
= Slack Time                    2.598
     Clock Rise Edge                      0.000
     + Input Delay                        0.500
     + Drive Adjustment                   0.069
     = Beginpoint Arrival Time            0.569
     +--------------------------------------------------------------------------------------+ 
     |           Instance            |     Arc     |   Cell    | Delay | Arrival | Required | 
     |                               |             |           |       |  Time   |   Time   | 
     |-------------------------------+-------------+-----------+-------+---------+----------| 
     |                               | wb_rst_i ^  |           |       |   0.569 |    3.168 | 
     | FE_OFC2_wb_rst_i              | A ^ -> Y ^  | BUFX2     | 0.111 |   0.680 |    3.279 | 
     | g490                          | A ^ -> Y v  | INVX2     | 0.105 |   0.786 |    3.384 | 
     | picorv32_core_g195312         | B v -> Y ^  | NAND2X1   | 0.043 |   0.829 |    3.427 | 
     | picorv32_core_g194880         | B0 ^ -> Y v | OAI2BB1X1 | 0.078 |   0.907 |    3.505 | 
     | picorv32_core_g194523         | AN v -> Y v | NOR2BX1   | 0.038 |   0.945 |    3.543 | 
     | picorv32_core_g193991         | B v -> Y v  | AND2X1    | 0.094 |   1.039 |    3.637 | 
     | picorv32_core_g193191         | A1 v -> Y ^ | AOI22X1   | 0.048 |   1.087 |    3.685 | 
     | picorv32_core_g192227         | B ^ -> Y v  | NAND4XL   | 0.059 |   1.146 |    3.744 | 
     | picorv32_core_g191439__5107   | B0 v -> Y ^ | AOI211XL  | 0.046 |   1.192 |    3.790 | 
     | picorv32_core_g190728__5122   | D ^ -> Y v  | NAND4XL   | 0.058 |   1.249 |    3.847 | 
     | picorv32_core_g190686__7410   | B0 v -> Y ^ | AOI21X1   | 0.034 |   1.283 |    3.881 | 
     | picorv32_core_g190572__8428   | D ^ -> Y v  | NAND4XL   | 0.083 |   1.366 |    3.964 | 
     | picorv32_core_reg_op2_reg[15] | D v         | DFFHQX1   | 0.000 |   1.366 |    3.964 | 
     +--------------------------------------------------------------------------------------+ 
Path 3: MET Setup Check with Pin picorv32_core_reg_op2_reg[22]/CK 
Endpoint:   picorv32_core_reg_op2_reg[22]/D (v) checked with  leading edge of 
'clk'
Beginpoint: wb_rst_i                        (^) triggered by  leading edge of 
'clk'
Path Groups: {in2reg}
Analysis View: analysis1
Other End Arrival Time          0.000
- Setup                         0.016
+ Phase Shift                   4.000
- Uncertainty                   0.020
= Required Time                 3.964
- Arrival Time                  1.360
= Slack Time                    2.603
     Clock Rise Edge                      0.000
     + Input Delay                        0.500
     + Drive Adjustment                   0.069
     = Beginpoint Arrival Time            0.569
     +--------------------------------------------------------------------------------------+ 
     |           Instance            |     Arc     |   Cell    | Delay | Arrival | Required | 
     |                               |             |           |       |  Time   |   Time   | 
     |-------------------------------+-------------+-----------+-------+---------+----------| 
     |                               | wb_rst_i ^  |           |       |   0.569 |    3.173 | 
     | FE_OFC2_wb_rst_i              | A ^ -> Y ^  | BUFX2     | 0.111 |   0.680 |    3.284 | 
     | g490                          | A ^ -> Y v  | INVX2     | 0.105 |   0.786 |    3.389 | 
     | picorv32_core_g195312         | B v -> Y ^  | NAND2X1   | 0.043 |   0.829 |    3.432 | 
     | picorv32_core_g194880         | B0 ^ -> Y v | OAI2BB1X1 | 0.078 |   0.907 |    3.510 | 
     | picorv32_core_g194523         | AN v -> Y v | NOR2BX1   | 0.038 |   0.945 |    3.548 | 
     | picorv32_core_g194013         | B v -> Y v  | AND2X1    | 0.092 |   1.037 |    3.640 | 
     | picorv32_core_g193266         | B1 v -> Y ^ | AOI22X1   | 0.052 |   1.088 |    3.692 | 
     | picorv32_core_g192222         | B ^ -> Y v  | NAND4XL   | 0.066 |   1.155 |    3.758 | 
     | picorv32_core_g191446__1617   | C0 v -> Y ^ | AOI211XL  | 0.054 |   1.209 |    3.812 | 
     | picorv32_core_g190735__4733   | D ^ -> Y v  | NAND4XL   | 0.043 |   1.252 |    3.855 | 
     | picorv32_core_g190693__8428   | B0 v -> Y ^ | AOI21X1   | 0.022 |   1.274 |    3.877 | 
     | picorv32_core_g190579__5122   | D ^ -> Y v  | NAND4XL   | 0.086 |   1.360 |    3.963 | 
     | picorv32_core_reg_op2_reg[22] | D v         | DFFHQX1   | 0.000 |   1.360 |    3.964 | 
     +--------------------------------------------------------------------------------------+ 
Path 4: MET Setup Check with Pin picorv32_core_reg_op2_reg[28]/CK 
Endpoint:   picorv32_core_reg_op2_reg[28]/D (v) checked with  leading edge of 
'clk'
Beginpoint: wb_rst_i                        (^) triggered by  leading edge of 
'clk'
Path Groups: {in2reg}
Analysis View: analysis1
Other End Arrival Time          0.000
- Setup                         0.011
+ Phase Shift                   4.000
- Uncertainty                   0.020
= Required Time                 3.969
- Arrival Time                  1.366
= Slack Time                    2.604
     Clock Rise Edge                      0.000
     + Input Delay                        0.500
     + Drive Adjustment                   0.069
     = Beginpoint Arrival Time            0.569
     +--------------------------------------------------------------------------------------+ 
     |           Instance            |     Arc     |   Cell    | Delay | Arrival | Required | 
     |                               |             |           |       |  Time   |   Time   | 
     |-------------------------------+-------------+-----------+-------+---------+----------| 
     |                               | wb_rst_i ^  |           |       |   0.569 |    3.173 | 
     | FE_OFC2_wb_rst_i              | A ^ -> Y ^  | BUFX2     | 0.111 |   0.680 |    3.284 | 
     | g490                          | A ^ -> Y v  | INVX2     | 0.105 |   0.786 |    3.390 | 
     | picorv32_core_g195312         | B v -> Y ^  | NAND2X1   | 0.043 |   0.829 |    3.433 | 
     | picorv32_core_g194880         | B0 ^ -> Y v | OAI2BB1X1 | 0.078 |   0.907 |    3.511 | 
     | picorv32_core_g194525         | A v -> Y v  | AND2X1    | 0.040 |   0.947 |    3.551 | 
     | picorv32_core_g194010         | B v -> Y v  | AND2X1    | 0.102 |   1.049 |    3.653 | 
     | picorv32_core_g193326         | A1 v -> Y ^ | AOI22X1   | 0.053 |   1.102 |    3.706 | 
     | picorv32_core_g192234         | A ^ -> Y v  | NAND4XL   | 0.062 |   1.164 |    3.768 | 
     | picorv32_core_g191452__6131   | B0 v -> Y ^ | AOI211XL  | 0.067 |   1.231 |    3.835 | 
     | picorv32_core_g190741__1666   | D ^ -> Y v  | NAND4XL   | 0.058 |   1.288 |    3.892 | 
     | picorv32_core_g190699__1705   | B0 v -> Y ^ | AOI21X1   | 0.027 |   1.315 |    3.919 | 
     | picorv32_core_g190585__7482   | D ^ -> Y v  | NAND4XL   | 0.050 |   1.365 |    3.969 | 
     | picorv32_core_reg_op2_reg[28] | D v         | DFFHQX1   | 0.000 |   1.366 |    3.969 | 
     +--------------------------------------------------------------------------------------+ 
Path 5: MET Setup Check with Pin picorv32_core_reg_op2_reg[29]/CK 
Endpoint:   picorv32_core_reg_op2_reg[29]/D (v) checked with  leading edge of 
'clk'
Beginpoint: wb_rst_i                        (^) triggered by  leading edge of 
'clk'
Path Groups: {in2reg}
Analysis View: analysis1
Other End Arrival Time          0.000
- Setup                         0.015
+ Phase Shift                   4.000
- Uncertainty                   0.020
= Required Time                 3.965
- Arrival Time                  1.360
= Slack Time                    2.605
     Clock Rise Edge                      0.000
     + Input Delay                        0.500
     + Drive Adjustment                   0.069
     = Beginpoint Arrival Time            0.569
     +--------------------------------------------------------------------------------------+ 
     |           Instance            |     Arc     |   Cell    | Delay | Arrival | Required | 
     |                               |             |           |       |  Time   |   Time   | 
     |-------------------------------+-------------+-----------+-------+---------+----------| 
     |                               | wb_rst_i ^  |           |       |   0.569 |    3.174 | 
     | FE_OFC2_wb_rst_i              | A ^ -> Y ^  | BUFX2     | 0.111 |   0.680 |    3.285 | 
     | g490                          | A ^ -> Y v  | INVX2     | 0.105 |   0.786 |    3.391 | 
     | picorv32_core_g195312         | B v -> Y ^  | NAND2X1   | 0.043 |   0.829 |    3.434 | 
     | picorv32_core_g194880         | B0 ^ -> Y v | OAI2BB1X1 | 0.078 |   0.907 |    3.512 | 
     | picorv32_core_g194523         | AN v -> Y v | NOR2BX1   | 0.038 |   0.945 |    3.550 | 
     | picorv32_core_g194012         | B v -> Y v  | AND2X1    | 0.094 |   1.039 |    3.644 | 
     | picorv32_core_g193052         | A1 v -> Y ^ | AOI22X1   | 0.050 |   1.090 |    3.695 | 
     | picorv32_core_g192236         | A ^ -> Y v  | NAND4XL   | 0.067 |   1.156 |    3.761 | 
     | picorv32_core_g191453__1881   | C0 v -> Y ^ | AOI211XL  | 0.050 |   1.206 |    3.811 | 
     | picorv32_core_g190742__7410   | D ^ -> Y v  | NAND4XL   | 0.049 |   1.256 |    3.861 | 
     | picorv32_core_g190700__5122   | B0 v -> Y ^ | AOI21X1   | 0.026 |   1.282 |    3.887 | 
     | picorv32_core_g190586__4733   | D ^ -> Y v  | NAND4XL   | 0.078 |   1.360 |    3.965 | 
     | picorv32_core_reg_op2_reg[29] | D v         | DFFHQX1   | 0.000 |   1.360 |    3.965 | 
     +--------------------------------------------------------------------------------------+ 
Path 6: MET Setup Check with Pin picorv32_core_reg_op2_reg[10]/CK 
Endpoint:   picorv32_core_reg_op2_reg[10]/D (v) checked with  leading edge of 
'clk'
Beginpoint: wb_rst_i                        (^) triggered by  leading edge of 
'clk'
Path Groups: {in2reg}
Analysis View: analysis1
Other End Arrival Time          0.000
- Setup                         0.015
+ Phase Shift                   4.000
- Uncertainty                   0.020
= Required Time                 3.965
- Arrival Time                  1.359
= Slack Time                    2.606
     Clock Rise Edge                      0.000
     + Input Delay                        0.500
     + Drive Adjustment                   0.069
     = Beginpoint Arrival Time            0.569
     +--------------------------------------------------------------------------------------+ 
     |           Instance            |     Arc     |   Cell    | Delay | Arrival | Required | 
     |                               |             |           |       |  Time   |   Time   | 
     |-------------------------------+-------------+-----------+-------+---------+----------| 
     |                               | wb_rst_i ^  |           |       |   0.569 |    3.175 | 
     | FE_OFC2_wb_rst_i              | A ^ -> Y ^  | BUFX2     | 0.111 |   0.680 |    3.286 | 
     | g490                          | A ^ -> Y v  | INVX2     | 0.105 |   0.786 |    3.392 | 
     | picorv32_core_g195312         | B v -> Y ^  | NAND2X1   | 0.043 |   0.829 |    3.435 | 
     | picorv32_core_g194880         | B0 ^ -> Y v | OAI2BB1X1 | 0.078 |   0.907 |    3.513 | 
     | picorv32_core_g194523         | AN v -> Y v | NOR2BX1   | 0.038 |   0.945 |    3.551 | 
     | picorv32_core_g193998         | B v -> Y v  | AND2X1    | 0.093 |   1.038 |    3.644 | 
     | picorv32_core_g193137         | B1 v -> Y ^ | AOI22X1   | 0.051 |   1.089 |    3.695 | 
     | picorv32_core_g192201         | C ^ -> Y v  | NAND4XL   | 0.061 |   1.151 |    3.756 | 
     | picorv32_core_g191434__1666   | C0 v -> Y ^ | AOI211XL  | 0.061 |   1.211 |    3.817 | 
     | picorv32_core_g190723__6783   | D ^ -> Y v  | NAND4XL   | 0.048 |   1.259 |    3.865 | 
     | picorv32_core_g190681__9315   | B0 v -> Y ^ | AOI21X1   | 0.024 |   1.283 |    3.889 | 
     | picorv32_core_g190567__5477   | D ^ -> Y v  | NAND4XL   | 0.076 |   1.359 |    3.965 | 
     | picorv32_core_reg_op2_reg[10] | D v         | DFFHQX1   | 0.000 |   1.359 |    3.965 | 
     +--------------------------------------------------------------------------------------+ 
Path 7: MET Setup Check with Pin picorv32_core_reg_op2_reg[11]/CK 
Endpoint:   picorv32_core_reg_op2_reg[11]/D (v) checked with  leading edge of 
'clk'
Beginpoint: wb_rst_i                        (^) triggered by  leading edge of 
'clk'
Path Groups: {in2reg}
Analysis View: analysis1
Other End Arrival Time          0.000
- Setup                         0.016
+ Phase Shift                   4.000
- Uncertainty                   0.020
= Required Time                 3.964
- Arrival Time                  1.355
= Slack Time                    2.609
     Clock Rise Edge                      0.000
     + Input Delay                        0.500
     + Drive Adjustment                   0.069
     = Beginpoint Arrival Time            0.569
     +--------------------------------------------------------------------------------------+ 
     |           Instance            |     Arc     |   Cell    | Delay | Arrival | Required | 
     |                               |             |           |       |  Time   |   Time   | 
     |-------------------------------+-------------+-----------+-------+---------+----------| 
     |                               | wb_rst_i ^  |           |       |   0.569 |    3.178 | 
     | FE_OFC2_wb_rst_i              | A ^ -> Y ^  | BUFX2     | 0.111 |   0.680 |    3.290 | 
     | g490                          | A ^ -> Y v  | INVX2     | 0.105 |   0.786 |    3.395 | 
     | picorv32_core_g195312         | B v -> Y ^  | NAND2X1   | 0.043 |   0.829 |    3.438 | 
     | picorv32_core_g194880         | B0 ^ -> Y v | OAI2BB1X1 | 0.078 |   0.907 |    3.516 | 
     | picorv32_core_g194523         | AN v -> Y v | NOR2BX1   | 0.038 |   0.945 |    3.554 | 
     | picorv32_core_g193998         | B v -> Y v  | AND2X1    | 0.093 |   1.038 |    3.647 | 
     | picorv32_core_g192934         | B1 v -> Y ^ | AOI22X1   | 0.049 |   1.087 |    3.696 | 
     | picorv32_core_g192203         | B ^ -> Y v  | NAND4XL   | 0.067 |   1.154 |    3.763 | 
     | picorv32_core_g191435__7410   | B0 v -> Y ^ | AOI211XL  | 0.045 |   1.199 |    3.808 | 
     | picorv32_core_g190724__3680   | D ^ -> Y v  | NAND4XL   | 0.048 |   1.246 |    3.855 | 
     | picorv32_core_g190682__9945   | B0 v -> Y ^ | AOI21X1   | 0.026 |   1.272 |    3.881 | 
     | picorv32_core_g190568__2398   | D ^ -> Y v  | NAND4XL   | 0.083 |   1.355 |    3.964 | 
     | picorv32_core_reg_op2_reg[11] | D v         | DFFHQX1   | 0.000 |   1.355 |    3.964 | 
     +--------------------------------------------------------------------------------------+ 
Path 8: MET Setup Check with Pin picorv32_core_reg_op2_reg[20]/CK 
Endpoint:   picorv32_core_reg_op2_reg[20]/D (v) checked with  leading edge of 
'clk'
Beginpoint: wb_rst_i                        (^) triggered by  leading edge of 
'clk'
Path Groups: {in2reg}
Analysis View: analysis1
Other End Arrival Time          0.000
- Setup                         0.011
+ Phase Shift                   4.000
- Uncertainty                   0.020
= Required Time                 3.969
- Arrival Time                  1.359
= Slack Time                    2.610
     Clock Rise Edge                      0.000
     + Input Delay                        0.500
     + Drive Adjustment                   0.069
     = Beginpoint Arrival Time            0.569
     +--------------------------------------------------------------------------------------+ 
     |           Instance            |     Arc     |   Cell    | Delay | Arrival | Required | 
     |                               |             |           |       |  Time   |   Time   | 
     |-------------------------------+-------------+-----------+-------+---------+----------| 
     |                               | wb_rst_i ^  |           |       |   0.569 |    3.179 | 
     | FE_OFC2_wb_rst_i              | A ^ -> Y ^  | BUFX2     | 0.111 |   0.680 |    3.290 | 
     | g490                          | A ^ -> Y v  | INVX2     | 0.105 |   0.786 |    3.396 | 
     | picorv32_core_g195312         | B v -> Y ^  | NAND2X1   | 0.043 |   0.829 |    3.439 | 
     | picorv32_core_g194880         | B0 ^ -> Y v | OAI2BB1X1 | 0.078 |   0.907 |    3.517 | 
     | picorv32_core_g194523         | AN v -> Y v | NOR2BX1   | 0.038 |   0.945 |    3.555 | 
     | picorv32_core_g194013         | B v -> Y v  | AND2X1    | 0.092 |   1.037 |    3.647 | 
     | picorv32_core_g193245         | B1 v -> Y ^ | AOI22X1   | 0.054 |   1.091 |    3.701 | 
     | picorv32_core_g192190         | B ^ -> Y v  | NAND4XL   | 0.059 |   1.150 |    3.760 | 
     | picorv32_core_g191444__6783   | C0 v -> Y ^ | AOI211XL  | 0.056 |   1.207 |    3.816 | 
     | picorv32_core_g190733__5115   | D ^ -> Y v  | NAND4XL   | 0.060 |   1.267 |    3.877 | 
     | picorv32_core_g190691__6260   | B0 v -> Y ^ | AOI21X1   | 0.036 |   1.303 |    3.912 | 
     | picorv32_core_g190577__2802   | D ^ -> Y v  | NAND4XL   | 0.056 |   1.359 |    3.969 | 
     | picorv32_core_reg_op2_reg[20] | D v         | DFFHQX1   | 0.000 |   1.359 |    3.969 | 
     +--------------------------------------------------------------------------------------+ 
Path 9: MET Setup Check with Pin picorv32_core_reg_op2_reg[24]/CK 
Endpoint:   picorv32_core_reg_op2_reg[24]/D (v) checked with  leading edge of 
'clk'
Beginpoint: wb_rst_i                        (^) triggered by  leading edge of 
'clk'
Path Groups: {in2reg}
Analysis View: analysis1
Other End Arrival Time          0.000
- Setup                         0.013
+ Phase Shift                   4.000
- Uncertainty                   0.020
= Required Time                 3.967
- Arrival Time                  1.356
= Slack Time                    2.611
     Clock Rise Edge                      0.000
     + Input Delay                        0.500
     + Drive Adjustment                   0.069
     = Beginpoint Arrival Time            0.569
     +--------------------------------------------------------------------------------------+ 
     |           Instance            |     Arc     |   Cell    | Delay | Arrival | Required | 
     |                               |             |           |       |  Time   |   Time   | 
     |-------------------------------+-------------+-----------+-------+---------+----------| 
     |                               | wb_rst_i ^  |           |       |   0.569 |    3.180 | 
     | FE_OFC2_wb_rst_i              | A ^ -> Y ^  | BUFX2     | 0.111 |   0.680 |    3.291 | 
     | g490                          | A ^ -> Y v  | INVX2     | 0.105 |   0.786 |    3.397 | 
     | picorv32_core_g195312         | B v -> Y ^  | NAND2X1   | 0.043 |   0.829 |    3.440 | 
     | picorv32_core_g194880         | B0 ^ -> Y v | OAI2BB1X1 | 0.078 |   0.907 |    3.518 | 
     | picorv32_core_g194523         | AN v -> Y v | NOR2BX1   | 0.038 |   0.945 |    3.556 | 
     | picorv32_core_g194013         | B v -> Y v  | AND2X1    | 0.092 |   1.037 |    3.647 | 
     | picorv32_core_g193287         | B1 v -> Y ^ | AOI22X1   | 0.050 |   1.087 |    3.697 | 
     | picorv32_core_g192225         | C ^ -> Y v  | NAND4XL   | 0.062 |   1.149 |    3.760 | 
     | picorv32_core_g191448__1705   | B0 v -> Y ^ | AOI211XL  | 0.060 |   1.209 |    3.820 | 
     | picorv32_core_g190737__9315   | D ^ -> Y v  | NAND4XL   | 0.053 |   1.263 |    3.873 | 
     | picorv32_core_g190695__6783   | B0 v -> Y ^ | AOI21X1   | 0.025 |   1.288 |    3.898 | 
     | picorv32_core_g190580__8246   | D ^ -> Y v  | NAND4XL   | 0.068 |   1.356 |    3.966 | 
     | picorv32_core_reg_op2_reg[24] | D v         | DFFHQX1   | 0.000 |   1.356 |    3.967 | 
     +--------------------------------------------------------------------------------------+ 
Path 10: MET Setup Check with Pin picorv32_core_reg_op2_reg[17]/CK 
Endpoint:   picorv32_core_reg_op2_reg[17]/D (v) checked with  leading edge of 
'clk'
Beginpoint: wb_rst_i                        (^) triggered by  leading edge of 
'clk'
Path Groups: {in2reg}
Analysis View: analysis1
Other End Arrival Time          0.000
- Setup                         0.014
+ Phase Shift                   4.000
- Uncertainty                   0.020
= Required Time                 3.966
- Arrival Time                  1.355
= Slack Time                    2.611
     Clock Rise Edge                      0.000
     + Input Delay                        0.500
     + Drive Adjustment                   0.069
     = Beginpoint Arrival Time            0.569
     +--------------------------------------------------------------------------------------+ 
     |           Instance            |     Arc     |   Cell    | Delay | Arrival | Required | 
     |                               |             |           |       |  Time   |   Time   | 
     |-------------------------------+-------------+-----------+-------+---------+----------| 
     |                               | wb_rst_i ^  |           |       |   0.569 |    3.180 | 
     | FE_OFC2_wb_rst_i              | A ^ -> Y ^  | BUFX2     | 0.111 |   0.680 |    3.291 | 
     | g490                          | A ^ -> Y v  | INVX2     | 0.105 |   0.786 |    3.397 | 
     | picorv32_core_g195312         | B v -> Y ^  | NAND2X1   | 0.043 |   0.829 |    3.440 | 
     | picorv32_core_g194880         | B0 ^ -> Y v | OAI2BB1X1 | 0.078 |   0.907 |    3.518 | 
     | picorv32_core_g194523         | AN v -> Y v | NOR2BX1   | 0.038 |   0.945 |    3.556 | 
     | picorv32_core_g193998         | B v -> Y v  | AND2X1    | 0.093 |   1.038 |    3.649 | 
     | picorv32_core_g193218         | B1 v -> Y ^ | AOI22X1   | 0.051 |   1.090 |    3.700 | 
     | picorv32_core_g192214         | C ^ -> Y v  | NAND4XL   | 0.060 |   1.150 |    3.761 | 
     | picorv32_core_g191441__4319   | C0 v -> Y ^ | AOI211XL  | 0.059 |   1.209 |    3.820 | 
     | picorv32_core_g190730__7098   | D ^ -> Y v  | NAND4XL   | 0.049 |   1.259 |    3.869 | 
     | picorv32_core_g190688__5477   | B0 v -> Y ^ | AOI21X1   | 0.024 |   1.282 |    3.893 | 
     | picorv32_core_g190574__6783   | D ^ -> Y v  | NAND4XL   | 0.072 |   1.355 |    3.965 | 
     | picorv32_core_reg_op2_reg[17] | D v         | DFFHQX1   | 0.000 |   1.355 |    3.966 | 
     +--------------------------------------------------------------------------------------+ 
Path 11: MET Setup Check with Pin picorv32_core_reg_op2_reg[7]/CK 
Endpoint:   picorv32_core_reg_op2_reg[7]/D (v) checked with  leading edge of 
'clk'
Beginpoint: wb_rst_i                       (^) triggered by  leading edge of 
'clk'
Path Groups: {in2reg}
Analysis View: analysis1
Other End Arrival Time          0.000
- Setup                         0.011
+ Phase Shift                   4.000
- Uncertainty                   0.020
= Required Time                 3.969
- Arrival Time                  1.357
= Slack Time                    2.612
     Clock Rise Edge                      0.000
     + Input Delay                        0.500
     + Drive Adjustment                   0.069
     = Beginpoint Arrival Time            0.569
     +-------------------------------------------------------------------------------------+ 
     |           Instance           |     Arc     |   Cell    | Delay | Arrival | Required | 
     |                              |             |           |       |  Time   |   Time   | 
     |------------------------------+-------------+-----------+-------+---------+----------| 
     |                              | wb_rst_i ^  |           |       |   0.569 |    3.182 | 
     | FE_OFC2_wb_rst_i             | A ^ -> Y ^  | BUFX2     | 0.111 |   0.681 |    3.293 | 
     | g490                         | A ^ -> Y v  | INVX2     | 0.105 |   0.786 |    3.398 | 
     | picorv32_core_g195312        | B v -> Y ^  | NAND2X1   | 0.043 |   0.829 |    3.441 | 
     | picorv32_core_g194880        | B0 ^ -> Y v | OAI2BB1X1 | 0.078 |   0.907 |    3.519 | 
     | picorv32_core_g194525        | A v -> Y v  | AND2X1    | 0.040 |   0.947 |    3.559 | 
     | picorv32_core_g194010        | B v -> Y v  | AND2X1    | 0.102 |   1.049 |    3.661 | 
     | picorv32_core_g193105        | A1 v -> Y ^ | AOI22X1   | 0.052 |   1.101 |    3.713 | 
     | picorv32_core_g192195        | A ^ -> Y v  | NAND4XL   | 0.041 |   1.142 |    3.754 | 
     | picorv32_core_g191431__9945  | B0 v -> Y ^ | AOI211XL  | 0.070 |   1.212 |    3.824 | 
     | picorv32_core_g190720__4319  | D ^ -> Y v  | NAND4XL   | 0.066 |   1.278 |    3.890 | 
     | picorv32_core_g190678__7482  | B0 v -> Y ^ | AOI21X1   | 0.028 |   1.305 |    3.918 | 
     | picorv32_core_g190564__1666  | D ^ -> Y v  | NAND4XL   | 0.051 |   1.357 |    3.969 | 
     | picorv32_core_reg_op2_reg[7] | D v         | DFFHQX1   | 0.000 |   1.357 |    3.969 | 
     +-------------------------------------------------------------------------------------+ 
Path 12: MET Setup Check with Pin picorv32_core_reg_op2_reg[30]/CK 
Endpoint:   picorv32_core_reg_op2_reg[30]/D (v) checked with  leading edge of 
'clk'
Beginpoint: wb_rst_i                        (^) triggered by  leading edge of 
'clk'
Path Groups: {in2reg}
Analysis View: analysis1
Other End Arrival Time          0.000
- Setup                         0.011
+ Phase Shift                   4.000
- Uncertainty                   0.020
= Required Time                 3.969
- Arrival Time                  1.355
= Slack Time                    2.614
     Clock Rise Edge                      0.000
     + Input Delay                        0.500
     + Drive Adjustment                   0.069
     = Beginpoint Arrival Time            0.569
     +--------------------------------------------------------------------------------------+ 
     |           Instance            |     Arc     |   Cell    | Delay | Arrival | Required | 
     |                               |             |           |       |  Time   |   Time   | 
     |-------------------------------+-------------+-----------+-------+---------+----------| 
     |                               | wb_rst_i ^  |           |       |   0.569 |    3.184 | 
     | FE_OFC2_wb_rst_i              | A ^ -> Y ^  | BUFX2     | 0.111 |   0.681 |    3.295 | 
     | g490                          | A ^ -> Y v  | INVX2     | 0.105 |   0.786 |    3.400 | 
     | picorv32_core_g195312         | B v -> Y ^  | NAND2X1   | 0.043 |   0.829 |    3.443 | 
     | picorv32_core_g194880         | B0 ^ -> Y v | OAI2BB1X1 | 0.078 |   0.907 |    3.521 | 
     | picorv32_core_g194525         | A v -> Y v  | AND2X1    | 0.040 |   0.947 |    3.561 | 
     | picorv32_core_g194010         | B v -> Y v  | AND2X1    | 0.102 |   1.049 |    3.663 | 
     | picorv32_core_g193344         | A1 v -> Y ^ | AOI22X1   | 0.055 |   1.104 |    3.718 | 
     | picorv32_core_g192238         | B ^ -> Y v  | NAND4XL   | 0.048 |   1.152 |    3.766 | 
     | picorv32_core_g191454__5115   | B0 v -> Y ^ | AOI211XL  | 0.066 |   1.218 |    3.832 | 
     | picorv32_core_g190743__6417   | D ^ -> Y v  | NAND4XL   | 0.061 |   1.279 |    3.893 | 
     | picorv32_core_g190701__8246   | B0 v -> Y ^ | AOI21X1   | 0.027 |   1.305 |    3.919 | 
     | picorv32_core_g190587__6161   | D ^ -> Y v  | NAND4XL   | 0.050 |   1.355 |    3.969 | 
     | picorv32_core_reg_op2_reg[30] | D v         | DFFHQX1   | 0.000 |   1.355 |    3.969 | 
     +--------------------------------------------------------------------------------------+ 
Path 13: MET Setup Check with Pin picorv32_core_reg_op2_reg[18]/CK 
Endpoint:   picorv32_core_reg_op2_reg[18]/D (v) checked with  leading edge of 
'clk'
Beginpoint: wb_rst_i                        (^) triggered by  leading edge of 
'clk'
Path Groups: {in2reg}
Analysis View: analysis1
Other End Arrival Time          0.000
- Setup                         0.016
+ Phase Shift                   4.000
- Uncertainty                   0.020
= Required Time                 3.964
- Arrival Time                  1.343
= Slack Time                    2.621
     Clock Rise Edge                      0.000
     + Input Delay                        0.500
     + Drive Adjustment                   0.069
     = Beginpoint Arrival Time            0.569
     +--------------------------------------------------------------------------------------+ 
     |           Instance            |     Arc     |   Cell    | Delay | Arrival | Required | 
     |                               |             |           |       |  Time   |   Time   | 
     |-------------------------------+-------------+-----------+-------+---------+----------| 
     |                               | wb_rst_i ^  |           |       |   0.569 |    3.191 | 
     | FE_OFC2_wb_rst_i              | A ^ -> Y ^  | BUFX2     | 0.111 |   0.680 |    3.302 | 
     | g490                          | A ^ -> Y v  | INVX2     | 0.105 |   0.786 |    3.407 | 
     | picorv32_core_g195312         | B v -> Y ^  | NAND2X1   | 0.043 |   0.829 |    3.450 | 
     | picorv32_core_g194880         | B0 ^ -> Y v | OAI2BB1X1 | 0.078 |   0.907 |    3.528 | 
     | picorv32_core_g194523         | AN v -> Y v | NOR2BX1   | 0.038 |   0.945 |    3.567 | 
     | picorv32_core_g194012         | B v -> Y v  | AND2X1    | 0.094 |   1.040 |    3.661 | 
     | picorv32_core_g193229         | A1 v -> Y ^ | AOI22X1   | 0.047 |   1.087 |    3.708 | 
     | picorv32_core_g192216         | A ^ -> Y v  | NAND4XL   | 0.060 |   1.146 |    3.768 | 
     | picorv32_core_g191442__8428   | B0 v -> Y ^ | AOI211XL  | 0.052 |   1.199 |    3.820 | 
     | picorv32_core_g190731__6131   | D ^ -> Y v  | NAND4XL   | 0.039 |   1.238 |    3.859 | 
     | picorv32_core_g190689__2398   | B0 v -> Y ^ | AOI21X1   | 0.021 |   1.259 |    3.880 | 
     | picorv32_core_g190575__3680   | D ^ -> Y v  | NAND4XL   | 0.084 |   1.343 |    3.964 | 
     | picorv32_core_reg_op2_reg[18] | D v         | DFFHQX1   | 0.000 |   1.343 |    3.964 | 
     +--------------------------------------------------------------------------------------+ 
Path 14: MET Setup Check with Pin picorv32_core_reg_op2_reg[26]/CK 
Endpoint:   picorv32_core_reg_op2_reg[26]/D (v) checked with  leading edge of 
'clk'
Beginpoint: wb_rst_i                        (^) triggered by  leading edge of 
'clk'
Path Groups: {in2reg}
Analysis View: analysis1
Other End Arrival Time          0.000
- Setup                         0.014
+ Phase Shift                   4.000
- Uncertainty                   0.020
= Required Time                 3.966
- Arrival Time                  1.343
= Slack Time                    2.623
     Clock Rise Edge                      0.000
     + Input Delay                        0.500
     + Drive Adjustment                   0.069
     = Beginpoint Arrival Time            0.569
     +--------------------------------------------------------------------------------------+ 
     |           Instance            |     Arc     |   Cell    | Delay | Arrival | Required | 
     |                               |             |           |       |  Time   |   Time   | 
     |-------------------------------+-------------+-----------+-------+---------+----------| 
     |                               | wb_rst_i ^  |           |       |   0.569 |    3.193 | 
     | FE_OFC2_wb_rst_i              | A ^ -> Y ^  | BUFX2     | 0.111 |   0.680 |    3.304 | 
     | g490                          | A ^ -> Y v  | INVX2     | 0.105 |   0.786 |    3.409 | 
     | picorv32_core_g195312         | B v -> Y ^  | NAND2X1   | 0.043 |   0.829 |    3.452 | 
     | picorv32_core_g194880         | B0 ^ -> Y v | OAI2BB1X1 | 0.078 |   0.907 |    3.530 | 
     | picorv32_core_g194523         | AN v -> Y v | NOR2BX1   | 0.038 |   0.945 |    3.568 | 
     | picorv32_core_g194013         | B v -> Y v  | AND2X1    | 0.092 |   1.037 |    3.660 | 
     | picorv32_core_g193307         | B1 v -> Y ^ | AOI22X1   | 0.055 |   1.091 |    3.715 | 
     | picorv32_core_g192230         | C ^ -> Y v  | NAND4XL   | 0.064 |   1.155 |    3.778 | 
     | picorv32_core_g191450__8246   | B0 v -> Y ^ | AOI211XL  | 0.048 |   1.203 |    3.826 | 
     | picorv32_core_g190739__2883   | D ^ -> Y v  | NAND4XL   | 0.044 |   1.248 |    3.871 | 
     | picorv32_core_g190697__1617   | B0 v -> Y ^ | AOI21X1   | 0.025 |   1.272 |    3.895 | 
     | picorv32_core_g190583__1881   | D ^ -> Y v  | NAND4XL   | 0.071 |   1.343 |    3.966 | 
     | picorv32_core_reg_op2_reg[26] | D v         | DFFHQX1   | 0.000 |   1.343 |    3.966 | 
     +--------------------------------------------------------------------------------------+ 
Path 15: MET Setup Check with Pin picorv32_core_reg_op2_reg[9]/CK 
Endpoint:   picorv32_core_reg_op2_reg[9]/D (v) checked with  leading edge of 
'clk'
Beginpoint: wb_rst_i                       (^) triggered by  leading edge of 
'clk'
Path Groups: {in2reg}
Analysis View: analysis1
Other End Arrival Time          0.000
- Setup                         0.013
+ Phase Shift                   4.000
- Uncertainty                   0.020
= Required Time                 3.967
- Arrival Time                  1.337
= Slack Time                    2.629
     Clock Rise Edge                      0.000
     + Input Delay                        0.500
     + Drive Adjustment                   0.069
     = Beginpoint Arrival Time            0.569
     +-------------------------------------------------------------------------------------+ 
     |           Instance           |     Arc     |   Cell    | Delay | Arrival | Required | 
     |                              |             |           |       |  Time   |   Time   | 
     |------------------------------+-------------+-----------+-------+---------+----------| 
     |                              | wb_rst_i ^  |           |       |   0.569 |    3.199 | 
     | FE_OFC2_wb_rst_i             | A ^ -> Y ^  | BUFX2     | 0.111 |   0.680 |    3.310 | 
     | g490                         | A ^ -> Y v  | INVX2     | 0.105 |   0.786 |    3.415 | 
     | picorv32_core_g195312        | B v -> Y ^  | NAND2X1   | 0.043 |   0.829 |    3.459 | 
     | picorv32_core_g194880        | B0 ^ -> Y v | OAI2BB1X1 | 0.078 |   0.907 |    3.537 | 
     | picorv32_core_g194523        | AN v -> Y v | NOR2BX1   | 0.038 |   0.945 |    3.575 | 
     | picorv32_core_g193998        | B v -> Y v  | AND2X1    | 0.093 |   1.038 |    3.668 | 
     | picorv32_core_g193127        | B1 v -> Y ^ | AOI22X1   | 0.052 |   1.090 |    3.719 | 
     | picorv32_core_g192199        | B ^ -> Y v  | NAND4XL   | 0.063 |   1.153 |    3.783 | 
     | picorv32_core_g191433__2346  | C0 v -> Y ^ | AOI211XL  | 0.054 |   1.208 |    3.837 | 
     | picorv32_core_g190722__5526  | D ^ -> Y v  | NAND4XL   | 0.043 |   1.250 |    3.880 | 
     | picorv32_core_g190680__6161  | B0 v -> Y ^ | AOI21X1   | 0.021 |   1.272 |    3.901 | 
     | picorv32_core_g190565__7410  | D ^ -> Y v  | NAND4XL   | 0.066 |   1.337 |    3.967 | 
     | picorv32_core_reg_op2_reg[9] | D v         | DFFHQX1   | 0.000 |   1.337 |    3.967 | 
     +-------------------------------------------------------------------------------------+ 
Path 16: MET Setup Check with Pin picorv32_core_reg_op2_reg[14]/CK 
Endpoint:   picorv32_core_reg_op2_reg[14]/D (v) checked with  leading edge of 
'clk'
Beginpoint: wb_rst_i                        (^) triggered by  leading edge of 
'clk'
Path Groups: {in2reg}
Analysis View: analysis1
Other End Arrival Time          0.000
- Setup                         0.013
+ Phase Shift                   4.000
- Uncertainty                   0.020
= Required Time                 3.967
- Arrival Time                  1.328
= Slack Time                    2.638
     Clock Rise Edge                      0.000
     + Input Delay                        0.500
     + Drive Adjustment                   0.069
     = Beginpoint Arrival Time            0.569
     +--------------------------------------------------------------------------------------+ 
     |           Instance            |     Arc     |   Cell    | Delay | Arrival | Required | 
     |                               |             |           |       |  Time   |   Time   | 
     |-------------------------------+-------------+-----------+-------+---------+----------| 
     |                               | wb_rst_i ^  |           |       |   0.569 |    3.208 | 
     | FE_OFC2_wb_rst_i              | A ^ -> Y ^  | BUFX2     | 0.111 |   0.680 |    3.319 | 
     | g490                          | A ^ -> Y v  | INVX2     | 0.105 |   0.786 |    3.424 | 
     | picorv32_core_g195312         | B v -> Y ^  | NAND2X1   | 0.043 |   0.829 |    3.467 | 
     | picorv32_core_g194880         | B0 ^ -> Y v | OAI2BB1X1 | 0.078 |   0.907 |    3.545 | 
     | picorv32_core_g194523         | AN v -> Y v | NOR2BX1   | 0.038 |   0.945 |    3.583 | 
     | picorv32_core_g194012         | B v -> Y v  | AND2X1    | 0.094 |   1.039 |    3.678 | 
     | picorv32_core_g193180         | A1 v -> Y ^ | AOI22X1   | 0.046 |   1.085 |    3.724 | 
     | picorv32_core_g192209         | B ^ -> Y v  | NAND4XL   | 0.055 |   1.140 |    3.779 | 
     | picorv32_core_g191438__2398   | C0 v -> Y ^ | AOI211XL  | 0.056 |   1.196 |    3.834 | 
     | picorv32_core_g190727__1705   | D ^ -> Y v  | NAND4XL   | 0.043 |   1.240 |    3.878 | 
     | picorv32_core_g190685__1666   | B0 v -> Y ^ | AOI21X1   | 0.021 |   1.260 |    3.898 | 
     | picorv32_core_g190571__4319   | D ^ -> Y v  | NAND4XL   | 0.068 |   1.328 |    3.966 | 
     | picorv32_core_reg_op2_reg[14] | D v         | DFFHQX1   | 0.000 |   1.328 |    3.967 | 
     +--------------------------------------------------------------------------------------+ 
Path 17: MET Setup Check with Pin picorv32_core_reg_op2_reg[25]/CK 
Endpoint:   picorv32_core_reg_op2_reg[25]/D (v) checked with  leading edge of 
'clk'
Beginpoint: wb_rst_i                        (^) triggered by  leading edge of 
'clk'
Path Groups: {in2reg}
Analysis View: analysis1
Other End Arrival Time          0.000
- Setup                         0.008
+ Phase Shift                   4.000
- Uncertainty                   0.020
= Required Time                 3.972
- Arrival Time                  1.330
= Slack Time                    2.642
     Clock Rise Edge                      0.000
     + Input Delay                        0.500
     + Drive Adjustment                   0.069
     = Beginpoint Arrival Time            0.569
     +--------------------------------------------------------------------------------------+ 
     |           Instance            |     Arc     |   Cell    | Delay | Arrival | Required | 
     |                               |             |           |       |  Time   |   Time   | 
     |-------------------------------+-------------+-----------+-------+---------+----------| 
     |                               | wb_rst_i ^  |           |       |   0.569 |    3.211 | 
     | FE_OFC2_wb_rst_i              | A ^ -> Y ^  | BUFX2     | 0.111 |   0.680 |    3.322 | 
     | g490                          | A ^ -> Y v  | INVX2     | 0.105 |   0.786 |    3.428 | 
     | picorv32_core_g195312         | B v -> Y ^  | NAND2X1   | 0.043 |   0.829 |    3.471 | 
     | picorv32_core_g194880         | B0 ^ -> Y v | OAI2BB1X1 | 0.078 |   0.907 |    3.549 | 
     | picorv32_core_g194525         | A v -> Y v  | AND2X1    | 0.040 |   0.947 |    3.589 | 
     | picorv32_core_g194010         | B v -> Y v  | AND2X1    | 0.102 |   1.049 |    3.691 | 
     | picorv32_core_g193294         | A1 v -> Y ^ | AOI22X1   | 0.053 |   1.102 |    3.744 | 
     | picorv32_core_g192228         | D ^ -> Y v  | NAND4XL   | 0.062 |   1.164 |    3.806 | 
     | picorv32_core_g191449__5122   | B0 v -> Y ^ | AOI211XL  | 0.056 |   1.220 |    3.862 | 
     | picorv32_core_g190738__9945   | D ^ -> Y v  | NAND4XL   | 0.051 |   1.270 |    3.912 | 
     | picorv32_core_g190696__3680   | B0 v -> Y ^ | AOI21X1   | 0.028 |   1.298 |    3.940 | 
     | picorv32_core_g190581__7098   | D ^ -> Y v  | NAND4XL   | 0.032 |   1.330 |    3.972 | 
     | picorv32_core_reg_op2_reg[25] | D v         | DFFHQX1   | 0.000 |   1.330 |    3.972 | 
     +--------------------------------------------------------------------------------------+ 
Path 18: MET Setup Check with Pin picorv32_core_reg_op2_reg[8]/CK 
Endpoint:   picorv32_core_reg_op2_reg[8]/D (v) checked with  leading edge of 
'clk'
Beginpoint: wb_rst_i                       (^) triggered by  leading edge of 
'clk'
Path Groups: {in2reg}
Analysis View: analysis1
Other End Arrival Time          0.000
- Setup                         0.009
+ Phase Shift                   4.000
- Uncertainty                   0.020
= Required Time                 3.971
- Arrival Time                  1.325
= Slack Time                    2.647
     Clock Rise Edge                      0.000
     + Input Delay                        0.500
     + Drive Adjustment                   0.069
     = Beginpoint Arrival Time            0.569
     +-------------------------------------------------------------------------------------+ 
     |           Instance           |     Arc     |   Cell    | Delay | Arrival | Required | 
     |                              |             |           |       |  Time   |   Time   | 
     |------------------------------+-------------+-----------+-------+---------+----------| 
     |                              | wb_rst_i ^  |           |       |   0.569 |    3.216 | 
     | FE_OFC2_wb_rst_i             | A ^ -> Y ^  | BUFX2     | 0.111 |   0.680 |    3.327 | 
     | g490                         | A ^ -> Y v  | INVX2     | 0.105 |   0.786 |    3.433 | 
     | picorv32_core_g195312        | B v -> Y ^  | NAND2X1   | 0.043 |   0.829 |    3.476 | 
     | picorv32_core_g194880        | B0 ^ -> Y v | OAI2BB1X1 | 0.078 |   0.907 |    3.554 | 
     | picorv32_core_g194525        | A v -> Y v  | AND2X1    | 0.040 |   0.947 |    3.594 | 
     | picorv32_core_g194010        | B v -> Y v  | AND2X1    | 0.102 |   1.049 |    3.696 | 
     | picorv32_core_g193112        | A1 v -> Y ^ | AOI22X1   | 0.053 |   1.102 |    3.749 | 
     | picorv32_core_g192197        | D ^ -> Y v  | NAND4XL   | 0.039 |   1.141 |    3.787 | 
     | picorv32_core_g191432__2883  | B0 v -> Y ^ | AOI211XL  | 0.065 |   1.205 |    3.852 | 
     | picorv32_core_g190721__8428  | D ^ -> Y v  | NAND4XL   | 0.057 |   1.262 |    3.909 | 
     | picorv32_core_g190679__4733  | B0 v -> Y ^ | AOI21X1   | 0.025 |   1.287 |    3.934 | 
     | picorv32_core_g190566__6417  | D ^ -> Y v  | NAND4XL   | 0.038 |   1.325 |    3.971 | 
     | picorv32_core_reg_op2_reg[8] | D v         | DFFHQX1   | 0.000 |   1.325 |    3.971 | 
     +-------------------------------------------------------------------------------------+ 
Path 19: MET Setup Check with Pin picorv32_core_reg_op2_reg[27]/CK 
Endpoint:   picorv32_core_reg_op2_reg[27]/D (v) checked with  leading edge of 
'clk'
Beginpoint: wb_rst_i                        (^) triggered by  leading edge of 
'clk'
Path Groups: {in2reg}
Analysis View: analysis1
Other End Arrival Time          0.000
- Setup                         0.007
+ Phase Shift                   4.000
- Uncertainty                   0.020
= Required Time                 3.973
- Arrival Time                  1.322
= Slack Time                    2.651
     Clock Rise Edge                      0.000
     + Input Delay                        0.500
     + Drive Adjustment                   0.069
     = Beginpoint Arrival Time            0.569
     +--------------------------------------------------------------------------------------+ 
     |           Instance            |     Arc     |   Cell    | Delay | Arrival | Required | 
     |                               |             |           |       |  Time   |   Time   | 
     |-------------------------------+-------------+-----------+-------+---------+----------| 
     |                               | wb_rst_i ^  |           |       |   0.569 |    3.221 | 
     | FE_OFC2_wb_rst_i              | A ^ -> Y ^  | BUFX2     | 0.111 |   0.680 |    3.332 | 
     | g490                          | A ^ -> Y v  | INVX2     | 0.105 |   0.786 |    3.437 | 
     | picorv32_core_g195312         | B v -> Y ^  | NAND2X1   | 0.043 |   0.829 |    3.480 | 
     | picorv32_core_g194880         | B0 ^ -> Y v | OAI2BB1X1 | 0.078 |   0.907 |    3.558 | 
     | picorv32_core_g194519         | A v -> Y v  | AND2X1    | 0.037 |   0.944 |    3.595 | 
     | picorv32_core_g194002         | B v -> Y v  | AND2X1    | 0.093 |   1.037 |    3.689 | 
     | picorv32_core_g193262         | B1 v -> Y ^ | AOI22X1   | 0.059 |   1.096 |    3.747 | 
     | picorv32_core_g192233         | C ^ -> Y v  | NAND4XL   | 0.048 |   1.144 |    3.796 | 
     | picorv32_core_g191451__7098   | C0 v -> Y ^ | AOI211XL  | 0.044 |   1.188 |    3.839 | 
     | picorv32_core_g190740__2346   | D ^ -> Y v  | NAND4XL   | 0.064 |   1.252 |    3.904 | 
     | picorv32_core_g190698__2802   | B0 v -> Y ^ | AOI21X1   | 0.039 |   1.291 |    3.942 | 
     | picorv32_core_g190584__5115   | D ^ -> Y v  | NAND4XL   | 0.031 |   1.322 |    3.973 | 
     | picorv32_core_reg_op2_reg[27] | D v         | DFFHQX1   | 0.000 |   1.322 |    3.973 | 
     +--------------------------------------------------------------------------------------+ 
Path 20: MET Setup Check with Pin picorv32_core_reg_op2_reg[13]/CK 
Endpoint:   picorv32_core_reg_op2_reg[13]/D (v) checked with  leading edge of 
'clk'
Beginpoint: wb_rst_i                        (^) triggered by  leading edge of 
'clk'
Path Groups: {in2reg}
Analysis View: analysis1
Other End Arrival Time          0.000
- Setup                         0.009
+ Phase Shift                   4.000
- Uncertainty                   0.020
= Required Time                 3.971
- Arrival Time                  1.318
= Slack Time                    2.654
     Clock Rise Edge                      0.000
     + Input Delay                        0.500
     + Drive Adjustment                   0.069
     = Beginpoint Arrival Time            0.569
     +--------------------------------------------------------------------------------------+ 
     |           Instance            |     Arc     |   Cell    | Delay | Arrival | Required | 
     |                               |             |           |       |  Time   |   Time   | 
     |-------------------------------+-------------+-----------+-------+---------+----------| 
     |                               | wb_rst_i ^  |           |       |   0.569 |    3.223 | 
     | FE_OFC2_wb_rst_i              | A ^ -> Y ^  | BUFX2     | 0.111 |   0.680 |    3.334 | 
     | g490                          | A ^ -> Y v  | INVX2     | 0.105 |   0.786 |    3.440 | 
     | picorv32_core_g195312         | B v -> Y ^  | NAND2X1   | 0.043 |   0.829 |    3.483 | 
     | picorv32_core_g194880         | B0 ^ -> Y v | OAI2BB1X1 | 0.078 |   0.907 |    3.561 | 
     | picorv32_core_g194525         | A v -> Y v  | AND2X1    | 0.040 |   0.947 |    3.600 | 
     | picorv32_core_g194010         | B v -> Y v  | AND2X1    | 0.102 |   1.049 |    3.702 | 
     | picorv32_core_g193170         | A1 v -> Y ^ | AOI22X1   | 0.051 |   1.100 |    3.754 | 
     | picorv32_core_g192207         | A ^ -> Y v  | NAND4XL   | 0.043 |   1.143 |    3.797 | 
     | picorv32_core_g191437__5477   | B0 v -> Y ^ | AOI211XL  | 0.049 |   1.192 |    3.846 | 
     | picorv32_core_g190726__2802   | D ^ -> Y v  | NAND4XL   | 0.057 |   1.249 |    3.903 | 
     | picorv32_core_g190684__2346   | B0 v -> Y ^ | AOI21X1   | 0.029 |   1.278 |    3.932 | 
     | picorv32_core_g190570__6260   | D ^ -> Y v  | NAND4XL   | 0.039 |   1.317 |    3.971 | 
     | picorv32_core_reg_op2_reg[13] | D v         | DFFHQX1   | 0.000 |   1.318 |    3.971 | 
     +--------------------------------------------------------------------------------------+ 
Path 21: MET Setup Check with Pin picorv32_core_reg_op2_reg[23]/CK 
Endpoint:   picorv32_core_reg_op2_reg[23]/D (v) checked with  leading edge of 
'clk'
Beginpoint: wb_rst_i                        (^) triggered by  leading edge of 
'clk'
Path Groups: {in2reg}
Analysis View: analysis1
Other End Arrival Time          0.000
- Setup                         0.008
+ Phase Shift                   4.000
- Uncertainty                   0.020
= Required Time                 3.972
- Arrival Time                  1.316
= Slack Time                    2.656
     Clock Rise Edge                      0.000
     + Input Delay                        0.500
     + Drive Adjustment                   0.069
     = Beginpoint Arrival Time            0.569
     +--------------------------------------------------------------------------------------+ 
     |           Instance            |     Arc     |   Cell    | Delay | Arrival | Required | 
     |                               |             |           |       |  Time   |   Time   | 
     |-------------------------------+-------------+-----------+-------+---------+----------| 
     |                               | wb_rst_i ^  |           |       |   0.569 |    3.226 | 
     | FE_OFC2_wb_rst_i              | A ^ -> Y ^  | BUFX2     | 0.111 |   0.681 |    3.337 | 
     | g490                          | A ^ -> Y v  | INVX2     | 0.105 |   0.786 |    3.442 | 
     | picorv32_core_g195312         | B v -> Y ^  | NAND2X1   | 0.043 |   0.829 |    3.485 | 
     | picorv32_core_g194880         | B0 ^ -> Y v | OAI2BB1X1 | 0.078 |   0.907 |    3.563 | 
     | picorv32_core_g194525         | A v -> Y v  | AND2X1    | 0.040 |   0.947 |    3.603 | 
     | picorv32_core_g194010         | B v -> Y v  | AND2X1    | 0.102 |   1.049 |    3.705 | 
     | picorv32_core_g193279         | A1 v -> Y ^ | AOI22X1   | 0.052 |   1.101 |    3.757 | 
     | picorv32_core_g192224         | A ^ -> Y v  | NAND4XL   | 0.052 |   1.153 |    3.809 | 
     | picorv32_core_g191447__2802   | B0 v -> Y ^ | AOI211XL  | 0.051 |   1.204 |    3.860 | 
     | picorv32_core_g190736__6161   | D ^ -> Y v  | NAND4XL   | 0.053 |   1.256 |    3.913 | 
     | picorv32_core_g190694__5526   | B0 v -> Y ^ | AOI21X1   | 0.027 |   1.284 |    3.940 | 
     | picorv32_core_g190582__6131   | D ^ -> Y v  | NAND4XL   | 0.032 |   1.316 |    3.972 | 
     | picorv32_core_reg_op2_reg[23] | D v         | DFFHQX1   | 0.000 |   1.316 |    3.972 | 
     +--------------------------------------------------------------------------------------+ 
Path 22: MET Setup Check with Pin picorv32_core_reg_op2_reg[19]/CK 
Endpoint:   picorv32_core_reg_op2_reg[19]/D (v) checked with  leading edge of 
'clk'
Beginpoint: wb_rst_i                        (^) triggered by  leading edge of 
'clk'
Path Groups: {in2reg}
Analysis View: analysis1
Other End Arrival Time          0.000
- Setup                         0.008
+ Phase Shift                   4.000
- Uncertainty                   0.020
= Required Time                 3.972
- Arrival Time                  1.312
= Slack Time                    2.661
     Clock Rise Edge                      0.000
     + Input Delay                        0.500
     + Drive Adjustment                   0.069
     = Beginpoint Arrival Time            0.569
     +--------------------------------------------------------------------------------------+ 
     |           Instance            |     Arc     |   Cell    | Delay | Arrival | Required | 
     |                               |             |           |       |  Time   |   Time   | 
     |-------------------------------+-------------+-----------+-------+---------+----------| 
     |                               | wb_rst_i ^  |           |       |   0.569 |    3.230 | 
     | FE_OFC2_wb_rst_i              | A ^ -> Y ^  | BUFX2     | 0.111 |   0.680 |    3.341 | 
     | g490                          | A ^ -> Y v  | INVX2     | 0.105 |   0.786 |    3.447 | 
     | picorv32_core_g195312         | B v -> Y ^  | NAND2X1   | 0.043 |   0.829 |    3.490 | 
     | picorv32_core_g194880         | B0 ^ -> Y v | OAI2BB1X1 | 0.078 |   0.907 |    3.568 | 
     | picorv32_core_g194525         | A v -> Y v  | AND2X1    | 0.040 |   0.947 |    3.608 | 
     | picorv32_core_g194010         | B v -> Y v  | AND2X1    | 0.102 |   1.049 |    3.710 | 
     | picorv32_core_g193238         | A1 v -> Y ^ | AOI22X1   | 0.053 |   1.101 |    3.762 | 
     | picorv32_core_g192218         | C ^ -> Y v  | NAND4XL   | 0.050 |   1.151 |    3.812 | 
     | picorv32_core_g191443__5526   | B0 v -> Y ^ | AOI211XL  | 0.043 |   1.194 |    3.855 | 
     | picorv32_core_g190732__1881   | D ^ -> Y v  | NAND4XL   | 0.057 |   1.251 |    3.912 | 
     | picorv32_core_g190690__5107   | B0 v -> Y ^ | AOI21X1   | 0.030 |   1.281 |    3.942 | 
     | picorv32_core_g190576__1617   | D ^ -> Y v  | NAND4XL   | 0.031 |   1.312 |    3.972 | 
     | picorv32_core_reg_op2_reg[19] | D v         | DFFHQX1   | 0.000 |   1.312 |    3.972 | 
     +--------------------------------------------------------------------------------------+ 
Path 23: MET Setup Check with Pin picorv32_core_reg_op2_reg[16]/CK 
Endpoint:   picorv32_core_reg_op2_reg[16]/D (v) checked with  leading edge of 
'clk'
Beginpoint: wb_rst_i                        (^) triggered by  leading edge of 
'clk'
Path Groups: {in2reg}
Analysis View: analysis1
Other End Arrival Time          0.000
- Setup                         0.007
+ Phase Shift                   4.000
- Uncertainty                   0.020
= Required Time                 3.973
- Arrival Time                  1.310
= Slack Time                    2.663
     Clock Rise Edge                      0.000
     + Input Delay                        0.500
     + Drive Adjustment                   0.069
     = Beginpoint Arrival Time            0.569
     +--------------------------------------------------------------------------------------+ 
     |           Instance            |     Arc     |   Cell    | Delay | Arrival | Required | 
     |                               |             |           |       |  Time   |   Time   | 
     |-------------------------------+-------------+-----------+-------+---------+----------| 
     |                               | wb_rst_i ^  |           |       |   0.569 |    3.232 | 
     | FE_OFC2_wb_rst_i              | A ^ -> Y ^  | BUFX2     | 0.111 |   0.680 |    3.343 | 
     | g490                          | A ^ -> Y v  | INVX2     | 0.105 |   0.786 |    3.449 | 
     | picorv32_core_g195312         | B v -> Y ^  | NAND2X1   | 0.043 |   0.829 |    3.492 | 
     | picorv32_core_g194880         | B0 ^ -> Y v | OAI2BB1X1 | 0.078 |   0.907 |    3.570 | 
     | picorv32_core_g194525         | A v -> Y v  | AND2X1    | 0.040 |   0.947 |    3.610 | 
     | picorv32_core_g194010         | B v -> Y v  | AND2X1    | 0.102 |   1.049 |    3.712 | 
     | picorv32_core_g193204         | A1 v -> Y ^ | AOI22X1   | 0.050 |   1.099 |    3.762 | 
     | picorv32_core_g192212         | A ^ -> Y v  | NAND4XL   | 0.054 |   1.153 |    3.816 | 
     | picorv32_core_g191440__6260   | B0 v -> Y ^ | AOI211XL  | 0.044 |   1.198 |    3.860 | 
     | picorv32_core_g190729__8246   | D ^ -> Y v  | NAND4XL   | 0.053 |   1.251 |    3.913 | 
     | picorv32_core_g190687__6417   | B0 v -> Y ^ | AOI21X1   | 0.029 |   1.280 |    3.943 | 
     | picorv32_core_g190573__5526   | D ^ -> Y v  | NAND4XL   | 0.030 |   1.310 |    3.973 | 
     | picorv32_core_reg_op2_reg[16] | D v         | DFFHQX1   | 0.000 |   1.310 |    3.973 | 
     +--------------------------------------------------------------------------------------+ 
Path 24: MET Setup Check with Pin picorv32_core_genblk2.pcpi_div_dividend_
reg[13]/CK 
Endpoint:   picorv32_core_genblk2.pcpi_div_dividend_reg[13]/D (^) checked with  
leading edge of 'clk'
Beginpoint: wb_rst_i                                          (v) triggered by  
leading edge of 'clk'
Path Groups: {in2reg}
Analysis View: analysis1
Other End Arrival Time          0.000
- Setup                         0.014
+ Phase Shift                   4.000
- Uncertainty                   0.020
= Required Time                 3.966
- Arrival Time                  1.299
= Slack Time                    2.666
     Clock Rise Edge                      0.000
     + Input Delay                        0.500
     + Drive Adjustment                   0.070
     = Beginpoint Arrival Time            0.570
     +---------------------------------------------------------------------------------------------------------+ 
     |                     Instance                     |     Arc     |   Cell    | Delay | Arrival | Required | 
     |                                                  |             |           |       |  Time   |   Time   | 
     |--------------------------------------------------+-------------+-----------+-------+---------+----------| 
     |                                                  | wb_rst_i v  |           |       |   0.570 |    3.236 | 
     | FE_OFC2_wb_rst_i                                 | A v -> Y v  | BUFX2     | 0.113 |   0.682 |    3.348 | 
     | g490                                             | A v -> Y ^  | INVX2     | 0.103 |   0.785 |    3.451 | 
     | picorv32_core_genblk2.pcpi_div_g14481            | B ^ -> Y ^  | AND3XL    | 0.123 |   0.908 |    3.574 | 
     | FE_OFC469_picorv32_core_genblk2_pcpi_div_n_14838 | A ^ -> Y ^  | BUFX2     | 0.099 |   1.007 |    3.673 | 
     | picorv32_core_genblk2.pcpi_div_g14480            | A ^ -> Y ^  | AND2X1    | 0.095 |   1.102 |    3.768 | 
     | picorv32_core_genblk2.pcpi_div_g14428            | B0 ^ -> Y ^ | AO21X1    | 0.116 |   1.218 |    3.884 | 
     | picorv32_core_genblk2.pcpi_div_g14222            | A1 ^ -> Y v | AOI22X1   | 0.063 |   1.282 |    3.948 | 
     | picorv32_core_genblk2.pcpi_div_g14142            | B0 v -> Y ^ | OAI2BB1X1 | 0.018 |   1.299 |    3.966 | 
     | picorv32_core_genblk2.pcpi_div_dividend_reg[13]  | D ^         | DFFHQX1   | 0.000 |   1.299 |    3.966 | 
     +---------------------------------------------------------------------------------------------------------+ 
Path 25: MET Setup Check with Pin picorv32_core_genblk2.pcpi_div_dividend_
reg[6]/CK 
Endpoint:   picorv32_core_genblk2.pcpi_div_dividend_reg[6]/D (^) checked with  
leading edge of 'clk'
Beginpoint: wb_rst_i                                         (v) triggered by  
leading edge of 'clk'
Path Groups: {in2reg}
Analysis View: analysis1
Other End Arrival Time          0.000
- Setup                         0.014
+ Phase Shift                   4.000
- Uncertainty                   0.020
= Required Time                 3.966
- Arrival Time                  1.299
= Slack Time                    2.666
     Clock Rise Edge                      0.000
     + Input Delay                        0.500
     + Drive Adjustment                   0.070
     = Beginpoint Arrival Time            0.570
     +---------------------------------------------------------------------------------------------------------+ 
     |                     Instance                     |     Arc     |   Cell    | Delay | Arrival | Required | 
     |                                                  |             |           |       |  Time   |   Time   | 
     |--------------------------------------------------+-------------+-----------+-------+---------+----------| 
     |                                                  | wb_rst_i v  |           |       |   0.570 |    3.236 | 
     | FE_OFC2_wb_rst_i                                 | A v -> Y v  | BUFX2     | 0.113 |   0.682 |    3.349 | 
     | g490                                             | A v -> Y ^  | INVX2     | 0.103 |   0.785 |    3.452 | 
     | picorv32_core_genblk2.pcpi_div_g14481            | B ^ -> Y ^  | AND3XL    | 0.123 |   0.908 |    3.575 | 
     | FE_OFC469_picorv32_core_genblk2_pcpi_div_n_14838 | A ^ -> Y ^  | BUFX2     | 0.099 |   1.007 |    3.673 | 
     | picorv32_core_genblk2.pcpi_div_g14480            | A ^ -> Y ^  | AND2X1    | 0.095 |   1.102 |    3.769 | 
     | picorv32_core_genblk2.pcpi_div_g14428            | B0 ^ -> Y ^ | AO21X1    | 0.116 |   1.218 |    3.885 | 
     | picorv32_core_genblk2.pcpi_div_g14215            | A1 ^ -> Y v | AOI22X1   | 0.062 |   1.281 |    3.947 | 
     | picorv32_core_genblk2.pcpi_div_g14134            | B0 v -> Y ^ | OAI2BB1X1 | 0.018 |   1.299 |    3.966 | 
     | picorv32_core_genblk2.pcpi_div_dividend_reg[6]   | D ^         | DFFHQX1   | 0.000 |   1.299 |    3.966 | 
     +---------------------------------------------------------------------------------------------------------+ 
Path 26: MET Setup Check with Pin picorv32_core_genblk2.pcpi_div_dividend_
reg[11]/CK 
Endpoint:   picorv32_core_genblk2.pcpi_div_dividend_reg[11]/D (^) checked with  
leading edge of 'clk'
Beginpoint: wb_rst_i                                          (v) triggered by  
leading edge of 'clk'
Path Groups: {in2reg}
Analysis View: analysis1
Other End Arrival Time          0.000
- Setup                         0.014
+ Phase Shift                   4.000
- Uncertainty                   0.020
= Required Time                 3.966
- Arrival Time                  1.298
= Slack Time                    2.668
     Clock Rise Edge                      0.000
     + Input Delay                        0.500
     + Drive Adjustment                   0.070
     = Beginpoint Arrival Time            0.570
     +---------------------------------------------------------------------------------------------------------+ 
     |                     Instance                     |     Arc     |   Cell    | Delay | Arrival | Required | 
     |                                                  |             |           |       |  Time   |   Time   | 
     |--------------------------------------------------+-------------+-----------+-------+---------+----------| 
     |                                                  | wb_rst_i v  |           |       |   0.570 |    3.238 | 
     | FE_OFC2_wb_rst_i                                 | A v -> Y v  | BUFX2     | 0.113 |   0.682 |    3.350 | 
     | g490                                             | A v -> Y ^  | INVX2     | 0.103 |   0.785 |    3.453 | 
     | picorv32_core_genblk2.pcpi_div_g14481            | B ^ -> Y ^  | AND3XL    | 0.123 |   0.908 |    3.576 | 
     | FE_OFC469_picorv32_core_genblk2_pcpi_div_n_14838 | A ^ -> Y ^  | BUFX2     | 0.099 |   1.007 |    3.675 | 
     | picorv32_core_genblk2.pcpi_div_g14480            | A ^ -> Y ^  | AND2X1    | 0.095 |   1.102 |    3.770 | 
     | picorv32_core_genblk2.pcpi_div_g14428            | B0 ^ -> Y ^ | AO21X1    | 0.116 |   1.218 |    3.886 | 
     | picorv32_core_genblk2.pcpi_div_g14220            | A1 ^ -> Y v | AOI22X1   | 0.061 |   1.280 |    3.948 | 
     | picorv32_core_genblk2.pcpi_div_g14124            | B0 v -> Y ^ | OAI2BB1X1 | 0.018 |   1.298 |    3.966 | 
     | picorv32_core_genblk2.pcpi_div_dividend_reg[11]  | D ^         | DFFHQX1   | 0.000 |   1.298 |    3.966 | 
     +---------------------------------------------------------------------------------------------------------+ 
Path 27: MET Setup Check with Pin picorv32_core_genblk2.pcpi_div_dividend_
reg[12]/CK 
Endpoint:   picorv32_core_genblk2.pcpi_div_dividend_reg[12]/D (^) checked with  
leading edge of 'clk'
Beginpoint: wb_rst_i                                          (v) triggered by  
leading edge of 'clk'
Path Groups: {in2reg}
Analysis View: analysis1
Other End Arrival Time          0.000
- Setup                         0.014
+ Phase Shift                   4.000
- Uncertainty                   0.020
= Required Time                 3.966
- Arrival Time                  1.298
= Slack Time                    2.668
     Clock Rise Edge                      0.000
     + Input Delay                        0.500
     + Drive Adjustment                   0.070
     = Beginpoint Arrival Time            0.570
     +---------------------------------------------------------------------------------------------------------+ 
     |                     Instance                     |     Arc     |   Cell    | Delay | Arrival | Required | 
     |                                                  |             |           |       |  Time   |   Time   | 
     |--------------------------------------------------+-------------+-----------+-------+---------+----------| 
     |                                                  | wb_rst_i v  |           |       |   0.570 |    3.238 | 
     | FE_OFC2_wb_rst_i                                 | A v -> Y v  | BUFX2     | 0.113 |   0.682 |    3.350 | 
     | g490                                             | A v -> Y ^  | INVX2     | 0.103 |   0.785 |    3.453 | 
     | picorv32_core_genblk2.pcpi_div_g14481            | B ^ -> Y ^  | AND3XL    | 0.123 |   0.908 |    3.576 | 
     | FE_OFC469_picorv32_core_genblk2_pcpi_div_n_14838 | A ^ -> Y ^  | BUFX2     | 0.099 |   1.007 |    3.675 | 
     | picorv32_core_genblk2.pcpi_div_g14480            | A ^ -> Y ^  | AND2X1    | 0.095 |   1.102 |    3.770 | 
     | picorv32_core_genblk2.pcpi_div_g14428            | B0 ^ -> Y ^ | AO21X1    | 0.116 |   1.218 |    3.886 | 
     | picorv32_core_genblk2.pcpi_div_g14205            | A1 ^ -> Y v | AOI22X1   | 0.062 |   1.281 |    3.949 | 
     | picorv32_core_genblk2.pcpi_div_g14140            | B0 v -> Y ^ | OAI2BB1X1 | 0.017 |   1.298 |    3.966 | 
     | picorv32_core_genblk2.pcpi_div_dividend_reg[12]  | D ^         | DFFHQX1   | 0.000 |   1.298 |    3.966 | 
     +---------------------------------------------------------------------------------------------------------+ 
Path 28: MET Setup Check with Pin picorv32_core_genblk2.pcpi_div_dividend_
reg[8]/CK 
Endpoint:   picorv32_core_genblk2.pcpi_div_dividend_reg[8]/D (^) checked with  
leading edge of 'clk'
Beginpoint: wb_rst_i                                         (v) triggered by  
leading edge of 'clk'
Path Groups: {in2reg}
Analysis View: analysis1
Other End Arrival Time          0.000
- Setup                         0.014
+ Phase Shift                   4.000
- Uncertainty                   0.020
= Required Time                 3.966
- Arrival Time                  1.298
= Slack Time                    2.668
     Clock Rise Edge                      0.000
     + Input Delay                        0.500
     + Drive Adjustment                   0.070
     = Beginpoint Arrival Time            0.570
     +---------------------------------------------------------------------------------------------------------+ 
     |                     Instance                     |     Arc     |   Cell    | Delay | Arrival | Required | 
     |                                                  |             |           |       |  Time   |   Time   | 
     |--------------------------------------------------+-------------+-----------+-------+---------+----------| 
     |                                                  | wb_rst_i v  |           |       |   0.570 |    3.238 | 
     | FE_OFC2_wb_rst_i                                 | A v -> Y v  | BUFX2     | 0.113 |   0.682 |    3.350 | 
     | g490                                             | A v -> Y ^  | INVX2     | 0.103 |   0.785 |    3.453 | 
     | picorv32_core_genblk2.pcpi_div_g14481            | B ^ -> Y ^  | AND3XL    | 0.123 |   0.908 |    3.576 | 
     | FE_OFC469_picorv32_core_genblk2_pcpi_div_n_14838 | A ^ -> Y ^  | BUFX2     | 0.099 |   1.007 |    3.675 | 
     | picorv32_core_genblk2.pcpi_div_g14480            | A ^ -> Y ^  | AND2X1    | 0.095 |   1.102 |    3.770 | 
     | picorv32_core_genblk2.pcpi_div_g14428            | B0 ^ -> Y ^ | AO21X1    | 0.116 |   1.218 |    3.886 | 
     | picorv32_core_genblk2.pcpi_div_g14216            | A1 ^ -> Y v | AOI22X1   | 0.062 |   1.280 |    3.948 | 
     | picorv32_core_genblk2.pcpi_div_g14135            | B0 v -> Y ^ | OAI2BB1X1 | 0.017 |   1.298 |    3.966 | 
     | picorv32_core_genblk2.pcpi_div_dividend_reg[8]   | D ^         | DFFHQX1   | 0.000 |   1.298 |    3.966 | 
     +---------------------------------------------------------------------------------------------------------+ 
Path 29: MET Setup Check with Pin picorv32_core_genblk2.pcpi_div_dividend_
reg[10]/CK 
Endpoint:   picorv32_core_genblk2.pcpi_div_dividend_reg[10]/D (^) checked with  
leading edge of 'clk'
Beginpoint: wb_rst_i                                          (v) triggered by  
leading edge of 'clk'
Path Groups: {in2reg}
Analysis View: analysis1
Other End Arrival Time          0.000
- Setup                         0.014
+ Phase Shift                   4.000
- Uncertainty                   0.020
= Required Time                 3.966
- Arrival Time                  1.298
= Slack Time                    2.668
     Clock Rise Edge                      0.000
     + Input Delay                        0.500
     + Drive Adjustment                   0.070
     = Beginpoint Arrival Time            0.570
     +---------------------------------------------------------------------------------------------------------+ 
     |                     Instance                     |     Arc     |   Cell    | Delay | Arrival | Required | 
     |                                                  |             |           |       |  Time   |   Time   | 
     |--------------------------------------------------+-------------+-----------+-------+---------+----------| 
     |                                                  | wb_rst_i v  |           |       |   0.570 |    3.238 | 
     | FE_OFC2_wb_rst_i                                 | A v -> Y v  | BUFX2     | 0.113 |   0.682 |    3.351 | 
     | g490                                             | A v -> Y ^  | INVX2     | 0.103 |   0.785 |    3.453 | 
     | picorv32_core_genblk2.pcpi_div_g14481            | B ^ -> Y ^  | AND3XL    | 0.123 |   0.908 |    3.576 | 
     | FE_OFC469_picorv32_core_genblk2_pcpi_div_n_14838 | A ^ -> Y ^  | BUFX2     | 0.099 |   1.007 |    3.675 | 
     | picorv32_core_genblk2.pcpi_div_g14480            | A ^ -> Y ^  | AND2X1    | 0.095 |   1.102 |    3.770 | 
     | picorv32_core_genblk2.pcpi_div_g14428            | B0 ^ -> Y ^ | AO21X1    | 0.116 |   1.218 |    3.887 | 
     | picorv32_core_genblk2.pcpi_div_g14219            | A1 ^ -> Y v | AOI22X1   | 0.061 |   1.280 |    3.948 | 
     | picorv32_core_genblk2.pcpi_div_g14138            | B0 v -> Y ^ | OAI2BB1X1 | 0.018 |   1.298 |    3.966 | 
     | picorv32_core_genblk2.pcpi_div_dividend_reg[10]  | D ^         | DFFHQX1   | 0.000 |   1.298 |    3.966 | 
     +---------------------------------------------------------------------------------------------------------+ 
Path 30: MET Setup Check with Pin picorv32_core_genblk2.pcpi_div_dividend_
reg[9]/CK 
Endpoint:   picorv32_core_genblk2.pcpi_div_dividend_reg[9]/D (^) checked with  
leading edge of 'clk'
Beginpoint: wb_rst_i                                         (v) triggered by  
leading edge of 'clk'
Path Groups: {in2reg}
Analysis View: analysis1
Other End Arrival Time          0.000
- Setup                         0.014
+ Phase Shift                   4.000
- Uncertainty                   0.020
= Required Time                 3.966
- Arrival Time                  1.297
= Slack Time                    2.669
     Clock Rise Edge                      0.000
     + Input Delay                        0.500
     + Drive Adjustment                   0.070
     = Beginpoint Arrival Time            0.570
     +---------------------------------------------------------------------------------------------------------+ 
     |                     Instance                     |     Arc     |   Cell    | Delay | Arrival | Required | 
     |                                                  |             |           |       |  Time   |   Time   | 
     |--------------------------------------------------+-------------+-----------+-------+---------+----------| 
     |                                                  | wb_rst_i v  |           |       |   0.570 |    3.238 | 
     | FE_OFC2_wb_rst_i                                 | A v -> Y v  | BUFX2     | 0.113 |   0.682 |    3.351 | 
     | g490                                             | A v -> Y ^  | INVX2     | 0.103 |   0.785 |    3.454 | 
     | picorv32_core_genblk2.pcpi_div_g14481            | B ^ -> Y ^  | AND3XL    | 0.123 |   0.908 |    3.577 | 
     | FE_OFC469_picorv32_core_genblk2_pcpi_div_n_14838 | A ^ -> Y ^  | BUFX2     | 0.099 |   1.007 |    3.675 | 
     | picorv32_core_genblk2.pcpi_div_g14480            | A ^ -> Y ^  | AND2X1    | 0.095 |   1.102 |    3.771 | 
     | picorv32_core_genblk2.pcpi_div_g14428            | B0 ^ -> Y ^ | AO21X1    | 0.116 |   1.218 |    3.887 | 
     | picorv32_core_genblk2.pcpi_div_g14218            | A1 ^ -> Y v | AOI22X1   | 0.061 |   1.280 |    3.948 | 
     | picorv32_core_genblk2.pcpi_div_g14136            | B0 v -> Y ^ | OAI2BB1X1 | 0.017 |   1.297 |    3.966 | 
     | picorv32_core_genblk2.pcpi_div_dividend_reg[9]   | D ^         | DFFHQX1   | 0.000 |   1.297 |    3.966 | 
     +---------------------------------------------------------------------------------------------------------+ 
Path 31: MET Setup Check with Pin picorv32_core_genblk2.pcpi_div_dividend_
reg[4]/CK 
Endpoint:   picorv32_core_genblk2.pcpi_div_dividend_reg[4]/D (^) checked with  
leading edge of 'clk'
Beginpoint: wb_rst_i                                         (v) triggered by  
leading edge of 'clk'
Path Groups: {in2reg}
Analysis View: analysis1
Other End Arrival Time          0.000
- Setup                         0.014
+ Phase Shift                   4.000
- Uncertainty                   0.020
= Required Time                 3.966
- Arrival Time                  1.297
= Slack Time                    2.669
     Clock Rise Edge                      0.000
     + Input Delay                        0.500
     + Drive Adjustment                   0.070
     = Beginpoint Arrival Time            0.570
     +---------------------------------------------------------------------------------------------------------+ 
     |                     Instance                     |     Arc     |   Cell    | Delay | Arrival | Required | 
     |                                                  |             |           |       |  Time   |   Time   | 
     |--------------------------------------------------+-------------+-----------+-------+---------+----------| 
     |                                                  | wb_rst_i v  |           |       |   0.570 |    3.239 | 
     | FE_OFC2_wb_rst_i                                 | A v -> Y v  | BUFX2     | 0.113 |   0.682 |    3.351 | 
     | g490                                             | A v -> Y ^  | INVX2     | 0.103 |   0.785 |    3.454 | 
     | picorv32_core_genblk2.pcpi_div_g14481            | B ^ -> Y ^  | AND3XL    | 0.123 |   0.908 |    3.577 | 
     | FE_OFC469_picorv32_core_genblk2_pcpi_div_n_14838 | A ^ -> Y ^  | BUFX2     | 0.099 |   1.007 |    3.676 | 
     | picorv32_core_genblk2.pcpi_div_g14480            | A ^ -> Y ^  | AND2X1    | 0.095 |   1.102 |    3.771 | 
     | picorv32_core_genblk2.pcpi_div_g14428            | B0 ^ -> Y ^ | AO21X1    | 0.116 |   1.218 |    3.887 | 
     | picorv32_core_genblk2.pcpi_div_g14213            | A1 ^ -> Y v | AOI22X1   | 0.061 |   1.280 |    3.948 | 
     | picorv32_core_genblk2.pcpi_div_g14132            | B0 v -> Y ^ | OAI2BB1X1 | 0.017 |   1.297 |    3.966 | 
     | picorv32_core_genblk2.pcpi_div_dividend_reg[4]   | D ^         | DFFHQX1   | 0.000 |   1.297 |    3.966 | 
     +---------------------------------------------------------------------------------------------------------+ 
Path 32: MET Setup Check with Pin picorv32_core_genblk2.pcpi_div_dividend_
reg[0]/CK 
Endpoint:   picorv32_core_genblk2.pcpi_div_dividend_reg[0]/D (^) checked with  
leading edge of 'clk'
Beginpoint: wb_rst_i                                         (v) triggered by  
leading edge of 'clk'
Path Groups: {in2reg}
Analysis View: analysis1
Other End Arrival Time          0.000
- Setup                         0.014
+ Phase Shift                   4.000
- Uncertainty                   0.020
= Required Time                 3.966
- Arrival Time                  1.296
= Slack Time                    2.669
     Clock Rise Edge                      0.000
     + Input Delay                        0.500
     + Drive Adjustment                   0.070
     = Beginpoint Arrival Time            0.570
     +---------------------------------------------------------------------------------------------------------+ 
     |                     Instance                     |     Arc     |   Cell    | Delay | Arrival | Required | 
     |                                                  |             |           |       |  Time   |   Time   | 
     |--------------------------------------------------+-------------+-----------+-------+---------+----------| 
     |                                                  | wb_rst_i v  |           |       |   0.570 |    3.239 | 
     | FE_OFC2_wb_rst_i                                 | A v -> Y v  | BUFX2     | 0.113 |   0.682 |    3.352 | 
     | g490                                             | A v -> Y ^  | INVX2     | 0.103 |   0.785 |    3.455 | 
     | picorv32_core_genblk2.pcpi_div_g14481            | B ^ -> Y ^  | AND3XL    | 0.123 |   0.908 |    3.578 | 
     | FE_OFC469_picorv32_core_genblk2_pcpi_div_n_14838 | A ^ -> Y ^  | BUFX2     | 0.099 |   1.007 |    3.676 | 
     | picorv32_core_genblk2.pcpi_div_g14480            | A ^ -> Y ^  | AND2X1    | 0.095 |   1.102 |    3.771 | 
     | picorv32_core_genblk2.pcpi_div_g14428            | B0 ^ -> Y ^ | AO21X1    | 0.116 |   1.218 |    3.888 | 
     | picorv32_core_genblk2.pcpi_div_g14209            | A1 ^ -> Y v | AOI22X1   | 0.061 |   1.279 |    3.948 | 
     | picorv32_core_genblk2.pcpi_div_g14128            | B0 v -> Y ^ | OAI2BB1X1 | 0.017 |   1.296 |    3.966 | 
     | picorv32_core_genblk2.pcpi_div_dividend_reg[0]   | D ^         | DFFHQX1   | 0.000 |   1.296 |    3.966 | 
     +---------------------------------------------------------------------------------------------------------+ 
Path 33: MET Setup Check with Pin picorv32_core_genblk2.pcpi_div_dividend_
reg[1]/CK 
Endpoint:   picorv32_core_genblk2.pcpi_div_dividend_reg[1]/D (^) checked with  
leading edge of 'clk'
Beginpoint: wb_rst_i                                         (v) triggered by  
leading edge of 'clk'
Path Groups: {in2reg}
Analysis View: analysis1
Other End Arrival Time          0.000
- Setup                         0.014
+ Phase Shift                   4.000
- Uncertainty                   0.020
= Required Time                 3.966
- Arrival Time                  1.296
= Slack Time                    2.669
     Clock Rise Edge                      0.000
     + Input Delay                        0.500
     + Drive Adjustment                   0.070
     = Beginpoint Arrival Time            0.570
     +---------------------------------------------------------------------------------------------------------+ 
     |                     Instance                     |     Arc     |   Cell    | Delay | Arrival | Required | 
     |                                                  |             |           |       |  Time   |   Time   | 
     |--------------------------------------------------+-------------+-----------+-------+---------+----------| 
     |                                                  | wb_rst_i v  |           |       |   0.570 |    3.239 | 
     | FE_OFC2_wb_rst_i                                 | A v -> Y v  | BUFX2     | 0.113 |   0.682 |    3.352 | 
     | g490                                             | A v -> Y ^  | INVX2     | 0.103 |   0.785 |    3.455 | 
     | picorv32_core_genblk2.pcpi_div_g14481            | B ^ -> Y ^  | AND3XL    | 0.123 |   0.908 |    3.578 | 
     | FE_OFC469_picorv32_core_genblk2_pcpi_div_n_14838 | A ^ -> Y ^  | BUFX2     | 0.099 |   1.007 |    3.676 | 
     | picorv32_core_genblk2.pcpi_div_g14480            | A ^ -> Y ^  | AND2X1    | 0.095 |   1.102 |    3.772 | 
     | picorv32_core_genblk2.pcpi_div_g14428            | B0 ^ -> Y ^ | AO21X1    | 0.116 |   1.218 |    3.888 | 
     | picorv32_core_genblk2.pcpi_div_g14210            | A1 ^ -> Y v | AOI22X1   | 0.061 |   1.279 |    3.948 | 
     | picorv32_core_genblk2.pcpi_div_g14130            | B0 v -> Y ^ | OAI2BB1X1 | 0.017 |   1.296 |    3.966 | 
     | picorv32_core_genblk2.pcpi_div_dividend_reg[1]   | D ^         | DFFHQX1   | 0.000 |   1.296 |    3.966 | 
     +---------------------------------------------------------------------------------------------------------+ 
Path 34: MET Setup Check with Pin picorv32_core_genblk2.pcpi_div_dividend_
reg[5]/CK 
Endpoint:   picorv32_core_genblk2.pcpi_div_dividend_reg[5]/D (^) checked with  
leading edge of 'clk'
Beginpoint: wb_rst_i                                         (v) triggered by  
leading edge of 'clk'
Path Groups: {in2reg}
Analysis View: analysis1
Other End Arrival Time          0.000
- Setup                         0.014
+ Phase Shift                   4.000
- Uncertainty                   0.020
= Required Time                 3.966
- Arrival Time                  1.296
= Slack Time                    2.670
     Clock Rise Edge                      0.000
     + Input Delay                        0.500
     + Drive Adjustment                   0.070
     = Beginpoint Arrival Time            0.570
     +---------------------------------------------------------------------------------------------------------+ 
     |                     Instance                     |     Arc     |   Cell    | Delay | Arrival | Required | 
     |                                                  |             |           |       |  Time   |   Time   | 
     |--------------------------------------------------+-------------+-----------+-------+---------+----------| 
     |                                                  | wb_rst_i v  |           |       |   0.570 |    3.239 | 
     | FE_OFC2_wb_rst_i                                 | A v -> Y v  | BUFX2     | 0.113 |   0.682 |    3.352 | 
     | g490                                             | A v -> Y ^  | INVX2     | 0.103 |   0.785 |    3.455 | 
     | picorv32_core_genblk2.pcpi_div_g14481            | B ^ -> Y ^  | AND3XL    | 0.123 |   0.908 |    3.578 | 
     | FE_OFC469_picorv32_core_genblk2_pcpi_div_n_14838 | A ^ -> Y ^  | BUFX2     | 0.099 |   1.007 |    3.676 | 
     | picorv32_core_genblk2.pcpi_div_g14480            | A ^ -> Y ^  | AND2X1    | 0.095 |   1.102 |    3.772 | 
     | picorv32_core_genblk2.pcpi_div_g14428            | B0 ^ -> Y ^ | AO21X1    | 0.116 |   1.218 |    3.888 | 
     | picorv32_core_genblk2.pcpi_div_g14214            | A1 ^ -> Y v | AOI22X1   | 0.060 |   1.279 |    3.948 | 
     | picorv32_core_genblk2.pcpi_div_g14133            | B0 v -> Y ^ | OAI2BB1X1 | 0.018 |   1.296 |    3.966 | 
     | picorv32_core_genblk2.pcpi_div_dividend_reg[5]   | D ^         | DFFHQX1   | 0.000 |   1.296 |    3.966 | 
     +---------------------------------------------------------------------------------------------------------+ 
Path 35: MET Setup Check with Pin picorv32_core_genblk2.pcpi_div_dividend_
reg[7]/CK 
Endpoint:   picorv32_core_genblk2.pcpi_div_dividend_reg[7]/D (^) checked with  
leading edge of 'clk'
Beginpoint: wb_rst_i                                         (v) triggered by  
leading edge of 'clk'
Path Groups: {in2reg}
Analysis View: analysis1
Other End Arrival Time          0.000
- Setup                         0.014
+ Phase Shift                   4.000
- Uncertainty                   0.020
= Required Time                 3.966
- Arrival Time                  1.296
= Slack Time                    2.670
     Clock Rise Edge                      0.000
     + Input Delay                        0.500
     + Drive Adjustment                   0.070
     = Beginpoint Arrival Time            0.570
     +---------------------------------------------------------------------------------------------------------+ 
     |                     Instance                     |     Arc     |   Cell    | Delay | Arrival | Required | 
     |                                                  |             |           |       |  Time   |   Time   | 
     |--------------------------------------------------+-------------+-----------+-------+---------+----------| 
     |                                                  | wb_rst_i v  |           |       |   0.570 |    3.239 | 
     | FE_OFC2_wb_rst_i                                 | A v -> Y v  | BUFX2     | 0.113 |   0.682 |    3.352 | 
     | g490                                             | A v -> Y ^  | INVX2     | 0.103 |   0.785 |    3.455 | 
     | picorv32_core_genblk2.pcpi_div_g14481            | B ^ -> Y ^  | AND3XL    | 0.123 |   0.908 |    3.578 | 
     | FE_OFC469_picorv32_core_genblk2_pcpi_div_n_14838 | A ^ -> Y ^  | BUFX2     | 0.099 |   1.007 |    3.676 | 
     | picorv32_core_genblk2.pcpi_div_g14480            | A ^ -> Y ^  | AND2X1    | 0.095 |   1.102 |    3.772 | 
     | picorv32_core_genblk2.pcpi_div_g14428            | B0 ^ -> Y ^ | AO21X1    | 0.116 |   1.218 |    3.888 | 
     | picorv32_core_genblk2.pcpi_div_g14217            | A1 ^ -> Y v | AOI22X1   | 0.061 |   1.279 |    3.949 | 
     | picorv32_core_genblk2.pcpi_div_g14137            | B0 v -> Y ^ | OAI2BB1X1 | 0.017 |   1.296 |    3.966 | 
     | picorv32_core_genblk2.pcpi_div_dividend_reg[7]   | D ^         | DFFHQX1   | 0.000 |   1.296 |    3.966 | 
     +---------------------------------------------------------------------------------------------------------+ 
Path 36: MET Setup Check with Pin picorv32_core_genblk2.pcpi_div_dividend_
reg[2]/CK 
Endpoint:   picorv32_core_genblk2.pcpi_div_dividend_reg[2]/D (^) checked with  
leading edge of 'clk'
Beginpoint: wb_rst_i                                         (v) triggered by  
leading edge of 'clk'
Path Groups: {in2reg}
Analysis View: analysis1
Other End Arrival Time          0.000
- Setup                         0.014
+ Phase Shift                   4.000
- Uncertainty                   0.020
= Required Time                 3.966
- Arrival Time                  1.296
= Slack Time                    2.670
     Clock Rise Edge                      0.000
     + Input Delay                        0.500
     + Drive Adjustment                   0.070
     = Beginpoint Arrival Time            0.570
     +---------------------------------------------------------------------------------------------------------+ 
     |                     Instance                     |     Arc     |   Cell    | Delay | Arrival | Required | 
     |                                                  |             |           |       |  Time   |   Time   | 
     |--------------------------------------------------+-------------+-----------+-------+---------+----------| 
     |                                                  | wb_rst_i v  |           |       |   0.570 |    3.240 | 
     | FE_OFC2_wb_rst_i                                 | A v -> Y v  | BUFX2     | 0.113 |   0.682 |    3.352 | 
     | g490                                             | A v -> Y ^  | INVX2     | 0.103 |   0.785 |    3.455 | 
     | picorv32_core_genblk2.pcpi_div_g14481            | B ^ -> Y ^  | AND3XL    | 0.123 |   0.908 |    3.578 | 
     | FE_OFC469_picorv32_core_genblk2_pcpi_div_n_14838 | A ^ -> Y ^  | BUFX2     | 0.099 |   1.007 |    3.677 | 
     | picorv32_core_genblk2.pcpi_div_g14480            | A ^ -> Y ^  | AND2X1    | 0.095 |   1.102 |    3.772 | 
     | picorv32_core_genblk2.pcpi_div_g14428            | B0 ^ -> Y ^ | AO21X1    | 0.116 |   1.218 |    3.888 | 
     | picorv32_core_genblk2.pcpi_div_g14211            | A1 ^ -> Y v | AOI22X1   | 0.060 |   1.279 |    3.948 | 
     | picorv32_core_genblk2.pcpi_div_g14129            | B0 v -> Y ^ | OAI2BB1X1 | 0.017 |   1.296 |    3.966 | 
     | picorv32_core_genblk2.pcpi_div_dividend_reg[2]   | D ^         | DFFHQX1   | 0.000 |   1.296 |    3.966 | 
     +---------------------------------------------------------------------------------------------------------+ 
Path 37: MET Setup Check with Pin picorv32_core_genblk2.pcpi_div_dividend_
reg[3]/CK 
Endpoint:   picorv32_core_genblk2.pcpi_div_dividend_reg[3]/D (^) checked with  
leading edge of 'clk'
Beginpoint: wb_rst_i                                         (v) triggered by  
leading edge of 'clk'
Path Groups: {in2reg}
Analysis View: analysis1
Other End Arrival Time          0.000
- Setup                         0.014
+ Phase Shift                   4.000
- Uncertainty                   0.020
= Required Time                 3.966
- Arrival Time                  1.296
= Slack Time                    2.670
     Clock Rise Edge                      0.000
     + Input Delay                        0.500
     + Drive Adjustment                   0.070
     = Beginpoint Arrival Time            0.570
     +---------------------------------------------------------------------------------------------------------+ 
     |                     Instance                     |     Arc     |   Cell    | Delay | Arrival | Required | 
     |                                                  |             |           |       |  Time   |   Time   | 
     |--------------------------------------------------+-------------+-----------+-------+---------+----------| 
     |                                                  | wb_rst_i v  |           |       |   0.570 |    3.240 | 
     | FE_OFC2_wb_rst_i                                 | A v -> Y v  | BUFX2     | 0.113 |   0.682 |    3.353 | 
     | g490                                             | A v -> Y ^  | INVX2     | 0.103 |   0.785 |    3.455 | 
     | picorv32_core_genblk2.pcpi_div_g14481            | B ^ -> Y ^  | AND3XL    | 0.123 |   0.908 |    3.578 | 
     | FE_OFC469_picorv32_core_genblk2_pcpi_div_n_14838 | A ^ -> Y ^  | BUFX2     | 0.099 |   1.007 |    3.677 | 
     | picorv32_core_genblk2.pcpi_div_g14480            | A ^ -> Y ^  | AND2X1    | 0.095 |   1.102 |    3.772 | 
     | picorv32_core_genblk2.pcpi_div_g14428            | B0 ^ -> Y ^ | AO21X1    | 0.116 |   1.218 |    3.889 | 
     | picorv32_core_genblk2.pcpi_div_g14212            | A1 ^ -> Y v | AOI22X1   | 0.060 |   1.279 |    3.949 | 
     | picorv32_core_genblk2.pcpi_div_g14131            | B0 v -> Y ^ | OAI2BB1X1 | 0.017 |   1.296 |    3.966 | 
     | picorv32_core_genblk2.pcpi_div_dividend_reg[3]   | D ^         | DFFHQX1   | 0.000 |   1.296 |    3.966 | 
     +---------------------------------------------------------------------------------------------------------+ 
Path 38: MET Setup Check with Pin picorv32_core_reg_op2_reg[21]/CK 
Endpoint:   picorv32_core_reg_op2_reg[21]/D (v) checked with  leading edge of 
'clk'
Beginpoint: wb_rst_i                        (^) triggered by  leading edge of 
'clk'
Path Groups: {in2reg}
Analysis View: analysis1
Other End Arrival Time          0.000
- Setup                         0.008
+ Phase Shift                   4.000
- Uncertainty                   0.020
= Required Time                 3.972
- Arrival Time                  1.301
= Slack Time                    2.671
     Clock Rise Edge                      0.000
     + Input Delay                        0.500
     + Drive Adjustment                   0.069
     = Beginpoint Arrival Time            0.569
     +--------------------------------------------------------------------------------------+ 
     |           Instance            |     Arc     |   Cell    | Delay | Arrival | Required | 
     |                               |             |           |       |  Time   |   Time   | 
     |-------------------------------+-------------+-----------+-------+---------+----------| 
     |                               | wb_rst_i ^  |           |       |   0.569 |    3.240 | 
     | FE_OFC2_wb_rst_i              | A ^ -> Y ^  | BUFX2     | 0.111 |   0.680 |    3.351 | 
     | g490                          | A ^ -> Y v  | INVX2     | 0.105 |   0.786 |    3.457 | 
     | picorv32_core_g195312         | B v -> Y ^  | NAND2X1   | 0.043 |   0.829 |    3.500 | 
     | picorv32_core_g194880         | B0 ^ -> Y v | OAI2BB1X1 | 0.078 |   0.907 |    3.578 | 
     | picorv32_core_g194525         | A v -> Y v  | AND2X1    | 0.040 |   0.947 |    3.618 | 
     | picorv32_core_g194010         | B v -> Y v  | AND2X1    | 0.102 |   1.049 |    3.720 | 
     | picorv32_core_g193252         | A1 v -> Y ^ | AOI22X1   | 0.051 |   1.100 |    3.771 | 
     | picorv32_core_g192189         | D ^ -> Y v  | NAND4XL   | 0.041 |   1.141 |    3.812 | 
     | picorv32_core_g191445__3680   | B0 v -> Y ^ | AOI211XL  | 0.048 |   1.189 |    3.860 | 
     | picorv32_core_g190734__7482   | D ^ -> Y v  | NAND4XL   | 0.052 |   1.241 |    3.912 | 
     | picorv32_core_g190692__4319   | B0 v -> Y ^ | AOI21X1   | 0.026 |   1.267 |    3.938 | 
     | picorv32_core_g190578__1705   | D ^ -> Y v  | NAND4XL   | 0.034 |   1.301 |    3.972 | 
     | picorv32_core_reg_op2_reg[21] | D v         | DFFHQX1   | 0.000 |   1.301 |    3.972 | 
     +--------------------------------------------------------------------------------------+ 
Path 39: MET Setup Check with Pin picorv32_core_reg_op2_reg[6]/CK 
Endpoint:   picorv32_core_reg_op2_reg[6]/D (v) checked with  leading edge of 
'clk'
Beginpoint: wb_rst_i                       (^) triggered by  leading edge of 
'clk'
Path Groups: {in2reg}
Analysis View: analysis1
Other End Arrival Time          0.000
- Setup                         0.008
+ Phase Shift                   4.000
- Uncertainty                   0.020
= Required Time                 3.972
- Arrival Time                  1.301
= Slack Time                    2.671
     Clock Rise Edge                      0.000
     + Input Delay                        0.500
     + Drive Adjustment                   0.069
     = Beginpoint Arrival Time            0.569
     +-------------------------------------------------------------------------------------+ 
     |           Instance           |     Arc     |   Cell    | Delay | Arrival | Required | 
     |                              |             |           |       |  Time   |   Time   | 
     |------------------------------+-------------+-----------+-------+---------+----------| 
     |                              | wb_rst_i ^  |           |       |   0.569 |    3.241 | 
     | FE_OFC2_wb_rst_i             | A ^ -> Y ^  | BUFX2     | 0.111 |   0.680 |    3.352 | 
     | g490                         | A ^ -> Y v  | INVX2     | 0.105 |   0.786 |    3.457 | 
     | picorv32_core_g195312        | B v -> Y ^  | NAND2X1   | 0.043 |   0.829 |    3.500 | 
     | picorv32_core_g194880        | B0 ^ -> Y v | OAI2BB1X1 | 0.078 |   0.907 |    3.578 | 
     | picorv32_core_g194525        | A v -> Y v  | AND2X1    | 0.040 |   0.947 |    3.618 | 
     | picorv32_core_g194010        | B v -> Y v  | AND2X1    | 0.102 |   1.049 |    3.720 | 
     | picorv32_core_g193094        | A1 v -> Y ^ | AOI22X1   | 0.049 |   1.097 |    3.769 | 
     | picorv32_core_g192193        | B ^ -> Y v  | NAND4XL   | 0.049 |   1.146 |    3.817 | 
     | picorv32_core_g191430__9315  | B0 v -> Y ^ | AOI211XL  | 0.046 |   1.193 |    3.864 | 
     | picorv32_core_g190719__6260  | D ^ -> Y v  | NAND4XL   | 0.051 |   1.244 |    3.915 | 
     | picorv32_core_g190677__5115  | B0 v -> Y ^ | AOI21X1   | 0.026 |   1.270 |    3.941 | 
     | picorv32_core_g190563__2346  | D ^ -> Y v  | NAND4XL   | 0.031 |   1.301 |    3.972 | 
     | picorv32_core_reg_op2_reg[6] | D v         | DFFHQX1   | 0.000 |   1.301 |    3.972 | 
     +-------------------------------------------------------------------------------------+ 
Path 40: MET Setup Check with Pin picorv32_core_reg_next_pc_reg[25]/CK 
Endpoint:   picorv32_core_reg_next_pc_reg[25]/D (^) checked with  leading edge 
of 'clk'
Beginpoint: wb_rst_i                            (v) triggered by  leading edge 
of 'clk'
Path Groups: {in2reg}
Analysis View: analysis1
Other End Arrival Time          0.000
- Setup                         0.014
+ Phase Shift                   4.000
- Uncertainty                   0.020
= Required Time                 3.966
- Arrival Time                  1.294
= Slack Time                    2.672
     Clock Rise Edge                      0.000
     + Input Delay                        0.500
     + Drive Adjustment                   0.070
     = Beginpoint Arrival Time            0.570
     +------------------------------------------------------------------------------------------+ 
     |             Instance              |     Arc     |   Cell    | Delay | Arrival | Required | 
     |                                   |             |           |       |  Time   |   Time   | 
     |-----------------------------------+-------------+-----------+-------+---------+----------| 
     |                                   | wb_rst_i v  |           |       |   0.570 |    3.241 | 
     | FE_OFC2_wb_rst_i                  | A v -> Y v  | BUFX2     | 0.113 |   0.682 |    3.354 | 
     | g490                              | A v -> Y ^  | INVX2     | 0.103 |   0.785 |    3.457 | 
     | FE_OFC736_resetn                  | A ^ -> Y ^  | BUFX2     | 0.111 |   0.896 |    3.568 | 
     | picorv32_core_g195570             | B ^ -> Y ^  | AND2X2    | 0.130 |   1.026 |    3.698 | 
     | picorv32_core_g195469             | A ^ -> Y v  | INVX1     | 0.054 |   1.080 |    3.752 | 
     | picorv32_core_g190268__1705       | B1 v -> Y ^ | OAI22X1   | 0.035 |   1.115 |    3.786 | 
     | picorv32_core_g196490             | AN ^ -> Y ^ | NOR2BX2   | 0.100 |   1.215 |    3.887 | 
     | picorv32_core_g190248__2883       | A1 ^ -> Y v | AOI22X1   | 0.062 |   1.277 |    3.949 | 
     | picorv32_core_g190217__6161       | B0 v -> Y ^ | OAI2BB1X1 | 0.017 |   1.294 |    3.966 | 
     | picorv32_core_reg_next_pc_reg[25] | D ^         | DFFHQX1   | 0.000 |   1.294 |    3.966 | 
     +------------------------------------------------------------------------------------------+ 
Path 41: MET Setup Check with Pin picorv32_core_genblk2.pcpi_div_dividend_
reg[29]/CK 
Endpoint:   picorv32_core_genblk2.pcpi_div_dividend_reg[29]/D (^) checked with  
leading edge of 'clk'
Beginpoint: wb_rst_i                                          (v) triggered by  
leading edge of 'clk'
Path Groups: {in2reg}
Analysis View: analysis1
Other End Arrival Time          0.000
- Setup                         0.014
+ Phase Shift                   4.000
- Uncertainty                   0.020
= Required Time                 3.966
- Arrival Time                  1.294
= Slack Time                    2.672
     Clock Rise Edge                      0.000
     + Input Delay                        0.500
     + Drive Adjustment                   0.070
     = Beginpoint Arrival Time            0.570
     +---------------------------------------------------------------------------------------------------------+ 
     |                     Instance                     |     Arc     |   Cell    | Delay | Arrival | Required | 
     |                                                  |             |           |       |  Time   |   Time   | 
     |--------------------------------------------------+-------------+-----------+-------+---------+----------| 
     |                                                  | wb_rst_i v  |           |       |   0.570 |    3.241 | 
     | FE_OFC2_wb_rst_i                                 | A v -> Y v  | BUFX2     | 0.113 |   0.682 |    3.354 | 
     | g490                                             | A v -> Y ^  | INVX2     | 0.103 |   0.785 |    3.457 | 
     | picorv32_core_genblk2.pcpi_div_g14481            | B ^ -> Y ^  | AND3XL    | 0.123 |   0.908 |    3.580 | 
     | FE_OFC469_picorv32_core_genblk2_pcpi_div_n_14838 | A ^ -> Y ^  | BUFX2     | 0.099 |   1.007 |    3.678 | 
     | picorv32_core_genblk2.pcpi_div_g14480            | A ^ -> Y ^  | AND2X1    | 0.095 |   1.102 |    3.774 | 
     | picorv32_core_genblk2.pcpi_div_g14428            | B0 ^ -> Y ^ | AO21X1    | 0.116 |   1.218 |    3.890 | 
     | picorv32_core_genblk2.pcpi_div_g14221            | A0 ^ -> Y v | AOI22X1   | 0.059 |   1.277 |    3.949 | 
     | picorv32_core_genblk2.pcpi_div_g14125            | B0 v -> Y ^ | OAI2BB1X1 | 0.017 |   1.294 |    3.966 | 
     | picorv32_core_genblk2.pcpi_div_dividend_reg[29]  | D ^         | DFFHQX1   | 0.000 |   1.294 |    3.966 | 
     +---------------------------------------------------------------------------------------------------------+ 
Path 42: MET Setup Check with Pin picorv32_core_genblk2.pcpi_div_dividend_
reg[28]/CK 
Endpoint:   picorv32_core_genblk2.pcpi_div_dividend_reg[28]/D (^) checked with  
leading edge of 'clk'
Beginpoint: wb_rst_i                                          (v) triggered by  
leading edge of 'clk'
Path Groups: {in2reg}
Analysis View: analysis1
Other End Arrival Time          0.000
- Setup                         0.014
+ Phase Shift                   4.000
- Uncertainty                   0.020
= Required Time                 3.966
- Arrival Time                  1.293
= Slack Time                    2.672
     Clock Rise Edge                      0.000
     + Input Delay                        0.500
     + Drive Adjustment                   0.070
     = Beginpoint Arrival Time            0.570
     +---------------------------------------------------------------------------------------------------------+ 
     |                     Instance                     |     Arc     |   Cell    | Delay | Arrival | Required | 
     |                                                  |             |           |       |  Time   |   Time   | 
     |--------------------------------------------------+-------------+-----------+-------+---------+----------| 
     |                                                  | wb_rst_i v  |           |       |   0.570 |    3.242 | 
     | FE_OFC2_wb_rst_i                                 | A v -> Y v  | BUFX2     | 0.113 |   0.682 |    3.355 | 
     | g490                                             | A v -> Y ^  | INVX2     | 0.103 |   0.785 |    3.458 | 
     | picorv32_core_genblk2.pcpi_div_g14481            | B ^ -> Y ^  | AND3XL    | 0.123 |   0.908 |    3.581 | 
     | FE_OFC469_picorv32_core_genblk2_pcpi_div_n_14838 | A ^ -> Y ^  | BUFX2     | 0.099 |   1.007 |    3.679 | 
     | picorv32_core_genblk2.pcpi_div_g14480            | A ^ -> Y ^  | AND2X1    | 0.095 |   1.102 |    3.774 | 
     | picorv32_core_genblk2.pcpi_div_g14428            | B0 ^ -> Y ^ | AO21X1    | 0.116 |   1.218 |    3.891 | 
     | picorv32_core_genblk2.pcpi_div_g14206            | A0 ^ -> Y v | AOI22X1   | 0.058 |   1.277 |    3.949 | 
     | picorv32_core_genblk2.pcpi_div_g14156            | B0 v -> Y ^ | OAI2BB1X1 | 0.017 |   1.293 |    3.966 | 
     | picorv32_core_genblk2.pcpi_div_dividend_reg[28]  | D ^         | DFFHQX1   | 0.000 |   1.293 |    3.966 | 
     +---------------------------------------------------------------------------------------------------------+ 
Path 43: MET Setup Check with Pin picorv32_core_irq_pending_reg[2]/CK 
Endpoint:   picorv32_core_irq_pending_reg[2]/D (^) checked with  leading edge 
of 'clk'
Beginpoint: wb_rst_i                           (v) triggered by  leading edge 
of 'clk'
Path Groups: {in2reg}
Analysis View: analysis1
Other End Arrival Time          0.000
- Setup                         0.014
+ Phase Shift                   4.000
- Uncertainty                   0.020
= Required Time                 3.966
- Arrival Time                  1.293
= Slack Time                    2.673
     Clock Rise Edge                      0.000
     + Input Delay                        0.500
     + Drive Adjustment                   0.070
     = Beginpoint Arrival Time            0.570
     +-----------------------------------------------------------------------------------------+ 
     |             Instance             |     Arc     |   Cell    | Delay | Arrival | Required | 
     |                                  |             |           |       |  Time   |   Time   | 
     |----------------------------------+-------------+-----------+-------+---------+----------| 
     |                                  | wb_rst_i v  |           |       |   0.570 |    3.242 | 
     | FE_OFC2_wb_rst_i                 | A v -> Y v  | BUFX2     | 0.113 |   0.682 |    3.355 | 
     | g490                             | A v -> Y ^  | INVX2     | 0.103 |   0.785 |    3.458 | 
     | FE_OFC736_resetn                 | A ^ -> Y ^  | BUFX2     | 0.111 |   0.897 |    3.569 | 
     | picorv32_core_g195570            | B ^ -> Y ^  | AND2X2    | 0.130 |   1.026 |    3.699 | 
     | picorv32_core_g195313            | B ^ -> Y v  | NAND2X1   | 0.052 |   1.078 |    3.751 | 
     | picorv32_core_g193794            | B0 v -> Y v | OA21X1    | 0.019 |   1.098 |    3.770 | 
     | picorv32_core_g193646            | A v -> Y v  | AND2X1    | 0.112 |   1.209 |    3.882 | 
     | picorv32_core_g192726            | B0 v -> Y ^ | OAI2BB1X1 | 0.047 |   1.257 |    3.929 | 
     | picorv32_core_g192336            | A1 ^ -> Y v | AOI21X1   | 0.025 |   1.282 |    3.954 | 
     | picorv32_core_g192244            | B0 v -> Y ^ | OAI2BB1X1 | 0.012 |   1.293 |    3.966 | 
     | picorv32_core_irq_pending_reg[2] | D ^         | DFFHQX1   | 0.000 |   1.293 |    3.966 | 
     +-----------------------------------------------------------------------------------------+ 
Path 44: MET Setup Check with Pin picorv32_core_genblk2.pcpi_div_dividend_
reg[24]/CK 
Endpoint:   picorv32_core_genblk2.pcpi_div_dividend_reg[24]/D (^) checked with  
leading edge of 'clk'
Beginpoint: wb_rst_i                                          (v) triggered by  
leading edge of 'clk'
Path Groups: {in2reg}
Analysis View: analysis1
Other End Arrival Time          0.000
- Setup                         0.014
+ Phase Shift                   4.000
- Uncertainty                   0.020
= Required Time                 3.966
- Arrival Time                  1.293
= Slack Time                    2.673
     Clock Rise Edge                      0.000
     + Input Delay                        0.500
     + Drive Adjustment                   0.070
     = Beginpoint Arrival Time            0.570
     +---------------------------------------------------------------------------------------------------------+ 
     |                     Instance                     |     Arc     |   Cell    | Delay | Arrival | Required | 
     |                                                  |             |           |       |  Time   |   Time   | 
     |--------------------------------------------------+-------------+-----------+-------+---------+----------| 
     |                                                  | wb_rst_i v  |           |       |   0.570 |    3.242 | 
     | FE_OFC2_wb_rst_i                                 | A v -> Y v  | BUFX2     | 0.113 |   0.682 |    3.355 | 
     | g490                                             | A v -> Y ^  | INVX2     | 0.103 |   0.785 |    3.458 | 
     | picorv32_core_genblk2.pcpi_div_g14481            | B ^ -> Y ^  | AND3XL    | 0.123 |   0.908 |    3.581 | 
     | FE_OFC469_picorv32_core_genblk2_pcpi_div_n_14838 | A ^ -> Y ^  | BUFX2     | 0.099 |   1.007 |    3.680 | 
     | picorv32_core_genblk2.pcpi_div_g14480            | A ^ -> Y ^  | AND2X1    | 0.095 |   1.102 |    3.775 | 
     | picorv32_core_genblk2.pcpi_div_g14428            | B0 ^ -> Y ^ | AO21X1    | 0.116 |   1.218 |    3.891 | 
     | picorv32_core_genblk2.pcpi_div_g14233            | A0 ^ -> Y v | AOI22X1   | 0.058 |   1.276 |    3.949 | 
     | picorv32_core_genblk2.pcpi_div_g14151            | B0 v -> Y ^ | OAI2BB1X1 | 0.017 |   1.293 |    3.966 | 
     | picorv32_core_genblk2.pcpi_div_dividend_reg[24]  | D ^         | DFFHQX1   | 0.000 |   1.293 |    3.966 | 
     +---------------------------------------------------------------------------------------------------------+ 
Path 45: MET Setup Check with Pin picorv32_core_genblk2.pcpi_div_dividend_
reg[22]/CK 
Endpoint:   picorv32_core_genblk2.pcpi_div_dividend_reg[22]/D (^) checked with  
leading edge of 'clk'
Beginpoint: wb_rst_i                                          (v) triggered by  
leading edge of 'clk'
Path Groups: {in2reg}
Analysis View: analysis1
Other End Arrival Time          0.000
- Setup                         0.014
+ Phase Shift                   4.000
- Uncertainty                   0.020
= Required Time                 3.966
- Arrival Time                  1.293
= Slack Time                    2.673
     Clock Rise Edge                      0.000
     + Input Delay                        0.500
     + Drive Adjustment                   0.070
     = Beginpoint Arrival Time            0.570
     +---------------------------------------------------------------------------------------------------------+ 
     |                     Instance                     |     Arc     |   Cell    | Delay | Arrival | Required | 
     |                                                  |             |           |       |  Time   |   Time   | 
     |--------------------------------------------------+-------------+-----------+-------+---------+----------| 
     |                                                  | wb_rst_i v  |           |       |   0.570 |    3.243 | 
     | FE_OFC2_wb_rst_i                                 | A v -> Y v  | BUFX2     | 0.113 |   0.682 |    3.355 | 
     | g490                                             | A v -> Y ^  | INVX2     | 0.103 |   0.785 |    3.458 | 
     | picorv32_core_genblk2.pcpi_div_g14481            | B ^ -> Y ^  | AND3XL    | 0.123 |   0.908 |    3.581 | 
     | FE_OFC469_picorv32_core_genblk2_pcpi_div_n_14838 | A ^ -> Y ^  | BUFX2     | 0.099 |   1.007 |    3.680 | 
     | picorv32_core_genblk2.pcpi_div_g14480            | A ^ -> Y ^  | AND2X1    | 0.095 |   1.102 |    3.775 | 
     | picorv32_core_genblk2.pcpi_div_g14428            | B0 ^ -> Y ^ | AO21X1    | 0.116 |   1.218 |    3.891 | 
     | picorv32_core_genblk2.pcpi_div_g14231            | A0 ^ -> Y v | AOI22X1   | 0.058 |   1.276 |    3.949 | 
     | picorv32_core_genblk2.pcpi_div_g14150            | B0 v -> Y ^ | OAI2BB1X1 | 0.016 |   1.293 |    3.966 | 
     | picorv32_core_genblk2.pcpi_div_dividend_reg[22]  | D ^         | DFFHQX1   | 0.000 |   1.293 |    3.966 | 
     +---------------------------------------------------------------------------------------------------------+ 
Path 46: MET Setup Check with Pin picorv32_core_genblk2.pcpi_div_dividend_
reg[21]/CK 
Endpoint:   picorv32_core_genblk2.pcpi_div_dividend_reg[21]/D (^) checked with  
leading edge of 'clk'
Beginpoint: wb_rst_i                                          (v) triggered by  
leading edge of 'clk'
Path Groups: {in2reg}
Analysis View: analysis1
Other End Arrival Time          0.000
- Setup                         0.014
+ Phase Shift                   4.000
- Uncertainty                   0.020
= Required Time                 3.966
- Arrival Time                  1.293
= Slack Time                    2.673
     Clock Rise Edge                      0.000
     + Input Delay                        0.500
     + Drive Adjustment                   0.070
     = Beginpoint Arrival Time            0.570
     +---------------------------------------------------------------------------------------------------------+ 
     |                     Instance                     |     Arc     |   Cell    | Delay | Arrival | Required | 
     |                                                  |             |           |       |  Time   |   Time   | 
     |--------------------------------------------------+-------------+-----------+-------+---------+----------| 
     |                                                  | wb_rst_i v  |           |       |   0.570 |    3.243 | 
     | FE_OFC2_wb_rst_i                                 | A v -> Y v  | BUFX2     | 0.113 |   0.682 |    3.355 | 
     | g490                                             | A v -> Y ^  | INVX2     | 0.103 |   0.785 |    3.458 | 
     | picorv32_core_genblk2.pcpi_div_g14481            | B ^ -> Y ^  | AND3XL    | 0.123 |   0.908 |    3.581 | 
     | FE_OFC469_picorv32_core_genblk2_pcpi_div_n_14838 | A ^ -> Y ^  | BUFX2     | 0.099 |   1.007 |    3.680 | 
     | picorv32_core_genblk2.pcpi_div_g14480            | A ^ -> Y ^  | AND2X1    | 0.095 |   1.102 |    3.775 | 
     | picorv32_core_genblk2.pcpi_div_g14428            | B0 ^ -> Y ^ | AO21X1    | 0.116 |   1.218 |    3.891 | 
     | picorv32_core_genblk2.pcpi_div_g14230            | A0 ^ -> Y v | AOI22X1   | 0.058 |   1.276 |    3.949 | 
     | picorv32_core_genblk2.pcpi_div_g14149            | B0 v -> Y ^ | OAI2BB1X1 | 0.016 |   1.293 |    3.966 | 
     | picorv32_core_genblk2.pcpi_div_dividend_reg[21]  | D ^         | DFFHQX1   | 0.000 |   1.293 |    3.966 | 
     +---------------------------------------------------------------------------------------------------------+ 
Path 47: MET Setup Check with Pin picorv32_core_genblk2.pcpi_div_dividend_
reg[25]/CK 
Endpoint:   picorv32_core_genblk2.pcpi_div_dividend_reg[25]/D (^) checked with  
leading edge of 'clk'
Beginpoint: wb_rst_i                                          (v) triggered by  
leading edge of 'clk'
Path Groups: {in2reg}
Analysis View: analysis1
Other End Arrival Time          0.000
- Setup                         0.014
+ Phase Shift                   4.000
- Uncertainty                   0.020
= Required Time                 3.966
- Arrival Time                  1.293
= Slack Time                    2.673
     Clock Rise Edge                      0.000
     + Input Delay                        0.500
     + Drive Adjustment                   0.070
     = Beginpoint Arrival Time            0.570
     +---------------------------------------------------------------------------------------------------------+ 
     |                     Instance                     |     Arc     |   Cell    | Delay | Arrival | Required | 
     |                                                  |             |           |       |  Time   |   Time   | 
     |--------------------------------------------------+-------------+-----------+-------+---------+----------| 
     |                                                  | wb_rst_i v  |           |       |   0.570 |    3.243 | 
     | FE_OFC2_wb_rst_i                                 | A v -> Y v  | BUFX2     | 0.113 |   0.682 |    3.356 | 
     | g490                                             | A v -> Y ^  | INVX2     | 0.103 |   0.785 |    3.458 | 
     | picorv32_core_genblk2.pcpi_div_g14481            | B ^ -> Y ^  | AND3XL    | 0.123 |   0.908 |    3.581 | 
     | FE_OFC469_picorv32_core_genblk2_pcpi_div_n_14838 | A ^ -> Y ^  | BUFX2     | 0.099 |   1.007 |    3.680 | 
     | picorv32_core_genblk2.pcpi_div_g14480            | A ^ -> Y ^  | AND2X1    | 0.095 |   1.102 |    3.775 | 
     | picorv32_core_genblk2.pcpi_div_g14428            | B0 ^ -> Y ^ | AO21X1    | 0.116 |   1.218 |    3.892 | 
     | picorv32_core_genblk2.pcpi_div_g14234            | A0 ^ -> Y v | AOI22X1   | 0.057 |   1.276 |    3.949 | 
     | picorv32_core_genblk2.pcpi_div_g14153            | B0 v -> Y ^ | OAI2BB1X1 | 0.017 |   1.293 |    3.966 | 
     | picorv32_core_genblk2.pcpi_div_dividend_reg[25]  | D ^         | DFFHQX1   | 0.000 |   1.293 |    3.966 | 
     +---------------------------------------------------------------------------------------------------------+ 
Path 48: MET Setup Check with Pin picorv32_core_genblk2.pcpi_div_dividend_
reg[20]/CK 
Endpoint:   picorv32_core_genblk2.pcpi_div_dividend_reg[20]/D (^) checked with  
leading edge of 'clk'
Beginpoint: wb_rst_i                                          (v) triggered by  
leading edge of 'clk'
Path Groups: {in2reg}
Analysis View: analysis1
Other End Arrival Time          0.000
- Setup                         0.014
+ Phase Shift                   4.000
- Uncertainty                   0.020
= Required Time                 3.966
- Arrival Time                  1.293
= Slack Time                    2.673
     Clock Rise Edge                      0.000
     + Input Delay                        0.500
     + Drive Adjustment                   0.070
     = Beginpoint Arrival Time            0.570
     +---------------------------------------------------------------------------------------------------------+ 
     |                     Instance                     |     Arc     |   Cell    | Delay | Arrival | Required | 
     |                                                  |             |           |       |  Time   |   Time   | 
     |--------------------------------------------------+-------------+-----------+-------+---------+----------| 
     |                                                  | wb_rst_i v  |           |       |   0.570 |    3.243 | 
     | FE_OFC2_wb_rst_i                                 | A v -> Y v  | BUFX2     | 0.113 |   0.682 |    3.356 | 
     | g490                                             | A v -> Y ^  | INVX2     | 0.103 |   0.785 |    3.459 | 
     | picorv32_core_genblk2.pcpi_div_g14481            | B ^ -> Y ^  | AND3XL    | 0.123 |   0.908 |    3.582 | 
     | FE_OFC469_picorv32_core_genblk2_pcpi_div_n_14838 | A ^ -> Y ^  | BUFX2     | 0.099 |   1.007 |    3.680 | 
     | picorv32_core_genblk2.pcpi_div_g14480            | A ^ -> Y ^  | AND2X1    | 0.095 |   1.102 |    3.775 | 
     | picorv32_core_genblk2.pcpi_div_g14428            | B0 ^ -> Y ^ | AO21X1    | 0.116 |   1.218 |    3.892 | 
     | picorv32_core_genblk2.pcpi_div_g14229            | A0 ^ -> Y v | AOI22X1   | 0.058 |   1.276 |    3.949 | 
     | picorv32_core_genblk2.pcpi_div_g14148            | B0 v -> Y ^ | OAI2BB1X1 | 0.016 |   1.293 |    3.966 | 
     | picorv32_core_genblk2.pcpi_div_dividend_reg[20]  | D ^         | DFFHQX1   | 0.000 |   1.293 |    3.966 | 
     +---------------------------------------------------------------------------------------------------------+ 
Path 49: MET Setup Check with Pin picorv32_core_genblk2.pcpi_div_dividend_
reg[18]/CK 
Endpoint:   picorv32_core_genblk2.pcpi_div_dividend_reg[18]/D (^) checked with  
leading edge of 'clk'
Beginpoint: wb_rst_i                                          (v) triggered by  
leading edge of 'clk'
Path Groups: {in2reg}
Analysis View: analysis1
Other End Arrival Time          0.000
- Setup                         0.014
+ Phase Shift                   4.000
- Uncertainty                   0.020
= Required Time                 3.966
- Arrival Time                  1.293
= Slack Time                    2.673
     Clock Rise Edge                      0.000
     + Input Delay                        0.500
     + Drive Adjustment                   0.070
     = Beginpoint Arrival Time            0.570
     +---------------------------------------------------------------------------------------------------------+ 
     |                     Instance                     |     Arc     |   Cell    | Delay | Arrival | Required | 
     |                                                  |             |           |       |  Time   |   Time   | 
     |--------------------------------------------------+-------------+-----------+-------+---------+----------| 
     |                                                  | wb_rst_i v  |           |       |   0.570 |    3.243 | 
     | FE_OFC2_wb_rst_i                                 | A v -> Y v  | BUFX2     | 0.113 |   0.682 |    3.356 | 
     | g490                                             | A v -> Y ^  | INVX2     | 0.103 |   0.785 |    3.459 | 
     | picorv32_core_genblk2.pcpi_div_g14481            | B ^ -> Y ^  | AND3XL    | 0.123 |   0.908 |    3.582 | 
     | FE_OFC469_picorv32_core_genblk2_pcpi_div_n_14838 | A ^ -> Y ^  | BUFX2     | 0.099 |   1.007 |    3.680 | 
     | picorv32_core_genblk2.pcpi_div_g14480            | A ^ -> Y ^  | AND2X1    | 0.095 |   1.102 |    3.775 | 
     | picorv32_core_genblk2.pcpi_div_g14428            | B0 ^ -> Y ^ | AO21X1    | 0.116 |   1.218 |    3.892 | 
     | picorv32_core_genblk2.pcpi_div_g14227            | A0 ^ -> Y v | AOI22X1   | 0.058 |   1.276 |    3.949 | 
     | picorv32_core_genblk2.pcpi_div_g14146            | B0 v -> Y ^ | OAI2BB1X1 | 0.016 |   1.293 |    3.966 | 
     | picorv32_core_genblk2.pcpi_div_dividend_reg[18]  | D ^         | DFFHQX1   | 0.000 |   1.293 |    3.966 | 
     +---------------------------------------------------------------------------------------------------------+ 
Path 50: MET Setup Check with Pin picorv32_core_genblk2.pcpi_div_dividend_
reg[30]/CK 
Endpoint:   picorv32_core_genblk2.pcpi_div_dividend_reg[30]/D (^) checked with  
leading edge of 'clk'
Beginpoint: wb_rst_i                                          (v) triggered by  
leading edge of 'clk'
Path Groups: {in2reg}
Analysis View: analysis1
Other End Arrival Time          0.000
- Setup                         0.014
+ Phase Shift                   4.000
- Uncertainty                   0.020
= Required Time                 3.966
- Arrival Time                  1.292
= Slack Time                    2.674
     Clock Rise Edge                      0.000
     + Input Delay                        0.500
     + Drive Adjustment                   0.070
     = Beginpoint Arrival Time            0.570
     +---------------------------------------------------------------------------------------------------------+ 
     |                     Instance                     |     Arc     |   Cell    | Delay | Arrival | Required | 
     |                                                  |             |           |       |  Time   |   Time   | 
     |--------------------------------------------------+-------------+-----------+-------+---------+----------| 
     |                                                  | wb_rst_i v  |           |       |   0.570 |    3.243 | 
     | FE_OFC2_wb_rst_i                                 | A v -> Y v  | BUFX2     | 0.113 |   0.682 |    3.356 | 
     | g490                                             | A v -> Y ^  | INVX2     | 0.103 |   0.785 |    3.459 | 
     | picorv32_core_genblk2.pcpi_div_g14481            | B ^ -> Y ^  | AND3XL    | 0.123 |   0.908 |    3.582 | 
     | FE_OFC469_picorv32_core_genblk2_pcpi_div_n_14838 | A ^ -> Y ^  | BUFX2     | 0.099 |   1.007 |    3.681 | 
     | picorv32_core_genblk2.pcpi_div_g14480            | A ^ -> Y ^  | AND2X1    | 0.095 |   1.102 |    3.776 | 
     | picorv32_core_genblk2.pcpi_div_g14428            | B0 ^ -> Y ^ | AO21X1    | 0.116 |   1.218 |    3.892 | 
     | picorv32_core_genblk2.pcpi_div_g14207            | A0 ^ -> Y v | AOI22X1   | 0.057 |   1.276 |    3.949 | 
     | picorv32_core_genblk2.pcpi_div_g14126            | B0 v -> Y ^ | OAI2BB1X1 | 0.016 |   1.292 |    3.966 | 
     | picorv32_core_genblk2.pcpi_div_dividend_reg[30]  | D ^         | DFFHQX1   | 0.000 |   1.292 |    3.966 | 
     +---------------------------------------------------------------------------------------------------------+ 

